graph_id,selected_ordering,selected_num_colors,node_id,order_position,target_score,source_file
ash85,INCIDENCE_DEGREE,4,38,0,1.0,data\processed\initial_graph_coloring_dataset\colpack_outputs_week15_extra_orderings\ash85_incidence_degree.txt
ash85,INCIDENCE_DEGREE,4,69,1,0.9880952380952381,data\processed\initial_graph_coloring_dataset\colpack_outputs_week15_extra_orderings\ash85_incidence_degree.txt
ash85,INCIDENCE_DEGREE,4,68,2,0.9761904761904762,data\processed\initial_graph_coloring_dataset\colpack_outputs_week15_extra_orderings\ash85_incidence_degree.txt
ash85,INCIDENCE_DEGREE,4,37,3,0.9642857142857143,data\processed\initial_graph_coloring_dataset\colpack_outputs_week15_extra_orderings\ash85_incidence_degree.txt
ash85,INCIDENCE_DEGREE,4,66,4,0.9523809523809523,data\processed\initial_graph_coloring_dataset\colpack_outputs_week15_extra_orderings\ash85_incidence_degree.txt
ash85,INCIDENCE_DEGREE,4,67,5,0.9404761904761905,data\processed\initial_graph_coloring_dataset\colpack_outputs_week15_extra_orderings\ash85_incidence_degree.txt
ash85,INCIDENCE_DEGREE,4,65,6,0.9285714285714286,data\processed\initial_graph_coloring_dataset\colpack_outputs_week15_extra_orderings\ash85_incidence_degree.txt
ash85,INCIDENCE_DEGREE,4,34,7,0.9166666666666666,data\processed\initial_graph_coloring_dataset\colpack_outputs_week15_extra_orderings\ash85_incidence_degree.txt
ash85,INCIDENCE_DEGREE,4,64,8,0.9047619047619048,data\processed\initial_graph_coloring_dataset\colpack_outputs_week15_extra_orderings\ash85_incidence_degree.txt
ash85,INCIDENCE_DEGREE,4,33,9,0.8928571428571429,data\processed\initial_graph_coloring_dataset\colpack_outputs_week15_extra_orderings\ash85_incidence_degree.txt
ash85,INCIDENCE_DEGREE,4,35,10,0.8809523809523809,data\processed\initial_graph_coloring_dataset\colpack_outputs_week15_extra_orderings\ash85_incidence_degree.txt
ash85,INCIDENCE_DEGREE,4,36,11,0.8690476190476191,data\processed\initial_graph_coloring_dataset\colpack_outputs_week15_extra_orderings\ash85_incidence_degree.txt
ash85,INCIDENCE_DEGREE,4,25,12,0.8571428571428571,data\processed\initial_graph_coloring_dataset\colpack_outputs_week15_extra_orderings\ash85_incidence_degree.txt
ash85,INCIDENCE_DEGREE,4,26,13,0.8452380952380952,data\processed\initial_graph_coloring_dataset\colpack_outputs_week15_extra_orderings\ash85_incidence_degree.txt
ash85,INCIDENCE_DEGREE,4,27,14,0.8333333333333334,data\processed\initial_graph_coloring_dataset\colpack_outputs_week15_extra_orderings\ash85_incidence_degree.txt
ash85,INCIDENCE_DEGREE,4,28,15,0.8214285714285714,data\processed\initial_graph_coloring_dataset\colpack_outputs_week15_extra_orderings\ash85_incidence_degree.txt
ash85,INCIDENCE_DEGREE,4,39,16,0.8095238095238095,data\processed\initial_graph_coloring_dataset\colpack_outputs_week15_extra_orderings\ash85_incidence_degree.txt
ash85,INCIDENCE_DEGREE,4,40,17,0.7976190476190477,data\processed\initial_graph_coloring_dataset\colpack_outputs_week15_extra_orderings\ash85_incidence_degree.txt
ash85,INCIDENCE_DEGREE,4,70,18,0.7857142857142857,data\processed\initial_graph_coloring_dataset\colpack_outputs_week15_extra_orderings\ash85_incidence_degree.txt
ash85,INCIDENCE_DEGREE,4,41,19,0.7738095238095238,data\processed\initial_graph_coloring_dataset\colpack_outputs_week15_extra_orderings\ash85_incidence_degree.txt
ash85,INCIDENCE_DEGREE,4,29,20,0.7619047619047619,data\processed\initial_graph_coloring_dataset\colpack_outputs_week15_extra_orderings\ash85_incidence_degree.txt
ash85,INCIDENCE_DEGREE,4,42,21,0.75,data\processed\initial_graph_coloring_dataset\colpack_outputs_week15_extra_orderings\ash85_incidence_degree.txt
ash85,INCIDENCE_DEGREE,4,49,22,0.7380952380952381,data\processed\initial_graph_coloring_dataset\colpack_outputs_week15_extra_orderings\ash85_incidence_degree.txt
ash85,INCIDENCE_DEGREE,4,71,23,0.7261904761904762,data\processed\initial_graph_coloring_dataset\colpack_outputs_week15_extra_orderings\ash85_incidence_degree.txt
ash85,INCIDENCE_DEGREE,4,72,24,0.7142857142857143,data\processed\initial_graph_coloring_dataset\colpack_outputs_week15_extra_orderings\ash85_incidence_degree.txt
ash85,INCIDENCE_DEGREE,4,50,25,0.7023809523809523,data\processed\initial_graph_coloring_dataset\colpack_outputs_week15_extra_orderings\ash85_incidence_degree.txt
ash85,INCIDENCE_DEGREE,4,60,26,0.6904761904761905,data\processed\initial_graph_coloring_dataset\colpack_outputs_week15_extra_orderings\ash85_incidence_degree.txt
ash85,INCIDENCE_DEGREE,4,61,27,0.6785714285714286,data\processed\initial_graph_coloring_dataset\colpack_outputs_week15_extra_orderings\ash85_incidence_degree.txt
ash85,INCIDENCE_DEGREE,4,77,28,0.6666666666666666,data\processed\initial_graph_coloring_dataset\colpack_outputs_week15_extra_orderings\ash85_incidence_degree.txt
ash85,INCIDENCE_DEGREE,4,75,29,0.6547619047619048,data\processed\initial_graph_coloring_dataset\colpack_outputs_week15_extra_orderings\ash85_incidence_degree.txt
ash85,INCIDENCE_DEGREE,4,73,30,0.6428571428571429,data\processed\initial_graph_coloring_dataset\colpack_outputs_week15_extra_orderings\ash85_incidence_degree.txt
ash85,INCIDENCE_DEGREE,4,74,31,0.6309523809523809,data\processed\initial_graph_coloring_dataset\colpack_outputs_week15_extra_orderings\ash85_incidence_degree.txt
ash85,INCIDENCE_DEGREE,4,76,32,0.6190476190476191,data\processed\initial_graph_coloring_dataset\colpack_outputs_week15_extra_orderings\ash85_incidence_degree.txt
ash85,INCIDENCE_DEGREE,4,78,33,0.6071428571428571,data\processed\initial_graph_coloring_dataset\colpack_outputs_week15_extra_orderings\ash85_incidence_degree.txt
ash85,INCIDENCE_DEGREE,4,58,34,0.5952380952380952,data\processed\initial_graph_coloring_dataset\colpack_outputs_week15_extra_orderings\ash85_incidence_degree.txt
ash85,INCIDENCE_DEGREE,4,59,35,0.5833333333333334,data\processed\initial_graph_coloring_dataset\colpack_outputs_week15_extra_orderings\ash85_incidence_degree.txt
ash85,INCIDENCE_DEGREE,4,48,36,0.5714285714285714,data\processed\initial_graph_coloring_dataset\colpack_outputs_week15_extra_orderings\ash85_incidence_degree.txt
ash85,INCIDENCE_DEGREE,4,30,37,0.5595238095238095,data\processed\initial_graph_coloring_dataset\colpack_outputs_week15_extra_orderings\ash85_incidence_degree.txt
ash85,INCIDENCE_DEGREE,4,47,38,0.5476190476190477,data\processed\initial_graph_coloring_dataset\colpack_outputs_week15_extra_orderings\ash85_incidence_degree.txt
ash85,INCIDENCE_DEGREE,4,16,39,0.5357142857142857,data\processed\initial_graph_coloring_dataset\colpack_outputs_week15_extra_orderings\ash85_incidence_degree.txt
ash85,INCIDENCE_DEGREE,4,17,40,0.5238095238095238,data\processed\initial_graph_coloring_dataset\colpack_outputs_week15_extra_orderings\ash85_incidence_degree.txt
ash85,INCIDENCE_DEGREE,4,18,41,0.5119047619047619,data\processed\initial_graph_coloring_dataset\colpack_outputs_week15_extra_orderings\ash85_incidence_degree.txt
ash85,INCIDENCE_DEGREE,4,14,42,0.5,data\processed\initial_graph_coloring_dataset\colpack_outputs_week15_extra_orderings\ash85_incidence_degree.txt
ash85,INCIDENCE_DEGREE,4,15,43,0.4880952380952381,data\processed\initial_graph_coloring_dataset\colpack_outputs_week15_extra_orderings\ash85_incidence_degree.txt
ash85,INCIDENCE_DEGREE,4,7,44,0.47619047619047616,data\processed\initial_graph_coloring_dataset\colpack_outputs_week15_extra_orderings\ash85_incidence_degree.txt
ash85,INCIDENCE_DEGREE,4,8,45,0.4642857142857143,data\processed\initial_graph_coloring_dataset\colpack_outputs_week15_extra_orderings\ash85_incidence_degree.txt
ash85,INCIDENCE_DEGREE,4,19,46,0.4523809523809524,data\processed\initial_graph_coloring_dataset\colpack_outputs_week15_extra_orderings\ash85_incidence_degree.txt
ash85,INCIDENCE_DEGREE,4,20,47,0.44047619047619047,data\processed\initial_graph_coloring_dataset\colpack_outputs_week15_extra_orderings\ash85_incidence_degree.txt
ash85,INCIDENCE_DEGREE,4,24,48,0.42857142857142855,data\processed\initial_graph_coloring_dataset\colpack_outputs_week15_extra_orderings\ash85_incidence_degree.txt
ash85,INCIDENCE_DEGREE,4,23,49,0.4166666666666667,data\processed\initial_graph_coloring_dataset\colpack_outputs_week15_extra_orderings\ash85_incidence_degree.txt
ash85,INCIDENCE_DEGREE,4,10,50,0.40476190476190477,data\processed\initial_graph_coloring_dataset\colpack_outputs_week15_extra_orderings\ash85_incidence_degree.txt
ash85,INCIDENCE_DEGREE,4,21,51,0.39285714285714285,data\processed\initial_graph_coloring_dataset\colpack_outputs_week15_extra_orderings\ash85_incidence_degree.txt
ash85,INCIDENCE_DEGREE,4,6,52,0.38095238095238093,data\processed\initial_graph_coloring_dataset\colpack_outputs_week15_extra_orderings\ash85_incidence_degree.txt
ash85,INCIDENCE_DEGREE,4,13,53,0.36904761904761907,data\processed\initial_graph_coloring_dataset\colpack_outputs_week15_extra_orderings\ash85_incidence_degree.txt
ash85,INCIDENCE_DEGREE,4,46,54,0.35714285714285715,data\processed\initial_graph_coloring_dataset\colpack_outputs_week15_extra_orderings\ash85_incidence_degree.txt
ash85,INCIDENCE_DEGREE,4,57,55,0.34523809523809523,data\processed\initial_graph_coloring_dataset\colpack_outputs_week15_extra_orderings\ash85_incidence_degree.txt
ash85,INCIDENCE_DEGREE,4,79,56,0.3333333333333333,data\processed\initial_graph_coloring_dataset\colpack_outputs_week15_extra_orderings\ash85_incidence_degree.txt
ash85,INCIDENCE_DEGREE,4,45,57,0.32142857142857145,data\processed\initial_graph_coloring_dataset\colpack_outputs_week15_extra_orderings\ash85_incidence_degree.txt
ash85,INCIDENCE_DEGREE,4,56,58,0.30952380952380953,data\processed\initial_graph_coloring_dataset\colpack_outputs_week15_extra_orderings\ash85_incidence_degree.txt
ash85,INCIDENCE_DEGREE,4,44,59,0.2976190476190476,data\processed\initial_graph_coloring_dataset\colpack_outputs_week15_extra_orderings\ash85_incidence_degree.txt
ash85,INCIDENCE_DEGREE,4,5,60,0.2857142857142857,data\processed\initial_graph_coloring_dataset\colpack_outputs_week15_extra_orderings\ash85_incidence_degree.txt
ash85,INCIDENCE_DEGREE,4,0,61,0.27380952380952384,data\processed\initial_graph_coloring_dataset\colpack_outputs_week15_extra_orderings\ash85_incidence_degree.txt
ash85,INCIDENCE_DEGREE,4,1,62,0.2619047619047619,data\processed\initial_graph_coloring_dataset\colpack_outputs_week15_extra_orderings\ash85_incidence_degree.txt
ash85,INCIDENCE_DEGREE,4,9,63,0.25,data\processed\initial_graph_coloring_dataset\colpack_outputs_week15_extra_orderings\ash85_incidence_degree.txt
ash85,INCIDENCE_DEGREE,4,3,64,0.23809523809523808,data\processed\initial_graph_coloring_dataset\colpack_outputs_week15_extra_orderings\ash85_incidence_degree.txt
ash85,INCIDENCE_DEGREE,4,11,65,0.2261904761904762,data\processed\initial_graph_coloring_dataset\colpack_outputs_week15_extra_orderings\ash85_incidence_degree.txt
ash85,INCIDENCE_DEGREE,4,22,66,0.21428571428571427,data\processed\initial_graph_coloring_dataset\colpack_outputs_week15_extra_orderings\ash85_incidence_degree.txt
ash85,INCIDENCE_DEGREE,4,4,67,0.20238095238095238,data\processed\initial_graph_coloring_dataset\colpack_outputs_week15_extra_orderings\ash85_incidence_degree.txt
ash85,INCIDENCE_DEGREE,4,2,68,0.19047619047619047,data\processed\initial_graph_coloring_dataset\colpack_outputs_week15_extra_orderings\ash85_incidence_degree.txt
ash85,INCIDENCE_DEGREE,4,31,69,0.17857142857142858,data\processed\initial_graph_coloring_dataset\colpack_outputs_week15_extra_orderings\ash85_incidence_degree.txt
ash85,INCIDENCE_DEGREE,4,63,70,0.16666666666666666,data\processed\initial_graph_coloring_dataset\colpack_outputs_week15_extra_orderings\ash85_incidence_degree.txt
ash85,INCIDENCE_DEGREE,4,32,71,0.15476190476190477,data\processed\initial_graph_coloring_dataset\colpack_outputs_week15_extra_orderings\ash85_incidence_degree.txt
ash85,INCIDENCE_DEGREE,4,62,72,0.14285714285714285,data\processed\initial_graph_coloring_dataset\colpack_outputs_week15_extra_orderings\ash85_incidence_degree.txt
ash85,INCIDENCE_DEGREE,4,12,73,0.13095238095238096,data\processed\initial_graph_coloring_dataset\colpack_outputs_week15_extra_orderings\ash85_incidence_degree.txt
ash85,INCIDENCE_DEGREE,4,43,74,0.11904761904761904,data\processed\initial_graph_coloring_dataset\colpack_outputs_week15_extra_orderings\ash85_incidence_degree.txt
ash85,INCIDENCE_DEGREE,4,51,75,0.10714285714285714,data\processed\initial_graph_coloring_dataset\colpack_outputs_week15_extra_orderings\ash85_incidence_degree.txt
ash85,INCIDENCE_DEGREE,4,80,76,0.09523809523809523,data\processed\initial_graph_coloring_dataset\colpack_outputs_week15_extra_orderings\ash85_incidence_degree.txt
ash85,INCIDENCE_DEGREE,4,53,77,0.08333333333333333,data\processed\initial_graph_coloring_dataset\colpack_outputs_week15_extra_orderings\ash85_incidence_degree.txt
ash85,INCIDENCE_DEGREE,4,55,78,0.07142857142857142,data\processed\initial_graph_coloring_dataset\colpack_outputs_week15_extra_orderings\ash85_incidence_degree.txt
ash85,INCIDENCE_DEGREE,4,81,79,0.05952380952380952,data\processed\initial_graph_coloring_dataset\colpack_outputs_week15_extra_orderings\ash85_incidence_degree.txt
ash85,INCIDENCE_DEGREE,4,82,80,0.047619047619047616,data\processed\initial_graph_coloring_dataset\colpack_outputs_week15_extra_orderings\ash85_incidence_degree.txt
ash85,INCIDENCE_DEGREE,4,54,81,0.03571428571428571,data\processed\initial_graph_coloring_dataset\colpack_outputs_week15_extra_orderings\ash85_incidence_degree.txt
ash85,INCIDENCE_DEGREE,4,52,82,0.023809523809523808,data\processed\initial_graph_coloring_dataset\colpack_outputs_week15_extra_orderings\ash85_incidence_degree.txt
ash85,INCIDENCE_DEGREE,4,84,83,0.011904761904761904,data\processed\initial_graph_coloring_dataset\colpack_outputs_week15_extra_orderings\ash85_incidence_degree.txt
ash85,INCIDENCE_DEGREE,4,83,84,0.0,data\processed\initial_graph_coloring_dataset\colpack_outputs_week15_extra_orderings\ash85_incidence_degree.txt
bcsstk01,DYNAMIC_LARGEST_FIRST,6,17,0,1.0,data\processed\initial_graph_coloring_dataset\colpack_outputs_week15_extra_orderings\bcsstk01_dynamic_largest_first.txt
bcsstk01,DYNAMIC_LARGEST_FIRST,6,14,1,0.9787234042553191,data\processed\initial_graph_coloring_dataset\colpack_outputs_week15_extra_orderings\bcsstk01_dynamic_largest_first.txt
bcsstk01,DYNAMIC_LARGEST_FIRST,6,15,2,0.9574468085106383,data\processed\initial_graph_coloring_dataset\colpack_outputs_week15_extra_orderings\bcsstk01_dynamic_largest_first.txt
bcsstk01,DYNAMIC_LARGEST_FIRST,6,16,3,0.9361702127659575,data\processed\initial_graph_coloring_dataset\colpack_outputs_week15_extra_orderings\bcsstk01_dynamic_largest_first.txt
bcsstk01,DYNAMIC_LARGEST_FIRST,6,13,4,0.9148936170212766,data\processed\initial_graph_coloring_dataset\colpack_outputs_week15_extra_orderings\bcsstk01_dynamic_largest_first.txt
bcsstk01,DYNAMIC_LARGEST_FIRST,6,12,5,0.8936170212765957,data\processed\initial_graph_coloring_dataset\colpack_outputs_week15_extra_orderings\bcsstk01_dynamic_largest_first.txt
bcsstk01,DYNAMIC_LARGEST_FIRST,6,34,6,0.8723404255319149,data\processed\initial_graph_coloring_dataset\colpack_outputs_week15_extra_orderings\bcsstk01_dynamic_largest_first.txt
bcsstk01,DYNAMIC_LARGEST_FIRST,6,35,7,0.851063829787234,data\processed\initial_graph_coloring_dataset\colpack_outputs_week15_extra_orderings\bcsstk01_dynamic_largest_first.txt
bcsstk01,DYNAMIC_LARGEST_FIRST,6,33,8,0.8297872340425532,data\processed\initial_graph_coloring_dataset\colpack_outputs_week15_extra_orderings\bcsstk01_dynamic_largest_first.txt
bcsstk01,DYNAMIC_LARGEST_FIRST,6,5,9,0.8085106382978723,data\processed\initial_graph_coloring_dataset\colpack_outputs_week15_extra_orderings\bcsstk01_dynamic_largest_first.txt
bcsstk01,DYNAMIC_LARGEST_FIRST,6,2,10,0.7872340425531915,data\processed\initial_graph_coloring_dataset\colpack_outputs_week15_extra_orderings\bcsstk01_dynamic_largest_first.txt
bcsstk01,DYNAMIC_LARGEST_FIRST,6,3,11,0.7659574468085106,data\processed\initial_graph_coloring_dataset\colpack_outputs_week15_extra_orderings\bcsstk01_dynamic_largest_first.txt
bcsstk01,DYNAMIC_LARGEST_FIRST,6,42,12,0.7446808510638298,data\processed\initial_graph_coloring_dataset\colpack_outputs_week15_extra_orderings\bcsstk01_dynamic_largest_first.txt
bcsstk01,DYNAMIC_LARGEST_FIRST,6,45,13,0.723404255319149,data\processed\initial_graph_coloring_dataset\colpack_outputs_week15_extra_orderings\bcsstk01_dynamic_largest_first.txt
bcsstk01,DYNAMIC_LARGEST_FIRST,6,0,14,0.7021276595744681,data\processed\initial_graph_coloring_dataset\colpack_outputs_week15_extra_orderings\bcsstk01_dynamic_largest_first.txt
bcsstk01,DYNAMIC_LARGEST_FIRST,6,1,15,0.6808510638297872,data\processed\initial_graph_coloring_dataset\colpack_outputs_week15_extra_orderings\bcsstk01_dynamic_largest_first.txt
bcsstk01,DYNAMIC_LARGEST_FIRST,6,4,16,0.6595744680851063,data\processed\initial_graph_coloring_dataset\colpack_outputs_week15_extra_orderings\bcsstk01_dynamic_largest_first.txt
bcsstk01,DYNAMIC_LARGEST_FIRST,6,30,17,0.6382978723404256,data\processed\initial_graph_coloring_dataset\colpack_outputs_week15_extra_orderings\bcsstk01_dynamic_largest_first.txt
bcsstk01,DYNAMIC_LARGEST_FIRST,6,32,18,0.6170212765957447,data\processed\initial_graph_coloring_dataset\colpack_outputs_week15_extra_orderings\bcsstk01_dynamic_largest_first.txt
bcsstk01,DYNAMIC_LARGEST_FIRST,6,31,19,0.5957446808510638,data\processed\initial_graph_coloring_dataset\colpack_outputs_week15_extra_orderings\bcsstk01_dynamic_largest_first.txt
bcsstk01,DYNAMIC_LARGEST_FIRST,6,44,20,0.574468085106383,data\processed\initial_graph_coloring_dataset\colpack_outputs_week15_extra_orderings\bcsstk01_dynamic_largest_first.txt
bcsstk01,DYNAMIC_LARGEST_FIRST,6,46,21,0.5531914893617021,data\processed\initial_graph_coloring_dataset\colpack_outputs_week15_extra_orderings\bcsstk01_dynamic_largest_first.txt
bcsstk01,DYNAMIC_LARGEST_FIRST,6,47,22,0.5319148936170213,data\processed\initial_graph_coloring_dataset\colpack_outputs_week15_extra_orderings\bcsstk01_dynamic_largest_first.txt
bcsstk01,DYNAMIC_LARGEST_FIRST,6,39,23,0.5106382978723404,data\processed\initial_graph_coloring_dataset\colpack_outputs_week15_extra_orderings\bcsstk01_dynamic_largest_first.txt
bcsstk01,DYNAMIC_LARGEST_FIRST,6,19,24,0.48936170212765956,data\processed\initial_graph_coloring_dataset\colpack_outputs_week15_extra_orderings\bcsstk01_dynamic_largest_first.txt
bcsstk01,DYNAMIC_LARGEST_FIRST,6,18,25,0.46808510638297873,data\processed\initial_graph_coloring_dataset\colpack_outputs_week15_extra_orderings\bcsstk01_dynamic_largest_first.txt
bcsstk01,DYNAMIC_LARGEST_FIRST,6,36,26,0.44680851063829785,data\processed\initial_graph_coloring_dataset\colpack_outputs_week15_extra_orderings\bcsstk01_dynamic_largest_first.txt
bcsstk01,DYNAMIC_LARGEST_FIRST,6,37,27,0.425531914893617,data\processed\initial_graph_coloring_dataset\colpack_outputs_week15_extra_orderings\bcsstk01_dynamic_largest_first.txt
bcsstk01,DYNAMIC_LARGEST_FIRST,6,20,28,0.40425531914893614,data\processed\initial_graph_coloring_dataset\colpack_outputs_week15_extra_orderings\bcsstk01_dynamic_largest_first.txt
bcsstk01,DYNAMIC_LARGEST_FIRST,6,27,29,0.3829787234042553,data\processed\initial_graph_coloring_dataset\colpack_outputs_week15_extra_orderings\bcsstk01_dynamic_largest_first.txt
bcsstk01,DYNAMIC_LARGEST_FIRST,6,8,30,0.3617021276595745,data\processed\initial_graph_coloring_dataset\colpack_outputs_week15_extra_orderings\bcsstk01_dynamic_largest_first.txt
bcsstk01,DYNAMIC_LARGEST_FIRST,6,24,31,0.3404255319148936,data\processed\initial_graph_coloring_dataset\colpack_outputs_week15_extra_orderings\bcsstk01_dynamic_largest_first.txt
bcsstk01,DYNAMIC_LARGEST_FIRST,6,6,32,0.3191489361702128,data\processed\initial_graph_coloring_dataset\colpack_outputs_week15_extra_orderings\bcsstk01_dynamic_largest_first.txt
bcsstk01,DYNAMIC_LARGEST_FIRST,6,7,33,0.2978723404255319,data\processed\initial_graph_coloring_dataset\colpack_outputs_week15_extra_orderings\bcsstk01_dynamic_largest_first.txt
bcsstk01,DYNAMIC_LARGEST_FIRST,6,40,34,0.2765957446808511,data\processed\initial_graph_coloring_dataset\colpack_outputs_week15_extra_orderings\bcsstk01_dynamic_largest_first.txt
bcsstk01,DYNAMIC_LARGEST_FIRST,6,38,35,0.2553191489361702,data\processed\initial_graph_coloring_dataset\colpack_outputs_week15_extra_orderings\bcsstk01_dynamic_largest_first.txt
bcsstk01,DYNAMIC_LARGEST_FIRST,6,11,36,0.23404255319148937,data\processed\initial_graph_coloring_dataset\colpack_outputs_week15_extra_orderings\bcsstk01_dynamic_largest_first.txt
bcsstk01,DYNAMIC_LARGEST_FIRST,6,9,37,0.2127659574468085,data\processed\initial_graph_coloring_dataset\colpack_outputs_week15_extra_orderings\bcsstk01_dynamic_largest_first.txt
bcsstk01,DYNAMIC_LARGEST_FIRST,6,10,38,0.19148936170212766,data\processed\initial_graph_coloring_dataset\colpack_outputs_week15_extra_orderings\bcsstk01_dynamic_largest_first.txt
bcsstk01,DYNAMIC_LARGEST_FIRST,6,29,39,0.1702127659574468,data\processed\initial_graph_coloring_dataset\colpack_outputs_week15_extra_orderings\bcsstk01_dynamic_largest_first.txt
bcsstk01,DYNAMIC_LARGEST_FIRST,6,28,40,0.14893617021276595,data\processed\initial_graph_coloring_dataset\colpack_outputs_week15_extra_orderings\bcsstk01_dynamic_largest_first.txt
bcsstk01,DYNAMIC_LARGEST_FIRST,6,26,41,0.1276595744680851,data\processed\initial_graph_coloring_dataset\colpack_outputs_week15_extra_orderings\bcsstk01_dynamic_largest_first.txt
bcsstk01,DYNAMIC_LARGEST_FIRST,6,25,42,0.10638297872340426,data\processed\initial_graph_coloring_dataset\colpack_outputs_week15_extra_orderings\bcsstk01_dynamic_largest_first.txt
bcsstk01,DYNAMIC_LARGEST_FIRST,6,22,43,0.0851063829787234,data\processed\initial_graph_coloring_dataset\colpack_outputs_week15_extra_orderings\bcsstk01_dynamic_largest_first.txt
bcsstk01,DYNAMIC_LARGEST_FIRST,6,21,44,0.06382978723404255,data\processed\initial_graph_coloring_dataset\colpack_outputs_week15_extra_orderings\bcsstk01_dynamic_largest_first.txt
bcsstk01,DYNAMIC_LARGEST_FIRST,6,43,45,0.0425531914893617,data\processed\initial_graph_coloring_dataset\colpack_outputs_week15_extra_orderings\bcsstk01_dynamic_largest_first.txt
bcsstk01,DYNAMIC_LARGEST_FIRST,6,41,46,0.02127659574468085,data\processed\initial_graph_coloring_dataset\colpack_outputs_week15_extra_orderings\bcsstk01_dynamic_largest_first.txt
bcsstk01,DYNAMIC_LARGEST_FIRST,6,23,47,0.0,data\processed\initial_graph_coloring_dataset\colpack_outputs_week15_extra_orderings\bcsstk01_dynamic_largest_first.txt
bcsstk03,DYNAMIC_LARGEST_FIRST,4,107,0,1.0,data\processed\initial_graph_coloring_dataset\colpack_outputs_week15_extra_orderings\bcsstk03_dynamic_largest_first.txt
bcsstk03,DYNAMIC_LARGEST_FIRST,4,105,1,0.990990990990991,data\processed\initial_graph_coloring_dataset\colpack_outputs_week15_extra_orderings\bcsstk03_dynamic_largest_first.txt
bcsstk03,DYNAMIC_LARGEST_FIRST,4,99,2,0.9819819819819819,data\processed\initial_graph_coloring_dataset\colpack_outputs_week15_extra_orderings\bcsstk03_dynamic_largest_first.txt
bcsstk03,DYNAMIC_LARGEST_FIRST,4,97,3,0.972972972972973,data\processed\initial_graph_coloring_dataset\colpack_outputs_week15_extra_orderings\bcsstk03_dynamic_largest_first.txt
bcsstk03,DYNAMIC_LARGEST_FIRST,4,91,4,0.963963963963964,data\processed\initial_graph_coloring_dataset\colpack_outputs_week15_extra_orderings\bcsstk03_dynamic_largest_first.txt
bcsstk03,DYNAMIC_LARGEST_FIRST,4,89,5,0.954954954954955,data\processed\initial_graph_coloring_dataset\colpack_outputs_week15_extra_orderings\bcsstk03_dynamic_largest_first.txt
bcsstk03,DYNAMIC_LARGEST_FIRST,4,83,6,0.9459459459459459,data\processed\initial_graph_coloring_dataset\colpack_outputs_week15_extra_orderings\bcsstk03_dynamic_largest_first.txt
bcsstk03,DYNAMIC_LARGEST_FIRST,4,81,7,0.9369369369369369,data\processed\initial_graph_coloring_dataset\colpack_outputs_week15_extra_orderings\bcsstk03_dynamic_largest_first.txt
bcsstk03,DYNAMIC_LARGEST_FIRST,4,75,8,0.9279279279279279,data\processed\initial_graph_coloring_dataset\colpack_outputs_week15_extra_orderings\bcsstk03_dynamic_largest_first.txt
bcsstk03,DYNAMIC_LARGEST_FIRST,4,73,9,0.918918918918919,data\processed\initial_graph_coloring_dataset\colpack_outputs_week15_extra_orderings\bcsstk03_dynamic_largest_first.txt
bcsstk03,DYNAMIC_LARGEST_FIRST,4,67,10,0.9099099099099099,data\processed\initial_graph_coloring_dataset\colpack_outputs_week15_extra_orderings\bcsstk03_dynamic_largest_first.txt
bcsstk03,DYNAMIC_LARGEST_FIRST,4,65,11,0.9009009009009009,data\processed\initial_graph_coloring_dataset\colpack_outputs_week15_extra_orderings\bcsstk03_dynamic_largest_first.txt
bcsstk03,DYNAMIC_LARGEST_FIRST,4,59,12,0.8918918918918919,data\processed\initial_graph_coloring_dataset\colpack_outputs_week15_extra_orderings\bcsstk03_dynamic_largest_first.txt
bcsstk03,DYNAMIC_LARGEST_FIRST,4,57,13,0.8828828828828829,data\processed\initial_graph_coloring_dataset\colpack_outputs_week15_extra_orderings\bcsstk03_dynamic_largest_first.txt
bcsstk03,DYNAMIC_LARGEST_FIRST,4,51,14,0.8738738738738738,data\processed\initial_graph_coloring_dataset\colpack_outputs_week15_extra_orderings\bcsstk03_dynamic_largest_first.txt
bcsstk03,DYNAMIC_LARGEST_FIRST,4,49,15,0.8648648648648649,data\processed\initial_graph_coloring_dataset\colpack_outputs_week15_extra_orderings\bcsstk03_dynamic_largest_first.txt
bcsstk03,DYNAMIC_LARGEST_FIRST,4,43,16,0.8558558558558559,data\processed\initial_graph_coloring_dataset\colpack_outputs_week15_extra_orderings\bcsstk03_dynamic_largest_first.txt
bcsstk03,DYNAMIC_LARGEST_FIRST,4,41,17,0.8468468468468469,data\processed\initial_graph_coloring_dataset\colpack_outputs_week15_extra_orderings\bcsstk03_dynamic_largest_first.txt
bcsstk03,DYNAMIC_LARGEST_FIRST,4,35,18,0.8378378378378378,data\processed\initial_graph_coloring_dataset\colpack_outputs_week15_extra_orderings\bcsstk03_dynamic_largest_first.txt
bcsstk03,DYNAMIC_LARGEST_FIRST,4,33,19,0.8288288288288288,data\processed\initial_graph_coloring_dataset\colpack_outputs_week15_extra_orderings\bcsstk03_dynamic_largest_first.txt
bcsstk03,DYNAMIC_LARGEST_FIRST,4,27,20,0.8198198198198198,data\processed\initial_graph_coloring_dataset\colpack_outputs_week15_extra_orderings\bcsstk03_dynamic_largest_first.txt
bcsstk03,DYNAMIC_LARGEST_FIRST,4,25,21,0.8108108108108109,data\processed\initial_graph_coloring_dataset\colpack_outputs_week15_extra_orderings\bcsstk03_dynamic_largest_first.txt
bcsstk03,DYNAMIC_LARGEST_FIRST,4,11,22,0.8018018018018018,data\processed\initial_graph_coloring_dataset\colpack_outputs_week15_extra_orderings\bcsstk03_dynamic_largest_first.txt
bcsstk03,DYNAMIC_LARGEST_FIRST,4,9,23,0.7927927927927928,data\processed\initial_graph_coloring_dataset\colpack_outputs_week15_extra_orderings\bcsstk03_dynamic_largest_first.txt
bcsstk03,DYNAMIC_LARGEST_FIRST,4,5,24,0.7837837837837838,data\processed\initial_graph_coloring_dataset\colpack_outputs_week15_extra_orderings\bcsstk03_dynamic_largest_first.txt
bcsstk03,DYNAMIC_LARGEST_FIRST,4,48,25,0.7747747747747747,data\processed\initial_graph_coloring_dataset\colpack_outputs_week15_extra_orderings\bcsstk03_dynamic_largest_first.txt
bcsstk03,DYNAMIC_LARGEST_FIRST,4,66,26,0.7657657657657657,data\processed\initial_graph_coloring_dataset\colpack_outputs_week15_extra_orderings\bcsstk03_dynamic_largest_first.txt
bcsstk03,DYNAMIC_LARGEST_FIRST,4,40,27,0.7567567567567568,data\processed\initial_graph_coloring_dataset\colpack_outputs_week15_extra_orderings\bcsstk03_dynamic_largest_first.txt
bcsstk03,DYNAMIC_LARGEST_FIRST,4,58,28,0.7477477477477478,data\processed\initial_graph_coloring_dataset\colpack_outputs_week15_extra_orderings\bcsstk03_dynamic_largest_first.txt
bcsstk03,DYNAMIC_LARGEST_FIRST,4,64,29,0.7387387387387387,data\processed\initial_graph_coloring_dataset\colpack_outputs_week15_extra_orderings\bcsstk03_dynamic_largest_first.txt
bcsstk03,DYNAMIC_LARGEST_FIRST,4,34,30,0.7297297297297297,data\processed\initial_graph_coloring_dataset\colpack_outputs_week15_extra_orderings\bcsstk03_dynamic_largest_first.txt
bcsstk03,DYNAMIC_LARGEST_FIRST,4,56,31,0.7207207207207207,data\processed\initial_graph_coloring_dataset\colpack_outputs_week15_extra_orderings\bcsstk03_dynamic_largest_first.txt
bcsstk03,DYNAMIC_LARGEST_FIRST,4,106,32,0.7117117117117117,data\processed\initial_graph_coloring_dataset\colpack_outputs_week15_extra_orderings\bcsstk03_dynamic_largest_first.txt
bcsstk03,DYNAMIC_LARGEST_FIRST,4,88,33,0.7027027027027027,data\processed\initial_graph_coloring_dataset\colpack_outputs_week15_extra_orderings\bcsstk03_dynamic_largest_first.txt
bcsstk03,DYNAMIC_LARGEST_FIRST,4,98,34,0.6936936936936937,data\processed\initial_graph_coloring_dataset\colpack_outputs_week15_extra_orderings\bcsstk03_dynamic_largest_first.txt
bcsstk03,DYNAMIC_LARGEST_FIRST,4,104,35,0.6846846846846847,data\processed\initial_graph_coloring_dataset\colpack_outputs_week15_extra_orderings\bcsstk03_dynamic_largest_first.txt
bcsstk03,DYNAMIC_LARGEST_FIRST,4,82,36,0.6756756756756757,data\processed\initial_graph_coloring_dataset\colpack_outputs_week15_extra_orderings\bcsstk03_dynamic_largest_first.txt
bcsstk03,DYNAMIC_LARGEST_FIRST,4,96,37,0.6666666666666666,data\processed\initial_graph_coloring_dataset\colpack_outputs_week15_extra_orderings\bcsstk03_dynamic_largest_first.txt
bcsstk03,DYNAMIC_LARGEST_FIRST,4,72,38,0.6576576576576577,data\processed\initial_graph_coloring_dataset\colpack_outputs_week15_extra_orderings\bcsstk03_dynamic_largest_first.txt
bcsstk03,DYNAMIC_LARGEST_FIRST,4,90,39,0.6486486486486487,data\processed\initial_graph_coloring_dataset\colpack_outputs_week15_extra_orderings\bcsstk03_dynamic_largest_first.txt
bcsstk03,DYNAMIC_LARGEST_FIRST,4,80,40,0.6396396396396397,data\processed\initial_graph_coloring_dataset\colpack_outputs_week15_extra_orderings\bcsstk03_dynamic_largest_first.txt
bcsstk03,DYNAMIC_LARGEST_FIRST,4,74,41,0.6306306306306306,data\processed\initial_graph_coloring_dataset\colpack_outputs_week15_extra_orderings\bcsstk03_dynamic_largest_first.txt
bcsstk03,DYNAMIC_LARGEST_FIRST,4,24,42,0.6216216216216216,data\processed\initial_graph_coloring_dataset\colpack_outputs_week15_extra_orderings\bcsstk03_dynamic_largest_first.txt
bcsstk03,DYNAMIC_LARGEST_FIRST,4,42,43,0.6126126126126126,data\processed\initial_graph_coloring_dataset\colpack_outputs_week15_extra_orderings\bcsstk03_dynamic_largest_first.txt
bcsstk03,DYNAMIC_LARGEST_FIRST,4,32,44,0.6036036036036037,data\processed\initial_graph_coloring_dataset\colpack_outputs_week15_extra_orderings\bcsstk03_dynamic_largest_first.txt
bcsstk03,DYNAMIC_LARGEST_FIRST,4,26,45,0.5945945945945946,data\processed\initial_graph_coloring_dataset\colpack_outputs_week15_extra_orderings\bcsstk03_dynamic_largest_first.txt
bcsstk03,DYNAMIC_LARGEST_FIRST,4,19,46,0.5855855855855856,data\processed\initial_graph_coloring_dataset\colpack_outputs_week15_extra_orderings\bcsstk03_dynamic_largest_first.txt
bcsstk03,DYNAMIC_LARGEST_FIRST,4,18,47,0.5765765765765766,data\processed\initial_graph_coloring_dataset\colpack_outputs_week15_extra_orderings\bcsstk03_dynamic_largest_first.txt
bcsstk03,DYNAMIC_LARGEST_FIRST,4,17,48,0.5675675675675675,data\processed\initial_graph_coloring_dataset\colpack_outputs_week15_extra_orderings\bcsstk03_dynamic_largest_first.txt
bcsstk03,DYNAMIC_LARGEST_FIRST,4,16,49,0.5585585585585585,data\processed\initial_graph_coloring_dataset\colpack_outputs_week15_extra_orderings\bcsstk03_dynamic_largest_first.txt
bcsstk03,DYNAMIC_LARGEST_FIRST,4,7,50,0.5495495495495496,data\processed\initial_graph_coloring_dataset\colpack_outputs_week15_extra_orderings\bcsstk03_dynamic_largest_first.txt
bcsstk03,DYNAMIC_LARGEST_FIRST,4,50,51,0.5405405405405406,data\processed\initial_graph_coloring_dataset\colpack_outputs_week15_extra_orderings\bcsstk03_dynamic_largest_first.txt
bcsstk03,DYNAMIC_LARGEST_FIRST,4,8,52,0.5315315315315315,data\processed\initial_graph_coloring_dataset\colpack_outputs_week15_extra_orderings\bcsstk03_dynamic_largest_first.txt
bcsstk03,DYNAMIC_LARGEST_FIRST,4,10,53,0.5225225225225225,data\processed\initial_graph_coloring_dataset\colpack_outputs_week15_extra_orderings\bcsstk03_dynamic_largest_first.txt
bcsstk03,DYNAMIC_LARGEST_FIRST,4,6,54,0.5135135135135135,data\processed\initial_graph_coloring_dataset\colpack_outputs_week15_extra_orderings\bcsstk03_dynamic_largest_first.txt
bcsstk03,DYNAMIC_LARGEST_FIRST,4,3,55,0.5045045045045045,data\processed\initial_graph_coloring_dataset\colpack_outputs_week15_extra_orderings\bcsstk03_dynamic_largest_first.txt
bcsstk03,DYNAMIC_LARGEST_FIRST,4,4,56,0.4954954954954955,data\processed\initial_graph_coloring_dataset\colpack_outputs_week15_extra_orderings\bcsstk03_dynamic_largest_first.txt
bcsstk03,DYNAMIC_LARGEST_FIRST,4,2,57,0.4864864864864865,data\processed\initial_graph_coloring_dataset\colpack_outputs_week15_extra_orderings\bcsstk03_dynamic_largest_first.txt
bcsstk03,DYNAMIC_LARGEST_FIRST,4,46,58,0.4774774774774775,data\processed\initial_graph_coloring_dataset\colpack_outputs_week15_extra_orderings\bcsstk03_dynamic_largest_first.txt
bcsstk03,DYNAMIC_LARGEST_FIRST,4,54,59,0.46846846846846846,data\processed\initial_graph_coloring_dataset\colpack_outputs_week15_extra_orderings\bcsstk03_dynamic_largest_first.txt
bcsstk03,DYNAMIC_LARGEST_FIRST,4,30,60,0.4594594594594595,data\processed\initial_graph_coloring_dataset\colpack_outputs_week15_extra_orderings\bcsstk03_dynamic_largest_first.txt
bcsstk03,DYNAMIC_LARGEST_FIRST,4,39,61,0.45045045045045046,data\processed\initial_graph_coloring_dataset\colpack_outputs_week15_extra_orderings\bcsstk03_dynamic_largest_first.txt
bcsstk03,DYNAMIC_LARGEST_FIRST,4,31,62,0.44144144144144143,data\processed\initial_graph_coloring_dataset\colpack_outputs_week15_extra_orderings\bcsstk03_dynamic_largest_first.txt
bcsstk03,DYNAMIC_LARGEST_FIRST,4,38,63,0.43243243243243246,data\processed\initial_graph_coloring_dataset\colpack_outputs_week15_extra_orderings\bcsstk03_dynamic_largest_first.txt
bcsstk03,DYNAMIC_LARGEST_FIRST,4,78,64,0.42342342342342343,data\processed\initial_graph_coloring_dataset\colpack_outputs_week15_extra_orderings\bcsstk03_dynamic_largest_first.txt
bcsstk03,DYNAMIC_LARGEST_FIRST,4,79,65,0.4144144144144144,data\processed\initial_graph_coloring_dataset\colpack_outputs_week15_extra_orderings\bcsstk03_dynamic_largest_first.txt
bcsstk03,DYNAMIC_LARGEST_FIRST,4,94,66,0.40540540540540543,data\processed\initial_graph_coloring_dataset\colpack_outputs_week15_extra_orderings\bcsstk03_dynamic_largest_first.txt
bcsstk03,DYNAMIC_LARGEST_FIRST,4,86,67,0.3963963963963964,data\processed\initial_graph_coloring_dataset\colpack_outputs_week15_extra_orderings\bcsstk03_dynamic_largest_first.txt
bcsstk03,DYNAMIC_LARGEST_FIRST,4,95,68,0.38738738738738737,data\processed\initial_graph_coloring_dataset\colpack_outputs_week15_extra_orderings\bcsstk03_dynamic_largest_first.txt
bcsstk03,DYNAMIC_LARGEST_FIRST,4,111,69,0.3783783783783784,data\processed\initial_graph_coloring_dataset\colpack_outputs_week15_extra_orderings\bcsstk03_dynamic_largest_first.txt
bcsstk03,DYNAMIC_LARGEST_FIRST,4,102,70,0.36936936936936937,data\processed\initial_graph_coloring_dataset\colpack_outputs_week15_extra_orderings\bcsstk03_dynamic_largest_first.txt
bcsstk03,DYNAMIC_LARGEST_FIRST,4,110,71,0.36036036036036034,data\processed\initial_graph_coloring_dataset\colpack_outputs_week15_extra_orderings\bcsstk03_dynamic_largest_first.txt
bcsstk03,DYNAMIC_LARGEST_FIRST,4,63,72,0.35135135135135137,data\processed\initial_graph_coloring_dataset\colpack_outputs_week15_extra_orderings\bcsstk03_dynamic_largest_first.txt
bcsstk03,DYNAMIC_LARGEST_FIRST,4,55,73,0.34234234234234234,data\processed\initial_graph_coloring_dataset\colpack_outputs_week15_extra_orderings\bcsstk03_dynamic_largest_first.txt
bcsstk03,DYNAMIC_LARGEST_FIRST,4,100,74,0.3333333333333333,data\processed\initial_graph_coloring_dataset\colpack_outputs_week15_extra_orderings\bcsstk03_dynamic_largest_first.txt
bcsstk03,DYNAMIC_LARGEST_FIRST,4,62,75,0.32432432432432434,data\processed\initial_graph_coloring_dataset\colpack_outputs_week15_extra_orderings\bcsstk03_dynamic_largest_first.txt
bcsstk03,DYNAMIC_LARGEST_FIRST,4,47,76,0.3153153153153153,data\processed\initial_graph_coloring_dataset\colpack_outputs_week15_extra_orderings\bcsstk03_dynamic_largest_first.txt
bcsstk03,DYNAMIC_LARGEST_FIRST,4,84,77,0.3063063063063063,data\processed\initial_graph_coloring_dataset\colpack_outputs_week15_extra_orderings\bcsstk03_dynamic_largest_first.txt
bcsstk03,DYNAMIC_LARGEST_FIRST,4,87,78,0.2972972972972973,data\processed\initial_graph_coloring_dataset\colpack_outputs_week15_extra_orderings\bcsstk03_dynamic_largest_first.txt
bcsstk03,DYNAMIC_LARGEST_FIRST,4,44,79,0.2882882882882883,data\processed\initial_graph_coloring_dataset\colpack_outputs_week15_extra_orderings\bcsstk03_dynamic_largest_first.txt
bcsstk03,DYNAMIC_LARGEST_FIRST,4,61,80,0.27927927927927926,data\processed\initial_graph_coloring_dataset\colpack_outputs_week15_extra_orderings\bcsstk03_dynamic_largest_first.txt
bcsstk03,DYNAMIC_LARGEST_FIRST,4,103,81,0.2702702702702703,data\processed\initial_graph_coloring_dataset\colpack_outputs_week15_extra_orderings\bcsstk03_dynamic_largest_first.txt
bcsstk03,DYNAMIC_LARGEST_FIRST,4,52,82,0.26126126126126126,data\processed\initial_graph_coloring_dataset\colpack_outputs_week15_extra_orderings\bcsstk03_dynamic_largest_first.txt
bcsstk03,DYNAMIC_LARGEST_FIRST,4,60,83,0.25225225225225223,data\processed\initial_graph_coloring_dataset\colpack_outputs_week15_extra_orderings\bcsstk03_dynamic_largest_first.txt
bcsstk03,DYNAMIC_LARGEST_FIRST,4,109,84,0.24324324324324326,data\processed\initial_graph_coloring_dataset\colpack_outputs_week15_extra_orderings\bcsstk03_dynamic_largest_first.txt
bcsstk03,DYNAMIC_LARGEST_FIRST,4,101,85,0.23423423423423423,data\processed\initial_graph_coloring_dataset\colpack_outputs_week15_extra_orderings\bcsstk03_dynamic_largest_first.txt
bcsstk03,DYNAMIC_LARGEST_FIRST,4,108,86,0.22522522522522523,data\processed\initial_graph_coloring_dataset\colpack_outputs_week15_extra_orderings\bcsstk03_dynamic_largest_first.txt
bcsstk03,DYNAMIC_LARGEST_FIRST,4,92,87,0.21621621621621623,data\processed\initial_graph_coloring_dataset\colpack_outputs_week15_extra_orderings\bcsstk03_dynamic_largest_first.txt
bcsstk03,DYNAMIC_LARGEST_FIRST,4,85,88,0.2072072072072072,data\processed\initial_graph_coloring_dataset\colpack_outputs_week15_extra_orderings\bcsstk03_dynamic_largest_first.txt
bcsstk03,DYNAMIC_LARGEST_FIRST,4,93,89,0.1981981981981982,data\processed\initial_graph_coloring_dataset\colpack_outputs_week15_extra_orderings\bcsstk03_dynamic_largest_first.txt
bcsstk03,DYNAMIC_LARGEST_FIRST,4,76,90,0.1891891891891892,data\processed\initial_graph_coloring_dataset\colpack_outputs_week15_extra_orderings\bcsstk03_dynamic_largest_first.txt
bcsstk03,DYNAMIC_LARGEST_FIRST,4,77,91,0.18018018018018017,data\processed\initial_graph_coloring_dataset\colpack_outputs_week15_extra_orderings\bcsstk03_dynamic_largest_first.txt
bcsstk03,DYNAMIC_LARGEST_FIRST,4,37,92,0.17117117117117117,data\processed\initial_graph_coloring_dataset\colpack_outputs_week15_extra_orderings\bcsstk03_dynamic_largest_first.txt
bcsstk03,DYNAMIC_LARGEST_FIRST,4,28,93,0.16216216216216217,data\processed\initial_graph_coloring_dataset\colpack_outputs_week15_extra_orderings\bcsstk03_dynamic_largest_first.txt
bcsstk03,DYNAMIC_LARGEST_FIRST,4,36,94,0.15315315315315314,data\processed\initial_graph_coloring_dataset\colpack_outputs_week15_extra_orderings\bcsstk03_dynamic_largest_first.txt
bcsstk03,DYNAMIC_LARGEST_FIRST,4,29,95,0.14414414414414414,data\processed\initial_graph_coloring_dataset\colpack_outputs_week15_extra_orderings\bcsstk03_dynamic_largest_first.txt
bcsstk03,DYNAMIC_LARGEST_FIRST,4,53,96,0.13513513513513514,data\processed\initial_graph_coloring_dataset\colpack_outputs_week15_extra_orderings\bcsstk03_dynamic_largest_first.txt
bcsstk03,DYNAMIC_LARGEST_FIRST,4,45,97,0.12612612612612611,data\processed\initial_graph_coloring_dataset\colpack_outputs_week15_extra_orderings\bcsstk03_dynamic_largest_first.txt
bcsstk03,DYNAMIC_LARGEST_FIRST,4,1,98,0.11711711711711711,data\processed\initial_graph_coloring_dataset\colpack_outputs_week15_extra_orderings\bcsstk03_dynamic_largest_first.txt
bcsstk03,DYNAMIC_LARGEST_FIRST,4,0,99,0.10810810810810811,data\processed\initial_graph_coloring_dataset\colpack_outputs_week15_extra_orderings\bcsstk03_dynamic_largest_first.txt
bcsstk03,DYNAMIC_LARGEST_FIRST,4,14,100,0.0990990990990991,data\processed\initial_graph_coloring_dataset\colpack_outputs_week15_extra_orderings\bcsstk03_dynamic_largest_first.txt
bcsstk03,DYNAMIC_LARGEST_FIRST,4,13,101,0.09009009009009009,data\processed\initial_graph_coloring_dataset\colpack_outputs_week15_extra_orderings\bcsstk03_dynamic_largest_first.txt
bcsstk03,DYNAMIC_LARGEST_FIRST,4,15,102,0.08108108108108109,data\processed\initial_graph_coloring_dataset\colpack_outputs_week15_extra_orderings\bcsstk03_dynamic_largest_first.txt
bcsstk03,DYNAMIC_LARGEST_FIRST,4,12,103,0.07207207207207207,data\processed\initial_graph_coloring_dataset\colpack_outputs_week15_extra_orderings\bcsstk03_dynamic_largest_first.txt
bcsstk03,DYNAMIC_LARGEST_FIRST,4,23,104,0.06306306306306306,data\processed\initial_graph_coloring_dataset\colpack_outputs_week15_extra_orderings\bcsstk03_dynamic_largest_first.txt
bcsstk03,DYNAMIC_LARGEST_FIRST,4,20,105,0.05405405405405406,data\processed\initial_graph_coloring_dataset\colpack_outputs_week15_extra_orderings\bcsstk03_dynamic_largest_first.txt
bcsstk03,DYNAMIC_LARGEST_FIRST,4,22,106,0.04504504504504504,data\processed\initial_graph_coloring_dataset\colpack_outputs_week15_extra_orderings\bcsstk03_dynamic_largest_first.txt
bcsstk03,DYNAMIC_LARGEST_FIRST,4,21,107,0.036036036036036036,data\processed\initial_graph_coloring_dataset\colpack_outputs_week15_extra_orderings\bcsstk03_dynamic_largest_first.txt
bcsstk03,DYNAMIC_LARGEST_FIRST,4,70,108,0.02702702702702703,data\processed\initial_graph_coloring_dataset\colpack_outputs_week15_extra_orderings\bcsstk03_dynamic_largest_first.txt
bcsstk03,DYNAMIC_LARGEST_FIRST,4,69,109,0.018018018018018018,data\processed\initial_graph_coloring_dataset\colpack_outputs_week15_extra_orderings\bcsstk03_dynamic_largest_first.txt
bcsstk03,DYNAMIC_LARGEST_FIRST,4,71,110,0.009009009009009009,data\processed\initial_graph_coloring_dataset\colpack_outputs_week15_extra_orderings\bcsstk03_dynamic_largest_first.txt
bcsstk03,DYNAMIC_LARGEST_FIRST,4,68,111,0.0,data\processed\initial_graph_coloring_dataset\colpack_outputs_week15_extra_orderings\bcsstk03_dynamic_largest_first.txt
bcsstk04,DYNAMIC_LARGEST_FIRST,13,94,0,1.0,data\processed\initial_graph_coloring_dataset\colpack_outputs_week15_extra_orderings\bcsstk04_dynamic_largest_first.txt
bcsstk04,DYNAMIC_LARGEST_FIRST,13,76,1,0.9923664122137404,data\processed\initial_graph_coloring_dataset\colpack_outputs_week15_extra_orderings\bcsstk04_dynamic_largest_first.txt
bcsstk04,DYNAMIC_LARGEST_FIRST,13,75,2,0.9847328244274809,data\processed\initial_graph_coloring_dataset\colpack_outputs_week15_extra_orderings\bcsstk04_dynamic_largest_first.txt
bcsstk04,DYNAMIC_LARGEST_FIRST,13,91,3,0.9770992366412213,data\processed\initial_graph_coloring_dataset\colpack_outputs_week15_extra_orderings\bcsstk04_dynamic_largest_first.txt
bcsstk04,DYNAMIC_LARGEST_FIRST,13,93,4,0.9694656488549618,data\processed\initial_graph_coloring_dataset\colpack_outputs_week15_extra_orderings\bcsstk04_dynamic_largest_first.txt
bcsstk04,DYNAMIC_LARGEST_FIRST,13,73,5,0.9618320610687023,data\processed\initial_graph_coloring_dataset\colpack_outputs_week15_extra_orderings\bcsstk04_dynamic_largest_first.txt
bcsstk04,DYNAMIC_LARGEST_FIRST,13,47,6,0.9541984732824428,data\processed\initial_graph_coloring_dataset\colpack_outputs_week15_extra_orderings\bcsstk04_dynamic_largest_first.txt
bcsstk04,DYNAMIC_LARGEST_FIRST,13,44,7,0.9465648854961832,data\processed\initial_graph_coloring_dataset\colpack_outputs_week15_extra_orderings\bcsstk04_dynamic_largest_first.txt
bcsstk04,DYNAMIC_LARGEST_FIRST,13,29,8,0.9389312977099237,data\processed\initial_graph_coloring_dataset\colpack_outputs_week15_extra_orderings\bcsstk04_dynamic_largest_first.txt
bcsstk04,DYNAMIC_LARGEST_FIRST,13,26,9,0.9312977099236641,data\processed\initial_graph_coloring_dataset\colpack_outputs_week15_extra_orderings\bcsstk04_dynamic_largest_first.txt
bcsstk04,DYNAMIC_LARGEST_FIRST,13,90,10,0.9236641221374046,data\processed\initial_graph_coloring_dataset\colpack_outputs_week15_extra_orderings\bcsstk04_dynamic_largest_first.txt
bcsstk04,DYNAMIC_LARGEST_FIRST,13,72,11,0.916030534351145,data\processed\initial_graph_coloring_dataset\colpack_outputs_week15_extra_orderings\bcsstk04_dynamic_largest_first.txt
bcsstk04,DYNAMIC_LARGEST_FIRST,13,46,12,0.9083969465648855,data\processed\initial_graph_coloring_dataset\colpack_outputs_week15_extra_orderings\bcsstk04_dynamic_largest_first.txt
bcsstk04,DYNAMIC_LARGEST_FIRST,13,24,13,0.9007633587786259,data\processed\initial_graph_coloring_dataset\colpack_outputs_week15_extra_orderings\bcsstk04_dynamic_largest_first.txt
bcsstk04,DYNAMIC_LARGEST_FIRST,13,43,14,0.8931297709923665,data\processed\initial_graph_coloring_dataset\colpack_outputs_week15_extra_orderings\bcsstk04_dynamic_largest_first.txt
bcsstk04,DYNAMIC_LARGEST_FIRST,13,27,15,0.8854961832061069,data\processed\initial_graph_coloring_dataset\colpack_outputs_week15_extra_orderings\bcsstk04_dynamic_largest_first.txt
bcsstk04,DYNAMIC_LARGEST_FIRST,13,77,16,0.8778625954198473,data\processed\initial_graph_coloring_dataset\colpack_outputs_week15_extra_orderings\bcsstk04_dynamic_largest_first.txt
bcsstk04,DYNAMIC_LARGEST_FIRST,13,74,17,0.8702290076335878,data\processed\initial_graph_coloring_dataset\colpack_outputs_week15_extra_orderings\bcsstk04_dynamic_largest_first.txt
bcsstk04,DYNAMIC_LARGEST_FIRST,13,95,18,0.8625954198473282,data\processed\initial_graph_coloring_dataset\colpack_outputs_week15_extra_orderings\bcsstk04_dynamic_largest_first.txt
bcsstk04,DYNAMIC_LARGEST_FIRST,13,92,19,0.8549618320610687,data\processed\initial_graph_coloring_dataset\colpack_outputs_week15_extra_orderings\bcsstk04_dynamic_largest_first.txt
bcsstk04,DYNAMIC_LARGEST_FIRST,13,45,20,0.8473282442748091,data\processed\initial_graph_coloring_dataset\colpack_outputs_week15_extra_orderings\bcsstk04_dynamic_largest_first.txt
bcsstk04,DYNAMIC_LARGEST_FIRST,13,25,21,0.8396946564885496,data\processed\initial_graph_coloring_dataset\colpack_outputs_week15_extra_orderings\bcsstk04_dynamic_largest_first.txt
bcsstk04,DYNAMIC_LARGEST_FIRST,13,42,22,0.8320610687022901,data\processed\initial_graph_coloring_dataset\colpack_outputs_week15_extra_orderings\bcsstk04_dynamic_largest_first.txt
bcsstk04,DYNAMIC_LARGEST_FIRST,13,28,23,0.8244274809160306,data\processed\initial_graph_coloring_dataset\colpack_outputs_week15_extra_orderings\bcsstk04_dynamic_largest_first.txt
bcsstk04,DYNAMIC_LARGEST_FIRST,13,64,24,0.816793893129771,data\processed\initial_graph_coloring_dataset\colpack_outputs_week15_extra_orderings\bcsstk04_dynamic_largest_first.txt
bcsstk04,DYNAMIC_LARGEST_FIRST,13,54,25,0.8091603053435115,data\processed\initial_graph_coloring_dataset\colpack_outputs_week15_extra_orderings\bcsstk04_dynamic_largest_first.txt
bcsstk04,DYNAMIC_LARGEST_FIRST,13,63,26,0.8015267175572519,data\processed\initial_graph_coloring_dataset\colpack_outputs_week15_extra_orderings\bcsstk04_dynamic_largest_first.txt
bcsstk04,DYNAMIC_LARGEST_FIRST,13,55,27,0.7938931297709924,data\processed\initial_graph_coloring_dataset\colpack_outputs_week15_extra_orderings\bcsstk04_dynamic_largest_first.txt
bcsstk04,DYNAMIC_LARGEST_FIRST,13,61,28,0.7862595419847328,data\processed\initial_graph_coloring_dataset\colpack_outputs_week15_extra_orderings\bcsstk04_dynamic_largest_first.txt
bcsstk04,DYNAMIC_LARGEST_FIRST,13,57,29,0.7786259541984732,data\processed\initial_graph_coloring_dataset\colpack_outputs_week15_extra_orderings\bcsstk04_dynamic_largest_first.txt
bcsstk04,DYNAMIC_LARGEST_FIRST,13,60,30,0.7709923664122137,data\processed\initial_graph_coloring_dataset\colpack_outputs_week15_extra_orderings\bcsstk04_dynamic_largest_first.txt
bcsstk04,DYNAMIC_LARGEST_FIRST,13,58,31,0.7633587786259542,data\processed\initial_graph_coloring_dataset\colpack_outputs_week15_extra_orderings\bcsstk04_dynamic_largest_first.txt
bcsstk04,DYNAMIC_LARGEST_FIRST,13,118,32,0.7557251908396947,data\processed\initial_graph_coloring_dataset\colpack_outputs_week15_extra_orderings\bcsstk04_dynamic_largest_first.txt
bcsstk04,DYNAMIC_LARGEST_FIRST,13,112,33,0.7480916030534351,data\processed\initial_graph_coloring_dataset\colpack_outputs_week15_extra_orderings\bcsstk04_dynamic_largest_first.txt
bcsstk04,DYNAMIC_LARGEST_FIRST,13,108,34,0.7404580152671756,data\processed\initial_graph_coloring_dataset\colpack_outputs_week15_extra_orderings\bcsstk04_dynamic_largest_first.txt
bcsstk04,DYNAMIC_LARGEST_FIRST,13,14,35,0.732824427480916,data\processed\initial_graph_coloring_dataset\colpack_outputs_week15_extra_orderings\bcsstk04_dynamic_largest_first.txt
bcsstk04,DYNAMIC_LARGEST_FIRST,13,7,36,0.7251908396946565,data\processed\initial_graph_coloring_dataset\colpack_outputs_week15_extra_orderings\bcsstk04_dynamic_largest_first.txt
bcsstk04,DYNAMIC_LARGEST_FIRST,13,117,37,0.7175572519083969,data\processed\initial_graph_coloring_dataset\colpack_outputs_week15_extra_orderings\bcsstk04_dynamic_largest_first.txt
bcsstk04,DYNAMIC_LARGEST_FIRST,13,17,38,0.7099236641221374,data\processed\initial_graph_coloring_dataset\colpack_outputs_week15_extra_orderings\bcsstk04_dynamic_largest_first.txt
bcsstk04,DYNAMIC_LARGEST_FIRST,13,10,39,0.7022900763358778,data\processed\initial_graph_coloring_dataset\colpack_outputs_week15_extra_orderings\bcsstk04_dynamic_largest_first.txt
bcsstk04,DYNAMIC_LARGEST_FIRST,13,109,40,0.6946564885496184,data\processed\initial_graph_coloring_dataset\colpack_outputs_week15_extra_orderings\bcsstk04_dynamic_largest_first.txt
bcsstk04,DYNAMIC_LARGEST_FIRST,13,59,41,0.6870229007633588,data\processed\initial_graph_coloring_dataset\colpack_outputs_week15_extra_orderings\bcsstk04_dynamic_largest_first.txt
bcsstk04,DYNAMIC_LARGEST_FIRST,13,56,42,0.6793893129770993,data\processed\initial_graph_coloring_dataset\colpack_outputs_week15_extra_orderings\bcsstk04_dynamic_largest_first.txt
bcsstk04,DYNAMIC_LARGEST_FIRST,13,114,43,0.6717557251908397,data\processed\initial_graph_coloring_dataset\colpack_outputs_week15_extra_orderings\bcsstk04_dynamic_largest_first.txt
bcsstk04,DYNAMIC_LARGEST_FIRST,13,111,44,0.6641221374045801,data\processed\initial_graph_coloring_dataset\colpack_outputs_week15_extra_orderings\bcsstk04_dynamic_largest_first.txt
bcsstk04,DYNAMIC_LARGEST_FIRST,13,62,45,0.6564885496183206,data\processed\initial_graph_coloring_dataset\colpack_outputs_week15_extra_orderings\bcsstk04_dynamic_largest_first.txt
bcsstk04,DYNAMIC_LARGEST_FIRST,13,115,46,0.648854961832061,data\processed\initial_graph_coloring_dataset\colpack_outputs_week15_extra_orderings\bcsstk04_dynamic_largest_first.txt
bcsstk04,DYNAMIC_LARGEST_FIRST,13,65,47,0.6412213740458015,data\processed\initial_graph_coloring_dataset\colpack_outputs_week15_extra_orderings\bcsstk04_dynamic_largest_first.txt
bcsstk04,DYNAMIC_LARGEST_FIRST,13,6,48,0.6335877862595419,data\processed\initial_graph_coloring_dataset\colpack_outputs_week15_extra_orderings\bcsstk04_dynamic_largest_first.txt
bcsstk04,DYNAMIC_LARGEST_FIRST,13,16,49,0.6259541984732825,data\processed\initial_graph_coloring_dataset\colpack_outputs_week15_extra_orderings\bcsstk04_dynamic_largest_first.txt
bcsstk04,DYNAMIC_LARGEST_FIRST,13,15,50,0.6183206106870229,data\processed\initial_graph_coloring_dataset\colpack_outputs_week15_extra_orderings\bcsstk04_dynamic_largest_first.txt
bcsstk04,DYNAMIC_LARGEST_FIRST,13,11,51,0.6106870229007634,data\processed\initial_graph_coloring_dataset\colpack_outputs_week15_extra_orderings\bcsstk04_dynamic_largest_first.txt
bcsstk04,DYNAMIC_LARGEST_FIRST,13,116,52,0.6030534351145038,data\processed\initial_graph_coloring_dataset\colpack_outputs_week15_extra_orderings\bcsstk04_dynamic_largest_first.txt
bcsstk04,DYNAMIC_LARGEST_FIRST,13,110,53,0.5954198473282443,data\processed\initial_graph_coloring_dataset\colpack_outputs_week15_extra_orderings\bcsstk04_dynamic_largest_first.txt
bcsstk04,DYNAMIC_LARGEST_FIRST,13,126,54,0.5877862595419847,data\processed\initial_graph_coloring_dataset\colpack_outputs_week15_extra_orderings\bcsstk04_dynamic_largest_first.txt
bcsstk04,DYNAMIC_LARGEST_FIRST,13,119,55,0.5801526717557252,data\processed\initial_graph_coloring_dataset\colpack_outputs_week15_extra_orderings\bcsstk04_dynamic_largest_first.txt
bcsstk04,DYNAMIC_LARGEST_FIRST,13,113,56,0.5725190839694656,data\processed\initial_graph_coloring_dataset\colpack_outputs_week15_extra_orderings\bcsstk04_dynamic_largest_first.txt
bcsstk04,DYNAMIC_LARGEST_FIRST,13,9,57,0.5648854961832062,data\processed\initial_graph_coloring_dataset\colpack_outputs_week15_extra_orderings\bcsstk04_dynamic_largest_first.txt
bcsstk04,DYNAMIC_LARGEST_FIRST,13,13,58,0.5572519083969466,data\processed\initial_graph_coloring_dataset\colpack_outputs_week15_extra_orderings\bcsstk04_dynamic_largest_first.txt
bcsstk04,DYNAMIC_LARGEST_FIRST,13,99,59,0.549618320610687,data\processed\initial_graph_coloring_dataset\colpack_outputs_week15_extra_orderings\bcsstk04_dynamic_largest_first.txt
bcsstk04,DYNAMIC_LARGEST_FIRST,13,129,60,0.5419847328244275,data\processed\initial_graph_coloring_dataset\colpack_outputs_week15_extra_orderings\bcsstk04_dynamic_largest_first.txt
bcsstk04,DYNAMIC_LARGEST_FIRST,13,8,61,0.5343511450381679,data\processed\initial_graph_coloring_dataset\colpack_outputs_week15_extra_orderings\bcsstk04_dynamic_largest_first.txt
bcsstk04,DYNAMIC_LARGEST_FIRST,13,96,62,0.5267175572519084,data\processed\initial_graph_coloring_dataset\colpack_outputs_week15_extra_orderings\bcsstk04_dynamic_largest_first.txt
bcsstk04,DYNAMIC_LARGEST_FIRST,13,12,63,0.5190839694656488,data\processed\initial_graph_coloring_dataset\colpack_outputs_week15_extra_orderings\bcsstk04_dynamic_largest_first.txt
bcsstk04,DYNAMIC_LARGEST_FIRST,13,41,64,0.5114503816793893,data\processed\initial_graph_coloring_dataset\colpack_outputs_week15_extra_orderings\bcsstk04_dynamic_largest_first.txt
bcsstk04,DYNAMIC_LARGEST_FIRST,13,101,65,0.5038167938931297,data\processed\initial_graph_coloring_dataset\colpack_outputs_week15_extra_orderings\bcsstk04_dynamic_largest_first.txt
bcsstk04,DYNAMIC_LARGEST_FIRST,13,32,66,0.4961832061068702,data\processed\initial_graph_coloring_dataset\colpack_outputs_week15_extra_orderings\bcsstk04_dynamic_largest_first.txt
bcsstk04,DYNAMIC_LARGEST_FIRST,13,128,67,0.48854961832061067,data\processed\initial_graph_coloring_dataset\colpack_outputs_week15_extra_orderings\bcsstk04_dynamic_largest_first.txt
bcsstk04,DYNAMIC_LARGEST_FIRST,13,120,68,0.48091603053435117,data\processed\initial_graph_coloring_dataset\colpack_outputs_week15_extra_orderings\bcsstk04_dynamic_largest_first.txt
bcsstk04,DYNAMIC_LARGEST_FIRST,13,102,69,0.4732824427480916,data\processed\initial_graph_coloring_dataset\colpack_outputs_week15_extra_orderings\bcsstk04_dynamic_largest_first.txt
bcsstk04,DYNAMIC_LARGEST_FIRST,13,20,70,0.46564885496183206,data\processed\initial_graph_coloring_dataset\colpack_outputs_week15_extra_orderings\bcsstk04_dynamic_largest_first.txt
bcsstk04,DYNAMIC_LARGEST_FIRST,13,100,71,0.4580152671755725,data\processed\initial_graph_coloring_dataset\colpack_outputs_week15_extra_orderings\bcsstk04_dynamic_largest_first.txt
bcsstk04,DYNAMIC_LARGEST_FIRST,13,23,72,0.45038167938931295,data\processed\initial_graph_coloring_dataset\colpack_outputs_week15_extra_orderings\bcsstk04_dynamic_largest_first.txt
bcsstk04,DYNAMIC_LARGEST_FIRST,13,97,73,0.44274809160305345,data\processed\initial_graph_coloring_dataset\colpack_outputs_week15_extra_orderings\bcsstk04_dynamic_largest_first.txt
bcsstk04,DYNAMIC_LARGEST_FIRST,13,68,74,0.4351145038167939,data\processed\initial_graph_coloring_dataset\colpack_outputs_week15_extra_orderings\bcsstk04_dynamic_largest_first.txt
bcsstk04,DYNAMIC_LARGEST_FIRST,13,53,75,0.42748091603053434,data\processed\initial_graph_coloring_dataset\colpack_outputs_week15_extra_orderings\bcsstk04_dynamic_largest_first.txt
bcsstk04,DYNAMIC_LARGEST_FIRST,13,71,76,0.4198473282442748,data\processed\initial_graph_coloring_dataset\colpack_outputs_week15_extra_orderings\bcsstk04_dynamic_largest_first.txt
bcsstk04,DYNAMIC_LARGEST_FIRST,13,121,77,0.4122137404580153,data\processed\initial_graph_coloring_dataset\colpack_outputs_week15_extra_orderings\bcsstk04_dynamic_largest_first.txt
bcsstk04,DYNAMIC_LARGEST_FIRST,13,103,78,0.40458015267175573,data\processed\initial_graph_coloring_dataset\colpack_outputs_week15_extra_orderings\bcsstk04_dynamic_largest_first.txt
bcsstk04,DYNAMIC_LARGEST_FIRST,13,35,79,0.3969465648854962,data\processed\initial_graph_coloring_dataset\colpack_outputs_week15_extra_orderings\bcsstk04_dynamic_largest_first.txt
bcsstk04,DYNAMIC_LARGEST_FIRST,13,98,80,0.3893129770992366,data\processed\initial_graph_coloring_dataset\colpack_outputs_week15_extra_orderings\bcsstk04_dynamic_largest_first.txt
bcsstk04,DYNAMIC_LARGEST_FIRST,13,50,81,0.3816793893129771,data\processed\initial_graph_coloring_dataset\colpack_outputs_week15_extra_orderings\bcsstk04_dynamic_largest_first.txt
bcsstk04,DYNAMIC_LARGEST_FIRST,13,38,82,0.37404580152671757,data\processed\initial_graph_coloring_dataset\colpack_outputs_week15_extra_orderings\bcsstk04_dynamic_largest_first.txt
bcsstk04,DYNAMIC_LARGEST_FIRST,13,5,83,0.366412213740458,data\processed\initial_graph_coloring_dataset\colpack_outputs_week15_extra_orderings\bcsstk04_dynamic_largest_first.txt
bcsstk04,DYNAMIC_LARGEST_FIRST,13,2,84,0.35877862595419846,data\processed\initial_graph_coloring_dataset\colpack_outputs_week15_extra_orderings\bcsstk04_dynamic_largest_first.txt
bcsstk04,DYNAMIC_LARGEST_FIRST,13,130,85,0.3511450381679389,data\processed\initial_graph_coloring_dataset\colpack_outputs_week15_extra_orderings\bcsstk04_dynamic_largest_first.txt
bcsstk04,DYNAMIC_LARGEST_FIRST,13,125,86,0.3435114503816794,data\processed\initial_graph_coloring_dataset\colpack_outputs_week15_extra_orderings\bcsstk04_dynamic_largest_first.txt
bcsstk04,DYNAMIC_LARGEST_FIRST,13,107,87,0.33587786259541985,data\processed\initial_graph_coloring_dataset\colpack_outputs_week15_extra_orderings\bcsstk04_dynamic_largest_first.txt
bcsstk04,DYNAMIC_LARGEST_FIRST,13,86,88,0.3282442748091603,data\processed\initial_graph_coloring_dataset\colpack_outputs_week15_extra_orderings\bcsstk04_dynamic_largest_first.txt
bcsstk04,DYNAMIC_LARGEST_FIRST,13,83,89,0.32061068702290074,data\processed\initial_graph_coloring_dataset\colpack_outputs_week15_extra_orderings\bcsstk04_dynamic_largest_first.txt
bcsstk04,DYNAMIC_LARGEST_FIRST,13,80,90,0.31297709923664124,data\processed\initial_graph_coloring_dataset\colpack_outputs_week15_extra_orderings\bcsstk04_dynamic_largest_first.txt
bcsstk04,DYNAMIC_LARGEST_FIRST,13,89,91,0.3053435114503817,data\processed\initial_graph_coloring_dataset\colpack_outputs_week15_extra_orderings\bcsstk04_dynamic_largest_first.txt
bcsstk04,DYNAMIC_LARGEST_FIRST,13,37,92,0.29770992366412213,data\processed\initial_graph_coloring_dataset\colpack_outputs_week15_extra_orderings\bcsstk04_dynamic_largest_first.txt
bcsstk04,DYNAMIC_LARGEST_FIRST,13,70,93,0.2900763358778626,data\processed\initial_graph_coloring_dataset\colpack_outputs_week15_extra_orderings\bcsstk04_dynamic_largest_first.txt
bcsstk04,DYNAMIC_LARGEST_FIRST,13,49,94,0.2824427480916031,data\processed\initial_graph_coloring_dataset\colpack_outputs_week15_extra_orderings\bcsstk04_dynamic_largest_first.txt
bcsstk04,DYNAMIC_LARGEST_FIRST,13,39,95,0.2748091603053435,data\processed\initial_graph_coloring_dataset\colpack_outputs_week15_extra_orderings\bcsstk04_dynamic_largest_first.txt
bcsstk04,DYNAMIC_LARGEST_FIRST,13,22,96,0.26717557251908397,data\processed\initial_graph_coloring_dataset\colpack_outputs_week15_extra_orderings\bcsstk04_dynamic_largest_first.txt
bcsstk04,DYNAMIC_LARGEST_FIRST,13,0,97,0.2595419847328244,data\processed\initial_graph_coloring_dataset\colpack_outputs_week15_extra_orderings\bcsstk04_dynamic_largest_first.txt
bcsstk04,DYNAMIC_LARGEST_FIRST,13,19,98,0.25190839694656486,data\processed\initial_graph_coloring_dataset\colpack_outputs_week15_extra_orderings\bcsstk04_dynamic_largest_first.txt
bcsstk04,DYNAMIC_LARGEST_FIRST,13,21,99,0.24427480916030533,data\processed\initial_graph_coloring_dataset\colpack_outputs_week15_extra_orderings\bcsstk04_dynamic_largest_first.txt
bcsstk04,DYNAMIC_LARGEST_FIRST,13,40,100,0.2366412213740458,data\processed\initial_graph_coloring_dataset\colpack_outputs_week15_extra_orderings\bcsstk04_dynamic_largest_first.txt
bcsstk04,DYNAMIC_LARGEST_FIRST,13,67,101,0.22900763358778625,data\processed\initial_graph_coloring_dataset\colpack_outputs_week15_extra_orderings\bcsstk04_dynamic_largest_first.txt
bcsstk04,DYNAMIC_LARGEST_FIRST,13,69,102,0.22137404580152673,data\processed\initial_graph_coloring_dataset\colpack_outputs_week15_extra_orderings\bcsstk04_dynamic_largest_first.txt
bcsstk04,DYNAMIC_LARGEST_FIRST,13,36,103,0.21374045801526717,data\processed\initial_graph_coloring_dataset\colpack_outputs_week15_extra_orderings\bcsstk04_dynamic_largest_first.txt
bcsstk04,DYNAMIC_LARGEST_FIRST,13,106,104,0.20610687022900764,data\processed\initial_graph_coloring_dataset\colpack_outputs_week15_extra_orderings\bcsstk04_dynamic_largest_first.txt
bcsstk04,DYNAMIC_LARGEST_FIRST,13,122,105,0.1984732824427481,data\processed\initial_graph_coloring_dataset\colpack_outputs_week15_extra_orderings\bcsstk04_dynamic_largest_first.txt
bcsstk04,DYNAMIC_LARGEST_FIRST,13,124,106,0.19083969465648856,data\processed\initial_graph_coloring_dataset\colpack_outputs_week15_extra_orderings\bcsstk04_dynamic_largest_first.txt
bcsstk04,DYNAMIC_LARGEST_FIRST,13,105,107,0.183206106870229,data\processed\initial_graph_coloring_dataset\colpack_outputs_week15_extra_orderings\bcsstk04_dynamic_largest_first.txt
bcsstk04,DYNAMIC_LARGEST_FIRST,13,31,108,0.17557251908396945,data\processed\initial_graph_coloring_dataset\colpack_outputs_week15_extra_orderings\bcsstk04_dynamic_largest_first.txt
bcsstk04,DYNAMIC_LARGEST_FIRST,13,52,109,0.16793893129770993,data\processed\initial_graph_coloring_dataset\colpack_outputs_week15_extra_orderings\bcsstk04_dynamic_largest_first.txt
bcsstk04,DYNAMIC_LARGEST_FIRST,13,66,110,0.16030534351145037,data\processed\initial_graph_coloring_dataset\colpack_outputs_week15_extra_orderings\bcsstk04_dynamic_largest_first.txt
bcsstk04,DYNAMIC_LARGEST_FIRST,13,34,111,0.15267175572519084,data\processed\initial_graph_coloring_dataset\colpack_outputs_week15_extra_orderings\bcsstk04_dynamic_largest_first.txt
bcsstk04,DYNAMIC_LARGEST_FIRST,13,4,112,0.1450381679389313,data\processed\initial_graph_coloring_dataset\colpack_outputs_week15_extra_orderings\bcsstk04_dynamic_largest_first.txt
bcsstk04,DYNAMIC_LARGEST_FIRST,13,18,113,0.13740458015267176,data\processed\initial_graph_coloring_dataset\colpack_outputs_week15_extra_orderings\bcsstk04_dynamic_largest_first.txt
bcsstk04,DYNAMIC_LARGEST_FIRST,13,88,114,0.1297709923664122,data\processed\initial_graph_coloring_dataset\colpack_outputs_week15_extra_orderings\bcsstk04_dynamic_largest_first.txt
bcsstk04,DYNAMIC_LARGEST_FIRST,13,85,115,0.12213740458015267,data\processed\initial_graph_coloring_dataset\colpack_outputs_week15_extra_orderings\bcsstk04_dynamic_largest_first.txt
bcsstk04,DYNAMIC_LARGEST_FIRST,13,82,116,0.11450381679389313,data\processed\initial_graph_coloring_dataset\colpack_outputs_week15_extra_orderings\bcsstk04_dynamic_largest_first.txt
bcsstk04,DYNAMIC_LARGEST_FIRST,13,79,117,0.10687022900763359,data\processed\initial_graph_coloring_dataset\colpack_outputs_week15_extra_orderings\bcsstk04_dynamic_largest_first.txt
bcsstk04,DYNAMIC_LARGEST_FIRST,13,78,118,0.09923664122137404,data\processed\initial_graph_coloring_dataset\colpack_outputs_week15_extra_orderings\bcsstk04_dynamic_largest_first.txt
bcsstk04,DYNAMIC_LARGEST_FIRST,13,81,119,0.0916030534351145,data\processed\initial_graph_coloring_dataset\colpack_outputs_week15_extra_orderings\bcsstk04_dynamic_largest_first.txt
bcsstk04,DYNAMIC_LARGEST_FIRST,13,84,120,0.08396946564885496,data\processed\initial_graph_coloring_dataset\colpack_outputs_week15_extra_orderings\bcsstk04_dynamic_largest_first.txt
bcsstk04,DYNAMIC_LARGEST_FIRST,13,87,121,0.07633587786259542,data\processed\initial_graph_coloring_dataset\colpack_outputs_week15_extra_orderings\bcsstk04_dynamic_largest_first.txt
bcsstk04,DYNAMIC_LARGEST_FIRST,13,1,122,0.06870229007633588,data\processed\initial_graph_coloring_dataset\colpack_outputs_week15_extra_orderings\bcsstk04_dynamic_largest_first.txt
bcsstk04,DYNAMIC_LARGEST_FIRST,13,3,123,0.061068702290076333,data\processed\initial_graph_coloring_dataset\colpack_outputs_week15_extra_orderings\bcsstk04_dynamic_largest_first.txt
bcsstk04,DYNAMIC_LARGEST_FIRST,13,33,124,0.05343511450381679,data\processed\initial_graph_coloring_dataset\colpack_outputs_week15_extra_orderings\bcsstk04_dynamic_largest_first.txt
bcsstk04,DYNAMIC_LARGEST_FIRST,13,48,125,0.04580152671755725,data\processed\initial_graph_coloring_dataset\colpack_outputs_week15_extra_orderings\bcsstk04_dynamic_largest_first.txt
bcsstk04,DYNAMIC_LARGEST_FIRST,13,51,126,0.03816793893129771,data\processed\initial_graph_coloring_dataset\colpack_outputs_week15_extra_orderings\bcsstk04_dynamic_largest_first.txt
bcsstk04,DYNAMIC_LARGEST_FIRST,13,30,127,0.030534351145038167,data\processed\initial_graph_coloring_dataset\colpack_outputs_week15_extra_orderings\bcsstk04_dynamic_largest_first.txt
bcsstk04,DYNAMIC_LARGEST_FIRST,13,104,128,0.022900763358778626,data\processed\initial_graph_coloring_dataset\colpack_outputs_week15_extra_orderings\bcsstk04_dynamic_largest_first.txt
bcsstk04,DYNAMIC_LARGEST_FIRST,13,123,129,0.015267175572519083,data\processed\initial_graph_coloring_dataset\colpack_outputs_week15_extra_orderings\bcsstk04_dynamic_largest_first.txt
bcsstk04,DYNAMIC_LARGEST_FIRST,13,131,130,0.007633587786259542,data\processed\initial_graph_coloring_dataset\colpack_outputs_week15_extra_orderings\bcsstk04_dynamic_largest_first.txt
bcsstk04,DYNAMIC_LARGEST_FIRST,13,127,131,0.0,data\processed\initial_graph_coloring_dataset\colpack_outputs_week15_extra_orderings\bcsstk04_dynamic_largest_first.txt
bcsstk05,DYNAMIC_LARGEST_FIRST,9,140,0,1.0,data\processed\initial_graph_coloring_dataset\colpack_outputs_week15_extra_orderings\bcsstk05_dynamic_largest_first.txt
bcsstk05,DYNAMIC_LARGEST_FIRST,9,137,1,0.993421052631579,data\processed\initial_graph_coloring_dataset\colpack_outputs_week15_extra_orderings\bcsstk05_dynamic_largest_first.txt
bcsstk05,DYNAMIC_LARGEST_FIRST,9,135,2,0.9868421052631579,data\processed\initial_graph_coloring_dataset\colpack_outputs_week15_extra_orderings\bcsstk05_dynamic_largest_first.txt
bcsstk05,DYNAMIC_LARGEST_FIRST,9,132,3,0.9802631578947368,data\processed\initial_graph_coloring_dataset\colpack_outputs_week15_extra_orderings\bcsstk05_dynamic_largest_first.txt
bcsstk05,DYNAMIC_LARGEST_FIRST,9,138,4,0.9736842105263158,data\processed\initial_graph_coloring_dataset\colpack_outputs_week15_extra_orderings\bcsstk05_dynamic_largest_first.txt
bcsstk05,DYNAMIC_LARGEST_FIRST,9,116,5,0.9671052631578947,data\processed\initial_graph_coloring_dataset\colpack_outputs_week15_extra_orderings\bcsstk05_dynamic_largest_first.txt
bcsstk05,DYNAMIC_LARGEST_FIRST,9,107,6,0.9605263157894737,data\processed\initial_graph_coloring_dataset\colpack_outputs_week15_extra_orderings\bcsstk05_dynamic_largest_first.txt
bcsstk05,DYNAMIC_LARGEST_FIRST,9,110,7,0.9539473684210527,data\processed\initial_graph_coloring_dataset\colpack_outputs_week15_extra_orderings\bcsstk05_dynamic_largest_first.txt
bcsstk05,DYNAMIC_LARGEST_FIRST,9,113,8,0.9473684210526315,data\processed\initial_graph_coloring_dataset\colpack_outputs_week15_extra_orderings\bcsstk05_dynamic_largest_first.txt
bcsstk05,DYNAMIC_LARGEST_FIRST,9,92,9,0.9407894736842105,data\processed\initial_graph_coloring_dataset\colpack_outputs_week15_extra_orderings\bcsstk05_dynamic_largest_first.txt
bcsstk05,DYNAMIC_LARGEST_FIRST,9,89,10,0.9342105263157895,data\processed\initial_graph_coloring_dataset\colpack_outputs_week15_extra_orderings\bcsstk05_dynamic_largest_first.txt
bcsstk05,DYNAMIC_LARGEST_FIRST,9,86,11,0.9276315789473685,data\processed\initial_graph_coloring_dataset\colpack_outputs_week15_extra_orderings\bcsstk05_dynamic_largest_first.txt
bcsstk05,DYNAMIC_LARGEST_FIRST,9,83,12,0.9210526315789473,data\processed\initial_graph_coloring_dataset\colpack_outputs_week15_extra_orderings\bcsstk05_dynamic_largest_first.txt
bcsstk05,DYNAMIC_LARGEST_FIRST,9,82,13,0.9144736842105263,data\processed\initial_graph_coloring_dataset\colpack_outputs_week15_extra_orderings\bcsstk05_dynamic_largest_first.txt
bcsstk05,DYNAMIC_LARGEST_FIRST,9,85,14,0.9078947368421053,data\processed\initial_graph_coloring_dataset\colpack_outputs_week15_extra_orderings\bcsstk05_dynamic_largest_first.txt
bcsstk05,DYNAMIC_LARGEST_FIRST,9,88,15,0.9013157894736842,data\processed\initial_graph_coloring_dataset\colpack_outputs_week15_extra_orderings\bcsstk05_dynamic_largest_first.txt
bcsstk05,DYNAMIC_LARGEST_FIRST,9,91,16,0.8947368421052632,data\processed\initial_graph_coloring_dataset\colpack_outputs_week15_extra_orderings\bcsstk05_dynamic_largest_first.txt
bcsstk05,DYNAMIC_LARGEST_FIRST,9,112,17,0.8881578947368421,data\processed\initial_graph_coloring_dataset\colpack_outputs_week15_extra_orderings\bcsstk05_dynamic_largest_first.txt
bcsstk05,DYNAMIC_LARGEST_FIRST,9,109,18,0.881578947368421,data\processed\initial_graph_coloring_dataset\colpack_outputs_week15_extra_orderings\bcsstk05_dynamic_largest_first.txt
bcsstk05,DYNAMIC_LARGEST_FIRST,9,105,19,0.875,data\processed\initial_graph_coloring_dataset\colpack_outputs_week15_extra_orderings\bcsstk05_dynamic_largest_first.txt
bcsstk05,DYNAMIC_LARGEST_FIRST,9,114,20,0.868421052631579,data\processed\initial_graph_coloring_dataset\colpack_outputs_week15_extra_orderings\bcsstk05_dynamic_largest_first.txt
bcsstk05,DYNAMIC_LARGEST_FIRST,9,133,21,0.8618421052631579,data\processed\initial_graph_coloring_dataset\colpack_outputs_week15_extra_orderings\bcsstk05_dynamic_largest_first.txt
bcsstk05,DYNAMIC_LARGEST_FIRST,9,134,22,0.8552631578947368,data\processed\initial_graph_coloring_dataset\colpack_outputs_week15_extra_orderings\bcsstk05_dynamic_largest_first.txt
bcsstk05,DYNAMIC_LARGEST_FIRST,9,115,23,0.8486842105263158,data\processed\initial_graph_coloring_dataset\colpack_outputs_week15_extra_orderings\bcsstk05_dynamic_largest_first.txt
bcsstk05,DYNAMIC_LARGEST_FIRST,9,106,24,0.8421052631578947,data\processed\initial_graph_coloring_dataset\colpack_outputs_week15_extra_orderings\bcsstk05_dynamic_largest_first.txt
bcsstk05,DYNAMIC_LARGEST_FIRST,9,108,25,0.8355263157894737,data\processed\initial_graph_coloring_dataset\colpack_outputs_week15_extra_orderings\bcsstk05_dynamic_largest_first.txt
bcsstk05,DYNAMIC_LARGEST_FIRST,9,111,26,0.8289473684210527,data\processed\initial_graph_coloring_dataset\colpack_outputs_week15_extra_orderings\bcsstk05_dynamic_largest_first.txt
bcsstk05,DYNAMIC_LARGEST_FIRST,9,90,27,0.8223684210526315,data\processed\initial_graph_coloring_dataset\colpack_outputs_week15_extra_orderings\bcsstk05_dynamic_largest_first.txt
bcsstk05,DYNAMIC_LARGEST_FIRST,9,87,28,0.8157894736842105,data\processed\initial_graph_coloring_dataset\colpack_outputs_week15_extra_orderings\bcsstk05_dynamic_largest_first.txt
bcsstk05,DYNAMIC_LARGEST_FIRST,9,84,29,0.8092105263157895,data\processed\initial_graph_coloring_dataset\colpack_outputs_week15_extra_orderings\bcsstk05_dynamic_largest_first.txt
bcsstk05,DYNAMIC_LARGEST_FIRST,9,81,30,0.8026315789473685,data\processed\initial_graph_coloring_dataset\colpack_outputs_week15_extra_orderings\bcsstk05_dynamic_largest_first.txt
bcsstk05,DYNAMIC_LARGEST_FIRST,9,139,31,0.7960526315789473,data\processed\initial_graph_coloring_dataset\colpack_outputs_week15_extra_orderings\bcsstk05_dynamic_largest_first.txt
bcsstk05,DYNAMIC_LARGEST_FIRST,9,136,32,0.7894736842105263,data\processed\initial_graph_coloring_dataset\colpack_outputs_week15_extra_orderings\bcsstk05_dynamic_largest_first.txt
bcsstk05,DYNAMIC_LARGEST_FIRST,9,129,33,0.7828947368421053,data\processed\initial_graph_coloring_dataset\colpack_outputs_week15_extra_orderings\bcsstk05_dynamic_largest_first.txt
bcsstk05,DYNAMIC_LARGEST_FIRST,9,1,34,0.7763157894736842,data\processed\initial_graph_coloring_dataset\colpack_outputs_week15_extra_orderings\bcsstk05_dynamic_largest_first.txt
bcsstk05,DYNAMIC_LARGEST_FIRST,9,131,35,0.7697368421052632,data\processed\initial_graph_coloring_dataset\colpack_outputs_week15_extra_orderings\bcsstk05_dynamic_largest_first.txt
bcsstk05,DYNAMIC_LARGEST_FIRST,9,0,36,0.7631578947368421,data\processed\initial_graph_coloring_dataset\colpack_outputs_week15_extra_orderings\bcsstk05_dynamic_largest_first.txt
bcsstk05,DYNAMIC_LARGEST_FIRST,9,130,37,0.756578947368421,data\processed\initial_graph_coloring_dataset\colpack_outputs_week15_extra_orderings\bcsstk05_dynamic_largest_first.txt
bcsstk05,DYNAMIC_LARGEST_FIRST,9,61,38,0.75,data\processed\initial_graph_coloring_dataset\colpack_outputs_week15_extra_orderings\bcsstk05_dynamic_largest_first.txt
bcsstk05,DYNAMIC_LARGEST_FIRST,9,58,39,0.743421052631579,data\processed\initial_graph_coloring_dataset\colpack_outputs_week15_extra_orderings\bcsstk05_dynamic_largest_first.txt
bcsstk05,DYNAMIC_LARGEST_FIRST,9,55,40,0.7368421052631579,data\processed\initial_graph_coloring_dataset\colpack_outputs_week15_extra_orderings\bcsstk05_dynamic_largest_first.txt
bcsstk05,DYNAMIC_LARGEST_FIRST,9,52,41,0.7302631578947368,data\processed\initial_graph_coloring_dataset\colpack_outputs_week15_extra_orderings\bcsstk05_dynamic_largest_first.txt
bcsstk05,DYNAMIC_LARGEST_FIRST,9,31,42,0.7236842105263158,data\processed\initial_graph_coloring_dataset\colpack_outputs_week15_extra_orderings\bcsstk05_dynamic_largest_first.txt
bcsstk05,DYNAMIC_LARGEST_FIRST,9,28,43,0.7171052631578947,data\processed\initial_graph_coloring_dataset\colpack_outputs_week15_extra_orderings\bcsstk05_dynamic_largest_first.txt
bcsstk05,DYNAMIC_LARGEST_FIRST,9,25,44,0.7105263157894737,data\processed\initial_graph_coloring_dataset\colpack_outputs_week15_extra_orderings\bcsstk05_dynamic_largest_first.txt
bcsstk05,DYNAMIC_LARGEST_FIRST,9,22,45,0.7039473684210527,data\processed\initial_graph_coloring_dataset\colpack_outputs_week15_extra_orderings\bcsstk05_dynamic_largest_first.txt
bcsstk05,DYNAMIC_LARGEST_FIRST,9,2,46,0.6973684210526315,data\processed\initial_graph_coloring_dataset\colpack_outputs_week15_extra_orderings\bcsstk05_dynamic_largest_first.txt
bcsstk05,DYNAMIC_LARGEST_FIRST,9,33,47,0.6907894736842105,data\processed\initial_graph_coloring_dataset\colpack_outputs_week15_extra_orderings\bcsstk05_dynamic_largest_first.txt
bcsstk05,DYNAMIC_LARGEST_FIRST,9,41,48,0.6842105263157895,data\processed\initial_graph_coloring_dataset\colpack_outputs_week15_extra_orderings\bcsstk05_dynamic_largest_first.txt
bcsstk05,DYNAMIC_LARGEST_FIRST,9,72,49,0.6776315789473685,data\processed\initial_graph_coloring_dataset\colpack_outputs_week15_extra_orderings\bcsstk05_dynamic_largest_first.txt
bcsstk05,DYNAMIC_LARGEST_FIRST,9,63,50,0.6710526315789473,data\processed\initial_graph_coloring_dataset\colpack_outputs_week15_extra_orderings\bcsstk05_dynamic_largest_first.txt
bcsstk05,DYNAMIC_LARGEST_FIRST,9,18,51,0.6644736842105263,data\processed\initial_graph_coloring_dataset\colpack_outputs_week15_extra_orderings\bcsstk05_dynamic_largest_first.txt
bcsstk05,DYNAMIC_LARGEST_FIRST,9,35,52,0.6578947368421053,data\processed\initial_graph_coloring_dataset\colpack_outputs_week15_extra_orderings\bcsstk05_dynamic_largest_first.txt
bcsstk05,DYNAMIC_LARGEST_FIRST,9,26,53,0.6513157894736842,data\processed\initial_graph_coloring_dataset\colpack_outputs_week15_extra_orderings\bcsstk05_dynamic_largest_first.txt
bcsstk05,DYNAMIC_LARGEST_FIRST,9,65,54,0.6447368421052632,data\processed\initial_graph_coloring_dataset\colpack_outputs_week15_extra_orderings\bcsstk05_dynamic_largest_first.txt
bcsstk05,DYNAMIC_LARGEST_FIRST,9,74,55,0.6381578947368421,data\processed\initial_graph_coloring_dataset\colpack_outputs_week15_extra_orderings\bcsstk05_dynamic_largest_first.txt
bcsstk05,DYNAMIC_LARGEST_FIRST,9,39,56,0.631578947368421,data\processed\initial_graph_coloring_dataset\colpack_outputs_week15_extra_orderings\bcsstk05_dynamic_largest_first.txt
bcsstk05,DYNAMIC_LARGEST_FIRST,9,29,57,0.625,data\processed\initial_graph_coloring_dataset\colpack_outputs_week15_extra_orderings\bcsstk05_dynamic_largest_first.txt
bcsstk05,DYNAMIC_LARGEST_FIRST,9,24,58,0.618421052631579,data\processed\initial_graph_coloring_dataset\colpack_outputs_week15_extra_orderings\bcsstk05_dynamic_largest_first.txt
bcsstk05,DYNAMIC_LARGEST_FIRST,9,9,59,0.6118421052631579,data\processed\initial_graph_coloring_dataset\colpack_outputs_week15_extra_orderings\bcsstk05_dynamic_largest_first.txt
bcsstk05,DYNAMIC_LARGEST_FIRST,9,45,60,0.6052631578947368,data\processed\initial_graph_coloring_dataset\colpack_outputs_week15_extra_orderings\bcsstk05_dynamic_largest_first.txt
bcsstk05,DYNAMIC_LARGEST_FIRST,9,62,61,0.5986842105263158,data\processed\initial_graph_coloring_dataset\colpack_outputs_week15_extra_orderings\bcsstk05_dynamic_largest_first.txt
bcsstk05,DYNAMIC_LARGEST_FIRST,9,53,62,0.5921052631578947,data\processed\initial_graph_coloring_dataset\colpack_outputs_week15_extra_orderings\bcsstk05_dynamic_largest_first.txt
bcsstk05,DYNAMIC_LARGEST_FIRST,9,71,63,0.5855263157894737,data\processed\initial_graph_coloring_dataset\colpack_outputs_week15_extra_orderings\bcsstk05_dynamic_largest_first.txt
bcsstk05,DYNAMIC_LARGEST_FIRST,9,54,64,0.5789473684210527,data\processed\initial_graph_coloring_dataset\colpack_outputs_week15_extra_orderings\bcsstk05_dynamic_largest_first.txt
bcsstk05,DYNAMIC_LARGEST_FIRST,9,23,65,0.5723684210526315,data\processed\initial_graph_coloring_dataset\colpack_outputs_week15_extra_orderings\bcsstk05_dynamic_largest_first.txt
bcsstk05,DYNAMIC_LARGEST_FIRST,9,57,66,0.5657894736842105,data\processed\initial_graph_coloring_dataset\colpack_outputs_week15_extra_orderings\bcsstk05_dynamic_largest_first.txt
bcsstk05,DYNAMIC_LARGEST_FIRST,9,27,67,0.5592105263157895,data\processed\initial_graph_coloring_dataset\colpack_outputs_week15_extra_orderings\bcsstk05_dynamic_largest_first.txt
bcsstk05,DYNAMIC_LARGEST_FIRST,9,32,68,0.5526315789473685,data\processed\initial_graph_coloring_dataset\colpack_outputs_week15_extra_orderings\bcsstk05_dynamic_largest_first.txt
bcsstk05,DYNAMIC_LARGEST_FIRST,9,143,69,0.5460526315789473,data\processed\initial_graph_coloring_dataset\colpack_outputs_week15_extra_orderings\bcsstk05_dynamic_largest_first.txt
bcsstk05,DYNAMIC_LARGEST_FIRST,9,15,70,0.5394736842105263,data\processed\initial_graph_coloring_dataset\colpack_outputs_week15_extra_orderings\bcsstk05_dynamic_largest_first.txt
bcsstk05,DYNAMIC_LARGEST_FIRST,9,141,71,0.5328947368421053,data\processed\initial_graph_coloring_dataset\colpack_outputs_week15_extra_orderings\bcsstk05_dynamic_largest_first.txt
bcsstk05,DYNAMIC_LARGEST_FIRST,9,11,72,0.5263157894736842,data\processed\initial_graph_coloring_dataset\colpack_outputs_week15_extra_orderings\bcsstk05_dynamic_largest_first.txt
bcsstk05,DYNAMIC_LARGEST_FIRST,9,69,73,0.5197368421052632,data\processed\initial_graph_coloring_dataset\colpack_outputs_week15_extra_orderings\bcsstk05_dynamic_largest_first.txt
bcsstk05,DYNAMIC_LARGEST_FIRST,9,56,74,0.5131578947368421,data\processed\initial_graph_coloring_dataset\colpack_outputs_week15_extra_orderings\bcsstk05_dynamic_largest_first.txt
bcsstk05,DYNAMIC_LARGEST_FIRST,9,8,75,0.506578947368421,data\processed\initial_graph_coloring_dataset\colpack_outputs_week15_extra_orderings\bcsstk05_dynamic_largest_first.txt
bcsstk05,DYNAMIC_LARGEST_FIRST,9,60,76,0.5,data\processed\initial_graph_coloring_dataset\colpack_outputs_week15_extra_orderings\bcsstk05_dynamic_largest_first.txt
bcsstk05,DYNAMIC_LARGEST_FIRST,9,6,77,0.4934210526315789,data\processed\initial_graph_coloring_dataset\colpack_outputs_week15_extra_orderings\bcsstk05_dynamic_largest_first.txt
bcsstk05,DYNAMIC_LARGEST_FIRST,9,20,78,0.4868421052631579,data\processed\initial_graph_coloring_dataset\colpack_outputs_week15_extra_orderings\bcsstk05_dynamic_largest_first.txt
bcsstk05,DYNAMIC_LARGEST_FIRST,9,80,79,0.48026315789473684,data\processed\initial_graph_coloring_dataset\colpack_outputs_week15_extra_orderings\bcsstk05_dynamic_largest_first.txt
bcsstk05,DYNAMIC_LARGEST_FIRST,9,126,80,0.47368421052631576,data\processed\initial_graph_coloring_dataset\colpack_outputs_week15_extra_orderings\bcsstk05_dynamic_largest_first.txt
bcsstk05,DYNAMIC_LARGEST_FIRST,9,51,81,0.46710526315789475,data\processed\initial_graph_coloring_dataset\colpack_outputs_week15_extra_orderings\bcsstk05_dynamic_largest_first.txt
bcsstk05,DYNAMIC_LARGEST_FIRST,9,75,82,0.4605263157894737,data\processed\initial_graph_coloring_dataset\colpack_outputs_week15_extra_orderings\bcsstk05_dynamic_largest_first.txt
bcsstk05,DYNAMIC_LARGEST_FIRST,9,21,83,0.45394736842105265,data\processed\initial_graph_coloring_dataset\colpack_outputs_week15_extra_orderings\bcsstk05_dynamic_largest_first.txt
bcsstk05,DYNAMIC_LARGEST_FIRST,9,50,84,0.4473684210526316,data\processed\initial_graph_coloring_dataset\colpack_outputs_week15_extra_orderings\bcsstk05_dynamic_largest_first.txt
bcsstk05,DYNAMIC_LARGEST_FIRST,9,59,85,0.4407894736842105,data\processed\initial_graph_coloring_dataset\colpack_outputs_week15_extra_orderings\bcsstk05_dynamic_largest_first.txt
bcsstk05,DYNAMIC_LARGEST_FIRST,9,47,86,0.4342105263157895,data\processed\initial_graph_coloring_dataset\colpack_outputs_week15_extra_orderings\bcsstk05_dynamic_largest_first.txt
bcsstk05,DYNAMIC_LARGEST_FIRST,9,17,87,0.4276315789473684,data\processed\initial_graph_coloring_dataset\colpack_outputs_week15_extra_orderings\bcsstk05_dynamic_largest_first.txt
bcsstk05,DYNAMIC_LARGEST_FIRST,9,146,88,0.42105263157894735,data\processed\initial_graph_coloring_dataset\colpack_outputs_week15_extra_orderings\bcsstk05_dynamic_largest_first.txt
bcsstk05,DYNAMIC_LARGEST_FIRST,9,150,89,0.4144736842105263,data\processed\initial_graph_coloring_dataset\colpack_outputs_week15_extra_orderings\bcsstk05_dynamic_largest_first.txt
bcsstk05,DYNAMIC_LARGEST_FIRST,9,30,90,0.40789473684210525,data\processed\initial_graph_coloring_dataset\colpack_outputs_week15_extra_orderings\bcsstk05_dynamic_largest_first.txt
bcsstk05,DYNAMIC_LARGEST_FIRST,9,66,91,0.40131578947368424,data\processed\initial_graph_coloring_dataset\colpack_outputs_week15_extra_orderings\bcsstk05_dynamic_largest_first.txt
bcsstk05,DYNAMIC_LARGEST_FIRST,9,38,92,0.39473684210526316,data\processed\initial_graph_coloring_dataset\colpack_outputs_week15_extra_orderings\bcsstk05_dynamic_largest_first.txt
bcsstk05,DYNAMIC_LARGEST_FIRST,9,128,93,0.3881578947368421,data\processed\initial_graph_coloring_dataset\colpack_outputs_week15_extra_orderings\bcsstk05_dynamic_largest_first.txt
bcsstk05,DYNAMIC_LARGEST_FIRST,9,147,94,0.3815789473684211,data\processed\initial_graph_coloring_dataset\colpack_outputs_week15_extra_orderings\bcsstk05_dynamic_largest_first.txt
bcsstk05,DYNAMIC_LARGEST_FIRST,9,121,95,0.375,data\processed\initial_graph_coloring_dataset\colpack_outputs_week15_extra_orderings\bcsstk05_dynamic_largest_first.txt
bcsstk05,DYNAMIC_LARGEST_FIRST,9,118,96,0.3684210526315789,data\processed\initial_graph_coloring_dataset\colpack_outputs_week15_extra_orderings\bcsstk05_dynamic_largest_first.txt
bcsstk05,DYNAMIC_LARGEST_FIRST,9,125,97,0.3618421052631579,data\processed\initial_graph_coloring_dataset\colpack_outputs_week15_extra_orderings\bcsstk05_dynamic_largest_first.txt
bcsstk05,DYNAMIC_LARGEST_FIRST,9,104,98,0.35526315789473684,data\processed\initial_graph_coloring_dataset\colpack_outputs_week15_extra_orderings\bcsstk05_dynamic_largest_first.txt
bcsstk05,DYNAMIC_LARGEST_FIRST,9,98,99,0.34868421052631576,data\processed\initial_graph_coloring_dataset\colpack_outputs_week15_extra_orderings\bcsstk05_dynamic_largest_first.txt
bcsstk05,DYNAMIC_LARGEST_FIRST,9,95,100,0.34210526315789475,data\processed\initial_graph_coloring_dataset\colpack_outputs_week15_extra_orderings\bcsstk05_dynamic_largest_first.txt
bcsstk05,DYNAMIC_LARGEST_FIRST,9,101,101,0.3355263157894737,data\processed\initial_graph_coloring_dataset\colpack_outputs_week15_extra_orderings\bcsstk05_dynamic_largest_first.txt
bcsstk05,DYNAMIC_LARGEST_FIRST,9,100,102,0.32894736842105265,data\processed\initial_graph_coloring_dataset\colpack_outputs_week15_extra_orderings\bcsstk05_dynamic_largest_first.txt
bcsstk05,DYNAMIC_LARGEST_FIRST,9,94,103,0.3223684210526316,data\processed\initial_graph_coloring_dataset\colpack_outputs_week15_extra_orderings\bcsstk05_dynamic_largest_first.txt
bcsstk05,DYNAMIC_LARGEST_FIRST,9,97,104,0.3157894736842105,data\processed\initial_graph_coloring_dataset\colpack_outputs_week15_extra_orderings\bcsstk05_dynamic_largest_first.txt
bcsstk05,DYNAMIC_LARGEST_FIRST,9,103,105,0.3092105263157895,data\processed\initial_graph_coloring_dataset\colpack_outputs_week15_extra_orderings\bcsstk05_dynamic_largest_first.txt
bcsstk05,DYNAMIC_LARGEST_FIRST,9,124,106,0.3026315789473684,data\processed\initial_graph_coloring_dataset\colpack_outputs_week15_extra_orderings\bcsstk05_dynamic_largest_first.txt
bcsstk05,DYNAMIC_LARGEST_FIRST,9,119,107,0.29605263157894735,data\processed\initial_graph_coloring_dataset\colpack_outputs_week15_extra_orderings\bcsstk05_dynamic_largest_first.txt
bcsstk05,DYNAMIC_LARGEST_FIRST,9,122,108,0.2894736842105263,data\processed\initial_graph_coloring_dataset\colpack_outputs_week15_extra_orderings\bcsstk05_dynamic_largest_first.txt
bcsstk05,DYNAMIC_LARGEST_FIRST,9,149,109,0.28289473684210525,data\processed\initial_graph_coloring_dataset\colpack_outputs_week15_extra_orderings\bcsstk05_dynamic_largest_first.txt
bcsstk05,DYNAMIC_LARGEST_FIRST,9,142,110,0.27631578947368424,data\processed\initial_graph_coloring_dataset\colpack_outputs_week15_extra_orderings\bcsstk05_dynamic_largest_first.txt
bcsstk05,DYNAMIC_LARGEST_FIRST,9,37,111,0.26973684210526316,data\processed\initial_graph_coloring_dataset\colpack_outputs_week15_extra_orderings\bcsstk05_dynamic_largest_first.txt
bcsstk05,DYNAMIC_LARGEST_FIRST,9,68,112,0.2631578947368421,data\processed\initial_graph_coloring_dataset\colpack_outputs_week15_extra_orderings\bcsstk05_dynamic_largest_first.txt
bcsstk05,DYNAMIC_LARGEST_FIRST,9,144,113,0.2565789473684211,data\processed\initial_graph_coloring_dataset\colpack_outputs_week15_extra_orderings\bcsstk05_dynamic_largest_first.txt
bcsstk05,DYNAMIC_LARGEST_FIRST,9,152,114,0.25,data\processed\initial_graph_coloring_dataset\colpack_outputs_week15_extra_orderings\bcsstk05_dynamic_largest_first.txt
bcsstk05,DYNAMIC_LARGEST_FIRST,9,77,115,0.24342105263157895,data\processed\initial_graph_coloring_dataset\colpack_outputs_week15_extra_orderings\bcsstk05_dynamic_largest_first.txt
bcsstk05,DYNAMIC_LARGEST_FIRST,9,48,116,0.23684210526315788,data\processed\initial_graph_coloring_dataset\colpack_outputs_week15_extra_orderings\bcsstk05_dynamic_largest_first.txt
bcsstk05,DYNAMIC_LARGEST_FIRST,9,3,117,0.23026315789473684,data\processed\initial_graph_coloring_dataset\colpack_outputs_week15_extra_orderings\bcsstk05_dynamic_largest_first.txt
bcsstk05,DYNAMIC_LARGEST_FIRST,9,78,118,0.2236842105263158,data\processed\initial_graph_coloring_dataset\colpack_outputs_week15_extra_orderings\bcsstk05_dynamic_largest_first.txt
bcsstk05,DYNAMIC_LARGEST_FIRST,9,43,119,0.21710526315789475,data\processed\initial_graph_coloring_dataset\colpack_outputs_week15_extra_orderings\bcsstk05_dynamic_largest_first.txt
bcsstk05,DYNAMIC_LARGEST_FIRST,9,13,120,0.21052631578947367,data\processed\initial_graph_coloring_dataset\colpack_outputs_week15_extra_orderings\bcsstk05_dynamic_largest_first.txt
bcsstk05,DYNAMIC_LARGEST_FIRST,9,12,121,0.20394736842105263,data\processed\initial_graph_coloring_dataset\colpack_outputs_week15_extra_orderings\bcsstk05_dynamic_largest_first.txt
bcsstk05,DYNAMIC_LARGEST_FIRST,9,42,122,0.19736842105263158,data\processed\initial_graph_coloring_dataset\colpack_outputs_week15_extra_orderings\bcsstk05_dynamic_largest_first.txt
bcsstk05,DYNAMIC_LARGEST_FIRST,9,79,123,0.19078947368421054,data\processed\initial_graph_coloring_dataset\colpack_outputs_week15_extra_orderings\bcsstk05_dynamic_largest_first.txt
bcsstk05,DYNAMIC_LARGEST_FIRST,9,4,124,0.18421052631578946,data\processed\initial_graph_coloring_dataset\colpack_outputs_week15_extra_orderings\bcsstk05_dynamic_largest_first.txt
bcsstk05,DYNAMIC_LARGEST_FIRST,9,49,125,0.17763157894736842,data\processed\initial_graph_coloring_dataset\colpack_outputs_week15_extra_orderings\bcsstk05_dynamic_largest_first.txt
bcsstk05,DYNAMIC_LARGEST_FIRST,9,76,126,0.17105263157894737,data\processed\initial_graph_coloring_dataset\colpack_outputs_week15_extra_orderings\bcsstk05_dynamic_largest_first.txt
bcsstk05,DYNAMIC_LARGEST_FIRST,9,151,127,0.16447368421052633,data\processed\initial_graph_coloring_dataset\colpack_outputs_week15_extra_orderings\bcsstk05_dynamic_largest_first.txt
bcsstk05,DYNAMIC_LARGEST_FIRST,9,145,128,0.15789473684210525,data\processed\initial_graph_coloring_dataset\colpack_outputs_week15_extra_orderings\bcsstk05_dynamic_largest_first.txt
bcsstk05,DYNAMIC_LARGEST_FIRST,9,67,129,0.1513157894736842,data\processed\initial_graph_coloring_dataset\colpack_outputs_week15_extra_orderings\bcsstk05_dynamic_largest_first.txt
bcsstk05,DYNAMIC_LARGEST_FIRST,9,36,130,0.14473684210526316,data\processed\initial_graph_coloring_dataset\colpack_outputs_week15_extra_orderings\bcsstk05_dynamic_largest_first.txt
bcsstk05,DYNAMIC_LARGEST_FIRST,9,127,131,0.13815789473684212,data\processed\initial_graph_coloring_dataset\colpack_outputs_week15_extra_orderings\bcsstk05_dynamic_largest_first.txt
bcsstk05,DYNAMIC_LARGEST_FIRST,9,148,132,0.13157894736842105,data\processed\initial_graph_coloring_dataset\colpack_outputs_week15_extra_orderings\bcsstk05_dynamic_largest_first.txt
bcsstk05,DYNAMIC_LARGEST_FIRST,9,120,133,0.125,data\processed\initial_graph_coloring_dataset\colpack_outputs_week15_extra_orderings\bcsstk05_dynamic_largest_first.txt
bcsstk05,DYNAMIC_LARGEST_FIRST,9,117,134,0.11842105263157894,data\processed\initial_graph_coloring_dataset\colpack_outputs_week15_extra_orderings\bcsstk05_dynamic_largest_first.txt
bcsstk05,DYNAMIC_LARGEST_FIRST,9,123,135,0.1118421052631579,data\processed\initial_graph_coloring_dataset\colpack_outputs_week15_extra_orderings\bcsstk05_dynamic_largest_first.txt
bcsstk05,DYNAMIC_LARGEST_FIRST,9,102,136,0.10526315789473684,data\processed\initial_graph_coloring_dataset\colpack_outputs_week15_extra_orderings\bcsstk05_dynamic_largest_first.txt
bcsstk05,DYNAMIC_LARGEST_FIRST,9,96,137,0.09868421052631579,data\processed\initial_graph_coloring_dataset\colpack_outputs_week15_extra_orderings\bcsstk05_dynamic_largest_first.txt
bcsstk05,DYNAMIC_LARGEST_FIRST,9,93,138,0.09210526315789473,data\processed\initial_graph_coloring_dataset\colpack_outputs_week15_extra_orderings\bcsstk05_dynamic_largest_first.txt
bcsstk05,DYNAMIC_LARGEST_FIRST,9,99,139,0.08552631578947369,data\processed\initial_graph_coloring_dataset\colpack_outputs_week15_extra_orderings\bcsstk05_dynamic_largest_first.txt
bcsstk05,DYNAMIC_LARGEST_FIRST,9,46,140,0.07894736842105263,data\processed\initial_graph_coloring_dataset\colpack_outputs_week15_extra_orderings\bcsstk05_dynamic_largest_first.txt
bcsstk05,DYNAMIC_LARGEST_FIRST,9,34,141,0.07236842105263158,data\processed\initial_graph_coloring_dataset\colpack_outputs_week15_extra_orderings\bcsstk05_dynamic_largest_first.txt
bcsstk05,DYNAMIC_LARGEST_FIRST,9,16,142,0.06578947368421052,data\processed\initial_graph_coloring_dataset\colpack_outputs_week15_extra_orderings\bcsstk05_dynamic_largest_first.txt
bcsstk05,DYNAMIC_LARGEST_FIRST,9,14,143,0.05921052631578947,data\processed\initial_graph_coloring_dataset\colpack_outputs_week15_extra_orderings\bcsstk05_dynamic_largest_first.txt
bcsstk05,DYNAMIC_LARGEST_FIRST,9,44,144,0.05263157894736842,data\processed\initial_graph_coloring_dataset\colpack_outputs_week15_extra_orderings\bcsstk05_dynamic_largest_first.txt
bcsstk05,DYNAMIC_LARGEST_FIRST,9,73,145,0.046052631578947366,data\processed\initial_graph_coloring_dataset\colpack_outputs_week15_extra_orderings\bcsstk05_dynamic_largest_first.txt
bcsstk05,DYNAMIC_LARGEST_FIRST,9,70,146,0.039473684210526314,data\processed\initial_graph_coloring_dataset\colpack_outputs_week15_extra_orderings\bcsstk05_dynamic_largest_first.txt
bcsstk05,DYNAMIC_LARGEST_FIRST,9,40,147,0.03289473684210526,data\processed\initial_graph_coloring_dataset\colpack_outputs_week15_extra_orderings\bcsstk05_dynamic_largest_first.txt
bcsstk05,DYNAMIC_LARGEST_FIRST,9,10,148,0.02631578947368421,data\processed\initial_graph_coloring_dataset\colpack_outputs_week15_extra_orderings\bcsstk05_dynamic_largest_first.txt
bcsstk05,DYNAMIC_LARGEST_FIRST,9,64,149,0.019736842105263157,data\processed\initial_graph_coloring_dataset\colpack_outputs_week15_extra_orderings\bcsstk05_dynamic_largest_first.txt
bcsstk05,DYNAMIC_LARGEST_FIRST,9,19,150,0.013157894736842105,data\processed\initial_graph_coloring_dataset\colpack_outputs_week15_extra_orderings\bcsstk05_dynamic_largest_first.txt
bcsstk05,DYNAMIC_LARGEST_FIRST,9,5,151,0.006578947368421052,data\processed\initial_graph_coloring_dataset\colpack_outputs_week15_extra_orderings\bcsstk05_dynamic_largest_first.txt
bcsstk05,DYNAMIC_LARGEST_FIRST,9,7,152,0.0,data\processed\initial_graph_coloring_dataset\colpack_outputs_week15_extra_orderings\bcsstk05_dynamic_largest_first.txt
bcsstk06,DYNAMIC_LARGEST_FIRST,12,368,0,1.0,data\processed\initial_graph_coloring_dataset\colpack_outputs_week15_extra_orderings\bcsstk06_dynamic_largest_first.txt
bcsstk06,DYNAMIC_LARGEST_FIRST,12,356,1,0.9976133651551312,data\processed\initial_graph_coloring_dataset\colpack_outputs_week15_extra_orderings\bcsstk06_dynamic_largest_first.txt
bcsstk06,DYNAMIC_LARGEST_FIRST,12,116,2,0.9952267303102625,data\processed\initial_graph_coloring_dataset\colpack_outputs_week15_extra_orderings\bcsstk06_dynamic_largest_first.txt
bcsstk06,DYNAMIC_LARGEST_FIRST,12,104,3,0.9928400954653938,data\processed\initial_graph_coloring_dataset\colpack_outputs_week15_extra_orderings\bcsstk06_dynamic_largest_first.txt
bcsstk06,DYNAMIC_LARGEST_FIRST,12,68,4,0.9904534606205251,data\processed\initial_graph_coloring_dataset\colpack_outputs_week15_extra_orderings\bcsstk06_dynamic_largest_first.txt
bcsstk06,DYNAMIC_LARGEST_FIRST,12,56,5,0.9880668257756563,data\processed\initial_graph_coloring_dataset\colpack_outputs_week15_extra_orderings\bcsstk06_dynamic_largest_first.txt
bcsstk06,DYNAMIC_LARGEST_FIRST,12,102,6,0.9856801909307876,data\processed\initial_graph_coloring_dataset\colpack_outputs_week15_extra_orderings\bcsstk06_dynamic_largest_first.txt
bcsstk06,DYNAMIC_LARGEST_FIRST,12,114,7,0.9832935560859188,data\processed\initial_graph_coloring_dataset\colpack_outputs_week15_extra_orderings\bcsstk06_dynamic_largest_first.txt
bcsstk06,DYNAMIC_LARGEST_FIRST,12,66,8,0.9809069212410502,data\processed\initial_graph_coloring_dataset\colpack_outputs_week15_extra_orderings\bcsstk06_dynamic_largest_first.txt
bcsstk06,DYNAMIC_LARGEST_FIRST,12,366,9,0.9785202863961814,data\processed\initial_graph_coloring_dataset\colpack_outputs_week15_extra_orderings\bcsstk06_dynamic_largest_first.txt
bcsstk06,DYNAMIC_LARGEST_FIRST,12,354,10,0.9761336515513126,data\processed\initial_graph_coloring_dataset\colpack_outputs_week15_extra_orderings\bcsstk06_dynamic_largest_first.txt
bcsstk06,DYNAMIC_LARGEST_FIRST,12,342,11,0.9737470167064439,data\processed\initial_graph_coloring_dataset\colpack_outputs_week15_extra_orderings\bcsstk06_dynamic_largest_first.txt
bcsstk06,DYNAMIC_LARGEST_FIRST,12,51,12,0.9713603818615751,data\processed\initial_graph_coloring_dataset\colpack_outputs_week15_extra_orderings\bcsstk06_dynamic_largest_first.txt
bcsstk06,DYNAMIC_LARGEST_FIRST,12,90,13,0.9689737470167065,data\processed\initial_graph_coloring_dataset\colpack_outputs_week15_extra_orderings\bcsstk06_dynamic_largest_first.txt
bcsstk06,DYNAMIC_LARGEST_FIRST,12,320,14,0.9665871121718377,data\processed\initial_graph_coloring_dataset\colpack_outputs_week15_extra_orderings\bcsstk06_dynamic_largest_first.txt
bcsstk06,DYNAMIC_LARGEST_FIRST,12,91,15,0.964200477326969,data\processed\initial_graph_coloring_dataset\colpack_outputs_week15_extra_orderings\bcsstk06_dynamic_largest_first.txt
bcsstk06,DYNAMIC_LARGEST_FIRST,12,363,16,0.9618138424821002,data\processed\initial_graph_coloring_dataset\colpack_outputs_week15_extra_orderings\bcsstk06_dynamic_largest_first.txt
bcsstk06,DYNAMIC_LARGEST_FIRST,12,351,17,0.9594272076372315,data\processed\initial_graph_coloring_dataset\colpack_outputs_week15_extra_orderings\bcsstk06_dynamic_largest_first.txt
bcsstk06,DYNAMIC_LARGEST_FIRST,12,344,18,0.9570405727923628,data\processed\initial_graph_coloring_dataset\colpack_outputs_week15_extra_orderings\bcsstk06_dynamic_largest_first.txt
bcsstk06,DYNAMIC_LARGEST_FIRST,12,63,19,0.954653937947494,data\processed\initial_graph_coloring_dataset\colpack_outputs_week15_extra_orderings\bcsstk06_dynamic_largest_first.txt
bcsstk06,DYNAMIC_LARGEST_FIRST,12,113,20,0.9522673031026253,data\processed\initial_graph_coloring_dataset\colpack_outputs_week15_extra_orderings\bcsstk06_dynamic_largest_first.txt
bcsstk06,DYNAMIC_LARGEST_FIRST,12,53,21,0.9498806682577565,data\processed\initial_graph_coloring_dataset\colpack_outputs_week15_extra_orderings\bcsstk06_dynamic_largest_first.txt
bcsstk06,DYNAMIC_LARGEST_FIRST,12,101,22,0.9474940334128878,data\processed\initial_graph_coloring_dataset\colpack_outputs_week15_extra_orderings\bcsstk06_dynamic_largest_first.txt
bcsstk06,DYNAMIC_LARGEST_FIRST,12,99,23,0.9451073985680191,data\processed\initial_graph_coloring_dataset\colpack_outputs_week15_extra_orderings\bcsstk06_dynamic_largest_first.txt
bcsstk06,DYNAMIC_LARGEST_FIRST,12,54,24,0.9427207637231504,data\processed\initial_graph_coloring_dataset\colpack_outputs_week15_extra_orderings\bcsstk06_dynamic_largest_first.txt
bcsstk06,DYNAMIC_LARGEST_FIRST,12,111,25,0.9403341288782816,data\processed\initial_graph_coloring_dataset\colpack_outputs_week15_extra_orderings\bcsstk06_dynamic_largest_first.txt
bcsstk06,DYNAMIC_LARGEST_FIRST,12,92,26,0.9379474940334129,data\processed\initial_graph_coloring_dataset\colpack_outputs_week15_extra_orderings\bcsstk06_dynamic_largest_first.txt
bcsstk06,DYNAMIC_LARGEST_FIRST,12,343,27,0.9355608591885441,data\processed\initial_graph_coloring_dataset\colpack_outputs_week15_extra_orderings\bcsstk06_dynamic_largest_first.txt
bcsstk06,DYNAMIC_LARGEST_FIRST,12,149,28,0.9331742243436754,data\processed\initial_graph_coloring_dataset\colpack_outputs_week15_extra_orderings\bcsstk06_dynamic_largest_first.txt
bcsstk06,DYNAMIC_LARGEST_FIRST,12,140,29,0.9307875894988067,data\processed\initial_graph_coloring_dataset\colpack_outputs_week15_extra_orderings\bcsstk06_dynamic_largest_first.txt
bcsstk06,DYNAMIC_LARGEST_FIRST,12,188,30,0.9284009546539379,data\processed\initial_graph_coloring_dataset\colpack_outputs_week15_extra_orderings\bcsstk06_dynamic_largest_first.txt
bcsstk06,DYNAMIC_LARGEST_FIRST,12,65,31,0.9260143198090692,data\processed\initial_graph_coloring_dataset\colpack_outputs_week15_extra_orderings\bcsstk06_dynamic_largest_first.txt
bcsstk06,DYNAMIC_LARGEST_FIRST,12,365,32,0.9236276849642004,data\processed\initial_graph_coloring_dataset\colpack_outputs_week15_extra_orderings\bcsstk06_dynamic_largest_first.txt
bcsstk06,DYNAMIC_LARGEST_FIRST,12,200,33,0.9212410501193318,data\processed\initial_graph_coloring_dataset\colpack_outputs_week15_extra_orderings\bcsstk06_dynamic_largest_first.txt
bcsstk06,DYNAMIC_LARGEST_FIRST,12,317,34,0.918854415274463,data\processed\initial_graph_coloring_dataset\colpack_outputs_week15_extra_orderings\bcsstk06_dynamic_largest_first.txt
bcsstk06,DYNAMIC_LARGEST_FIRST,12,308,35,0.9164677804295943,data\processed\initial_graph_coloring_dataset\colpack_outputs_week15_extra_orderings\bcsstk06_dynamic_largest_first.txt
bcsstk06,DYNAMIC_LARGEST_FIRST,12,353,36,0.9140811455847255,data\processed\initial_graph_coloring_dataset\colpack_outputs_week15_extra_orderings\bcsstk06_dynamic_largest_first.txt
bcsstk06,DYNAMIC_LARGEST_FIRST,12,272,37,0.9116945107398569,data\processed\initial_graph_coloring_dataset\colpack_outputs_week15_extra_orderings\bcsstk06_dynamic_largest_first.txt
bcsstk06,DYNAMIC_LARGEST_FIRST,12,164,38,0.9093078758949881,data\processed\initial_graph_coloring_dataset\colpack_outputs_week15_extra_orderings\bcsstk06_dynamic_largest_first.txt
bcsstk06,DYNAMIC_LARGEST_FIRST,12,284,39,0.9069212410501193,data\processed\initial_graph_coloring_dataset\colpack_outputs_week15_extra_orderings\bcsstk06_dynamic_largest_first.txt
bcsstk06,DYNAMIC_LARGEST_FIRST,12,221,40,0.9045346062052506,data\processed\initial_graph_coloring_dataset\colpack_outputs_week15_extra_orderings\bcsstk06_dynamic_largest_first.txt
bcsstk06,DYNAMIC_LARGEST_FIRST,12,332,41,0.9021479713603818,data\processed\initial_graph_coloring_dataset\colpack_outputs_week15_extra_orderings\bcsstk06_dynamic_largest_first.txt
bcsstk06,DYNAMIC_LARGEST_FIRST,12,80,42,0.8997613365155132,data\processed\initial_graph_coloring_dataset\colpack_outputs_week15_extra_orderings\bcsstk06_dynamic_largest_first.txt
bcsstk06,DYNAMIC_LARGEST_FIRST,12,175,43,0.8973747016706444,data\processed\initial_graph_coloring_dataset\colpack_outputs_week15_extra_orderings\bcsstk06_dynamic_largest_first.txt
bcsstk06,DYNAMIC_LARGEST_FIRST,12,339,44,0.8949880668257757,data\processed\initial_graph_coloring_dataset\colpack_outputs_week15_extra_orderings\bcsstk06_dynamic_largest_first.txt
bcsstk06,DYNAMIC_LARGEST_FIRST,12,185,45,0.8926014319809069,data\processed\initial_graph_coloring_dataset\colpack_outputs_week15_extra_orderings\bcsstk06_dynamic_largest_first.txt
bcsstk06,DYNAMIC_LARGEST_FIRST,12,89,46,0.8902147971360382,data\processed\initial_graph_coloring_dataset\colpack_outputs_week15_extra_orderings\bcsstk06_dynamic_largest_first.txt
bcsstk06,DYNAMIC_LARGEST_FIRST,12,197,47,0.8878281622911695,data\processed\initial_graph_coloring_dataset\colpack_outputs_week15_extra_orderings\bcsstk06_dynamic_largest_first.txt
bcsstk06,DYNAMIC_LARGEST_FIRST,12,392,48,0.8854415274463007,data\processed\initial_graph_coloring_dataset\colpack_outputs_week15_extra_orderings\bcsstk06_dynamic_largest_first.txt
bcsstk06,DYNAMIC_LARGEST_FIRST,12,305,49,0.883054892601432,data\processed\initial_graph_coloring_dataset\colpack_outputs_week15_extra_orderings\bcsstk06_dynamic_largest_first.txt
bcsstk06,DYNAMIC_LARGEST_FIRST,12,137,50,0.8806682577565632,data\processed\initial_graph_coloring_dataset\colpack_outputs_week15_extra_orderings\bcsstk06_dynamic_largest_first.txt
bcsstk06,DYNAMIC_LARGEST_FIRST,12,233,51,0.8782816229116945,data\processed\initial_graph_coloring_dataset\colpack_outputs_week15_extra_orderings\bcsstk06_dynamic_largest_first.txt
bcsstk06,DYNAMIC_LARGEST_FIRST,12,404,52,0.8758949880668258,data\processed\initial_graph_coloring_dataset\colpack_outputs_week15_extra_orderings\bcsstk06_dynamic_largest_first.txt
bcsstk06,DYNAMIC_LARGEST_FIRST,12,269,53,0.8735083532219571,data\processed\initial_graph_coloring_dataset\colpack_outputs_week15_extra_orderings\bcsstk06_dynamic_largest_first.txt
bcsstk06,DYNAMIC_LARGEST_FIRST,12,259,54,0.8711217183770883,data\processed\initial_graph_coloring_dataset\colpack_outputs_week15_extra_orderings\bcsstk06_dynamic_largest_first.txt
bcsstk06,DYNAMIC_LARGEST_FIRST,12,224,55,0.8687350835322196,data\processed\initial_graph_coloring_dataset\colpack_outputs_week15_extra_orderings\bcsstk06_dynamic_largest_first.txt
bcsstk06,DYNAMIC_LARGEST_FIRST,12,152,56,0.8663484486873508,data\processed\initial_graph_coloring_dataset\colpack_outputs_week15_extra_orderings\bcsstk06_dynamic_largest_first.txt
bcsstk06,DYNAMIC_LARGEST_FIRST,12,260,57,0.863961813842482,data\processed\initial_graph_coloring_dataset\colpack_outputs_week15_extra_orderings\bcsstk06_dynamic_largest_first.txt
bcsstk06,DYNAMIC_LARGEST_FIRST,12,161,58,0.8615751789976134,data\processed\initial_graph_coloring_dataset\colpack_outputs_week15_extra_orderings\bcsstk06_dynamic_largest_first.txt
bcsstk06,DYNAMIC_LARGEST_FIRST,12,176,59,0.8591885441527446,data\processed\initial_graph_coloring_dataset\colpack_outputs_week15_extra_orderings\bcsstk06_dynamic_largest_first.txt
bcsstk06,DYNAMIC_LARGEST_FIRST,12,248,60,0.8568019093078759,data\processed\initial_graph_coloring_dataset\colpack_outputs_week15_extra_orderings\bcsstk06_dynamic_largest_first.txt
bcsstk06,DYNAMIC_LARGEST_FIRST,12,329,61,0.8544152744630071,data\processed\initial_graph_coloring_dataset\colpack_outputs_week15_extra_orderings\bcsstk06_dynamic_largest_first.txt
bcsstk06,DYNAMIC_LARGEST_FIRST,12,30,62,0.8520286396181385,data\processed\initial_graph_coloring_dataset\colpack_outputs_week15_extra_orderings\bcsstk06_dynamic_largest_first.txt
bcsstk06,DYNAMIC_LARGEST_FIRST,12,281,63,0.8496420047732697,data\processed\initial_graph_coloring_dataset\colpack_outputs_week15_extra_orderings\bcsstk06_dynamic_largest_first.txt
bcsstk06,DYNAMIC_LARGEST_FIRST,12,87,64,0.847255369928401,data\processed\initial_graph_coloring_dataset\colpack_outputs_week15_extra_orderings\bcsstk06_dynamic_largest_first.txt
bcsstk06,DYNAMIC_LARGEST_FIRST,12,77,65,0.8448687350835322,data\processed\initial_graph_coloring_dataset\colpack_outputs_week15_extra_orderings\bcsstk06_dynamic_largest_first.txt
bcsstk06,DYNAMIC_LARGEST_FIRST,12,341,66,0.8424821002386634,data\processed\initial_graph_coloring_dataset\colpack_outputs_week15_extra_orderings\bcsstk06_dynamic_largest_first.txt
bcsstk06,DYNAMIC_LARGEST_FIRST,12,115,67,0.8400954653937948,data\processed\initial_graph_coloring_dataset\colpack_outputs_week15_extra_orderings\bcsstk06_dynamic_largest_first.txt
bcsstk06,DYNAMIC_LARGEST_FIRST,12,318,68,0.837708830548926,data\processed\initial_graph_coloring_dataset\colpack_outputs_week15_extra_orderings\bcsstk06_dynamic_largest_first.txt
bcsstk06,DYNAMIC_LARGEST_FIRST,12,390,69,0.8353221957040573,data\processed\initial_graph_coloring_dataset\colpack_outputs_week15_extra_orderings\bcsstk06_dynamic_largest_first.txt
bcsstk06,DYNAMIC_LARGEST_FIRST,12,399,70,0.8329355608591885,data\processed\initial_graph_coloring_dataset\colpack_outputs_week15_extra_orderings\bcsstk06_dynamic_largest_first.txt
bcsstk06,DYNAMIC_LARGEST_FIRST,12,67,71,0.8305489260143198,data\processed\initial_graph_coloring_dataset\colpack_outputs_week15_extra_orderings\bcsstk06_dynamic_largest_first.txt
bcsstk06,DYNAMIC_LARGEST_FIRST,12,103,72,0.8281622911694511,data\processed\initial_graph_coloring_dataset\colpack_outputs_week15_extra_orderings\bcsstk06_dynamic_largest_first.txt
bcsstk06,DYNAMIC_LARGEST_FIRST,12,355,73,0.8257756563245824,data\processed\initial_graph_coloring_dataset\colpack_outputs_week15_extra_orderings\bcsstk06_dynamic_largest_first.txt
bcsstk06,DYNAMIC_LARGEST_FIRST,12,55,74,0.8233890214797136,data\processed\initial_graph_coloring_dataset\colpack_outputs_week15_extra_orderings\bcsstk06_dynamic_largest_first.txt
bcsstk06,DYNAMIC_LARGEST_FIRST,12,367,75,0.8210023866348448,data\processed\initial_graph_coloring_dataset\colpack_outputs_week15_extra_orderings\bcsstk06_dynamic_largest_first.txt
bcsstk06,DYNAMIC_LARGEST_FIRST,12,236,76,0.8186157517899761,data\processed\initial_graph_coloring_dataset\colpack_outputs_week15_extra_orderings\bcsstk06_dynamic_largest_first.txt
bcsstk06,DYNAMIC_LARGEST_FIRST,12,20,77,0.8162291169451074,data\processed\initial_graph_coloring_dataset\colpack_outputs_week15_extra_orderings\bcsstk06_dynamic_largest_first.txt
bcsstk06,DYNAMIC_LARGEST_FIRST,12,18,78,0.8138424821002387,data\processed\initial_graph_coloring_dataset\colpack_outputs_week15_extra_orderings\bcsstk06_dynamic_largest_first.txt
bcsstk06,DYNAMIC_LARGEST_FIRST,12,150,79,0.8114558472553699,data\processed\initial_graph_coloring_dataset\colpack_outputs_week15_extra_orderings\bcsstk06_dynamic_largest_first.txt
bcsstk06,DYNAMIC_LARGEST_FIRST,12,160,80,0.8090692124105012,data\processed\initial_graph_coloring_dataset\colpack_outputs_week15_extra_orderings\bcsstk06_dynamic_largest_first.txt
bcsstk06,DYNAMIC_LARGEST_FIRST,12,315,81,0.8066825775656324,data\processed\initial_graph_coloring_dataset\colpack_outputs_week15_extra_orderings\bcsstk06_dynamic_largest_first.txt
bcsstk06,DYNAMIC_LARGEST_FIRST,12,328,82,0.8042959427207638,data\processed\initial_graph_coloring_dataset\colpack_outputs_week15_extra_orderings\bcsstk06_dynamic_largest_first.txt
bcsstk06,DYNAMIC_LARGEST_FIRST,12,76,83,0.801909307875895,data\processed\initial_graph_coloring_dataset\colpack_outputs_week15_extra_orderings\bcsstk06_dynamic_largest_first.txt
bcsstk06,DYNAMIC_LARGEST_FIRST,12,387,84,0.7995226730310262,data\processed\initial_graph_coloring_dataset\colpack_outputs_week15_extra_orderings\bcsstk06_dynamic_largest_first.txt
bcsstk06,DYNAMIC_LARGEST_FIRST,12,257,85,0.7971360381861575,data\processed\initial_graph_coloring_dataset\colpack_outputs_week15_extra_orderings\bcsstk06_dynamic_largest_first.txt
bcsstk06,DYNAMIC_LARGEST_FIRST,12,245,86,0.7947494033412887,data\processed\initial_graph_coloring_dataset\colpack_outputs_week15_extra_orderings\bcsstk06_dynamic_largest_first.txt
bcsstk06,DYNAMIC_LARGEST_FIRST,12,29,87,0.7923627684964201,data\processed\initial_graph_coloring_dataset\colpack_outputs_week15_extra_orderings\bcsstk06_dynamic_largest_first.txt
bcsstk06,DYNAMIC_LARGEST_FIRST,12,173,88,0.7899761336515513,data\processed\initial_graph_coloring_dataset\colpack_outputs_week15_extra_orderings\bcsstk06_dynamic_largest_first.txt
bcsstk06,DYNAMIC_LARGEST_FIRST,12,32,89,0.7875894988066826,data\processed\initial_graph_coloring_dataset\colpack_outputs_week15_extra_orderings\bcsstk06_dynamic_largest_first.txt
bcsstk06,DYNAMIC_LARGEST_FIRST,12,389,90,0.7852028639618138,data\processed\initial_graph_coloring_dataset\colpack_outputs_week15_extra_orderings\bcsstk06_dynamic_largest_first.txt
bcsstk06,DYNAMIC_LARGEST_FIRST,12,17,91,0.7828162291169452,data\processed\initial_graph_coloring_dataset\colpack_outputs_week15_extra_orderings\bcsstk06_dynamic_largest_first.txt
bcsstk06,DYNAMIC_LARGEST_FIRST,12,319,92,0.7804295942720764,data\processed\initial_graph_coloring_dataset\colpack_outputs_week15_extra_orderings\bcsstk06_dynamic_largest_first.txt
bcsstk06,DYNAMIC_LARGEST_FIRST,12,223,93,0.7780429594272077,data\processed\initial_graph_coloring_dataset\colpack_outputs_week15_extra_orderings\bcsstk06_dynamic_largest_first.txt
bcsstk06,DYNAMIC_LARGEST_FIRST,12,416,94,0.7756563245823389,data\processed\initial_graph_coloring_dataset\colpack_outputs_week15_extra_orderings\bcsstk06_dynamic_largest_first.txt
bcsstk06,DYNAMIC_LARGEST_FIRST,12,283,95,0.7732696897374701,data\processed\initial_graph_coloring_dataset\colpack_outputs_week15_extra_orderings\bcsstk06_dynamic_largest_first.txt
bcsstk06,DYNAMIC_LARGEST_FIRST,12,199,96,0.7708830548926014,data\processed\initial_graph_coloring_dataset\colpack_outputs_week15_extra_orderings\bcsstk06_dynamic_largest_first.txt
bcsstk06,DYNAMIC_LARGEST_FIRST,12,307,97,0.7684964200477327,data\processed\initial_graph_coloring_dataset\colpack_outputs_week15_extra_orderings\bcsstk06_dynamic_largest_first.txt
bcsstk06,DYNAMIC_LARGEST_FIRST,12,139,98,0.766109785202864,data\processed\initial_graph_coloring_dataset\colpack_outputs_week15_extra_orderings\bcsstk06_dynamic_largest_first.txt
bcsstk06,DYNAMIC_LARGEST_FIRST,12,187,99,0.7637231503579952,data\processed\initial_graph_coloring_dataset\colpack_outputs_week15_extra_orderings\bcsstk06_dynamic_largest_first.txt
bcsstk06,DYNAMIC_LARGEST_FIRST,12,402,100,0.7613365155131265,data\processed\initial_graph_coloring_dataset\colpack_outputs_week15_extra_orderings\bcsstk06_dynamic_largest_first.txt
bcsstk06,DYNAMIC_LARGEST_FIRST,12,147,101,0.7589498806682577,data\processed\initial_graph_coloring_dataset\colpack_outputs_week15_extra_orderings\bcsstk06_dynamic_largest_first.txt
bcsstk06,DYNAMIC_LARGEST_FIRST,12,401,102,0.7565632458233891,data\processed\initial_graph_coloring_dataset\colpack_outputs_week15_extra_orderings\bcsstk06_dynamic_largest_first.txt
bcsstk06,DYNAMIC_LARGEST_FIRST,12,7,103,0.7541766109785203,data\processed\initial_graph_coloring_dataset\colpack_outputs_week15_extra_orderings\bcsstk06_dynamic_largest_first.txt
bcsstk06,DYNAMIC_LARGEST_FIRST,12,27,104,0.7517899761336515,data\processed\initial_graph_coloring_dataset\colpack_outputs_week15_extra_orderings\bcsstk06_dynamic_largest_first.txt
bcsstk06,DYNAMIC_LARGEST_FIRST,12,162,105,0.7494033412887828,data\processed\initial_graph_coloring_dataset\colpack_outputs_week15_extra_orderings\bcsstk06_dynamic_largest_first.txt
bcsstk06,DYNAMIC_LARGEST_FIRST,12,112,106,0.747016706443914,data\processed\initial_graph_coloring_dataset\colpack_outputs_week15_extra_orderings\bcsstk06_dynamic_largest_first.txt
bcsstk06,DYNAMIC_LARGEST_FIRST,12,411,107,0.7446300715990454,data\processed\initial_graph_coloring_dataset\colpack_outputs_week15_extra_orderings\bcsstk06_dynamic_largest_first.txt
bcsstk06,DYNAMIC_LARGEST_FIRST,12,15,108,0.7422434367541766,data\processed\initial_graph_coloring_dataset\colpack_outputs_week15_extra_orderings\bcsstk06_dynamic_largest_first.txt
bcsstk06,DYNAMIC_LARGEST_FIRST,12,64,109,0.7398568019093079,data\processed\initial_graph_coloring_dataset\colpack_outputs_week15_extra_orderings\bcsstk06_dynamic_largest_first.txt
bcsstk06,DYNAMIC_LARGEST_FIRST,12,52,110,0.7374701670644391,data\processed\initial_graph_coloring_dataset\colpack_outputs_week15_extra_orderings\bcsstk06_dynamic_largest_first.txt
bcsstk06,DYNAMIC_LARGEST_FIRST,12,78,111,0.7350835322195705,data\processed\initial_graph_coloring_dataset\colpack_outputs_week15_extra_orderings\bcsstk06_dynamic_largest_first.txt
bcsstk06,DYNAMIC_LARGEST_FIRST,12,330,112,0.7326968973747017,data\processed\initial_graph_coloring_dataset\colpack_outputs_week15_extra_orderings\bcsstk06_dynamic_largest_first.txt
bcsstk06,DYNAMIC_LARGEST_FIRST,12,340,113,0.7303102625298329,data\processed\initial_graph_coloring_dataset\colpack_outputs_week15_extra_orderings\bcsstk06_dynamic_largest_first.txt
bcsstk06,DYNAMIC_LARGEST_FIRST,12,364,114,0.7279236276849642,data\processed\initial_graph_coloring_dataset\colpack_outputs_week15_extra_orderings\bcsstk06_dynamic_largest_first.txt
bcsstk06,DYNAMIC_LARGEST_FIRST,12,6,115,0.7255369928400954,data\processed\initial_graph_coloring_dataset\colpack_outputs_week15_extra_orderings\bcsstk06_dynamic_largest_first.txt
bcsstk06,DYNAMIC_LARGEST_FIRST,12,88,116,0.7231503579952268,data\processed\initial_graph_coloring_dataset\colpack_outputs_week15_extra_orderings\bcsstk06_dynamic_largest_first.txt
bcsstk06,DYNAMIC_LARGEST_FIRST,12,244,117,0.720763723150358,data\processed\initial_graph_coloring_dataset\colpack_outputs_week15_extra_orderings\bcsstk06_dynamic_largest_first.txt
bcsstk06,DYNAMIC_LARGEST_FIRST,12,100,118,0.7183770883054893,data\processed\initial_graph_coloring_dataset\colpack_outputs_week15_extra_orderings\bcsstk06_dynamic_largest_first.txt
bcsstk06,DYNAMIC_LARGEST_FIRST,12,352,119,0.7159904534606205,data\processed\initial_graph_coloring_dataset\colpack_outputs_week15_extra_orderings\bcsstk06_dynamic_largest_first.txt
bcsstk06,DYNAMIC_LARGEST_FIRST,12,414,120,0.7136038186157518,data\processed\initial_graph_coloring_dataset\colpack_outputs_week15_extra_orderings\bcsstk06_dynamic_largest_first.txt
bcsstk06,DYNAMIC_LARGEST_FIRST,12,306,121,0.711217183770883,data\processed\initial_graph_coloring_dataset\colpack_outputs_week15_extra_orderings\bcsstk06_dynamic_largest_first.txt
bcsstk06,DYNAMIC_LARGEST_FIRST,12,138,122,0.7088305489260143,data\processed\initial_graph_coloring_dataset\colpack_outputs_week15_extra_orderings\bcsstk06_dynamic_largest_first.txt
bcsstk06,DYNAMIC_LARGEST_FIRST,12,75,123,0.7064439140811456,data\processed\initial_graph_coloring_dataset\colpack_outputs_week15_extra_orderings\bcsstk06_dynamic_largest_first.txt
bcsstk06,DYNAMIC_LARGEST_FIRST,12,3,124,0.7040572792362768,data\processed\initial_graph_coloring_dataset\colpack_outputs_week15_extra_orderings\bcsstk06_dynamic_largest_first.txt
bcsstk06,DYNAMIC_LARGEST_FIRST,12,327,125,0.7016706443914081,data\processed\initial_graph_coloring_dataset\colpack_outputs_week15_extra_orderings\bcsstk06_dynamic_largest_first.txt
bcsstk06,DYNAMIC_LARGEST_FIRST,12,222,126,0.6992840095465394,data\processed\initial_graph_coloring_dataset\colpack_outputs_week15_extra_orderings\bcsstk06_dynamic_largest_first.txt
bcsstk06,DYNAMIC_LARGEST_FIRST,12,172,127,0.6968973747016707,data\processed\initial_graph_coloring_dataset\colpack_outputs_week15_extra_orderings\bcsstk06_dynamic_largest_first.txt
bcsstk06,DYNAMIC_LARGEST_FIRST,12,198,128,0.6945107398568019,data\processed\initial_graph_coloring_dataset\colpack_outputs_week15_extra_orderings\bcsstk06_dynamic_largest_first.txt
bcsstk06,DYNAMIC_LARGEST_FIRST,12,159,129,0.6921241050119332,data\processed\initial_graph_coloring_dataset\colpack_outputs_week15_extra_orderings\bcsstk06_dynamic_largest_first.txt
bcsstk06,DYNAMIC_LARGEST_FIRST,12,256,130,0.6897374701670644,data\processed\initial_graph_coloring_dataset\colpack_outputs_week15_extra_orderings\bcsstk06_dynamic_largest_first.txt
bcsstk06,DYNAMIC_LARGEST_FIRST,12,282,131,0.6873508353221957,data\processed\initial_graph_coloring_dataset\colpack_outputs_week15_extra_orderings\bcsstk06_dynamic_largest_first.txt
bcsstk06,DYNAMIC_LARGEST_FIRST,12,151,132,0.684964200477327,data\processed\initial_graph_coloring_dataset\colpack_outputs_week15_extra_orderings\bcsstk06_dynamic_largest_first.txt
bcsstk06,DYNAMIC_LARGEST_FIRST,12,268,133,0.6825775656324582,data\processed\initial_graph_coloring_dataset\colpack_outputs_week15_extra_orderings\bcsstk06_dynamic_largest_first.txt
bcsstk06,DYNAMIC_LARGEST_FIRST,12,413,134,0.6801909307875895,data\processed\initial_graph_coloring_dataset\colpack_outputs_week15_extra_orderings\bcsstk06_dynamic_largest_first.txt
bcsstk06,DYNAMIC_LARGEST_FIRST,12,31,135,0.6778042959427207,data\processed\initial_graph_coloring_dataset\colpack_outputs_week15_extra_orderings\bcsstk06_dynamic_largest_first.txt
bcsstk06,DYNAMIC_LARGEST_FIRST,12,8,136,0.6754176610978521,data\processed\initial_graph_coloring_dataset\colpack_outputs_week15_extra_orderings\bcsstk06_dynamic_largest_first.txt
bcsstk06,DYNAMIC_LARGEST_FIRST,12,316,137,0.6730310262529833,data\processed\initial_graph_coloring_dataset\colpack_outputs_week15_extra_orderings\bcsstk06_dynamic_largest_first.txt
bcsstk06,DYNAMIC_LARGEST_FIRST,12,391,138,0.6706443914081146,data\processed\initial_graph_coloring_dataset\colpack_outputs_week15_extra_orderings\bcsstk06_dynamic_largest_first.txt
bcsstk06,DYNAMIC_LARGEST_FIRST,12,403,139,0.6682577565632458,data\processed\initial_graph_coloring_dataset\colpack_outputs_week15_extra_orderings\bcsstk06_dynamic_largest_first.txt
bcsstk06,DYNAMIC_LARGEST_FIRST,12,304,140,0.665871121718377,data\processed\initial_graph_coloring_dataset\colpack_outputs_week15_extra_orderings\bcsstk06_dynamic_largest_first.txt
bcsstk06,DYNAMIC_LARGEST_FIRST,12,182,141,0.6634844868735084,data\processed\initial_graph_coloring_dataset\colpack_outputs_week15_extra_orderings\bcsstk06_dynamic_largest_first.txt
bcsstk06,DYNAMIC_LARGEST_FIRST,12,216,142,0.6610978520286396,data\processed\initial_graph_coloring_dataset\colpack_outputs_week15_extra_orderings\bcsstk06_dynamic_largest_first.txt
bcsstk06,DYNAMIC_LARGEST_FIRST,12,79,143,0.6587112171837709,data\processed\initial_graph_coloring_dataset\colpack_outputs_week15_extra_orderings\bcsstk06_dynamic_largest_first.txt
bcsstk06,DYNAMIC_LARGEST_FIRST,12,148,144,0.6563245823389021,data\processed\initial_graph_coloring_dataset\colpack_outputs_week15_extra_orderings\bcsstk06_dynamic_largest_first.txt
bcsstk06,DYNAMIC_LARGEST_FIRST,12,270,145,0.6539379474940334,data\processed\initial_graph_coloring_dataset\colpack_outputs_week15_extra_orderings\bcsstk06_dynamic_largest_first.txt
bcsstk06,DYNAMIC_LARGEST_FIRST,12,331,146,0.6515513126491647,data\processed\initial_graph_coloring_dataset\colpack_outputs_week15_extra_orderings\bcsstk06_dynamic_largest_first.txt
bcsstk06,DYNAMIC_LARGEST_FIRST,12,163,147,0.649164677804296,data\processed\initial_graph_coloring_dataset\colpack_outputs_week15_extra_orderings\bcsstk06_dynamic_largest_first.txt
bcsstk06,DYNAMIC_LARGEST_FIRST,12,267,148,0.6467780429594272,data\processed\initial_graph_coloring_dataset\colpack_outputs_week15_extra_orderings\bcsstk06_dynamic_largest_first.txt
bcsstk06,DYNAMIC_LARGEST_FIRST,12,195,149,0.6443914081145584,data\processed\initial_graph_coloring_dataset\colpack_outputs_week15_extra_orderings\bcsstk06_dynamic_largest_first.txt
bcsstk06,DYNAMIC_LARGEST_FIRST,12,136,150,0.6420047732696897,data\processed\initial_graph_coloring_dataset\colpack_outputs_week15_extra_orderings\bcsstk06_dynamic_largest_first.txt
bcsstk06,DYNAMIC_LARGEST_FIRST,12,186,151,0.639618138424821,data\processed\initial_graph_coloring_dataset\colpack_outputs_week15_extra_orderings\bcsstk06_dynamic_largest_first.txt
bcsstk06,DYNAMIC_LARGEST_FIRST,12,241,152,0.6372315035799523,data\processed\initial_graph_coloring_dataset\colpack_outputs_week15_extra_orderings\bcsstk06_dynamic_largest_first.txt
bcsstk06,DYNAMIC_LARGEST_FIRST,12,232,153,0.6348448687350835,data\processed\initial_graph_coloring_dataset\colpack_outputs_week15_extra_orderings\bcsstk06_dynamic_largest_first.txt
bcsstk06,DYNAMIC_LARGEST_FIRST,12,234,154,0.6324582338902148,data\processed\initial_graph_coloring_dataset\colpack_outputs_week15_extra_orderings\bcsstk06_dynamic_largest_first.txt
bcsstk06,DYNAMIC_LARGEST_FIRST,12,5,155,0.630071599045346,data\processed\initial_graph_coloring_dataset\colpack_outputs_week15_extra_orderings\bcsstk06_dynamic_largest_first.txt
bcsstk06,DYNAMIC_LARGEST_FIRST,12,135,156,0.6276849642004774,data\processed\initial_graph_coloring_dataset\colpack_outputs_week15_extra_orderings\bcsstk06_dynamic_largest_first.txt
bcsstk06,DYNAMIC_LARGEST_FIRST,12,412,157,0.6252983293556086,data\processed\initial_graph_coloring_dataset\colpack_outputs_week15_extra_orderings\bcsstk06_dynamic_largest_first.txt
bcsstk06,DYNAMIC_LARGEST_FIRST,12,184,158,0.6229116945107399,data\processed\initial_graph_coloring_dataset\colpack_outputs_week15_extra_orderings\bcsstk06_dynamic_largest_first.txt
bcsstk06,DYNAMIC_LARGEST_FIRST,12,303,159,0.6205250596658711,data\processed\initial_graph_coloring_dataset\colpack_outputs_week15_extra_orderings\bcsstk06_dynamic_largest_first.txt
bcsstk06,DYNAMIC_LARGEST_FIRST,12,183,160,0.6181384248210023,data\processed\initial_graph_coloring_dataset\colpack_outputs_week15_extra_orderings\bcsstk06_dynamic_largest_first.txt
bcsstk06,DYNAMIC_LARGEST_FIRST,12,196,161,0.6157517899761337,data\processed\initial_graph_coloring_dataset\colpack_outputs_week15_extra_orderings\bcsstk06_dynamic_largest_first.txt
bcsstk06,DYNAMIC_LARGEST_FIRST,12,219,162,0.6133651551312649,data\processed\initial_graph_coloring_dataset\colpack_outputs_week15_extra_orderings\bcsstk06_dynamic_largest_first.txt
bcsstk06,DYNAMIC_LARGEST_FIRST,12,247,163,0.6109785202863962,data\processed\initial_graph_coloring_dataset\colpack_outputs_week15_extra_orderings\bcsstk06_dynamic_largest_first.txt
bcsstk06,DYNAMIC_LARGEST_FIRST,12,258,164,0.6085918854415274,data\processed\initial_graph_coloring_dataset\colpack_outputs_week15_extra_orderings\bcsstk06_dynamic_largest_first.txt
bcsstk06,DYNAMIC_LARGEST_FIRST,12,388,165,0.6062052505966588,data\processed\initial_graph_coloring_dataset\colpack_outputs_week15_extra_orderings\bcsstk06_dynamic_largest_first.txt
bcsstk06,DYNAMIC_LARGEST_FIRST,12,231,166,0.60381861575179,data\processed\initial_graph_coloring_dataset\colpack_outputs_week15_extra_orderings\bcsstk06_dynamic_largest_first.txt
bcsstk06,DYNAMIC_LARGEST_FIRST,12,220,167,0.6014319809069213,data\processed\initial_graph_coloring_dataset\colpack_outputs_week15_extra_orderings\bcsstk06_dynamic_largest_first.txt
bcsstk06,DYNAMIC_LARGEST_FIRST,12,271,168,0.5990453460620525,data\processed\initial_graph_coloring_dataset\colpack_outputs_week15_extra_orderings\bcsstk06_dynamic_largest_first.txt
bcsstk06,DYNAMIC_LARGEST_FIRST,12,279,169,0.5966587112171837,data\processed\initial_graph_coloring_dataset\colpack_outputs_week15_extra_orderings\bcsstk06_dynamic_largest_first.txt
bcsstk06,DYNAMIC_LARGEST_FIRST,12,280,170,0.594272076372315,data\processed\initial_graph_coloring_dataset\colpack_outputs_week15_extra_orderings\bcsstk06_dynamic_largest_first.txt
bcsstk06,DYNAMIC_LARGEST_FIRST,12,50,171,0.5918854415274463,data\processed\initial_graph_coloring_dataset\colpack_outputs_week15_extra_orderings\bcsstk06_dynamic_largest_first.txt
bcsstk06,DYNAMIC_LARGEST_FIRST,12,400,172,0.5894988066825776,data\processed\initial_graph_coloring_dataset\colpack_outputs_week15_extra_orderings\bcsstk06_dynamic_largest_first.txt
bcsstk06,DYNAMIC_LARGEST_FIRST,12,235,173,0.5871121718377088,data\processed\initial_graph_coloring_dataset\colpack_outputs_week15_extra_orderings\bcsstk06_dynamic_largest_first.txt
bcsstk06,DYNAMIC_LARGEST_FIRST,12,174,174,0.5847255369928401,data\processed\initial_graph_coloring_dataset\colpack_outputs_week15_extra_orderings\bcsstk06_dynamic_largest_first.txt
bcsstk06,DYNAMIC_LARGEST_FIRST,12,16,175,0.5823389021479713,data\processed\initial_graph_coloring_dataset\colpack_outputs_week15_extra_orderings\bcsstk06_dynamic_largest_first.txt
bcsstk06,DYNAMIC_LARGEST_FIRST,12,129,176,0.5799522673031027,data\processed\initial_graph_coloring_dataset\colpack_outputs_week15_extra_orderings\bcsstk06_dynamic_largest_first.txt
bcsstk06,DYNAMIC_LARGEST_FIRST,12,246,177,0.5775656324582339,data\processed\initial_graph_coloring_dataset\colpack_outputs_week15_extra_orderings\bcsstk06_dynamic_largest_first.txt
bcsstk06,DYNAMIC_LARGEST_FIRST,12,213,178,0.5751789976133651,data\processed\initial_graph_coloring_dataset\colpack_outputs_week15_extra_orderings\bcsstk06_dynamic_largest_first.txt
bcsstk06,DYNAMIC_LARGEST_FIRST,12,297,179,0.5727923627684964,data\processed\initial_graph_coloring_dataset\colpack_outputs_week15_extra_orderings\bcsstk06_dynamic_largest_first.txt
bcsstk06,DYNAMIC_LARGEST_FIRST,12,374,180,0.5704057279236276,data\processed\initial_graph_coloring_dataset\colpack_outputs_week15_extra_orderings\bcsstk06_dynamic_largest_first.txt
bcsstk06,DYNAMIC_LARGEST_FIRST,12,19,181,0.568019093078759,data\processed\initial_graph_coloring_dataset\colpack_outputs_week15_extra_orderings\bcsstk06_dynamic_largest_first.txt
bcsstk06,DYNAMIC_LARGEST_FIRST,12,28,182,0.5656324582338902,data\processed\initial_graph_coloring_dataset\colpack_outputs_week15_extra_orderings\bcsstk06_dynamic_largest_first.txt
bcsstk06,DYNAMIC_LARGEST_FIRST,12,45,183,0.5632458233890215,data\processed\initial_graph_coloring_dataset\colpack_outputs_week15_extra_orderings\bcsstk06_dynamic_largest_first.txt
bcsstk06,DYNAMIC_LARGEST_FIRST,12,49,184,0.5608591885441527,data\processed\initial_graph_coloring_dataset\colpack_outputs_week15_extra_orderings\bcsstk06_dynamic_largest_first.txt
bcsstk06,DYNAMIC_LARGEST_FIRST,12,296,185,0.5584725536992841,data\processed\initial_graph_coloring_dataset\colpack_outputs_week15_extra_orderings\bcsstk06_dynamic_largest_first.txt
bcsstk06,DYNAMIC_LARGEST_FIRST,12,122,186,0.5560859188544153,data\processed\initial_graph_coloring_dataset\colpack_outputs_week15_extra_orderings\bcsstk06_dynamic_largest_first.txt
bcsstk06,DYNAMIC_LARGEST_FIRST,12,130,187,0.5536992840095465,data\processed\initial_graph_coloring_dataset\colpack_outputs_week15_extra_orderings\bcsstk06_dynamic_largest_first.txt
bcsstk06,DYNAMIC_LARGEST_FIRST,12,243,188,0.5513126491646778,data\processed\initial_graph_coloring_dataset\colpack_outputs_week15_extra_orderings\bcsstk06_dynamic_largest_first.txt
bcsstk06,DYNAMIC_LARGEST_FIRST,12,415,189,0.548926014319809,data\processed\initial_graph_coloring_dataset\colpack_outputs_week15_extra_orderings\bcsstk06_dynamic_largest_first.txt
bcsstk06,DYNAMIC_LARGEST_FIRST,12,255,190,0.5465393794749404,data\processed\initial_graph_coloring_dataset\colpack_outputs_week15_extra_orderings\bcsstk06_dynamic_largest_first.txt
bcsstk06,DYNAMIC_LARGEST_FIRST,12,290,191,0.5441527446300716,data\processed\initial_graph_coloring_dataset\colpack_outputs_week15_extra_orderings\bcsstk06_dynamic_largest_first.txt
bcsstk06,DYNAMIC_LARGEST_FIRST,12,206,192,0.5417661097852029,data\processed\initial_graph_coloring_dataset\colpack_outputs_week15_extra_orderings\bcsstk06_dynamic_largest_first.txt
bcsstk06,DYNAMIC_LARGEST_FIRST,12,48,193,0.5393794749403341,data\processed\initial_graph_coloring_dataset\colpack_outputs_week15_extra_orderings\bcsstk06_dynamic_largest_first.txt
bcsstk06,DYNAMIC_LARGEST_FIRST,12,218,194,0.5369928400954654,data\processed\initial_graph_coloring_dataset\colpack_outputs_week15_extra_orderings\bcsstk06_dynamic_largest_first.txt
bcsstk06,DYNAMIC_LARGEST_FIRST,12,33,195,0.5346062052505967,data\processed\initial_graph_coloring_dataset\colpack_outputs_week15_extra_orderings\bcsstk06_dynamic_largest_first.txt
bcsstk06,DYNAMIC_LARGEST_FIRST,12,295,196,0.5322195704057279,data\processed\initial_graph_coloring_dataset\colpack_outputs_week15_extra_orderings\bcsstk06_dynamic_largest_first.txt
bcsstk06,DYNAMIC_LARGEST_FIRST,12,132,197,0.5298329355608592,data\processed\initial_graph_coloring_dataset\colpack_outputs_week15_extra_orderings\bcsstk06_dynamic_largest_first.txt
bcsstk06,DYNAMIC_LARGEST_FIRST,12,382,198,0.5274463007159904,data\processed\initial_graph_coloring_dataset\colpack_outputs_week15_extra_orderings\bcsstk06_dynamic_largest_first.txt
bcsstk06,DYNAMIC_LARGEST_FIRST,12,10,199,0.5250596658711217,data\processed\initial_graph_coloring_dataset\colpack_outputs_week15_extra_orderings\bcsstk06_dynamic_largest_first.txt
bcsstk06,DYNAMIC_LARGEST_FIRST,12,370,200,0.522673031026253,data\processed\initial_graph_coloring_dataset\colpack_outputs_week15_extra_orderings\bcsstk06_dynamic_largest_first.txt
bcsstk06,DYNAMIC_LARGEST_FIRST,12,118,201,0.5202863961813843,data\processed\initial_graph_coloring_dataset\colpack_outputs_week15_extra_orderings\bcsstk06_dynamic_largest_first.txt
bcsstk06,DYNAMIC_LARGEST_FIRST,12,171,202,0.5178997613365155,data\processed\initial_graph_coloring_dataset\colpack_outputs_week15_extra_orderings\bcsstk06_dynamic_largest_first.txt
bcsstk06,DYNAMIC_LARGEST_FIRST,12,300,203,0.5155131264916468,data\processed\initial_graph_coloring_dataset\colpack_outputs_week15_extra_orderings\bcsstk06_dynamic_largest_first.txt
bcsstk06,DYNAMIC_LARGEST_FIRST,12,36,204,0.513126491646778,data\processed\initial_graph_coloring_dataset\colpack_outputs_week15_extra_orderings\bcsstk06_dynamic_largest_first.txt
bcsstk06,DYNAMIC_LARGEST_FIRST,12,212,205,0.5107398568019093,data\processed\initial_graph_coloring_dataset\colpack_outputs_week15_extra_orderings\bcsstk06_dynamic_largest_first.txt
bcsstk06,DYNAMIC_LARGEST_FIRST,12,372,206,0.5083532219570406,data\processed\initial_graph_coloring_dataset\colpack_outputs_week15_extra_orderings\bcsstk06_dynamic_largest_first.txt
bcsstk06,DYNAMIC_LARGEST_FIRST,12,128,207,0.5059665871121718,data\processed\initial_graph_coloring_dataset\colpack_outputs_week15_extra_orderings\bcsstk06_dynamic_largest_first.txt
bcsstk06,DYNAMIC_LARGEST_FIRST,12,202,208,0.5035799522673031,data\processed\initial_graph_coloring_dataset\colpack_outputs_week15_extra_orderings\bcsstk06_dynamic_largest_first.txt
bcsstk06,DYNAMIC_LARGEST_FIRST,12,73,209,0.5011933174224343,data\processed\initial_graph_coloring_dataset\colpack_outputs_week15_extra_orderings\bcsstk06_dynamic_largest_first.txt
bcsstk06,DYNAMIC_LARGEST_FIRST,12,62,210,0.4988066825775656,data\processed\initial_graph_coloring_dataset\colpack_outputs_week15_extra_orderings\bcsstk06_dynamic_largest_first.txt
bcsstk06,DYNAMIC_LARGEST_FIRST,12,25,211,0.4964200477326969,data\processed\initial_graph_coloring_dataset\colpack_outputs_week15_extra_orderings\bcsstk06_dynamic_largest_first.txt
bcsstk06,DYNAMIC_LARGEST_FIRST,12,406,212,0.49403341288782815,data\processed\initial_graph_coloring_dataset\colpack_outputs_week15_extra_orderings\bcsstk06_dynamic_largest_first.txt
bcsstk06,DYNAMIC_LARGEST_FIRST,12,359,213,0.4916467780429594,data\processed\initial_graph_coloring_dataset\colpack_outputs_week15_extra_orderings\bcsstk06_dynamic_largest_first.txt
bcsstk06,DYNAMIC_LARGEST_FIRST,12,322,214,0.4892601431980907,data\processed\initial_graph_coloring_dataset\colpack_outputs_week15_extra_orderings\bcsstk06_dynamic_largest_first.txt
bcsstk06,DYNAMIC_LARGEST_FIRST,12,310,215,0.48687350835322196,data\processed\initial_graph_coloring_dataset\colpack_outputs_week15_extra_orderings\bcsstk06_dynamic_largest_first.txt
bcsstk06,DYNAMIC_LARGEST_FIRST,12,288,216,0.48448687350835323,data\processed\initial_graph_coloring_dataset\colpack_outputs_week15_extra_orderings\bcsstk06_dynamic_largest_first.txt
bcsstk06,DYNAMIC_LARGEST_FIRST,12,154,217,0.4821002386634845,data\processed\initial_graph_coloring_dataset\colpack_outputs_week15_extra_orderings\bcsstk06_dynamic_largest_first.txt
bcsstk06,DYNAMIC_LARGEST_FIRST,12,348,218,0.4797136038186158,data\processed\initial_graph_coloring_dataset\colpack_outputs_week15_extra_orderings\bcsstk06_dynamic_largest_first.txt
bcsstk06,DYNAMIC_LARGEST_FIRST,12,146,219,0.477326968973747,data\processed\initial_graph_coloring_dataset\colpack_outputs_week15_extra_orderings\bcsstk06_dynamic_largest_first.txt
bcsstk06,DYNAMIC_LARGEST_FIRST,12,385,220,0.47494033412887826,data\processed\initial_graph_coloring_dataset\colpack_outputs_week15_extra_orderings\bcsstk06_dynamic_largest_first.txt
bcsstk06,DYNAMIC_LARGEST_FIRST,12,275,221,0.47255369928400953,data\processed\initial_graph_coloring_dataset\colpack_outputs_week15_extra_orderings\bcsstk06_dynamic_largest_first.txt
bcsstk06,DYNAMIC_LARGEST_FIRST,12,193,222,0.4701670644391408,data\processed\initial_graph_coloring_dataset\colpack_outputs_week15_extra_orderings\bcsstk06_dynamic_largest_first.txt
bcsstk06,DYNAMIC_LARGEST_FIRST,12,98,223,0.4677804295942721,data\processed\initial_graph_coloring_dataset\colpack_outputs_week15_extra_orderings\bcsstk06_dynamic_largest_first.txt
bcsstk06,DYNAMIC_LARGEST_FIRST,12,110,224,0.46539379474940334,data\processed\initial_graph_coloring_dataset\colpack_outputs_week15_extra_orderings\bcsstk06_dynamic_largest_first.txt
bcsstk06,DYNAMIC_LARGEST_FIRST,12,263,225,0.4630071599045346,data\processed\initial_graph_coloring_dataset\colpack_outputs_week15_extra_orderings\bcsstk06_dynamic_largest_first.txt
bcsstk06,DYNAMIC_LARGEST_FIRST,12,396,226,0.4606205250596659,data\processed\initial_graph_coloring_dataset\colpack_outputs_week15_extra_orderings\bcsstk06_dynamic_largest_first.txt
bcsstk06,DYNAMIC_LARGEST_FIRST,12,46,227,0.45823389021479716,data\processed\initial_graph_coloring_dataset\colpack_outputs_week15_extra_orderings\bcsstk06_dynamic_largest_first.txt
bcsstk06,DYNAMIC_LARGEST_FIRST,12,120,228,0.45584725536992843,data\processed\initial_graph_coloring_dataset\colpack_outputs_week15_extra_orderings\bcsstk06_dynamic_largest_first.txt
bcsstk06,DYNAMIC_LARGEST_FIRST,12,227,229,0.45346062052505964,data\processed\initial_graph_coloring_dataset\colpack_outputs_week15_extra_orderings\bcsstk06_dynamic_largest_first.txt
bcsstk06,DYNAMIC_LARGEST_FIRST,12,230,230,0.4510739856801909,data\processed\initial_graph_coloring_dataset\colpack_outputs_week15_extra_orderings\bcsstk06_dynamic_largest_first.txt
bcsstk06,DYNAMIC_LARGEST_FIRST,12,266,231,0.4486873508353222,data\processed\initial_graph_coloring_dataset\colpack_outputs_week15_extra_orderings\bcsstk06_dynamic_largest_first.txt
bcsstk06,DYNAMIC_LARGEST_FIRST,12,107,232,0.44630071599045346,data\processed\initial_graph_coloring_dataset\colpack_outputs_week15_extra_orderings\bcsstk06_dynamic_largest_first.txt
bcsstk06,DYNAMIC_LARGEST_FIRST,12,95,233,0.4439140811455847,data\processed\initial_graph_coloring_dataset\colpack_outputs_week15_extra_orderings\bcsstk06_dynamic_largest_first.txt
bcsstk06,DYNAMIC_LARGEST_FIRST,12,143,234,0.441527446300716,data\processed\initial_graph_coloring_dataset\colpack_outputs_week15_extra_orderings\bcsstk06_dynamic_largest_first.txt
bcsstk06,DYNAMIC_LARGEST_FIRST,12,347,235,0.43914081145584727,data\processed\initial_graph_coloring_dataset\colpack_outputs_week15_extra_orderings\bcsstk06_dynamic_largest_first.txt
bcsstk06,DYNAMIC_LARGEST_FIRST,12,156,236,0.43675417661097854,data\processed\initial_graph_coloring_dataset\colpack_outputs_week15_extra_orderings\bcsstk06_dynamic_largest_first.txt
bcsstk06,DYNAMIC_LARGEST_FIRST,12,313,237,0.4343675417661098,data\processed\initial_graph_coloring_dataset\colpack_outputs_week15_extra_orderings\bcsstk06_dynamic_largest_first.txt
bcsstk06,DYNAMIC_LARGEST_FIRST,12,325,238,0.431980906921241,data\processed\initial_graph_coloring_dataset\colpack_outputs_week15_extra_orderings\bcsstk06_dynamic_largest_first.txt
bcsstk06,DYNAMIC_LARGEST_FIRST,12,361,239,0.4295942720763723,data\processed\initial_graph_coloring_dataset\colpack_outputs_week15_extra_orderings\bcsstk06_dynamic_largest_first.txt
bcsstk06,DYNAMIC_LARGEST_FIRST,12,409,240,0.42720763723150357,data\processed\initial_graph_coloring_dataset\colpack_outputs_week15_extra_orderings\bcsstk06_dynamic_largest_first.txt
bcsstk06,DYNAMIC_LARGEST_FIRST,12,24,241,0.42482100238663484,data\processed\initial_graph_coloring_dataset\colpack_outputs_week15_extra_orderings\bcsstk06_dynamic_largest_first.txt
bcsstk06,DYNAMIC_LARGEST_FIRST,12,60,242,0.4224343675417661,data\processed\initial_graph_coloring_dataset\colpack_outputs_week15_extra_orderings\bcsstk06_dynamic_largest_first.txt
bcsstk06,DYNAMIC_LARGEST_FIRST,12,72,243,0.4200477326968974,data\processed\initial_graph_coloring_dataset\colpack_outputs_week15_extra_orderings\bcsstk06_dynamic_largest_first.txt
bcsstk06,DYNAMIC_LARGEST_FIRST,12,134,244,0.41766109785202865,data\processed\initial_graph_coloring_dataset\colpack_outputs_week15_extra_orderings\bcsstk06_dynamic_largest_first.txt
bcsstk06,DYNAMIC_LARGEST_FIRST,12,211,245,0.4152744630071599,data\processed\initial_graph_coloring_dataset\colpack_outputs_week15_extra_orderings\bcsstk06_dynamic_largest_first.txt
bcsstk06,DYNAMIC_LARGEST_FIRST,12,301,246,0.4128878281622912,data\processed\initial_graph_coloring_dataset\colpack_outputs_week15_extra_orderings\bcsstk06_dynamic_largest_first.txt
bcsstk06,DYNAMIC_LARGEST_FIRST,12,179,247,0.4105011933174224,data\processed\initial_graph_coloring_dataset\colpack_outputs_week15_extra_orderings\bcsstk06_dynamic_largest_first.txt
bcsstk06,DYNAMIC_LARGEST_FIRST,12,38,248,0.4081145584725537,data\processed\initial_graph_coloring_dataset\colpack_outputs_week15_extra_orderings\bcsstk06_dynamic_largest_first.txt
bcsstk06,DYNAMIC_LARGEST_FIRST,12,14,249,0.40572792362768495,data\processed\initial_graph_coloring_dataset\colpack_outputs_week15_extra_orderings\bcsstk06_dynamic_largest_first.txt
bcsstk06,DYNAMIC_LARGEST_FIRST,12,394,250,0.4033412887828162,data\processed\initial_graph_coloring_dataset\colpack_outputs_week15_extra_orderings\bcsstk06_dynamic_largest_first.txt
bcsstk06,DYNAMIC_LARGEST_FIRST,12,286,251,0.4009546539379475,data\processed\initial_graph_coloring_dataset\colpack_outputs_week15_extra_orderings\bcsstk06_dynamic_largest_first.txt
bcsstk06,DYNAMIC_LARGEST_FIRST,12,239,252,0.39856801909307876,data\processed\initial_graph_coloring_dataset\colpack_outputs_week15_extra_orderings\bcsstk06_dynamic_largest_first.txt
bcsstk06,DYNAMIC_LARGEST_FIRST,12,201,253,0.39618138424821003,data\processed\initial_graph_coloring_dataset\colpack_outputs_week15_extra_orderings\bcsstk06_dynamic_largest_first.txt
bcsstk06,DYNAMIC_LARGEST_FIRST,12,384,254,0.3937947494033413,data\processed\initial_graph_coloring_dataset\colpack_outputs_week15_extra_orderings\bcsstk06_dynamic_largest_first.txt
bcsstk06,DYNAMIC_LARGEST_FIRST,12,191,255,0.3914081145584726,data\processed\initial_graph_coloring_dataset\colpack_outputs_week15_extra_orderings\bcsstk06_dynamic_largest_first.txt
bcsstk06,DYNAMIC_LARGEST_FIRST,12,47,256,0.38902147971360385,data\processed\initial_graph_coloring_dataset\colpack_outputs_week15_extra_orderings\bcsstk06_dynamic_largest_first.txt
bcsstk06,DYNAMIC_LARGEST_FIRST,12,395,257,0.38663484486873506,data\processed\initial_graph_coloring_dataset\colpack_outputs_week15_extra_orderings\bcsstk06_dynamic_largest_first.txt
bcsstk06,DYNAMIC_LARGEST_FIRST,12,11,258,0.38424821002386633,data\processed\initial_graph_coloring_dataset\colpack_outputs_week15_extra_orderings\bcsstk06_dynamic_largest_first.txt
bcsstk06,DYNAMIC_LARGEST_FIRST,12,180,259,0.3818615751789976,data\processed\initial_graph_coloring_dataset\colpack_outputs_week15_extra_orderings\bcsstk06_dynamic_largest_first.txt
bcsstk06,DYNAMIC_LARGEST_FIRST,12,294,260,0.3794749403341289,data\processed\initial_graph_coloring_dataset\colpack_outputs_week15_extra_orderings\bcsstk06_dynamic_largest_first.txt
bcsstk06,DYNAMIC_LARGEST_FIRST,12,210,261,0.37708830548926014,data\processed\initial_graph_coloring_dataset\colpack_outputs_week15_extra_orderings\bcsstk06_dynamic_largest_first.txt
bcsstk06,DYNAMIC_LARGEST_FIRST,12,126,262,0.3747016706443914,data\processed\initial_graph_coloring_dataset\colpack_outputs_week15_extra_orderings\bcsstk06_dynamic_largest_first.txt
bcsstk06,DYNAMIC_LARGEST_FIRST,12,69,263,0.3723150357995227,data\processed\initial_graph_coloring_dataset\colpack_outputs_week15_extra_orderings\bcsstk06_dynamic_largest_first.txt
bcsstk06,DYNAMIC_LARGEST_FIRST,12,57,264,0.36992840095465396,data\processed\initial_graph_coloring_dataset\colpack_outputs_week15_extra_orderings\bcsstk06_dynamic_largest_first.txt
bcsstk06,DYNAMIC_LARGEST_FIRST,12,21,265,0.36754176610978523,data\processed\initial_graph_coloring_dataset\colpack_outputs_week15_extra_orderings\bcsstk06_dynamic_largest_first.txt
bcsstk06,DYNAMIC_LARGEST_FIRST,12,405,266,0.36515513126491644,data\processed\initial_graph_coloring_dataset\colpack_outputs_week15_extra_orderings\bcsstk06_dynamic_largest_first.txt
bcsstk06,DYNAMIC_LARGEST_FIRST,12,357,267,0.3627684964200477,data\processed\initial_graph_coloring_dataset\colpack_outputs_week15_extra_orderings\bcsstk06_dynamic_largest_first.txt
bcsstk06,DYNAMIC_LARGEST_FIRST,12,321,268,0.360381861575179,data\processed\initial_graph_coloring_dataset\colpack_outputs_week15_extra_orderings\bcsstk06_dynamic_largest_first.txt
bcsstk06,DYNAMIC_LARGEST_FIRST,12,309,269,0.35799522673031026,data\processed\initial_graph_coloring_dataset\colpack_outputs_week15_extra_orderings\bcsstk06_dynamic_largest_first.txt
bcsstk06,DYNAMIC_LARGEST_FIRST,12,153,270,0.3556085918854415,data\processed\initial_graph_coloring_dataset\colpack_outputs_week15_extra_orderings\bcsstk06_dynamic_largest_first.txt
bcsstk06,DYNAMIC_LARGEST_FIRST,12,345,271,0.3532219570405728,data\processed\initial_graph_coloring_dataset\colpack_outputs_week15_extra_orderings\bcsstk06_dynamic_largest_first.txt
bcsstk06,DYNAMIC_LARGEST_FIRST,12,141,272,0.35083532219570407,data\processed\initial_graph_coloring_dataset\colpack_outputs_week15_extra_orderings\bcsstk06_dynamic_largest_first.txt
bcsstk06,DYNAMIC_LARGEST_FIRST,12,93,273,0.34844868735083534,data\processed\initial_graph_coloring_dataset\colpack_outputs_week15_extra_orderings\bcsstk06_dynamic_largest_first.txt
bcsstk06,DYNAMIC_LARGEST_FIRST,12,105,274,0.3460620525059666,data\processed\initial_graph_coloring_dataset\colpack_outputs_week15_extra_orderings\bcsstk06_dynamic_largest_first.txt
bcsstk06,DYNAMIC_LARGEST_FIRST,12,242,275,0.3436754176610978,data\processed\initial_graph_coloring_dataset\colpack_outputs_week15_extra_orderings\bcsstk06_dynamic_largest_first.txt
bcsstk06,DYNAMIC_LARGEST_FIRST,12,264,276,0.3412887828162291,data\processed\initial_graph_coloring_dataset\colpack_outputs_week15_extra_orderings\bcsstk06_dynamic_largest_first.txt
bcsstk06,DYNAMIC_LARGEST_FIRST,12,373,277,0.33890214797136037,data\processed\initial_graph_coloring_dataset\colpack_outputs_week15_extra_orderings\bcsstk06_dynamic_largest_first.txt
bcsstk06,DYNAMIC_LARGEST_FIRST,12,386,278,0.33651551312649164,data\processed\initial_graph_coloring_dataset\colpack_outputs_week15_extra_orderings\bcsstk06_dynamic_largest_first.txt
bcsstk06,DYNAMIC_LARGEST_FIRST,12,287,279,0.3341288782816229,data\processed\initial_graph_coloring_dataset\colpack_outputs_week15_extra_orderings\bcsstk06_dynamic_largest_first.txt
bcsstk06,DYNAMIC_LARGEST_FIRST,12,121,280,0.3317422434367542,data\processed\initial_graph_coloring_dataset\colpack_outputs_week15_extra_orderings\bcsstk06_dynamic_largest_first.txt
bcsstk06,DYNAMIC_LARGEST_FIRST,12,204,281,0.32935560859188545,data\processed\initial_graph_coloring_dataset\colpack_outputs_week15_extra_orderings\bcsstk06_dynamic_largest_first.txt
bcsstk06,DYNAMIC_LARGEST_FIRST,12,278,282,0.3269689737470167,data\processed\initial_graph_coloring_dataset\colpack_outputs_week15_extra_orderings\bcsstk06_dynamic_largest_first.txt
bcsstk06,DYNAMIC_LARGEST_FIRST,12,34,283,0.324582338902148,data\processed\initial_graph_coloring_dataset\colpack_outputs_week15_extra_orderings\bcsstk06_dynamic_largest_first.txt
bcsstk06,DYNAMIC_LARGEST_FIRST,12,37,284,0.3221957040572792,data\processed\initial_graph_coloring_dataset\colpack_outputs_week15_extra_orderings\bcsstk06_dynamic_largest_first.txt
bcsstk06,DYNAMIC_LARGEST_FIRST,12,285,285,0.3198090692124105,data\processed\initial_graph_coloring_dataset\colpack_outputs_week15_extra_orderings\bcsstk06_dynamic_largest_first.txt
bcsstk06,DYNAMIC_LARGEST_FIRST,12,369,286,0.31742243436754175,data\processed\initial_graph_coloring_dataset\colpack_outputs_week15_extra_orderings\bcsstk06_dynamic_largest_first.txt
bcsstk06,DYNAMIC_LARGEST_FIRST,12,96,287,0.315035799522673,data\processed\initial_graph_coloring_dataset\colpack_outputs_week15_extra_orderings\bcsstk06_dynamic_largest_first.txt
bcsstk06,DYNAMIC_LARGEST_FIRST,12,144,288,0.3126491646778043,data\processed\initial_graph_coloring_dataset\colpack_outputs_week15_extra_orderings\bcsstk06_dynamic_largest_first.txt
bcsstk06,DYNAMIC_LARGEST_FIRST,12,349,289,0.31026252983293556,data\processed\initial_graph_coloring_dataset\colpack_outputs_week15_extra_orderings\bcsstk06_dynamic_largest_first.txt
bcsstk06,DYNAMIC_LARGEST_FIRST,12,157,290,0.30787589498806683,data\processed\initial_graph_coloring_dataset\colpack_outputs_week15_extra_orderings\bcsstk06_dynamic_largest_first.txt
bcsstk06,DYNAMIC_LARGEST_FIRST,12,312,291,0.3054892601431981,data\processed\initial_graph_coloring_dataset\colpack_outputs_week15_extra_orderings\bcsstk06_dynamic_largest_first.txt
bcsstk06,DYNAMIC_LARGEST_FIRST,12,324,292,0.3031026252983294,data\processed\initial_graph_coloring_dataset\colpack_outputs_week15_extra_orderings\bcsstk06_dynamic_largest_first.txt
bcsstk06,DYNAMIC_LARGEST_FIRST,12,360,293,0.30071599045346065,data\processed\initial_graph_coloring_dataset\colpack_outputs_week15_extra_orderings\bcsstk06_dynamic_largest_first.txt
bcsstk06,DYNAMIC_LARGEST_FIRST,12,408,294,0.29832935560859186,data\processed\initial_graph_coloring_dataset\colpack_outputs_week15_extra_orderings\bcsstk06_dynamic_largest_first.txt
bcsstk06,DYNAMIC_LARGEST_FIRST,12,23,295,0.29594272076372313,data\processed\initial_graph_coloring_dataset\colpack_outputs_week15_extra_orderings\bcsstk06_dynamic_largest_first.txt
bcsstk06,DYNAMIC_LARGEST_FIRST,12,59,296,0.2935560859188544,data\processed\initial_graph_coloring_dataset\colpack_outputs_week15_extra_orderings\bcsstk06_dynamic_largest_first.txt
bcsstk06,DYNAMIC_LARGEST_FIRST,12,71,297,0.2911694510739857,data\processed\initial_graph_coloring_dataset\colpack_outputs_week15_extra_orderings\bcsstk06_dynamic_largest_first.txt
bcsstk06,DYNAMIC_LARGEST_FIRST,12,131,298,0.28878281622911695,data\processed\initial_graph_coloring_dataset\colpack_outputs_week15_extra_orderings\bcsstk06_dynamic_largest_first.txt
bcsstk06,DYNAMIC_LARGEST_FIRST,12,215,299,0.2863961813842482,data\processed\initial_graph_coloring_dataset\colpack_outputs_week15_extra_orderings\bcsstk06_dynamic_largest_first.txt
bcsstk06,DYNAMIC_LARGEST_FIRST,12,299,300,0.2840095465393795,data\processed\initial_graph_coloring_dataset\colpack_outputs_week15_extra_orderings\bcsstk06_dynamic_largest_first.txt
bcsstk06,DYNAMIC_LARGEST_FIRST,12,9,301,0.28162291169451076,data\processed\initial_graph_coloring_dataset\colpack_outputs_week15_extra_orderings\bcsstk06_dynamic_largest_first.txt
bcsstk06,DYNAMIC_LARGEST_FIRST,12,393,302,0.27923627684964203,data\processed\initial_graph_coloring_dataset\colpack_outputs_week15_extra_orderings\bcsstk06_dynamic_largest_first.txt
bcsstk06,DYNAMIC_LARGEST_FIRST,12,42,303,0.27684964200477324,data\processed\initial_graph_coloring_dataset\colpack_outputs_week15_extra_orderings\bcsstk06_dynamic_largest_first.txt
bcsstk06,DYNAMIC_LARGEST_FIRST,12,108,304,0.2744630071599045,data\processed\initial_graph_coloring_dataset\colpack_outputs_week15_extra_orderings\bcsstk06_dynamic_largest_first.txt
bcsstk06,DYNAMIC_LARGEST_FIRST,12,205,305,0.2720763723150358,data\processed\initial_graph_coloring_dataset\colpack_outputs_week15_extra_orderings\bcsstk06_dynamic_largest_first.txt
bcsstk06,DYNAMIC_LARGEST_FIRST,12,265,306,0.26968973747016706,data\processed\initial_graph_coloring_dataset\colpack_outputs_week15_extra_orderings\bcsstk06_dynamic_largest_first.txt
bcsstk06,DYNAMIC_LARGEST_FIRST,12,117,307,0.26730310262529833,data\processed\initial_graph_coloring_dataset\colpack_outputs_week15_extra_orderings\bcsstk06_dynamic_largest_first.txt
bcsstk06,DYNAMIC_LARGEST_FIRST,12,240,308,0.2649164677804296,data\processed\initial_graph_coloring_dataset\colpack_outputs_week15_extra_orderings\bcsstk06_dynamic_largest_first.txt
bcsstk06,DYNAMIC_LARGEST_FIRST,12,381,309,0.26252983293556087,data\processed\initial_graph_coloring_dataset\colpack_outputs_week15_extra_orderings\bcsstk06_dynamic_largest_first.txt
bcsstk06,DYNAMIC_LARGEST_FIRST,12,194,310,0.26014319809069214,data\processed\initial_graph_coloring_dataset\colpack_outputs_week15_extra_orderings\bcsstk06_dynamic_largest_first.txt
bcsstk06,DYNAMIC_LARGEST_FIRST,12,169,311,0.2577565632458234,data\processed\initial_graph_coloring_dataset\colpack_outputs_week15_extra_orderings\bcsstk06_dynamic_largest_first.txt
bcsstk06,DYNAMIC_LARGEST_FIRST,12,86,312,0.2553699284009546,data\processed\initial_graph_coloring_dataset\colpack_outputs_week15_extra_orderings\bcsstk06_dynamic_largest_first.txt
bcsstk06,DYNAMIC_LARGEST_FIRST,12,337,313,0.2529832935560859,data\processed\initial_graph_coloring_dataset\colpack_outputs_week15_extra_orderings\bcsstk06_dynamic_largest_first.txt
bcsstk06,DYNAMIC_LARGEST_FIRST,12,254,314,0.25059665871121717,data\processed\initial_graph_coloring_dataset\colpack_outputs_week15_extra_orderings\bcsstk06_dynamic_largest_first.txt
bcsstk06,DYNAMIC_LARGEST_FIRST,12,181,315,0.24821002386634844,data\processed\initial_graph_coloring_dataset\colpack_outputs_week15_extra_orderings\bcsstk06_dynamic_largest_first.txt
bcsstk06,DYNAMIC_LARGEST_FIRST,12,338,316,0.2458233890214797,data\processed\initial_graph_coloring_dataset\colpack_outputs_week15_extra_orderings\bcsstk06_dynamic_largest_first.txt
bcsstk06,DYNAMIC_LARGEST_FIRST,12,85,317,0.24343675417661098,data\processed\initial_graph_coloring_dataset\colpack_outputs_week15_extra_orderings\bcsstk06_dynamic_largest_first.txt
bcsstk06,DYNAMIC_LARGEST_FIRST,12,170,318,0.24105011933174225,data\processed\initial_graph_coloring_dataset\colpack_outputs_week15_extra_orderings\bcsstk06_dynamic_largest_first.txt
bcsstk06,DYNAMIC_LARGEST_FIRST,12,192,319,0.2386634844868735,data\processed\initial_graph_coloring_dataset\colpack_outputs_week15_extra_orderings\bcsstk06_dynamic_largest_first.txt
bcsstk06,DYNAMIC_LARGEST_FIRST,12,398,320,0.23627684964200477,data\processed\initial_graph_coloring_dataset\colpack_outputs_week15_extra_orderings\bcsstk06_dynamic_largest_first.txt
bcsstk06,DYNAMIC_LARGEST_FIRST,12,13,321,0.23389021479713604,data\processed\initial_graph_coloring_dataset\colpack_outputs_week15_extra_orderings\bcsstk06_dynamic_largest_first.txt
bcsstk06,DYNAMIC_LARGEST_FIRST,12,302,322,0.2315035799522673,data\processed\initial_graph_coloring_dataset\colpack_outputs_week15_extra_orderings\bcsstk06_dynamic_largest_first.txt
bcsstk06,DYNAMIC_LARGEST_FIRST,12,217,323,0.22911694510739858,data\processed\initial_graph_coloring_dataset\colpack_outputs_week15_extra_orderings\bcsstk06_dynamic_largest_first.txt
bcsstk06,DYNAMIC_LARGEST_FIRST,12,133,324,0.22673031026252982,data\processed\initial_graph_coloring_dataset\colpack_outputs_week15_extra_orderings\bcsstk06_dynamic_largest_first.txt
bcsstk06,DYNAMIC_LARGEST_FIRST,12,74,325,0.2243436754176611,data\processed\initial_graph_coloring_dataset\colpack_outputs_week15_extra_orderings\bcsstk06_dynamic_largest_first.txt
bcsstk06,DYNAMIC_LARGEST_FIRST,12,61,326,0.22195704057279236,data\processed\initial_graph_coloring_dataset\colpack_outputs_week15_extra_orderings\bcsstk06_dynamic_largest_first.txt
bcsstk06,DYNAMIC_LARGEST_FIRST,12,26,327,0.21957040572792363,data\processed\initial_graph_coloring_dataset\colpack_outputs_week15_extra_orderings\bcsstk06_dynamic_largest_first.txt
bcsstk06,DYNAMIC_LARGEST_FIRST,12,410,328,0.2171837708830549,data\processed\initial_graph_coloring_dataset\colpack_outputs_week15_extra_orderings\bcsstk06_dynamic_largest_first.txt
bcsstk06,DYNAMIC_LARGEST_FIRST,12,362,329,0.21479713603818615,data\processed\initial_graph_coloring_dataset\colpack_outputs_week15_extra_orderings\bcsstk06_dynamic_largest_first.txt
bcsstk06,DYNAMIC_LARGEST_FIRST,12,326,330,0.21241050119331742,data\processed\initial_graph_coloring_dataset\colpack_outputs_week15_extra_orderings\bcsstk06_dynamic_largest_first.txt
bcsstk06,DYNAMIC_LARGEST_FIRST,12,314,331,0.2100238663484487,data\processed\initial_graph_coloring_dataset\colpack_outputs_week15_extra_orderings\bcsstk06_dynamic_largest_first.txt
bcsstk06,DYNAMIC_LARGEST_FIRST,12,158,332,0.20763723150357996,data\processed\initial_graph_coloring_dataset\colpack_outputs_week15_extra_orderings\bcsstk06_dynamic_largest_first.txt
bcsstk06,DYNAMIC_LARGEST_FIRST,12,350,333,0.2052505966587112,data\processed\initial_graph_coloring_dataset\colpack_outputs_week15_extra_orderings\bcsstk06_dynamic_largest_first.txt
bcsstk06,DYNAMIC_LARGEST_FIRST,12,145,334,0.20286396181384247,data\processed\initial_graph_coloring_dataset\colpack_outputs_week15_extra_orderings\bcsstk06_dynamic_largest_first.txt
bcsstk06,DYNAMIC_LARGEST_FIRST,12,97,335,0.20047732696897375,data\processed\initial_graph_coloring_dataset\colpack_outputs_week15_extra_orderings\bcsstk06_dynamic_largest_first.txt
bcsstk06,DYNAMIC_LARGEST_FIRST,12,376,336,0.19809069212410502,data\processed\initial_graph_coloring_dataset\colpack_outputs_week15_extra_orderings\bcsstk06_dynamic_largest_first.txt
bcsstk06,DYNAMIC_LARGEST_FIRST,12,292,337,0.1957040572792363,data\processed\initial_graph_coloring_dataset\colpack_outputs_week15_extra_orderings\bcsstk06_dynamic_largest_first.txt
bcsstk06,DYNAMIC_LARGEST_FIRST,12,274,338,0.19331742243436753,data\processed\initial_graph_coloring_dataset\colpack_outputs_week15_extra_orderings\bcsstk06_dynamic_largest_first.txt
bcsstk06,DYNAMIC_LARGEST_FIRST,12,207,339,0.1909307875894988,data\processed\initial_graph_coloring_dataset\colpack_outputs_week15_extra_orderings\bcsstk06_dynamic_largest_first.txt
bcsstk06,DYNAMIC_LARGEST_FIRST,12,208,340,0.18854415274463007,data\processed\initial_graph_coloring_dataset\colpack_outputs_week15_extra_orderings\bcsstk06_dynamic_largest_first.txt
bcsstk06,DYNAMIC_LARGEST_FIRST,12,124,341,0.18615751789976134,data\processed\initial_graph_coloring_dataset\colpack_outputs_week15_extra_orderings\bcsstk06_dynamic_largest_first.txt
bcsstk06,DYNAMIC_LARGEST_FIRST,12,253,342,0.18377088305489261,data\processed\initial_graph_coloring_dataset\colpack_outputs_week15_extra_orderings\bcsstk06_dynamic_largest_first.txt
bcsstk06,DYNAMIC_LARGEST_FIRST,12,44,343,0.18138424821002386,data\processed\initial_graph_coloring_dataset\colpack_outputs_week15_extra_orderings\bcsstk06_dynamic_largest_first.txt
bcsstk06,DYNAMIC_LARGEST_FIRST,12,291,344,0.17899761336515513,data\processed\initial_graph_coloring_dataset\colpack_outputs_week15_extra_orderings\bcsstk06_dynamic_largest_first.txt
bcsstk06,DYNAMIC_LARGEST_FIRST,12,226,345,0.1766109785202864,data\processed\initial_graph_coloring_dataset\colpack_outputs_week15_extra_orderings\bcsstk06_dynamic_largest_first.txt
bcsstk06,DYNAMIC_LARGEST_FIRST,12,125,346,0.17422434367541767,data\processed\initial_graph_coloring_dataset\colpack_outputs_week15_extra_orderings\bcsstk06_dynamic_largest_first.txt
bcsstk06,DYNAMIC_LARGEST_FIRST,12,273,347,0.1718377088305489,data\processed\initial_graph_coloring_dataset\colpack_outputs_week15_extra_orderings\bcsstk06_dynamic_largest_first.txt
bcsstk06,DYNAMIC_LARGEST_FIRST,12,377,348,0.16945107398568018,data\processed\initial_graph_coloring_dataset\colpack_outputs_week15_extra_orderings\bcsstk06_dynamic_largest_first.txt
bcsstk06,DYNAMIC_LARGEST_FIRST,12,106,349,0.16706443914081145,data\processed\initial_graph_coloring_dataset\colpack_outputs_week15_extra_orderings\bcsstk06_dynamic_largest_first.txt
bcsstk06,DYNAMIC_LARGEST_FIRST,12,228,350,0.16467780429594273,data\processed\initial_graph_coloring_dataset\colpack_outputs_week15_extra_orderings\bcsstk06_dynamic_largest_first.txt
bcsstk06,DYNAMIC_LARGEST_FIRST,12,333,351,0.162291169451074,data\processed\initial_graph_coloring_dataset\colpack_outputs_week15_extra_orderings\bcsstk06_dynamic_largest_first.txt
bcsstk06,DYNAMIC_LARGEST_FIRST,12,81,352,0.15990453460620524,data\processed\initial_graph_coloring_dataset\colpack_outputs_week15_extra_orderings\bcsstk06_dynamic_largest_first.txt
bcsstk06,DYNAMIC_LARGEST_FIRST,12,167,353,0.1575178997613365,data\processed\initial_graph_coloring_dataset\colpack_outputs_week15_extra_orderings\bcsstk06_dynamic_largest_first.txt
bcsstk06,DYNAMIC_LARGEST_FIRST,12,249,354,0.15513126491646778,data\processed\initial_graph_coloring_dataset\colpack_outputs_week15_extra_orderings\bcsstk06_dynamic_largest_first.txt
bcsstk06,DYNAMIC_LARGEST_FIRST,12,4,355,0.15274463007159905,data\processed\initial_graph_coloring_dataset\colpack_outputs_week15_extra_orderings\bcsstk06_dynamic_largest_first.txt
bcsstk06,DYNAMIC_LARGEST_FIRST,12,0,356,0.15035799522673032,data\processed\initial_graph_coloring_dataset\colpack_outputs_week15_extra_orderings\bcsstk06_dynamic_largest_first.txt
bcsstk06,DYNAMIC_LARGEST_FIRST,12,251,357,0.14797136038186157,data\processed\initial_graph_coloring_dataset\colpack_outputs_week15_extra_orderings\bcsstk06_dynamic_largest_first.txt
bcsstk06,DYNAMIC_LARGEST_FIRST,12,165,358,0.14558472553699284,data\processed\initial_graph_coloring_dataset\colpack_outputs_week15_extra_orderings\bcsstk06_dynamic_largest_first.txt
bcsstk06,DYNAMIC_LARGEST_FIRST,12,83,359,0.1431980906921241,data\processed\initial_graph_coloring_dataset\colpack_outputs_week15_extra_orderings\bcsstk06_dynamic_largest_first.txt
bcsstk06,DYNAMIC_LARGEST_FIRST,12,335,360,0.14081145584725538,data\processed\initial_graph_coloring_dataset\colpack_outputs_week15_extra_orderings\bcsstk06_dynamic_largest_first.txt
bcsstk06,DYNAMIC_LARGEST_FIRST,12,225,361,0.13842482100238662,data\processed\initial_graph_coloring_dataset\colpack_outputs_week15_extra_orderings\bcsstk06_dynamic_largest_first.txt
bcsstk06,DYNAMIC_LARGEST_FIRST,12,109,362,0.1360381861575179,data\processed\initial_graph_coloring_dataset\colpack_outputs_week15_extra_orderings\bcsstk06_dynamic_largest_first.txt
bcsstk06,DYNAMIC_LARGEST_FIRST,12,375,363,0.13365155131264916,data\processed\initial_graph_coloring_dataset\colpack_outputs_week15_extra_orderings\bcsstk06_dynamic_largest_first.txt
bcsstk06,DYNAMIC_LARGEST_FIRST,12,276,364,0.13126491646778043,data\processed\initial_graph_coloring_dataset\colpack_outputs_week15_extra_orderings\bcsstk06_dynamic_largest_first.txt
bcsstk06,DYNAMIC_LARGEST_FIRST,12,123,365,0.1288782816229117,data\processed\initial_graph_coloring_dataset\colpack_outputs_week15_extra_orderings\bcsstk06_dynamic_largest_first.txt
bcsstk06,DYNAMIC_LARGEST_FIRST,12,229,366,0.12649164677804295,data\processed\initial_graph_coloring_dataset\colpack_outputs_week15_extra_orderings\bcsstk06_dynamic_largest_first.txt
bcsstk06,DYNAMIC_LARGEST_FIRST,12,293,367,0.12410501193317422,data\processed\initial_graph_coloring_dataset\colpack_outputs_week15_extra_orderings\bcsstk06_dynamic_largest_first.txt
bcsstk06,DYNAMIC_LARGEST_FIRST,12,43,368,0.12171837708830549,data\processed\initial_graph_coloring_dataset\colpack_outputs_week15_extra_orderings\bcsstk06_dynamic_largest_first.txt
bcsstk06,DYNAMIC_LARGEST_FIRST,12,252,369,0.11933174224343675,data\processed\initial_graph_coloring_dataset\colpack_outputs_week15_extra_orderings\bcsstk06_dynamic_largest_first.txt
bcsstk06,DYNAMIC_LARGEST_FIRST,12,119,370,0.11694510739856802,data\processed\initial_graph_coloring_dataset\colpack_outputs_week15_extra_orderings\bcsstk06_dynamic_largest_first.txt
bcsstk06,DYNAMIC_LARGEST_FIRST,12,203,371,0.11455847255369929,data\processed\initial_graph_coloring_dataset\colpack_outputs_week15_extra_orderings\bcsstk06_dynamic_largest_first.txt
bcsstk06,DYNAMIC_LARGEST_FIRST,12,209,372,0.11217183770883055,data\processed\initial_graph_coloring_dataset\colpack_outputs_week15_extra_orderings\bcsstk06_dynamic_largest_first.txt
bcsstk06,DYNAMIC_LARGEST_FIRST,12,277,373,0.10978520286396182,data\processed\initial_graph_coloring_dataset\colpack_outputs_week15_extra_orderings\bcsstk06_dynamic_largest_first.txt
bcsstk06,DYNAMIC_LARGEST_FIRST,12,289,374,0.10739856801909307,data\processed\initial_graph_coloring_dataset\colpack_outputs_week15_extra_orderings\bcsstk06_dynamic_largest_first.txt
bcsstk06,DYNAMIC_LARGEST_FIRST,12,371,375,0.10501193317422435,data\processed\initial_graph_coloring_dataset\colpack_outputs_week15_extra_orderings\bcsstk06_dynamic_largest_first.txt
bcsstk06,DYNAMIC_LARGEST_FIRST,12,94,376,0.1026252983293556,data\processed\initial_graph_coloring_dataset\colpack_outputs_week15_extra_orderings\bcsstk06_dynamic_largest_first.txt
bcsstk06,DYNAMIC_LARGEST_FIRST,12,142,377,0.10023866348448687,data\processed\initial_graph_coloring_dataset\colpack_outputs_week15_extra_orderings\bcsstk06_dynamic_largest_first.txt
bcsstk06,DYNAMIC_LARGEST_FIRST,12,346,378,0.09785202863961814,data\processed\initial_graph_coloring_dataset\colpack_outputs_week15_extra_orderings\bcsstk06_dynamic_largest_first.txt
bcsstk06,DYNAMIC_LARGEST_FIRST,12,155,379,0.0954653937947494,data\processed\initial_graph_coloring_dataset\colpack_outputs_week15_extra_orderings\bcsstk06_dynamic_largest_first.txt
bcsstk06,DYNAMIC_LARGEST_FIRST,12,311,380,0.09307875894988067,data\processed\initial_graph_coloring_dataset\colpack_outputs_week15_extra_orderings\bcsstk06_dynamic_largest_first.txt
bcsstk06,DYNAMIC_LARGEST_FIRST,12,323,381,0.09069212410501193,data\processed\initial_graph_coloring_dataset\colpack_outputs_week15_extra_orderings\bcsstk06_dynamic_largest_first.txt
bcsstk06,DYNAMIC_LARGEST_FIRST,12,358,382,0.0883054892601432,data\processed\initial_graph_coloring_dataset\colpack_outputs_week15_extra_orderings\bcsstk06_dynamic_largest_first.txt
bcsstk06,DYNAMIC_LARGEST_FIRST,12,407,383,0.08591885441527446,data\processed\initial_graph_coloring_dataset\colpack_outputs_week15_extra_orderings\bcsstk06_dynamic_largest_first.txt
bcsstk06,DYNAMIC_LARGEST_FIRST,12,22,384,0.08353221957040573,data\processed\initial_graph_coloring_dataset\colpack_outputs_week15_extra_orderings\bcsstk06_dynamic_largest_first.txt
bcsstk06,DYNAMIC_LARGEST_FIRST,12,58,385,0.081145584725537,data\processed\initial_graph_coloring_dataset\colpack_outputs_week15_extra_orderings\bcsstk06_dynamic_largest_first.txt
bcsstk06,DYNAMIC_LARGEST_FIRST,12,70,386,0.07875894988066826,data\processed\initial_graph_coloring_dataset\colpack_outputs_week15_extra_orderings\bcsstk06_dynamic_largest_first.txt
bcsstk06,DYNAMIC_LARGEST_FIRST,12,127,387,0.07637231503579953,data\processed\initial_graph_coloring_dataset\colpack_outputs_week15_extra_orderings\bcsstk06_dynamic_largest_first.txt
bcsstk06,DYNAMIC_LARGEST_FIRST,12,214,388,0.07398568019093078,data\processed\initial_graph_coloring_dataset\colpack_outputs_week15_extra_orderings\bcsstk06_dynamic_largest_first.txt
bcsstk06,DYNAMIC_LARGEST_FIRST,12,298,389,0.07159904534606205,data\processed\initial_graph_coloring_dataset\colpack_outputs_week15_extra_orderings\bcsstk06_dynamic_largest_first.txt
bcsstk06,DYNAMIC_LARGEST_FIRST,12,12,390,0.06921241050119331,data\processed\initial_graph_coloring_dataset\colpack_outputs_week15_extra_orderings\bcsstk06_dynamic_largest_first.txt
bcsstk06,DYNAMIC_LARGEST_FIRST,12,397,391,0.06682577565632458,data\processed\initial_graph_coloring_dataset\colpack_outputs_week15_extra_orderings\bcsstk06_dynamic_largest_first.txt
bcsstk06,DYNAMIC_LARGEST_FIRST,12,189,392,0.06443914081145585,data\processed\initial_graph_coloring_dataset\colpack_outputs_week15_extra_orderings\bcsstk06_dynamic_largest_first.txt
bcsstk06,DYNAMIC_LARGEST_FIRST,12,168,393,0.06205250596658711,data\processed\initial_graph_coloring_dataset\colpack_outputs_week15_extra_orderings\bcsstk06_dynamic_largest_first.txt
bcsstk06,DYNAMIC_LARGEST_FIRST,12,84,394,0.059665871121718374,data\processed\initial_graph_coloring_dataset\colpack_outputs_week15_extra_orderings\bcsstk06_dynamic_largest_first.txt
bcsstk06,DYNAMIC_LARGEST_FIRST,12,336,395,0.057279236276849645,data\processed\initial_graph_coloring_dataset\colpack_outputs_week15_extra_orderings\bcsstk06_dynamic_largest_first.txt
bcsstk06,DYNAMIC_LARGEST_FIRST,12,178,396,0.05489260143198091,data\processed\initial_graph_coloring_dataset\colpack_outputs_week15_extra_orderings\bcsstk06_dynamic_largest_first.txt
bcsstk06,DYNAMIC_LARGEST_FIRST,12,177,397,0.05250596658711217,data\processed\initial_graph_coloring_dataset\colpack_outputs_week15_extra_orderings\bcsstk06_dynamic_largest_first.txt
bcsstk06,DYNAMIC_LARGEST_FIRST,12,190,398,0.050119331742243436,data\processed\initial_graph_coloring_dataset\colpack_outputs_week15_extra_orderings\bcsstk06_dynamic_largest_first.txt
bcsstk06,DYNAMIC_LARGEST_FIRST,12,383,399,0.0477326968973747,data\processed\initial_graph_coloring_dataset\colpack_outputs_week15_extra_orderings\bcsstk06_dynamic_largest_first.txt
bcsstk06,DYNAMIC_LARGEST_FIRST,12,379,400,0.045346062052505964,data\processed\initial_graph_coloring_dataset\colpack_outputs_week15_extra_orderings\bcsstk06_dynamic_largest_first.txt
bcsstk06,DYNAMIC_LARGEST_FIRST,12,238,401,0.04295942720763723,data\processed\initial_graph_coloring_dataset\colpack_outputs_week15_extra_orderings\bcsstk06_dynamic_largest_first.txt
bcsstk06,DYNAMIC_LARGEST_FIRST,12,237,402,0.0405727923627685,data\processed\initial_graph_coloring_dataset\colpack_outputs_week15_extra_orderings\bcsstk06_dynamic_largest_first.txt
bcsstk06,DYNAMIC_LARGEST_FIRST,12,262,403,0.03818615751789976,data\processed\initial_graph_coloring_dataset\colpack_outputs_week15_extra_orderings\bcsstk06_dynamic_largest_first.txt
bcsstk06,DYNAMIC_LARGEST_FIRST,12,261,404,0.03579952267303103,data\processed\initial_graph_coloring_dataset\colpack_outputs_week15_extra_orderings\bcsstk06_dynamic_largest_first.txt
bcsstk06,DYNAMIC_LARGEST_FIRST,12,40,405,0.03341288782816229,data\processed\initial_graph_coloring_dataset\colpack_outputs_week15_extra_orderings\bcsstk06_dynamic_largest_first.txt
bcsstk06,DYNAMIC_LARGEST_FIRST,12,35,406,0.031026252983293555,data\processed\initial_graph_coloring_dataset\colpack_outputs_week15_extra_orderings\bcsstk06_dynamic_largest_first.txt
bcsstk06,DYNAMIC_LARGEST_FIRST,12,39,407,0.028639618138424822,data\processed\initial_graph_coloring_dataset\colpack_outputs_week15_extra_orderings\bcsstk06_dynamic_largest_first.txt
bcsstk06,DYNAMIC_LARGEST_FIRST,12,380,408,0.026252983293556086,data\processed\initial_graph_coloring_dataset\colpack_outputs_week15_extra_orderings\bcsstk06_dynamic_largest_first.txt
bcsstk06,DYNAMIC_LARGEST_FIRST,12,378,409,0.02386634844868735,data\processed\initial_graph_coloring_dataset\colpack_outputs_week15_extra_orderings\bcsstk06_dynamic_largest_first.txt
bcsstk06,DYNAMIC_LARGEST_FIRST,12,41,410,0.021479713603818614,data\processed\initial_graph_coloring_dataset\colpack_outputs_week15_extra_orderings\bcsstk06_dynamic_largest_first.txt
bcsstk06,DYNAMIC_LARGEST_FIRST,12,418,411,0.01909307875894988,data\processed\initial_graph_coloring_dataset\colpack_outputs_week15_extra_orderings\bcsstk06_dynamic_largest_first.txt
bcsstk06,DYNAMIC_LARGEST_FIRST,12,250,412,0.016706443914081145,data\processed\initial_graph_coloring_dataset\colpack_outputs_week15_extra_orderings\bcsstk06_dynamic_largest_first.txt
bcsstk06,DYNAMIC_LARGEST_FIRST,12,417,413,0.014319809069212411,data\processed\initial_graph_coloring_dataset\colpack_outputs_week15_extra_orderings\bcsstk06_dynamic_largest_first.txt
bcsstk06,DYNAMIC_LARGEST_FIRST,12,166,414,0.011933174224343675,data\processed\initial_graph_coloring_dataset\colpack_outputs_week15_extra_orderings\bcsstk06_dynamic_largest_first.txt
bcsstk06,DYNAMIC_LARGEST_FIRST,12,334,415,0.00954653937947494,data\processed\initial_graph_coloring_dataset\colpack_outputs_week15_extra_orderings\bcsstk06_dynamic_largest_first.txt
bcsstk06,DYNAMIC_LARGEST_FIRST,12,82,416,0.007159904534606206,data\processed\initial_graph_coloring_dataset\colpack_outputs_week15_extra_orderings\bcsstk06_dynamic_largest_first.txt
bcsstk06,DYNAMIC_LARGEST_FIRST,12,2,417,0.00477326968973747,data\processed\initial_graph_coloring_dataset\colpack_outputs_week15_extra_orderings\bcsstk06_dynamic_largest_first.txt
bcsstk06,DYNAMIC_LARGEST_FIRST,12,1,418,0.002386634844868735,data\processed\initial_graph_coloring_dataset\colpack_outputs_week15_extra_orderings\bcsstk06_dynamic_largest_first.txt
bcsstk06,DYNAMIC_LARGEST_FIRST,12,419,419,0.0,data\processed\initial_graph_coloring_dataset\colpack_outputs_week15_extra_orderings\bcsstk06_dynamic_largest_first.txt
can_24,INCIDENCE_DEGREE,4,0,0,1.0,data\processed\initial_graph_coloring_dataset\colpack_outputs_week15_extra_orderings\can_24_incidence_degree.txt
can_24,INCIDENCE_DEGREE,4,21,1,0.9565217391304348,data\processed\initial_graph_coloring_dataset\colpack_outputs_week15_extra_orderings\can_24_incidence_degree.txt
can_24,INCIDENCE_DEGREE,4,19,2,0.9130434782608695,data\processed\initial_graph_coloring_dataset\colpack_outputs_week15_extra_orderings\can_24_incidence_degree.txt
can_24,INCIDENCE_DEGREE,4,6,3,0.8695652173913043,data\processed\initial_graph_coloring_dataset\colpack_outputs_week15_extra_orderings\can_24_incidence_degree.txt
can_24,INCIDENCE_DEGREE,4,12,4,0.8260869565217391,data\processed\initial_graph_coloring_dataset\colpack_outputs_week15_extra_orderings\can_24_incidence_degree.txt
can_24,INCIDENCE_DEGREE,4,11,5,0.782608695652174,data\processed\initial_graph_coloring_dataset\colpack_outputs_week15_extra_orderings\can_24_incidence_degree.txt
can_24,INCIDENCE_DEGREE,4,23,6,0.7391304347826086,data\processed\initial_graph_coloring_dataset\colpack_outputs_week15_extra_orderings\can_24_incidence_degree.txt
can_24,INCIDENCE_DEGREE,4,2,7,0.6956521739130435,data\processed\initial_graph_coloring_dataset\colpack_outputs_week15_extra_orderings\can_24_incidence_degree.txt
can_24,INCIDENCE_DEGREE,4,20,8,0.6521739130434783,data\processed\initial_graph_coloring_dataset\colpack_outputs_week15_extra_orderings\can_24_incidence_degree.txt
can_24,INCIDENCE_DEGREE,4,22,9,0.6086956521739131,data\processed\initial_graph_coloring_dataset\colpack_outputs_week15_extra_orderings\can_24_incidence_degree.txt
can_24,INCIDENCE_DEGREE,4,10,10,0.5652173913043478,data\processed\initial_graph_coloring_dataset\colpack_outputs_week15_extra_orderings\can_24_incidence_degree.txt
can_24,INCIDENCE_DEGREE,4,18,11,0.5217391304347826,data\processed\initial_graph_coloring_dataset\colpack_outputs_week15_extra_orderings\can_24_incidence_degree.txt
can_24,INCIDENCE_DEGREE,4,17,12,0.4782608695652174,data\processed\initial_graph_coloring_dataset\colpack_outputs_week15_extra_orderings\can_24_incidence_degree.txt
can_24,INCIDENCE_DEGREE,4,5,13,0.43478260869565216,data\processed\initial_graph_coloring_dataset\colpack_outputs_week15_extra_orderings\can_24_incidence_degree.txt
can_24,INCIDENCE_DEGREE,4,13,14,0.391304347826087,data\processed\initial_graph_coloring_dataset\colpack_outputs_week15_extra_orderings\can_24_incidence_degree.txt
can_24,INCIDENCE_DEGREE,4,9,15,0.34782608695652173,data\processed\initial_graph_coloring_dataset\colpack_outputs_week15_extra_orderings\can_24_incidence_degree.txt
can_24,INCIDENCE_DEGREE,4,7,16,0.30434782608695654,data\processed\initial_graph_coloring_dataset\colpack_outputs_week15_extra_orderings\can_24_incidence_degree.txt
can_24,INCIDENCE_DEGREE,4,3,17,0.2608695652173913,data\processed\initial_graph_coloring_dataset\colpack_outputs_week15_extra_orderings\can_24_incidence_degree.txt
can_24,INCIDENCE_DEGREE,4,15,18,0.21739130434782608,data\processed\initial_graph_coloring_dataset\colpack_outputs_week15_extra_orderings\can_24_incidence_degree.txt
can_24,INCIDENCE_DEGREE,4,4,19,0.17391304347826086,data\processed\initial_graph_coloring_dataset\colpack_outputs_week15_extra_orderings\can_24_incidence_degree.txt
can_24,INCIDENCE_DEGREE,4,16,20,0.13043478260869565,data\processed\initial_graph_coloring_dataset\colpack_outputs_week15_extra_orderings\can_24_incidence_degree.txt
can_24,INCIDENCE_DEGREE,4,14,21,0.08695652173913043,data\processed\initial_graph_coloring_dataset\colpack_outputs_week15_extra_orderings\can_24_incidence_degree.txt
can_24,INCIDENCE_DEGREE,4,1,22,0.043478260869565216,data\processed\initial_graph_coloring_dataset\colpack_outputs_week15_extra_orderings\can_24_incidence_degree.txt
can_24,INCIDENCE_DEGREE,4,8,23,0.0,data\processed\initial_graph_coloring_dataset\colpack_outputs_week15_extra_orderings\can_24_incidence_degree.txt
dwt_234,DYNAMIC_LARGEST_FIRST,3,68,0,1.0,data\processed\initial_graph_coloring_dataset\colpack_outputs_week15_extra_orderings\dwt_234_dynamic_largest_first.txt
dwt_234,DYNAMIC_LARGEST_FIRST,3,85,1,0.9957081545064378,data\processed\initial_graph_coloring_dataset\colpack_outputs_week15_extra_orderings\dwt_234_dynamic_largest_first.txt
dwt_234,DYNAMIC_LARGEST_FIRST,3,45,2,0.9914163090128756,data\processed\initial_graph_coloring_dataset\colpack_outputs_week15_extra_orderings\dwt_234_dynamic_largest_first.txt
dwt_234,DYNAMIC_LARGEST_FIRST,3,43,3,0.9871244635193133,data\processed\initial_graph_coloring_dataset\colpack_outputs_week15_extra_orderings\dwt_234_dynamic_largest_first.txt
dwt_234,DYNAMIC_LARGEST_FIRST,3,41,4,0.9828326180257511,data\processed\initial_graph_coloring_dataset\colpack_outputs_week15_extra_orderings\dwt_234_dynamic_largest_first.txt
dwt_234,DYNAMIC_LARGEST_FIRST,3,110,5,0.9785407725321889,data\processed\initial_graph_coloring_dataset\colpack_outputs_week15_extra_orderings\dwt_234_dynamic_largest_first.txt
dwt_234,DYNAMIC_LARGEST_FIRST,3,87,6,0.9742489270386266,data\processed\initial_graph_coloring_dataset\colpack_outputs_week15_extra_orderings\dwt_234_dynamic_largest_first.txt
dwt_234,DYNAMIC_LARGEST_FIRST,3,83,7,0.9699570815450643,data\processed\initial_graph_coloring_dataset\colpack_outputs_week15_extra_orderings\dwt_234_dynamic_largest_first.txt
dwt_234,DYNAMIC_LARGEST_FIRST,3,170,8,0.9656652360515021,data\processed\initial_graph_coloring_dataset\colpack_outputs_week15_extra_orderings\dwt_234_dynamic_largest_first.txt
dwt_234,DYNAMIC_LARGEST_FIRST,3,146,9,0.9613733905579399,data\processed\initial_graph_coloring_dataset\colpack_outputs_week15_extra_orderings\dwt_234_dynamic_largest_first.txt
dwt_234,DYNAMIC_LARGEST_FIRST,3,108,10,0.9570815450643777,data\processed\initial_graph_coloring_dataset\colpack_outputs_week15_extra_orderings\dwt_234_dynamic_largest_first.txt
dwt_234,DYNAMIC_LARGEST_FIRST,3,104,11,0.9527896995708155,data\processed\initial_graph_coloring_dataset\colpack_outputs_week15_extra_orderings\dwt_234_dynamic_largest_first.txt
dwt_234,DYNAMIC_LARGEST_FIRST,3,66,12,0.9484978540772532,data\processed\initial_graph_coloring_dataset\colpack_outputs_week15_extra_orderings\dwt_234_dynamic_largest_first.txt
dwt_234,DYNAMIC_LARGEST_FIRST,3,62,13,0.944206008583691,data\processed\initial_graph_coloring_dataset\colpack_outputs_week15_extra_orderings\dwt_234_dynamic_largest_first.txt
dwt_234,DYNAMIC_LARGEST_FIRST,3,47,14,0.9399141630901288,data\processed\initial_graph_coloring_dataset\colpack_outputs_week15_extra_orderings\dwt_234_dynamic_largest_first.txt
dwt_234,DYNAMIC_LARGEST_FIRST,3,181,15,0.9356223175965666,data\processed\initial_graph_coloring_dataset\colpack_outputs_week15_extra_orderings\dwt_234_dynamic_largest_first.txt
dwt_234,DYNAMIC_LARGEST_FIRST,3,179,16,0.9313304721030042,data\processed\initial_graph_coloring_dataset\colpack_outputs_week15_extra_orderings\dwt_234_dynamic_largest_first.txt
dwt_234,DYNAMIC_LARGEST_FIRST,3,159,17,0.927038626609442,data\processed\initial_graph_coloring_dataset\colpack_outputs_week15_extra_orderings\dwt_234_dynamic_largest_first.txt
dwt_234,DYNAMIC_LARGEST_FIRST,3,157,18,0.9227467811158798,data\processed\initial_graph_coloring_dataset\colpack_outputs_week15_extra_orderings\dwt_234_dynamic_largest_first.txt
dwt_234,DYNAMIC_LARGEST_FIRST,3,106,19,0.9184549356223176,data\processed\initial_graph_coloring_dataset\colpack_outputs_week15_extra_orderings\dwt_234_dynamic_largest_first.txt
dwt_234,DYNAMIC_LARGEST_FIRST,3,64,20,0.9141630901287554,data\processed\initial_graph_coloring_dataset\colpack_outputs_week15_extra_orderings\dwt_234_dynamic_largest_first.txt
dwt_234,DYNAMIC_LARGEST_FIRST,3,16,21,0.9098712446351931,data\processed\initial_graph_coloring_dataset\colpack_outputs_week15_extra_orderings\dwt_234_dynamic_largest_first.txt
dwt_234,DYNAMIC_LARGEST_FIRST,3,12,22,0.9055793991416309,data\processed\initial_graph_coloring_dataset\colpack_outputs_week15_extra_orderings\dwt_234_dynamic_largest_first.txt
dwt_234,DYNAMIC_LARGEST_FIRST,3,8,23,0.9012875536480687,data\processed\initial_graph_coloring_dataset\colpack_outputs_week15_extra_orderings\dwt_234_dynamic_largest_first.txt
dwt_234,DYNAMIC_LARGEST_FIRST,3,4,24,0.8969957081545065,data\processed\initial_graph_coloring_dataset\colpack_outputs_week15_extra_orderings\dwt_234_dynamic_largest_first.txt
dwt_234,DYNAMIC_LARGEST_FIRST,3,225,25,0.8927038626609443,data\processed\initial_graph_coloring_dataset\colpack_outputs_week15_extra_orderings\dwt_234_dynamic_largest_first.txt
dwt_234,DYNAMIC_LARGEST_FIRST,3,214,26,0.8884120171673819,data\processed\initial_graph_coloring_dataset\colpack_outputs_week15_extra_orderings\dwt_234_dynamic_largest_first.txt
dwt_234,DYNAMIC_LARGEST_FIRST,3,212,27,0.8841201716738197,data\processed\initial_graph_coloring_dataset\colpack_outputs_week15_extra_orderings\dwt_234_dynamic_largest_first.txt
dwt_234,DYNAMIC_LARGEST_FIRST,3,168,28,0.8798283261802575,data\processed\initial_graph_coloring_dataset\colpack_outputs_week15_extra_orderings\dwt_234_dynamic_largest_first.txt
dwt_234,DYNAMIC_LARGEST_FIRST,3,148,29,0.8755364806866953,data\processed\initial_graph_coloring_dataset\colpack_outputs_week15_extra_orderings\dwt_234_dynamic_largest_first.txt
dwt_234,DYNAMIC_LARGEST_FIRST,3,223,30,0.871244635193133,data\processed\initial_graph_coloring_dataset\colpack_outputs_week15_extra_orderings\dwt_234_dynamic_largest_first.txt
dwt_234,DYNAMIC_LARGEST_FIRST,3,89,31,0.8669527896995708,data\processed\initial_graph_coloring_dataset\colpack_outputs_week15_extra_orderings\dwt_234_dynamic_largest_first.txt
dwt_234,DYNAMIC_LARGEST_FIRST,3,24,32,0.8626609442060086,data\processed\initial_graph_coloring_dataset\colpack_outputs_week15_extra_orderings\dwt_234_dynamic_largest_first.txt
dwt_234,DYNAMIC_LARGEST_FIRST,3,18,33,0.8583690987124464,data\processed\initial_graph_coloring_dataset\colpack_outputs_week15_extra_orderings\dwt_234_dynamic_largest_first.txt
dwt_234,DYNAMIC_LARGEST_FIRST,3,14,34,0.8540772532188842,data\processed\initial_graph_coloring_dataset\colpack_outputs_week15_extra_orderings\dwt_234_dynamic_largest_first.txt
dwt_234,DYNAMIC_LARGEST_FIRST,3,10,35,0.8497854077253219,data\processed\initial_graph_coloring_dataset\colpack_outputs_week15_extra_orderings\dwt_234_dynamic_largest_first.txt
dwt_234,DYNAMIC_LARGEST_FIRST,3,6,36,0.8454935622317596,data\processed\initial_graph_coloring_dataset\colpack_outputs_week15_extra_orderings\dwt_234_dynamic_largest_first.txt
dwt_234,DYNAMIC_LARGEST_FIRST,3,211,37,0.8412017167381974,data\processed\initial_graph_coloring_dataset\colpack_outputs_week15_extra_orderings\dwt_234_dynamic_largest_first.txt
dwt_234,DYNAMIC_LARGEST_FIRST,3,207,38,0.8369098712446352,data\processed\initial_graph_coloring_dataset\colpack_outputs_week15_extra_orderings\dwt_234_dynamic_largest_first.txt
dwt_234,DYNAMIC_LARGEST_FIRST,3,232,39,0.8326180257510729,data\processed\initial_graph_coloring_dataset\colpack_outputs_week15_extra_orderings\dwt_234_dynamic_largest_first.txt
dwt_234,DYNAMIC_LARGEST_FIRST,3,202,40,0.8283261802575107,data\processed\initial_graph_coloring_dataset\colpack_outputs_week15_extra_orderings\dwt_234_dynamic_largest_first.txt
dwt_234,DYNAMIC_LARGEST_FIRST,3,230,41,0.8240343347639485,data\processed\initial_graph_coloring_dataset\colpack_outputs_week15_extra_orderings\dwt_234_dynamic_largest_first.txt
dwt_234,DYNAMIC_LARGEST_FIRST,3,194,42,0.8197424892703863,data\processed\initial_graph_coloring_dataset\colpack_outputs_week15_extra_orderings\dwt_234_dynamic_largest_first.txt
dwt_234,DYNAMIC_LARGEST_FIRST,3,227,43,0.8154506437768241,data\processed\initial_graph_coloring_dataset\colpack_outputs_week15_extra_orderings\dwt_234_dynamic_largest_first.txt
dwt_234,DYNAMIC_LARGEST_FIRST,3,175,44,0.8111587982832618,data\processed\initial_graph_coloring_dataset\colpack_outputs_week15_extra_orderings\dwt_234_dynamic_largest_first.txt
dwt_234,DYNAMIC_LARGEST_FIRST,3,129,45,0.8068669527896996,data\processed\initial_graph_coloring_dataset\colpack_outputs_week15_extra_orderings\dwt_234_dynamic_largest_first.txt
dwt_234,DYNAMIC_LARGEST_FIRST,3,130,46,0.8025751072961373,data\processed\initial_graph_coloring_dataset\colpack_outputs_week15_extra_orderings\dwt_234_dynamic_largest_first.txt
dwt_234,DYNAMIC_LARGEST_FIRST,3,165,47,0.7982832618025751,data\processed\initial_graph_coloring_dataset\colpack_outputs_week15_extra_orderings\dwt_234_dynamic_largest_first.txt
dwt_234,DYNAMIC_LARGEST_FIRST,3,150,48,0.7939914163090128,data\processed\initial_graph_coloring_dataset\colpack_outputs_week15_extra_orderings\dwt_234_dynamic_largest_first.txt
dwt_234,DYNAMIC_LARGEST_FIRST,3,183,49,0.7896995708154506,data\processed\initial_graph_coloring_dataset\colpack_outputs_week15_extra_orderings\dwt_234_dynamic_largest_first.txt
dwt_234,DYNAMIC_LARGEST_FIRST,3,177,50,0.7854077253218884,data\processed\initial_graph_coloring_dataset\colpack_outputs_week15_extra_orderings\dwt_234_dynamic_largest_first.txt
dwt_234,DYNAMIC_LARGEST_FIRST,3,210,51,0.7811158798283262,data\processed\initial_graph_coloring_dataset\colpack_outputs_week15_extra_orderings\dwt_234_dynamic_largest_first.txt
dwt_234,DYNAMIC_LARGEST_FIRST,3,132,52,0.776824034334764,data\processed\initial_graph_coloring_dataset\colpack_outputs_week15_extra_orderings\dwt_234_dynamic_largest_first.txt
dwt_234,DYNAMIC_LARGEST_FIRST,3,161,53,0.7725321888412017,data\processed\initial_graph_coloring_dataset\colpack_outputs_week15_extra_orderings\dwt_234_dynamic_largest_first.txt
dwt_234,DYNAMIC_LARGEST_FIRST,3,144,54,0.7682403433476395,data\processed\initial_graph_coloring_dataset\colpack_outputs_week15_extra_orderings\dwt_234_dynamic_largest_first.txt
dwt_234,DYNAMIC_LARGEST_FIRST,3,154,55,0.7639484978540773,data\processed\initial_graph_coloring_dataset\colpack_outputs_week15_extra_orderings\dwt_234_dynamic_largest_first.txt
dwt_234,DYNAMIC_LARGEST_FIRST,3,222,56,0.759656652360515,data\processed\initial_graph_coloring_dataset\colpack_outputs_week15_extra_orderings\dwt_234_dynamic_largest_first.txt
dwt_234,DYNAMIC_LARGEST_FIRST,3,215,57,0.7553648068669528,data\processed\initial_graph_coloring_dataset\colpack_outputs_week15_extra_orderings\dwt_234_dynamic_largest_first.txt
dwt_234,DYNAMIC_LARGEST_FIRST,3,122,58,0.7510729613733905,data\processed\initial_graph_coloring_dataset\colpack_outputs_week15_extra_orderings\dwt_234_dynamic_largest_first.txt
dwt_234,DYNAMIC_LARGEST_FIRST,3,172,59,0.7467811158798283,data\processed\initial_graph_coloring_dataset\colpack_outputs_week15_extra_orderings\dwt_234_dynamic_largest_first.txt
dwt_234,DYNAMIC_LARGEST_FIRST,3,124,60,0.7424892703862661,data\processed\initial_graph_coloring_dataset\colpack_outputs_week15_extra_orderings\dwt_234_dynamic_largest_first.txt
dwt_234,DYNAMIC_LARGEST_FIRST,3,127,61,0.7381974248927039,data\processed\initial_graph_coloring_dataset\colpack_outputs_week15_extra_orderings\dwt_234_dynamic_largest_first.txt
dwt_234,DYNAMIC_LARGEST_FIRST,3,205,62,0.7339055793991416,data\processed\initial_graph_coloring_dataset\colpack_outputs_week15_extra_orderings\dwt_234_dynamic_largest_first.txt
dwt_234,DYNAMIC_LARGEST_FIRST,3,121,63,0.7296137339055794,data\processed\initial_graph_coloring_dataset\colpack_outputs_week15_extra_orderings\dwt_234_dynamic_largest_first.txt
dwt_234,DYNAMIC_LARGEST_FIRST,3,197,64,0.7253218884120172,data\processed\initial_graph_coloring_dataset\colpack_outputs_week15_extra_orderings\dwt_234_dynamic_largest_first.txt
dwt_234,DYNAMIC_LARGEST_FIRST,3,135,65,0.721030042918455,data\processed\initial_graph_coloring_dataset\colpack_outputs_week15_extra_orderings\dwt_234_dynamic_largest_first.txt
dwt_234,DYNAMIC_LARGEST_FIRST,3,199,66,0.7167381974248928,data\processed\initial_graph_coloring_dataset\colpack_outputs_week15_extra_orderings\dwt_234_dynamic_largest_first.txt
dwt_234,DYNAMIC_LARGEST_FIRST,3,142,67,0.7124463519313304,data\processed\initial_graph_coloring_dataset\colpack_outputs_week15_extra_orderings\dwt_234_dynamic_largest_first.txt
dwt_234,DYNAMIC_LARGEST_FIRST,3,92,68,0.7081545064377682,data\processed\initial_graph_coloring_dataset\colpack_outputs_week15_extra_orderings\dwt_234_dynamic_largest_first.txt
dwt_234,DYNAMIC_LARGEST_FIRST,3,99,69,0.703862660944206,data\processed\initial_graph_coloring_dataset\colpack_outputs_week15_extra_orderings\dwt_234_dynamic_largest_first.txt
dwt_234,DYNAMIC_LARGEST_FIRST,3,26,70,0.6995708154506438,data\processed\initial_graph_coloring_dataset\colpack_outputs_week15_extra_orderings\dwt_234_dynamic_largest_first.txt
dwt_234,DYNAMIC_LARGEST_FIRST,3,51,71,0.6952789699570815,data\processed\initial_graph_coloring_dataset\colpack_outputs_week15_extra_orderings\dwt_234_dynamic_largest_first.txt
dwt_234,DYNAMIC_LARGEST_FIRST,3,219,72,0.6909871244635193,data\processed\initial_graph_coloring_dataset\colpack_outputs_week15_extra_orderings\dwt_234_dynamic_largest_first.txt
dwt_234,DYNAMIC_LARGEST_FIRST,3,28,73,0.6866952789699571,data\processed\initial_graph_coloring_dataset\colpack_outputs_week15_extra_orderings\dwt_234_dynamic_largest_first.txt
dwt_234,DYNAMIC_LARGEST_FIRST,3,156,74,0.6824034334763949,data\processed\initial_graph_coloring_dataset\colpack_outputs_week15_extra_orderings\dwt_234_dynamic_largest_first.txt
dwt_234,DYNAMIC_LARGEST_FIRST,3,218,75,0.6781115879828327,data\processed\initial_graph_coloring_dataset\colpack_outputs_week15_extra_orderings\dwt_234_dynamic_largest_first.txt
dwt_234,DYNAMIC_LARGEST_FIRST,3,30,76,0.6738197424892703,data\processed\initial_graph_coloring_dataset\colpack_outputs_week15_extra_orderings\dwt_234_dynamic_largest_first.txt
dwt_234,DYNAMIC_LARGEST_FIRST,3,96,77,0.6695278969957081,data\processed\initial_graph_coloring_dataset\colpack_outputs_week15_extra_orderings\dwt_234_dynamic_largest_first.txt
dwt_234,DYNAMIC_LARGEST_FIRST,3,56,78,0.6652360515021459,data\processed\initial_graph_coloring_dataset\colpack_outputs_week15_extra_orderings\dwt_234_dynamic_largest_first.txt
dwt_234,DYNAMIC_LARGEST_FIRST,3,75,79,0.6609442060085837,data\processed\initial_graph_coloring_dataset\colpack_outputs_week15_extra_orderings\dwt_234_dynamic_largest_first.txt
dwt_234,DYNAMIC_LARGEST_FIRST,3,74,80,0.6566523605150214,data\processed\initial_graph_coloring_dataset\colpack_outputs_week15_extra_orderings\dwt_234_dynamic_largest_first.txt
dwt_234,DYNAMIC_LARGEST_FIRST,3,71,81,0.6523605150214592,data\processed\initial_graph_coloring_dataset\colpack_outputs_week15_extra_orderings\dwt_234_dynamic_largest_first.txt
dwt_234,DYNAMIC_LARGEST_FIRST,3,208,82,0.648068669527897,data\processed\initial_graph_coloring_dataset\colpack_outputs_week15_extra_orderings\dwt_234_dynamic_largest_first.txt
dwt_234,DYNAMIC_LARGEST_FIRST,3,220,83,0.6437768240343348,data\processed\initial_graph_coloring_dataset\colpack_outputs_week15_extra_orderings\dwt_234_dynamic_largest_first.txt
dwt_234,DYNAMIC_LARGEST_FIRST,3,54,84,0.6394849785407726,data\processed\initial_graph_coloring_dataset\colpack_outputs_week15_extra_orderings\dwt_234_dynamic_largest_first.txt
dwt_234,DYNAMIC_LARGEST_FIRST,3,153,85,0.6351931330472103,data\processed\initial_graph_coloring_dataset\colpack_outputs_week15_extra_orderings\dwt_234_dynamic_largest_first.txt
dwt_234,DYNAMIC_LARGEST_FIRST,3,52,86,0.630901287553648,data\processed\initial_graph_coloring_dataset\colpack_outputs_week15_extra_orderings\dwt_234_dynamic_largest_first.txt
dwt_234,DYNAMIC_LARGEST_FIRST,3,166,87,0.6266094420600858,data\processed\initial_graph_coloring_dataset\colpack_outputs_week15_extra_orderings\dwt_234_dynamic_largest_first.txt
dwt_234,DYNAMIC_LARGEST_FIRST,3,164,88,0.6223175965665236,data\processed\initial_graph_coloring_dataset\colpack_outputs_week15_extra_orderings\dwt_234_dynamic_largest_first.txt
dwt_234,DYNAMIC_LARGEST_FIRST,3,140,89,0.6180257510729614,data\processed\initial_graph_coloring_dataset\colpack_outputs_week15_extra_orderings\dwt_234_dynamic_largest_first.txt
dwt_234,DYNAMIC_LARGEST_FIRST,3,138,90,0.6137339055793991,data\processed\initial_graph_coloring_dataset\colpack_outputs_week15_extra_orderings\dwt_234_dynamic_largest_first.txt
dwt_234,DYNAMIC_LARGEST_FIRST,3,133,91,0.6094420600858369,data\processed\initial_graph_coloring_dataset\colpack_outputs_week15_extra_orderings\dwt_234_dynamic_largest_first.txt
dwt_234,DYNAMIC_LARGEST_FIRST,3,228,92,0.6051502145922747,data\processed\initial_graph_coloring_dataset\colpack_outputs_week15_extra_orderings\dwt_234_dynamic_largest_first.txt
dwt_234,DYNAMIC_LARGEST_FIRST,3,95,93,0.6008583690987125,data\processed\initial_graph_coloring_dataset\colpack_outputs_week15_extra_orderings\dwt_234_dynamic_largest_first.txt
dwt_234,DYNAMIC_LARGEST_FIRST,3,78,94,0.5965665236051502,data\processed\initial_graph_coloring_dataset\colpack_outputs_week15_extra_orderings\dwt_234_dynamic_largest_first.txt
dwt_234,DYNAMIC_LARGEST_FIRST,3,32,95,0.592274678111588,data\processed\initial_graph_coloring_dataset\colpack_outputs_week15_extra_orderings\dwt_234_dynamic_largest_first.txt
dwt_234,DYNAMIC_LARGEST_FIRST,3,119,96,0.5879828326180258,data\processed\initial_graph_coloring_dataset\colpack_outputs_week15_extra_orderings\dwt_234_dynamic_largest_first.txt
dwt_234,DYNAMIC_LARGEST_FIRST,3,123,97,0.5836909871244635,data\processed\initial_graph_coloring_dataset\colpack_outputs_week15_extra_orderings\dwt_234_dynamic_largest_first.txt
dwt_234,DYNAMIC_LARGEST_FIRST,3,31,98,0.5793991416309013,data\processed\initial_graph_coloring_dataset\colpack_outputs_week15_extra_orderings\dwt_234_dynamic_largest_first.txt
dwt_234,DYNAMIC_LARGEST_FIRST,3,77,99,0.575107296137339,data\processed\initial_graph_coloring_dataset\colpack_outputs_week15_extra_orderings\dwt_234_dynamic_largest_first.txt
dwt_234,DYNAMIC_LARGEST_FIRST,3,94,100,0.5708154506437768,data\processed\initial_graph_coloring_dataset\colpack_outputs_week15_extra_orderings\dwt_234_dynamic_largest_first.txt
dwt_234,DYNAMIC_LARGEST_FIRST,3,229,101,0.5665236051502146,data\processed\initial_graph_coloring_dataset\colpack_outputs_week15_extra_orderings\dwt_234_dynamic_largest_first.txt
dwt_234,DYNAMIC_LARGEST_FIRST,3,137,102,0.5622317596566524,data\processed\initial_graph_coloring_dataset\colpack_outputs_week15_extra_orderings\dwt_234_dynamic_largest_first.txt
dwt_234,DYNAMIC_LARGEST_FIRST,3,134,103,0.5579399141630901,data\processed\initial_graph_coloring_dataset\colpack_outputs_week15_extra_orderings\dwt_234_dynamic_largest_first.txt
dwt_234,DYNAMIC_LARGEST_FIRST,3,136,104,0.5536480686695279,data\processed\initial_graph_coloring_dataset\colpack_outputs_week15_extra_orderings\dwt_234_dynamic_largest_first.txt
dwt_234,DYNAMIC_LARGEST_FIRST,3,163,105,0.5493562231759657,data\processed\initial_graph_coloring_dataset\colpack_outputs_week15_extra_orderings\dwt_234_dynamic_largest_first.txt
dwt_234,DYNAMIC_LARGEST_FIRST,3,167,106,0.5450643776824035,data\processed\initial_graph_coloring_dataset\colpack_outputs_week15_extra_orderings\dwt_234_dynamic_largest_first.txt
dwt_234,DYNAMIC_LARGEST_FIRST,3,53,107,0.5407725321888412,data\processed\initial_graph_coloring_dataset\colpack_outputs_week15_extra_orderings\dwt_234_dynamic_largest_first.txt
dwt_234,DYNAMIC_LARGEST_FIRST,3,152,108,0.5364806866952789,data\processed\initial_graph_coloring_dataset\colpack_outputs_week15_extra_orderings\dwt_234_dynamic_largest_first.txt
dwt_234,DYNAMIC_LARGEST_FIRST,3,55,109,0.5321888412017167,data\processed\initial_graph_coloring_dataset\colpack_outputs_week15_extra_orderings\dwt_234_dynamic_largest_first.txt
dwt_234,DYNAMIC_LARGEST_FIRST,3,226,110,0.5278969957081545,data\processed\initial_graph_coloring_dataset\colpack_outputs_week15_extra_orderings\dwt_234_dynamic_largest_first.txt
dwt_234,DYNAMIC_LARGEST_FIRST,3,209,111,0.5236051502145923,data\processed\initial_graph_coloring_dataset\colpack_outputs_week15_extra_orderings\dwt_234_dynamic_largest_first.txt
dwt_234,DYNAMIC_LARGEST_FIRST,3,72,112,0.51931330472103,data\processed\initial_graph_coloring_dataset\colpack_outputs_week15_extra_orderings\dwt_234_dynamic_largest_first.txt
dwt_234,DYNAMIC_LARGEST_FIRST,3,73,113,0.5150214592274678,data\processed\initial_graph_coloring_dataset\colpack_outputs_week15_extra_orderings\dwt_234_dynamic_largest_first.txt
dwt_234,DYNAMIC_LARGEST_FIRST,3,76,114,0.5107296137339056,data\processed\initial_graph_coloring_dataset\colpack_outputs_week15_extra_orderings\dwt_234_dynamic_largest_first.txt
dwt_234,DYNAMIC_LARGEST_FIRST,3,57,115,0.5064377682403434,data\processed\initial_graph_coloring_dataset\colpack_outputs_week15_extra_orderings\dwt_234_dynamic_largest_first.txt
dwt_234,DYNAMIC_LARGEST_FIRST,3,97,116,0.5021459227467812,data\processed\initial_graph_coloring_dataset\colpack_outputs_week15_extra_orderings\dwt_234_dynamic_largest_first.txt
dwt_234,DYNAMIC_LARGEST_FIRST,3,29,117,0.4978540772532189,data\processed\initial_graph_coloring_dataset\colpack_outputs_week15_extra_orderings\dwt_234_dynamic_largest_first.txt
dwt_234,DYNAMIC_LARGEST_FIRST,3,224,118,0.49356223175965663,data\processed\initial_graph_coloring_dataset\colpack_outputs_week15_extra_orderings\dwt_234_dynamic_largest_first.txt
dwt_234,DYNAMIC_LARGEST_FIRST,3,155,119,0.4892703862660944,data\processed\initial_graph_coloring_dataset\colpack_outputs_week15_extra_orderings\dwt_234_dynamic_largest_first.txt
dwt_234,DYNAMIC_LARGEST_FIRST,3,27,120,0.48497854077253216,data\processed\initial_graph_coloring_dataset\colpack_outputs_week15_extra_orderings\dwt_234_dynamic_largest_first.txt
dwt_234,DYNAMIC_LARGEST_FIRST,3,213,121,0.48068669527896996,data\processed\initial_graph_coloring_dataset\colpack_outputs_week15_extra_orderings\dwt_234_dynamic_largest_first.txt
dwt_234,DYNAMIC_LARGEST_FIRST,3,50,122,0.47639484978540775,data\processed\initial_graph_coloring_dataset\colpack_outputs_week15_extra_orderings\dwt_234_dynamic_largest_first.txt
dwt_234,DYNAMIC_LARGEST_FIRST,3,25,123,0.4721030042918455,data\processed\initial_graph_coloring_dataset\colpack_outputs_week15_extra_orderings\dwt_234_dynamic_largest_first.txt
dwt_234,DYNAMIC_LARGEST_FIRST,3,98,124,0.4678111587982833,data\processed\initial_graph_coloring_dataset\colpack_outputs_week15_extra_orderings\dwt_234_dynamic_largest_first.txt
dwt_234,DYNAMIC_LARGEST_FIRST,3,93,125,0.463519313304721,data\processed\initial_graph_coloring_dataset\colpack_outputs_week15_extra_orderings\dwt_234_dynamic_largest_first.txt
dwt_234,DYNAMIC_LARGEST_FIRST,3,143,126,0.4592274678111588,data\processed\initial_graph_coloring_dataset\colpack_outputs_week15_extra_orderings\dwt_234_dynamic_largest_first.txt
dwt_234,DYNAMIC_LARGEST_FIRST,3,141,127,0.45493562231759654,data\processed\initial_graph_coloring_dataset\colpack_outputs_week15_extra_orderings\dwt_234_dynamic_largest_first.txt
dwt_234,DYNAMIC_LARGEST_FIRST,3,203,128,0.45064377682403434,data\processed\initial_graph_coloring_dataset\colpack_outputs_week15_extra_orderings\dwt_234_dynamic_largest_first.txt
dwt_234,DYNAMIC_LARGEST_FIRST,3,195,129,0.44635193133047213,data\processed\initial_graph_coloring_dataset\colpack_outputs_week15_extra_orderings\dwt_234_dynamic_largest_first.txt
dwt_234,DYNAMIC_LARGEST_FIRST,3,139,130,0.44206008583690987,data\processed\initial_graph_coloring_dataset\colpack_outputs_week15_extra_orderings\dwt_234_dynamic_largest_first.txt
dwt_234,DYNAMIC_LARGEST_FIRST,3,131,131,0.43776824034334766,data\processed\initial_graph_coloring_dataset\colpack_outputs_week15_extra_orderings\dwt_234_dynamic_largest_first.txt
dwt_234,DYNAMIC_LARGEST_FIRST,3,201,132,0.4334763948497854,data\processed\initial_graph_coloring_dataset\colpack_outputs_week15_extra_orderings\dwt_234_dynamic_largest_first.txt
dwt_234,DYNAMIC_LARGEST_FIRST,3,193,133,0.4291845493562232,data\processed\initial_graph_coloring_dataset\colpack_outputs_week15_extra_orderings\dwt_234_dynamic_largest_first.txt
dwt_234,DYNAMIC_LARGEST_FIRST,3,125,134,0.4248927038626609,data\processed\initial_graph_coloring_dataset\colpack_outputs_week15_extra_orderings\dwt_234_dynamic_largest_first.txt
dwt_234,DYNAMIC_LARGEST_FIRST,3,117,135,0.4206008583690987,data\processed\initial_graph_coloring_dataset\colpack_outputs_week15_extra_orderings\dwt_234_dynamic_largest_first.txt
dwt_234,DYNAMIC_LARGEST_FIRST,3,206,136,0.41630901287553645,data\processed\initial_graph_coloring_dataset\colpack_outputs_week15_extra_orderings\dwt_234_dynamic_largest_first.txt
dwt_234,DYNAMIC_LARGEST_FIRST,3,204,137,0.41201716738197425,data\processed\initial_graph_coloring_dataset\colpack_outputs_week15_extra_orderings\dwt_234_dynamic_largest_first.txt
dwt_234,DYNAMIC_LARGEST_FIRST,3,128,138,0.40772532188841204,data\processed\initial_graph_coloring_dataset\colpack_outputs_week15_extra_orderings\dwt_234_dynamic_largest_first.txt
dwt_234,DYNAMIC_LARGEST_FIRST,3,120,139,0.4034334763948498,data\processed\initial_graph_coloring_dataset\colpack_outputs_week15_extra_orderings\dwt_234_dynamic_largest_first.txt
dwt_234,DYNAMIC_LARGEST_FIRST,3,173,140,0.39914163090128757,data\processed\initial_graph_coloring_dataset\colpack_outputs_week15_extra_orderings\dwt_234_dynamic_largest_first.txt
dwt_234,DYNAMIC_LARGEST_FIRST,3,171,141,0.3948497854077253,data\processed\initial_graph_coloring_dataset\colpack_outputs_week15_extra_orderings\dwt_234_dynamic_largest_first.txt
dwt_234,DYNAMIC_LARGEST_FIRST,3,126,142,0.3905579399141631,data\processed\initial_graph_coloring_dataset\colpack_outputs_week15_extra_orderings\dwt_234_dynamic_largest_first.txt
dwt_234,DYNAMIC_LARGEST_FIRST,3,118,143,0.38626609442060084,data\processed\initial_graph_coloring_dataset\colpack_outputs_week15_extra_orderings\dwt_234_dynamic_largest_first.txt
dwt_234,DYNAMIC_LARGEST_FIRST,3,221,144,0.38197424892703863,data\processed\initial_graph_coloring_dataset\colpack_outputs_week15_extra_orderings\dwt_234_dynamic_largest_first.txt
dwt_234,DYNAMIC_LARGEST_FIRST,3,216,145,0.3776824034334764,data\processed\initial_graph_coloring_dataset\colpack_outputs_week15_extra_orderings\dwt_234_dynamic_largest_first.txt
dwt_234,DYNAMIC_LARGEST_FIRST,3,145,146,0.37339055793991416,data\processed\initial_graph_coloring_dataset\colpack_outputs_week15_extra_orderings\dwt_234_dynamic_largest_first.txt
dwt_234,DYNAMIC_LARGEST_FIRST,3,162,147,0.36909871244635195,data\processed\initial_graph_coloring_dataset\colpack_outputs_week15_extra_orderings\dwt_234_dynamic_largest_first.txt
dwt_234,DYNAMIC_LARGEST_FIRST,3,160,148,0.3648068669527897,data\processed\initial_graph_coloring_dataset\colpack_outputs_week15_extra_orderings\dwt_234_dynamic_largest_first.txt
dwt_234,DYNAMIC_LARGEST_FIRST,3,178,149,0.3605150214592275,data\processed\initial_graph_coloring_dataset\colpack_outputs_week15_extra_orderings\dwt_234_dynamic_largest_first.txt
dwt_234,DYNAMIC_LARGEST_FIRST,3,176,150,0.3562231759656652,data\processed\initial_graph_coloring_dataset\colpack_outputs_week15_extra_orderings\dwt_234_dynamic_largest_first.txt
dwt_234,DYNAMIC_LARGEST_FIRST,3,184,151,0.351931330472103,data\processed\initial_graph_coloring_dataset\colpack_outputs_week15_extra_orderings\dwt_234_dynamic_largest_first.txt
dwt_234,DYNAMIC_LARGEST_FIRST,3,182,152,0.34763948497854075,data\processed\initial_graph_coloring_dataset\colpack_outputs_week15_extra_orderings\dwt_234_dynamic_largest_first.txt
dwt_234,DYNAMIC_LARGEST_FIRST,3,151,153,0.34334763948497854,data\processed\initial_graph_coloring_dataset\colpack_outputs_week15_extra_orderings\dwt_234_dynamic_largest_first.txt
dwt_234,DYNAMIC_LARGEST_FIRST,3,149,154,0.33905579399141633,data\processed\initial_graph_coloring_dataset\colpack_outputs_week15_extra_orderings\dwt_234_dynamic_largest_first.txt
dwt_234,DYNAMIC_LARGEST_FIRST,3,174,155,0.33476394849785407,data\processed\initial_graph_coloring_dataset\colpack_outputs_week15_extra_orderings\dwt_234_dynamic_largest_first.txt
dwt_234,DYNAMIC_LARGEST_FIRST,3,233,156,0.33047210300429186,data\processed\initial_graph_coloring_dataset\colpack_outputs_week15_extra_orderings\dwt_234_dynamic_largest_first.txt
dwt_234,DYNAMIC_LARGEST_FIRST,3,198,157,0.3261802575107296,data\processed\initial_graph_coloring_dataset\colpack_outputs_week15_extra_orderings\dwt_234_dynamic_largest_first.txt
dwt_234,DYNAMIC_LARGEST_FIRST,3,231,158,0.3218884120171674,data\processed\initial_graph_coloring_dataset\colpack_outputs_week15_extra_orderings\dwt_234_dynamic_largest_first.txt
dwt_234,DYNAMIC_LARGEST_FIRST,3,217,159,0.31759656652360513,data\processed\initial_graph_coloring_dataset\colpack_outputs_week15_extra_orderings\dwt_234_dynamic_largest_first.txt
dwt_234,DYNAMIC_LARGEST_FIRST,3,34,160,0.3133047210300429,data\processed\initial_graph_coloring_dataset\colpack_outputs_week15_extra_orderings\dwt_234_dynamic_largest_first.txt
dwt_234,DYNAMIC_LARGEST_FIRST,3,33,161,0.3090128755364807,data\processed\initial_graph_coloring_dataset\colpack_outputs_week15_extra_orderings\dwt_234_dynamic_largest_first.txt
dwt_234,DYNAMIC_LARGEST_FIRST,3,7,162,0.30472103004291845,data\processed\initial_graph_coloring_dataset\colpack_outputs_week15_extra_orderings\dwt_234_dynamic_largest_first.txt
dwt_234,DYNAMIC_LARGEST_FIRST,3,5,163,0.30042918454935624,data\processed\initial_graph_coloring_dataset\colpack_outputs_week15_extra_orderings\dwt_234_dynamic_largest_first.txt
dwt_234,DYNAMIC_LARGEST_FIRST,3,36,164,0.296137339055794,data\processed\initial_graph_coloring_dataset\colpack_outputs_week15_extra_orderings\dwt_234_dynamic_largest_first.txt
dwt_234,DYNAMIC_LARGEST_FIRST,3,35,165,0.2918454935622318,data\processed\initial_graph_coloring_dataset\colpack_outputs_week15_extra_orderings\dwt_234_dynamic_largest_first.txt
dwt_234,DYNAMIC_LARGEST_FIRST,3,11,166,0.2875536480686695,data\processed\initial_graph_coloring_dataset\colpack_outputs_week15_extra_orderings\dwt_234_dynamic_largest_first.txt
dwt_234,DYNAMIC_LARGEST_FIRST,3,9,167,0.2832618025751073,data\processed\initial_graph_coloring_dataset\colpack_outputs_week15_extra_orderings\dwt_234_dynamic_largest_first.txt
dwt_234,DYNAMIC_LARGEST_FIRST,3,38,168,0.27896995708154504,data\processed\initial_graph_coloring_dataset\colpack_outputs_week15_extra_orderings\dwt_234_dynamic_largest_first.txt
dwt_234,DYNAMIC_LARGEST_FIRST,3,37,169,0.27467811158798283,data\processed\initial_graph_coloring_dataset\colpack_outputs_week15_extra_orderings\dwt_234_dynamic_largest_first.txt
dwt_234,DYNAMIC_LARGEST_FIRST,3,15,170,0.2703862660944206,data\processed\initial_graph_coloring_dataset\colpack_outputs_week15_extra_orderings\dwt_234_dynamic_largest_first.txt
dwt_234,DYNAMIC_LARGEST_FIRST,3,13,171,0.26609442060085836,data\processed\initial_graph_coloring_dataset\colpack_outputs_week15_extra_orderings\dwt_234_dynamic_largest_first.txt
dwt_234,DYNAMIC_LARGEST_FIRST,3,40,172,0.26180257510729615,data\processed\initial_graph_coloring_dataset\colpack_outputs_week15_extra_orderings\dwt_234_dynamic_largest_first.txt
dwt_234,DYNAMIC_LARGEST_FIRST,3,39,173,0.2575107296137339,data\processed\initial_graph_coloring_dataset\colpack_outputs_week15_extra_orderings\dwt_234_dynamic_largest_first.txt
dwt_234,DYNAMIC_LARGEST_FIRST,3,19,174,0.2532188841201717,data\processed\initial_graph_coloring_dataset\colpack_outputs_week15_extra_orderings\dwt_234_dynamic_largest_first.txt
dwt_234,DYNAMIC_LARGEST_FIRST,3,17,175,0.24892703862660945,data\processed\initial_graph_coloring_dataset\colpack_outputs_week15_extra_orderings\dwt_234_dynamic_largest_first.txt
dwt_234,DYNAMIC_LARGEST_FIRST,3,23,176,0.2446351931330472,data\processed\initial_graph_coloring_dataset\colpack_outputs_week15_extra_orderings\dwt_234_dynamic_largest_first.txt
dwt_234,DYNAMIC_LARGEST_FIRST,3,22,177,0.24034334763948498,data\processed\initial_graph_coloring_dataset\colpack_outputs_week15_extra_orderings\dwt_234_dynamic_largest_first.txt
dwt_234,DYNAMIC_LARGEST_FIRST,3,21,178,0.23605150214592274,data\processed\initial_graph_coloring_dataset\colpack_outputs_week15_extra_orderings\dwt_234_dynamic_largest_first.txt
dwt_234,DYNAMIC_LARGEST_FIRST,3,20,179,0.2317596566523605,data\processed\initial_graph_coloring_dataset\colpack_outputs_week15_extra_orderings\dwt_234_dynamic_largest_first.txt
dwt_234,DYNAMIC_LARGEST_FIRST,3,90,180,0.22746781115879827,data\processed\initial_graph_coloring_dataset\colpack_outputs_week15_extra_orderings\dwt_234_dynamic_largest_first.txt
dwt_234,DYNAMIC_LARGEST_FIRST,3,88,181,0.22317596566523606,data\processed\initial_graph_coloring_dataset\colpack_outputs_week15_extra_orderings\dwt_234_dynamic_largest_first.txt
dwt_234,DYNAMIC_LARGEST_FIRST,3,196,182,0.21888412017167383,data\processed\initial_graph_coloring_dataset\colpack_outputs_week15_extra_orderings\dwt_234_dynamic_largest_first.txt
dwt_234,DYNAMIC_LARGEST_FIRST,3,147,183,0.2145922746781116,data\processed\initial_graph_coloring_dataset\colpack_outputs_week15_extra_orderings\dwt_234_dynamic_largest_first.txt
dwt_234,DYNAMIC_LARGEST_FIRST,3,187,184,0.21030042918454936,data\processed\initial_graph_coloring_dataset\colpack_outputs_week15_extra_orderings\dwt_234_dynamic_largest_first.txt
dwt_234,DYNAMIC_LARGEST_FIRST,3,186,185,0.20600858369098712,data\processed\initial_graph_coloring_dataset\colpack_outputs_week15_extra_orderings\dwt_234_dynamic_largest_first.txt
dwt_234,DYNAMIC_LARGEST_FIRST,3,169,186,0.2017167381974249,data\processed\initial_graph_coloring_dataset\colpack_outputs_week15_extra_orderings\dwt_234_dynamic_largest_first.txt
dwt_234,DYNAMIC_LARGEST_FIRST,3,0,187,0.19742489270386265,data\processed\initial_graph_coloring_dataset\colpack_outputs_week15_extra_orderings\dwt_234_dynamic_largest_first.txt
dwt_234,DYNAMIC_LARGEST_FIRST,3,1,188,0.19313304721030042,data\processed\initial_graph_coloring_dataset\colpack_outputs_week15_extra_orderings\dwt_234_dynamic_largest_first.txt
dwt_234,DYNAMIC_LARGEST_FIRST,3,2,189,0.1888412017167382,data\processed\initial_graph_coloring_dataset\colpack_outputs_week15_extra_orderings\dwt_234_dynamic_largest_first.txt
dwt_234,DYNAMIC_LARGEST_FIRST,3,3,190,0.18454935622317598,data\processed\initial_graph_coloring_dataset\colpack_outputs_week15_extra_orderings\dwt_234_dynamic_largest_first.txt
dwt_234,DYNAMIC_LARGEST_FIRST,3,70,191,0.18025751072961374,data\processed\initial_graph_coloring_dataset\colpack_outputs_week15_extra_orderings\dwt_234_dynamic_largest_first.txt
dwt_234,DYNAMIC_LARGEST_FIRST,3,65,192,0.1759656652360515,data\processed\initial_graph_coloring_dataset\colpack_outputs_week15_extra_orderings\dwt_234_dynamic_largest_first.txt
dwt_234,DYNAMIC_LARGEST_FIRST,3,63,193,0.17167381974248927,data\processed\initial_graph_coloring_dataset\colpack_outputs_week15_extra_orderings\dwt_234_dynamic_largest_first.txt
dwt_234,DYNAMIC_LARGEST_FIRST,3,114,194,0.16738197424892703,data\processed\initial_graph_coloring_dataset\colpack_outputs_week15_extra_orderings\dwt_234_dynamic_largest_first.txt
dwt_234,DYNAMIC_LARGEST_FIRST,3,112,195,0.1630901287553648,data\processed\initial_graph_coloring_dataset\colpack_outputs_week15_extra_orderings\dwt_234_dynamic_largest_first.txt
dwt_234,DYNAMIC_LARGEST_FIRST,3,107,196,0.15879828326180256,data\processed\initial_graph_coloring_dataset\colpack_outputs_week15_extra_orderings\dwt_234_dynamic_largest_first.txt
dwt_234,DYNAMIC_LARGEST_FIRST,3,105,197,0.15450643776824036,data\processed\initial_graph_coloring_dataset\colpack_outputs_week15_extra_orderings\dwt_234_dynamic_largest_first.txt
dwt_234,DYNAMIC_LARGEST_FIRST,3,190,198,0.15021459227467812,data\processed\initial_graph_coloring_dataset\colpack_outputs_week15_extra_orderings\dwt_234_dynamic_largest_first.txt
dwt_234,DYNAMIC_LARGEST_FIRST,3,185,199,0.1459227467811159,data\processed\initial_graph_coloring_dataset\colpack_outputs_week15_extra_orderings\dwt_234_dynamic_largest_first.txt
dwt_234,DYNAMIC_LARGEST_FIRST,3,158,200,0.14163090128755365,data\processed\initial_graph_coloring_dataset\colpack_outputs_week15_extra_orderings\dwt_234_dynamic_largest_first.txt
dwt_234,DYNAMIC_LARGEST_FIRST,3,200,201,0.13733905579399142,data\processed\initial_graph_coloring_dataset\colpack_outputs_week15_extra_orderings\dwt_234_dynamic_largest_first.txt
dwt_234,DYNAMIC_LARGEST_FIRST,3,189,202,0.13304721030042918,data\processed\initial_graph_coloring_dataset\colpack_outputs_week15_extra_orderings\dwt_234_dynamic_largest_first.txt
dwt_234,DYNAMIC_LARGEST_FIRST,3,191,203,0.12875536480686695,data\processed\initial_graph_coloring_dataset\colpack_outputs_week15_extra_orderings\dwt_234_dynamic_largest_first.txt
dwt_234,DYNAMIC_LARGEST_FIRST,3,188,204,0.12446351931330472,data\processed\initial_graph_coloring_dataset\colpack_outputs_week15_extra_orderings\dwt_234_dynamic_largest_first.txt
dwt_234,DYNAMIC_LARGEST_FIRST,3,180,205,0.12017167381974249,data\processed\initial_graph_coloring_dataset\colpack_outputs_week15_extra_orderings\dwt_234_dynamic_largest_first.txt
dwt_234,DYNAMIC_LARGEST_FIRST,3,192,206,0.11587982832618025,data\processed\initial_graph_coloring_dataset\colpack_outputs_week15_extra_orderings\dwt_234_dynamic_largest_first.txt
dwt_234,DYNAMIC_LARGEST_FIRST,3,48,207,0.11158798283261803,data\processed\initial_graph_coloring_dataset\colpack_outputs_week15_extra_orderings\dwt_234_dynamic_largest_first.txt
dwt_234,DYNAMIC_LARGEST_FIRST,3,46,208,0.1072961373390558,data\processed\initial_graph_coloring_dataset\colpack_outputs_week15_extra_orderings\dwt_234_dynamic_largest_first.txt
dwt_234,DYNAMIC_LARGEST_FIRST,3,79,209,0.10300429184549356,data\processed\initial_graph_coloring_dataset\colpack_outputs_week15_extra_orderings\dwt_234_dynamic_largest_first.txt
dwt_234,DYNAMIC_LARGEST_FIRST,3,69,210,0.09871244635193133,data\processed\initial_graph_coloring_dataset\colpack_outputs_week15_extra_orderings\dwt_234_dynamic_largest_first.txt
dwt_234,DYNAMIC_LARGEST_FIRST,3,58,211,0.0944206008583691,data\processed\initial_graph_coloring_dataset\colpack_outputs_week15_extra_orderings\dwt_234_dynamic_largest_first.txt
dwt_234,DYNAMIC_LARGEST_FIRST,3,80,212,0.09012875536480687,data\processed\initial_graph_coloring_dataset\colpack_outputs_week15_extra_orderings\dwt_234_dynamic_largest_first.txt
dwt_234,DYNAMIC_LARGEST_FIRST,3,67,213,0.08583690987124463,data\processed\initial_graph_coloring_dataset\colpack_outputs_week15_extra_orderings\dwt_234_dynamic_largest_first.txt
dwt_234,DYNAMIC_LARGEST_FIRST,3,59,214,0.0815450643776824,data\processed\initial_graph_coloring_dataset\colpack_outputs_week15_extra_orderings\dwt_234_dynamic_largest_first.txt
dwt_234,DYNAMIC_LARGEST_FIRST,3,113,215,0.07725321888412018,data\processed\initial_graph_coloring_dataset\colpack_outputs_week15_extra_orderings\dwt_234_dynamic_largest_first.txt
dwt_234,DYNAMIC_LARGEST_FIRST,3,111,216,0.07296137339055794,data\processed\initial_graph_coloring_dataset\colpack_outputs_week15_extra_orderings\dwt_234_dynamic_largest_first.txt
dwt_234,DYNAMIC_LARGEST_FIRST,3,100,217,0.06866952789699571,data\processed\initial_graph_coloring_dataset\colpack_outputs_week15_extra_orderings\dwt_234_dynamic_largest_first.txt
dwt_234,DYNAMIC_LARGEST_FIRST,3,115,218,0.06437768240343347,data\processed\initial_graph_coloring_dataset\colpack_outputs_week15_extra_orderings\dwt_234_dynamic_largest_first.txt
dwt_234,DYNAMIC_LARGEST_FIRST,3,109,219,0.060085836909871244,data\processed\initial_graph_coloring_dataset\colpack_outputs_week15_extra_orderings\dwt_234_dynamic_largest_first.txt
dwt_234,DYNAMIC_LARGEST_FIRST,3,101,220,0.055793991416309016,data\processed\initial_graph_coloring_dataset\colpack_outputs_week15_extra_orderings\dwt_234_dynamic_largest_first.txt
dwt_234,DYNAMIC_LARGEST_FIRST,3,103,221,0.05150214592274678,data\processed\initial_graph_coloring_dataset\colpack_outputs_week15_extra_orderings\dwt_234_dynamic_largest_first.txt
dwt_234,DYNAMIC_LARGEST_FIRST,3,91,222,0.04721030042918455,data\processed\initial_graph_coloring_dataset\colpack_outputs_week15_extra_orderings\dwt_234_dynamic_largest_first.txt
dwt_234,DYNAMIC_LARGEST_FIRST,3,84,223,0.04291845493562232,data\processed\initial_graph_coloring_dataset\colpack_outputs_week15_extra_orderings\dwt_234_dynamic_largest_first.txt
dwt_234,DYNAMIC_LARGEST_FIRST,3,82,224,0.03862660944206009,data\processed\initial_graph_coloring_dataset\colpack_outputs_week15_extra_orderings\dwt_234_dynamic_largest_first.txt
dwt_234,DYNAMIC_LARGEST_FIRST,3,102,225,0.034334763948497854,data\processed\initial_graph_coloring_dataset\colpack_outputs_week15_extra_orderings\dwt_234_dynamic_largest_first.txt
dwt_234,DYNAMIC_LARGEST_FIRST,3,86,226,0.030042918454935622,data\processed\initial_graph_coloring_dataset\colpack_outputs_week15_extra_orderings\dwt_234_dynamic_largest_first.txt
dwt_234,DYNAMIC_LARGEST_FIRST,3,81,227,0.02575107296137339,data\processed\initial_graph_coloring_dataset\colpack_outputs_week15_extra_orderings\dwt_234_dynamic_largest_first.txt
dwt_234,DYNAMIC_LARGEST_FIRST,3,116,228,0.02145922746781116,data\processed\initial_graph_coloring_dataset\colpack_outputs_week15_extra_orderings\dwt_234_dynamic_largest_first.txt
dwt_234,DYNAMIC_LARGEST_FIRST,3,61,229,0.017167381974248927,data\processed\initial_graph_coloring_dataset\colpack_outputs_week15_extra_orderings\dwt_234_dynamic_largest_first.txt
dwt_234,DYNAMIC_LARGEST_FIRST,3,49,230,0.012875536480686695,data\processed\initial_graph_coloring_dataset\colpack_outputs_week15_extra_orderings\dwt_234_dynamic_largest_first.txt
dwt_234,DYNAMIC_LARGEST_FIRST,3,42,231,0.008583690987124463,data\processed\initial_graph_coloring_dataset\colpack_outputs_week15_extra_orderings\dwt_234_dynamic_largest_first.txt
dwt_234,DYNAMIC_LARGEST_FIRST,3,44,232,0.004291845493562232,data\processed\initial_graph_coloring_dataset\colpack_outputs_week15_extra_orderings\dwt_234_dynamic_largest_first.txt
dwt_234,DYNAMIC_LARGEST_FIRST,3,60,233,0.0,data\processed\initial_graph_coloring_dataset\colpack_outputs_week15_extra_orderings\dwt_234_dynamic_largest_first.txt
dwt_361,INCIDENCE_DEGREE,5,14,0,1.0,data\processed\initial_graph_coloring_dataset\colpack_outputs_week15_extra_orderings\dwt_361_incidence_degree.txt
dwt_361,INCIDENCE_DEGREE,5,28,1,0.9972222222222222,data\processed\initial_graph_coloring_dataset\colpack_outputs_week15_extra_orderings\dwt_361_incidence_degree.txt
dwt_361,INCIDENCE_DEGREE,5,27,2,0.9944444444444445,data\processed\initial_graph_coloring_dataset\colpack_outputs_week15_extra_orderings\dwt_361_incidence_degree.txt
dwt_361,INCIDENCE_DEGREE,5,15,3,0.9916666666666667,data\processed\initial_graph_coloring_dataset\colpack_outputs_week15_extra_orderings\dwt_361_incidence_degree.txt
dwt_361,INCIDENCE_DEGREE,5,29,4,0.9888888888888889,data\processed\initial_graph_coloring_dataset\colpack_outputs_week15_extra_orderings\dwt_361_incidence_degree.txt
dwt_361,INCIDENCE_DEGREE,5,41,5,0.9861111111111112,data\processed\initial_graph_coloring_dataset\colpack_outputs_week15_extra_orderings\dwt_361_incidence_degree.txt
dwt_361,INCIDENCE_DEGREE,5,42,6,0.9833333333333333,data\processed\initial_graph_coloring_dataset\colpack_outputs_week15_extra_orderings\dwt_361_incidence_degree.txt
dwt_361,INCIDENCE_DEGREE,5,40,7,0.9805555555555555,data\processed\initial_graph_coloring_dataset\colpack_outputs_week15_extra_orderings\dwt_361_incidence_degree.txt
dwt_361,INCIDENCE_DEGREE,5,54,8,0.9777777777777777,data\processed\initial_graph_coloring_dataset\colpack_outputs_week15_extra_orderings\dwt_361_incidence_degree.txt
dwt_361,INCIDENCE_DEGREE,5,55,9,0.975,data\processed\initial_graph_coloring_dataset\colpack_outputs_week15_extra_orderings\dwt_361_incidence_degree.txt
dwt_361,INCIDENCE_DEGREE,5,43,10,0.9722222222222222,data\processed\initial_graph_coloring_dataset\colpack_outputs_week15_extra_orderings\dwt_361_incidence_degree.txt
dwt_361,INCIDENCE_DEGREE,5,56,11,0.9694444444444444,data\processed\initial_graph_coloring_dataset\colpack_outputs_week15_extra_orderings\dwt_361_incidence_degree.txt
dwt_361,INCIDENCE_DEGREE,5,68,12,0.9666666666666667,data\processed\initial_graph_coloring_dataset\colpack_outputs_week15_extra_orderings\dwt_361_incidence_degree.txt
dwt_361,INCIDENCE_DEGREE,5,69,13,0.9638888888888889,data\processed\initial_graph_coloring_dataset\colpack_outputs_week15_extra_orderings\dwt_361_incidence_degree.txt
dwt_361,INCIDENCE_DEGREE,5,57,14,0.9611111111111111,data\processed\initial_graph_coloring_dataset\colpack_outputs_week15_extra_orderings\dwt_361_incidence_degree.txt
dwt_361,INCIDENCE_DEGREE,5,70,15,0.9583333333333334,data\processed\initial_graph_coloring_dataset\colpack_outputs_week15_extra_orderings\dwt_361_incidence_degree.txt
dwt_361,INCIDENCE_DEGREE,5,82,16,0.9555555555555556,data\processed\initial_graph_coloring_dataset\colpack_outputs_week15_extra_orderings\dwt_361_incidence_degree.txt
dwt_361,INCIDENCE_DEGREE,5,83,17,0.9527777777777777,data\processed\initial_graph_coloring_dataset\colpack_outputs_week15_extra_orderings\dwt_361_incidence_degree.txt
dwt_361,INCIDENCE_DEGREE,5,71,18,0.95,data\processed\initial_graph_coloring_dataset\colpack_outputs_week15_extra_orderings\dwt_361_incidence_degree.txt
dwt_361,INCIDENCE_DEGREE,5,84,19,0.9472222222222222,data\processed\initial_graph_coloring_dataset\colpack_outputs_week15_extra_orderings\dwt_361_incidence_degree.txt
dwt_361,INCIDENCE_DEGREE,5,96,20,0.9444444444444444,data\processed\initial_graph_coloring_dataset\colpack_outputs_week15_extra_orderings\dwt_361_incidence_degree.txt
dwt_361,INCIDENCE_DEGREE,5,97,21,0.9416666666666667,data\processed\initial_graph_coloring_dataset\colpack_outputs_week15_extra_orderings\dwt_361_incidence_degree.txt
dwt_361,INCIDENCE_DEGREE,5,85,22,0.9388888888888889,data\processed\initial_graph_coloring_dataset\colpack_outputs_week15_extra_orderings\dwt_361_incidence_degree.txt
dwt_361,INCIDENCE_DEGREE,5,98,23,0.9361111111111111,data\processed\initial_graph_coloring_dataset\colpack_outputs_week15_extra_orderings\dwt_361_incidence_degree.txt
dwt_361,INCIDENCE_DEGREE,5,110,24,0.9333333333333333,data\processed\initial_graph_coloring_dataset\colpack_outputs_week15_extra_orderings\dwt_361_incidence_degree.txt
dwt_361,INCIDENCE_DEGREE,5,111,25,0.9305555555555556,data\processed\initial_graph_coloring_dataset\colpack_outputs_week15_extra_orderings\dwt_361_incidence_degree.txt
dwt_361,INCIDENCE_DEGREE,5,99,26,0.9277777777777778,data\processed\initial_graph_coloring_dataset\colpack_outputs_week15_extra_orderings\dwt_361_incidence_degree.txt
dwt_361,INCIDENCE_DEGREE,5,112,27,0.925,data\processed\initial_graph_coloring_dataset\colpack_outputs_week15_extra_orderings\dwt_361_incidence_degree.txt
dwt_361,INCIDENCE_DEGREE,5,124,28,0.9222222222222223,data\processed\initial_graph_coloring_dataset\colpack_outputs_week15_extra_orderings\dwt_361_incidence_degree.txt
dwt_361,INCIDENCE_DEGREE,5,125,29,0.9194444444444444,data\processed\initial_graph_coloring_dataset\colpack_outputs_week15_extra_orderings\dwt_361_incidence_degree.txt
dwt_361,INCIDENCE_DEGREE,5,113,30,0.9166666666666666,data\processed\initial_graph_coloring_dataset\colpack_outputs_week15_extra_orderings\dwt_361_incidence_degree.txt
dwt_361,INCIDENCE_DEGREE,5,126,31,0.9138888888888889,data\processed\initial_graph_coloring_dataset\colpack_outputs_week15_extra_orderings\dwt_361_incidence_degree.txt
dwt_361,INCIDENCE_DEGREE,5,138,32,0.9111111111111111,data\processed\initial_graph_coloring_dataset\colpack_outputs_week15_extra_orderings\dwt_361_incidence_degree.txt
dwt_361,INCIDENCE_DEGREE,5,139,33,0.9083333333333333,data\processed\initial_graph_coloring_dataset\colpack_outputs_week15_extra_orderings\dwt_361_incidence_degree.txt
dwt_361,INCIDENCE_DEGREE,5,127,34,0.9055555555555556,data\processed\initial_graph_coloring_dataset\colpack_outputs_week15_extra_orderings\dwt_361_incidence_degree.txt
dwt_361,INCIDENCE_DEGREE,5,140,35,0.9027777777777778,data\processed\initial_graph_coloring_dataset\colpack_outputs_week15_extra_orderings\dwt_361_incidence_degree.txt
dwt_361,INCIDENCE_DEGREE,5,152,36,0.9,data\processed\initial_graph_coloring_dataset\colpack_outputs_week15_extra_orderings\dwt_361_incidence_degree.txt
dwt_361,INCIDENCE_DEGREE,5,153,37,0.8972222222222223,data\processed\initial_graph_coloring_dataset\colpack_outputs_week15_extra_orderings\dwt_361_incidence_degree.txt
dwt_361,INCIDENCE_DEGREE,5,141,38,0.8944444444444445,data\processed\initial_graph_coloring_dataset\colpack_outputs_week15_extra_orderings\dwt_361_incidence_degree.txt
dwt_361,INCIDENCE_DEGREE,5,154,39,0.8916666666666667,data\processed\initial_graph_coloring_dataset\colpack_outputs_week15_extra_orderings\dwt_361_incidence_degree.txt
dwt_361,INCIDENCE_DEGREE,5,166,40,0.8888888888888888,data\processed\initial_graph_coloring_dataset\colpack_outputs_week15_extra_orderings\dwt_361_incidence_degree.txt
dwt_361,INCIDENCE_DEGREE,5,167,41,0.8861111111111111,data\processed\initial_graph_coloring_dataset\colpack_outputs_week15_extra_orderings\dwt_361_incidence_degree.txt
dwt_361,INCIDENCE_DEGREE,5,155,42,0.8833333333333333,data\processed\initial_graph_coloring_dataset\colpack_outputs_week15_extra_orderings\dwt_361_incidence_degree.txt
dwt_361,INCIDENCE_DEGREE,5,168,43,0.8805555555555555,data\processed\initial_graph_coloring_dataset\colpack_outputs_week15_extra_orderings\dwt_361_incidence_degree.txt
dwt_361,INCIDENCE_DEGREE,5,180,44,0.8777777777777778,data\processed\initial_graph_coloring_dataset\colpack_outputs_week15_extra_orderings\dwt_361_incidence_degree.txt
dwt_361,INCIDENCE_DEGREE,5,181,45,0.875,data\processed\initial_graph_coloring_dataset\colpack_outputs_week15_extra_orderings\dwt_361_incidence_degree.txt
dwt_361,INCIDENCE_DEGREE,5,179,46,0.8722222222222222,data\processed\initial_graph_coloring_dataset\colpack_outputs_week15_extra_orderings\dwt_361_incidence_degree.txt
dwt_361,INCIDENCE_DEGREE,5,165,47,0.8694444444444445,data\processed\initial_graph_coloring_dataset\colpack_outputs_week15_extra_orderings\dwt_361_incidence_degree.txt
dwt_361,INCIDENCE_DEGREE,5,151,48,0.8666666666666667,data\processed\initial_graph_coloring_dataset\colpack_outputs_week15_extra_orderings\dwt_361_incidence_degree.txt
dwt_361,INCIDENCE_DEGREE,5,137,49,0.8638888888888889,data\processed\initial_graph_coloring_dataset\colpack_outputs_week15_extra_orderings\dwt_361_incidence_degree.txt
dwt_361,INCIDENCE_DEGREE,5,123,50,0.8611111111111112,data\processed\initial_graph_coloring_dataset\colpack_outputs_week15_extra_orderings\dwt_361_incidence_degree.txt
dwt_361,INCIDENCE_DEGREE,5,109,51,0.8583333333333333,data\processed\initial_graph_coloring_dataset\colpack_outputs_week15_extra_orderings\dwt_361_incidence_degree.txt
dwt_361,INCIDENCE_DEGREE,5,95,52,0.8555555555555555,data\processed\initial_graph_coloring_dataset\colpack_outputs_week15_extra_orderings\dwt_361_incidence_degree.txt
dwt_361,INCIDENCE_DEGREE,5,81,53,0.8527777777777777,data\processed\initial_graph_coloring_dataset\colpack_outputs_week15_extra_orderings\dwt_361_incidence_degree.txt
dwt_361,INCIDENCE_DEGREE,5,67,54,0.85,data\processed\initial_graph_coloring_dataset\colpack_outputs_week15_extra_orderings\dwt_361_incidence_degree.txt
dwt_361,INCIDENCE_DEGREE,5,53,55,0.8472222222222222,data\processed\initial_graph_coloring_dataset\colpack_outputs_week15_extra_orderings\dwt_361_incidence_degree.txt
dwt_361,INCIDENCE_DEGREE,5,66,56,0.8444444444444444,data\processed\initial_graph_coloring_dataset\colpack_outputs_week15_extra_orderings\dwt_361_incidence_degree.txt
dwt_361,INCIDENCE_DEGREE,5,80,57,0.8416666666666667,data\processed\initial_graph_coloring_dataset\colpack_outputs_week15_extra_orderings\dwt_361_incidence_degree.txt
dwt_361,INCIDENCE_DEGREE,5,94,58,0.8388888888888889,data\processed\initial_graph_coloring_dataset\colpack_outputs_week15_extra_orderings\dwt_361_incidence_degree.txt
dwt_361,INCIDENCE_DEGREE,5,108,59,0.8361111111111111,data\processed\initial_graph_coloring_dataset\colpack_outputs_week15_extra_orderings\dwt_361_incidence_degree.txt
dwt_361,INCIDENCE_DEGREE,5,122,60,0.8333333333333334,data\processed\initial_graph_coloring_dataset\colpack_outputs_week15_extra_orderings\dwt_361_incidence_degree.txt
dwt_361,INCIDENCE_DEGREE,5,136,61,0.8305555555555556,data\processed\initial_graph_coloring_dataset\colpack_outputs_week15_extra_orderings\dwt_361_incidence_degree.txt
dwt_361,INCIDENCE_DEGREE,5,150,62,0.8277777777777777,data\processed\initial_graph_coloring_dataset\colpack_outputs_week15_extra_orderings\dwt_361_incidence_degree.txt
dwt_361,INCIDENCE_DEGREE,5,164,63,0.825,data\processed\initial_graph_coloring_dataset\colpack_outputs_week15_extra_orderings\dwt_361_incidence_degree.txt
dwt_361,INCIDENCE_DEGREE,5,178,64,0.8222222222222222,data\processed\initial_graph_coloring_dataset\colpack_outputs_week15_extra_orderings\dwt_361_incidence_degree.txt
dwt_361,INCIDENCE_DEGREE,5,192,65,0.8194444444444444,data\processed\initial_graph_coloring_dataset\colpack_outputs_week15_extra_orderings\dwt_361_incidence_degree.txt
dwt_361,INCIDENCE_DEGREE,5,193,66,0.8166666666666667,data\processed\initial_graph_coloring_dataset\colpack_outputs_week15_extra_orderings\dwt_361_incidence_degree.txt
dwt_361,INCIDENCE_DEGREE,5,194,67,0.8138888888888889,data\processed\initial_graph_coloring_dataset\colpack_outputs_week15_extra_orderings\dwt_361_incidence_degree.txt
dwt_361,INCIDENCE_DEGREE,5,206,68,0.8111111111111111,data\processed\initial_graph_coloring_dataset\colpack_outputs_week15_extra_orderings\dwt_361_incidence_degree.txt
dwt_361,INCIDENCE_DEGREE,5,207,69,0.8083333333333333,data\processed\initial_graph_coloring_dataset\colpack_outputs_week15_extra_orderings\dwt_361_incidence_degree.txt
dwt_361,INCIDENCE_DEGREE,5,205,70,0.8055555555555556,data\processed\initial_graph_coloring_dataset\colpack_outputs_week15_extra_orderings\dwt_361_incidence_degree.txt
dwt_361,INCIDENCE_DEGREE,5,191,71,0.8027777777777778,data\processed\initial_graph_coloring_dataset\colpack_outputs_week15_extra_orderings\dwt_361_incidence_degree.txt
dwt_361,INCIDENCE_DEGREE,5,177,72,0.8,data\processed\initial_graph_coloring_dataset\colpack_outputs_week15_extra_orderings\dwt_361_incidence_degree.txt
dwt_361,INCIDENCE_DEGREE,5,163,73,0.7972222222222223,data\processed\initial_graph_coloring_dataset\colpack_outputs_week15_extra_orderings\dwt_361_incidence_degree.txt
dwt_361,INCIDENCE_DEGREE,5,149,74,0.7944444444444444,data\processed\initial_graph_coloring_dataset\colpack_outputs_week15_extra_orderings\dwt_361_incidence_degree.txt
dwt_361,INCIDENCE_DEGREE,5,135,75,0.7916666666666666,data\processed\initial_graph_coloring_dataset\colpack_outputs_week15_extra_orderings\dwt_361_incidence_degree.txt
dwt_361,INCIDENCE_DEGREE,5,121,76,0.7888888888888889,data\processed\initial_graph_coloring_dataset\colpack_outputs_week15_extra_orderings\dwt_361_incidence_degree.txt
dwt_361,INCIDENCE_DEGREE,5,107,77,0.7861111111111111,data\processed\initial_graph_coloring_dataset\colpack_outputs_week15_extra_orderings\dwt_361_incidence_degree.txt
dwt_361,INCIDENCE_DEGREE,5,93,78,0.7833333333333333,data\processed\initial_graph_coloring_dataset\colpack_outputs_week15_extra_orderings\dwt_361_incidence_degree.txt
dwt_361,INCIDENCE_DEGREE,5,79,79,0.7805555555555556,data\processed\initial_graph_coloring_dataset\colpack_outputs_week15_extra_orderings\dwt_361_incidence_degree.txt
dwt_361,INCIDENCE_DEGREE,5,92,80,0.7777777777777778,data\processed\initial_graph_coloring_dataset\colpack_outputs_week15_extra_orderings\dwt_361_incidence_degree.txt
dwt_361,INCIDENCE_DEGREE,5,106,81,0.775,data\processed\initial_graph_coloring_dataset\colpack_outputs_week15_extra_orderings\dwt_361_incidence_degree.txt
dwt_361,INCIDENCE_DEGREE,5,120,82,0.7722222222222223,data\processed\initial_graph_coloring_dataset\colpack_outputs_week15_extra_orderings\dwt_361_incidence_degree.txt
dwt_361,INCIDENCE_DEGREE,5,134,83,0.7694444444444445,data\processed\initial_graph_coloring_dataset\colpack_outputs_week15_extra_orderings\dwt_361_incidence_degree.txt
dwt_361,INCIDENCE_DEGREE,5,148,84,0.7666666666666667,data\processed\initial_graph_coloring_dataset\colpack_outputs_week15_extra_orderings\dwt_361_incidence_degree.txt
dwt_361,INCIDENCE_DEGREE,5,162,85,0.7638888888888888,data\processed\initial_graph_coloring_dataset\colpack_outputs_week15_extra_orderings\dwt_361_incidence_degree.txt
dwt_361,INCIDENCE_DEGREE,5,176,86,0.7611111111111111,data\processed\initial_graph_coloring_dataset\colpack_outputs_week15_extra_orderings\dwt_361_incidence_degree.txt
dwt_361,INCIDENCE_DEGREE,5,190,87,0.7583333333333333,data\processed\initial_graph_coloring_dataset\colpack_outputs_week15_extra_orderings\dwt_361_incidence_degree.txt
dwt_361,INCIDENCE_DEGREE,5,204,88,0.7555555555555555,data\processed\initial_graph_coloring_dataset\colpack_outputs_week15_extra_orderings\dwt_361_incidence_degree.txt
dwt_361,INCIDENCE_DEGREE,5,218,89,0.7527777777777778,data\processed\initial_graph_coloring_dataset\colpack_outputs_week15_extra_orderings\dwt_361_incidence_degree.txt
dwt_361,INCIDENCE_DEGREE,5,219,90,0.75,data\processed\initial_graph_coloring_dataset\colpack_outputs_week15_extra_orderings\dwt_361_incidence_degree.txt
dwt_361,INCIDENCE_DEGREE,5,220,91,0.7472222222222222,data\processed\initial_graph_coloring_dataset\colpack_outputs_week15_extra_orderings\dwt_361_incidence_degree.txt
dwt_361,INCIDENCE_DEGREE,5,232,92,0.7444444444444445,data\processed\initial_graph_coloring_dataset\colpack_outputs_week15_extra_orderings\dwt_361_incidence_degree.txt
dwt_361,INCIDENCE_DEGREE,5,233,93,0.7416666666666667,data\processed\initial_graph_coloring_dataset\colpack_outputs_week15_extra_orderings\dwt_361_incidence_degree.txt
dwt_361,INCIDENCE_DEGREE,5,231,94,0.7388888888888889,data\processed\initial_graph_coloring_dataset\colpack_outputs_week15_extra_orderings\dwt_361_incidence_degree.txt
dwt_361,INCIDENCE_DEGREE,5,217,95,0.7361111111111112,data\processed\initial_graph_coloring_dataset\colpack_outputs_week15_extra_orderings\dwt_361_incidence_degree.txt
dwt_361,INCIDENCE_DEGREE,5,203,96,0.7333333333333333,data\processed\initial_graph_coloring_dataset\colpack_outputs_week15_extra_orderings\dwt_361_incidence_degree.txt
dwt_361,INCIDENCE_DEGREE,5,189,97,0.7305555555555555,data\processed\initial_graph_coloring_dataset\colpack_outputs_week15_extra_orderings\dwt_361_incidence_degree.txt
dwt_361,INCIDENCE_DEGREE,5,175,98,0.7277777777777777,data\processed\initial_graph_coloring_dataset\colpack_outputs_week15_extra_orderings\dwt_361_incidence_degree.txt
dwt_361,INCIDENCE_DEGREE,5,161,99,0.725,data\processed\initial_graph_coloring_dataset\colpack_outputs_week15_extra_orderings\dwt_361_incidence_degree.txt
dwt_361,INCIDENCE_DEGREE,5,147,100,0.7222222222222222,data\processed\initial_graph_coloring_dataset\colpack_outputs_week15_extra_orderings\dwt_361_incidence_degree.txt
dwt_361,INCIDENCE_DEGREE,5,133,101,0.7194444444444444,data\processed\initial_graph_coloring_dataset\colpack_outputs_week15_extra_orderings\dwt_361_incidence_degree.txt
dwt_361,INCIDENCE_DEGREE,5,119,102,0.7166666666666667,data\processed\initial_graph_coloring_dataset\colpack_outputs_week15_extra_orderings\dwt_361_incidence_degree.txt
dwt_361,INCIDENCE_DEGREE,5,105,103,0.7138888888888889,data\processed\initial_graph_coloring_dataset\colpack_outputs_week15_extra_orderings\dwt_361_incidence_degree.txt
dwt_361,INCIDENCE_DEGREE,5,118,104,0.7111111111111111,data\processed\initial_graph_coloring_dataset\colpack_outputs_week15_extra_orderings\dwt_361_incidence_degree.txt
dwt_361,INCIDENCE_DEGREE,5,132,105,0.7083333333333334,data\processed\initial_graph_coloring_dataset\colpack_outputs_week15_extra_orderings\dwt_361_incidence_degree.txt
dwt_361,INCIDENCE_DEGREE,5,146,106,0.7055555555555556,data\processed\initial_graph_coloring_dataset\colpack_outputs_week15_extra_orderings\dwt_361_incidence_degree.txt
dwt_361,INCIDENCE_DEGREE,5,160,107,0.7027777777777777,data\processed\initial_graph_coloring_dataset\colpack_outputs_week15_extra_orderings\dwt_361_incidence_degree.txt
dwt_361,INCIDENCE_DEGREE,5,174,108,0.7,data\processed\initial_graph_coloring_dataset\colpack_outputs_week15_extra_orderings\dwt_361_incidence_degree.txt
dwt_361,INCIDENCE_DEGREE,5,188,109,0.6972222222222222,data\processed\initial_graph_coloring_dataset\colpack_outputs_week15_extra_orderings\dwt_361_incidence_degree.txt
dwt_361,INCIDENCE_DEGREE,5,202,110,0.6944444444444444,data\processed\initial_graph_coloring_dataset\colpack_outputs_week15_extra_orderings\dwt_361_incidence_degree.txt
dwt_361,INCIDENCE_DEGREE,5,216,111,0.6916666666666667,data\processed\initial_graph_coloring_dataset\colpack_outputs_week15_extra_orderings\dwt_361_incidence_degree.txt
dwt_361,INCIDENCE_DEGREE,5,230,112,0.6888888888888889,data\processed\initial_graph_coloring_dataset\colpack_outputs_week15_extra_orderings\dwt_361_incidence_degree.txt
dwt_361,INCIDENCE_DEGREE,5,244,113,0.6861111111111111,data\processed\initial_graph_coloring_dataset\colpack_outputs_week15_extra_orderings\dwt_361_incidence_degree.txt
dwt_361,INCIDENCE_DEGREE,5,245,114,0.6833333333333333,data\processed\initial_graph_coloring_dataset\colpack_outputs_week15_extra_orderings\dwt_361_incidence_degree.txt
dwt_361,INCIDENCE_DEGREE,5,246,115,0.6805555555555556,data\processed\initial_graph_coloring_dataset\colpack_outputs_week15_extra_orderings\dwt_361_incidence_degree.txt
dwt_361,INCIDENCE_DEGREE,5,258,116,0.6777777777777778,data\processed\initial_graph_coloring_dataset\colpack_outputs_week15_extra_orderings\dwt_361_incidence_degree.txt
dwt_361,INCIDENCE_DEGREE,5,259,117,0.675,data\processed\initial_graph_coloring_dataset\colpack_outputs_week15_extra_orderings\dwt_361_incidence_degree.txt
dwt_361,INCIDENCE_DEGREE,5,257,118,0.6722222222222223,data\processed\initial_graph_coloring_dataset\colpack_outputs_week15_extra_orderings\dwt_361_incidence_degree.txt
dwt_361,INCIDENCE_DEGREE,5,243,119,0.6694444444444444,data\processed\initial_graph_coloring_dataset\colpack_outputs_week15_extra_orderings\dwt_361_incidence_degree.txt
dwt_361,INCIDENCE_DEGREE,5,229,120,0.6666666666666666,data\processed\initial_graph_coloring_dataset\colpack_outputs_week15_extra_orderings\dwt_361_incidence_degree.txt
dwt_361,INCIDENCE_DEGREE,5,215,121,0.6638888888888889,data\processed\initial_graph_coloring_dataset\colpack_outputs_week15_extra_orderings\dwt_361_incidence_degree.txt
dwt_361,INCIDENCE_DEGREE,5,201,122,0.6611111111111111,data\processed\initial_graph_coloring_dataset\colpack_outputs_week15_extra_orderings\dwt_361_incidence_degree.txt
dwt_361,INCIDENCE_DEGREE,5,187,123,0.6583333333333333,data\processed\initial_graph_coloring_dataset\colpack_outputs_week15_extra_orderings\dwt_361_incidence_degree.txt
dwt_361,INCIDENCE_DEGREE,5,173,124,0.6555555555555556,data\processed\initial_graph_coloring_dataset\colpack_outputs_week15_extra_orderings\dwt_361_incidence_degree.txt
dwt_361,INCIDENCE_DEGREE,5,159,125,0.6527777777777778,data\processed\initial_graph_coloring_dataset\colpack_outputs_week15_extra_orderings\dwt_361_incidence_degree.txt
dwt_361,INCIDENCE_DEGREE,5,145,126,0.65,data\processed\initial_graph_coloring_dataset\colpack_outputs_week15_extra_orderings\dwt_361_incidence_degree.txt
dwt_361,INCIDENCE_DEGREE,5,131,127,0.6472222222222223,data\processed\initial_graph_coloring_dataset\colpack_outputs_week15_extra_orderings\dwt_361_incidence_degree.txt
dwt_361,INCIDENCE_DEGREE,5,144,128,0.6444444444444445,data\processed\initial_graph_coloring_dataset\colpack_outputs_week15_extra_orderings\dwt_361_incidence_degree.txt
dwt_361,INCIDENCE_DEGREE,5,158,129,0.6416666666666667,data\processed\initial_graph_coloring_dataset\colpack_outputs_week15_extra_orderings\dwt_361_incidence_degree.txt
dwt_361,INCIDENCE_DEGREE,5,172,130,0.6388888888888888,data\processed\initial_graph_coloring_dataset\colpack_outputs_week15_extra_orderings\dwt_361_incidence_degree.txt
dwt_361,INCIDENCE_DEGREE,5,186,131,0.6361111111111111,data\processed\initial_graph_coloring_dataset\colpack_outputs_week15_extra_orderings\dwt_361_incidence_degree.txt
dwt_361,INCIDENCE_DEGREE,5,200,132,0.6333333333333333,data\processed\initial_graph_coloring_dataset\colpack_outputs_week15_extra_orderings\dwt_361_incidence_degree.txt
dwt_361,INCIDENCE_DEGREE,5,214,133,0.6305555555555555,data\processed\initial_graph_coloring_dataset\colpack_outputs_week15_extra_orderings\dwt_361_incidence_degree.txt
dwt_361,INCIDENCE_DEGREE,5,228,134,0.6277777777777778,data\processed\initial_graph_coloring_dataset\colpack_outputs_week15_extra_orderings\dwt_361_incidence_degree.txt
dwt_361,INCIDENCE_DEGREE,5,242,135,0.625,data\processed\initial_graph_coloring_dataset\colpack_outputs_week15_extra_orderings\dwt_361_incidence_degree.txt
dwt_361,INCIDENCE_DEGREE,5,256,136,0.6222222222222222,data\processed\initial_graph_coloring_dataset\colpack_outputs_week15_extra_orderings\dwt_361_incidence_degree.txt
dwt_361,INCIDENCE_DEGREE,5,270,137,0.6194444444444445,data\processed\initial_graph_coloring_dataset\colpack_outputs_week15_extra_orderings\dwt_361_incidence_degree.txt
dwt_361,INCIDENCE_DEGREE,5,271,138,0.6166666666666667,data\processed\initial_graph_coloring_dataset\colpack_outputs_week15_extra_orderings\dwt_361_incidence_degree.txt
dwt_361,INCIDENCE_DEGREE,5,272,139,0.6138888888888889,data\processed\initial_graph_coloring_dataset\colpack_outputs_week15_extra_orderings\dwt_361_incidence_degree.txt
dwt_361,INCIDENCE_DEGREE,5,284,140,0.6111111111111112,data\processed\initial_graph_coloring_dataset\colpack_outputs_week15_extra_orderings\dwt_361_incidence_degree.txt
dwt_361,INCIDENCE_DEGREE,5,285,141,0.6083333333333333,data\processed\initial_graph_coloring_dataset\colpack_outputs_week15_extra_orderings\dwt_361_incidence_degree.txt
dwt_361,INCIDENCE_DEGREE,5,283,142,0.6055555555555555,data\processed\initial_graph_coloring_dataset\colpack_outputs_week15_extra_orderings\dwt_361_incidence_degree.txt
dwt_361,INCIDENCE_DEGREE,5,269,143,0.6027777777777777,data\processed\initial_graph_coloring_dataset\colpack_outputs_week15_extra_orderings\dwt_361_incidence_degree.txt
dwt_361,INCIDENCE_DEGREE,5,255,144,0.6,data\processed\initial_graph_coloring_dataset\colpack_outputs_week15_extra_orderings\dwt_361_incidence_degree.txt
dwt_361,INCIDENCE_DEGREE,5,241,145,0.5972222222222222,data\processed\initial_graph_coloring_dataset\colpack_outputs_week15_extra_orderings\dwt_361_incidence_degree.txt
dwt_361,INCIDENCE_DEGREE,5,227,146,0.5944444444444444,data\processed\initial_graph_coloring_dataset\colpack_outputs_week15_extra_orderings\dwt_361_incidence_degree.txt
dwt_361,INCIDENCE_DEGREE,5,213,147,0.5916666666666667,data\processed\initial_graph_coloring_dataset\colpack_outputs_week15_extra_orderings\dwt_361_incidence_degree.txt
dwt_361,INCIDENCE_DEGREE,5,199,148,0.5888888888888889,data\processed\initial_graph_coloring_dataset\colpack_outputs_week15_extra_orderings\dwt_361_incidence_degree.txt
dwt_361,INCIDENCE_DEGREE,5,185,149,0.5861111111111111,data\processed\initial_graph_coloring_dataset\colpack_outputs_week15_extra_orderings\dwt_361_incidence_degree.txt
dwt_361,INCIDENCE_DEGREE,5,171,150,0.5833333333333334,data\processed\initial_graph_coloring_dataset\colpack_outputs_week15_extra_orderings\dwt_361_incidence_degree.txt
dwt_361,INCIDENCE_DEGREE,5,157,151,0.5805555555555556,data\processed\initial_graph_coloring_dataset\colpack_outputs_week15_extra_orderings\dwt_361_incidence_degree.txt
dwt_361,INCIDENCE_DEGREE,5,170,152,0.5777777777777777,data\processed\initial_graph_coloring_dataset\colpack_outputs_week15_extra_orderings\dwt_361_incidence_degree.txt
dwt_361,INCIDENCE_DEGREE,5,184,153,0.575,data\processed\initial_graph_coloring_dataset\colpack_outputs_week15_extra_orderings\dwt_361_incidence_degree.txt
dwt_361,INCIDENCE_DEGREE,5,198,154,0.5722222222222222,data\processed\initial_graph_coloring_dataset\colpack_outputs_week15_extra_orderings\dwt_361_incidence_degree.txt
dwt_361,INCIDENCE_DEGREE,5,212,155,0.5694444444444444,data\processed\initial_graph_coloring_dataset\colpack_outputs_week15_extra_orderings\dwt_361_incidence_degree.txt
dwt_361,INCIDENCE_DEGREE,5,226,156,0.5666666666666667,data\processed\initial_graph_coloring_dataset\colpack_outputs_week15_extra_orderings\dwt_361_incidence_degree.txt
dwt_361,INCIDENCE_DEGREE,5,240,157,0.5638888888888889,data\processed\initial_graph_coloring_dataset\colpack_outputs_week15_extra_orderings\dwt_361_incidence_degree.txt
dwt_361,INCIDENCE_DEGREE,5,254,158,0.5611111111111111,data\processed\initial_graph_coloring_dataset\colpack_outputs_week15_extra_orderings\dwt_361_incidence_degree.txt
dwt_361,INCIDENCE_DEGREE,5,268,159,0.5583333333333333,data\processed\initial_graph_coloring_dataset\colpack_outputs_week15_extra_orderings\dwt_361_incidence_degree.txt
dwt_361,INCIDENCE_DEGREE,5,282,160,0.5555555555555556,data\processed\initial_graph_coloring_dataset\colpack_outputs_week15_extra_orderings\dwt_361_incidence_degree.txt
dwt_361,INCIDENCE_DEGREE,5,296,161,0.5527777777777778,data\processed\initial_graph_coloring_dataset\colpack_outputs_week15_extra_orderings\dwt_361_incidence_degree.txt
dwt_361,INCIDENCE_DEGREE,5,297,162,0.55,data\processed\initial_graph_coloring_dataset\colpack_outputs_week15_extra_orderings\dwt_361_incidence_degree.txt
dwt_361,INCIDENCE_DEGREE,5,298,163,0.5472222222222223,data\processed\initial_graph_coloring_dataset\colpack_outputs_week15_extra_orderings\dwt_361_incidence_degree.txt
dwt_361,INCIDENCE_DEGREE,5,310,164,0.5444444444444444,data\processed\initial_graph_coloring_dataset\colpack_outputs_week15_extra_orderings\dwt_361_incidence_degree.txt
dwt_361,INCIDENCE_DEGREE,5,311,165,0.5416666666666666,data\processed\initial_graph_coloring_dataset\colpack_outputs_week15_extra_orderings\dwt_361_incidence_degree.txt
dwt_361,INCIDENCE_DEGREE,5,309,166,0.5388888888888889,data\processed\initial_graph_coloring_dataset\colpack_outputs_week15_extra_orderings\dwt_361_incidence_degree.txt
dwt_361,INCIDENCE_DEGREE,5,295,167,0.5361111111111111,data\processed\initial_graph_coloring_dataset\colpack_outputs_week15_extra_orderings\dwt_361_incidence_degree.txt
dwt_361,INCIDENCE_DEGREE,5,281,168,0.5333333333333333,data\processed\initial_graph_coloring_dataset\colpack_outputs_week15_extra_orderings\dwt_361_incidence_degree.txt
dwt_361,INCIDENCE_DEGREE,5,267,169,0.5305555555555556,data\processed\initial_graph_coloring_dataset\colpack_outputs_week15_extra_orderings\dwt_361_incidence_degree.txt
dwt_361,INCIDENCE_DEGREE,5,253,170,0.5277777777777778,data\processed\initial_graph_coloring_dataset\colpack_outputs_week15_extra_orderings\dwt_361_incidence_degree.txt
dwt_361,INCIDENCE_DEGREE,5,239,171,0.525,data\processed\initial_graph_coloring_dataset\colpack_outputs_week15_extra_orderings\dwt_361_incidence_degree.txt
dwt_361,INCIDENCE_DEGREE,5,225,172,0.5222222222222223,data\processed\initial_graph_coloring_dataset\colpack_outputs_week15_extra_orderings\dwt_361_incidence_degree.txt
dwt_361,INCIDENCE_DEGREE,5,211,173,0.5194444444444445,data\processed\initial_graph_coloring_dataset\colpack_outputs_week15_extra_orderings\dwt_361_incidence_degree.txt
dwt_361,INCIDENCE_DEGREE,5,197,174,0.5166666666666667,data\processed\initial_graph_coloring_dataset\colpack_outputs_week15_extra_orderings\dwt_361_incidence_degree.txt
dwt_361,INCIDENCE_DEGREE,5,183,175,0.5138888888888888,data\processed\initial_graph_coloring_dataset\colpack_outputs_week15_extra_orderings\dwt_361_incidence_degree.txt
dwt_361,INCIDENCE_DEGREE,5,196,176,0.5111111111111111,data\processed\initial_graph_coloring_dataset\colpack_outputs_week15_extra_orderings\dwt_361_incidence_degree.txt
dwt_361,INCIDENCE_DEGREE,5,210,177,0.5083333333333333,data\processed\initial_graph_coloring_dataset\colpack_outputs_week15_extra_orderings\dwt_361_incidence_degree.txt
dwt_361,INCIDENCE_DEGREE,5,224,178,0.5055555555555555,data\processed\initial_graph_coloring_dataset\colpack_outputs_week15_extra_orderings\dwt_361_incidence_degree.txt
dwt_361,INCIDENCE_DEGREE,5,238,179,0.5027777777777778,data\processed\initial_graph_coloring_dataset\colpack_outputs_week15_extra_orderings\dwt_361_incidence_degree.txt
dwt_361,INCIDENCE_DEGREE,5,252,180,0.5,data\processed\initial_graph_coloring_dataset\colpack_outputs_week15_extra_orderings\dwt_361_incidence_degree.txt
dwt_361,INCIDENCE_DEGREE,5,266,181,0.49722222222222223,data\processed\initial_graph_coloring_dataset\colpack_outputs_week15_extra_orderings\dwt_361_incidence_degree.txt
dwt_361,INCIDENCE_DEGREE,5,280,182,0.49444444444444446,data\processed\initial_graph_coloring_dataset\colpack_outputs_week15_extra_orderings\dwt_361_incidence_degree.txt
dwt_361,INCIDENCE_DEGREE,5,294,183,0.49166666666666664,data\processed\initial_graph_coloring_dataset\colpack_outputs_week15_extra_orderings\dwt_361_incidence_degree.txt
dwt_361,INCIDENCE_DEGREE,5,308,184,0.4888888888888889,data\processed\initial_graph_coloring_dataset\colpack_outputs_week15_extra_orderings\dwt_361_incidence_degree.txt
dwt_361,INCIDENCE_DEGREE,5,358,185,0.4861111111111111,data\processed\initial_graph_coloring_dataset\colpack_outputs_week15_extra_orderings\dwt_361_incidence_degree.txt
dwt_361,INCIDENCE_DEGREE,5,359,186,0.48333333333333334,data\processed\initial_graph_coloring_dataset\colpack_outputs_week15_extra_orderings\dwt_361_incidence_degree.txt
dwt_361,INCIDENCE_DEGREE,5,360,187,0.48055555555555557,data\processed\initial_graph_coloring_dataset\colpack_outputs_week15_extra_orderings\dwt_361_incidence_degree.txt
dwt_361,INCIDENCE_DEGREE,5,307,188,0.4777777777777778,data\processed\initial_graph_coloring_dataset\colpack_outputs_week15_extra_orderings\dwt_361_incidence_degree.txt
dwt_361,INCIDENCE_DEGREE,5,357,189,0.475,data\processed\initial_graph_coloring_dataset\colpack_outputs_week15_extra_orderings\dwt_361_incidence_degree.txt
dwt_361,INCIDENCE_DEGREE,5,293,190,0.4722222222222222,data\processed\initial_graph_coloring_dataset\colpack_outputs_week15_extra_orderings\dwt_361_incidence_degree.txt
dwt_361,INCIDENCE_DEGREE,5,279,191,0.46944444444444444,data\processed\initial_graph_coloring_dataset\colpack_outputs_week15_extra_orderings\dwt_361_incidence_degree.txt
dwt_361,INCIDENCE_DEGREE,5,265,192,0.4666666666666667,data\processed\initial_graph_coloring_dataset\colpack_outputs_week15_extra_orderings\dwt_361_incidence_degree.txt
dwt_361,INCIDENCE_DEGREE,5,251,193,0.4638888888888889,data\processed\initial_graph_coloring_dataset\colpack_outputs_week15_extra_orderings\dwt_361_incidence_degree.txt
dwt_361,INCIDENCE_DEGREE,5,237,194,0.46111111111111114,data\processed\initial_graph_coloring_dataset\colpack_outputs_week15_extra_orderings\dwt_361_incidence_degree.txt
dwt_361,INCIDENCE_DEGREE,5,223,195,0.4583333333333333,data\processed\initial_graph_coloring_dataset\colpack_outputs_week15_extra_orderings\dwt_361_incidence_degree.txt
dwt_361,INCIDENCE_DEGREE,5,209,196,0.45555555555555555,data\processed\initial_graph_coloring_dataset\colpack_outputs_week15_extra_orderings\dwt_361_incidence_degree.txt
dwt_361,INCIDENCE_DEGREE,5,222,197,0.4527777777777778,data\processed\initial_graph_coloring_dataset\colpack_outputs_week15_extra_orderings\dwt_361_incidence_degree.txt
dwt_361,INCIDENCE_DEGREE,5,236,198,0.45,data\processed\initial_graph_coloring_dataset\colpack_outputs_week15_extra_orderings\dwt_361_incidence_degree.txt
dwt_361,INCIDENCE_DEGREE,5,250,199,0.44722222222222224,data\processed\initial_graph_coloring_dataset\colpack_outputs_week15_extra_orderings\dwt_361_incidence_degree.txt
dwt_361,INCIDENCE_DEGREE,5,264,200,0.4444444444444444,data\processed\initial_graph_coloring_dataset\colpack_outputs_week15_extra_orderings\dwt_361_incidence_degree.txt
dwt_361,INCIDENCE_DEGREE,5,278,201,0.44166666666666665,data\processed\initial_graph_coloring_dataset\colpack_outputs_week15_extra_orderings\dwt_361_incidence_degree.txt
dwt_361,INCIDENCE_DEGREE,5,292,202,0.4388888888888889,data\processed\initial_graph_coloring_dataset\colpack_outputs_week15_extra_orderings\dwt_361_incidence_degree.txt
dwt_361,INCIDENCE_DEGREE,5,306,203,0.4361111111111111,data\processed\initial_graph_coloring_dataset\colpack_outputs_week15_extra_orderings\dwt_361_incidence_degree.txt
dwt_361,INCIDENCE_DEGREE,5,356,204,0.43333333333333335,data\processed\initial_graph_coloring_dataset\colpack_outputs_week15_extra_orderings\dwt_361_incidence_degree.txt
dwt_361,INCIDENCE_DEGREE,5,355,205,0.4305555555555556,data\processed\initial_graph_coloring_dataset\colpack_outputs_week15_extra_orderings\dwt_361_incidence_degree.txt
dwt_361,INCIDENCE_DEGREE,5,305,206,0.42777777777777776,data\processed\initial_graph_coloring_dataset\colpack_outputs_week15_extra_orderings\dwt_361_incidence_degree.txt
dwt_361,INCIDENCE_DEGREE,5,291,207,0.425,data\processed\initial_graph_coloring_dataset\colpack_outputs_week15_extra_orderings\dwt_361_incidence_degree.txt
dwt_361,INCIDENCE_DEGREE,5,277,208,0.4222222222222222,data\processed\initial_graph_coloring_dataset\colpack_outputs_week15_extra_orderings\dwt_361_incidence_degree.txt
dwt_361,INCIDENCE_DEGREE,5,263,209,0.41944444444444445,data\processed\initial_graph_coloring_dataset\colpack_outputs_week15_extra_orderings\dwt_361_incidence_degree.txt
dwt_361,INCIDENCE_DEGREE,5,249,210,0.4166666666666667,data\processed\initial_graph_coloring_dataset\colpack_outputs_week15_extra_orderings\dwt_361_incidence_degree.txt
dwt_361,INCIDENCE_DEGREE,5,235,211,0.41388888888888886,data\processed\initial_graph_coloring_dataset\colpack_outputs_week15_extra_orderings\dwt_361_incidence_degree.txt
dwt_361,INCIDENCE_DEGREE,5,248,212,0.4111111111111111,data\processed\initial_graph_coloring_dataset\colpack_outputs_week15_extra_orderings\dwt_361_incidence_degree.txt
dwt_361,INCIDENCE_DEGREE,5,262,213,0.4083333333333333,data\processed\initial_graph_coloring_dataset\colpack_outputs_week15_extra_orderings\dwt_361_incidence_degree.txt
dwt_361,INCIDENCE_DEGREE,5,276,214,0.40555555555555556,data\processed\initial_graph_coloring_dataset\colpack_outputs_week15_extra_orderings\dwt_361_incidence_degree.txt
dwt_361,INCIDENCE_DEGREE,5,290,215,0.4027777777777778,data\processed\initial_graph_coloring_dataset\colpack_outputs_week15_extra_orderings\dwt_361_incidence_degree.txt
dwt_361,INCIDENCE_DEGREE,5,304,216,0.4,data\processed\initial_graph_coloring_dataset\colpack_outputs_week15_extra_orderings\dwt_361_incidence_degree.txt
dwt_361,INCIDENCE_DEGREE,5,354,217,0.3972222222222222,data\processed\initial_graph_coloring_dataset\colpack_outputs_week15_extra_orderings\dwt_361_incidence_degree.txt
dwt_361,INCIDENCE_DEGREE,5,353,218,0.39444444444444443,data\processed\initial_graph_coloring_dataset\colpack_outputs_week15_extra_orderings\dwt_361_incidence_degree.txt
dwt_361,INCIDENCE_DEGREE,5,303,219,0.39166666666666666,data\processed\initial_graph_coloring_dataset\colpack_outputs_week15_extra_orderings\dwt_361_incidence_degree.txt
dwt_361,INCIDENCE_DEGREE,5,289,220,0.3888888888888889,data\processed\initial_graph_coloring_dataset\colpack_outputs_week15_extra_orderings\dwt_361_incidence_degree.txt
dwt_361,INCIDENCE_DEGREE,5,275,221,0.3861111111111111,data\processed\initial_graph_coloring_dataset\colpack_outputs_week15_extra_orderings\dwt_361_incidence_degree.txt
dwt_361,INCIDENCE_DEGREE,5,261,222,0.38333333333333336,data\processed\initial_graph_coloring_dataset\colpack_outputs_week15_extra_orderings\dwt_361_incidence_degree.txt
dwt_361,INCIDENCE_DEGREE,5,274,223,0.38055555555555554,data\processed\initial_graph_coloring_dataset\colpack_outputs_week15_extra_orderings\dwt_361_incidence_degree.txt
dwt_361,INCIDENCE_DEGREE,5,288,224,0.37777777777777777,data\processed\initial_graph_coloring_dataset\colpack_outputs_week15_extra_orderings\dwt_361_incidence_degree.txt
dwt_361,INCIDENCE_DEGREE,5,302,225,0.375,data\processed\initial_graph_coloring_dataset\colpack_outputs_week15_extra_orderings\dwt_361_incidence_degree.txt
dwt_361,INCIDENCE_DEGREE,5,352,226,0.37222222222222223,data\processed\initial_graph_coloring_dataset\colpack_outputs_week15_extra_orderings\dwt_361_incidence_degree.txt
dwt_361,INCIDENCE_DEGREE,5,351,227,0.36944444444444446,data\processed\initial_graph_coloring_dataset\colpack_outputs_week15_extra_orderings\dwt_361_incidence_degree.txt
dwt_361,INCIDENCE_DEGREE,5,301,228,0.36666666666666664,data\processed\initial_graph_coloring_dataset\colpack_outputs_week15_extra_orderings\dwt_361_incidence_degree.txt
dwt_361,INCIDENCE_DEGREE,5,287,229,0.3638888888888889,data\processed\initial_graph_coloring_dataset\colpack_outputs_week15_extra_orderings\dwt_361_incidence_degree.txt
dwt_361,INCIDENCE_DEGREE,5,300,230,0.3611111111111111,data\processed\initial_graph_coloring_dataset\colpack_outputs_week15_extra_orderings\dwt_361_incidence_degree.txt
dwt_361,INCIDENCE_DEGREE,5,350,231,0.35833333333333334,data\processed\initial_graph_coloring_dataset\colpack_outputs_week15_extra_orderings\dwt_361_incidence_degree.txt
dwt_361,INCIDENCE_DEGREE,5,349,232,0.35555555555555557,data\processed\initial_graph_coloring_dataset\colpack_outputs_week15_extra_orderings\dwt_361_incidence_degree.txt
dwt_361,INCIDENCE_DEGREE,5,299,233,0.3527777777777778,data\processed\initial_graph_coloring_dataset\colpack_outputs_week15_extra_orderings\dwt_361_incidence_degree.txt
dwt_361,INCIDENCE_DEGREE,5,286,234,0.35,data\processed\initial_graph_coloring_dataset\colpack_outputs_week15_extra_orderings\dwt_361_incidence_degree.txt
dwt_361,INCIDENCE_DEGREE,5,273,235,0.3472222222222222,data\processed\initial_graph_coloring_dataset\colpack_outputs_week15_extra_orderings\dwt_361_incidence_degree.txt
dwt_361,INCIDENCE_DEGREE,5,260,236,0.34444444444444444,data\processed\initial_graph_coloring_dataset\colpack_outputs_week15_extra_orderings\dwt_361_incidence_degree.txt
dwt_361,INCIDENCE_DEGREE,5,247,237,0.3416666666666667,data\processed\initial_graph_coloring_dataset\colpack_outputs_week15_extra_orderings\dwt_361_incidence_degree.txt
dwt_361,INCIDENCE_DEGREE,5,234,238,0.3388888888888889,data\processed\initial_graph_coloring_dataset\colpack_outputs_week15_extra_orderings\dwt_361_incidence_degree.txt
dwt_361,INCIDENCE_DEGREE,5,221,239,0.33611111111111114,data\processed\initial_graph_coloring_dataset\colpack_outputs_week15_extra_orderings\dwt_361_incidence_degree.txt
dwt_361,INCIDENCE_DEGREE,5,208,240,0.3333333333333333,data\processed\initial_graph_coloring_dataset\colpack_outputs_week15_extra_orderings\dwt_361_incidence_degree.txt
dwt_361,INCIDENCE_DEGREE,5,195,241,0.33055555555555555,data\processed\initial_graph_coloring_dataset\colpack_outputs_week15_extra_orderings\dwt_361_incidence_degree.txt
dwt_361,INCIDENCE_DEGREE,5,182,242,0.3277777777777778,data\processed\initial_graph_coloring_dataset\colpack_outputs_week15_extra_orderings\dwt_361_incidence_degree.txt
dwt_361,INCIDENCE_DEGREE,5,169,243,0.325,data\processed\initial_graph_coloring_dataset\colpack_outputs_week15_extra_orderings\dwt_361_incidence_degree.txt
dwt_361,INCIDENCE_DEGREE,5,156,244,0.32222222222222224,data\processed\initial_graph_coloring_dataset\colpack_outputs_week15_extra_orderings\dwt_361_incidence_degree.txt
dwt_361,INCIDENCE_DEGREE,5,143,245,0.3194444444444444,data\processed\initial_graph_coloring_dataset\colpack_outputs_week15_extra_orderings\dwt_361_incidence_degree.txt
dwt_361,INCIDENCE_DEGREE,5,130,246,0.31666666666666665,data\processed\initial_graph_coloring_dataset\colpack_outputs_week15_extra_orderings\dwt_361_incidence_degree.txt
dwt_361,INCIDENCE_DEGREE,5,117,247,0.3138888888888889,data\processed\initial_graph_coloring_dataset\colpack_outputs_week15_extra_orderings\dwt_361_incidence_degree.txt
dwt_361,INCIDENCE_DEGREE,5,104,248,0.3111111111111111,data\processed\initial_graph_coloring_dataset\colpack_outputs_week15_extra_orderings\dwt_361_incidence_degree.txt
dwt_361,INCIDENCE_DEGREE,5,91,249,0.30833333333333335,data\processed\initial_graph_coloring_dataset\colpack_outputs_week15_extra_orderings\dwt_361_incidence_degree.txt
dwt_361,INCIDENCE_DEGREE,5,78,250,0.3055555555555556,data\processed\initial_graph_coloring_dataset\colpack_outputs_week15_extra_orderings\dwt_361_incidence_degree.txt
dwt_361,INCIDENCE_DEGREE,5,65,251,0.30277777777777776,data\processed\initial_graph_coloring_dataset\colpack_outputs_week15_extra_orderings\dwt_361_incidence_degree.txt
dwt_361,INCIDENCE_DEGREE,5,52,252,0.3,data\processed\initial_graph_coloring_dataset\colpack_outputs_week15_extra_orderings\dwt_361_incidence_degree.txt
dwt_361,INCIDENCE_DEGREE,5,39,253,0.2972222222222222,data\processed\initial_graph_coloring_dataset\colpack_outputs_week15_extra_orderings\dwt_361_incidence_degree.txt
dwt_361,INCIDENCE_DEGREE,5,26,254,0.29444444444444445,data\processed\initial_graph_coloring_dataset\colpack_outputs_week15_extra_orderings\dwt_361_incidence_degree.txt
dwt_361,INCIDENCE_DEGREE,5,13,255,0.2916666666666667,data\processed\initial_graph_coloring_dataset\colpack_outputs_week15_extra_orderings\dwt_361_incidence_degree.txt
dwt_361,INCIDENCE_DEGREE,5,1,256,0.28888888888888886,data\processed\initial_graph_coloring_dataset\colpack_outputs_week15_extra_orderings\dwt_361_incidence_degree.txt
dwt_361,INCIDENCE_DEGREE,5,2,257,0.2861111111111111,data\processed\initial_graph_coloring_dataset\colpack_outputs_week15_extra_orderings\dwt_361_incidence_degree.txt
dwt_361,INCIDENCE_DEGREE,5,16,258,0.2833333333333333,data\processed\initial_graph_coloring_dataset\colpack_outputs_week15_extra_orderings\dwt_361_incidence_degree.txt
dwt_361,INCIDENCE_DEGREE,5,30,259,0.28055555555555556,data\processed\initial_graph_coloring_dataset\colpack_outputs_week15_extra_orderings\dwt_361_incidence_degree.txt
dwt_361,INCIDENCE_DEGREE,5,44,260,0.2777777777777778,data\processed\initial_graph_coloring_dataset\colpack_outputs_week15_extra_orderings\dwt_361_incidence_degree.txt
dwt_361,INCIDENCE_DEGREE,5,58,261,0.275,data\processed\initial_graph_coloring_dataset\colpack_outputs_week15_extra_orderings\dwt_361_incidence_degree.txt
dwt_361,INCIDENCE_DEGREE,5,72,262,0.2722222222222222,data\processed\initial_graph_coloring_dataset\colpack_outputs_week15_extra_orderings\dwt_361_incidence_degree.txt
dwt_361,INCIDENCE_DEGREE,5,86,263,0.26944444444444443,data\processed\initial_graph_coloring_dataset\colpack_outputs_week15_extra_orderings\dwt_361_incidence_degree.txt
dwt_361,INCIDENCE_DEGREE,5,100,264,0.26666666666666666,data\processed\initial_graph_coloring_dataset\colpack_outputs_week15_extra_orderings\dwt_361_incidence_degree.txt
dwt_361,INCIDENCE_DEGREE,5,114,265,0.2638888888888889,data\processed\initial_graph_coloring_dataset\colpack_outputs_week15_extra_orderings\dwt_361_incidence_degree.txt
dwt_361,INCIDENCE_DEGREE,5,128,266,0.2611111111111111,data\processed\initial_graph_coloring_dataset\colpack_outputs_week15_extra_orderings\dwt_361_incidence_degree.txt
dwt_361,INCIDENCE_DEGREE,5,142,267,0.25833333333333336,data\processed\initial_graph_coloring_dataset\colpack_outputs_week15_extra_orderings\dwt_361_incidence_degree.txt
dwt_361,INCIDENCE_DEGREE,5,129,268,0.25555555555555554,data\processed\initial_graph_coloring_dataset\colpack_outputs_week15_extra_orderings\dwt_361_incidence_degree.txt
dwt_361,INCIDENCE_DEGREE,5,115,269,0.25277777777777777,data\processed\initial_graph_coloring_dataset\colpack_outputs_week15_extra_orderings\dwt_361_incidence_degree.txt
dwt_361,INCIDENCE_DEGREE,5,101,270,0.25,data\processed\initial_graph_coloring_dataset\colpack_outputs_week15_extra_orderings\dwt_361_incidence_degree.txt
dwt_361,INCIDENCE_DEGREE,5,87,271,0.24722222222222223,data\processed\initial_graph_coloring_dataset\colpack_outputs_week15_extra_orderings\dwt_361_incidence_degree.txt
dwt_361,INCIDENCE_DEGREE,5,73,272,0.24444444444444444,data\processed\initial_graph_coloring_dataset\colpack_outputs_week15_extra_orderings\dwt_361_incidence_degree.txt
dwt_361,INCIDENCE_DEGREE,5,59,273,0.24166666666666667,data\processed\initial_graph_coloring_dataset\colpack_outputs_week15_extra_orderings\dwt_361_incidence_degree.txt
dwt_361,INCIDENCE_DEGREE,5,45,274,0.2388888888888889,data\processed\initial_graph_coloring_dataset\colpack_outputs_week15_extra_orderings\dwt_361_incidence_degree.txt
dwt_361,INCIDENCE_DEGREE,5,31,275,0.2361111111111111,data\processed\initial_graph_coloring_dataset\colpack_outputs_week15_extra_orderings\dwt_361_incidence_degree.txt
dwt_361,INCIDENCE_DEGREE,5,17,276,0.23333333333333334,data\processed\initial_graph_coloring_dataset\colpack_outputs_week15_extra_orderings\dwt_361_incidence_degree.txt
dwt_361,INCIDENCE_DEGREE,5,3,277,0.23055555555555557,data\processed\initial_graph_coloring_dataset\colpack_outputs_week15_extra_orderings\dwt_361_incidence_degree.txt
dwt_361,INCIDENCE_DEGREE,5,4,278,0.22777777777777777,data\processed\initial_graph_coloring_dataset\colpack_outputs_week15_extra_orderings\dwt_361_incidence_degree.txt
dwt_361,INCIDENCE_DEGREE,5,18,279,0.225,data\processed\initial_graph_coloring_dataset\colpack_outputs_week15_extra_orderings\dwt_361_incidence_degree.txt
dwt_361,INCIDENCE_DEGREE,5,32,280,0.2222222222222222,data\processed\initial_graph_coloring_dataset\colpack_outputs_week15_extra_orderings\dwt_361_incidence_degree.txt
dwt_361,INCIDENCE_DEGREE,5,46,281,0.21944444444444444,data\processed\initial_graph_coloring_dataset\colpack_outputs_week15_extra_orderings\dwt_361_incidence_degree.txt
dwt_361,INCIDENCE_DEGREE,5,60,282,0.21666666666666667,data\processed\initial_graph_coloring_dataset\colpack_outputs_week15_extra_orderings\dwt_361_incidence_degree.txt
dwt_361,INCIDENCE_DEGREE,5,74,283,0.21388888888888888,data\processed\initial_graph_coloring_dataset\colpack_outputs_week15_extra_orderings\dwt_361_incidence_degree.txt
dwt_361,INCIDENCE_DEGREE,5,88,284,0.2111111111111111,data\processed\initial_graph_coloring_dataset\colpack_outputs_week15_extra_orderings\dwt_361_incidence_degree.txt
dwt_361,INCIDENCE_DEGREE,5,102,285,0.20833333333333334,data\processed\initial_graph_coloring_dataset\colpack_outputs_week15_extra_orderings\dwt_361_incidence_degree.txt
dwt_361,INCIDENCE_DEGREE,5,116,286,0.20555555555555555,data\processed\initial_graph_coloring_dataset\colpack_outputs_week15_extra_orderings\dwt_361_incidence_degree.txt
dwt_361,INCIDENCE_DEGREE,5,103,287,0.20277777777777778,data\processed\initial_graph_coloring_dataset\colpack_outputs_week15_extra_orderings\dwt_361_incidence_degree.txt
dwt_361,INCIDENCE_DEGREE,5,89,288,0.2,data\processed\initial_graph_coloring_dataset\colpack_outputs_week15_extra_orderings\dwt_361_incidence_degree.txt
dwt_361,INCIDENCE_DEGREE,5,75,289,0.19722222222222222,data\processed\initial_graph_coloring_dataset\colpack_outputs_week15_extra_orderings\dwt_361_incidence_degree.txt
dwt_361,INCIDENCE_DEGREE,5,61,290,0.19444444444444445,data\processed\initial_graph_coloring_dataset\colpack_outputs_week15_extra_orderings\dwt_361_incidence_degree.txt
dwt_361,INCIDENCE_DEGREE,5,47,291,0.19166666666666668,data\processed\initial_graph_coloring_dataset\colpack_outputs_week15_extra_orderings\dwt_361_incidence_degree.txt
dwt_361,INCIDENCE_DEGREE,5,33,292,0.18888888888888888,data\processed\initial_graph_coloring_dataset\colpack_outputs_week15_extra_orderings\dwt_361_incidence_degree.txt
dwt_361,INCIDENCE_DEGREE,5,19,293,0.18611111111111112,data\processed\initial_graph_coloring_dataset\colpack_outputs_week15_extra_orderings\dwt_361_incidence_degree.txt
dwt_361,INCIDENCE_DEGREE,5,5,294,0.18333333333333332,data\processed\initial_graph_coloring_dataset\colpack_outputs_week15_extra_orderings\dwt_361_incidence_degree.txt
dwt_361,INCIDENCE_DEGREE,5,6,295,0.18055555555555555,data\processed\initial_graph_coloring_dataset\colpack_outputs_week15_extra_orderings\dwt_361_incidence_degree.txt
dwt_361,INCIDENCE_DEGREE,5,20,296,0.17777777777777778,data\processed\initial_graph_coloring_dataset\colpack_outputs_week15_extra_orderings\dwt_361_incidence_degree.txt
dwt_361,INCIDENCE_DEGREE,5,34,297,0.175,data\processed\initial_graph_coloring_dataset\colpack_outputs_week15_extra_orderings\dwt_361_incidence_degree.txt
dwt_361,INCIDENCE_DEGREE,5,48,298,0.17222222222222222,data\processed\initial_graph_coloring_dataset\colpack_outputs_week15_extra_orderings\dwt_361_incidence_degree.txt
dwt_361,INCIDENCE_DEGREE,5,62,299,0.16944444444444445,data\processed\initial_graph_coloring_dataset\colpack_outputs_week15_extra_orderings\dwt_361_incidence_degree.txt
dwt_361,INCIDENCE_DEGREE,5,76,300,0.16666666666666666,data\processed\initial_graph_coloring_dataset\colpack_outputs_week15_extra_orderings\dwt_361_incidence_degree.txt
dwt_361,INCIDENCE_DEGREE,5,90,301,0.1638888888888889,data\processed\initial_graph_coloring_dataset\colpack_outputs_week15_extra_orderings\dwt_361_incidence_degree.txt
dwt_361,INCIDENCE_DEGREE,5,77,302,0.16111111111111112,data\processed\initial_graph_coloring_dataset\colpack_outputs_week15_extra_orderings\dwt_361_incidence_degree.txt
dwt_361,INCIDENCE_DEGREE,5,63,303,0.15833333333333333,data\processed\initial_graph_coloring_dataset\colpack_outputs_week15_extra_orderings\dwt_361_incidence_degree.txt
dwt_361,INCIDENCE_DEGREE,5,49,304,0.15555555555555556,data\processed\initial_graph_coloring_dataset\colpack_outputs_week15_extra_orderings\dwt_361_incidence_degree.txt
dwt_361,INCIDENCE_DEGREE,5,35,305,0.1527777777777778,data\processed\initial_graph_coloring_dataset\colpack_outputs_week15_extra_orderings\dwt_361_incidence_degree.txt
dwt_361,INCIDENCE_DEGREE,5,21,306,0.15,data\processed\initial_graph_coloring_dataset\colpack_outputs_week15_extra_orderings\dwt_361_incidence_degree.txt
dwt_361,INCIDENCE_DEGREE,5,7,307,0.14722222222222223,data\processed\initial_graph_coloring_dataset\colpack_outputs_week15_extra_orderings\dwt_361_incidence_degree.txt
dwt_361,INCIDENCE_DEGREE,5,8,308,0.14444444444444443,data\processed\initial_graph_coloring_dataset\colpack_outputs_week15_extra_orderings\dwt_361_incidence_degree.txt
dwt_361,INCIDENCE_DEGREE,5,22,309,0.14166666666666666,data\processed\initial_graph_coloring_dataset\colpack_outputs_week15_extra_orderings\dwt_361_incidence_degree.txt
dwt_361,INCIDENCE_DEGREE,5,36,310,0.1388888888888889,data\processed\initial_graph_coloring_dataset\colpack_outputs_week15_extra_orderings\dwt_361_incidence_degree.txt
dwt_361,INCIDENCE_DEGREE,5,50,311,0.1361111111111111,data\processed\initial_graph_coloring_dataset\colpack_outputs_week15_extra_orderings\dwt_361_incidence_degree.txt
dwt_361,INCIDENCE_DEGREE,5,64,312,0.13333333333333333,data\processed\initial_graph_coloring_dataset\colpack_outputs_week15_extra_orderings\dwt_361_incidence_degree.txt
dwt_361,INCIDENCE_DEGREE,5,51,313,0.13055555555555556,data\processed\initial_graph_coloring_dataset\colpack_outputs_week15_extra_orderings\dwt_361_incidence_degree.txt
dwt_361,INCIDENCE_DEGREE,5,37,314,0.12777777777777777,data\processed\initial_graph_coloring_dataset\colpack_outputs_week15_extra_orderings\dwt_361_incidence_degree.txt
dwt_361,INCIDENCE_DEGREE,5,23,315,0.125,data\processed\initial_graph_coloring_dataset\colpack_outputs_week15_extra_orderings\dwt_361_incidence_degree.txt
dwt_361,INCIDENCE_DEGREE,5,9,316,0.12222222222222222,data\processed\initial_graph_coloring_dataset\colpack_outputs_week15_extra_orderings\dwt_361_incidence_degree.txt
dwt_361,INCIDENCE_DEGREE,5,10,317,0.11944444444444445,data\processed\initial_graph_coloring_dataset\colpack_outputs_week15_extra_orderings\dwt_361_incidence_degree.txt
dwt_361,INCIDENCE_DEGREE,5,24,318,0.11666666666666667,data\processed\initial_graph_coloring_dataset\colpack_outputs_week15_extra_orderings\dwt_361_incidence_degree.txt
dwt_361,INCIDENCE_DEGREE,5,38,319,0.11388888888888889,data\processed\initial_graph_coloring_dataset\colpack_outputs_week15_extra_orderings\dwt_361_incidence_degree.txt
dwt_361,INCIDENCE_DEGREE,5,25,320,0.1111111111111111,data\processed\initial_graph_coloring_dataset\colpack_outputs_week15_extra_orderings\dwt_361_incidence_degree.txt
dwt_361,INCIDENCE_DEGREE,5,11,321,0.10833333333333334,data\processed\initial_graph_coloring_dataset\colpack_outputs_week15_extra_orderings\dwt_361_incidence_degree.txt
dwt_361,INCIDENCE_DEGREE,5,12,322,0.10555555555555556,data\processed\initial_graph_coloring_dataset\colpack_outputs_week15_extra_orderings\dwt_361_incidence_degree.txt
dwt_361,INCIDENCE_DEGREE,5,348,323,0.10277777777777777,data\processed\initial_graph_coloring_dataset\colpack_outputs_week15_extra_orderings\dwt_361_incidence_degree.txt
dwt_361,INCIDENCE_DEGREE,5,342,324,0.1,data\processed\initial_graph_coloring_dataset\colpack_outputs_week15_extra_orderings\dwt_361_incidence_degree.txt
dwt_361,INCIDENCE_DEGREE,5,343,325,0.09722222222222222,data\processed\initial_graph_coloring_dataset\colpack_outputs_week15_extra_orderings\dwt_361_incidence_degree.txt
dwt_361,INCIDENCE_DEGREE,5,344,326,0.09444444444444444,data\processed\initial_graph_coloring_dataset\colpack_outputs_week15_extra_orderings\dwt_361_incidence_degree.txt
dwt_361,INCIDENCE_DEGREE,5,345,327,0.09166666666666666,data\processed\initial_graph_coloring_dataset\colpack_outputs_week15_extra_orderings\dwt_361_incidence_degree.txt
dwt_361,INCIDENCE_DEGREE,5,346,328,0.08888888888888889,data\processed\initial_graph_coloring_dataset\colpack_outputs_week15_extra_orderings\dwt_361_incidence_degree.txt
dwt_361,INCIDENCE_DEGREE,5,347,329,0.08611111111111111,data\processed\initial_graph_coloring_dataset\colpack_outputs_week15_extra_orderings\dwt_361_incidence_degree.txt
dwt_361,INCIDENCE_DEGREE,5,341,330,0.08333333333333333,data\processed\initial_graph_coloring_dataset\colpack_outputs_week15_extra_orderings\dwt_361_incidence_degree.txt
dwt_361,INCIDENCE_DEGREE,5,340,331,0.08055555555555556,data\processed\initial_graph_coloring_dataset\colpack_outputs_week15_extra_orderings\dwt_361_incidence_degree.txt
dwt_361,INCIDENCE_DEGREE,5,339,332,0.07777777777777778,data\processed\initial_graph_coloring_dataset\colpack_outputs_week15_extra_orderings\dwt_361_incidence_degree.txt
dwt_361,INCIDENCE_DEGREE,5,338,333,0.075,data\processed\initial_graph_coloring_dataset\colpack_outputs_week15_extra_orderings\dwt_361_incidence_degree.txt
dwt_361,INCIDENCE_DEGREE,5,337,334,0.07222222222222222,data\processed\initial_graph_coloring_dataset\colpack_outputs_week15_extra_orderings\dwt_361_incidence_degree.txt
dwt_361,INCIDENCE_DEGREE,5,332,335,0.06944444444444445,data\processed\initial_graph_coloring_dataset\colpack_outputs_week15_extra_orderings\dwt_361_incidence_degree.txt
dwt_361,INCIDENCE_DEGREE,5,333,336,0.06666666666666667,data\processed\initial_graph_coloring_dataset\colpack_outputs_week15_extra_orderings\dwt_361_incidence_degree.txt
dwt_361,INCIDENCE_DEGREE,5,334,337,0.06388888888888888,data\processed\initial_graph_coloring_dataset\colpack_outputs_week15_extra_orderings\dwt_361_incidence_degree.txt
dwt_361,INCIDENCE_DEGREE,5,335,338,0.06111111111111111,data\processed\initial_graph_coloring_dataset\colpack_outputs_week15_extra_orderings\dwt_361_incidence_degree.txt
dwt_361,INCIDENCE_DEGREE,5,336,339,0.058333333333333334,data\processed\initial_graph_coloring_dataset\colpack_outputs_week15_extra_orderings\dwt_361_incidence_degree.txt
dwt_361,INCIDENCE_DEGREE,5,331,340,0.05555555555555555,data\processed\initial_graph_coloring_dataset\colpack_outputs_week15_extra_orderings\dwt_361_incidence_degree.txt
dwt_361,INCIDENCE_DEGREE,5,330,341,0.05277777777777778,data\processed\initial_graph_coloring_dataset\colpack_outputs_week15_extra_orderings\dwt_361_incidence_degree.txt
dwt_361,INCIDENCE_DEGREE,5,329,342,0.05,data\processed\initial_graph_coloring_dataset\colpack_outputs_week15_extra_orderings\dwt_361_incidence_degree.txt
dwt_361,INCIDENCE_DEGREE,5,328,343,0.04722222222222222,data\processed\initial_graph_coloring_dataset\colpack_outputs_week15_extra_orderings\dwt_361_incidence_degree.txt
dwt_361,INCIDENCE_DEGREE,5,324,344,0.044444444444444446,data\processed\initial_graph_coloring_dataset\colpack_outputs_week15_extra_orderings\dwt_361_incidence_degree.txt
dwt_361,INCIDENCE_DEGREE,5,325,345,0.041666666666666664,data\processed\initial_graph_coloring_dataset\colpack_outputs_week15_extra_orderings\dwt_361_incidence_degree.txt
dwt_361,INCIDENCE_DEGREE,5,326,346,0.03888888888888889,data\processed\initial_graph_coloring_dataset\colpack_outputs_week15_extra_orderings\dwt_361_incidence_degree.txt
dwt_361,INCIDENCE_DEGREE,5,327,347,0.03611111111111111,data\processed\initial_graph_coloring_dataset\colpack_outputs_week15_extra_orderings\dwt_361_incidence_degree.txt
dwt_361,INCIDENCE_DEGREE,5,323,348,0.03333333333333333,data\processed\initial_graph_coloring_dataset\colpack_outputs_week15_extra_orderings\dwt_361_incidence_degree.txt
dwt_361,INCIDENCE_DEGREE,5,322,349,0.030555555555555555,data\processed\initial_graph_coloring_dataset\colpack_outputs_week15_extra_orderings\dwt_361_incidence_degree.txt
dwt_361,INCIDENCE_DEGREE,5,321,350,0.027777777777777776,data\processed\initial_graph_coloring_dataset\colpack_outputs_week15_extra_orderings\dwt_361_incidence_degree.txt
dwt_361,INCIDENCE_DEGREE,5,318,351,0.025,data\processed\initial_graph_coloring_dataset\colpack_outputs_week15_extra_orderings\dwt_361_incidence_degree.txt
dwt_361,INCIDENCE_DEGREE,5,319,352,0.022222222222222223,data\processed\initial_graph_coloring_dataset\colpack_outputs_week15_extra_orderings\dwt_361_incidence_degree.txt
dwt_361,INCIDENCE_DEGREE,5,320,353,0.019444444444444445,data\processed\initial_graph_coloring_dataset\colpack_outputs_week15_extra_orderings\dwt_361_incidence_degree.txt
dwt_361,INCIDENCE_DEGREE,5,317,354,0.016666666666666666,data\processed\initial_graph_coloring_dataset\colpack_outputs_week15_extra_orderings\dwt_361_incidence_degree.txt
dwt_361,INCIDENCE_DEGREE,5,316,355,0.013888888888888888,data\processed\initial_graph_coloring_dataset\colpack_outputs_week15_extra_orderings\dwt_361_incidence_degree.txt
dwt_361,INCIDENCE_DEGREE,5,314,356,0.011111111111111112,data\processed\initial_graph_coloring_dataset\colpack_outputs_week15_extra_orderings\dwt_361_incidence_degree.txt
dwt_361,INCIDENCE_DEGREE,5,315,357,0.008333333333333333,data\processed\initial_graph_coloring_dataset\colpack_outputs_week15_extra_orderings\dwt_361_incidence_degree.txt
dwt_361,INCIDENCE_DEGREE,5,313,358,0.005555555555555556,data\processed\initial_graph_coloring_dataset\colpack_outputs_week15_extra_orderings\dwt_361_incidence_degree.txt
dwt_361,INCIDENCE_DEGREE,5,312,359,0.002777777777777778,data\processed\initial_graph_coloring_dataset\colpack_outputs_week15_extra_orderings\dwt_361_incidence_degree.txt
dwt_361,INCIDENCE_DEGREE,5,0,360,0.0,data\processed\initial_graph_coloring_dataset\colpack_outputs_week15_extra_orderings\dwt_361_incidence_degree.txt
dwt_419,INCIDENCE_DEGREE,6,184,0,1.0,data\processed\initial_graph_coloring_dataset\colpack_outputs_week15_extra_orderings\dwt_419_incidence_degree.txt
dwt_419,INCIDENCE_DEGREE,6,183,1,0.9976076555023924,data\processed\initial_graph_coloring_dataset\colpack_outputs_week15_extra_orderings\dwt_419_incidence_degree.txt
dwt_419,INCIDENCE_DEGREE,6,162,2,0.9952153110047847,data\processed\initial_graph_coloring_dataset\colpack_outputs_week15_extra_orderings\dwt_419_incidence_degree.txt
dwt_419,INCIDENCE_DEGREE,6,394,3,0.992822966507177,data\processed\initial_graph_coloring_dataset\colpack_outputs_week15_extra_orderings\dwt_419_incidence_degree.txt
dwt_419,INCIDENCE_DEGREE,6,373,4,0.9904306220095693,data\processed\initial_graph_coloring_dataset\colpack_outputs_week15_extra_orderings\dwt_419_incidence_degree.txt
dwt_419,INCIDENCE_DEGREE,6,163,5,0.9880382775119617,data\processed\initial_graph_coloring_dataset\colpack_outputs_week15_extra_orderings\dwt_419_incidence_degree.txt
dwt_419,INCIDENCE_DEGREE,6,374,6,0.9856459330143541,data\processed\initial_graph_coloring_dataset\colpack_outputs_week15_extra_orderings\dwt_419_incidence_degree.txt
dwt_419,INCIDENCE_DEGREE,6,356,7,0.9832535885167464,data\processed\initial_graph_coloring_dataset\colpack_outputs_week15_extra_orderings\dwt_419_incidence_degree.txt
dwt_419,INCIDENCE_DEGREE,6,408,8,0.9808612440191388,data\processed\initial_graph_coloring_dataset\colpack_outputs_week15_extra_orderings\dwt_419_incidence_degree.txt
dwt_419,INCIDENCE_DEGREE,6,200,9,0.9784688995215312,data\processed\initial_graph_coloring_dataset\colpack_outputs_week15_extra_orderings\dwt_419_incidence_degree.txt
dwt_419,INCIDENCE_DEGREE,6,145,10,0.9760765550239234,data\processed\initial_graph_coloring_dataset\colpack_outputs_week15_extra_orderings\dwt_419_incidence_degree.txt
dwt_419,INCIDENCE_DEGREE,6,199,11,0.9736842105263158,data\processed\initial_graph_coloring_dataset\colpack_outputs_week15_extra_orderings\dwt_419_incidence_degree.txt
dwt_419,INCIDENCE_DEGREE,6,407,12,0.9712918660287081,data\processed\initial_graph_coloring_dataset\colpack_outputs_week15_extra_orderings\dwt_419_incidence_degree.txt
dwt_419,INCIDENCE_DEGREE,6,377,13,0.9688995215311005,data\processed\initial_graph_coloring_dataset\colpack_outputs_week15_extra_orderings\dwt_419_incidence_degree.txt
dwt_419,INCIDENCE_DEGREE,6,386,14,0.9665071770334929,data\processed\initial_graph_coloring_dataset\colpack_outputs_week15_extra_orderings\dwt_419_incidence_degree.txt
dwt_419,INCIDENCE_DEGREE,6,378,15,0.9641148325358851,data\processed\initial_graph_coloring_dataset\colpack_outputs_week15_extra_orderings\dwt_419_incidence_degree.txt
dwt_419,INCIDENCE_DEGREE,6,357,16,0.9617224880382775,data\processed\initial_graph_coloring_dataset\colpack_outputs_week15_extra_orderings\dwt_419_incidence_degree.txt
dwt_419,INCIDENCE_DEGREE,6,372,17,0.9593301435406698,data\processed\initial_graph_coloring_dataset\colpack_outputs_week15_extra_orderings\dwt_419_incidence_degree.txt
dwt_419,INCIDENCE_DEGREE,6,161,18,0.9569377990430622,data\processed\initial_graph_coloring_dataset\colpack_outputs_week15_extra_orderings\dwt_419_incidence_degree.txt
dwt_419,INCIDENCE_DEGREE,6,146,19,0.9545454545454546,data\processed\initial_graph_coloring_dataset\colpack_outputs_week15_extra_orderings\dwt_419_incidence_degree.txt
dwt_419,INCIDENCE_DEGREE,6,160,20,0.9521531100478469,data\processed\initial_graph_coloring_dataset\colpack_outputs_week15_extra_orderings\dwt_419_incidence_degree.txt
dwt_419,INCIDENCE_DEGREE,6,371,21,0.9497607655502392,data\processed\initial_graph_coloring_dataset\colpack_outputs_week15_extra_orderings\dwt_419_incidence_degree.txt
dwt_419,INCIDENCE_DEGREE,6,358,22,0.9473684210526315,data\processed\initial_graph_coloring_dataset\colpack_outputs_week15_extra_orderings\dwt_419_incidence_degree.txt
dwt_419,INCIDENCE_DEGREE,6,370,23,0.9449760765550239,data\processed\initial_graph_coloring_dataset\colpack_outputs_week15_extra_orderings\dwt_419_incidence_degree.txt
dwt_419,INCIDENCE_DEGREE,6,159,24,0.9425837320574163,data\processed\initial_graph_coloring_dataset\colpack_outputs_week15_extra_orderings\dwt_419_incidence_degree.txt
dwt_419,INCIDENCE_DEGREE,6,147,25,0.9401913875598086,data\processed\initial_graph_coloring_dataset\colpack_outputs_week15_extra_orderings\dwt_419_incidence_degree.txt
dwt_419,INCIDENCE_DEGREE,6,207,26,0.937799043062201,data\processed\initial_graph_coloring_dataset\colpack_outputs_week15_extra_orderings\dwt_419_incidence_degree.txt
dwt_419,INCIDENCE_DEGREE,6,415,27,0.9354066985645934,data\processed\initial_graph_coloring_dataset\colpack_outputs_week15_extra_orderings\dwt_419_incidence_degree.txt
dwt_419,INCIDENCE_DEGREE,6,416,28,0.9330143540669856,data\processed\initial_graph_coloring_dataset\colpack_outputs_week15_extra_orderings\dwt_419_incidence_degree.txt
dwt_419,INCIDENCE_DEGREE,6,208,29,0.930622009569378,data\processed\initial_graph_coloring_dataset\colpack_outputs_week15_extra_orderings\dwt_419_incidence_degree.txt
dwt_419,INCIDENCE_DEGREE,6,148,30,0.9282296650717703,data\processed\initial_graph_coloring_dataset\colpack_outputs_week15_extra_orderings\dwt_419_incidence_degree.txt
dwt_419,INCIDENCE_DEGREE,6,359,31,0.9258373205741627,data\processed\initial_graph_coloring_dataset\colpack_outputs_week15_extra_orderings\dwt_419_incidence_degree.txt
dwt_419,INCIDENCE_DEGREE,6,417,32,0.9234449760765551,data\processed\initial_graph_coloring_dataset\colpack_outputs_week15_extra_orderings\dwt_419_incidence_degree.txt
dwt_419,INCIDENCE_DEGREE,6,348,33,0.9210526315789473,data\processed\initial_graph_coloring_dataset\colpack_outputs_week15_extra_orderings\dwt_419_incidence_degree.txt
dwt_419,INCIDENCE_DEGREE,6,347,34,0.9186602870813397,data\processed\initial_graph_coloring_dataset\colpack_outputs_week15_extra_orderings\dwt_419_incidence_degree.txt
dwt_419,INCIDENCE_DEGREE,6,209,35,0.916267942583732,data\processed\initial_graph_coloring_dataset\colpack_outputs_week15_extra_orderings\dwt_419_incidence_degree.txt
dwt_419,INCIDENCE_DEGREE,6,137,36,0.9138755980861244,data\processed\initial_graph_coloring_dataset\colpack_outputs_week15_extra_orderings\dwt_419_incidence_degree.txt
dwt_419,INCIDENCE_DEGREE,6,136,37,0.9114832535885168,data\processed\initial_graph_coloring_dataset\colpack_outputs_week15_extra_orderings\dwt_419_incidence_degree.txt
dwt_419,INCIDENCE_DEGREE,6,158,38,0.9090909090909091,data\processed\initial_graph_coloring_dataset\colpack_outputs_week15_extra_orderings\dwt_419_incidence_degree.txt
dwt_419,INCIDENCE_DEGREE,6,369,39,0.9066985645933014,data\processed\initial_graph_coloring_dataset\colpack_outputs_week15_extra_orderings\dwt_419_incidence_degree.txt
dwt_419,INCIDENCE_DEGREE,6,157,40,0.9043062200956937,data\processed\initial_graph_coloring_dataset\colpack_outputs_week15_extra_orderings\dwt_419_incidence_degree.txt
dwt_419,INCIDENCE_DEGREE,6,368,41,0.9019138755980861,data\processed\initial_graph_coloring_dataset\colpack_outputs_week15_extra_orderings\dwt_419_incidence_degree.txt
dwt_419,INCIDENCE_DEGREE,6,346,42,0.8995215311004785,data\processed\initial_graph_coloring_dataset\colpack_outputs_week15_extra_orderings\dwt_419_incidence_degree.txt
dwt_419,INCIDENCE_DEGREE,6,367,43,0.8971291866028708,data\processed\initial_graph_coloring_dataset\colpack_outputs_week15_extra_orderings\dwt_419_incidence_degree.txt
dwt_419,INCIDENCE_DEGREE,6,156,44,0.8947368421052632,data\processed\initial_graph_coloring_dataset\colpack_outputs_week15_extra_orderings\dwt_419_incidence_degree.txt
dwt_419,INCIDENCE_DEGREE,6,135,45,0.8923444976076556,data\processed\initial_graph_coloring_dataset\colpack_outputs_week15_extra_orderings\dwt_419_incidence_degree.txt
dwt_419,INCIDENCE_DEGREE,6,205,46,0.8899521531100478,data\processed\initial_graph_coloring_dataset\colpack_outputs_week15_extra_orderings\dwt_419_incidence_degree.txt
dwt_419,INCIDENCE_DEGREE,6,413,47,0.8875598086124402,data\processed\initial_graph_coloring_dataset\colpack_outputs_week15_extra_orderings\dwt_419_incidence_degree.txt
dwt_419,INCIDENCE_DEGREE,6,414,48,0.8851674641148325,data\processed\initial_graph_coloring_dataset\colpack_outputs_week15_extra_orderings\dwt_419_incidence_degree.txt
dwt_419,INCIDENCE_DEGREE,6,206,49,0.8827751196172249,data\processed\initial_graph_coloring_dataset\colpack_outputs_week15_extra_orderings\dwt_419_incidence_degree.txt
dwt_419,INCIDENCE_DEGREE,6,134,50,0.8803827751196173,data\processed\initial_graph_coloring_dataset\colpack_outputs_week15_extra_orderings\dwt_419_incidence_degree.txt
dwt_419,INCIDENCE_DEGREE,6,155,51,0.8779904306220095,data\processed\initial_graph_coloring_dataset\colpack_outputs_week15_extra_orderings\dwt_419_incidence_degree.txt
dwt_419,INCIDENCE_DEGREE,6,366,52,0.8755980861244019,data\processed\initial_graph_coloring_dataset\colpack_outputs_week15_extra_orderings\dwt_419_incidence_degree.txt
dwt_419,INCIDENCE_DEGREE,6,345,53,0.8732057416267942,data\processed\initial_graph_coloring_dataset\colpack_outputs_week15_extra_orderings\dwt_419_incidence_degree.txt
dwt_419,INCIDENCE_DEGREE,6,154,54,0.8708133971291866,data\processed\initial_graph_coloring_dataset\colpack_outputs_week15_extra_orderings\dwt_419_incidence_degree.txt
dwt_419,INCIDENCE_DEGREE,6,365,55,0.868421052631579,data\processed\initial_graph_coloring_dataset\colpack_outputs_week15_extra_orderings\dwt_419_incidence_degree.txt
dwt_419,INCIDENCE_DEGREE,6,153,56,0.8660287081339713,data\processed\initial_graph_coloring_dataset\colpack_outputs_week15_extra_orderings\dwt_419_incidence_degree.txt
dwt_419,INCIDENCE_DEGREE,6,364,57,0.8636363636363636,data\processed\initial_graph_coloring_dataset\colpack_outputs_week15_extra_orderings\dwt_419_incidence_degree.txt
dwt_419,INCIDENCE_DEGREE,6,355,58,0.861244019138756,data\processed\initial_graph_coloring_dataset\colpack_outputs_week15_extra_orderings\dwt_419_incidence_degree.txt
dwt_419,INCIDENCE_DEGREE,6,344,59,0.8588516746411483,data\processed\initial_graph_coloring_dataset\colpack_outputs_week15_extra_orderings\dwt_419_incidence_degree.txt
dwt_419,INCIDENCE_DEGREE,6,409,60,0.8564593301435407,data\processed\initial_graph_coloring_dataset\colpack_outputs_week15_extra_orderings\dwt_419_incidence_degree.txt
dwt_419,INCIDENCE_DEGREE,6,133,61,0.854066985645933,data\processed\initial_graph_coloring_dataset\colpack_outputs_week15_extra_orderings\dwt_419_incidence_degree.txt
dwt_419,INCIDENCE_DEGREE,6,201,62,0.8516746411483254,data\processed\initial_graph_coloring_dataset\colpack_outputs_week15_extra_orderings\dwt_419_incidence_degree.txt
dwt_419,INCIDENCE_DEGREE,6,144,63,0.8492822966507177,data\processed\initial_graph_coloring_dataset\colpack_outputs_week15_extra_orderings\dwt_419_incidence_degree.txt
dwt_419,INCIDENCE_DEGREE,6,202,64,0.84688995215311,data\processed\initial_graph_coloring_dataset\colpack_outputs_week15_extra_orderings\dwt_419_incidence_degree.txt
dwt_419,INCIDENCE_DEGREE,6,410,65,0.8444976076555024,data\processed\initial_graph_coloring_dataset\colpack_outputs_week15_extra_orderings\dwt_419_incidence_degree.txt
dwt_419,INCIDENCE_DEGREE,6,354,66,0.8421052631578947,data\processed\initial_graph_coloring_dataset\colpack_outputs_week15_extra_orderings\dwt_419_incidence_degree.txt
dwt_419,INCIDENCE_DEGREE,6,343,67,0.8397129186602871,data\processed\initial_graph_coloring_dataset\colpack_outputs_week15_extra_orderings\dwt_419_incidence_degree.txt
dwt_419,INCIDENCE_DEGREE,6,411,68,0.8373205741626795,data\processed\initial_graph_coloring_dataset\colpack_outputs_week15_extra_orderings\dwt_419_incidence_degree.txt
dwt_419,INCIDENCE_DEGREE,6,143,69,0.8349282296650717,data\processed\initial_graph_coloring_dataset\colpack_outputs_week15_extra_orderings\dwt_419_incidence_degree.txt
dwt_419,INCIDENCE_DEGREE,6,203,70,0.8325358851674641,data\processed\initial_graph_coloring_dataset\colpack_outputs_week15_extra_orderings\dwt_419_incidence_degree.txt
dwt_419,INCIDENCE_DEGREE,6,132,71,0.8301435406698564,data\processed\initial_graph_coloring_dataset\colpack_outputs_week15_extra_orderings\dwt_419_incidence_degree.txt
dwt_419,INCIDENCE_DEGREE,6,131,72,0.8277511961722488,data\processed\initial_graph_coloring_dataset\colpack_outputs_week15_extra_orderings\dwt_419_incidence_degree.txt
dwt_419,INCIDENCE_DEGREE,6,342,73,0.8253588516746412,data\processed\initial_graph_coloring_dataset\colpack_outputs_week15_extra_orderings\dwt_419_incidence_degree.txt
dwt_419,INCIDENCE_DEGREE,6,353,74,0.8229665071770335,data\processed\initial_graph_coloring_dataset\colpack_outputs_week15_extra_orderings\dwt_419_incidence_degree.txt
dwt_419,INCIDENCE_DEGREE,6,412,75,0.8205741626794258,data\processed\initial_graph_coloring_dataset\colpack_outputs_week15_extra_orderings\dwt_419_incidence_degree.txt
dwt_419,INCIDENCE_DEGREE,6,204,76,0.8181818181818182,data\processed\initial_graph_coloring_dataset\colpack_outputs_week15_extra_orderings\dwt_419_incidence_degree.txt
dwt_419,INCIDENCE_DEGREE,6,142,77,0.8157894736842105,data\processed\initial_graph_coloring_dataset\colpack_outputs_week15_extra_orderings\dwt_419_incidence_degree.txt
dwt_419,INCIDENCE_DEGREE,6,141,78,0.8133971291866029,data\processed\initial_graph_coloring_dataset\colpack_outputs_week15_extra_orderings\dwt_419_incidence_degree.txt
dwt_419,INCIDENCE_DEGREE,6,352,79,0.8110047846889952,data\processed\initial_graph_coloring_dataset\colpack_outputs_week15_extra_orderings\dwt_419_incidence_degree.txt
dwt_419,INCIDENCE_DEGREE,6,341,80,0.8086124401913876,data\processed\initial_graph_coloring_dataset\colpack_outputs_week15_extra_orderings\dwt_419_incidence_degree.txt
dwt_419,INCIDENCE_DEGREE,6,339,81,0.80622009569378,data\processed\initial_graph_coloring_dataset\colpack_outputs_week15_extra_orderings\dwt_419_incidence_degree.txt
dwt_419,INCIDENCE_DEGREE,6,128,82,0.8038277511961722,data\processed\initial_graph_coloring_dataset\colpack_outputs_week15_extra_orderings\dwt_419_incidence_degree.txt
dwt_419,INCIDENCE_DEGREE,6,130,83,0.8014354066985646,data\processed\initial_graph_coloring_dataset\colpack_outputs_week15_extra_orderings\dwt_419_incidence_degree.txt
dwt_419,INCIDENCE_DEGREE,6,127,84,0.7990430622009569,data\processed\initial_graph_coloring_dataset\colpack_outputs_week15_extra_orderings\dwt_419_incidence_degree.txt
dwt_419,INCIDENCE_DEGREE,6,338,85,0.7966507177033493,data\processed\initial_graph_coloring_dataset\colpack_outputs_week15_extra_orderings\dwt_419_incidence_degree.txt
dwt_419,INCIDENCE_DEGREE,6,332,86,0.7942583732057417,data\processed\initial_graph_coloring_dataset\colpack_outputs_week15_extra_orderings\dwt_419_incidence_degree.txt
dwt_419,INCIDENCE_DEGREE,6,121,87,0.7918660287081339,data\processed\initial_graph_coloring_dataset\colpack_outputs_week15_extra_orderings\dwt_419_incidence_degree.txt
dwt_419,INCIDENCE_DEGREE,6,122,88,0.7894736842105263,data\processed\initial_graph_coloring_dataset\colpack_outputs_week15_extra_orderings\dwt_419_incidence_degree.txt
dwt_419,INCIDENCE_DEGREE,6,110,89,0.7870813397129187,data\processed\initial_graph_coloring_dataset\colpack_outputs_week15_extra_orderings\dwt_419_incidence_degree.txt
dwt_419,INCIDENCE_DEGREE,6,321,90,0.784688995215311,data\processed\initial_graph_coloring_dataset\colpack_outputs_week15_extra_orderings\dwt_419_incidence_degree.txt
dwt_419,INCIDENCE_DEGREE,6,333,91,0.7822966507177034,data\processed\initial_graph_coloring_dataset\colpack_outputs_week15_extra_orderings\dwt_419_incidence_degree.txt
dwt_419,INCIDENCE_DEGREE,6,322,92,0.7799043062200957,data\processed\initial_graph_coloring_dataset\colpack_outputs_week15_extra_orderings\dwt_419_incidence_degree.txt
dwt_419,INCIDENCE_DEGREE,6,111,93,0.777511961722488,data\processed\initial_graph_coloring_dataset\colpack_outputs_week15_extra_orderings\dwt_419_incidence_degree.txt
dwt_419,INCIDENCE_DEGREE,6,104,94,0.7751196172248804,data\processed\initial_graph_coloring_dataset\colpack_outputs_week15_extra_orderings\dwt_419_incidence_degree.txt
dwt_419,INCIDENCE_DEGREE,6,315,95,0.7727272727272727,data\processed\initial_graph_coloring_dataset\colpack_outputs_week15_extra_orderings\dwt_419_incidence_degree.txt
dwt_419,INCIDENCE_DEGREE,6,316,96,0.7703349282296651,data\processed\initial_graph_coloring_dataset\colpack_outputs_week15_extra_orderings\dwt_419_incidence_degree.txt
dwt_419,INCIDENCE_DEGREE,6,223,97,0.7679425837320574,data\processed\initial_graph_coloring_dataset\colpack_outputs_week15_extra_orderings\dwt_419_incidence_degree.txt
dwt_419,INCIDENCE_DEGREE,6,224,98,0.7655502392344498,data\processed\initial_graph_coloring_dataset\colpack_outputs_week15_extra_orderings\dwt_419_incidence_degree.txt
dwt_419,INCIDENCE_DEGREE,6,12,99,0.7631578947368421,data\processed\initial_graph_coloring_dataset\colpack_outputs_week15_extra_orderings\dwt_419_incidence_degree.txt
dwt_419,INCIDENCE_DEGREE,6,105,100,0.7607655502392344,data\processed\initial_graph_coloring_dataset\colpack_outputs_week15_extra_orderings\dwt_419_incidence_degree.txt
dwt_419,INCIDENCE_DEGREE,6,13,101,0.7583732057416268,data\processed\initial_graph_coloring_dataset\colpack_outputs_week15_extra_orderings\dwt_419_incidence_degree.txt
dwt_419,INCIDENCE_DEGREE,6,16,102,0.7559808612440191,data\processed\initial_graph_coloring_dataset\colpack_outputs_week15_extra_orderings\dwt_419_incidence_degree.txt
dwt_419,INCIDENCE_DEGREE,6,227,103,0.7535885167464115,data\processed\initial_graph_coloring_dataset\colpack_outputs_week15_extra_orderings\dwt_419_incidence_degree.txt
dwt_419,INCIDENCE_DEGREE,6,228,104,0.7511961722488039,data\processed\initial_graph_coloring_dataset\colpack_outputs_week15_extra_orderings\dwt_419_incidence_degree.txt
dwt_419,INCIDENCE_DEGREE,6,17,105,0.7488038277511961,data\processed\initial_graph_coloring_dataset\colpack_outputs_week15_extra_orderings\dwt_419_incidence_degree.txt
dwt_419,INCIDENCE_DEGREE,6,229,106,0.7464114832535885,data\processed\initial_graph_coloring_dataset\colpack_outputs_week15_extra_orderings\dwt_419_incidence_degree.txt
dwt_419,INCIDENCE_DEGREE,6,225,107,0.7440191387559809,data\processed\initial_graph_coloring_dataset\colpack_outputs_week15_extra_orderings\dwt_419_incidence_degree.txt
dwt_419,INCIDENCE_DEGREE,6,14,108,0.7416267942583732,data\processed\initial_graph_coloring_dataset\colpack_outputs_week15_extra_orderings\dwt_419_incidence_degree.txt
dwt_419,INCIDENCE_DEGREE,6,18,109,0.7392344497607656,data\processed\initial_graph_coloring_dataset\colpack_outputs_week15_extra_orderings\dwt_419_incidence_degree.txt
dwt_419,INCIDENCE_DEGREE,6,230,110,0.7368421052631579,data\processed\initial_graph_coloring_dataset\colpack_outputs_week15_extra_orderings\dwt_419_incidence_degree.txt
dwt_419,INCIDENCE_DEGREE,6,226,111,0.7344497607655502,data\processed\initial_graph_coloring_dataset\colpack_outputs_week15_extra_orderings\dwt_419_incidence_degree.txt
dwt_419,INCIDENCE_DEGREE,6,15,112,0.7320574162679426,data\processed\initial_graph_coloring_dataset\colpack_outputs_week15_extra_orderings\dwt_419_incidence_degree.txt
dwt_419,INCIDENCE_DEGREE,6,19,113,0.7296650717703349,data\processed\initial_graph_coloring_dataset\colpack_outputs_week15_extra_orderings\dwt_419_incidence_degree.txt
dwt_419,INCIDENCE_DEGREE,6,216,114,0.7272727272727273,data\processed\initial_graph_coloring_dataset\colpack_outputs_week15_extra_orderings\dwt_419_incidence_degree.txt
dwt_419,INCIDENCE_DEGREE,6,215,115,0.7248803827751196,data\processed\initial_graph_coloring_dataset\colpack_outputs_week15_extra_orderings\dwt_419_incidence_degree.txt
dwt_419,INCIDENCE_DEGREE,6,4,116,0.722488038277512,data\processed\initial_graph_coloring_dataset\colpack_outputs_week15_extra_orderings\dwt_419_incidence_degree.txt
dwt_419,INCIDENCE_DEGREE,6,5,117,0.7200956937799043,data\processed\initial_graph_coloring_dataset\colpack_outputs_week15_extra_orderings\dwt_419_incidence_degree.txt
dwt_419,INCIDENCE_DEGREE,6,239,118,0.7177033492822966,data\processed\initial_graph_coloring_dataset\colpack_outputs_week15_extra_orderings\dwt_419_incidence_degree.txt
dwt_419,INCIDENCE_DEGREE,6,28,119,0.715311004784689,data\processed\initial_graph_coloring_dataset\colpack_outputs_week15_extra_orderings\dwt_419_incidence_degree.txt
dwt_419,INCIDENCE_DEGREE,6,29,120,0.7129186602870813,data\processed\initial_graph_coloring_dataset\colpack_outputs_week15_extra_orderings\dwt_419_incidence_degree.txt
dwt_419,INCIDENCE_DEGREE,6,34,121,0.7105263157894737,data\processed\initial_graph_coloring_dataset\colpack_outputs_week15_extra_orderings\dwt_419_incidence_degree.txt
dwt_419,INCIDENCE_DEGREE,6,245,122,0.7081339712918661,data\processed\initial_graph_coloring_dataset\colpack_outputs_week15_extra_orderings\dwt_419_incidence_degree.txt
dwt_419,INCIDENCE_DEGREE,6,240,123,0.7057416267942583,data\processed\initial_graph_coloring_dataset\colpack_outputs_week15_extra_orderings\dwt_419_incidence_degree.txt
dwt_419,INCIDENCE_DEGREE,6,246,124,0.7033492822966507,data\processed\initial_graph_coloring_dataset\colpack_outputs_week15_extra_orderings\dwt_419_incidence_degree.txt
dwt_419,INCIDENCE_DEGREE,6,35,125,0.7009569377990431,data\processed\initial_graph_coloring_dataset\colpack_outputs_week15_extra_orderings\dwt_419_incidence_degree.txt
dwt_419,INCIDENCE_DEGREE,6,45,126,0.6985645933014354,data\processed\initial_graph_coloring_dataset\colpack_outputs_week15_extra_orderings\dwt_419_incidence_degree.txt
dwt_419,INCIDENCE_DEGREE,6,256,127,0.6961722488038278,data\processed\initial_graph_coloring_dataset\colpack_outputs_week15_extra_orderings\dwt_419_incidence_degree.txt
dwt_419,INCIDENCE_DEGREE,6,257,128,0.69377990430622,data\processed\initial_graph_coloring_dataset\colpack_outputs_week15_extra_orderings\dwt_419_incidence_degree.txt
dwt_419,INCIDENCE_DEGREE,6,262,129,0.6913875598086124,data\processed\initial_graph_coloring_dataset\colpack_outputs_week15_extra_orderings\dwt_419_incidence_degree.txt
dwt_419,INCIDENCE_DEGREE,6,263,130,0.6889952153110048,data\processed\initial_graph_coloring_dataset\colpack_outputs_week15_extra_orderings\dwt_419_incidence_degree.txt
dwt_419,INCIDENCE_DEGREE,6,51,131,0.6866028708133971,data\processed\initial_graph_coloring_dataset\colpack_outputs_week15_extra_orderings\dwt_419_incidence_degree.txt
dwt_419,INCIDENCE_DEGREE,6,46,132,0.6842105263157895,data\processed\initial_graph_coloring_dataset\colpack_outputs_week15_extra_orderings\dwt_419_incidence_degree.txt
dwt_419,INCIDENCE_DEGREE,6,52,133,0.6818181818181818,data\processed\initial_graph_coloring_dataset\colpack_outputs_week15_extra_orderings\dwt_419_incidence_degree.txt
dwt_419,INCIDENCE_DEGREE,6,63,134,0.6794258373205742,data\processed\initial_graph_coloring_dataset\colpack_outputs_week15_extra_orderings\dwt_419_incidence_degree.txt
dwt_419,INCIDENCE_DEGREE,6,274,135,0.6770334928229665,data\processed\initial_graph_coloring_dataset\colpack_outputs_week15_extra_orderings\dwt_419_incidence_degree.txt
dwt_419,INCIDENCE_DEGREE,6,397,136,0.6746411483253588,data\processed\initial_graph_coloring_dataset\colpack_outputs_week15_extra_orderings\dwt_419_incidence_degree.txt
dwt_419,INCIDENCE_DEGREE,6,189,137,0.6722488038277512,data\processed\initial_graph_coloring_dataset\colpack_outputs_week15_extra_orderings\dwt_419_incidence_degree.txt
dwt_419,INCIDENCE_DEGREE,6,398,138,0.6698564593301436,data\processed\initial_graph_coloring_dataset\colpack_outputs_week15_extra_orderings\dwt_419_incidence_degree.txt
dwt_419,INCIDENCE_DEGREE,6,276,139,0.6674641148325359,data\processed\initial_graph_coloring_dataset\colpack_outputs_week15_extra_orderings\dwt_419_incidence_degree.txt
dwt_419,INCIDENCE_DEGREE,6,65,140,0.6650717703349283,data\processed\initial_graph_coloring_dataset\colpack_outputs_week15_extra_orderings\dwt_419_incidence_degree.txt
dwt_419,INCIDENCE_DEGREE,6,190,141,0.6626794258373205,data\processed\initial_graph_coloring_dataset\colpack_outputs_week15_extra_orderings\dwt_419_incidence_degree.txt
dwt_419,INCIDENCE_DEGREE,6,66,142,0.6602870813397129,data\processed\initial_graph_coloring_dataset\colpack_outputs_week15_extra_orderings\dwt_419_incidence_degree.txt
dwt_419,INCIDENCE_DEGREE,6,53,143,0.6578947368421053,data\processed\initial_graph_coloring_dataset\colpack_outputs_week15_extra_orderings\dwt_419_incidence_degree.txt
dwt_419,INCIDENCE_DEGREE,6,264,144,0.6555023923444976,data\processed\initial_graph_coloring_dataset\colpack_outputs_week15_extra_orderings\dwt_419_incidence_degree.txt
dwt_419,INCIDENCE_DEGREE,6,277,145,0.65311004784689,data\processed\initial_graph_coloring_dataset\colpack_outputs_week15_extra_orderings\dwt_419_incidence_degree.txt
dwt_419,INCIDENCE_DEGREE,6,399,146,0.6507177033492823,data\processed\initial_graph_coloring_dataset\colpack_outputs_week15_extra_orderings\dwt_419_incidence_degree.txt
dwt_419,INCIDENCE_DEGREE,6,191,147,0.6483253588516746,data\processed\initial_graph_coloring_dataset\colpack_outputs_week15_extra_orderings\dwt_419_incidence_degree.txt
dwt_419,INCIDENCE_DEGREE,6,67,148,0.645933014354067,data\processed\initial_graph_coloring_dataset\colpack_outputs_week15_extra_orderings\dwt_419_incidence_degree.txt
dwt_419,INCIDENCE_DEGREE,6,278,149,0.6435406698564593,data\processed\initial_graph_coloring_dataset\colpack_outputs_week15_extra_orderings\dwt_419_incidence_degree.txt
dwt_419,INCIDENCE_DEGREE,6,265,150,0.6411483253588517,data\processed\initial_graph_coloring_dataset\colpack_outputs_week15_extra_orderings\dwt_419_incidence_degree.txt
dwt_419,INCIDENCE_DEGREE,6,400,151,0.638755980861244,data\processed\initial_graph_coloring_dataset\colpack_outputs_week15_extra_orderings\dwt_419_incidence_degree.txt
dwt_419,INCIDENCE_DEGREE,6,192,152,0.6363636363636364,data\processed\initial_graph_coloring_dataset\colpack_outputs_week15_extra_orderings\dwt_419_incidence_degree.txt
dwt_419,INCIDENCE_DEGREE,6,54,153,0.6339712918660287,data\processed\initial_graph_coloring_dataset\colpack_outputs_week15_extra_orderings\dwt_419_incidence_degree.txt
dwt_419,INCIDENCE_DEGREE,6,55,154,0.631578947368421,data\processed\initial_graph_coloring_dataset\colpack_outputs_week15_extra_orderings\dwt_419_incidence_degree.txt
dwt_419,INCIDENCE_DEGREE,6,77,155,0.6291866028708134,data\processed\initial_graph_coloring_dataset\colpack_outputs_week15_extra_orderings\dwt_419_incidence_degree.txt
dwt_419,INCIDENCE_DEGREE,6,68,156,0.6267942583732058,data\processed\initial_graph_coloring_dataset\colpack_outputs_week15_extra_orderings\dwt_419_incidence_degree.txt
dwt_419,INCIDENCE_DEGREE,6,288,157,0.6244019138755981,data\processed\initial_graph_coloring_dataset\colpack_outputs_week15_extra_orderings\dwt_419_incidence_degree.txt
dwt_419,INCIDENCE_DEGREE,6,279,158,0.6220095693779905,data\processed\initial_graph_coloring_dataset\colpack_outputs_week15_extra_orderings\dwt_419_incidence_degree.txt
dwt_419,INCIDENCE_DEGREE,6,266,159,0.6196172248803827,data\processed\initial_graph_coloring_dataset\colpack_outputs_week15_extra_orderings\dwt_419_incidence_degree.txt
dwt_419,INCIDENCE_DEGREE,6,289,160,0.6172248803827751,data\processed\initial_graph_coloring_dataset\colpack_outputs_week15_extra_orderings\dwt_419_incidence_degree.txt
dwt_419,INCIDENCE_DEGREE,6,78,161,0.6148325358851675,data\processed\initial_graph_coloring_dataset\colpack_outputs_week15_extra_orderings\dwt_419_incidence_degree.txt
dwt_419,INCIDENCE_DEGREE,6,290,162,0.6124401913875598,data\processed\initial_graph_coloring_dataset\colpack_outputs_week15_extra_orderings\dwt_419_incidence_degree.txt
dwt_419,INCIDENCE_DEGREE,6,79,163,0.6100478468899522,data\processed\initial_graph_coloring_dataset\colpack_outputs_week15_extra_orderings\dwt_419_incidence_degree.txt
dwt_419,INCIDENCE_DEGREE,6,186,164,0.6076555023923444,data\processed\initial_graph_coloring_dataset\colpack_outputs_week15_extra_orderings\dwt_419_incidence_degree.txt
dwt_419,INCIDENCE_DEGREE,6,86,165,0.6052631578947368,data\processed\initial_graph_coloring_dataset\colpack_outputs_week15_extra_orderings\dwt_419_incidence_degree.txt
dwt_419,INCIDENCE_DEGREE,6,297,166,0.6028708133971292,data\processed\initial_graph_coloring_dataset\colpack_outputs_week15_extra_orderings\dwt_419_incidence_degree.txt
dwt_419,INCIDENCE_DEGREE,6,85,167,0.6004784688995215,data\processed\initial_graph_coloring_dataset\colpack_outputs_week15_extra_orderings\dwt_419_incidence_degree.txt
dwt_419,INCIDENCE_DEGREE,6,296,168,0.5980861244019139,data\processed\initial_graph_coloring_dataset\colpack_outputs_week15_extra_orderings\dwt_419_incidence_degree.txt
dwt_419,INCIDENCE_DEGREE,6,280,169,0.5956937799043063,data\processed\initial_graph_coloring_dataset\colpack_outputs_week15_extra_orderings\dwt_419_incidence_degree.txt
dwt_419,INCIDENCE_DEGREE,6,392,170,0.5933014354066986,data\processed\initial_graph_coloring_dataset\colpack_outputs_week15_extra_orderings\dwt_419_incidence_degree.txt
dwt_419,INCIDENCE_DEGREE,6,181,171,0.5909090909090909,data\processed\initial_graph_coloring_dataset\colpack_outputs_week15_extra_orderings\dwt_419_incidence_degree.txt
dwt_419,INCIDENCE_DEGREE,6,69,172,0.5885167464114832,data\processed\initial_graph_coloring_dataset\colpack_outputs_week15_extra_orderings\dwt_419_incidence_degree.txt
dwt_419,INCIDENCE_DEGREE,6,193,173,0.5861244019138756,data\processed\initial_graph_coloring_dataset\colpack_outputs_week15_extra_orderings\dwt_419_incidence_degree.txt
dwt_419,INCIDENCE_DEGREE,6,401,174,0.583732057416268,data\processed\initial_graph_coloring_dataset\colpack_outputs_week15_extra_orderings\dwt_419_incidence_degree.txt
dwt_419,INCIDENCE_DEGREE,6,402,175,0.5813397129186603,data\processed\initial_graph_coloring_dataset\colpack_outputs_week15_extra_orderings\dwt_419_incidence_degree.txt
dwt_419,INCIDENCE_DEGREE,6,194,176,0.5789473684210527,data\processed\initial_graph_coloring_dataset\colpack_outputs_week15_extra_orderings\dwt_419_incidence_degree.txt
dwt_419,INCIDENCE_DEGREE,6,89,177,0.5765550239234449,data\processed\initial_graph_coloring_dataset\colpack_outputs_week15_extra_orderings\dwt_419_incidence_degree.txt
dwt_419,INCIDENCE_DEGREE,6,98,178,0.5741626794258373,data\processed\initial_graph_coloring_dataset\colpack_outputs_week15_extra_orderings\dwt_419_incidence_degree.txt
dwt_419,INCIDENCE_DEGREE,6,90,179,0.5717703349282297,data\processed\initial_graph_coloring_dataset\colpack_outputs_week15_extra_orderings\dwt_419_incidence_degree.txt
dwt_419,INCIDENCE_DEGREE,6,70,180,0.569377990430622,data\processed\initial_graph_coloring_dataset\colpack_outputs_week15_extra_orderings\dwt_419_incidence_degree.txt
dwt_419,INCIDENCE_DEGREE,6,84,181,0.5669856459330144,data\processed\initial_graph_coloring_dataset\colpack_outputs_week15_extra_orderings\dwt_419_incidence_degree.txt
dwt_419,INCIDENCE_DEGREE,6,295,182,0.5645933014354066,data\processed\initial_graph_coloring_dataset\colpack_outputs_week15_extra_orderings\dwt_419_incidence_degree.txt
dwt_419,INCIDENCE_DEGREE,6,281,183,0.562200956937799,data\processed\initial_graph_coloring_dataset\colpack_outputs_week15_extra_orderings\dwt_419_incidence_degree.txt
dwt_419,INCIDENCE_DEGREE,6,82,184,0.5598086124401914,data\processed\initial_graph_coloring_dataset\colpack_outputs_week15_extra_orderings\dwt_419_incidence_degree.txt
dwt_419,INCIDENCE_DEGREE,6,293,185,0.5574162679425837,data\processed\initial_graph_coloring_dataset\colpack_outputs_week15_extra_orderings\dwt_419_incidence_degree.txt
dwt_419,INCIDENCE_DEGREE,6,282,186,0.5550239234449761,data\processed\initial_graph_coloring_dataset\colpack_outputs_week15_extra_orderings\dwt_419_incidence_degree.txt
dwt_419,INCIDENCE_DEGREE,6,294,187,0.5526315789473685,data\processed\initial_graph_coloring_dataset\colpack_outputs_week15_extra_orderings\dwt_419_incidence_degree.txt
dwt_419,INCIDENCE_DEGREE,6,83,188,0.5502392344497608,data\processed\initial_graph_coloring_dataset\colpack_outputs_week15_extra_orderings\dwt_419_incidence_degree.txt
dwt_419,INCIDENCE_DEGREE,6,71,189,0.5478468899521531,data\processed\initial_graph_coloring_dataset\colpack_outputs_week15_extra_orderings\dwt_419_incidence_degree.txt
dwt_419,INCIDENCE_DEGREE,6,195,190,0.5454545454545454,data\processed\initial_graph_coloring_dataset\colpack_outputs_week15_extra_orderings\dwt_419_incidence_degree.txt
dwt_419,INCIDENCE_DEGREE,6,403,191,0.5430622009569378,data\processed\initial_graph_coloring_dataset\colpack_outputs_week15_extra_orderings\dwt_419_incidence_degree.txt
dwt_419,INCIDENCE_DEGREE,6,404,192,0.5406698564593302,data\processed\initial_graph_coloring_dataset\colpack_outputs_week15_extra_orderings\dwt_419_incidence_degree.txt
dwt_419,INCIDENCE_DEGREE,6,196,193,0.5382775119617225,data\processed\initial_graph_coloring_dataset\colpack_outputs_week15_extra_orderings\dwt_419_incidence_degree.txt
dwt_419,INCIDENCE_DEGREE,6,72,194,0.5358851674641149,data\processed\initial_graph_coloring_dataset\colpack_outputs_week15_extra_orderings\dwt_419_incidence_degree.txt
dwt_419,INCIDENCE_DEGREE,6,283,195,0.5334928229665071,data\processed\initial_graph_coloring_dataset\colpack_outputs_week15_extra_orderings\dwt_419_incidence_degree.txt
dwt_419,INCIDENCE_DEGREE,6,405,196,0.5311004784688995,data\processed\initial_graph_coloring_dataset\colpack_outputs_week15_extra_orderings\dwt_419_incidence_degree.txt
dwt_419,INCIDENCE_DEGREE,6,270,197,0.5287081339712919,data\processed\initial_graph_coloring_dataset\colpack_outputs_week15_extra_orderings\dwt_419_incidence_degree.txt
dwt_419,INCIDENCE_DEGREE,6,269,198,0.5263157894736842,data\processed\initial_graph_coloring_dataset\colpack_outputs_week15_extra_orderings\dwt_419_incidence_degree.txt
dwt_419,INCIDENCE_DEGREE,6,197,199,0.5239234449760766,data\processed\initial_graph_coloring_dataset\colpack_outputs_week15_extra_orderings\dwt_419_incidence_degree.txt
dwt_419,INCIDENCE_DEGREE,6,59,200,0.5215311004784688,data\processed\initial_graph_coloring_dataset\colpack_outputs_week15_extra_orderings\dwt_419_incidence_degree.txt
dwt_419,INCIDENCE_DEGREE,6,58,201,0.5191387559808612,data\processed\initial_graph_coloring_dataset\colpack_outputs_week15_extra_orderings\dwt_419_incidence_degree.txt
dwt_419,INCIDENCE_DEGREE,6,81,202,0.5167464114832536,data\processed\initial_graph_coloring_dataset\colpack_outputs_week15_extra_orderings\dwt_419_incidence_degree.txt
dwt_419,INCIDENCE_DEGREE,6,292,203,0.5143540669856459,data\processed\initial_graph_coloring_dataset\colpack_outputs_week15_extra_orderings\dwt_419_incidence_degree.txt
dwt_419,INCIDENCE_DEGREE,6,80,204,0.5119617224880383,data\processed\initial_graph_coloring_dataset\colpack_outputs_week15_extra_orderings\dwt_419_incidence_degree.txt
dwt_419,INCIDENCE_DEGREE,6,291,205,0.5095693779904307,data\processed\initial_graph_coloring_dataset\colpack_outputs_week15_extra_orderings\dwt_419_incidence_degree.txt
dwt_419,INCIDENCE_DEGREE,6,182,206,0.507177033492823,data\processed\initial_graph_coloring_dataset\colpack_outputs_week15_extra_orderings\dwt_419_incidence_degree.txt
dwt_419,INCIDENCE_DEGREE,6,393,207,0.5047846889952153,data\processed\initial_graph_coloring_dataset\colpack_outputs_week15_extra_orderings\dwt_419_incidence_degree.txt
dwt_419,INCIDENCE_DEGREE,6,268,208,0.5023923444976076,data\processed\initial_graph_coloring_dataset\colpack_outputs_week15_extra_orderings\dwt_419_incidence_degree.txt
dwt_419,INCIDENCE_DEGREE,6,267,209,0.5,data\processed\initial_graph_coloring_dataset\colpack_outputs_week15_extra_orderings\dwt_419_incidence_degree.txt
dwt_419,INCIDENCE_DEGREE,6,396,210,0.49760765550239233,data\processed\initial_graph_coloring_dataset\colpack_outputs_week15_extra_orderings\dwt_419_incidence_degree.txt
dwt_419,INCIDENCE_DEGREE,6,56,211,0.49521531100478466,data\processed\initial_graph_coloring_dataset\colpack_outputs_week15_extra_orderings\dwt_419_incidence_degree.txt
dwt_419,INCIDENCE_DEGREE,6,188,212,0.49282296650717705,data\processed\initial_graph_coloring_dataset\colpack_outputs_week15_extra_orderings\dwt_419_incidence_degree.txt
dwt_419,INCIDENCE_DEGREE,6,57,213,0.4904306220095694,data\processed\initial_graph_coloring_dataset\colpack_outputs_week15_extra_orderings\dwt_419_incidence_degree.txt
dwt_419,INCIDENCE_DEGREE,6,187,214,0.4880382775119617,data\processed\initial_graph_coloring_dataset\colpack_outputs_week15_extra_orderings\dwt_419_incidence_degree.txt
dwt_419,INCIDENCE_DEGREE,6,395,215,0.48564593301435405,data\processed\initial_graph_coloring_dataset\colpack_outputs_week15_extra_orderings\dwt_419_incidence_degree.txt
dwt_419,INCIDENCE_DEGREE,6,259,216,0.48325358851674644,data\processed\initial_graph_coloring_dataset\colpack_outputs_week15_extra_orderings\dwt_419_incidence_degree.txt
dwt_419,INCIDENCE_DEGREE,6,250,217,0.48086124401913877,data\processed\initial_graph_coloring_dataset\colpack_outputs_week15_extra_orderings\dwt_419_incidence_degree.txt
dwt_419,INCIDENCE_DEGREE,6,258,218,0.4784688995215311,data\processed\initial_graph_coloring_dataset\colpack_outputs_week15_extra_orderings\dwt_419_incidence_degree.txt
dwt_419,INCIDENCE_DEGREE,6,39,219,0.47607655502392343,data\processed\initial_graph_coloring_dataset\colpack_outputs_week15_extra_orderings\dwt_419_incidence_degree.txt
dwt_419,INCIDENCE_DEGREE,6,48,220,0.47368421052631576,data\processed\initial_graph_coloring_dataset\colpack_outputs_week15_extra_orderings\dwt_419_incidence_degree.txt
dwt_419,INCIDENCE_DEGREE,6,47,221,0.47129186602870815,data\processed\initial_graph_coloring_dataset\colpack_outputs_week15_extra_orderings\dwt_419_incidence_degree.txt
dwt_419,INCIDENCE_DEGREE,6,38,222,0.4688995215311005,data\processed\initial_graph_coloring_dataset\colpack_outputs_week15_extra_orderings\dwt_419_incidence_degree.txt
dwt_419,INCIDENCE_DEGREE,6,249,223,0.4665071770334928,data\processed\initial_graph_coloring_dataset\colpack_outputs_week15_extra_orderings\dwt_419_incidence_degree.txt
dwt_419,INCIDENCE_DEGREE,6,251,224,0.46411483253588515,data\processed\initial_graph_coloring_dataset\colpack_outputs_week15_extra_orderings\dwt_419_incidence_degree.txt
dwt_419,INCIDENCE_DEGREE,6,40,225,0.46172248803827753,data\processed\initial_graph_coloring_dataset\colpack_outputs_week15_extra_orderings\dwt_419_incidence_degree.txt
dwt_419,INCIDENCE_DEGREE,6,60,226,0.45933014354066987,data\processed\initial_graph_coloring_dataset\colpack_outputs_week15_extra_orderings\dwt_419_incidence_degree.txt
dwt_419,INCIDENCE_DEGREE,6,271,227,0.4569377990430622,data\processed\initial_graph_coloring_dataset\colpack_outputs_week15_extra_orderings\dwt_419_incidence_degree.txt
dwt_419,INCIDENCE_DEGREE,6,284,228,0.45454545454545453,data\processed\initial_graph_coloring_dataset\colpack_outputs_week15_extra_orderings\dwt_419_incidence_degree.txt
dwt_419,INCIDENCE_DEGREE,6,406,229,0.45215311004784686,data\processed\initial_graph_coloring_dataset\colpack_outputs_week15_extra_orderings\dwt_419_incidence_degree.txt
dwt_419,INCIDENCE_DEGREE,6,198,230,0.44976076555023925,data\processed\initial_graph_coloring_dataset\colpack_outputs_week15_extra_orderings\dwt_419_incidence_degree.txt
dwt_419,INCIDENCE_DEGREE,6,73,231,0.4473684210526316,data\processed\initial_graph_coloring_dataset\colpack_outputs_week15_extra_orderings\dwt_419_incidence_degree.txt
dwt_419,INCIDENCE_DEGREE,6,74,232,0.4449760765550239,data\processed\initial_graph_coloring_dataset\colpack_outputs_week15_extra_orderings\dwt_419_incidence_degree.txt
dwt_419,INCIDENCE_DEGREE,6,285,233,0.44258373205741625,data\processed\initial_graph_coloring_dataset\colpack_outputs_week15_extra_orderings\dwt_419_incidence_degree.txt
dwt_419,INCIDENCE_DEGREE,6,272,234,0.44019138755980863,data\processed\initial_graph_coloring_dataset\colpack_outputs_week15_extra_orderings\dwt_419_incidence_degree.txt
dwt_419,INCIDENCE_DEGREE,6,287,235,0.43779904306220097,data\processed\initial_graph_coloring_dataset\colpack_outputs_week15_extra_orderings\dwt_419_incidence_degree.txt
dwt_419,INCIDENCE_DEGREE,6,76,236,0.4354066985645933,data\processed\initial_graph_coloring_dataset\colpack_outputs_week15_extra_orderings\dwt_419_incidence_degree.txt
dwt_419,INCIDENCE_DEGREE,6,61,237,0.43301435406698563,data\processed\initial_graph_coloring_dataset\colpack_outputs_week15_extra_orderings\dwt_419_incidence_degree.txt
dwt_419,INCIDENCE_DEGREE,6,62,238,0.430622009569378,data\processed\initial_graph_coloring_dataset\colpack_outputs_week15_extra_orderings\dwt_419_incidence_degree.txt
dwt_419,INCIDENCE_DEGREE,6,273,239,0.42822966507177035,data\processed\initial_graph_coloring_dataset\colpack_outputs_week15_extra_orderings\dwt_419_incidence_degree.txt
dwt_419,INCIDENCE_DEGREE,6,261,240,0.4258373205741627,data\processed\initial_graph_coloring_dataset\colpack_outputs_week15_extra_orderings\dwt_419_incidence_degree.txt
dwt_419,INCIDENCE_DEGREE,6,50,241,0.423444976076555,data\processed\initial_graph_coloring_dataset\colpack_outputs_week15_extra_orderings\dwt_419_incidence_degree.txt
dwt_419,INCIDENCE_DEGREE,6,49,242,0.42105263157894735,data\processed\initial_graph_coloring_dataset\colpack_outputs_week15_extra_orderings\dwt_419_incidence_degree.txt
dwt_419,INCIDENCE_DEGREE,6,44,243,0.41866028708133973,data\processed\initial_graph_coloring_dataset\colpack_outputs_week15_extra_orderings\dwt_419_incidence_degree.txt
dwt_419,INCIDENCE_DEGREE,6,255,244,0.41626794258373206,data\processed\initial_graph_coloring_dataset\colpack_outputs_week15_extra_orderings\dwt_419_incidence_degree.txt
dwt_419,INCIDENCE_DEGREE,6,260,245,0.4138755980861244,data\processed\initial_graph_coloring_dataset\colpack_outputs_week15_extra_orderings\dwt_419_incidence_degree.txt
dwt_419,INCIDENCE_DEGREE,6,254,246,0.41148325358851673,data\processed\initial_graph_coloring_dataset\colpack_outputs_week15_extra_orderings\dwt_419_incidence_degree.txt
dwt_419,INCIDENCE_DEGREE,6,43,247,0.4090909090909091,data\processed\initial_graph_coloring_dataset\colpack_outputs_week15_extra_orderings\dwt_419_incidence_degree.txt
dwt_419,INCIDENCE_DEGREE,6,33,248,0.40669856459330145,data\processed\initial_graph_coloring_dataset\colpack_outputs_week15_extra_orderings\dwt_419_incidence_degree.txt
dwt_419,INCIDENCE_DEGREE,6,244,249,0.4043062200956938,data\processed\initial_graph_coloring_dataset\colpack_outputs_week15_extra_orderings\dwt_419_incidence_degree.txt
dwt_419,INCIDENCE_DEGREE,6,243,250,0.4019138755980861,data\processed\initial_graph_coloring_dataset\colpack_outputs_week15_extra_orderings\dwt_419_incidence_degree.txt
dwt_419,INCIDENCE_DEGREE,6,234,251,0.39952153110047844,data\processed\initial_graph_coloring_dataset\colpack_outputs_week15_extra_orderings\dwt_419_incidence_degree.txt
dwt_419,INCIDENCE_DEGREE,6,233,252,0.39712918660287083,data\processed\initial_graph_coloring_dataset\colpack_outputs_week15_extra_orderings\dwt_419_incidence_degree.txt
dwt_419,INCIDENCE_DEGREE,6,23,253,0.39473684210526316,data\processed\initial_graph_coloring_dataset\colpack_outputs_week15_extra_orderings\dwt_419_incidence_degree.txt
dwt_419,INCIDENCE_DEGREE,6,32,254,0.3923444976076555,data\processed\initial_graph_coloring_dataset\colpack_outputs_week15_extra_orderings\dwt_419_incidence_degree.txt
dwt_419,INCIDENCE_DEGREE,6,22,255,0.38995215311004783,data\processed\initial_graph_coloring_dataset\colpack_outputs_week15_extra_orderings\dwt_419_incidence_degree.txt
dwt_419,INCIDENCE_DEGREE,6,27,256,0.3875598086124402,data\processed\initial_graph_coloring_dataset\colpack_outputs_week15_extra_orderings\dwt_419_incidence_degree.txt
dwt_419,INCIDENCE_DEGREE,6,238,257,0.38516746411483255,data\processed\initial_graph_coloring_dataset\colpack_outputs_week15_extra_orderings\dwt_419_incidence_degree.txt
dwt_419,INCIDENCE_DEGREE,6,237,258,0.3827751196172249,data\processed\initial_graph_coloring_dataset\colpack_outputs_week15_extra_orderings\dwt_419_incidence_degree.txt
dwt_419,INCIDENCE_DEGREE,6,26,259,0.3803827751196172,data\processed\initial_graph_coloring_dataset\colpack_outputs_week15_extra_orderings\dwt_419_incidence_degree.txt
dwt_419,INCIDENCE_DEGREE,6,236,260,0.37799043062200954,data\processed\initial_graph_coloring_dataset\colpack_outputs_week15_extra_orderings\dwt_419_incidence_degree.txt
dwt_419,INCIDENCE_DEGREE,6,232,261,0.37559808612440193,data\processed\initial_graph_coloring_dataset\colpack_outputs_week15_extra_orderings\dwt_419_incidence_degree.txt
dwt_419,INCIDENCE_DEGREE,6,21,262,0.37320574162679426,data\processed\initial_graph_coloring_dataset\colpack_outputs_week15_extra_orderings\dwt_419_incidence_degree.txt
dwt_419,INCIDENCE_DEGREE,6,25,263,0.3708133971291866,data\processed\initial_graph_coloring_dataset\colpack_outputs_week15_extra_orderings\dwt_419_incidence_degree.txt
dwt_419,INCIDENCE_DEGREE,6,235,264,0.3684210526315789,data\processed\initial_graph_coloring_dataset\colpack_outputs_week15_extra_orderings\dwt_419_incidence_degree.txt
dwt_419,INCIDENCE_DEGREE,6,231,265,0.3660287081339713,data\processed\initial_graph_coloring_dataset\colpack_outputs_week15_extra_orderings\dwt_419_incidence_degree.txt
dwt_419,INCIDENCE_DEGREE,6,20,266,0.36363636363636365,data\processed\initial_graph_coloring_dataset\colpack_outputs_week15_extra_orderings\dwt_419_incidence_degree.txt
dwt_419,INCIDENCE_DEGREE,6,24,267,0.361244019138756,data\processed\initial_graph_coloring_dataset\colpack_outputs_week15_extra_orderings\dwt_419_incidence_degree.txt
dwt_419,INCIDENCE_DEGREE,6,220,268,0.3588516746411483,data\processed\initial_graph_coloring_dataset\colpack_outputs_week15_extra_orderings\dwt_419_incidence_degree.txt
dwt_419,INCIDENCE_DEGREE,6,219,269,0.35645933014354064,data\processed\initial_graph_coloring_dataset\colpack_outputs_week15_extra_orderings\dwt_419_incidence_degree.txt
dwt_419,INCIDENCE_DEGREE,6,8,270,0.35406698564593303,data\processed\initial_graph_coloring_dataset\colpack_outputs_week15_extra_orderings\dwt_419_incidence_degree.txt
dwt_419,INCIDENCE_DEGREE,6,9,271,0.35167464114832536,data\processed\initial_graph_coloring_dataset\colpack_outputs_week15_extra_orderings\dwt_419_incidence_degree.txt
dwt_419,INCIDENCE_DEGREE,6,214,272,0.3492822966507177,data\processed\initial_graph_coloring_dataset\colpack_outputs_week15_extra_orderings\dwt_419_incidence_degree.txt
dwt_419,INCIDENCE_DEGREE,6,212,273,0.34688995215311,data\processed\initial_graph_coloring_dataset\colpack_outputs_week15_extra_orderings\dwt_419_incidence_degree.txt
dwt_419,INCIDENCE_DEGREE,6,3,274,0.3444976076555024,data\processed\initial_graph_coloring_dataset\colpack_outputs_week15_extra_orderings\dwt_419_incidence_degree.txt
dwt_419,INCIDENCE_DEGREE,6,1,275,0.34210526315789475,data\processed\initial_graph_coloring_dataset\colpack_outputs_week15_extra_orderings\dwt_419_incidence_degree.txt
dwt_419,INCIDENCE_DEGREE,6,2,276,0.3397129186602871,data\processed\initial_graph_coloring_dataset\colpack_outputs_week15_extra_orderings\dwt_419_incidence_degree.txt
dwt_419,INCIDENCE_DEGREE,6,0,277,0.3373205741626794,data\processed\initial_graph_coloring_dataset\colpack_outputs_week15_extra_orderings\dwt_419_incidence_degree.txt
dwt_419,INCIDENCE_DEGREE,6,213,278,0.3349282296650718,data\processed\initial_graph_coloring_dataset\colpack_outputs_week15_extra_orderings\dwt_419_incidence_degree.txt
dwt_419,INCIDENCE_DEGREE,6,211,279,0.33253588516746413,data\processed\initial_graph_coloring_dataset\colpack_outputs_week15_extra_orderings\dwt_419_incidence_degree.txt
dwt_419,INCIDENCE_DEGREE,6,185,280,0.33014354066985646,data\processed\initial_graph_coloring_dataset\colpack_outputs_week15_extra_orderings\dwt_419_incidence_degree.txt
dwt_419,INCIDENCE_DEGREE,6,11,281,0.3277511961722488,data\processed\initial_graph_coloring_dataset\colpack_outputs_week15_extra_orderings\dwt_419_incidence_degree.txt
dwt_419,INCIDENCE_DEGREE,6,10,282,0.3253588516746411,data\processed\initial_graph_coloring_dataset\colpack_outputs_week15_extra_orderings\dwt_419_incidence_degree.txt
dwt_419,INCIDENCE_DEGREE,6,7,283,0.3229665071770335,data\processed\initial_graph_coloring_dataset\colpack_outputs_week15_extra_orderings\dwt_419_incidence_degree.txt
dwt_419,INCIDENCE_DEGREE,6,6,284,0.32057416267942584,data\processed\initial_graph_coloring_dataset\colpack_outputs_week15_extra_orderings\dwt_419_incidence_degree.txt
dwt_419,INCIDENCE_DEGREE,6,31,285,0.3181818181818182,data\processed\initial_graph_coloring_dataset\colpack_outputs_week15_extra_orderings\dwt_419_incidence_degree.txt
dwt_419,INCIDENCE_DEGREE,6,30,286,0.3157894736842105,data\processed\initial_graph_coloring_dataset\colpack_outputs_week15_extra_orderings\dwt_419_incidence_degree.txt
dwt_419,INCIDENCE_DEGREE,6,218,287,0.3133971291866029,data\processed\initial_graph_coloring_dataset\colpack_outputs_week15_extra_orderings\dwt_419_incidence_degree.txt
dwt_419,INCIDENCE_DEGREE,6,217,288,0.31100478468899523,data\processed\initial_graph_coloring_dataset\colpack_outputs_week15_extra_orderings\dwt_419_incidence_degree.txt
dwt_419,INCIDENCE_DEGREE,6,242,289,0.30861244019138756,data\processed\initial_graph_coloring_dataset\colpack_outputs_week15_extra_orderings\dwt_419_incidence_degree.txt
dwt_419,INCIDENCE_DEGREE,6,241,290,0.3062200956937799,data\processed\initial_graph_coloring_dataset\colpack_outputs_week15_extra_orderings\dwt_419_incidence_degree.txt
dwt_419,INCIDENCE_DEGREE,6,221,291,0.3038277511961722,data\processed\initial_graph_coloring_dataset\colpack_outputs_week15_extra_orderings\dwt_419_incidence_degree.txt
dwt_419,INCIDENCE_DEGREE,6,222,292,0.3014354066985646,data\processed\initial_graph_coloring_dataset\colpack_outputs_week15_extra_orderings\dwt_419_incidence_degree.txt
dwt_419,INCIDENCE_DEGREE,6,320,293,0.29904306220095694,data\processed\initial_graph_coloring_dataset\colpack_outputs_week15_extra_orderings\dwt_419_incidence_degree.txt
dwt_419,INCIDENCE_DEGREE,6,109,294,0.2966507177033493,data\processed\initial_graph_coloring_dataset\colpack_outputs_week15_extra_orderings\dwt_419_incidence_degree.txt
dwt_419,INCIDENCE_DEGREE,6,108,295,0.2942583732057416,data\processed\initial_graph_coloring_dataset\colpack_outputs_week15_extra_orderings\dwt_419_incidence_degree.txt
dwt_419,INCIDENCE_DEGREE,6,120,296,0.291866028708134,data\processed\initial_graph_coloring_dataset\colpack_outputs_week15_extra_orderings\dwt_419_incidence_degree.txt
dwt_419,INCIDENCE_DEGREE,6,331,297,0.2894736842105263,data\processed\initial_graph_coloring_dataset\colpack_outputs_week15_extra_orderings\dwt_419_incidence_degree.txt
dwt_419,INCIDENCE_DEGREE,6,319,298,0.28708133971291866,data\processed\initial_graph_coloring_dataset\colpack_outputs_week15_extra_orderings\dwt_419_incidence_degree.txt
dwt_419,INCIDENCE_DEGREE,6,330,299,0.284688995215311,data\processed\initial_graph_coloring_dataset\colpack_outputs_week15_extra_orderings\dwt_419_incidence_degree.txt
dwt_419,INCIDENCE_DEGREE,6,119,300,0.2822966507177033,data\processed\initial_graph_coloring_dataset\colpack_outputs_week15_extra_orderings\dwt_419_incidence_degree.txt
dwt_419,INCIDENCE_DEGREE,6,126,301,0.2799043062200957,data\processed\initial_graph_coloring_dataset\colpack_outputs_week15_extra_orderings\dwt_419_incidence_degree.txt
dwt_419,INCIDENCE_DEGREE,6,337,302,0.27751196172248804,data\processed\initial_graph_coloring_dataset\colpack_outputs_week15_extra_orderings\dwt_419_incidence_degree.txt
dwt_419,INCIDENCE_DEGREE,6,336,303,0.2751196172248804,data\processed\initial_graph_coloring_dataset\colpack_outputs_week15_extra_orderings\dwt_419_incidence_degree.txt
dwt_419,INCIDENCE_DEGREE,6,351,304,0.2727272727272727,data\processed\initial_graph_coloring_dataset\colpack_outputs_week15_extra_orderings\dwt_419_incidence_degree.txt
dwt_419,INCIDENCE_DEGREE,6,350,305,0.2703349282296651,data\processed\initial_graph_coloring_dataset\colpack_outputs_week15_extra_orderings\dwt_419_incidence_degree.txt
dwt_419,INCIDENCE_DEGREE,6,349,306,0.2679425837320574,data\processed\initial_graph_coloring_dataset\colpack_outputs_week15_extra_orderings\dwt_419_incidence_degree.txt
dwt_419,INCIDENCE_DEGREE,6,418,307,0.26555023923444976,data\processed\initial_graph_coloring_dataset\colpack_outputs_week15_extra_orderings\dwt_419_incidence_degree.txt
dwt_419,INCIDENCE_DEGREE,6,360,308,0.2631578947368421,data\processed\initial_graph_coloring_dataset\colpack_outputs_week15_extra_orderings\dwt_419_incidence_degree.txt
dwt_419,INCIDENCE_DEGREE,6,361,309,0.2607655502392344,data\processed\initial_graph_coloring_dataset\colpack_outputs_week15_extra_orderings\dwt_419_incidence_degree.txt
dwt_419,INCIDENCE_DEGREE,6,363,310,0.2583732057416268,data\processed\initial_graph_coloring_dataset\colpack_outputs_week15_extra_orderings\dwt_419_incidence_degree.txt
dwt_419,INCIDENCE_DEGREE,6,210,311,0.25598086124401914,data\processed\initial_graph_coloring_dataset\colpack_outputs_week15_extra_orderings\dwt_419_incidence_degree.txt
dwt_419,INCIDENCE_DEGREE,6,138,312,0.2535885167464115,data\processed\initial_graph_coloring_dataset\colpack_outputs_week15_extra_orderings\dwt_419_incidence_degree.txt
dwt_419,INCIDENCE_DEGREE,6,149,313,0.2511961722488038,data\processed\initial_graph_coloring_dataset\colpack_outputs_week15_extra_orderings\dwt_419_incidence_degree.txt
dwt_419,INCIDENCE_DEGREE,6,150,314,0.24880382775119617,data\processed\initial_graph_coloring_dataset\colpack_outputs_week15_extra_orderings\dwt_419_incidence_degree.txt
dwt_419,INCIDENCE_DEGREE,6,152,315,0.24641148325358853,data\processed\initial_graph_coloring_dataset\colpack_outputs_week15_extra_orderings\dwt_419_incidence_degree.txt
dwt_419,INCIDENCE_DEGREE,6,139,316,0.24401913875598086,data\processed\initial_graph_coloring_dataset\colpack_outputs_week15_extra_orderings\dwt_419_incidence_degree.txt
dwt_419,INCIDENCE_DEGREE,6,140,317,0.24162679425837322,data\processed\initial_graph_coloring_dataset\colpack_outputs_week15_extra_orderings\dwt_419_incidence_degree.txt
dwt_419,INCIDENCE_DEGREE,6,125,318,0.23923444976076555,data\processed\initial_graph_coloring_dataset\colpack_outputs_week15_extra_orderings\dwt_419_incidence_degree.txt
dwt_419,INCIDENCE_DEGREE,6,151,319,0.23684210526315788,data\processed\initial_graph_coloring_dataset\colpack_outputs_week15_extra_orderings\dwt_419_incidence_degree.txt
dwt_419,INCIDENCE_DEGREE,6,362,320,0.23444976076555024,data\processed\initial_graph_coloring_dataset\colpack_outputs_week15_extra_orderings\dwt_419_incidence_degree.txt
dwt_419,INCIDENCE_DEGREE,6,380,321,0.23205741626794257,data\processed\initial_graph_coloring_dataset\colpack_outputs_week15_extra_orderings\dwt_419_incidence_degree.txt
dwt_419,INCIDENCE_DEGREE,6,169,322,0.22966507177033493,data\processed\initial_graph_coloring_dataset\colpack_outputs_week15_extra_orderings\dwt_419_incidence_degree.txt
dwt_419,INCIDENCE_DEGREE,6,168,323,0.22727272727272727,data\processed\initial_graph_coloring_dataset\colpack_outputs_week15_extra_orderings\dwt_419_incidence_degree.txt
dwt_419,INCIDENCE_DEGREE,6,180,324,0.22488038277511962,data\processed\initial_graph_coloring_dataset\colpack_outputs_week15_extra_orderings\dwt_419_incidence_degree.txt
dwt_419,INCIDENCE_DEGREE,6,391,325,0.22248803827751196,data\processed\initial_graph_coloring_dataset\colpack_outputs_week15_extra_orderings\dwt_419_incidence_degree.txt
dwt_419,INCIDENCE_DEGREE,6,379,326,0.22009569377990432,data\processed\initial_graph_coloring_dataset\colpack_outputs_week15_extra_orderings\dwt_419_incidence_degree.txt
dwt_419,INCIDENCE_DEGREE,6,390,327,0.21770334928229665,data\processed\initial_graph_coloring_dataset\colpack_outputs_week15_extra_orderings\dwt_419_incidence_degree.txt
dwt_419,INCIDENCE_DEGREE,6,179,328,0.215311004784689,data\processed\initial_graph_coloring_dataset\colpack_outputs_week15_extra_orderings\dwt_419_incidence_degree.txt
dwt_419,INCIDENCE_DEGREE,6,300,329,0.21291866028708134,data\processed\initial_graph_coloring_dataset\colpack_outputs_week15_extra_orderings\dwt_419_incidence_degree.txt
dwt_419,INCIDENCE_DEGREE,6,309,330,0.21052631578947367,data\processed\initial_graph_coloring_dataset\colpack_outputs_week15_extra_orderings\dwt_419_incidence_degree.txt
dwt_419,INCIDENCE_DEGREE,6,301,331,0.20813397129186603,data\processed\initial_graph_coloring_dataset\colpack_outputs_week15_extra_orderings\dwt_419_incidence_degree.txt
dwt_419,INCIDENCE_DEGREE,6,310,332,0.20574162679425836,data\processed\initial_graph_coloring_dataset\colpack_outputs_week15_extra_orderings\dwt_419_incidence_degree.txt
dwt_419,INCIDENCE_DEGREE,6,99,333,0.20334928229665072,data\processed\initial_graph_coloring_dataset\colpack_outputs_week15_extra_orderings\dwt_419_incidence_degree.txt
dwt_419,INCIDENCE_DEGREE,6,308,334,0.20095693779904306,data\processed\initial_graph_coloring_dataset\colpack_outputs_week15_extra_orderings\dwt_419_incidence_degree.txt
dwt_419,INCIDENCE_DEGREE,6,97,335,0.19856459330143542,data\processed\initial_graph_coloring_dataset\colpack_outputs_week15_extra_orderings\dwt_419_incidence_degree.txt
dwt_419,INCIDENCE_DEGREE,6,340,336,0.19617224880382775,data\processed\initial_graph_coloring_dataset\colpack_outputs_week15_extra_orderings\dwt_419_incidence_degree.txt
dwt_419,INCIDENCE_DEGREE,6,129,337,0.1937799043062201,data\processed\initial_graph_coloring_dataset\colpack_outputs_week15_extra_orderings\dwt_419_incidence_degree.txt
dwt_419,INCIDENCE_DEGREE,6,375,338,0.19138755980861244,data\processed\initial_graph_coloring_dataset\colpack_outputs_week15_extra_orderings\dwt_419_incidence_degree.txt
dwt_419,INCIDENCE_DEGREE,6,164,339,0.18899521531100477,data\processed\initial_graph_coloring_dataset\colpack_outputs_week15_extra_orderings\dwt_419_incidence_degree.txt
dwt_419,INCIDENCE_DEGREE,6,165,340,0.18660287081339713,data\processed\initial_graph_coloring_dataset\colpack_outputs_week15_extra_orderings\dwt_419_incidence_degree.txt
dwt_419,INCIDENCE_DEGREE,6,170,341,0.18421052631578946,data\processed\initial_graph_coloring_dataset\colpack_outputs_week15_extra_orderings\dwt_419_incidence_degree.txt
dwt_419,INCIDENCE_DEGREE,6,381,342,0.18181818181818182,data\processed\initial_graph_coloring_dataset\colpack_outputs_week15_extra_orderings\dwt_419_incidence_degree.txt
dwt_419,INCIDENCE_DEGREE,6,376,343,0.17942583732057416,data\processed\initial_graph_coloring_dataset\colpack_outputs_week15_extra_orderings\dwt_419_incidence_degree.txt
dwt_419,INCIDENCE_DEGREE,6,382,344,0.17703349282296652,data\processed\initial_graph_coloring_dataset\colpack_outputs_week15_extra_orderings\dwt_419_incidence_degree.txt
dwt_419,INCIDENCE_DEGREE,6,171,345,0.17464114832535885,data\processed\initial_graph_coloring_dataset\colpack_outputs_week15_extra_orderings\dwt_419_incidence_degree.txt
dwt_419,INCIDENCE_DEGREE,6,123,346,0.1722488038277512,data\processed\initial_graph_coloring_dataset\colpack_outputs_week15_extra_orderings\dwt_419_incidence_degree.txt
dwt_419,INCIDENCE_DEGREE,6,115,347,0.16985645933014354,data\processed\initial_graph_coloring_dataset\colpack_outputs_week15_extra_orderings\dwt_419_incidence_degree.txt
dwt_419,INCIDENCE_DEGREE,6,124,348,0.1674641148325359,data\processed\initial_graph_coloring_dataset\colpack_outputs_week15_extra_orderings\dwt_419_incidence_degree.txt
dwt_419,INCIDENCE_DEGREE,6,326,349,0.16507177033492823,data\processed\initial_graph_coloring_dataset\colpack_outputs_week15_extra_orderings\dwt_419_incidence_degree.txt
dwt_419,INCIDENCE_DEGREE,6,335,350,0.16267942583732056,data\processed\initial_graph_coloring_dataset\colpack_outputs_week15_extra_orderings\dwt_419_incidence_degree.txt
dwt_419,INCIDENCE_DEGREE,6,334,351,0.16028708133971292,data\processed\initial_graph_coloring_dataset\colpack_outputs_week15_extra_orderings\dwt_419_incidence_degree.txt
dwt_419,INCIDENCE_DEGREE,6,325,352,0.15789473684210525,data\processed\initial_graph_coloring_dataset\colpack_outputs_week15_extra_orderings\dwt_419_incidence_degree.txt
dwt_419,INCIDENCE_DEGREE,6,317,353,0.15550239234449761,data\processed\initial_graph_coloring_dataset\colpack_outputs_week15_extra_orderings\dwt_419_incidence_degree.txt
dwt_419,INCIDENCE_DEGREE,6,318,354,0.15311004784688995,data\processed\initial_graph_coloring_dataset\colpack_outputs_week15_extra_orderings\dwt_419_incidence_degree.txt
dwt_419,INCIDENCE_DEGREE,6,327,355,0.1507177033492823,data\processed\initial_graph_coloring_dataset\colpack_outputs_week15_extra_orderings\dwt_419_incidence_degree.txt
dwt_419,INCIDENCE_DEGREE,6,116,356,0.14832535885167464,data\processed\initial_graph_coloring_dataset\colpack_outputs_week15_extra_orderings\dwt_419_incidence_degree.txt
dwt_419,INCIDENCE_DEGREE,6,107,357,0.145933014354067,data\processed\initial_graph_coloring_dataset\colpack_outputs_week15_extra_orderings\dwt_419_incidence_degree.txt
dwt_419,INCIDENCE_DEGREE,6,106,358,0.14354066985645933,data\processed\initial_graph_coloring_dataset\colpack_outputs_week15_extra_orderings\dwt_419_incidence_degree.txt
dwt_419,INCIDENCE_DEGREE,6,114,359,0.14114832535885166,data\processed\initial_graph_coloring_dataset\colpack_outputs_week15_extra_orderings\dwt_419_incidence_degree.txt
dwt_419,INCIDENCE_DEGREE,6,286,360,0.13875598086124402,data\processed\initial_graph_coloring_dataset\colpack_outputs_week15_extra_orderings\dwt_419_incidence_degree.txt
dwt_419,INCIDENCE_DEGREE,6,75,361,0.13636363636363635,data\processed\initial_graph_coloring_dataset\colpack_outputs_week15_extra_orderings\dwt_419_incidence_degree.txt
dwt_419,INCIDENCE_DEGREE,6,303,362,0.1339712918660287,data\processed\initial_graph_coloring_dataset\colpack_outputs_week15_extra_orderings\dwt_419_incidence_degree.txt
dwt_419,INCIDENCE_DEGREE,6,92,363,0.13157894736842105,data\processed\initial_graph_coloring_dataset\colpack_outputs_week15_extra_orderings\dwt_419_incidence_degree.txt
dwt_419,INCIDENCE_DEGREE,6,91,364,0.1291866028708134,data\processed\initial_graph_coloring_dataset\colpack_outputs_week15_extra_orderings\dwt_419_incidence_degree.txt
dwt_419,INCIDENCE_DEGREE,6,103,365,0.12679425837320574,data\processed\initial_graph_coloring_dataset\colpack_outputs_week15_extra_orderings\dwt_419_incidence_degree.txt
dwt_419,INCIDENCE_DEGREE,6,314,366,0.12440191387559808,data\processed\initial_graph_coloring_dataset\colpack_outputs_week15_extra_orderings\dwt_419_incidence_degree.txt
dwt_419,INCIDENCE_DEGREE,6,302,367,0.12200956937799043,data\processed\initial_graph_coloring_dataset\colpack_outputs_week15_extra_orderings\dwt_419_incidence_degree.txt
dwt_419,INCIDENCE_DEGREE,6,313,368,0.11961722488038277,data\processed\initial_graph_coloring_dataset\colpack_outputs_week15_extra_orderings\dwt_419_incidence_degree.txt
dwt_419,INCIDENCE_DEGREE,6,102,369,0.11722488038277512,data\processed\initial_graph_coloring_dataset\colpack_outputs_week15_extra_orderings\dwt_419_incidence_degree.txt
dwt_419,INCIDENCE_DEGREE,6,275,370,0.11483253588516747,data\processed\initial_graph_coloring_dataset\colpack_outputs_week15_extra_orderings\dwt_419_incidence_degree.txt
dwt_419,INCIDENCE_DEGREE,6,64,371,0.11244019138755981,data\processed\initial_graph_coloring_dataset\colpack_outputs_week15_extra_orderings\dwt_419_incidence_degree.txt
dwt_419,INCIDENCE_DEGREE,6,298,372,0.11004784688995216,data\processed\initial_graph_coloring_dataset\colpack_outputs_week15_extra_orderings\dwt_419_incidence_degree.txt
dwt_419,INCIDENCE_DEGREE,6,87,373,0.1076555023923445,data\processed\initial_graph_coloring_dataset\colpack_outputs_week15_extra_orderings\dwt_419_incidence_degree.txt
dwt_419,INCIDENCE_DEGREE,6,88,374,0.10526315789473684,data\processed\initial_graph_coloring_dataset\colpack_outputs_week15_extra_orderings\dwt_419_incidence_degree.txt
dwt_419,INCIDENCE_DEGREE,6,93,375,0.10287081339712918,data\processed\initial_graph_coloring_dataset\colpack_outputs_week15_extra_orderings\dwt_419_incidence_degree.txt
dwt_419,INCIDENCE_DEGREE,6,304,376,0.10047846889952153,data\processed\initial_graph_coloring_dataset\colpack_outputs_week15_extra_orderings\dwt_419_incidence_degree.txt
dwt_419,INCIDENCE_DEGREE,6,299,377,0.09808612440191387,data\processed\initial_graph_coloring_dataset\colpack_outputs_week15_extra_orderings\dwt_419_incidence_degree.txt
dwt_419,INCIDENCE_DEGREE,6,305,378,0.09569377990430622,data\processed\initial_graph_coloring_dataset\colpack_outputs_week15_extra_orderings\dwt_419_incidence_degree.txt
dwt_419,INCIDENCE_DEGREE,6,94,379,0.09330143540669857,data\processed\initial_graph_coloring_dataset\colpack_outputs_week15_extra_orderings\dwt_419_incidence_degree.txt
dwt_419,INCIDENCE_DEGREE,6,166,380,0.09090909090909091,data\processed\initial_graph_coloring_dataset\colpack_outputs_week15_extra_orderings\dwt_419_incidence_degree.txt
dwt_419,INCIDENCE_DEGREE,6,175,381,0.08851674641148326,data\processed\initial_graph_coloring_dataset\colpack_outputs_week15_extra_orderings\dwt_419_incidence_degree.txt
dwt_419,INCIDENCE_DEGREE,6,167,382,0.0861244019138756,data\processed\initial_graph_coloring_dataset\colpack_outputs_week15_extra_orderings\dwt_419_incidence_degree.txt
dwt_419,INCIDENCE_DEGREE,6,176,383,0.08373205741626795,data\processed\initial_graph_coloring_dataset\colpack_outputs_week15_extra_orderings\dwt_419_incidence_degree.txt
dwt_419,INCIDENCE_DEGREE,6,387,384,0.08133971291866028,data\processed\initial_graph_coloring_dataset\colpack_outputs_week15_extra_orderings\dwt_419_incidence_degree.txt
dwt_419,INCIDENCE_DEGREE,6,385,385,0.07894736842105263,data\processed\initial_graph_coloring_dataset\colpack_outputs_week15_extra_orderings\dwt_419_incidence_degree.txt
dwt_419,INCIDENCE_DEGREE,6,174,386,0.07655502392344497,data\processed\initial_graph_coloring_dataset\colpack_outputs_week15_extra_orderings\dwt_419_incidence_degree.txt
dwt_419,INCIDENCE_DEGREE,6,384,387,0.07416267942583732,data\processed\initial_graph_coloring_dataset\colpack_outputs_week15_extra_orderings\dwt_419_incidence_degree.txt
dwt_419,INCIDENCE_DEGREE,6,383,388,0.07177033492822966,data\processed\initial_graph_coloring_dataset\colpack_outputs_week15_extra_orderings\dwt_419_incidence_degree.txt
dwt_419,INCIDENCE_DEGREE,6,173,389,0.06937799043062201,data\processed\initial_graph_coloring_dataset\colpack_outputs_week15_extra_orderings\dwt_419_incidence_degree.txt
dwt_419,INCIDENCE_DEGREE,6,172,390,0.06698564593301436,data\processed\initial_graph_coloring_dataset\colpack_outputs_week15_extra_orderings\dwt_419_incidence_degree.txt
dwt_419,INCIDENCE_DEGREE,6,312,391,0.0645933014354067,data\processed\initial_graph_coloring_dataset\colpack_outputs_week15_extra_orderings\dwt_419_incidence_degree.txt
dwt_419,INCIDENCE_DEGREE,6,311,392,0.06220095693779904,data\processed\initial_graph_coloring_dataset\colpack_outputs_week15_extra_orderings\dwt_419_incidence_degree.txt
dwt_419,INCIDENCE_DEGREE,6,101,393,0.05980861244019139,data\processed\initial_graph_coloring_dataset\colpack_outputs_week15_extra_orderings\dwt_419_incidence_degree.txt
dwt_419,INCIDENCE_DEGREE,6,100,394,0.05741626794258373,data\processed\initial_graph_coloring_dataset\colpack_outputs_week15_extra_orderings\dwt_419_incidence_degree.txt
dwt_419,INCIDENCE_DEGREE,6,328,395,0.05502392344497608,data\processed\initial_graph_coloring_dataset\colpack_outputs_week15_extra_orderings\dwt_419_incidence_degree.txt
dwt_419,INCIDENCE_DEGREE,6,329,396,0.05263157894736842,data\processed\initial_graph_coloring_dataset\colpack_outputs_week15_extra_orderings\dwt_419_incidence_degree.txt
dwt_419,INCIDENCE_DEGREE,6,118,397,0.050239234449760764,data\processed\initial_graph_coloring_dataset\colpack_outputs_week15_extra_orderings\dwt_419_incidence_degree.txt
dwt_419,INCIDENCE_DEGREE,6,117,398,0.04784688995215311,data\processed\initial_graph_coloring_dataset\colpack_outputs_week15_extra_orderings\dwt_419_incidence_degree.txt
dwt_419,INCIDENCE_DEGREE,6,178,399,0.045454545454545456,data\processed\initial_graph_coloring_dataset\colpack_outputs_week15_extra_orderings\dwt_419_incidence_degree.txt
dwt_419,INCIDENCE_DEGREE,6,389,400,0.0430622009569378,data\processed\initial_graph_coloring_dataset\colpack_outputs_week15_extra_orderings\dwt_419_incidence_degree.txt
dwt_419,INCIDENCE_DEGREE,6,388,401,0.04066985645933014,data\processed\initial_graph_coloring_dataset\colpack_outputs_week15_extra_orderings\dwt_419_incidence_degree.txt
dwt_419,INCIDENCE_DEGREE,6,177,402,0.03827751196172249,data\processed\initial_graph_coloring_dataset\colpack_outputs_week15_extra_orderings\dwt_419_incidence_degree.txt
dwt_419,INCIDENCE_DEGREE,6,36,403,0.03588516746411483,data\processed\initial_graph_coloring_dataset\colpack_outputs_week15_extra_orderings\dwt_419_incidence_degree.txt
dwt_419,INCIDENCE_DEGREE,6,248,404,0.03349282296650718,data\processed\initial_graph_coloring_dataset\colpack_outputs_week15_extra_orderings\dwt_419_incidence_degree.txt
dwt_419,INCIDENCE_DEGREE,6,247,405,0.03110047846889952,data\processed\initial_graph_coloring_dataset\colpack_outputs_week15_extra_orderings\dwt_419_incidence_degree.txt
dwt_419,INCIDENCE_DEGREE,6,37,406,0.028708133971291867,data\processed\initial_graph_coloring_dataset\colpack_outputs_week15_extra_orderings\dwt_419_incidence_degree.txt
dwt_419,INCIDENCE_DEGREE,6,324,407,0.02631578947368421,data\processed\initial_graph_coloring_dataset\colpack_outputs_week15_extra_orderings\dwt_419_incidence_degree.txt
dwt_419,INCIDENCE_DEGREE,6,323,408,0.023923444976076555,data\processed\initial_graph_coloring_dataset\colpack_outputs_week15_extra_orderings\dwt_419_incidence_degree.txt
dwt_419,INCIDENCE_DEGREE,6,113,409,0.0215311004784689,data\processed\initial_graph_coloring_dataset\colpack_outputs_week15_extra_orderings\dwt_419_incidence_degree.txt
dwt_419,INCIDENCE_DEGREE,6,112,410,0.019138755980861243,data\processed\initial_graph_coloring_dataset\colpack_outputs_week15_extra_orderings\dwt_419_incidence_degree.txt
dwt_419,INCIDENCE_DEGREE,6,42,411,0.01674641148325359,data\processed\initial_graph_coloring_dataset\colpack_outputs_week15_extra_orderings\dwt_419_incidence_degree.txt
dwt_419,INCIDENCE_DEGREE,6,253,412,0.014354066985645933,data\processed\initial_graph_coloring_dataset\colpack_outputs_week15_extra_orderings\dwt_419_incidence_degree.txt
dwt_419,INCIDENCE_DEGREE,6,252,413,0.011961722488038277,data\processed\initial_graph_coloring_dataset\colpack_outputs_week15_extra_orderings\dwt_419_incidence_degree.txt
dwt_419,INCIDENCE_DEGREE,6,41,414,0.009569377990430622,data\processed\initial_graph_coloring_dataset\colpack_outputs_week15_extra_orderings\dwt_419_incidence_degree.txt
dwt_419,INCIDENCE_DEGREE,6,307,415,0.007177033492822967,data\processed\initial_graph_coloring_dataset\colpack_outputs_week15_extra_orderings\dwt_419_incidence_degree.txt
dwt_419,INCIDENCE_DEGREE,6,306,416,0.004784688995215311,data\processed\initial_graph_coloring_dataset\colpack_outputs_week15_extra_orderings\dwt_419_incidence_degree.txt
dwt_419,INCIDENCE_DEGREE,6,96,417,0.0023923444976076554,data\processed\initial_graph_coloring_dataset\colpack_outputs_week15_extra_orderings\dwt_419_incidence_degree.txt
dwt_419,INCIDENCE_DEGREE,6,95,418,0.0,data\processed\initial_graph_coloring_dataset\colpack_outputs_week15_extra_orderings\dwt_419_incidence_degree.txt
hess_pat,DYNAMIC_LARGEST_FIRST,6,17,0,1.0,data\processed\initial_graph_coloring_dataset\colpack_outputs_week15_extra_orderings\hess_pat_dynamic_largest_first.txt
hess_pat,DYNAMIC_LARGEST_FIRST,6,3,1,0.9761904761904762,data\processed\initial_graph_coloring_dataset\colpack_outputs_week15_extra_orderings\hess_pat_dynamic_largest_first.txt
hess_pat,DYNAMIC_LARGEST_FIRST,6,19,2,0.9523809523809523,data\processed\initial_graph_coloring_dataset\colpack_outputs_week15_extra_orderings\hess_pat_dynamic_largest_first.txt
hess_pat,DYNAMIC_LARGEST_FIRST,6,5,3,0.9285714285714286,data\processed\initial_graph_coloring_dataset\colpack_outputs_week15_extra_orderings\hess_pat_dynamic_largest_first.txt
hess_pat,DYNAMIC_LARGEST_FIRST,6,22,4,0.9047619047619048,data\processed\initial_graph_coloring_dataset\colpack_outputs_week15_extra_orderings\hess_pat_dynamic_largest_first.txt
hess_pat,DYNAMIC_LARGEST_FIRST,6,15,5,0.8809523809523809,data\processed\initial_graph_coloring_dataset\colpack_outputs_week15_extra_orderings\hess_pat_dynamic_largest_first.txt
hess_pat,DYNAMIC_LARGEST_FIRST,6,1,6,0.8571428571428571,data\processed\initial_graph_coloring_dataset\colpack_outputs_week15_extra_orderings\hess_pat_dynamic_largest_first.txt
hess_pat,DYNAMIC_LARGEST_FIRST,6,8,7,0.8333333333333334,data\processed\initial_graph_coloring_dataset\colpack_outputs_week15_extra_orderings\hess_pat_dynamic_largest_first.txt
hess_pat,DYNAMIC_LARGEST_FIRST,6,26,8,0.8095238095238095,data\processed\initial_graph_coloring_dataset\colpack_outputs_week15_extra_orderings\hess_pat_dynamic_largest_first.txt
hess_pat,DYNAMIC_LARGEST_FIRST,6,12,9,0.7857142857142857,data\processed\initial_graph_coloring_dataset\colpack_outputs_week15_extra_orderings\hess_pat_dynamic_largest_first.txt
hess_pat,DYNAMIC_LARGEST_FIRST,6,9,10,0.7619047619047619,data\processed\initial_graph_coloring_dataset\colpack_outputs_week15_extra_orderings\hess_pat_dynamic_largest_first.txt
hess_pat,DYNAMIC_LARGEST_FIRST,6,4,11,0.7380952380952381,data\processed\initial_graph_coloring_dataset\colpack_outputs_week15_extra_orderings\hess_pat_dynamic_largest_first.txt
hess_pat,DYNAMIC_LARGEST_FIRST,6,6,12,0.7142857142857143,data\processed\initial_graph_coloring_dataset\colpack_outputs_week15_extra_orderings\hess_pat_dynamic_largest_first.txt
hess_pat,DYNAMIC_LARGEST_FIRST,6,21,13,0.6904761904761905,data\processed\initial_graph_coloring_dataset\colpack_outputs_week15_extra_orderings\hess_pat_dynamic_largest_first.txt
hess_pat,DYNAMIC_LARGEST_FIRST,6,18,14,0.6666666666666666,data\processed\initial_graph_coloring_dataset\colpack_outputs_week15_extra_orderings\hess_pat_dynamic_largest_first.txt
hess_pat,DYNAMIC_LARGEST_FIRST,6,24,15,0.6428571428571429,data\processed\initial_graph_coloring_dataset\colpack_outputs_week15_extra_orderings\hess_pat_dynamic_largest_first.txt
hess_pat,DYNAMIC_LARGEST_FIRST,6,23,16,0.6190476190476191,data\processed\initial_graph_coloring_dataset\colpack_outputs_week15_extra_orderings\hess_pat_dynamic_largest_first.txt
hess_pat,DYNAMIC_LARGEST_FIRST,6,14,17,0.5952380952380952,data\processed\initial_graph_coloring_dataset\colpack_outputs_week15_extra_orderings\hess_pat_dynamic_largest_first.txt
hess_pat,DYNAMIC_LARGEST_FIRST,6,20,18,0.5714285714285714,data\processed\initial_graph_coloring_dataset\colpack_outputs_week15_extra_orderings\hess_pat_dynamic_largest_first.txt
hess_pat,DYNAMIC_LARGEST_FIRST,6,27,19,0.5476190476190477,data\processed\initial_graph_coloring_dataset\colpack_outputs_week15_extra_orderings\hess_pat_dynamic_largest_first.txt
hess_pat,DYNAMIC_LARGEST_FIRST,6,25,20,0.5238095238095238,data\processed\initial_graph_coloring_dataset\colpack_outputs_week15_extra_orderings\hess_pat_dynamic_largest_first.txt
hess_pat,DYNAMIC_LARGEST_FIRST,6,16,21,0.5,data\processed\initial_graph_coloring_dataset\colpack_outputs_week15_extra_orderings\hess_pat_dynamic_largest_first.txt
hess_pat,DYNAMIC_LARGEST_FIRST,6,2,22,0.47619047619047616,data\processed\initial_graph_coloring_dataset\colpack_outputs_week15_extra_orderings\hess_pat_dynamic_largest_first.txt
hess_pat,DYNAMIC_LARGEST_FIRST,6,11,23,0.4523809523809524,data\processed\initial_graph_coloring_dataset\colpack_outputs_week15_extra_orderings\hess_pat_dynamic_largest_first.txt
hess_pat,DYNAMIC_LARGEST_FIRST,6,13,24,0.42857142857142855,data\processed\initial_graph_coloring_dataset\colpack_outputs_week15_extra_orderings\hess_pat_dynamic_largest_first.txt
hess_pat,DYNAMIC_LARGEST_FIRST,6,7,25,0.40476190476190477,data\processed\initial_graph_coloring_dataset\colpack_outputs_week15_extra_orderings\hess_pat_dynamic_largest_first.txt
hess_pat,DYNAMIC_LARGEST_FIRST,6,0,26,0.38095238095238093,data\processed\initial_graph_coloring_dataset\colpack_outputs_week15_extra_orderings\hess_pat_dynamic_largest_first.txt
hess_pat,DYNAMIC_LARGEST_FIRST,6,10,27,0.35714285714285715,data\processed\initial_graph_coloring_dataset\colpack_outputs_week15_extra_orderings\hess_pat_dynamic_largest_first.txt
hess_pat,DYNAMIC_LARGEST_FIRST,6,42,28,0.3333333333333333,data\processed\initial_graph_coloring_dataset\colpack_outputs_week15_extra_orderings\hess_pat_dynamic_largest_first.txt
hess_pat,DYNAMIC_LARGEST_FIRST,6,41,29,0.30952380952380953,data\processed\initial_graph_coloring_dataset\colpack_outputs_week15_extra_orderings\hess_pat_dynamic_largest_first.txt
hess_pat,DYNAMIC_LARGEST_FIRST,6,40,30,0.2857142857142857,data\processed\initial_graph_coloring_dataset\colpack_outputs_week15_extra_orderings\hess_pat_dynamic_largest_first.txt
hess_pat,DYNAMIC_LARGEST_FIRST,6,39,31,0.2619047619047619,data\processed\initial_graph_coloring_dataset\colpack_outputs_week15_extra_orderings\hess_pat_dynamic_largest_first.txt
hess_pat,DYNAMIC_LARGEST_FIRST,6,38,32,0.23809523809523808,data\processed\initial_graph_coloring_dataset\colpack_outputs_week15_extra_orderings\hess_pat_dynamic_largest_first.txt
hess_pat,DYNAMIC_LARGEST_FIRST,6,37,33,0.21428571428571427,data\processed\initial_graph_coloring_dataset\colpack_outputs_week15_extra_orderings\hess_pat_dynamic_largest_first.txt
hess_pat,DYNAMIC_LARGEST_FIRST,6,36,34,0.19047619047619047,data\processed\initial_graph_coloring_dataset\colpack_outputs_week15_extra_orderings\hess_pat_dynamic_largest_first.txt
hess_pat,DYNAMIC_LARGEST_FIRST,6,35,35,0.16666666666666666,data\processed\initial_graph_coloring_dataset\colpack_outputs_week15_extra_orderings\hess_pat_dynamic_largest_first.txt
hess_pat,DYNAMIC_LARGEST_FIRST,6,34,36,0.14285714285714285,data\processed\initial_graph_coloring_dataset\colpack_outputs_week15_extra_orderings\hess_pat_dynamic_largest_first.txt
hess_pat,DYNAMIC_LARGEST_FIRST,6,33,37,0.11904761904761904,data\processed\initial_graph_coloring_dataset\colpack_outputs_week15_extra_orderings\hess_pat_dynamic_largest_first.txt
hess_pat,DYNAMIC_LARGEST_FIRST,6,32,38,0.09523809523809523,data\processed\initial_graph_coloring_dataset\colpack_outputs_week15_extra_orderings\hess_pat_dynamic_largest_first.txt
hess_pat,DYNAMIC_LARGEST_FIRST,6,31,39,0.07142857142857142,data\processed\initial_graph_coloring_dataset\colpack_outputs_week15_extra_orderings\hess_pat_dynamic_largest_first.txt
hess_pat,DYNAMIC_LARGEST_FIRST,6,30,40,0.047619047619047616,data\processed\initial_graph_coloring_dataset\colpack_outputs_week15_extra_orderings\hess_pat_dynamic_largest_first.txt
hess_pat,DYNAMIC_LARGEST_FIRST,6,29,41,0.023809523809523808,data\processed\initial_graph_coloring_dataset\colpack_outputs_week15_extra_orderings\hess_pat_dynamic_largest_first.txt
hess_pat,DYNAMIC_LARGEST_FIRST,6,28,42,0.0,data\processed\initial_graph_coloring_dataset\colpack_outputs_week15_extra_orderings\hess_pat_dynamic_largest_first.txt
hess_pat_small,DYNAMIC_LARGEST_FIRST,3,3,0,1.0,data\processed\initial_graph_coloring_dataset\colpack_outputs_week15_extra_orderings\hess_pat_small_dynamic_largest_first.txt
hess_pat_small,DYNAMIC_LARGEST_FIRST,3,1,1,0.8888888888888888,data\processed\initial_graph_coloring_dataset\colpack_outputs_week15_extra_orderings\hess_pat_small_dynamic_largest_first.txt
hess_pat_small,DYNAMIC_LARGEST_FIRST,3,4,2,0.7777777777777778,data\processed\initial_graph_coloring_dataset\colpack_outputs_week15_extra_orderings\hess_pat_small_dynamic_largest_first.txt
hess_pat_small,DYNAMIC_LARGEST_FIRST,3,6,3,0.6666666666666666,data\processed\initial_graph_coloring_dataset\colpack_outputs_week15_extra_orderings\hess_pat_small_dynamic_largest_first.txt
hess_pat_small,DYNAMIC_LARGEST_FIRST,3,8,4,0.5555555555555556,data\processed\initial_graph_coloring_dataset\colpack_outputs_week15_extra_orderings\hess_pat_small_dynamic_largest_first.txt
hess_pat_small,DYNAMIC_LARGEST_FIRST,3,9,5,0.4444444444444444,data\processed\initial_graph_coloring_dataset\colpack_outputs_week15_extra_orderings\hess_pat_small_dynamic_largest_first.txt
hess_pat_small,DYNAMIC_LARGEST_FIRST,3,7,6,0.3333333333333333,data\processed\initial_graph_coloring_dataset\colpack_outputs_week15_extra_orderings\hess_pat_small_dynamic_largest_first.txt
hess_pat_small,DYNAMIC_LARGEST_FIRST,3,5,7,0.2222222222222222,data\processed\initial_graph_coloring_dataset\colpack_outputs_week15_extra_orderings\hess_pat_small_dynamic_largest_first.txt
hess_pat_small,DYNAMIC_LARGEST_FIRST,3,0,8,0.1111111111111111,data\processed\initial_graph_coloring_dataset\colpack_outputs_week15_extra_orderings\hess_pat_small_dynamic_largest_first.txt
hess_pat_small,DYNAMIC_LARGEST_FIRST,3,2,9,0.0,data\processed\initial_graph_coloring_dataset\colpack_outputs_week15_extra_orderings\hess_pat_small_dynamic_largest_first.txt
jac_pat,DYNAMIC_LARGEST_FIRST,11,18,0,1.0,data\processed\initial_graph_coloring_dataset\colpack_outputs_week15_extra_orderings\jac_pat_dynamic_largest_first.txt
jac_pat,DYNAMIC_LARGEST_FIRST,11,4,1,0.9761904761904762,data\processed\initial_graph_coloring_dataset\colpack_outputs_week15_extra_orderings\jac_pat_dynamic_largest_first.txt
jac_pat,DYNAMIC_LARGEST_FIRST,11,15,2,0.9523809523809523,data\processed\initial_graph_coloring_dataset\colpack_outputs_week15_extra_orderings\jac_pat_dynamic_largest_first.txt
jac_pat,DYNAMIC_LARGEST_FIRST,11,16,3,0.9285714285714286,data\processed\initial_graph_coloring_dataset\colpack_outputs_week15_extra_orderings\jac_pat_dynamic_largest_first.txt
jac_pat,DYNAMIC_LARGEST_FIRST,11,25,4,0.9047619047619048,data\processed\initial_graph_coloring_dataset\colpack_outputs_week15_extra_orderings\jac_pat_dynamic_largest_first.txt
jac_pat,DYNAMIC_LARGEST_FIRST,11,33,5,0.8809523809523809,data\processed\initial_graph_coloring_dataset\colpack_outputs_week15_extra_orderings\jac_pat_dynamic_largest_first.txt
jac_pat,DYNAMIC_LARGEST_FIRST,11,2,6,0.8571428571428571,data\processed\initial_graph_coloring_dataset\colpack_outputs_week15_extra_orderings\jac_pat_dynamic_largest_first.txt
jac_pat,DYNAMIC_LARGEST_FIRST,11,1,7,0.8333333333333334,data\processed\initial_graph_coloring_dataset\colpack_outputs_week15_extra_orderings\jac_pat_dynamic_largest_first.txt
jac_pat,DYNAMIC_LARGEST_FIRST,11,12,8,0.8095238095238095,data\processed\initial_graph_coloring_dataset\colpack_outputs_week15_extra_orderings\jac_pat_dynamic_largest_first.txt
jac_pat,DYNAMIC_LARGEST_FIRST,11,26,9,0.7857142857142857,data\processed\initial_graph_coloring_dataset\colpack_outputs_week15_extra_orderings\jac_pat_dynamic_largest_first.txt
jac_pat,DYNAMIC_LARGEST_FIRST,11,3,10,0.7619047619047619,data\processed\initial_graph_coloring_dataset\colpack_outputs_week15_extra_orderings\jac_pat_dynamic_largest_first.txt
jac_pat,DYNAMIC_LARGEST_FIRST,11,11,11,0.7380952380952381,data\processed\initial_graph_coloring_dataset\colpack_outputs_week15_extra_orderings\jac_pat_dynamic_largest_first.txt
jac_pat,DYNAMIC_LARGEST_FIRST,11,17,12,0.7142857142857143,data\processed\initial_graph_coloring_dataset\colpack_outputs_week15_extra_orderings\jac_pat_dynamic_largest_first.txt
jac_pat,DYNAMIC_LARGEST_FIRST,11,5,13,0.6904761904761905,data\processed\initial_graph_coloring_dataset\colpack_outputs_week15_extra_orderings\jac_pat_dynamic_largest_first.txt
jac_pat,DYNAMIC_LARGEST_FIRST,11,21,14,0.6666666666666666,data\processed\initial_graph_coloring_dataset\colpack_outputs_week15_extra_orderings\jac_pat_dynamic_largest_first.txt
jac_pat,DYNAMIC_LARGEST_FIRST,11,20,15,0.6428571428571429,data\processed\initial_graph_coloring_dataset\colpack_outputs_week15_extra_orderings\jac_pat_dynamic_largest_first.txt
jac_pat,DYNAMIC_LARGEST_FIRST,11,24,16,0.6190476190476191,data\processed\initial_graph_coloring_dataset\colpack_outputs_week15_extra_orderings\jac_pat_dynamic_largest_first.txt
jac_pat,DYNAMIC_LARGEST_FIRST,11,29,17,0.5952380952380952,data\processed\initial_graph_coloring_dataset\colpack_outputs_week15_extra_orderings\jac_pat_dynamic_largest_first.txt
jac_pat,DYNAMIC_LARGEST_FIRST,11,14,18,0.5714285714285714,data\processed\initial_graph_coloring_dataset\colpack_outputs_week15_extra_orderings\jac_pat_dynamic_largest_first.txt
jac_pat,DYNAMIC_LARGEST_FIRST,11,19,19,0.5476190476190477,data\processed\initial_graph_coloring_dataset\colpack_outputs_week15_extra_orderings\jac_pat_dynamic_largest_first.txt
jac_pat,DYNAMIC_LARGEST_FIRST,11,7,20,0.5238095238095238,data\processed\initial_graph_coloring_dataset\colpack_outputs_week15_extra_orderings\jac_pat_dynamic_largest_first.txt
jac_pat,DYNAMIC_LARGEST_FIRST,11,6,21,0.5,data\processed\initial_graph_coloring_dataset\colpack_outputs_week15_extra_orderings\jac_pat_dynamic_largest_first.txt
jac_pat,DYNAMIC_LARGEST_FIRST,11,10,22,0.47619047619047616,data\processed\initial_graph_coloring_dataset\colpack_outputs_week15_extra_orderings\jac_pat_dynamic_largest_first.txt
jac_pat,DYNAMIC_LARGEST_FIRST,11,0,23,0.4523809523809524,data\processed\initial_graph_coloring_dataset\colpack_outputs_week15_extra_orderings\jac_pat_dynamic_largest_first.txt
jac_pat,DYNAMIC_LARGEST_FIRST,11,30,24,0.42857142857142855,data\processed\initial_graph_coloring_dataset\colpack_outputs_week15_extra_orderings\jac_pat_dynamic_largest_first.txt
jac_pat,DYNAMIC_LARGEST_FIRST,11,42,25,0.40476190476190477,data\processed\initial_graph_coloring_dataset\colpack_outputs_week15_extra_orderings\jac_pat_dynamic_largest_first.txt
jac_pat,DYNAMIC_LARGEST_FIRST,11,41,26,0.38095238095238093,data\processed\initial_graph_coloring_dataset\colpack_outputs_week15_extra_orderings\jac_pat_dynamic_largest_first.txt
jac_pat,DYNAMIC_LARGEST_FIRST,11,40,27,0.35714285714285715,data\processed\initial_graph_coloring_dataset\colpack_outputs_week15_extra_orderings\jac_pat_dynamic_largest_first.txt
jac_pat,DYNAMIC_LARGEST_FIRST,11,39,28,0.3333333333333333,data\processed\initial_graph_coloring_dataset\colpack_outputs_week15_extra_orderings\jac_pat_dynamic_largest_first.txt
jac_pat,DYNAMIC_LARGEST_FIRST,11,38,29,0.30952380952380953,data\processed\initial_graph_coloring_dataset\colpack_outputs_week15_extra_orderings\jac_pat_dynamic_largest_first.txt
jac_pat,DYNAMIC_LARGEST_FIRST,11,37,30,0.2857142857142857,data\processed\initial_graph_coloring_dataset\colpack_outputs_week15_extra_orderings\jac_pat_dynamic_largest_first.txt
jac_pat,DYNAMIC_LARGEST_FIRST,11,36,31,0.2619047619047619,data\processed\initial_graph_coloring_dataset\colpack_outputs_week15_extra_orderings\jac_pat_dynamic_largest_first.txt
jac_pat,DYNAMIC_LARGEST_FIRST,11,35,32,0.23809523809523808,data\processed\initial_graph_coloring_dataset\colpack_outputs_week15_extra_orderings\jac_pat_dynamic_largest_first.txt
jac_pat,DYNAMIC_LARGEST_FIRST,11,34,33,0.21428571428571427,data\processed\initial_graph_coloring_dataset\colpack_outputs_week15_extra_orderings\jac_pat_dynamic_largest_first.txt
jac_pat,DYNAMIC_LARGEST_FIRST,11,32,34,0.19047619047619047,data\processed\initial_graph_coloring_dataset\colpack_outputs_week15_extra_orderings\jac_pat_dynamic_largest_first.txt
jac_pat,DYNAMIC_LARGEST_FIRST,11,31,35,0.16666666666666666,data\processed\initial_graph_coloring_dataset\colpack_outputs_week15_extra_orderings\jac_pat_dynamic_largest_first.txt
jac_pat,DYNAMIC_LARGEST_FIRST,11,28,36,0.14285714285714285,data\processed\initial_graph_coloring_dataset\colpack_outputs_week15_extra_orderings\jac_pat_dynamic_largest_first.txt
jac_pat,DYNAMIC_LARGEST_FIRST,11,27,37,0.11904761904761904,data\processed\initial_graph_coloring_dataset\colpack_outputs_week15_extra_orderings\jac_pat_dynamic_largest_first.txt
jac_pat,DYNAMIC_LARGEST_FIRST,11,23,38,0.09523809523809523,data\processed\initial_graph_coloring_dataset\colpack_outputs_week15_extra_orderings\jac_pat_dynamic_largest_first.txt
jac_pat,DYNAMIC_LARGEST_FIRST,11,22,39,0.07142857142857142,data\processed\initial_graph_coloring_dataset\colpack_outputs_week15_extra_orderings\jac_pat_dynamic_largest_first.txt
jac_pat,DYNAMIC_LARGEST_FIRST,11,13,40,0.047619047619047616,data\processed\initial_graph_coloring_dataset\colpack_outputs_week15_extra_orderings\jac_pat_dynamic_largest_first.txt
jac_pat,DYNAMIC_LARGEST_FIRST,11,9,41,0.023809523809523808,data\processed\initial_graph_coloring_dataset\colpack_outputs_week15_extra_orderings\jac_pat_dynamic_largest_first.txt
jac_pat,DYNAMIC_LARGEST_FIRST,11,8,42,0.0,data\processed\initial_graph_coloring_dataset\colpack_outputs_week15_extra_orderings\jac_pat_dynamic_largest_first.txt
sherman1,INCIDENCE_DEGREE,2,213,0,1.0,data\processed\initial_graph_coloring_dataset\colpack_outputs_week15_extra_orderings\sherman1_incidence_degree.txt
sherman1,INCIDENCE_DEGREE,2,313,1,0.998998998998999,data\processed\initial_graph_coloring_dataset\colpack_outputs_week15_extra_orderings\sherman1_incidence_degree.txt
sherman1,INCIDENCE_DEGREE,2,413,2,0.997997997997998,data\processed\initial_graph_coloring_dataset\colpack_outputs_week15_extra_orderings\sherman1_incidence_degree.txt
sherman1,INCIDENCE_DEGREE,2,423,3,0.996996996996997,data\processed\initial_graph_coloring_dataset\colpack_outputs_week15_extra_orderings\sherman1_incidence_degree.txt
sherman1,INCIDENCE_DEGREE,2,323,4,0.995995995995996,data\processed\initial_graph_coloring_dataset\colpack_outputs_week15_extra_orderings\sherman1_incidence_degree.txt
sherman1,INCIDENCE_DEGREE,2,223,5,0.994994994994995,data\processed\initial_graph_coloring_dataset\colpack_outputs_week15_extra_orderings\sherman1_incidence_degree.txt
sherman1,INCIDENCE_DEGREE,2,233,6,0.993993993993994,data\processed\initial_graph_coloring_dataset\colpack_outputs_week15_extra_orderings\sherman1_incidence_degree.txt
sherman1,INCIDENCE_DEGREE,2,333,7,0.992992992992993,data\processed\initial_graph_coloring_dataset\colpack_outputs_week15_extra_orderings\sherman1_incidence_degree.txt
sherman1,INCIDENCE_DEGREE,2,433,8,0.991991991991992,data\processed\initial_graph_coloring_dataset\colpack_outputs_week15_extra_orderings\sherman1_incidence_degree.txt
sherman1,INCIDENCE_DEGREE,2,443,9,0.990990990990991,data\processed\initial_graph_coloring_dataset\colpack_outputs_week15_extra_orderings\sherman1_incidence_degree.txt
sherman1,INCIDENCE_DEGREE,2,343,10,0.98998998998999,data\processed\initial_graph_coloring_dataset\colpack_outputs_week15_extra_orderings\sherman1_incidence_degree.txt
sherman1,INCIDENCE_DEGREE,2,243,11,0.988988988988989,data\processed\initial_graph_coloring_dataset\colpack_outputs_week15_extra_orderings\sherman1_incidence_degree.txt
sherman1,INCIDENCE_DEGREE,2,253,12,0.987987987987988,data\processed\initial_graph_coloring_dataset\colpack_outputs_week15_extra_orderings\sherman1_incidence_degree.txt
sherman1,INCIDENCE_DEGREE,2,353,13,0.986986986986987,data\processed\initial_graph_coloring_dataset\colpack_outputs_week15_extra_orderings\sherman1_incidence_degree.txt
sherman1,INCIDENCE_DEGREE,2,453,14,0.985985985985986,data\processed\initial_graph_coloring_dataset\colpack_outputs_week15_extra_orderings\sherman1_incidence_degree.txt
sherman1,INCIDENCE_DEGREE,2,463,15,0.984984984984985,data\processed\initial_graph_coloring_dataset\colpack_outputs_week15_extra_orderings\sherman1_incidence_degree.txt
sherman1,INCIDENCE_DEGREE,2,363,16,0.983983983983984,data\processed\initial_graph_coloring_dataset\colpack_outputs_week15_extra_orderings\sherman1_incidence_degree.txt
sherman1,INCIDENCE_DEGREE,2,263,17,0.982982982982983,data\processed\initial_graph_coloring_dataset\colpack_outputs_week15_extra_orderings\sherman1_incidence_degree.txt
sherman1,INCIDENCE_DEGREE,2,273,18,0.9819819819819819,data\processed\initial_graph_coloring_dataset\colpack_outputs_week15_extra_orderings\sherman1_incidence_degree.txt
sherman1,INCIDENCE_DEGREE,2,373,19,0.980980980980981,data\processed\initial_graph_coloring_dataset\colpack_outputs_week15_extra_orderings\sherman1_incidence_degree.txt
sherman1,INCIDENCE_DEGREE,2,473,20,0.97997997997998,data\processed\initial_graph_coloring_dataset\colpack_outputs_week15_extra_orderings\sherman1_incidence_degree.txt
sherman1,INCIDENCE_DEGREE,2,483,21,0.978978978978979,data\processed\initial_graph_coloring_dataset\colpack_outputs_week15_extra_orderings\sherman1_incidence_degree.txt
sherman1,INCIDENCE_DEGREE,2,493,22,0.977977977977978,data\processed\initial_graph_coloring_dataset\colpack_outputs_week15_extra_orderings\sherman1_incidence_degree.txt
sherman1,INCIDENCE_DEGREE,2,494,23,0.9769769769769769,data\processed\initial_graph_coloring_dataset\colpack_outputs_week15_extra_orderings\sherman1_incidence_degree.txt
sherman1,INCIDENCE_DEGREE,2,484,24,0.975975975975976,data\processed\initial_graph_coloring_dataset\colpack_outputs_week15_extra_orderings\sherman1_incidence_degree.txt
sherman1,INCIDENCE_DEGREE,2,474,25,0.974974974974975,data\processed\initial_graph_coloring_dataset\colpack_outputs_week15_extra_orderings\sherman1_incidence_degree.txt
sherman1,INCIDENCE_DEGREE,2,464,26,0.973973973973974,data\processed\initial_graph_coloring_dataset\colpack_outputs_week15_extra_orderings\sherman1_incidence_degree.txt
sherman1,INCIDENCE_DEGREE,2,454,27,0.972972972972973,data\processed\initial_graph_coloring_dataset\colpack_outputs_week15_extra_orderings\sherman1_incidence_degree.txt
sherman1,INCIDENCE_DEGREE,2,444,28,0.9719719719719719,data\processed\initial_graph_coloring_dataset\colpack_outputs_week15_extra_orderings\sherman1_incidence_degree.txt
sherman1,INCIDENCE_DEGREE,2,434,29,0.970970970970971,data\processed\initial_graph_coloring_dataset\colpack_outputs_week15_extra_orderings\sherman1_incidence_degree.txt
sherman1,INCIDENCE_DEGREE,2,424,30,0.96996996996997,data\processed\initial_graph_coloring_dataset\colpack_outputs_week15_extra_orderings\sherman1_incidence_degree.txt
sherman1,INCIDENCE_DEGREE,2,414,31,0.968968968968969,data\processed\initial_graph_coloring_dataset\colpack_outputs_week15_extra_orderings\sherman1_incidence_degree.txt
sherman1,INCIDENCE_DEGREE,2,514,32,0.9679679679679679,data\processed\initial_graph_coloring_dataset\colpack_outputs_week15_extra_orderings\sherman1_incidence_degree.txt
sherman1,INCIDENCE_DEGREE,2,524,33,0.9669669669669669,data\processed\initial_graph_coloring_dataset\colpack_outputs_week15_extra_orderings\sherman1_incidence_degree.txt
sherman1,INCIDENCE_DEGREE,2,534,34,0.965965965965966,data\processed\initial_graph_coloring_dataset\colpack_outputs_week15_extra_orderings\sherman1_incidence_degree.txt
sherman1,INCIDENCE_DEGREE,2,544,35,0.964964964964965,data\processed\initial_graph_coloring_dataset\colpack_outputs_week15_extra_orderings\sherman1_incidence_degree.txt
sherman1,INCIDENCE_DEGREE,2,554,36,0.963963963963964,data\processed\initial_graph_coloring_dataset\colpack_outputs_week15_extra_orderings\sherman1_incidence_degree.txt
sherman1,INCIDENCE_DEGREE,2,654,37,0.9629629629629629,data\processed\initial_graph_coloring_dataset\colpack_outputs_week15_extra_orderings\sherman1_incidence_degree.txt
sherman1,INCIDENCE_DEGREE,2,644,38,0.9619619619619619,data\processed\initial_graph_coloring_dataset\colpack_outputs_week15_extra_orderings\sherman1_incidence_degree.txt
sherman1,INCIDENCE_DEGREE,2,634,39,0.960960960960961,data\processed\initial_graph_coloring_dataset\colpack_outputs_week15_extra_orderings\sherman1_incidence_degree.txt
sherman1,INCIDENCE_DEGREE,2,624,40,0.95995995995996,data\processed\initial_graph_coloring_dataset\colpack_outputs_week15_extra_orderings\sherman1_incidence_degree.txt
sherman1,INCIDENCE_DEGREE,2,614,41,0.958958958958959,data\processed\initial_graph_coloring_dataset\colpack_outputs_week15_extra_orderings\sherman1_incidence_degree.txt
sherman1,INCIDENCE_DEGREE,2,615,42,0.9579579579579579,data\processed\initial_graph_coloring_dataset\colpack_outputs_week15_extra_orderings\sherman1_incidence_degree.txt
sherman1,INCIDENCE_DEGREE,2,625,43,0.9569569569569569,data\processed\initial_graph_coloring_dataset\colpack_outputs_week15_extra_orderings\sherman1_incidence_degree.txt
sherman1,INCIDENCE_DEGREE,2,635,44,0.955955955955956,data\processed\initial_graph_coloring_dataset\colpack_outputs_week15_extra_orderings\sherman1_incidence_degree.txt
sherman1,INCIDENCE_DEGREE,2,645,45,0.954954954954955,data\processed\initial_graph_coloring_dataset\colpack_outputs_week15_extra_orderings\sherman1_incidence_degree.txt
sherman1,INCIDENCE_DEGREE,2,655,46,0.953953953953954,data\processed\initial_graph_coloring_dataset\colpack_outputs_week15_extra_orderings\sherman1_incidence_degree.txt
sherman1,INCIDENCE_DEGREE,2,755,47,0.9529529529529529,data\processed\initial_graph_coloring_dataset\colpack_outputs_week15_extra_orderings\sherman1_incidence_degree.txt
sherman1,INCIDENCE_DEGREE,2,745,48,0.9519519519519519,data\processed\initial_graph_coloring_dataset\colpack_outputs_week15_extra_orderings\sherman1_incidence_degree.txt
sherman1,INCIDENCE_DEGREE,2,735,49,0.950950950950951,data\processed\initial_graph_coloring_dataset\colpack_outputs_week15_extra_orderings\sherman1_incidence_degree.txt
sherman1,INCIDENCE_DEGREE,2,725,50,0.94994994994995,data\processed\initial_graph_coloring_dataset\colpack_outputs_week15_extra_orderings\sherman1_incidence_degree.txt
sherman1,INCIDENCE_DEGREE,2,715,51,0.948948948948949,data\processed\initial_graph_coloring_dataset\colpack_outputs_week15_extra_orderings\sherman1_incidence_degree.txt
sherman1,INCIDENCE_DEGREE,2,815,52,0.9479479479479479,data\processed\initial_graph_coloring_dataset\colpack_outputs_week15_extra_orderings\sherman1_incidence_degree.txt
sherman1,INCIDENCE_DEGREE,2,825,53,0.9469469469469469,data\processed\initial_graph_coloring_dataset\colpack_outputs_week15_extra_orderings\sherman1_incidence_degree.txt
sherman1,INCIDENCE_DEGREE,2,835,54,0.9459459459459459,data\processed\initial_graph_coloring_dataset\colpack_outputs_week15_extra_orderings\sherman1_incidence_degree.txt
sherman1,INCIDENCE_DEGREE,2,845,55,0.944944944944945,data\processed\initial_graph_coloring_dataset\colpack_outputs_week15_extra_orderings\sherman1_incidence_degree.txt
sherman1,INCIDENCE_DEGREE,2,855,56,0.943943943943944,data\processed\initial_graph_coloring_dataset\colpack_outputs_week15_extra_orderings\sherman1_incidence_degree.txt
sherman1,INCIDENCE_DEGREE,2,955,57,0.9429429429429429,data\processed\initial_graph_coloring_dataset\colpack_outputs_week15_extra_orderings\sherman1_incidence_degree.txt
sherman1,INCIDENCE_DEGREE,2,945,58,0.9419419419419419,data\processed\initial_graph_coloring_dataset\colpack_outputs_week15_extra_orderings\sherman1_incidence_degree.txt
sherman1,INCIDENCE_DEGREE,2,935,59,0.9409409409409409,data\processed\initial_graph_coloring_dataset\colpack_outputs_week15_extra_orderings\sherman1_incidence_degree.txt
sherman1,INCIDENCE_DEGREE,2,925,60,0.93993993993994,data\processed\initial_graph_coloring_dataset\colpack_outputs_week15_extra_orderings\sherman1_incidence_degree.txt
sherman1,INCIDENCE_DEGREE,2,915,61,0.938938938938939,data\processed\initial_graph_coloring_dataset\colpack_outputs_week15_extra_orderings\sherman1_incidence_degree.txt
sherman1,INCIDENCE_DEGREE,2,865,62,0.9379379379379379,data\processed\initial_graph_coloring_dataset\colpack_outputs_week15_extra_orderings\sherman1_incidence_degree.txt
sherman1,INCIDENCE_DEGREE,2,965,63,0.9369369369369369,data\processed\initial_graph_coloring_dataset\colpack_outputs_week15_extra_orderings\sherman1_incidence_degree.txt
sherman1,INCIDENCE_DEGREE,2,765,64,0.9359359359359359,data\processed\initial_graph_coloring_dataset\colpack_outputs_week15_extra_orderings\sherman1_incidence_degree.txt
sherman1,INCIDENCE_DEGREE,2,665,65,0.934934934934935,data\processed\initial_graph_coloring_dataset\colpack_outputs_week15_extra_orderings\sherman1_incidence_degree.txt
sherman1,INCIDENCE_DEGREE,2,664,66,0.933933933933934,data\processed\initial_graph_coloring_dataset\colpack_outputs_week15_extra_orderings\sherman1_incidence_degree.txt
sherman1,INCIDENCE_DEGREE,2,674,67,0.9329329329329329,data\processed\initial_graph_coloring_dataset\colpack_outputs_week15_extra_orderings\sherman1_incidence_degree.txt
sherman1,INCIDENCE_DEGREE,2,675,68,0.9319319319319319,data\processed\initial_graph_coloring_dataset\colpack_outputs_week15_extra_orderings\sherman1_incidence_degree.txt
sherman1,INCIDENCE_DEGREE,2,775,69,0.9309309309309309,data\processed\initial_graph_coloring_dataset\colpack_outputs_week15_extra_orderings\sherman1_incidence_degree.txt
sherman1,INCIDENCE_DEGREE,2,875,70,0.92992992992993,data\processed\initial_graph_coloring_dataset\colpack_outputs_week15_extra_orderings\sherman1_incidence_degree.txt
sherman1,INCIDENCE_DEGREE,2,975,71,0.928928928928929,data\processed\initial_graph_coloring_dataset\colpack_outputs_week15_extra_orderings\sherman1_incidence_degree.txt
sherman1,INCIDENCE_DEGREE,2,985,72,0.9279279279279279,data\processed\initial_graph_coloring_dataset\colpack_outputs_week15_extra_orderings\sherman1_incidence_degree.txt
sherman1,INCIDENCE_DEGREE,2,885,73,0.9269269269269269,data\processed\initial_graph_coloring_dataset\colpack_outputs_week15_extra_orderings\sherman1_incidence_degree.txt
sherman1,INCIDENCE_DEGREE,2,895,74,0.9259259259259259,data\processed\initial_graph_coloring_dataset\colpack_outputs_week15_extra_orderings\sherman1_incidence_degree.txt
sherman1,INCIDENCE_DEGREE,2,995,75,0.924924924924925,data\processed\initial_graph_coloring_dataset\colpack_outputs_week15_extra_orderings\sherman1_incidence_degree.txt
sherman1,INCIDENCE_DEGREE,2,894,76,0.923923923923924,data\processed\initial_graph_coloring_dataset\colpack_outputs_week15_extra_orderings\sherman1_incidence_degree.txt
sherman1,INCIDENCE_DEGREE,2,884,77,0.9229229229229229,data\processed\initial_graph_coloring_dataset\colpack_outputs_week15_extra_orderings\sherman1_incidence_degree.txt
sherman1,INCIDENCE_DEGREE,2,874,78,0.9219219219219219,data\processed\initial_graph_coloring_dataset\colpack_outputs_week15_extra_orderings\sherman1_incidence_degree.txt
sherman1,INCIDENCE_DEGREE,2,864,79,0.9209209209209209,data\processed\initial_graph_coloring_dataset\colpack_outputs_week15_extra_orderings\sherman1_incidence_degree.txt
sherman1,INCIDENCE_DEGREE,2,854,80,0.91991991991992,data\processed\initial_graph_coloring_dataset\colpack_outputs_week15_extra_orderings\sherman1_incidence_degree.txt
sherman1,INCIDENCE_DEGREE,2,844,81,0.918918918918919,data\processed\initial_graph_coloring_dataset\colpack_outputs_week15_extra_orderings\sherman1_incidence_degree.txt
sherman1,INCIDENCE_DEGREE,2,834,82,0.9179179179179179,data\processed\initial_graph_coloring_dataset\colpack_outputs_week15_extra_orderings\sherman1_incidence_degree.txt
sherman1,INCIDENCE_DEGREE,2,824,83,0.9169169169169169,data\processed\initial_graph_coloring_dataset\colpack_outputs_week15_extra_orderings\sherman1_incidence_degree.txt
sherman1,INCIDENCE_DEGREE,2,814,84,0.9159159159159159,data\processed\initial_graph_coloring_dataset\colpack_outputs_week15_extra_orderings\sherman1_incidence_degree.txt
sherman1,INCIDENCE_DEGREE,2,813,85,0.914914914914915,data\processed\initial_graph_coloring_dataset\colpack_outputs_week15_extra_orderings\sherman1_incidence_degree.txt
sherman1,INCIDENCE_DEGREE,2,823,86,0.913913913913914,data\processed\initial_graph_coloring_dataset\colpack_outputs_week15_extra_orderings\sherman1_incidence_degree.txt
sherman1,INCIDENCE_DEGREE,2,833,87,0.9129129129129129,data\processed\initial_graph_coloring_dataset\colpack_outputs_week15_extra_orderings\sherman1_incidence_degree.txt
sherman1,INCIDENCE_DEGREE,2,843,88,0.9119119119119119,data\processed\initial_graph_coloring_dataset\colpack_outputs_week15_extra_orderings\sherman1_incidence_degree.txt
sherman1,INCIDENCE_DEGREE,2,853,89,0.9109109109109109,data\processed\initial_graph_coloring_dataset\colpack_outputs_week15_extra_orderings\sherman1_incidence_degree.txt
sherman1,INCIDENCE_DEGREE,2,863,90,0.9099099099099099,data\processed\initial_graph_coloring_dataset\colpack_outputs_week15_extra_orderings\sherman1_incidence_degree.txt
sherman1,INCIDENCE_DEGREE,2,873,91,0.908908908908909,data\processed\initial_graph_coloring_dataset\colpack_outputs_week15_extra_orderings\sherman1_incidence_degree.txt
sherman1,INCIDENCE_DEGREE,2,883,92,0.9079079079079079,data\processed\initial_graph_coloring_dataset\colpack_outputs_week15_extra_orderings\sherman1_incidence_degree.txt
sherman1,INCIDENCE_DEGREE,2,893,93,0.9069069069069069,data\processed\initial_graph_coloring_dataset\colpack_outputs_week15_extra_orderings\sherman1_incidence_degree.txt
sherman1,INCIDENCE_DEGREE,2,993,94,0.9059059059059059,data\processed\initial_graph_coloring_dataset\colpack_outputs_week15_extra_orderings\sherman1_incidence_degree.txt
sherman1,INCIDENCE_DEGREE,2,983,95,0.9049049049049049,data\processed\initial_graph_coloring_dataset\colpack_outputs_week15_extra_orderings\sherman1_incidence_degree.txt
sherman1,INCIDENCE_DEGREE,2,973,96,0.9039039039039038,data\processed\initial_graph_coloring_dataset\colpack_outputs_week15_extra_orderings\sherman1_incidence_degree.txt
sherman1,INCIDENCE_DEGREE,2,963,97,0.9029029029029029,data\processed\initial_graph_coloring_dataset\colpack_outputs_week15_extra_orderings\sherman1_incidence_degree.txt
sherman1,INCIDENCE_DEGREE,2,953,98,0.9019019019019019,data\processed\initial_graph_coloring_dataset\colpack_outputs_week15_extra_orderings\sherman1_incidence_degree.txt
sherman1,INCIDENCE_DEGREE,2,943,99,0.9009009009009009,data\processed\initial_graph_coloring_dataset\colpack_outputs_week15_extra_orderings\sherman1_incidence_degree.txt
sherman1,INCIDENCE_DEGREE,2,933,100,0.8998998998998999,data\processed\initial_graph_coloring_dataset\colpack_outputs_week15_extra_orderings\sherman1_incidence_degree.txt
sherman1,INCIDENCE_DEGREE,2,892,101,0.8988988988988988,data\processed\initial_graph_coloring_dataset\colpack_outputs_week15_extra_orderings\sherman1_incidence_degree.txt
sherman1,INCIDENCE_DEGREE,2,882,102,0.8978978978978979,data\processed\initial_graph_coloring_dataset\colpack_outputs_week15_extra_orderings\sherman1_incidence_degree.txt
sherman1,INCIDENCE_DEGREE,2,872,103,0.8968968968968969,data\processed\initial_graph_coloring_dataset\colpack_outputs_week15_extra_orderings\sherman1_incidence_degree.txt
sherman1,INCIDENCE_DEGREE,2,862,104,0.8958958958958959,data\processed\initial_graph_coloring_dataset\colpack_outputs_week15_extra_orderings\sherman1_incidence_degree.txt
sherman1,INCIDENCE_DEGREE,2,852,105,0.8948948948948949,data\processed\initial_graph_coloring_dataset\colpack_outputs_week15_extra_orderings\sherman1_incidence_degree.txt
sherman1,INCIDENCE_DEGREE,2,842,106,0.8938938938938938,data\processed\initial_graph_coloring_dataset\colpack_outputs_week15_extra_orderings\sherman1_incidence_degree.txt
sherman1,INCIDENCE_DEGREE,2,832,107,0.8928928928928929,data\processed\initial_graph_coloring_dataset\colpack_outputs_week15_extra_orderings\sherman1_incidence_degree.txt
sherman1,INCIDENCE_DEGREE,2,822,108,0.8918918918918919,data\processed\initial_graph_coloring_dataset\colpack_outputs_week15_extra_orderings\sherman1_incidence_degree.txt
sherman1,INCIDENCE_DEGREE,2,812,109,0.8908908908908909,data\processed\initial_graph_coloring_dataset\colpack_outputs_week15_extra_orderings\sherman1_incidence_degree.txt
sherman1,INCIDENCE_DEGREE,2,811,110,0.8898898898898899,data\processed\initial_graph_coloring_dataset\colpack_outputs_week15_extra_orderings\sherman1_incidence_degree.txt
sherman1,INCIDENCE_DEGREE,2,821,111,0.8888888888888888,data\processed\initial_graph_coloring_dataset\colpack_outputs_week15_extra_orderings\sherman1_incidence_degree.txt
sherman1,INCIDENCE_DEGREE,2,831,112,0.8878878878878879,data\processed\initial_graph_coloring_dataset\colpack_outputs_week15_extra_orderings\sherman1_incidence_degree.txt
sherman1,INCIDENCE_DEGREE,2,841,113,0.8868868868868869,data\processed\initial_graph_coloring_dataset\colpack_outputs_week15_extra_orderings\sherman1_incidence_degree.txt
sherman1,INCIDENCE_DEGREE,2,851,114,0.8858858858858859,data\processed\initial_graph_coloring_dataset\colpack_outputs_week15_extra_orderings\sherman1_incidence_degree.txt
sherman1,INCIDENCE_DEGREE,2,861,115,0.8848848848848849,data\processed\initial_graph_coloring_dataset\colpack_outputs_week15_extra_orderings\sherman1_incidence_degree.txt
sherman1,INCIDENCE_DEGREE,2,871,116,0.8838838838838838,data\processed\initial_graph_coloring_dataset\colpack_outputs_week15_extra_orderings\sherman1_incidence_degree.txt
sherman1,INCIDENCE_DEGREE,2,881,117,0.8828828828828829,data\processed\initial_graph_coloring_dataset\colpack_outputs_week15_extra_orderings\sherman1_incidence_degree.txt
sherman1,INCIDENCE_DEGREE,2,891,118,0.8818818818818819,data\processed\initial_graph_coloring_dataset\colpack_outputs_week15_extra_orderings\sherman1_incidence_degree.txt
sherman1,INCIDENCE_DEGREE,2,890,119,0.8808808808808809,data\processed\initial_graph_coloring_dataset\colpack_outputs_week15_extra_orderings\sherman1_incidence_degree.txt
sherman1,INCIDENCE_DEGREE,2,880,120,0.8798798798798799,data\processed\initial_graph_coloring_dataset\colpack_outputs_week15_extra_orderings\sherman1_incidence_degree.txt
sherman1,INCIDENCE_DEGREE,2,870,121,0.8788788788788788,data\processed\initial_graph_coloring_dataset\colpack_outputs_week15_extra_orderings\sherman1_incidence_degree.txt
sherman1,INCIDENCE_DEGREE,2,860,122,0.8778778778778779,data\processed\initial_graph_coloring_dataset\colpack_outputs_week15_extra_orderings\sherman1_incidence_degree.txt
sherman1,INCIDENCE_DEGREE,2,850,123,0.8768768768768769,data\processed\initial_graph_coloring_dataset\colpack_outputs_week15_extra_orderings\sherman1_incidence_degree.txt
sherman1,INCIDENCE_DEGREE,2,840,124,0.8758758758758759,data\processed\initial_graph_coloring_dataset\colpack_outputs_week15_extra_orderings\sherman1_incidence_degree.txt
sherman1,INCIDENCE_DEGREE,2,830,125,0.8748748748748749,data\processed\initial_graph_coloring_dataset\colpack_outputs_week15_extra_orderings\sherman1_incidence_degree.txt
sherman1,INCIDENCE_DEGREE,2,820,126,0.8738738738738738,data\processed\initial_graph_coloring_dataset\colpack_outputs_week15_extra_orderings\sherman1_incidence_degree.txt
sherman1,INCIDENCE_DEGREE,2,810,127,0.8728728728728729,data\processed\initial_graph_coloring_dataset\colpack_outputs_week15_extra_orderings\sherman1_incidence_degree.txt
sherman1,INCIDENCE_DEGREE,2,910,128,0.8718718718718719,data\processed\initial_graph_coloring_dataset\colpack_outputs_week15_extra_orderings\sherman1_incidence_degree.txt
sherman1,INCIDENCE_DEGREE,2,920,129,0.8708708708708709,data\processed\initial_graph_coloring_dataset\colpack_outputs_week15_extra_orderings\sherman1_incidence_degree.txt
sherman1,INCIDENCE_DEGREE,2,800,130,0.8698698698698699,data\processed\initial_graph_coloring_dataset\colpack_outputs_week15_extra_orderings\sherman1_incidence_degree.txt
sherman1,INCIDENCE_DEGREE,2,900,131,0.8688688688688688,data\processed\initial_graph_coloring_dataset\colpack_outputs_week15_extra_orderings\sherman1_incidence_degree.txt
sherman1,INCIDENCE_DEGREE,2,801,132,0.8678678678678678,data\processed\initial_graph_coloring_dataset\colpack_outputs_week15_extra_orderings\sherman1_incidence_degree.txt
sherman1,INCIDENCE_DEGREE,2,802,133,0.8668668668668669,data\processed\initial_graph_coloring_dataset\colpack_outputs_week15_extra_orderings\sherman1_incidence_degree.txt
sherman1,INCIDENCE_DEGREE,2,803,134,0.8658658658658659,data\processed\initial_graph_coloring_dataset\colpack_outputs_week15_extra_orderings\sherman1_incidence_degree.txt
sherman1,INCIDENCE_DEGREE,2,804,135,0.8648648648648649,data\processed\initial_graph_coloring_dataset\colpack_outputs_week15_extra_orderings\sherman1_incidence_degree.txt
sherman1,INCIDENCE_DEGREE,2,805,136,0.8638638638638638,data\processed\initial_graph_coloring_dataset\colpack_outputs_week15_extra_orderings\sherman1_incidence_degree.txt
sherman1,INCIDENCE_DEGREE,2,705,137,0.8628628628628628,data\processed\initial_graph_coloring_dataset\colpack_outputs_week15_extra_orderings\sherman1_incidence_degree.txt
sherman1,INCIDENCE_DEGREE,2,605,138,0.8618618618618619,data\processed\initial_graph_coloring_dataset\colpack_outputs_week15_extra_orderings\sherman1_incidence_degree.txt
sherman1,INCIDENCE_DEGREE,2,604,139,0.8608608608608609,data\processed\initial_graph_coloring_dataset\colpack_outputs_week15_extra_orderings\sherman1_incidence_degree.txt
sherman1,INCIDENCE_DEGREE,2,504,140,0.8598598598598599,data\processed\initial_graph_coloring_dataset\colpack_outputs_week15_extra_orderings\sherman1_incidence_degree.txt
sherman1,INCIDENCE_DEGREE,2,404,141,0.8588588588588588,data\processed\initial_graph_coloring_dataset\colpack_outputs_week15_extra_orderings\sherman1_incidence_degree.txt
sherman1,INCIDENCE_DEGREE,2,403,142,0.8578578578578578,data\processed\initial_graph_coloring_dataset\colpack_outputs_week15_extra_orderings\sherman1_incidence_degree.txt
sherman1,INCIDENCE_DEGREE,2,402,143,0.8568568568568569,data\processed\initial_graph_coloring_dataset\colpack_outputs_week15_extra_orderings\sherman1_incidence_degree.txt
sherman1,INCIDENCE_DEGREE,2,412,144,0.8558558558558559,data\processed\initial_graph_coloring_dataset\colpack_outputs_week15_extra_orderings\sherman1_incidence_degree.txt
sherman1,INCIDENCE_DEGREE,2,422,145,0.8548548548548549,data\processed\initial_graph_coloring_dataset\colpack_outputs_week15_extra_orderings\sherman1_incidence_degree.txt
sherman1,INCIDENCE_DEGREE,2,432,146,0.8538538538538538,data\processed\initial_graph_coloring_dataset\colpack_outputs_week15_extra_orderings\sherman1_incidence_degree.txt
sherman1,INCIDENCE_DEGREE,2,442,147,0.8528528528528528,data\processed\initial_graph_coloring_dataset\colpack_outputs_week15_extra_orderings\sherman1_incidence_degree.txt
sherman1,INCIDENCE_DEGREE,2,452,148,0.8518518518518519,data\processed\initial_graph_coloring_dataset\colpack_outputs_week15_extra_orderings\sherman1_incidence_degree.txt
sherman1,INCIDENCE_DEGREE,2,462,149,0.8508508508508509,data\processed\initial_graph_coloring_dataset\colpack_outputs_week15_extra_orderings\sherman1_incidence_degree.txt
sherman1,INCIDENCE_DEGREE,2,472,150,0.8498498498498499,data\processed\initial_graph_coloring_dataset\colpack_outputs_week15_extra_orderings\sherman1_incidence_degree.txt
sherman1,INCIDENCE_DEGREE,2,482,151,0.8488488488488488,data\processed\initial_graph_coloring_dataset\colpack_outputs_week15_extra_orderings\sherman1_incidence_degree.txt
sherman1,INCIDENCE_DEGREE,2,492,152,0.8478478478478478,data\processed\initial_graph_coloring_dataset\colpack_outputs_week15_extra_orderings\sherman1_incidence_degree.txt
sherman1,INCIDENCE_DEGREE,2,491,153,0.8468468468468469,data\processed\initial_graph_coloring_dataset\colpack_outputs_week15_extra_orderings\sherman1_incidence_degree.txt
sherman1,INCIDENCE_DEGREE,2,481,154,0.8458458458458459,data\processed\initial_graph_coloring_dataset\colpack_outputs_week15_extra_orderings\sherman1_incidence_degree.txt
sherman1,INCIDENCE_DEGREE,2,471,155,0.8448448448448449,data\processed\initial_graph_coloring_dataset\colpack_outputs_week15_extra_orderings\sherman1_incidence_degree.txt
sherman1,INCIDENCE_DEGREE,2,461,156,0.8438438438438438,data\processed\initial_graph_coloring_dataset\colpack_outputs_week15_extra_orderings\sherman1_incidence_degree.txt
sherman1,INCIDENCE_DEGREE,2,451,157,0.8428428428428428,data\processed\initial_graph_coloring_dataset\colpack_outputs_week15_extra_orderings\sherman1_incidence_degree.txt
sherman1,INCIDENCE_DEGREE,2,441,158,0.8418418418418419,data\processed\initial_graph_coloring_dataset\colpack_outputs_week15_extra_orderings\sherman1_incidence_degree.txt
sherman1,INCIDENCE_DEGREE,2,431,159,0.8408408408408409,data\processed\initial_graph_coloring_dataset\colpack_outputs_week15_extra_orderings\sherman1_incidence_degree.txt
sherman1,INCIDENCE_DEGREE,2,421,160,0.8398398398398398,data\processed\initial_graph_coloring_dataset\colpack_outputs_week15_extra_orderings\sherman1_incidence_degree.txt
sherman1,INCIDENCE_DEGREE,2,411,161,0.8388388388388388,data\processed\initial_graph_coloring_dataset\colpack_outputs_week15_extra_orderings\sherman1_incidence_degree.txt
sherman1,INCIDENCE_DEGREE,2,401,162,0.8378378378378378,data\processed\initial_graph_coloring_dataset\colpack_outputs_week15_extra_orderings\sherman1_incidence_degree.txt
sherman1,INCIDENCE_DEGREE,2,400,163,0.8368368368368369,data\processed\initial_graph_coloring_dataset\colpack_outputs_week15_extra_orderings\sherman1_incidence_degree.txt
sherman1,INCIDENCE_DEGREE,2,410,164,0.8358358358358359,data\processed\initial_graph_coloring_dataset\colpack_outputs_week15_extra_orderings\sherman1_incidence_degree.txt
sherman1,INCIDENCE_DEGREE,2,420,165,0.8348348348348348,data\processed\initial_graph_coloring_dataset\colpack_outputs_week15_extra_orderings\sherman1_incidence_degree.txt
sherman1,INCIDENCE_DEGREE,2,430,166,0.8338338338338338,data\processed\initial_graph_coloring_dataset\colpack_outputs_week15_extra_orderings\sherman1_incidence_degree.txt
sherman1,INCIDENCE_DEGREE,2,440,167,0.8328328328328328,data\processed\initial_graph_coloring_dataset\colpack_outputs_week15_extra_orderings\sherman1_incidence_degree.txt
sherman1,INCIDENCE_DEGREE,2,450,168,0.8318318318318318,data\processed\initial_graph_coloring_dataset\colpack_outputs_week15_extra_orderings\sherman1_incidence_degree.txt
sherman1,INCIDENCE_DEGREE,2,460,169,0.8308308308308309,data\processed\initial_graph_coloring_dataset\colpack_outputs_week15_extra_orderings\sherman1_incidence_degree.txt
sherman1,INCIDENCE_DEGREE,2,470,170,0.8298298298298298,data\processed\initial_graph_coloring_dataset\colpack_outputs_week15_extra_orderings\sherman1_incidence_degree.txt
sherman1,INCIDENCE_DEGREE,2,480,171,0.8288288288288288,data\processed\initial_graph_coloring_dataset\colpack_outputs_week15_extra_orderings\sherman1_incidence_degree.txt
sherman1,INCIDENCE_DEGREE,2,490,172,0.8278278278278278,data\processed\initial_graph_coloring_dataset\colpack_outputs_week15_extra_orderings\sherman1_incidence_degree.txt
sherman1,INCIDENCE_DEGREE,2,590,173,0.8268268268268268,data\processed\initial_graph_coloring_dataset\colpack_outputs_week15_extra_orderings\sherman1_incidence_degree.txt
sherman1,INCIDENCE_DEGREE,2,591,174,0.8258258258258259,data\processed\initial_graph_coloring_dataset\colpack_outputs_week15_extra_orderings\sherman1_incidence_degree.txt
sherman1,INCIDENCE_DEGREE,2,581,175,0.8248248248248248,data\processed\initial_graph_coloring_dataset\colpack_outputs_week15_extra_orderings\sherman1_incidence_degree.txt
sherman1,INCIDENCE_DEGREE,2,571,176,0.8238238238238238,data\processed\initial_graph_coloring_dataset\colpack_outputs_week15_extra_orderings\sherman1_incidence_degree.txt
sherman1,INCIDENCE_DEGREE,2,561,177,0.8228228228228228,data\processed\initial_graph_coloring_dataset\colpack_outputs_week15_extra_orderings\sherman1_incidence_degree.txt
sherman1,INCIDENCE_DEGREE,2,551,178,0.8218218218218218,data\processed\initial_graph_coloring_dataset\colpack_outputs_week15_extra_orderings\sherman1_incidence_degree.txt
sherman1,INCIDENCE_DEGREE,2,541,179,0.8208208208208209,data\processed\initial_graph_coloring_dataset\colpack_outputs_week15_extra_orderings\sherman1_incidence_degree.txt
sherman1,INCIDENCE_DEGREE,2,540,180,0.8198198198198198,data\processed\initial_graph_coloring_dataset\colpack_outputs_week15_extra_orderings\sherman1_incidence_degree.txt
sherman1,INCIDENCE_DEGREE,2,550,181,0.8188188188188188,data\processed\initial_graph_coloring_dataset\colpack_outputs_week15_extra_orderings\sherman1_incidence_degree.txt
sherman1,INCIDENCE_DEGREE,2,560,182,0.8178178178178178,data\processed\initial_graph_coloring_dataset\colpack_outputs_week15_extra_orderings\sherman1_incidence_degree.txt
sherman1,INCIDENCE_DEGREE,2,570,183,0.8168168168168168,data\processed\initial_graph_coloring_dataset\colpack_outputs_week15_extra_orderings\sherman1_incidence_degree.txt
sherman1,INCIDENCE_DEGREE,2,580,184,0.8158158158158159,data\processed\initial_graph_coloring_dataset\colpack_outputs_week15_extra_orderings\sherman1_incidence_degree.txt
sherman1,INCIDENCE_DEGREE,2,531,185,0.8148148148148148,data\processed\initial_graph_coloring_dataset\colpack_outputs_week15_extra_orderings\sherman1_incidence_degree.txt
sherman1,INCIDENCE_DEGREE,2,521,186,0.8138138138138138,data\processed\initial_graph_coloring_dataset\colpack_outputs_week15_extra_orderings\sherman1_incidence_degree.txt
sherman1,INCIDENCE_DEGREE,2,621,187,0.8128128128128128,data\processed\initial_graph_coloring_dataset\colpack_outputs_week15_extra_orderings\sherman1_incidence_degree.txt
sherman1,INCIDENCE_DEGREE,2,721,188,0.8118118118118118,data\processed\initial_graph_coloring_dataset\colpack_outputs_week15_extra_orderings\sherman1_incidence_degree.txt
sherman1,INCIDENCE_DEGREE,2,731,189,0.8108108108108109,data\processed\initial_graph_coloring_dataset\colpack_outputs_week15_extra_orderings\sherman1_incidence_degree.txt
sherman1,INCIDENCE_DEGREE,2,631,190,0.8098098098098098,data\processed\initial_graph_coloring_dataset\colpack_outputs_week15_extra_orderings\sherman1_incidence_degree.txt
sherman1,INCIDENCE_DEGREE,2,641,191,0.8088088088088088,data\processed\initial_graph_coloring_dataset\colpack_outputs_week15_extra_orderings\sherman1_incidence_degree.txt
sherman1,INCIDENCE_DEGREE,2,741,192,0.8078078078078078,data\processed\initial_graph_coloring_dataset\colpack_outputs_week15_extra_orderings\sherman1_incidence_degree.txt
sherman1,INCIDENCE_DEGREE,2,751,193,0.8068068068068068,data\processed\initial_graph_coloring_dataset\colpack_outputs_week15_extra_orderings\sherman1_incidence_degree.txt
sherman1,INCIDENCE_DEGREE,2,651,194,0.8058058058058059,data\processed\initial_graph_coloring_dataset\colpack_outputs_week15_extra_orderings\sherman1_incidence_degree.txt
sherman1,INCIDENCE_DEGREE,2,661,195,0.8048048048048048,data\processed\initial_graph_coloring_dataset\colpack_outputs_week15_extra_orderings\sherman1_incidence_degree.txt
sherman1,INCIDENCE_DEGREE,2,761,196,0.8038038038038038,data\processed\initial_graph_coloring_dataset\colpack_outputs_week15_extra_orderings\sherman1_incidence_degree.txt
sherman1,INCIDENCE_DEGREE,2,771,197,0.8028028028028028,data\processed\initial_graph_coloring_dataset\colpack_outputs_week15_extra_orderings\sherman1_incidence_degree.txt
sherman1,INCIDENCE_DEGREE,2,671,198,0.8018018018018018,data\processed\initial_graph_coloring_dataset\colpack_outputs_week15_extra_orderings\sherman1_incidence_degree.txt
sherman1,INCIDENCE_DEGREE,2,681,199,0.8008008008008008,data\processed\initial_graph_coloring_dataset\colpack_outputs_week15_extra_orderings\sherman1_incidence_degree.txt
sherman1,INCIDENCE_DEGREE,2,781,200,0.7997997997997998,data\processed\initial_graph_coloring_dataset\colpack_outputs_week15_extra_orderings\sherman1_incidence_degree.txt
sherman1,INCIDENCE_DEGREE,2,791,201,0.7987987987987988,data\processed\initial_graph_coloring_dataset\colpack_outputs_week15_extra_orderings\sherman1_incidence_degree.txt
sherman1,INCIDENCE_DEGREE,2,691,202,0.7977977977977978,data\processed\initial_graph_coloring_dataset\colpack_outputs_week15_extra_orderings\sherman1_incidence_degree.txt
sherman1,INCIDENCE_DEGREE,2,690,203,0.7967967967967968,data\processed\initial_graph_coloring_dataset\colpack_outputs_week15_extra_orderings\sherman1_incidence_degree.txt
sherman1,INCIDENCE_DEGREE,2,680,204,0.7957957957957958,data\processed\initial_graph_coloring_dataset\colpack_outputs_week15_extra_orderings\sherman1_incidence_degree.txt
sherman1,INCIDENCE_DEGREE,2,670,205,0.7947947947947948,data\processed\initial_graph_coloring_dataset\colpack_outputs_week15_extra_orderings\sherman1_incidence_degree.txt
sherman1,INCIDENCE_DEGREE,2,660,206,0.7937937937937938,data\processed\initial_graph_coloring_dataset\colpack_outputs_week15_extra_orderings\sherman1_incidence_degree.txt
sherman1,INCIDENCE_DEGREE,2,650,207,0.7927927927927928,data\processed\initial_graph_coloring_dataset\colpack_outputs_week15_extra_orderings\sherman1_incidence_degree.txt
sherman1,INCIDENCE_DEGREE,2,640,208,0.7917917917917918,data\processed\initial_graph_coloring_dataset\colpack_outputs_week15_extra_orderings\sherman1_incidence_degree.txt
sherman1,INCIDENCE_DEGREE,2,630,209,0.7907907907907908,data\processed\initial_graph_coloring_dataset\colpack_outputs_week15_extra_orderings\sherman1_incidence_degree.txt
sherman1,INCIDENCE_DEGREE,2,620,210,0.7897897897897898,data\processed\initial_graph_coloring_dataset\colpack_outputs_week15_extra_orderings\sherman1_incidence_degree.txt
sherman1,INCIDENCE_DEGREE,2,610,211,0.7887887887887888,data\processed\initial_graph_coloring_dataset\colpack_outputs_week15_extra_orderings\sherman1_incidence_degree.txt
sherman1,INCIDENCE_DEGREE,2,611,212,0.7877877877877878,data\processed\initial_graph_coloring_dataset\colpack_outputs_week15_extra_orderings\sherman1_incidence_degree.txt
sherman1,INCIDENCE_DEGREE,2,612,213,0.7867867867867868,data\processed\initial_graph_coloring_dataset\colpack_outputs_week15_extra_orderings\sherman1_incidence_degree.txt
sherman1,INCIDENCE_DEGREE,2,622,214,0.7857857857857858,data\processed\initial_graph_coloring_dataset\colpack_outputs_week15_extra_orderings\sherman1_incidence_degree.txt
sherman1,INCIDENCE_DEGREE,2,632,215,0.7847847847847848,data\processed\initial_graph_coloring_dataset\colpack_outputs_week15_extra_orderings\sherman1_incidence_degree.txt
sherman1,INCIDENCE_DEGREE,2,642,216,0.7837837837837838,data\processed\initial_graph_coloring_dataset\colpack_outputs_week15_extra_orderings\sherman1_incidence_degree.txt
sherman1,INCIDENCE_DEGREE,2,652,217,0.7827827827827828,data\processed\initial_graph_coloring_dataset\colpack_outputs_week15_extra_orderings\sherman1_incidence_degree.txt
sherman1,INCIDENCE_DEGREE,2,662,218,0.7817817817817818,data\processed\initial_graph_coloring_dataset\colpack_outputs_week15_extra_orderings\sherman1_incidence_degree.txt
sherman1,INCIDENCE_DEGREE,2,672,219,0.7807807807807807,data\processed\initial_graph_coloring_dataset\colpack_outputs_week15_extra_orderings\sherman1_incidence_degree.txt
sherman1,INCIDENCE_DEGREE,2,682,220,0.7797797797797797,data\processed\initial_graph_coloring_dataset\colpack_outputs_week15_extra_orderings\sherman1_incidence_degree.txt
sherman1,INCIDENCE_DEGREE,2,692,221,0.7787787787787788,data\processed\initial_graph_coloring_dataset\colpack_outputs_week15_extra_orderings\sherman1_incidence_degree.txt
sherman1,INCIDENCE_DEGREE,2,673,222,0.7777777777777778,data\processed\initial_graph_coloring_dataset\colpack_outputs_week15_extra_orderings\sherman1_incidence_degree.txt
sherman1,INCIDENCE_DEGREE,2,663,223,0.7767767767767768,data\processed\initial_graph_coloring_dataset\colpack_outputs_week15_extra_orderings\sherman1_incidence_degree.txt
sherman1,INCIDENCE_DEGREE,2,653,224,0.7757757757757757,data\processed\initial_graph_coloring_dataset\colpack_outputs_week15_extra_orderings\sherman1_incidence_degree.txt
sherman1,INCIDENCE_DEGREE,2,643,225,0.7747747747747747,data\processed\initial_graph_coloring_dataset\colpack_outputs_week15_extra_orderings\sherman1_incidence_degree.txt
sherman1,INCIDENCE_DEGREE,2,633,226,0.7737737737737738,data\processed\initial_graph_coloring_dataset\colpack_outputs_week15_extra_orderings\sherman1_incidence_degree.txt
sherman1,INCIDENCE_DEGREE,2,623,227,0.7727727727727728,data\processed\initial_graph_coloring_dataset\colpack_outputs_week15_extra_orderings\sherman1_incidence_degree.txt
sherman1,INCIDENCE_DEGREE,2,613,228,0.7717717717717718,data\processed\initial_graph_coloring_dataset\colpack_outputs_week15_extra_orderings\sherman1_incidence_degree.txt
sherman1,INCIDENCE_DEGREE,2,603,229,0.7707707707707707,data\processed\initial_graph_coloring_dataset\colpack_outputs_week15_extra_orderings\sherman1_incidence_degree.txt
sherman1,INCIDENCE_DEGREE,2,602,230,0.7697697697697697,data\processed\initial_graph_coloring_dataset\colpack_outputs_week15_extra_orderings\sherman1_incidence_degree.txt
sherman1,INCIDENCE_DEGREE,2,601,231,0.7687687687687688,data\processed\initial_graph_coloring_dataset\colpack_outputs_week15_extra_orderings\sherman1_incidence_degree.txt
sherman1,INCIDENCE_DEGREE,2,600,232,0.7677677677677678,data\processed\initial_graph_coloring_dataset\colpack_outputs_week15_extra_orderings\sherman1_incidence_degree.txt
sherman1,INCIDENCE_DEGREE,2,683,233,0.7667667667667668,data\processed\initial_graph_coloring_dataset\colpack_outputs_week15_extra_orderings\sherman1_incidence_degree.txt
sherman1,INCIDENCE_DEGREE,2,693,234,0.7657657657657657,data\processed\initial_graph_coloring_dataset\colpack_outputs_week15_extra_orderings\sherman1_incidence_degree.txt
sherman1,INCIDENCE_DEGREE,2,684,235,0.7647647647647647,data\processed\initial_graph_coloring_dataset\colpack_outputs_week15_extra_orderings\sherman1_incidence_degree.txt
sherman1,INCIDENCE_DEGREE,2,694,236,0.7637637637637638,data\processed\initial_graph_coloring_dataset\colpack_outputs_week15_extra_orderings\sherman1_incidence_degree.txt
sherman1,INCIDENCE_DEGREE,2,685,237,0.7627627627627628,data\processed\initial_graph_coloring_dataset\colpack_outputs_week15_extra_orderings\sherman1_incidence_degree.txt
sherman1,INCIDENCE_DEGREE,2,695,238,0.7617617617617618,data\processed\initial_graph_coloring_dataset\colpack_outputs_week15_extra_orderings\sherman1_incidence_degree.txt
sherman1,INCIDENCE_DEGREE,2,696,239,0.7607607607607607,data\processed\initial_graph_coloring_dataset\colpack_outputs_week15_extra_orderings\sherman1_incidence_degree.txt
sherman1,INCIDENCE_DEGREE,2,686,240,0.7597597597597597,data\processed\initial_graph_coloring_dataset\colpack_outputs_week15_extra_orderings\sherman1_incidence_degree.txt
sherman1,INCIDENCE_DEGREE,2,676,241,0.7587587587587588,data\processed\initial_graph_coloring_dataset\colpack_outputs_week15_extra_orderings\sherman1_incidence_degree.txt
sherman1,INCIDENCE_DEGREE,2,666,242,0.7577577577577578,data\processed\initial_graph_coloring_dataset\colpack_outputs_week15_extra_orderings\sherman1_incidence_degree.txt
sherman1,INCIDENCE_DEGREE,2,656,243,0.7567567567567568,data\processed\initial_graph_coloring_dataset\colpack_outputs_week15_extra_orderings\sherman1_incidence_degree.txt
sherman1,INCIDENCE_DEGREE,2,646,244,0.7557557557557557,data\processed\initial_graph_coloring_dataset\colpack_outputs_week15_extra_orderings\sherman1_incidence_degree.txt
sherman1,INCIDENCE_DEGREE,2,636,245,0.7547547547547547,data\processed\initial_graph_coloring_dataset\colpack_outputs_week15_extra_orderings\sherman1_incidence_degree.txt
sherman1,INCIDENCE_DEGREE,2,626,246,0.7537537537537538,data\processed\initial_graph_coloring_dataset\colpack_outputs_week15_extra_orderings\sherman1_incidence_degree.txt
sherman1,INCIDENCE_DEGREE,2,616,247,0.7527527527527528,data\processed\initial_graph_coloring_dataset\colpack_outputs_week15_extra_orderings\sherman1_incidence_degree.txt
sherman1,INCIDENCE_DEGREE,2,606,248,0.7517517517517518,data\processed\initial_graph_coloring_dataset\colpack_outputs_week15_extra_orderings\sherman1_incidence_degree.txt
sherman1,INCIDENCE_DEGREE,2,607,249,0.7507507507507507,data\processed\initial_graph_coloring_dataset\colpack_outputs_week15_extra_orderings\sherman1_incidence_degree.txt
sherman1,INCIDENCE_DEGREE,2,617,250,0.7497497497497497,data\processed\initial_graph_coloring_dataset\colpack_outputs_week15_extra_orderings\sherman1_incidence_degree.txt
sherman1,INCIDENCE_DEGREE,2,627,251,0.7487487487487487,data\processed\initial_graph_coloring_dataset\colpack_outputs_week15_extra_orderings\sherman1_incidence_degree.txt
sherman1,INCIDENCE_DEGREE,2,637,252,0.7477477477477478,data\processed\initial_graph_coloring_dataset\colpack_outputs_week15_extra_orderings\sherman1_incidence_degree.txt
sherman1,INCIDENCE_DEGREE,2,647,253,0.7467467467467468,data\processed\initial_graph_coloring_dataset\colpack_outputs_week15_extra_orderings\sherman1_incidence_degree.txt
sherman1,INCIDENCE_DEGREE,2,657,254,0.7457457457457457,data\processed\initial_graph_coloring_dataset\colpack_outputs_week15_extra_orderings\sherman1_incidence_degree.txt
sherman1,INCIDENCE_DEGREE,2,667,255,0.7447447447447447,data\processed\initial_graph_coloring_dataset\colpack_outputs_week15_extra_orderings\sherman1_incidence_degree.txt
sherman1,INCIDENCE_DEGREE,2,677,256,0.7437437437437437,data\processed\initial_graph_coloring_dataset\colpack_outputs_week15_extra_orderings\sherman1_incidence_degree.txt
sherman1,INCIDENCE_DEGREE,2,687,257,0.7427427427427428,data\processed\initial_graph_coloring_dataset\colpack_outputs_week15_extra_orderings\sherman1_incidence_degree.txt
sherman1,INCIDENCE_DEGREE,2,697,258,0.7417417417417418,data\processed\initial_graph_coloring_dataset\colpack_outputs_week15_extra_orderings\sherman1_incidence_degree.txt
sherman1,INCIDENCE_DEGREE,2,797,259,0.7407407407407407,data\processed\initial_graph_coloring_dataset\colpack_outputs_week15_extra_orderings\sherman1_incidence_degree.txt
sherman1,INCIDENCE_DEGREE,2,787,260,0.7397397397397397,data\processed\initial_graph_coloring_dataset\colpack_outputs_week15_extra_orderings\sherman1_incidence_degree.txt
sherman1,INCIDENCE_DEGREE,2,777,261,0.7387387387387387,data\processed\initial_graph_coloring_dataset\colpack_outputs_week15_extra_orderings\sherman1_incidence_degree.txt
sherman1,INCIDENCE_DEGREE,2,767,262,0.7377377377377378,data\processed\initial_graph_coloring_dataset\colpack_outputs_week15_extra_orderings\sherman1_incidence_degree.txt
sherman1,INCIDENCE_DEGREE,2,757,263,0.7367367367367368,data\processed\initial_graph_coloring_dataset\colpack_outputs_week15_extra_orderings\sherman1_incidence_degree.txt
sherman1,INCIDENCE_DEGREE,2,747,264,0.7357357357357357,data\processed\initial_graph_coloring_dataset\colpack_outputs_week15_extra_orderings\sherman1_incidence_degree.txt
sherman1,INCIDENCE_DEGREE,2,847,265,0.7347347347347347,data\processed\initial_graph_coloring_dataset\colpack_outputs_week15_extra_orderings\sherman1_incidence_degree.txt
sherman1,INCIDENCE_DEGREE,2,857,266,0.7337337337337337,data\processed\initial_graph_coloring_dataset\colpack_outputs_week15_extra_orderings\sherman1_incidence_degree.txt
sherman1,INCIDENCE_DEGREE,2,867,267,0.7327327327327328,data\processed\initial_graph_coloring_dataset\colpack_outputs_week15_extra_orderings\sherman1_incidence_degree.txt
sherman1,INCIDENCE_DEGREE,2,877,268,0.7317317317317318,data\processed\initial_graph_coloring_dataset\colpack_outputs_week15_extra_orderings\sherman1_incidence_degree.txt
sherman1,INCIDENCE_DEGREE,2,887,269,0.7307307307307307,data\processed\initial_graph_coloring_dataset\colpack_outputs_week15_extra_orderings\sherman1_incidence_degree.txt
sherman1,INCIDENCE_DEGREE,2,897,270,0.7297297297297297,data\processed\initial_graph_coloring_dataset\colpack_outputs_week15_extra_orderings\sherman1_incidence_degree.txt
sherman1,INCIDENCE_DEGREE,2,896,271,0.7287287287287287,data\processed\initial_graph_coloring_dataset\colpack_outputs_week15_extra_orderings\sherman1_incidence_degree.txt
sherman1,INCIDENCE_DEGREE,2,886,272,0.7277277277277278,data\processed\initial_graph_coloring_dataset\colpack_outputs_week15_extra_orderings\sherman1_incidence_degree.txt
sherman1,INCIDENCE_DEGREE,2,876,273,0.7267267267267268,data\processed\initial_graph_coloring_dataset\colpack_outputs_week15_extra_orderings\sherman1_incidence_degree.txt
sherman1,INCIDENCE_DEGREE,2,866,274,0.7257257257257257,data\processed\initial_graph_coloring_dataset\colpack_outputs_week15_extra_orderings\sherman1_incidence_degree.txt
sherman1,INCIDENCE_DEGREE,2,856,275,0.7247247247247247,data\processed\initial_graph_coloring_dataset\colpack_outputs_week15_extra_orderings\sherman1_incidence_degree.txt
sherman1,INCIDENCE_DEGREE,2,846,276,0.7237237237237237,data\processed\initial_graph_coloring_dataset\colpack_outputs_week15_extra_orderings\sherman1_incidence_degree.txt
sherman1,INCIDENCE_DEGREE,2,836,277,0.7227227227227228,data\processed\initial_graph_coloring_dataset\colpack_outputs_week15_extra_orderings\sherman1_incidence_degree.txt
sherman1,INCIDENCE_DEGREE,2,837,278,0.7217217217217218,data\processed\initial_graph_coloring_dataset\colpack_outputs_week15_extra_orderings\sherman1_incidence_degree.txt
sherman1,INCIDENCE_DEGREE,2,826,279,0.7207207207207207,data\processed\initial_graph_coloring_dataset\colpack_outputs_week15_extra_orderings\sherman1_incidence_degree.txt
sherman1,INCIDENCE_DEGREE,2,827,280,0.7197197197197197,data\processed\initial_graph_coloring_dataset\colpack_outputs_week15_extra_orderings\sherman1_incidence_degree.txt
sherman1,INCIDENCE_DEGREE,2,816,281,0.7187187187187187,data\processed\initial_graph_coloring_dataset\colpack_outputs_week15_extra_orderings\sherman1_incidence_degree.txt
sherman1,INCIDENCE_DEGREE,2,817,282,0.7177177177177178,data\processed\initial_graph_coloring_dataset\colpack_outputs_week15_extra_orderings\sherman1_incidence_degree.txt
sherman1,INCIDENCE_DEGREE,2,806,283,0.7167167167167167,data\processed\initial_graph_coloring_dataset\colpack_outputs_week15_extra_orderings\sherman1_incidence_degree.txt
sherman1,INCIDENCE_DEGREE,2,807,284,0.7157157157157157,data\processed\initial_graph_coloring_dataset\colpack_outputs_week15_extra_orderings\sherman1_incidence_degree.txt
sherman1,INCIDENCE_DEGREE,2,907,285,0.7147147147147147,data\processed\initial_graph_coloring_dataset\colpack_outputs_week15_extra_orderings\sherman1_incidence_degree.txt
sherman1,INCIDENCE_DEGREE,2,917,286,0.7137137137137137,data\processed\initial_graph_coloring_dataset\colpack_outputs_week15_extra_orderings\sherman1_incidence_degree.txt
sherman1,INCIDENCE_DEGREE,2,927,287,0.7127127127127127,data\processed\initial_graph_coloring_dataset\colpack_outputs_week15_extra_orderings\sherman1_incidence_degree.txt
sherman1,INCIDENCE_DEGREE,2,937,288,0.7117117117117117,data\processed\initial_graph_coloring_dataset\colpack_outputs_week15_extra_orderings\sherman1_incidence_degree.txt
sherman1,INCIDENCE_DEGREE,2,947,289,0.7107107107107107,data\processed\initial_graph_coloring_dataset\colpack_outputs_week15_extra_orderings\sherman1_incidence_degree.txt
sherman1,INCIDENCE_DEGREE,2,948,290,0.7097097097097097,data\processed\initial_graph_coloring_dataset\colpack_outputs_week15_extra_orderings\sherman1_incidence_degree.txt
sherman1,INCIDENCE_DEGREE,2,938,291,0.7087087087087087,data\processed\initial_graph_coloring_dataset\colpack_outputs_week15_extra_orderings\sherman1_incidence_degree.txt
sherman1,INCIDENCE_DEGREE,2,928,292,0.7077077077077077,data\processed\initial_graph_coloring_dataset\colpack_outputs_week15_extra_orderings\sherman1_incidence_degree.txt
sherman1,INCIDENCE_DEGREE,2,918,293,0.7067067067067067,data\processed\initial_graph_coloring_dataset\colpack_outputs_week15_extra_orderings\sherman1_incidence_degree.txt
sherman1,INCIDENCE_DEGREE,2,908,294,0.7057057057057057,data\processed\initial_graph_coloring_dataset\colpack_outputs_week15_extra_orderings\sherman1_incidence_degree.txt
sherman1,INCIDENCE_DEGREE,2,808,295,0.7047047047047047,data\processed\initial_graph_coloring_dataset\colpack_outputs_week15_extra_orderings\sherman1_incidence_degree.txt
sherman1,INCIDENCE_DEGREE,2,818,296,0.7037037037037037,data\processed\initial_graph_coloring_dataset\colpack_outputs_week15_extra_orderings\sherman1_incidence_degree.txt
sherman1,INCIDENCE_DEGREE,2,828,297,0.7027027027027027,data\processed\initial_graph_coloring_dataset\colpack_outputs_week15_extra_orderings\sherman1_incidence_degree.txt
sherman1,INCIDENCE_DEGREE,2,838,298,0.7017017017017017,data\processed\initial_graph_coloring_dataset\colpack_outputs_week15_extra_orderings\sherman1_incidence_degree.txt
sherman1,INCIDENCE_DEGREE,2,848,299,0.7007007007007007,data\processed\initial_graph_coloring_dataset\colpack_outputs_week15_extra_orderings\sherman1_incidence_degree.txt
sherman1,INCIDENCE_DEGREE,2,858,300,0.6996996996996997,data\processed\initial_graph_coloring_dataset\colpack_outputs_week15_extra_orderings\sherman1_incidence_degree.txt
sherman1,INCIDENCE_DEGREE,2,958,301,0.6986986986986987,data\processed\initial_graph_coloring_dataset\colpack_outputs_week15_extra_orderings\sherman1_incidence_degree.txt
sherman1,INCIDENCE_DEGREE,2,868,302,0.6976976976976977,data\processed\initial_graph_coloring_dataset\colpack_outputs_week15_extra_orderings\sherman1_incidence_degree.txt
sherman1,INCIDENCE_DEGREE,2,968,303,0.6966966966966966,data\processed\initial_graph_coloring_dataset\colpack_outputs_week15_extra_orderings\sherman1_incidence_degree.txt
sherman1,INCIDENCE_DEGREE,2,878,304,0.6956956956956957,data\processed\initial_graph_coloring_dataset\colpack_outputs_week15_extra_orderings\sherman1_incidence_degree.txt
sherman1,INCIDENCE_DEGREE,2,978,305,0.6946946946946947,data\processed\initial_graph_coloring_dataset\colpack_outputs_week15_extra_orderings\sherman1_incidence_degree.txt
sherman1,INCIDENCE_DEGREE,2,888,306,0.6936936936936937,data\processed\initial_graph_coloring_dataset\colpack_outputs_week15_extra_orderings\sherman1_incidence_degree.txt
sherman1,INCIDENCE_DEGREE,2,898,307,0.6926926926926927,data\processed\initial_graph_coloring_dataset\colpack_outputs_week15_extra_orderings\sherman1_incidence_degree.txt
sherman1,INCIDENCE_DEGREE,2,899,308,0.6916916916916916,data\processed\initial_graph_coloring_dataset\colpack_outputs_week15_extra_orderings\sherman1_incidence_degree.txt
sherman1,INCIDENCE_DEGREE,2,889,309,0.6906906906906907,data\processed\initial_graph_coloring_dataset\colpack_outputs_week15_extra_orderings\sherman1_incidence_degree.txt
sherman1,INCIDENCE_DEGREE,2,879,310,0.6896896896896897,data\processed\initial_graph_coloring_dataset\colpack_outputs_week15_extra_orderings\sherman1_incidence_degree.txt
sherman1,INCIDENCE_DEGREE,2,869,311,0.6886886886886887,data\processed\initial_graph_coloring_dataset\colpack_outputs_week15_extra_orderings\sherman1_incidence_degree.txt
sherman1,INCIDENCE_DEGREE,2,859,312,0.6876876876876877,data\processed\initial_graph_coloring_dataset\colpack_outputs_week15_extra_orderings\sherman1_incidence_degree.txt
sherman1,INCIDENCE_DEGREE,2,849,313,0.6866866866866866,data\processed\initial_graph_coloring_dataset\colpack_outputs_week15_extra_orderings\sherman1_incidence_degree.txt
sherman1,INCIDENCE_DEGREE,2,839,314,0.6856856856856857,data\processed\initial_graph_coloring_dataset\colpack_outputs_week15_extra_orderings\sherman1_incidence_degree.txt
sherman1,INCIDENCE_DEGREE,2,829,315,0.6846846846846847,data\processed\initial_graph_coloring_dataset\colpack_outputs_week15_extra_orderings\sherman1_incidence_degree.txt
sherman1,INCIDENCE_DEGREE,2,819,316,0.6836836836836837,data\processed\initial_graph_coloring_dataset\colpack_outputs_week15_extra_orderings\sherman1_incidence_degree.txt
sherman1,INCIDENCE_DEGREE,2,809,317,0.6826826826826827,data\processed\initial_graph_coloring_dataset\colpack_outputs_week15_extra_orderings\sherman1_incidence_degree.txt
sherman1,INCIDENCE_DEGREE,2,709,318,0.6816816816816816,data\processed\initial_graph_coloring_dataset\colpack_outputs_week15_extra_orderings\sherman1_incidence_degree.txt
sherman1,INCIDENCE_DEGREE,2,719,319,0.6806806806806807,data\processed\initial_graph_coloring_dataset\colpack_outputs_week15_extra_orderings\sherman1_incidence_degree.txt
sherman1,INCIDENCE_DEGREE,2,729,320,0.6796796796796797,data\processed\initial_graph_coloring_dataset\colpack_outputs_week15_extra_orderings\sherman1_incidence_degree.txt
sherman1,INCIDENCE_DEGREE,2,739,321,0.6786786786786787,data\processed\initial_graph_coloring_dataset\colpack_outputs_week15_extra_orderings\sherman1_incidence_degree.txt
sherman1,INCIDENCE_DEGREE,2,749,322,0.6776776776776777,data\processed\initial_graph_coloring_dataset\colpack_outputs_week15_extra_orderings\sherman1_incidence_degree.txt
sherman1,INCIDENCE_DEGREE,2,759,323,0.6766766766766766,data\processed\initial_graph_coloring_dataset\colpack_outputs_week15_extra_orderings\sherman1_incidence_degree.txt
sherman1,INCIDENCE_DEGREE,2,659,324,0.6756756756756757,data\processed\initial_graph_coloring_dataset\colpack_outputs_week15_extra_orderings\sherman1_incidence_degree.txt
sherman1,INCIDENCE_DEGREE,2,658,325,0.6746746746746747,data\processed\initial_graph_coloring_dataset\colpack_outputs_week15_extra_orderings\sherman1_incidence_degree.txt
sherman1,INCIDENCE_DEGREE,2,668,326,0.6736736736736737,data\processed\initial_graph_coloring_dataset\colpack_outputs_week15_extra_orderings\sherman1_incidence_degree.txt
sherman1,INCIDENCE_DEGREE,2,678,327,0.6726726726726727,data\processed\initial_graph_coloring_dataset\colpack_outputs_week15_extra_orderings\sherman1_incidence_degree.txt
sherman1,INCIDENCE_DEGREE,2,688,328,0.6716716716716716,data\processed\initial_graph_coloring_dataset\colpack_outputs_week15_extra_orderings\sherman1_incidence_degree.txt
sherman1,INCIDENCE_DEGREE,2,698,329,0.6706706706706707,data\processed\initial_graph_coloring_dataset\colpack_outputs_week15_extra_orderings\sherman1_incidence_degree.txt
sherman1,INCIDENCE_DEGREE,2,669,330,0.6696696696696697,data\processed\initial_graph_coloring_dataset\colpack_outputs_week15_extra_orderings\sherman1_incidence_degree.txt
sherman1,INCIDENCE_DEGREE,2,679,331,0.6686686686686687,data\processed\initial_graph_coloring_dataset\colpack_outputs_week15_extra_orderings\sherman1_incidence_degree.txt
sherman1,INCIDENCE_DEGREE,2,689,332,0.6676676676676677,data\processed\initial_graph_coloring_dataset\colpack_outputs_week15_extra_orderings\sherman1_incidence_degree.txt
sherman1,INCIDENCE_DEGREE,2,699,333,0.6666666666666666,data\processed\initial_graph_coloring_dataset\colpack_outputs_week15_extra_orderings\sherman1_incidence_degree.txt
sherman1,INCIDENCE_DEGREE,2,648,334,0.6656656656656657,data\processed\initial_graph_coloring_dataset\colpack_outputs_week15_extra_orderings\sherman1_incidence_degree.txt
sherman1,INCIDENCE_DEGREE,2,649,335,0.6646646646646647,data\processed\initial_graph_coloring_dataset\colpack_outputs_week15_extra_orderings\sherman1_incidence_degree.txt
sherman1,INCIDENCE_DEGREE,2,639,336,0.6636636636636637,data\processed\initial_graph_coloring_dataset\colpack_outputs_week15_extra_orderings\sherman1_incidence_degree.txt
sherman1,INCIDENCE_DEGREE,2,638,337,0.6626626626626627,data\processed\initial_graph_coloring_dataset\colpack_outputs_week15_extra_orderings\sherman1_incidence_degree.txt
sherman1,INCIDENCE_DEGREE,2,628,338,0.6616616616616616,data\processed\initial_graph_coloring_dataset\colpack_outputs_week15_extra_orderings\sherman1_incidence_degree.txt
sherman1,INCIDENCE_DEGREE,2,629,339,0.6606606606606606,data\processed\initial_graph_coloring_dataset\colpack_outputs_week15_extra_orderings\sherman1_incidence_degree.txt
sherman1,INCIDENCE_DEGREE,2,619,340,0.6596596596596597,data\processed\initial_graph_coloring_dataset\colpack_outputs_week15_extra_orderings\sherman1_incidence_degree.txt
sherman1,INCIDENCE_DEGREE,2,618,341,0.6586586586586587,data\processed\initial_graph_coloring_dataset\colpack_outputs_week15_extra_orderings\sherman1_incidence_degree.txt
sherman1,INCIDENCE_DEGREE,2,608,342,0.6576576576576577,data\processed\initial_graph_coloring_dataset\colpack_outputs_week15_extra_orderings\sherman1_incidence_degree.txt
sherman1,INCIDENCE_DEGREE,2,609,343,0.6566566566566566,data\processed\initial_graph_coloring_dataset\colpack_outputs_week15_extra_orderings\sherman1_incidence_degree.txt
sherman1,INCIDENCE_DEGREE,2,508,344,0.6556556556556556,data\processed\initial_graph_coloring_dataset\colpack_outputs_week15_extra_orderings\sherman1_incidence_degree.txt
sherman1,INCIDENCE_DEGREE,2,518,345,0.6546546546546547,data\processed\initial_graph_coloring_dataset\colpack_outputs_week15_extra_orderings\sherman1_incidence_degree.txt
sherman1,INCIDENCE_DEGREE,2,528,346,0.6536536536536537,data\processed\initial_graph_coloring_dataset\colpack_outputs_week15_extra_orderings\sherman1_incidence_degree.txt
sherman1,INCIDENCE_DEGREE,2,538,347,0.6526526526526526,data\processed\initial_graph_coloring_dataset\colpack_outputs_week15_extra_orderings\sherman1_incidence_degree.txt
sherman1,INCIDENCE_DEGREE,2,438,348,0.6516516516516516,data\processed\initial_graph_coloring_dataset\colpack_outputs_week15_extra_orderings\sherman1_incidence_degree.txt
sherman1,INCIDENCE_DEGREE,2,428,349,0.6506506506506506,data\processed\initial_graph_coloring_dataset\colpack_outputs_week15_extra_orderings\sherman1_incidence_degree.txt
sherman1,INCIDENCE_DEGREE,2,418,350,0.6496496496496497,data\processed\initial_graph_coloring_dataset\colpack_outputs_week15_extra_orderings\sherman1_incidence_degree.txt
sherman1,INCIDENCE_DEGREE,2,408,351,0.6486486486486487,data\processed\initial_graph_coloring_dataset\colpack_outputs_week15_extra_orderings\sherman1_incidence_degree.txt
sherman1,INCIDENCE_DEGREE,2,409,352,0.6476476476476476,data\processed\initial_graph_coloring_dataset\colpack_outputs_week15_extra_orderings\sherman1_incidence_degree.txt
sherman1,INCIDENCE_DEGREE,2,419,353,0.6466466466466466,data\processed\initial_graph_coloring_dataset\colpack_outputs_week15_extra_orderings\sherman1_incidence_degree.txt
sherman1,INCIDENCE_DEGREE,2,429,354,0.6456456456456456,data\processed\initial_graph_coloring_dataset\colpack_outputs_week15_extra_orderings\sherman1_incidence_degree.txt
sherman1,INCIDENCE_DEGREE,2,439,355,0.6446446446446447,data\processed\initial_graph_coloring_dataset\colpack_outputs_week15_extra_orderings\sherman1_incidence_degree.txt
sherman1,INCIDENCE_DEGREE,2,449,356,0.6436436436436437,data\processed\initial_graph_coloring_dataset\colpack_outputs_week15_extra_orderings\sherman1_incidence_degree.txt
sherman1,INCIDENCE_DEGREE,2,448,357,0.6426426426426426,data\processed\initial_graph_coloring_dataset\colpack_outputs_week15_extra_orderings\sherman1_incidence_degree.txt
sherman1,INCIDENCE_DEGREE,2,458,358,0.6416416416416416,data\processed\initial_graph_coloring_dataset\colpack_outputs_week15_extra_orderings\sherman1_incidence_degree.txt
sherman1,INCIDENCE_DEGREE,2,459,359,0.6406406406406406,data\processed\initial_graph_coloring_dataset\colpack_outputs_week15_extra_orderings\sherman1_incidence_degree.txt
sherman1,INCIDENCE_DEGREE,2,559,360,0.6396396396396397,data\processed\initial_graph_coloring_dataset\colpack_outputs_week15_extra_orderings\sherman1_incidence_degree.txt
sherman1,INCIDENCE_DEGREE,2,569,361,0.6386386386386387,data\processed\initial_graph_coloring_dataset\colpack_outputs_week15_extra_orderings\sherman1_incidence_degree.txt
sherman1,INCIDENCE_DEGREE,2,579,362,0.6376376376376376,data\processed\initial_graph_coloring_dataset\colpack_outputs_week15_extra_orderings\sherman1_incidence_degree.txt
sherman1,INCIDENCE_DEGREE,2,589,363,0.6366366366366366,data\processed\initial_graph_coloring_dataset\colpack_outputs_week15_extra_orderings\sherman1_incidence_degree.txt
sherman1,INCIDENCE_DEGREE,2,599,364,0.6356356356356356,data\processed\initial_graph_coloring_dataset\colpack_outputs_week15_extra_orderings\sherman1_incidence_degree.txt
sherman1,INCIDENCE_DEGREE,2,469,365,0.6346346346346347,data\processed\initial_graph_coloring_dataset\colpack_outputs_week15_extra_orderings\sherman1_incidence_degree.txt
sherman1,INCIDENCE_DEGREE,2,479,366,0.6336336336336337,data\processed\initial_graph_coloring_dataset\colpack_outputs_week15_extra_orderings\sherman1_incidence_degree.txt
sherman1,INCIDENCE_DEGREE,2,489,367,0.6326326326326326,data\processed\initial_graph_coloring_dataset\colpack_outputs_week15_extra_orderings\sherman1_incidence_degree.txt
sherman1,INCIDENCE_DEGREE,2,499,368,0.6316316316316316,data\processed\initial_graph_coloring_dataset\colpack_outputs_week15_extra_orderings\sherman1_incidence_degree.txt
sherman1,INCIDENCE_DEGREE,2,468,369,0.6306306306306306,data\processed\initial_graph_coloring_dataset\colpack_outputs_week15_extra_orderings\sherman1_incidence_degree.txt
sherman1,INCIDENCE_DEGREE,2,478,370,0.6296296296296297,data\processed\initial_graph_coloring_dataset\colpack_outputs_week15_extra_orderings\sherman1_incidence_degree.txt
sherman1,INCIDENCE_DEGREE,2,488,371,0.6286286286286287,data\processed\initial_graph_coloring_dataset\colpack_outputs_week15_extra_orderings\sherman1_incidence_degree.txt
sherman1,INCIDENCE_DEGREE,2,498,372,0.6276276276276276,data\processed\initial_graph_coloring_dataset\colpack_outputs_week15_extra_orderings\sherman1_incidence_degree.txt
sherman1,INCIDENCE_DEGREE,2,497,373,0.6266266266266266,data\processed\initial_graph_coloring_dataset\colpack_outputs_week15_extra_orderings\sherman1_incidence_degree.txt
sherman1,INCIDENCE_DEGREE,2,487,374,0.6256256256256256,data\processed\initial_graph_coloring_dataset\colpack_outputs_week15_extra_orderings\sherman1_incidence_degree.txt
sherman1,INCIDENCE_DEGREE,2,477,375,0.6246246246246246,data\processed\initial_graph_coloring_dataset\colpack_outputs_week15_extra_orderings\sherman1_incidence_degree.txt
sherman1,INCIDENCE_DEGREE,2,467,376,0.6236236236236237,data\processed\initial_graph_coloring_dataset\colpack_outputs_week15_extra_orderings\sherman1_incidence_degree.txt
sherman1,INCIDENCE_DEGREE,2,457,377,0.6226226226226226,data\processed\initial_graph_coloring_dataset\colpack_outputs_week15_extra_orderings\sherman1_incidence_degree.txt
sherman1,INCIDENCE_DEGREE,2,447,378,0.6216216216216216,data\processed\initial_graph_coloring_dataset\colpack_outputs_week15_extra_orderings\sherman1_incidence_degree.txt
sherman1,INCIDENCE_DEGREE,2,437,379,0.6206206206206206,data\processed\initial_graph_coloring_dataset\colpack_outputs_week15_extra_orderings\sherman1_incidence_degree.txt
sherman1,INCIDENCE_DEGREE,2,427,380,0.6196196196196196,data\processed\initial_graph_coloring_dataset\colpack_outputs_week15_extra_orderings\sherman1_incidence_degree.txt
sherman1,INCIDENCE_DEGREE,2,417,381,0.6186186186186187,data\processed\initial_graph_coloring_dataset\colpack_outputs_week15_extra_orderings\sherman1_incidence_degree.txt
sherman1,INCIDENCE_DEGREE,2,407,382,0.6176176176176176,data\processed\initial_graph_coloring_dataset\colpack_outputs_week15_extra_orderings\sherman1_incidence_degree.txt
sherman1,INCIDENCE_DEGREE,2,406,383,0.6166166166166166,data\processed\initial_graph_coloring_dataset\colpack_outputs_week15_extra_orderings\sherman1_incidence_degree.txt
sherman1,INCIDENCE_DEGREE,2,416,384,0.6156156156156156,data\processed\initial_graph_coloring_dataset\colpack_outputs_week15_extra_orderings\sherman1_incidence_degree.txt
sherman1,INCIDENCE_DEGREE,2,426,385,0.6146146146146146,data\processed\initial_graph_coloring_dataset\colpack_outputs_week15_extra_orderings\sherman1_incidence_degree.txt
sherman1,INCIDENCE_DEGREE,2,526,386,0.6136136136136137,data\processed\initial_graph_coloring_dataset\colpack_outputs_week15_extra_orderings\sherman1_incidence_degree.txt
sherman1,INCIDENCE_DEGREE,2,536,387,0.6126126126126126,data\processed\initial_graph_coloring_dataset\colpack_outputs_week15_extra_orderings\sherman1_incidence_degree.txt
sherman1,INCIDENCE_DEGREE,2,436,388,0.6116116116116116,data\processed\initial_graph_coloring_dataset\colpack_outputs_week15_extra_orderings\sherman1_incidence_degree.txt
sherman1,INCIDENCE_DEGREE,2,446,389,0.6106106106106106,data\processed\initial_graph_coloring_dataset\colpack_outputs_week15_extra_orderings\sherman1_incidence_degree.txt
sherman1,INCIDENCE_DEGREE,2,546,390,0.6096096096096096,data\processed\initial_graph_coloring_dataset\colpack_outputs_week15_extra_orderings\sherman1_incidence_degree.txt
sherman1,INCIDENCE_DEGREE,2,445,391,0.6086086086086087,data\processed\initial_graph_coloring_dataset\colpack_outputs_week15_extra_orderings\sherman1_incidence_degree.txt
sherman1,INCIDENCE_DEGREE,2,435,392,0.6076076076076076,data\processed\initial_graph_coloring_dataset\colpack_outputs_week15_extra_orderings\sherman1_incidence_degree.txt
sherman1,INCIDENCE_DEGREE,2,425,393,0.6066066066066066,data\processed\initial_graph_coloring_dataset\colpack_outputs_week15_extra_orderings\sherman1_incidence_degree.txt
sherman1,INCIDENCE_DEGREE,2,415,394,0.6056056056056056,data\processed\initial_graph_coloring_dataset\colpack_outputs_week15_extra_orderings\sherman1_incidence_degree.txt
sherman1,INCIDENCE_DEGREE,2,405,395,0.6046046046046046,data\processed\initial_graph_coloring_dataset\colpack_outputs_week15_extra_orderings\sherman1_incidence_degree.txt
sherman1,INCIDENCE_DEGREE,2,456,396,0.6036036036036037,data\processed\initial_graph_coloring_dataset\colpack_outputs_week15_extra_orderings\sherman1_incidence_degree.txt
sherman1,INCIDENCE_DEGREE,2,455,397,0.6026026026026026,data\processed\initial_graph_coloring_dataset\colpack_outputs_week15_extra_orderings\sherman1_incidence_degree.txt
sherman1,INCIDENCE_DEGREE,2,465,398,0.6016016016016016,data\processed\initial_graph_coloring_dataset\colpack_outputs_week15_extra_orderings\sherman1_incidence_degree.txt
sherman1,INCIDENCE_DEGREE,2,466,399,0.6006006006006006,data\processed\initial_graph_coloring_dataset\colpack_outputs_week15_extra_orderings\sherman1_incidence_degree.txt
sherman1,INCIDENCE_DEGREE,2,476,400,0.5995995995995996,data\processed\initial_graph_coloring_dataset\colpack_outputs_week15_extra_orderings\sherman1_incidence_degree.txt
sherman1,INCIDENCE_DEGREE,2,475,401,0.5985985985985987,data\processed\initial_graph_coloring_dataset\colpack_outputs_week15_extra_orderings\sherman1_incidence_degree.txt
sherman1,INCIDENCE_DEGREE,2,485,402,0.5975975975975976,data\processed\initial_graph_coloring_dataset\colpack_outputs_week15_extra_orderings\sherman1_incidence_degree.txt
sherman1,INCIDENCE_DEGREE,2,486,403,0.5965965965965966,data\processed\initial_graph_coloring_dataset\colpack_outputs_week15_extra_orderings\sherman1_incidence_degree.txt
sherman1,INCIDENCE_DEGREE,2,586,404,0.5955955955955956,data\processed\initial_graph_coloring_dataset\colpack_outputs_week15_extra_orderings\sherman1_incidence_degree.txt
sherman1,INCIDENCE_DEGREE,2,576,405,0.5945945945945946,data\processed\initial_graph_coloring_dataset\colpack_outputs_week15_extra_orderings\sherman1_incidence_degree.txt
sherman1,INCIDENCE_DEGREE,2,495,406,0.5935935935935935,data\processed\initial_graph_coloring_dataset\colpack_outputs_week15_extra_orderings\sherman1_incidence_degree.txt
sherman1,INCIDENCE_DEGREE,2,496,407,0.5925925925925926,data\processed\initial_graph_coloring_dataset\colpack_outputs_week15_extra_orderings\sherman1_incidence_degree.txt
sherman1,INCIDENCE_DEGREE,2,395,408,0.5915915915915916,data\processed\initial_graph_coloring_dataset\colpack_outputs_week15_extra_orderings\sherman1_incidence_degree.txt
sherman1,INCIDENCE_DEGREE,2,385,409,0.5905905905905906,data\processed\initial_graph_coloring_dataset\colpack_outputs_week15_extra_orderings\sherman1_incidence_degree.txt
sherman1,INCIDENCE_DEGREE,2,375,410,0.5895895895895896,data\processed\initial_graph_coloring_dataset\colpack_outputs_week15_extra_orderings\sherman1_incidence_degree.txt
sherman1,INCIDENCE_DEGREE,2,365,411,0.5885885885885885,data\processed\initial_graph_coloring_dataset\colpack_outputs_week15_extra_orderings\sherman1_incidence_degree.txt
sherman1,INCIDENCE_DEGREE,2,355,412,0.5875875875875876,data\processed\initial_graph_coloring_dataset\colpack_outputs_week15_extra_orderings\sherman1_incidence_degree.txt
sherman1,INCIDENCE_DEGREE,2,345,413,0.5865865865865866,data\processed\initial_graph_coloring_dataset\colpack_outputs_week15_extra_orderings\sherman1_incidence_degree.txt
sherman1,INCIDENCE_DEGREE,2,335,414,0.5855855855855856,data\processed\initial_graph_coloring_dataset\colpack_outputs_week15_extra_orderings\sherman1_incidence_degree.txt
sherman1,INCIDENCE_DEGREE,2,325,415,0.5845845845845846,data\processed\initial_graph_coloring_dataset\colpack_outputs_week15_extra_orderings\sherman1_incidence_degree.txt
sherman1,INCIDENCE_DEGREE,2,225,416,0.5835835835835835,data\processed\initial_graph_coloring_dataset\colpack_outputs_week15_extra_orderings\sherman1_incidence_degree.txt
sherman1,INCIDENCE_DEGREE,2,235,417,0.5825825825825826,data\processed\initial_graph_coloring_dataset\colpack_outputs_week15_extra_orderings\sherman1_incidence_degree.txt
sherman1,INCIDENCE_DEGREE,2,245,418,0.5815815815815816,data\processed\initial_graph_coloring_dataset\colpack_outputs_week15_extra_orderings\sherman1_incidence_degree.txt
sherman1,INCIDENCE_DEGREE,2,255,419,0.5805805805805806,data\processed\initial_graph_coloring_dataset\colpack_outputs_week15_extra_orderings\sherman1_incidence_degree.txt
sherman1,INCIDENCE_DEGREE,2,265,420,0.5795795795795796,data\processed\initial_graph_coloring_dataset\colpack_outputs_week15_extra_orderings\sherman1_incidence_degree.txt
sherman1,INCIDENCE_DEGREE,2,275,421,0.5785785785785785,data\processed\initial_graph_coloring_dataset\colpack_outputs_week15_extra_orderings\sherman1_incidence_degree.txt
sherman1,INCIDENCE_DEGREE,2,285,422,0.5775775775775776,data\processed\initial_graph_coloring_dataset\colpack_outputs_week15_extra_orderings\sherman1_incidence_degree.txt
sherman1,INCIDENCE_DEGREE,2,295,423,0.5765765765765766,data\processed\initial_graph_coloring_dataset\colpack_outputs_week15_extra_orderings\sherman1_incidence_degree.txt
sherman1,INCIDENCE_DEGREE,2,274,424,0.5755755755755756,data\processed\initial_graph_coloring_dataset\colpack_outputs_week15_extra_orderings\sherman1_incidence_degree.txt
sherman1,INCIDENCE_DEGREE,2,264,425,0.5745745745745746,data\processed\initial_graph_coloring_dataset\colpack_outputs_week15_extra_orderings\sherman1_incidence_degree.txt
sherman1,INCIDENCE_DEGREE,2,254,426,0.5735735735735735,data\processed\initial_graph_coloring_dataset\colpack_outputs_week15_extra_orderings\sherman1_incidence_degree.txt
sherman1,INCIDENCE_DEGREE,2,244,427,0.5725725725725725,data\processed\initial_graph_coloring_dataset\colpack_outputs_week15_extra_orderings\sherman1_incidence_degree.txt
sherman1,INCIDENCE_DEGREE,2,234,428,0.5715715715715716,data\processed\initial_graph_coloring_dataset\colpack_outputs_week15_extra_orderings\sherman1_incidence_degree.txt
sherman1,INCIDENCE_DEGREE,2,224,429,0.5705705705705706,data\processed\initial_graph_coloring_dataset\colpack_outputs_week15_extra_orderings\sherman1_incidence_degree.txt
sherman1,INCIDENCE_DEGREE,2,214,430,0.5695695695695696,data\processed\initial_graph_coloring_dataset\colpack_outputs_week15_extra_orderings\sherman1_incidence_degree.txt
sherman1,INCIDENCE_DEGREE,2,215,431,0.5685685685685685,data\processed\initial_graph_coloring_dataset\colpack_outputs_week15_extra_orderings\sherman1_incidence_degree.txt
sherman1,INCIDENCE_DEGREE,2,364,432,0.5675675675675675,data\processed\initial_graph_coloring_dataset\colpack_outputs_week15_extra_orderings\sherman1_incidence_degree.txt
sherman1,INCIDENCE_DEGREE,2,374,433,0.5665665665665666,data\processed\initial_graph_coloring_dataset\colpack_outputs_week15_extra_orderings\sherman1_incidence_degree.txt
sherman1,INCIDENCE_DEGREE,2,384,434,0.5655655655655656,data\processed\initial_graph_coloring_dataset\colpack_outputs_week15_extra_orderings\sherman1_incidence_degree.txt
sherman1,INCIDENCE_DEGREE,2,284,435,0.5645645645645646,data\processed\initial_graph_coloring_dataset\colpack_outputs_week15_extra_orderings\sherman1_incidence_degree.txt
sherman1,INCIDENCE_DEGREE,2,294,436,0.5635635635635635,data\processed\initial_graph_coloring_dataset\colpack_outputs_week15_extra_orderings\sherman1_incidence_degree.txt
sherman1,INCIDENCE_DEGREE,2,394,437,0.5625625625625625,data\processed\initial_graph_coloring_dataset\colpack_outputs_week15_extra_orderings\sherman1_incidence_degree.txt
sherman1,INCIDENCE_DEGREE,2,283,438,0.5615615615615616,data\processed\initial_graph_coloring_dataset\colpack_outputs_week15_extra_orderings\sherman1_incidence_degree.txt
sherman1,INCIDENCE_DEGREE,2,293,439,0.5605605605605606,data\processed\initial_graph_coloring_dataset\colpack_outputs_week15_extra_orderings\sherman1_incidence_degree.txt
sherman1,INCIDENCE_DEGREE,2,292,440,0.5595595595595596,data\processed\initial_graph_coloring_dataset\colpack_outputs_week15_extra_orderings\sherman1_incidence_degree.txt
sherman1,INCIDENCE_DEGREE,2,392,441,0.5585585585585585,data\processed\initial_graph_coloring_dataset\colpack_outputs_week15_extra_orderings\sherman1_incidence_degree.txt
sherman1,INCIDENCE_DEGREE,2,382,442,0.5575575575575575,data\processed\initial_graph_coloring_dataset\colpack_outputs_week15_extra_orderings\sherman1_incidence_degree.txt
sherman1,INCIDENCE_DEGREE,2,282,443,0.5565565565565566,data\processed\initial_graph_coloring_dataset\colpack_outputs_week15_extra_orderings\sherman1_incidence_degree.txt
sherman1,INCIDENCE_DEGREE,2,272,444,0.5555555555555556,data\processed\initial_graph_coloring_dataset\colpack_outputs_week15_extra_orderings\sherman1_incidence_degree.txt
sherman1,INCIDENCE_DEGREE,2,372,445,0.5545545545545546,data\processed\initial_graph_coloring_dataset\colpack_outputs_week15_extra_orderings\sherman1_incidence_degree.txt
sherman1,INCIDENCE_DEGREE,2,262,446,0.5535535535535535,data\processed\initial_graph_coloring_dataset\colpack_outputs_week15_extra_orderings\sherman1_incidence_degree.txt
sherman1,INCIDENCE_DEGREE,2,252,447,0.5525525525525525,data\processed\initial_graph_coloring_dataset\colpack_outputs_week15_extra_orderings\sherman1_incidence_degree.txt
sherman1,INCIDENCE_DEGREE,2,242,448,0.5515515515515516,data\processed\initial_graph_coloring_dataset\colpack_outputs_week15_extra_orderings\sherman1_incidence_degree.txt
sherman1,INCIDENCE_DEGREE,2,232,449,0.5505505505505506,data\processed\initial_graph_coloring_dataset\colpack_outputs_week15_extra_orderings\sherman1_incidence_degree.txt
sherman1,INCIDENCE_DEGREE,2,222,450,0.5495495495495496,data\processed\initial_graph_coloring_dataset\colpack_outputs_week15_extra_orderings\sherman1_incidence_degree.txt
sherman1,INCIDENCE_DEGREE,2,212,451,0.5485485485485485,data\processed\initial_graph_coloring_dataset\colpack_outputs_week15_extra_orderings\sherman1_incidence_degree.txt
sherman1,INCIDENCE_DEGREE,2,211,452,0.5475475475475475,data\processed\initial_graph_coloring_dataset\colpack_outputs_week15_extra_orderings\sherman1_incidence_degree.txt
sherman1,INCIDENCE_DEGREE,2,221,453,0.5465465465465466,data\processed\initial_graph_coloring_dataset\colpack_outputs_week15_extra_orderings\sherman1_incidence_degree.txt
sherman1,INCIDENCE_DEGREE,2,231,454,0.5455455455455456,data\processed\initial_graph_coloring_dataset\colpack_outputs_week15_extra_orderings\sherman1_incidence_degree.txt
sherman1,INCIDENCE_DEGREE,2,241,455,0.5445445445445446,data\processed\initial_graph_coloring_dataset\colpack_outputs_week15_extra_orderings\sherman1_incidence_degree.txt
sherman1,INCIDENCE_DEGREE,2,251,456,0.5435435435435435,data\processed\initial_graph_coloring_dataset\colpack_outputs_week15_extra_orderings\sherman1_incidence_degree.txt
sherman1,INCIDENCE_DEGREE,2,261,457,0.5425425425425425,data\processed\initial_graph_coloring_dataset\colpack_outputs_week15_extra_orderings\sherman1_incidence_degree.txt
sherman1,INCIDENCE_DEGREE,2,271,458,0.5415415415415415,data\processed\initial_graph_coloring_dataset\colpack_outputs_week15_extra_orderings\sherman1_incidence_degree.txt
sherman1,INCIDENCE_DEGREE,2,281,459,0.5405405405405406,data\processed\initial_graph_coloring_dataset\colpack_outputs_week15_extra_orderings\sherman1_incidence_degree.txt
sherman1,INCIDENCE_DEGREE,2,291,460,0.5395395395395396,data\processed\initial_graph_coloring_dataset\colpack_outputs_week15_extra_orderings\sherman1_incidence_degree.txt
sherman1,INCIDENCE_DEGREE,2,290,461,0.5385385385385385,data\processed\initial_graph_coloring_dataset\colpack_outputs_week15_extra_orderings\sherman1_incidence_degree.txt
sherman1,INCIDENCE_DEGREE,2,390,462,0.5375375375375375,data\processed\initial_graph_coloring_dataset\colpack_outputs_week15_extra_orderings\sherman1_incidence_degree.txt
sherman1,INCIDENCE_DEGREE,2,380,463,0.5365365365365365,data\processed\initial_graph_coloring_dataset\colpack_outputs_week15_extra_orderings\sherman1_incidence_degree.txt
sherman1,INCIDENCE_DEGREE,2,280,464,0.5355355355355356,data\processed\initial_graph_coloring_dataset\colpack_outputs_week15_extra_orderings\sherman1_incidence_degree.txt
sherman1,INCIDENCE_DEGREE,2,270,465,0.5345345345345346,data\processed\initial_graph_coloring_dataset\colpack_outputs_week15_extra_orderings\sherman1_incidence_degree.txt
sherman1,INCIDENCE_DEGREE,2,370,466,0.5335335335335335,data\processed\initial_graph_coloring_dataset\colpack_outputs_week15_extra_orderings\sherman1_incidence_degree.txt
sherman1,INCIDENCE_DEGREE,2,360,467,0.5325325325325325,data\processed\initial_graph_coloring_dataset\colpack_outputs_week15_extra_orderings\sherman1_incidence_degree.txt
sherman1,INCIDENCE_DEGREE,2,260,468,0.5315315315315315,data\processed\initial_graph_coloring_dataset\colpack_outputs_week15_extra_orderings\sherman1_incidence_degree.txt
sherman1,INCIDENCE_DEGREE,2,250,469,0.5305305305305306,data\processed\initial_graph_coloring_dataset\colpack_outputs_week15_extra_orderings\sherman1_incidence_degree.txt
sherman1,INCIDENCE_DEGREE,2,350,470,0.5295295295295295,data\processed\initial_graph_coloring_dataset\colpack_outputs_week15_extra_orderings\sherman1_incidence_degree.txt
sherman1,INCIDENCE_DEGREE,2,340,471,0.5285285285285285,data\processed\initial_graph_coloring_dataset\colpack_outputs_week15_extra_orderings\sherman1_incidence_degree.txt
sherman1,INCIDENCE_DEGREE,2,240,472,0.5275275275275275,data\processed\initial_graph_coloring_dataset\colpack_outputs_week15_extra_orderings\sherman1_incidence_degree.txt
sherman1,INCIDENCE_DEGREE,2,230,473,0.5265265265265265,data\processed\initial_graph_coloring_dataset\colpack_outputs_week15_extra_orderings\sherman1_incidence_degree.txt
sherman1,INCIDENCE_DEGREE,2,330,474,0.5255255255255256,data\processed\initial_graph_coloring_dataset\colpack_outputs_week15_extra_orderings\sherman1_incidence_degree.txt
sherman1,INCIDENCE_DEGREE,2,220,475,0.5245245245245245,data\processed\initial_graph_coloring_dataset\colpack_outputs_week15_extra_orderings\sherman1_incidence_degree.txt
sherman1,INCIDENCE_DEGREE,2,210,476,0.5235235235235235,data\processed\initial_graph_coloring_dataset\colpack_outputs_week15_extra_orderings\sherman1_incidence_degree.txt
sherman1,INCIDENCE_DEGREE,2,200,477,0.5225225225225225,data\processed\initial_graph_coloring_dataset\colpack_outputs_week15_extra_orderings\sherman1_incidence_degree.txt
sherman1,INCIDENCE_DEGREE,2,201,478,0.5215215215215215,data\processed\initial_graph_coloring_dataset\colpack_outputs_week15_extra_orderings\sherman1_incidence_degree.txt
sherman1,INCIDENCE_DEGREE,2,202,479,0.5205205205205206,data\processed\initial_graph_coloring_dataset\colpack_outputs_week15_extra_orderings\sherman1_incidence_degree.txt
sherman1,INCIDENCE_DEGREE,2,203,480,0.5195195195195195,data\processed\initial_graph_coloring_dataset\colpack_outputs_week15_extra_orderings\sherman1_incidence_degree.txt
sherman1,INCIDENCE_DEGREE,2,204,481,0.5185185185185185,data\processed\initial_graph_coloring_dataset\colpack_outputs_week15_extra_orderings\sherman1_incidence_degree.txt
sherman1,INCIDENCE_DEGREE,2,205,482,0.5175175175175175,data\processed\initial_graph_coloring_dataset\colpack_outputs_week15_extra_orderings\sherman1_incidence_degree.txt
sherman1,INCIDENCE_DEGREE,2,206,483,0.5165165165165165,data\processed\initial_graph_coloring_dataset\colpack_outputs_week15_extra_orderings\sherman1_incidence_degree.txt
sherman1,INCIDENCE_DEGREE,2,216,484,0.5155155155155156,data\processed\initial_graph_coloring_dataset\colpack_outputs_week15_extra_orderings\sherman1_incidence_degree.txt
sherman1,INCIDENCE_DEGREE,2,226,485,0.5145145145145145,data\processed\initial_graph_coloring_dataset\colpack_outputs_week15_extra_orderings\sherman1_incidence_degree.txt
sherman1,INCIDENCE_DEGREE,2,236,486,0.5135135135135135,data\processed\initial_graph_coloring_dataset\colpack_outputs_week15_extra_orderings\sherman1_incidence_degree.txt
sherman1,INCIDENCE_DEGREE,2,246,487,0.5125125125125125,data\processed\initial_graph_coloring_dataset\colpack_outputs_week15_extra_orderings\sherman1_incidence_degree.txt
sherman1,INCIDENCE_DEGREE,2,256,488,0.5115115115115115,data\processed\initial_graph_coloring_dataset\colpack_outputs_week15_extra_orderings\sherman1_incidence_degree.txt
sherman1,INCIDENCE_DEGREE,2,266,489,0.5105105105105106,data\processed\initial_graph_coloring_dataset\colpack_outputs_week15_extra_orderings\sherman1_incidence_degree.txt
sherman1,INCIDENCE_DEGREE,2,276,490,0.5095095095095095,data\processed\initial_graph_coloring_dataset\colpack_outputs_week15_extra_orderings\sherman1_incidence_degree.txt
sherman1,INCIDENCE_DEGREE,2,286,491,0.5085085085085085,data\processed\initial_graph_coloring_dataset\colpack_outputs_week15_extra_orderings\sherman1_incidence_degree.txt
sherman1,INCIDENCE_DEGREE,2,296,492,0.5075075075075075,data\processed\initial_graph_coloring_dataset\colpack_outputs_week15_extra_orderings\sherman1_incidence_degree.txt
sherman1,INCIDENCE_DEGREE,2,297,493,0.5065065065065065,data\processed\initial_graph_coloring_dataset\colpack_outputs_week15_extra_orderings\sherman1_incidence_degree.txt
sherman1,INCIDENCE_DEGREE,2,287,494,0.5055055055055055,data\processed\initial_graph_coloring_dataset\colpack_outputs_week15_extra_orderings\sherman1_incidence_degree.txt
sherman1,INCIDENCE_DEGREE,2,277,495,0.5045045045045045,data\processed\initial_graph_coloring_dataset\colpack_outputs_week15_extra_orderings\sherman1_incidence_degree.txt
sherman1,INCIDENCE_DEGREE,2,377,496,0.5035035035035035,data\processed\initial_graph_coloring_dataset\colpack_outputs_week15_extra_orderings\sherman1_incidence_degree.txt
sherman1,INCIDENCE_DEGREE,2,367,497,0.5025025025025025,data\processed\initial_graph_coloring_dataset\colpack_outputs_week15_extra_orderings\sherman1_incidence_degree.txt
sherman1,INCIDENCE_DEGREE,2,267,498,0.5015015015015015,data\processed\initial_graph_coloring_dataset\colpack_outputs_week15_extra_orderings\sherman1_incidence_degree.txt
sherman1,INCIDENCE_DEGREE,2,257,499,0.5005005005005005,data\processed\initial_graph_coloring_dataset\colpack_outputs_week15_extra_orderings\sherman1_incidence_degree.txt
sherman1,INCIDENCE_DEGREE,2,357,500,0.4994994994994995,data\processed\initial_graph_coloring_dataset\colpack_outputs_week15_extra_orderings\sherman1_incidence_degree.txt
sherman1,INCIDENCE_DEGREE,2,347,501,0.4984984984984985,data\processed\initial_graph_coloring_dataset\colpack_outputs_week15_extra_orderings\sherman1_incidence_degree.txt
sherman1,INCIDENCE_DEGREE,2,247,502,0.4974974974974975,data\processed\initial_graph_coloring_dataset\colpack_outputs_week15_extra_orderings\sherman1_incidence_degree.txt
sherman1,INCIDENCE_DEGREE,2,237,503,0.4964964964964965,data\processed\initial_graph_coloring_dataset\colpack_outputs_week15_extra_orderings\sherman1_incidence_degree.txt
sherman1,INCIDENCE_DEGREE,2,337,504,0.4954954954954955,data\processed\initial_graph_coloring_dataset\colpack_outputs_week15_extra_orderings\sherman1_incidence_degree.txt
sherman1,INCIDENCE_DEGREE,2,327,505,0.4944944944944945,data\processed\initial_graph_coloring_dataset\colpack_outputs_week15_extra_orderings\sherman1_incidence_degree.txt
sherman1,INCIDENCE_DEGREE,2,227,506,0.4934934934934935,data\processed\initial_graph_coloring_dataset\colpack_outputs_week15_extra_orderings\sherman1_incidence_degree.txt
sherman1,INCIDENCE_DEGREE,2,217,507,0.4924924924924925,data\processed\initial_graph_coloring_dataset\colpack_outputs_week15_extra_orderings\sherman1_incidence_degree.txt
sherman1,INCIDENCE_DEGREE,2,317,508,0.4914914914914915,data\processed\initial_graph_coloring_dataset\colpack_outputs_week15_extra_orderings\sherman1_incidence_degree.txt
sherman1,INCIDENCE_DEGREE,2,307,509,0.4904904904904905,data\processed\initial_graph_coloring_dataset\colpack_outputs_week15_extra_orderings\sherman1_incidence_degree.txt
sherman1,INCIDENCE_DEGREE,2,207,510,0.4894894894894895,data\processed\initial_graph_coloring_dataset\colpack_outputs_week15_extra_orderings\sherman1_incidence_degree.txt
sherman1,INCIDENCE_DEGREE,2,208,511,0.48848848848848847,data\processed\initial_graph_coloring_dataset\colpack_outputs_week15_extra_orderings\sherman1_incidence_degree.txt
sherman1,INCIDENCE_DEGREE,2,218,512,0.4874874874874875,data\processed\initial_graph_coloring_dataset\colpack_outputs_week15_extra_orderings\sherman1_incidence_degree.txt
sherman1,INCIDENCE_DEGREE,2,228,513,0.4864864864864865,data\processed\initial_graph_coloring_dataset\colpack_outputs_week15_extra_orderings\sherman1_incidence_degree.txt
sherman1,INCIDENCE_DEGREE,2,238,514,0.4854854854854855,data\processed\initial_graph_coloring_dataset\colpack_outputs_week15_extra_orderings\sherman1_incidence_degree.txt
sherman1,INCIDENCE_DEGREE,2,248,515,0.4844844844844845,data\processed\initial_graph_coloring_dataset\colpack_outputs_week15_extra_orderings\sherman1_incidence_degree.txt
sherman1,INCIDENCE_DEGREE,2,258,516,0.48348348348348347,data\processed\initial_graph_coloring_dataset\colpack_outputs_week15_extra_orderings\sherman1_incidence_degree.txt
sherman1,INCIDENCE_DEGREE,2,268,517,0.4824824824824825,data\processed\initial_graph_coloring_dataset\colpack_outputs_week15_extra_orderings\sherman1_incidence_degree.txt
sherman1,INCIDENCE_DEGREE,2,278,518,0.48148148148148145,data\processed\initial_graph_coloring_dataset\colpack_outputs_week15_extra_orderings\sherman1_incidence_degree.txt
sherman1,INCIDENCE_DEGREE,2,288,519,0.4804804804804805,data\processed\initial_graph_coloring_dataset\colpack_outputs_week15_extra_orderings\sherman1_incidence_degree.txt
sherman1,INCIDENCE_DEGREE,2,298,520,0.4794794794794795,data\processed\initial_graph_coloring_dataset\colpack_outputs_week15_extra_orderings\sherman1_incidence_degree.txt
sherman1,INCIDENCE_DEGREE,2,299,521,0.47847847847847846,data\processed\initial_graph_coloring_dataset\colpack_outputs_week15_extra_orderings\sherman1_incidence_degree.txt
sherman1,INCIDENCE_DEGREE,2,399,522,0.4774774774774775,data\processed\initial_graph_coloring_dataset\colpack_outputs_week15_extra_orderings\sherman1_incidence_degree.txt
sherman1,INCIDENCE_DEGREE,2,389,523,0.47647647647647645,data\processed\initial_graph_coloring_dataset\colpack_outputs_week15_extra_orderings\sherman1_incidence_degree.txt
sherman1,INCIDENCE_DEGREE,2,289,524,0.4754754754754755,data\processed\initial_graph_coloring_dataset\colpack_outputs_week15_extra_orderings\sherman1_incidence_degree.txt
sherman1,INCIDENCE_DEGREE,2,279,525,0.4744744744744745,data\processed\initial_graph_coloring_dataset\colpack_outputs_week15_extra_orderings\sherman1_incidence_degree.txt
sherman1,INCIDENCE_DEGREE,2,379,526,0.47347347347347346,data\processed\initial_graph_coloring_dataset\colpack_outputs_week15_extra_orderings\sherman1_incidence_degree.txt
sherman1,INCIDENCE_DEGREE,2,269,527,0.4724724724724725,data\processed\initial_graph_coloring_dataset\colpack_outputs_week15_extra_orderings\sherman1_incidence_degree.txt
sherman1,INCIDENCE_DEGREE,2,259,528,0.47147147147147145,data\processed\initial_graph_coloring_dataset\colpack_outputs_week15_extra_orderings\sherman1_incidence_degree.txt
sherman1,INCIDENCE_DEGREE,2,249,529,0.47047047047047047,data\processed\initial_graph_coloring_dataset\colpack_outputs_week15_extra_orderings\sherman1_incidence_degree.txt
sherman1,INCIDENCE_DEGREE,2,239,530,0.4694694694694695,data\processed\initial_graph_coloring_dataset\colpack_outputs_week15_extra_orderings\sherman1_incidence_degree.txt
sherman1,INCIDENCE_DEGREE,2,229,531,0.46846846846846846,data\processed\initial_graph_coloring_dataset\colpack_outputs_week15_extra_orderings\sherman1_incidence_degree.txt
sherman1,INCIDENCE_DEGREE,2,219,532,0.4674674674674675,data\processed\initial_graph_coloring_dataset\colpack_outputs_week15_extra_orderings\sherman1_incidence_degree.txt
sherman1,INCIDENCE_DEGREE,2,209,533,0.46646646646646645,data\processed\initial_graph_coloring_dataset\colpack_outputs_week15_extra_orderings\sherman1_incidence_degree.txt
sherman1,INCIDENCE_DEGREE,2,107,534,0.46546546546546547,data\processed\initial_graph_coloring_dataset\colpack_outputs_week15_extra_orderings\sherman1_incidence_degree.txt
sherman1,INCIDENCE_DEGREE,2,117,535,0.4644644644644645,data\processed\initial_graph_coloring_dataset\colpack_outputs_week15_extra_orderings\sherman1_incidence_degree.txt
sherman1,INCIDENCE_DEGREE,2,127,536,0.46346346346346345,data\processed\initial_graph_coloring_dataset\colpack_outputs_week15_extra_orderings\sherman1_incidence_degree.txt
sherman1,INCIDENCE_DEGREE,2,137,537,0.4624624624624625,data\processed\initial_graph_coloring_dataset\colpack_outputs_week15_extra_orderings\sherman1_incidence_degree.txt
sherman1,INCIDENCE_DEGREE,2,147,538,0.46146146146146144,data\processed\initial_graph_coloring_dataset\colpack_outputs_week15_extra_orderings\sherman1_incidence_degree.txt
sherman1,INCIDENCE_DEGREE,2,157,539,0.46046046046046046,data\processed\initial_graph_coloring_dataset\colpack_outputs_week15_extra_orderings\sherman1_incidence_degree.txt
sherman1,INCIDENCE_DEGREE,2,57,540,0.4594594594594595,data\processed\initial_graph_coloring_dataset\colpack_outputs_week15_extra_orderings\sherman1_incidence_degree.txt
sherman1,INCIDENCE_DEGREE,2,47,541,0.45845845845845845,data\processed\initial_graph_coloring_dataset\colpack_outputs_week15_extra_orderings\sherman1_incidence_degree.txt
sherman1,INCIDENCE_DEGREE,2,37,542,0.4574574574574575,data\processed\initial_graph_coloring_dataset\colpack_outputs_week15_extra_orderings\sherman1_incidence_degree.txt
sherman1,INCIDENCE_DEGREE,2,27,543,0.45645645645645644,data\processed\initial_graph_coloring_dataset\colpack_outputs_week15_extra_orderings\sherman1_incidence_degree.txt
sherman1,INCIDENCE_DEGREE,2,17,544,0.45545545545545546,data\processed\initial_graph_coloring_dataset\colpack_outputs_week15_extra_orderings\sherman1_incidence_degree.txt
sherman1,INCIDENCE_DEGREE,2,7,545,0.4544544544544545,data\processed\initial_graph_coloring_dataset\colpack_outputs_week15_extra_orderings\sherman1_incidence_degree.txt
sherman1,INCIDENCE_DEGREE,2,8,546,0.45345345345345345,data\processed\initial_graph_coloring_dataset\colpack_outputs_week15_extra_orderings\sherman1_incidence_degree.txt
sherman1,INCIDENCE_DEGREE,2,18,547,0.45245245245245247,data\processed\initial_graph_coloring_dataset\colpack_outputs_week15_extra_orderings\sherman1_incidence_degree.txt
sherman1,INCIDENCE_DEGREE,2,28,548,0.45145145145145144,data\processed\initial_graph_coloring_dataset\colpack_outputs_week15_extra_orderings\sherman1_incidence_degree.txt
sherman1,INCIDENCE_DEGREE,2,38,549,0.45045045045045046,data\processed\initial_graph_coloring_dataset\colpack_outputs_week15_extra_orderings\sherman1_incidence_degree.txt
sherman1,INCIDENCE_DEGREE,2,48,550,0.4494494494494494,data\processed\initial_graph_coloring_dataset\colpack_outputs_week15_extra_orderings\sherman1_incidence_degree.txt
sherman1,INCIDENCE_DEGREE,2,58,551,0.44844844844844844,data\processed\initial_graph_coloring_dataset\colpack_outputs_week15_extra_orderings\sherman1_incidence_degree.txt
sherman1,INCIDENCE_DEGREE,2,68,552,0.44744744744744747,data\processed\initial_graph_coloring_dataset\colpack_outputs_week15_extra_orderings\sherman1_incidence_degree.txt
sherman1,INCIDENCE_DEGREE,2,67,553,0.44644644644644643,data\processed\initial_graph_coloring_dataset\colpack_outputs_week15_extra_orderings\sherman1_incidence_degree.txt
sherman1,INCIDENCE_DEGREE,2,77,554,0.44544544544544545,data\processed\initial_graph_coloring_dataset\colpack_outputs_week15_extra_orderings\sherman1_incidence_degree.txt
sherman1,INCIDENCE_DEGREE,2,78,555,0.4444444444444444,data\processed\initial_graph_coloring_dataset\colpack_outputs_week15_extra_orderings\sherman1_incidence_degree.txt
sherman1,INCIDENCE_DEGREE,2,88,556,0.44344344344344344,data\processed\initial_graph_coloring_dataset\colpack_outputs_week15_extra_orderings\sherman1_incidence_degree.txt
sherman1,INCIDENCE_DEGREE,2,87,557,0.44244244244244246,data\processed\initial_graph_coloring_dataset\colpack_outputs_week15_extra_orderings\sherman1_incidence_degree.txt
sherman1,INCIDENCE_DEGREE,2,97,558,0.44144144144144143,data\processed\initial_graph_coloring_dataset\colpack_outputs_week15_extra_orderings\sherman1_incidence_degree.txt
sherman1,INCIDENCE_DEGREE,2,98,559,0.44044044044044045,data\processed\initial_graph_coloring_dataset\colpack_outputs_week15_extra_orderings\sherman1_incidence_degree.txt
sherman1,INCIDENCE_DEGREE,2,99,560,0.4394394394394394,data\processed\initial_graph_coloring_dataset\colpack_outputs_week15_extra_orderings\sherman1_incidence_degree.txt
sherman1,INCIDENCE_DEGREE,2,199,561,0.43843843843843844,data\processed\initial_graph_coloring_dataset\colpack_outputs_week15_extra_orderings\sherman1_incidence_degree.txt
sherman1,INCIDENCE_DEGREE,2,189,562,0.43743743743743746,data\processed\initial_graph_coloring_dataset\colpack_outputs_week15_extra_orderings\sherman1_incidence_degree.txt
sherman1,INCIDENCE_DEGREE,2,89,563,0.4364364364364364,data\processed\initial_graph_coloring_dataset\colpack_outputs_week15_extra_orderings\sherman1_incidence_degree.txt
sherman1,INCIDENCE_DEGREE,2,79,564,0.43543543543543545,data\processed\initial_graph_coloring_dataset\colpack_outputs_week15_extra_orderings\sherman1_incidence_degree.txt
sherman1,INCIDENCE_DEGREE,2,179,565,0.4344344344344344,data\processed\initial_graph_coloring_dataset\colpack_outputs_week15_extra_orderings\sherman1_incidence_degree.txt
sherman1,INCIDENCE_DEGREE,2,169,566,0.43343343343343343,data\processed\initial_graph_coloring_dataset\colpack_outputs_week15_extra_orderings\sherman1_incidence_degree.txt
sherman1,INCIDENCE_DEGREE,2,69,567,0.43243243243243246,data\processed\initial_graph_coloring_dataset\colpack_outputs_week15_extra_orderings\sherman1_incidence_degree.txt
sherman1,INCIDENCE_DEGREE,2,59,568,0.4314314314314314,data\processed\initial_graph_coloring_dataset\colpack_outputs_week15_extra_orderings\sherman1_incidence_degree.txt
sherman1,INCIDENCE_DEGREE,2,159,569,0.43043043043043044,data\processed\initial_graph_coloring_dataset\colpack_outputs_week15_extra_orderings\sherman1_incidence_degree.txt
sherman1,INCIDENCE_DEGREE,2,49,570,0.4294294294294294,data\processed\initial_graph_coloring_dataset\colpack_outputs_week15_extra_orderings\sherman1_incidence_degree.txt
sherman1,INCIDENCE_DEGREE,2,39,571,0.42842842842842843,data\processed\initial_graph_coloring_dataset\colpack_outputs_week15_extra_orderings\sherman1_incidence_degree.txt
sherman1,INCIDENCE_DEGREE,2,29,572,0.42742742742742745,data\processed\initial_graph_coloring_dataset\colpack_outputs_week15_extra_orderings\sherman1_incidence_degree.txt
sherman1,INCIDENCE_DEGREE,2,19,573,0.4264264264264264,data\processed\initial_graph_coloring_dataset\colpack_outputs_week15_extra_orderings\sherman1_incidence_degree.txt
sherman1,INCIDENCE_DEGREE,2,9,574,0.42542542542542544,data\processed\initial_graph_coloring_dataset\colpack_outputs_week15_extra_orderings\sherman1_incidence_degree.txt
sherman1,INCIDENCE_DEGREE,2,56,575,0.4244244244244244,data\processed\initial_graph_coloring_dataset\colpack_outputs_week15_extra_orderings\sherman1_incidence_degree.txt
sherman1,INCIDENCE_DEGREE,2,66,576,0.42342342342342343,data\processed\initial_graph_coloring_dataset\colpack_outputs_week15_extra_orderings\sherman1_incidence_degree.txt
sherman1,INCIDENCE_DEGREE,2,76,577,0.42242242242242245,data\processed\initial_graph_coloring_dataset\colpack_outputs_week15_extra_orderings\sherman1_incidence_degree.txt
sherman1,INCIDENCE_DEGREE,2,86,578,0.4214214214214214,data\processed\initial_graph_coloring_dataset\colpack_outputs_week15_extra_orderings\sherman1_incidence_degree.txt
sherman1,INCIDENCE_DEGREE,2,96,579,0.42042042042042044,data\processed\initial_graph_coloring_dataset\colpack_outputs_week15_extra_orderings\sherman1_incidence_degree.txt
sherman1,INCIDENCE_DEGREE,2,46,580,0.4194194194194194,data\processed\initial_graph_coloring_dataset\colpack_outputs_week15_extra_orderings\sherman1_incidence_degree.txt
sherman1,INCIDENCE_DEGREE,2,36,581,0.4184184184184184,data\processed\initial_graph_coloring_dataset\colpack_outputs_week15_extra_orderings\sherman1_incidence_degree.txt
sherman1,INCIDENCE_DEGREE,2,26,582,0.4174174174174174,data\processed\initial_graph_coloring_dataset\colpack_outputs_week15_extra_orderings\sherman1_incidence_degree.txt
sherman1,INCIDENCE_DEGREE,2,16,583,0.4164164164164164,data\processed\initial_graph_coloring_dataset\colpack_outputs_week15_extra_orderings\sherman1_incidence_degree.txt
sherman1,INCIDENCE_DEGREE,2,6,584,0.41541541541541543,data\processed\initial_graph_coloring_dataset\colpack_outputs_week15_extra_orderings\sherman1_incidence_degree.txt
sherman1,INCIDENCE_DEGREE,2,5,585,0.4144144144144144,data\processed\initial_graph_coloring_dataset\colpack_outputs_week15_extra_orderings\sherman1_incidence_degree.txt
sherman1,INCIDENCE_DEGREE,2,15,586,0.4134134134134134,data\processed\initial_graph_coloring_dataset\colpack_outputs_week15_extra_orderings\sherman1_incidence_degree.txt
sherman1,INCIDENCE_DEGREE,2,25,587,0.4124124124124124,data\processed\initial_graph_coloring_dataset\colpack_outputs_week15_extra_orderings\sherman1_incidence_degree.txt
sherman1,INCIDENCE_DEGREE,2,125,588,0.4114114114114114,data\processed\initial_graph_coloring_dataset\colpack_outputs_week15_extra_orderings\sherman1_incidence_degree.txt
sherman1,INCIDENCE_DEGREE,2,135,589,0.41041041041041043,data\processed\initial_graph_coloring_dataset\colpack_outputs_week15_extra_orderings\sherman1_incidence_degree.txt
sherman1,INCIDENCE_DEGREE,2,35,590,0.4094094094094094,data\processed\initial_graph_coloring_dataset\colpack_outputs_week15_extra_orderings\sherman1_incidence_degree.txt
sherman1,INCIDENCE_DEGREE,2,45,591,0.4084084084084084,data\processed\initial_graph_coloring_dataset\colpack_outputs_week15_extra_orderings\sherman1_incidence_degree.txt
sherman1,INCIDENCE_DEGREE,2,145,592,0.4074074074074074,data\processed\initial_graph_coloring_dataset\colpack_outputs_week15_extra_orderings\sherman1_incidence_degree.txt
sherman1,INCIDENCE_DEGREE,2,155,593,0.4064064064064064,data\processed\initial_graph_coloring_dataset\colpack_outputs_week15_extra_orderings\sherman1_incidence_degree.txt
sherman1,INCIDENCE_DEGREE,2,55,594,0.40540540540540543,data\processed\initial_graph_coloring_dataset\colpack_outputs_week15_extra_orderings\sherman1_incidence_degree.txt
sherman1,INCIDENCE_DEGREE,2,65,595,0.4044044044044044,data\processed\initial_graph_coloring_dataset\colpack_outputs_week15_extra_orderings\sherman1_incidence_degree.txt
sherman1,INCIDENCE_DEGREE,2,165,596,0.4034034034034034,data\processed\initial_graph_coloring_dataset\colpack_outputs_week15_extra_orderings\sherman1_incidence_degree.txt
sherman1,INCIDENCE_DEGREE,2,175,597,0.4024024024024024,data\processed\initial_graph_coloring_dataset\colpack_outputs_week15_extra_orderings\sherman1_incidence_degree.txt
sherman1,INCIDENCE_DEGREE,2,75,598,0.4014014014014014,data\processed\initial_graph_coloring_dataset\colpack_outputs_week15_extra_orderings\sherman1_incidence_degree.txt
sherman1,INCIDENCE_DEGREE,2,85,599,0.4004004004004004,data\processed\initial_graph_coloring_dataset\colpack_outputs_week15_extra_orderings\sherman1_incidence_degree.txt
sherman1,INCIDENCE_DEGREE,2,185,600,0.3993993993993994,data\processed\initial_graph_coloring_dataset\colpack_outputs_week15_extra_orderings\sherman1_incidence_degree.txt
sherman1,INCIDENCE_DEGREE,2,195,601,0.3983983983983984,data\processed\initial_graph_coloring_dataset\colpack_outputs_week15_extra_orderings\sherman1_incidence_degree.txt
sherman1,INCIDENCE_DEGREE,2,95,602,0.3973973973973974,data\processed\initial_graph_coloring_dataset\colpack_outputs_week15_extra_orderings\sherman1_incidence_degree.txt
sherman1,INCIDENCE_DEGREE,2,94,603,0.3963963963963964,data\processed\initial_graph_coloring_dataset\colpack_outputs_week15_extra_orderings\sherman1_incidence_degree.txt
sherman1,INCIDENCE_DEGREE,2,84,604,0.3953953953953954,data\processed\initial_graph_coloring_dataset\colpack_outputs_week15_extra_orderings\sherman1_incidence_degree.txt
sherman1,INCIDENCE_DEGREE,2,74,605,0.3943943943943944,data\processed\initial_graph_coloring_dataset\colpack_outputs_week15_extra_orderings\sherman1_incidence_degree.txt
sherman1,INCIDENCE_DEGREE,2,64,606,0.3933933933933934,data\processed\initial_graph_coloring_dataset\colpack_outputs_week15_extra_orderings\sherman1_incidence_degree.txt
sherman1,INCIDENCE_DEGREE,2,54,607,0.3923923923923924,data\processed\initial_graph_coloring_dataset\colpack_outputs_week15_extra_orderings\sherman1_incidence_degree.txt
sherman1,INCIDENCE_DEGREE,2,44,608,0.3913913913913914,data\processed\initial_graph_coloring_dataset\colpack_outputs_week15_extra_orderings\sherman1_incidence_degree.txt
sherman1,INCIDENCE_DEGREE,2,34,609,0.39039039039039036,data\processed\initial_graph_coloring_dataset\colpack_outputs_week15_extra_orderings\sherman1_incidence_degree.txt
sherman1,INCIDENCE_DEGREE,2,24,610,0.3893893893893894,data\processed\initial_graph_coloring_dataset\colpack_outputs_week15_extra_orderings\sherman1_incidence_degree.txt
sherman1,INCIDENCE_DEGREE,2,14,611,0.3883883883883884,data\processed\initial_graph_coloring_dataset\colpack_outputs_week15_extra_orderings\sherman1_incidence_degree.txt
sherman1,INCIDENCE_DEGREE,2,4,612,0.38738738738738737,data\processed\initial_graph_coloring_dataset\colpack_outputs_week15_extra_orderings\sherman1_incidence_degree.txt
sherman1,INCIDENCE_DEGREE,2,3,613,0.3863863863863864,data\processed\initial_graph_coloring_dataset\colpack_outputs_week15_extra_orderings\sherman1_incidence_degree.txt
sherman1,INCIDENCE_DEGREE,2,13,614,0.38538538538538536,data\processed\initial_graph_coloring_dataset\colpack_outputs_week15_extra_orderings\sherman1_incidence_degree.txt
sherman1,INCIDENCE_DEGREE,2,113,615,0.3843843843843844,data\processed\initial_graph_coloring_dataset\colpack_outputs_week15_extra_orderings\sherman1_incidence_degree.txt
sherman1,INCIDENCE_DEGREE,2,123,616,0.3833833833833834,data\processed\initial_graph_coloring_dataset\colpack_outputs_week15_extra_orderings\sherman1_incidence_degree.txt
sherman1,INCIDENCE_DEGREE,2,23,617,0.38238238238238237,data\processed\initial_graph_coloring_dataset\colpack_outputs_week15_extra_orderings\sherman1_incidence_degree.txt
sherman1,INCIDENCE_DEGREE,2,33,618,0.3813813813813814,data\processed\initial_graph_coloring_dataset\colpack_outputs_week15_extra_orderings\sherman1_incidence_degree.txt
sherman1,INCIDENCE_DEGREE,2,133,619,0.38038038038038036,data\processed\initial_graph_coloring_dataset\colpack_outputs_week15_extra_orderings\sherman1_incidence_degree.txt
sherman1,INCIDENCE_DEGREE,2,143,620,0.3793793793793794,data\processed\initial_graph_coloring_dataset\colpack_outputs_week15_extra_orderings\sherman1_incidence_degree.txt
sherman1,INCIDENCE_DEGREE,2,43,621,0.3783783783783784,data\processed\initial_graph_coloring_dataset\colpack_outputs_week15_extra_orderings\sherman1_incidence_degree.txt
sherman1,INCIDENCE_DEGREE,2,53,622,0.37737737737737737,data\processed\initial_graph_coloring_dataset\colpack_outputs_week15_extra_orderings\sherman1_incidence_degree.txt
sherman1,INCIDENCE_DEGREE,2,153,623,0.3763763763763764,data\processed\initial_graph_coloring_dataset\colpack_outputs_week15_extra_orderings\sherman1_incidence_degree.txt
sherman1,INCIDENCE_DEGREE,2,163,624,0.37537537537537535,data\processed\initial_graph_coloring_dataset\colpack_outputs_week15_extra_orderings\sherman1_incidence_degree.txt
sherman1,INCIDENCE_DEGREE,2,63,625,0.3743743743743744,data\processed\initial_graph_coloring_dataset\colpack_outputs_week15_extra_orderings\sherman1_incidence_degree.txt
sherman1,INCIDENCE_DEGREE,2,73,626,0.3733733733733734,data\processed\initial_graph_coloring_dataset\colpack_outputs_week15_extra_orderings\sherman1_incidence_degree.txt
sherman1,INCIDENCE_DEGREE,2,173,627,0.37237237237237236,data\processed\initial_graph_coloring_dataset\colpack_outputs_week15_extra_orderings\sherman1_incidence_degree.txt
sherman1,INCIDENCE_DEGREE,2,183,628,0.3713713713713714,data\processed\initial_graph_coloring_dataset\colpack_outputs_week15_extra_orderings\sherman1_incidence_degree.txt
sherman1,INCIDENCE_DEGREE,2,83,629,0.37037037037037035,data\processed\initial_graph_coloring_dataset\colpack_outputs_week15_extra_orderings\sherman1_incidence_degree.txt
sherman1,INCIDENCE_DEGREE,2,93,630,0.36936936936936937,data\processed\initial_graph_coloring_dataset\colpack_outputs_week15_extra_orderings\sherman1_incidence_degree.txt
sherman1,INCIDENCE_DEGREE,2,92,631,0.3683683683683684,data\processed\initial_graph_coloring_dataset\colpack_outputs_week15_extra_orderings\sherman1_incidence_degree.txt
sherman1,INCIDENCE_DEGREE,2,82,632,0.36736736736736736,data\processed\initial_graph_coloring_dataset\colpack_outputs_week15_extra_orderings\sherman1_incidence_degree.txt
sherman1,INCIDENCE_DEGREE,2,72,633,0.3663663663663664,data\processed\initial_graph_coloring_dataset\colpack_outputs_week15_extra_orderings\sherman1_incidence_degree.txt
sherman1,INCIDENCE_DEGREE,2,62,634,0.36536536536536535,data\processed\initial_graph_coloring_dataset\colpack_outputs_week15_extra_orderings\sherman1_incidence_degree.txt
sherman1,INCIDENCE_DEGREE,2,52,635,0.36436436436436437,data\processed\initial_graph_coloring_dataset\colpack_outputs_week15_extra_orderings\sherman1_incidence_degree.txt
sherman1,INCIDENCE_DEGREE,2,42,636,0.3633633633633634,data\processed\initial_graph_coloring_dataset\colpack_outputs_week15_extra_orderings\sherman1_incidence_degree.txt
sherman1,INCIDENCE_DEGREE,2,32,637,0.36236236236236236,data\processed\initial_graph_coloring_dataset\colpack_outputs_week15_extra_orderings\sherman1_incidence_degree.txt
sherman1,INCIDENCE_DEGREE,2,22,638,0.3613613613613614,data\processed\initial_graph_coloring_dataset\colpack_outputs_week15_extra_orderings\sherman1_incidence_degree.txt
sherman1,INCIDENCE_DEGREE,2,12,639,0.36036036036036034,data\processed\initial_graph_coloring_dataset\colpack_outputs_week15_extra_orderings\sherman1_incidence_degree.txt
sherman1,INCIDENCE_DEGREE,2,2,640,0.35935935935935936,data\processed\initial_graph_coloring_dataset\colpack_outputs_week15_extra_orderings\sherman1_incidence_degree.txt
sherman1,INCIDENCE_DEGREE,2,1,641,0.35835835835835833,data\processed\initial_graph_coloring_dataset\colpack_outputs_week15_extra_orderings\sherman1_incidence_degree.txt
sherman1,INCIDENCE_DEGREE,2,101,642,0.35735735735735735,data\processed\initial_graph_coloring_dataset\colpack_outputs_week15_extra_orderings\sherman1_incidence_degree.txt
sherman1,INCIDENCE_DEGREE,2,111,643,0.3563563563563564,data\processed\initial_graph_coloring_dataset\colpack_outputs_week15_extra_orderings\sherman1_incidence_degree.txt
sherman1,INCIDENCE_DEGREE,2,11,644,0.35535535535535534,data\processed\initial_graph_coloring_dataset\colpack_outputs_week15_extra_orderings\sherman1_incidence_degree.txt
sherman1,INCIDENCE_DEGREE,2,21,645,0.35435435435435436,data\processed\initial_graph_coloring_dataset\colpack_outputs_week15_extra_orderings\sherman1_incidence_degree.txt
sherman1,INCIDENCE_DEGREE,2,121,646,0.3533533533533533,data\processed\initial_graph_coloring_dataset\colpack_outputs_week15_extra_orderings\sherman1_incidence_degree.txt
sherman1,INCIDENCE_DEGREE,2,131,647,0.35235235235235235,data\processed\initial_graph_coloring_dataset\colpack_outputs_week15_extra_orderings\sherman1_incidence_degree.txt
sherman1,INCIDENCE_DEGREE,2,31,648,0.35135135135135137,data\processed\initial_graph_coloring_dataset\colpack_outputs_week15_extra_orderings\sherman1_incidence_degree.txt
sherman1,INCIDENCE_DEGREE,2,41,649,0.35035035035035034,data\processed\initial_graph_coloring_dataset\colpack_outputs_week15_extra_orderings\sherman1_incidence_degree.txt
sherman1,INCIDENCE_DEGREE,2,141,650,0.34934934934934936,data\processed\initial_graph_coloring_dataset\colpack_outputs_week15_extra_orderings\sherman1_incidence_degree.txt
sherman1,INCIDENCE_DEGREE,2,151,651,0.3483483483483483,data\processed\initial_graph_coloring_dataset\colpack_outputs_week15_extra_orderings\sherman1_incidence_degree.txt
sherman1,INCIDENCE_DEGREE,2,51,652,0.34734734734734735,data\processed\initial_graph_coloring_dataset\colpack_outputs_week15_extra_orderings\sherman1_incidence_degree.txt
sherman1,INCIDENCE_DEGREE,2,61,653,0.34634634634634637,data\processed\initial_graph_coloring_dataset\colpack_outputs_week15_extra_orderings\sherman1_incidence_degree.txt
sherman1,INCIDENCE_DEGREE,2,161,654,0.34534534534534533,data\processed\initial_graph_coloring_dataset\colpack_outputs_week15_extra_orderings\sherman1_incidence_degree.txt
sherman1,INCIDENCE_DEGREE,2,171,655,0.34434434434434436,data\processed\initial_graph_coloring_dataset\colpack_outputs_week15_extra_orderings\sherman1_incidence_degree.txt
sherman1,INCIDENCE_DEGREE,2,71,656,0.3433433433433433,data\processed\initial_graph_coloring_dataset\colpack_outputs_week15_extra_orderings\sherman1_incidence_degree.txt
sherman1,INCIDENCE_DEGREE,2,81,657,0.34234234234234234,data\processed\initial_graph_coloring_dataset\colpack_outputs_week15_extra_orderings\sherman1_incidence_degree.txt
sherman1,INCIDENCE_DEGREE,2,91,658,0.34134134134134136,data\processed\initial_graph_coloring_dataset\colpack_outputs_week15_extra_orderings\sherman1_incidence_degree.txt
sherman1,INCIDENCE_DEGREE,2,90,659,0.34034034034034033,data\processed\initial_graph_coloring_dataset\colpack_outputs_week15_extra_orderings\sherman1_incidence_degree.txt
sherman1,INCIDENCE_DEGREE,2,80,660,0.33933933933933935,data\processed\initial_graph_coloring_dataset\colpack_outputs_week15_extra_orderings\sherman1_incidence_degree.txt
sherman1,INCIDENCE_DEGREE,2,70,661,0.3383383383383383,data\processed\initial_graph_coloring_dataset\colpack_outputs_week15_extra_orderings\sherman1_incidence_degree.txt
sherman1,INCIDENCE_DEGREE,2,60,662,0.33733733733733734,data\processed\initial_graph_coloring_dataset\colpack_outputs_week15_extra_orderings\sherman1_incidence_degree.txt
sherman1,INCIDENCE_DEGREE,2,50,663,0.33633633633633636,data\processed\initial_graph_coloring_dataset\colpack_outputs_week15_extra_orderings\sherman1_incidence_degree.txt
sherman1,INCIDENCE_DEGREE,2,40,664,0.3353353353353353,data\processed\initial_graph_coloring_dataset\colpack_outputs_week15_extra_orderings\sherman1_incidence_degree.txt
sherman1,INCIDENCE_DEGREE,2,30,665,0.33433433433433435,data\processed\initial_graph_coloring_dataset\colpack_outputs_week15_extra_orderings\sherman1_incidence_degree.txt
sherman1,INCIDENCE_DEGREE,2,20,666,0.3333333333333333,data\processed\initial_graph_coloring_dataset\colpack_outputs_week15_extra_orderings\sherman1_incidence_degree.txt
sherman1,INCIDENCE_DEGREE,2,10,667,0.33233233233233234,data\processed\initial_graph_coloring_dataset\colpack_outputs_week15_extra_orderings\sherman1_incidence_degree.txt
sherman1,INCIDENCE_DEGREE,2,0,668,0.33133133133133136,data\processed\initial_graph_coloring_dataset\colpack_outputs_week15_extra_orderings\sherman1_incidence_degree.txt
sherman1,INCIDENCE_DEGREE,2,979,669,0.3303303303303303,data\processed\initial_graph_coloring_dataset\colpack_outputs_week15_extra_orderings\sherman1_incidence_degree.txt
sherman1,INCIDENCE_DEGREE,2,989,670,0.32932932932932935,data\processed\initial_graph_coloring_dataset\colpack_outputs_week15_extra_orderings\sherman1_incidence_degree.txt
sherman1,INCIDENCE_DEGREE,2,999,671,0.3283283283283283,data\processed\initial_graph_coloring_dataset\colpack_outputs_week15_extra_orderings\sherman1_incidence_degree.txt
sherman1,INCIDENCE_DEGREE,2,969,672,0.32732732732732733,data\processed\initial_graph_coloring_dataset\colpack_outputs_week15_extra_orderings\sherman1_incidence_degree.txt
sherman1,INCIDENCE_DEGREE,2,959,673,0.3263263263263263,data\processed\initial_graph_coloring_dataset\colpack_outputs_week15_extra_orderings\sherman1_incidence_degree.txt
sherman1,INCIDENCE_DEGREE,2,960,674,0.3253253253253253,data\processed\initial_graph_coloring_dataset\colpack_outputs_week15_extra_orderings\sherman1_incidence_degree.txt
sherman1,INCIDENCE_DEGREE,2,970,675,0.32432432432432434,data\processed\initial_graph_coloring_dataset\colpack_outputs_week15_extra_orderings\sherman1_incidence_degree.txt
sherman1,INCIDENCE_DEGREE,2,950,676,0.3233233233233233,data\processed\initial_graph_coloring_dataset\colpack_outputs_week15_extra_orderings\sherman1_incidence_degree.txt
sherman1,INCIDENCE_DEGREE,2,940,677,0.32232232232232233,data\processed\initial_graph_coloring_dataset\colpack_outputs_week15_extra_orderings\sherman1_incidence_degree.txt
sherman1,INCIDENCE_DEGREE,2,977,678,0.3213213213213213,data\processed\initial_graph_coloring_dataset\colpack_outputs_week15_extra_orderings\sherman1_incidence_degree.txt
sherman1,INCIDENCE_DEGREE,2,957,679,0.3203203203203203,data\processed\initial_graph_coloring_dataset\colpack_outputs_week15_extra_orderings\sherman1_incidence_degree.txt
sherman1,INCIDENCE_DEGREE,2,967,680,0.31931931931931934,data\processed\initial_graph_coloring_dataset\colpack_outputs_week15_extra_orderings\sherman1_incidence_degree.txt
sherman1,INCIDENCE_DEGREE,2,318,681,0.3183183183183183,data\processed\initial_graph_coloring_dataset\colpack_outputs_week15_extra_orderings\sherman1_incidence_degree.txt
sherman1,INCIDENCE_DEGREE,2,535,682,0.3173173173173173,data\processed\initial_graph_coloring_dataset\colpack_outputs_week15_extra_orderings\sherman1_incidence_degree.txt
sherman1,INCIDENCE_DEGREE,2,316,683,0.3163163163163163,data\processed\initial_graph_coloring_dataset\colpack_outputs_week15_extra_orderings\sherman1_incidence_degree.txt
sherman1,INCIDENCE_DEGREE,2,315,684,0.3153153153153153,data\processed\initial_graph_coloring_dataset\colpack_outputs_week15_extra_orderings\sherman1_incidence_degree.txt
sherman1,INCIDENCE_DEGREE,2,314,685,0.31431431431431434,data\processed\initial_graph_coloring_dataset\colpack_outputs_week15_extra_orderings\sherman1_incidence_degree.txt
sherman1,INCIDENCE_DEGREE,2,901,686,0.3133133133133133,data\processed\initial_graph_coloring_dataset\colpack_outputs_week15_extra_orderings\sherman1_incidence_degree.txt
sherman1,INCIDENCE_DEGREE,2,312,687,0.3123123123123123,data\processed\initial_graph_coloring_dataset\colpack_outputs_week15_extra_orderings\sherman1_incidence_degree.txt
sherman1,INCIDENCE_DEGREE,2,311,688,0.3113113113113113,data\processed\initial_graph_coloring_dataset\colpack_outputs_week15_extra_orderings\sherman1_incidence_degree.txt
sherman1,INCIDENCE_DEGREE,2,310,689,0.3103103103103103,data\processed\initial_graph_coloring_dataset\colpack_outputs_week15_extra_orderings\sherman1_incidence_degree.txt
sherman1,INCIDENCE_DEGREE,2,309,690,0.30930930930930933,data\processed\initial_graph_coloring_dataset\colpack_outputs_week15_extra_orderings\sherman1_incidence_degree.txt
sherman1,INCIDENCE_DEGREE,2,308,691,0.3083083083083083,data\processed\initial_graph_coloring_dataset\colpack_outputs_week15_extra_orderings\sherman1_incidence_degree.txt
sherman1,INCIDENCE_DEGREE,2,533,692,0.3073073073073073,data\processed\initial_graph_coloring_dataset\colpack_outputs_week15_extra_orderings\sherman1_incidence_degree.txt
sherman1,INCIDENCE_DEGREE,2,306,693,0.3063063063063063,data\processed\initial_graph_coloring_dataset\colpack_outputs_week15_extra_orderings\sherman1_incidence_degree.txt
sherman1,INCIDENCE_DEGREE,2,305,694,0.3053053053053053,data\processed\initial_graph_coloring_dataset\colpack_outputs_week15_extra_orderings\sherman1_incidence_degree.txt
sherman1,INCIDENCE_DEGREE,2,304,695,0.30430430430430433,data\processed\initial_graph_coloring_dataset\colpack_outputs_week15_extra_orderings\sherman1_incidence_degree.txt
sherman1,INCIDENCE_DEGREE,2,303,696,0.3033033033033033,data\processed\initial_graph_coloring_dataset\colpack_outputs_week15_extra_orderings\sherman1_incidence_degree.txt
sherman1,INCIDENCE_DEGREE,2,302,697,0.3023023023023023,data\processed\initial_graph_coloring_dataset\colpack_outputs_week15_extra_orderings\sherman1_incidence_degree.txt
sherman1,INCIDENCE_DEGREE,2,301,698,0.3013013013013013,data\processed\initial_graph_coloring_dataset\colpack_outputs_week15_extra_orderings\sherman1_incidence_degree.txt
sherman1,INCIDENCE_DEGREE,2,300,699,0.3003003003003003,data\processed\initial_graph_coloring_dataset\colpack_outputs_week15_extra_orderings\sherman1_incidence_degree.txt
sherman1,INCIDENCE_DEGREE,2,793,700,0.2992992992992993,data\processed\initial_graph_coloring_dataset\colpack_outputs_week15_extra_orderings\sherman1_incidence_degree.txt
sherman1,INCIDENCE_DEGREE,2,726,701,0.2982982982982983,data\processed\initial_graph_coloring_dataset\colpack_outputs_week15_extra_orderings\sherman1_incidence_degree.txt
sherman1,INCIDENCE_DEGREE,2,748,702,0.2972972972972973,data\processed\initial_graph_coloring_dataset\colpack_outputs_week15_extra_orderings\sherman1_incidence_degree.txt
sherman1,INCIDENCE_DEGREE,2,734,703,0.2962962962962963,data\processed\initial_graph_coloring_dataset\colpack_outputs_week15_extra_orderings\sherman1_incidence_degree.txt
sherman1,INCIDENCE_DEGREE,2,523,704,0.2952952952952953,data\processed\initial_graph_coloring_dataset\colpack_outputs_week15_extra_orderings\sherman1_incidence_degree.txt
sherman1,INCIDENCE_DEGREE,2,904,705,0.29429429429429427,data\processed\initial_graph_coloring_dataset\colpack_outputs_week15_extra_orderings\sherman1_incidence_degree.txt
sherman1,INCIDENCE_DEGREE,2,706,706,0.2932932932932933,data\processed\initial_graph_coloring_dataset\colpack_outputs_week15_extra_orderings\sherman1_incidence_degree.txt
sherman1,INCIDENCE_DEGREE,2,756,707,0.2922922922922923,data\processed\initial_graph_coloring_dataset\colpack_outputs_week15_extra_orderings\sherman1_incidence_degree.txt
sherman1,INCIDENCE_DEGREE,2,773,708,0.2912912912912913,data\processed\initial_graph_coloring_dataset\colpack_outputs_week15_extra_orderings\sherman1_incidence_degree.txt
sherman1,INCIDENCE_DEGREE,2,593,709,0.2902902902902903,data\processed\initial_graph_coloring_dataset\colpack_outputs_week15_extra_orderings\sherman1_incidence_degree.txt
sherman1,INCIDENCE_DEGREE,2,778,710,0.28928928928928926,data\processed\initial_graph_coloring_dataset\colpack_outputs_week15_extra_orderings\sherman1_incidence_degree.txt
sherman1,INCIDENCE_DEGREE,2,724,711,0.2882882882882883,data\processed\initial_graph_coloring_dataset\colpack_outputs_week15_extra_orderings\sherman1_incidence_degree.txt
sherman1,INCIDENCE_DEGREE,2,764,712,0.2872872872872873,data\processed\initial_graph_coloring_dataset\colpack_outputs_week15_extra_orderings\sherman1_incidence_degree.txt
sherman1,INCIDENCE_DEGREE,2,500,713,0.2862862862862863,data\processed\initial_graph_coloring_dataset\colpack_outputs_week15_extra_orderings\sherman1_incidence_degree.txt
sherman1,INCIDENCE_DEGREE,2,522,714,0.2852852852852853,data\processed\initial_graph_coloring_dataset\colpack_outputs_week15_extra_orderings\sherman1_incidence_degree.txt
sherman1,INCIDENCE_DEGREE,2,501,715,0.28428428428428426,data\processed\initial_graph_coloring_dataset\colpack_outputs_week15_extra_orderings\sherman1_incidence_degree.txt
sherman1,INCIDENCE_DEGREE,2,911,716,0.2832832832832833,data\processed\initial_graph_coloring_dataset\colpack_outputs_week15_extra_orderings\sherman1_incidence_degree.txt
sherman1,INCIDENCE_DEGREE,2,784,717,0.2822822822822823,data\processed\initial_graph_coloring_dataset\colpack_outputs_week15_extra_orderings\sherman1_incidence_degree.txt
sherman1,INCIDENCE_DEGREE,2,556,718,0.28128128128128127,data\processed\initial_graph_coloring_dataset\colpack_outputs_week15_extra_orderings\sherman1_incidence_degree.txt
sherman1,INCIDENCE_DEGREE,2,913,719,0.2802802802802803,data\processed\initial_graph_coloring_dataset\colpack_outputs_week15_extra_orderings\sherman1_incidence_degree.txt
sherman1,INCIDENCE_DEGREE,2,714,720,0.27927927927927926,data\processed\initial_graph_coloring_dataset\colpack_outputs_week15_extra_orderings\sherman1_incidence_degree.txt
sherman1,INCIDENCE_DEGREE,2,567,721,0.2782782782782783,data\processed\initial_graph_coloring_dataset\colpack_outputs_week15_extra_orderings\sherman1_incidence_degree.txt
sherman1,INCIDENCE_DEGREE,2,712,722,0.2772772772772773,data\processed\initial_graph_coloring_dataset\colpack_outputs_week15_extra_orderings\sherman1_incidence_degree.txt
sherman1,INCIDENCE_DEGREE,2,503,723,0.27627627627627627,data\processed\initial_graph_coloring_dataset\colpack_outputs_week15_extra_orderings\sherman1_incidence_degree.txt
sherman1,INCIDENCE_DEGREE,2,794,724,0.2752752752752753,data\processed\initial_graph_coloring_dataset\colpack_outputs_week15_extra_orderings\sherman1_incidence_degree.txt
sherman1,INCIDENCE_DEGREE,2,944,725,0.27427427427427425,data\processed\initial_graph_coloring_dataset\colpack_outputs_week15_extra_orderings\sherman1_incidence_degree.txt
sherman1,INCIDENCE_DEGREE,2,717,726,0.2732732732732733,data\processed\initial_graph_coloring_dataset\colpack_outputs_week15_extra_orderings\sherman1_incidence_degree.txt
sherman1,INCIDENCE_DEGREE,2,785,727,0.2722722722722723,data\processed\initial_graph_coloring_dataset\colpack_outputs_week15_extra_orderings\sherman1_incidence_degree.txt
sherman1,INCIDENCE_DEGREE,2,594,728,0.27127127127127126,data\processed\initial_graph_coloring_dataset\colpack_outputs_week15_extra_orderings\sherman1_incidence_degree.txt
sherman1,INCIDENCE_DEGREE,2,598,729,0.2702702702702703,data\processed\initial_graph_coloring_dataset\colpack_outputs_week15_extra_orderings\sherman1_incidence_degree.txt
sherman1,INCIDENCE_DEGREE,2,575,730,0.26926926926926925,data\processed\initial_graph_coloring_dataset\colpack_outputs_week15_extra_orderings\sherman1_incidence_degree.txt
sherman1,INCIDENCE_DEGREE,2,736,731,0.2682682682682683,data\processed\initial_graph_coloring_dataset\colpack_outputs_week15_extra_orderings\sherman1_incidence_degree.txt
sherman1,INCIDENCE_DEGREE,2,710,732,0.2672672672672673,data\processed\initial_graph_coloring_dataset\colpack_outputs_week15_extra_orderings\sherman1_incidence_degree.txt
sherman1,INCIDENCE_DEGREE,2,505,733,0.26626626626626626,data\processed\initial_graph_coloring_dataset\colpack_outputs_week15_extra_orderings\sherman1_incidence_degree.txt
sherman1,INCIDENCE_DEGREE,2,520,734,0.2652652652652653,data\processed\initial_graph_coloring_dataset\colpack_outputs_week15_extra_orderings\sherman1_incidence_degree.txt
sherman1,INCIDENCE_DEGREE,2,587,735,0.26426426426426425,data\processed\initial_graph_coloring_dataset\colpack_outputs_week15_extra_orderings\sherman1_incidence_degree.txt
sherman1,INCIDENCE_DEGREE,2,903,736,0.26326326326326327,data\processed\initial_graph_coloring_dataset\colpack_outputs_week15_extra_orderings\sherman1_incidence_degree.txt
sherman1,INCIDENCE_DEGREE,2,949,737,0.26226226226226224,data\processed\initial_graph_coloring_dataset\colpack_outputs_week15_extra_orderings\sherman1_incidence_degree.txt
sherman1,INCIDENCE_DEGREE,2,548,738,0.26126126126126126,data\processed\initial_graph_coloring_dataset\colpack_outputs_week15_extra_orderings\sherman1_incidence_degree.txt
sherman1,INCIDENCE_DEGREE,2,553,739,0.2602602602602603,data\processed\initial_graph_coloring_dataset\colpack_outputs_week15_extra_orderings\sherman1_incidence_degree.txt
sherman1,INCIDENCE_DEGREE,2,728,740,0.25925925925925924,data\processed\initial_graph_coloring_dataset\colpack_outputs_week15_extra_orderings\sherman1_incidence_degree.txt
sherman1,INCIDENCE_DEGREE,2,716,741,0.25825825825825827,data\processed\initial_graph_coloring_dataset\colpack_outputs_week15_extra_orderings\sherman1_incidence_degree.txt
sherman1,INCIDENCE_DEGREE,2,956,742,0.25725725725725723,data\processed\initial_graph_coloring_dataset\colpack_outputs_week15_extra_orderings\sherman1_incidence_degree.txt
sherman1,INCIDENCE_DEGREE,2,507,743,0.25625625625625625,data\processed\initial_graph_coloring_dataset\colpack_outputs_week15_extra_orderings\sherman1_incidence_degree.txt
sherman1,INCIDENCE_DEGREE,2,519,744,0.2552552552552553,data\processed\initial_graph_coloring_dataset\colpack_outputs_week15_extra_orderings\sherman1_incidence_degree.txt
sherman1,INCIDENCE_DEGREE,2,786,745,0.25425425425425424,data\processed\initial_graph_coloring_dataset\colpack_outputs_week15_extra_orderings\sherman1_incidence_degree.txt
sherman1,INCIDENCE_DEGREE,2,772,746,0.25325325325325326,data\processed\initial_graph_coloring_dataset\colpack_outputs_week15_extra_orderings\sherman1_incidence_degree.txt
sherman1,INCIDENCE_DEGREE,2,961,747,0.25225225225225223,data\processed\initial_graph_coloring_dataset\colpack_outputs_week15_extra_orderings\sherman1_incidence_degree.txt
sherman1,INCIDENCE_DEGREE,2,931,748,0.25125125125125125,data\processed\initial_graph_coloring_dataset\colpack_outputs_week15_extra_orderings\sherman1_incidence_degree.txt
sherman1,INCIDENCE_DEGREE,2,563,749,0.2502502502502503,data\processed\initial_graph_coloring_dataset\colpack_outputs_week15_extra_orderings\sherman1_incidence_degree.txt
sherman1,INCIDENCE_DEGREE,2,574,750,0.24924924924924924,data\processed\initial_graph_coloring_dataset\colpack_outputs_week15_extra_orderings\sherman1_incidence_degree.txt
sherman1,INCIDENCE_DEGREE,2,782,751,0.24824824824824826,data\processed\initial_graph_coloring_dataset\colpack_outputs_week15_extra_orderings\sherman1_incidence_degree.txt
sherman1,INCIDENCE_DEGREE,2,926,752,0.24724724724724725,data\processed\initial_graph_coloring_dataset\colpack_outputs_week15_extra_orderings\sherman1_incidence_degree.txt
sherman1,INCIDENCE_DEGREE,2,509,753,0.24624624624624625,data\processed\initial_graph_coloring_dataset\colpack_outputs_week15_extra_orderings\sherman1_incidence_degree.txt
sherman1,INCIDENCE_DEGREE,2,584,754,0.24524524524524524,data\processed\initial_graph_coloring_dataset\colpack_outputs_week15_extra_orderings\sherman1_incidence_degree.txt
sherman1,INCIDENCE_DEGREE,2,964,755,0.24424424424424424,data\processed\initial_graph_coloring_dataset\colpack_outputs_week15_extra_orderings\sherman1_incidence_degree.txt
sherman1,INCIDENCE_DEGREE,2,776,756,0.24324324324324326,data\processed\initial_graph_coloring_dataset\colpack_outputs_week15_extra_orderings\sherman1_incidence_degree.txt
sherman1,INCIDENCE_DEGREE,2,722,757,0.24224224224224225,data\processed\initial_graph_coloring_dataset\colpack_outputs_week15_extra_orderings\sherman1_incidence_degree.txt
sherman1,INCIDENCE_DEGREE,2,708,758,0.24124124124124124,data\processed\initial_graph_coloring_dataset\colpack_outputs_week15_extra_orderings\sherman1_incidence_degree.txt
sherman1,INCIDENCE_DEGREE,2,790,759,0.24024024024024024,data\processed\initial_graph_coloring_dataset\colpack_outputs_week15_extra_orderings\sherman1_incidence_degree.txt
sherman1,INCIDENCE_DEGREE,2,744,760,0.23923923923923923,data\processed\initial_graph_coloring_dataset\colpack_outputs_week15_extra_orderings\sherman1_incidence_degree.txt
sherman1,INCIDENCE_DEGREE,2,746,761,0.23823823823823823,data\processed\initial_graph_coloring_dataset\colpack_outputs_week15_extra_orderings\sherman1_incidence_degree.txt
sherman1,INCIDENCE_DEGREE,2,542,762,0.23723723723723725,data\processed\initial_graph_coloring_dataset\colpack_outputs_week15_extra_orderings\sherman1_incidence_degree.txt
sherman1,INCIDENCE_DEGREE,2,511,763,0.23623623623623624,data\processed\initial_graph_coloring_dataset\colpack_outputs_week15_extra_orderings\sherman1_incidence_degree.txt
sherman1,INCIDENCE_DEGREE,2,517,764,0.23523523523523523,data\processed\initial_graph_coloring_dataset\colpack_outputs_week15_extra_orderings\sherman1_incidence_degree.txt
sherman1,INCIDENCE_DEGREE,2,976,765,0.23423423423423423,data\processed\initial_graph_coloring_dataset\colpack_outputs_week15_extra_orderings\sherman1_incidence_degree.txt
sherman1,INCIDENCE_DEGREE,2,700,766,0.23323323323323322,data\processed\initial_graph_coloring_dataset\colpack_outputs_week15_extra_orderings\sherman1_incidence_degree.txt
sherman1,INCIDENCE_DEGREE,2,905,767,0.23223223223223224,data\processed\initial_graph_coloring_dataset\colpack_outputs_week15_extra_orderings\sherman1_incidence_degree.txt
sherman1,INCIDENCE_DEGREE,2,779,768,0.23123123123123124,data\processed\initial_graph_coloring_dataset\colpack_outputs_week15_extra_orderings\sherman1_incidence_degree.txt
sherman1,INCIDENCE_DEGREE,2,952,769,0.23023023023023023,data\processed\initial_graph_coloring_dataset\colpack_outputs_week15_extra_orderings\sherman1_incidence_degree.txt
sherman1,INCIDENCE_DEGREE,2,766,770,0.22922922922922923,data\processed\initial_graph_coloring_dataset\colpack_outputs_week15_extra_orderings\sherman1_incidence_degree.txt
sherman1,INCIDENCE_DEGREE,2,588,771,0.22822822822822822,data\processed\initial_graph_coloring_dataset\colpack_outputs_week15_extra_orderings\sherman1_incidence_degree.txt
sherman1,INCIDENCE_DEGREE,2,565,772,0.22722722722722724,data\processed\initial_graph_coloring_dataset\colpack_outputs_week15_extra_orderings\sherman1_incidence_degree.txt
sherman1,INCIDENCE_DEGREE,2,513,773,0.22622622622622623,data\processed\initial_graph_coloring_dataset\colpack_outputs_week15_extra_orderings\sherman1_incidence_degree.txt
sherman1,INCIDENCE_DEGREE,2,516,774,0.22522522522522523,data\processed\initial_graph_coloring_dataset\colpack_outputs_week15_extra_orderings\sherman1_incidence_degree.txt
sherman1,INCIDENCE_DEGREE,2,980,775,0.22422422422422422,data\processed\initial_graph_coloring_dataset\colpack_outputs_week15_extra_orderings\sherman1_incidence_degree.txt
sherman1,INCIDENCE_DEGREE,2,994,776,0.22322322322322322,data\processed\initial_graph_coloring_dataset\colpack_outputs_week15_extra_orderings\sherman1_incidence_degree.txt
sherman1,INCIDENCE_DEGREE,2,981,777,0.2222222222222222,data\processed\initial_graph_coloring_dataset\colpack_outputs_week15_extra_orderings\sherman1_incidence_degree.txt
sherman1,INCIDENCE_DEGREE,2,939,778,0.22122122122122123,data\processed\initial_graph_coloring_dataset\colpack_outputs_week15_extra_orderings\sherman1_incidence_degree.txt
sherman1,INCIDENCE_DEGREE,2,929,779,0.22022022022022023,data\processed\initial_graph_coloring_dataset\colpack_outputs_week15_extra_orderings\sherman1_incidence_degree.txt
sherman1,INCIDENCE_DEGREE,2,906,780,0.21921921921921922,data\processed\initial_graph_coloring_dataset\colpack_outputs_week15_extra_orderings\sherman1_incidence_degree.txt
sherman1,INCIDENCE_DEGREE,2,704,781,0.2182182182182182,data\processed\initial_graph_coloring_dataset\colpack_outputs_week15_extra_orderings\sherman1_incidence_degree.txt
sherman1,INCIDENCE_DEGREE,2,566,782,0.2172172172172172,data\processed\initial_graph_coloring_dataset\colpack_outputs_week15_extra_orderings\sherman1_incidence_degree.txt
sherman1,INCIDENCE_DEGREE,2,723,783,0.21621621621621623,data\processed\initial_graph_coloring_dataset\colpack_outputs_week15_extra_orderings\sherman1_incidence_degree.txt
sherman1,INCIDENCE_DEGREE,2,916,784,0.21521521521521522,data\processed\initial_graph_coloring_dataset\colpack_outputs_week15_extra_orderings\sherman1_incidence_degree.txt
sherman1,INCIDENCE_DEGREE,2,909,785,0.21421421421421422,data\processed\initial_graph_coloring_dataset\colpack_outputs_week15_extra_orderings\sherman1_incidence_degree.txt
sherman1,INCIDENCE_DEGREE,2,592,786,0.2132132132132132,data\processed\initial_graph_coloring_dataset\colpack_outputs_week15_extra_orderings\sherman1_incidence_degree.txt
sherman1,INCIDENCE_DEGREE,2,996,787,0.2122122122122122,data\processed\initial_graph_coloring_dataset\colpack_outputs_week15_extra_orderings\sherman1_incidence_degree.txt
sherman1,INCIDENCE_DEGREE,2,754,788,0.21121121121121122,data\processed\initial_graph_coloring_dataset\colpack_outputs_week15_extra_orderings\sherman1_incidence_degree.txt
sherman1,INCIDENCE_DEGREE,2,552,789,0.21021021021021022,data\processed\initial_graph_coloring_dataset\colpack_outputs_week15_extra_orderings\sherman1_incidence_degree.txt
sherman1,INCIDENCE_DEGREE,2,984,790,0.2092092092092092,data\processed\initial_graph_coloring_dataset\colpack_outputs_week15_extra_orderings\sherman1_incidence_degree.txt
sherman1,INCIDENCE_DEGREE,2,972,791,0.2082082082082082,data\processed\initial_graph_coloring_dataset\colpack_outputs_week15_extra_orderings\sherman1_incidence_degree.txt
sherman1,INCIDENCE_DEGREE,2,568,792,0.2072072072072072,data\processed\initial_graph_coloring_dataset\colpack_outputs_week15_extra_orderings\sherman1_incidence_degree.txt
sherman1,INCIDENCE_DEGREE,2,750,793,0.2062062062062062,data\processed\initial_graph_coloring_dataset\colpack_outputs_week15_extra_orderings\sherman1_incidence_degree.txt
sherman1,INCIDENCE_DEGREE,2,795,794,0.20520520520520522,data\processed\initial_graph_coloring_dataset\colpack_outputs_week15_extra_orderings\sherman1_incidence_degree.txt
sherman1,INCIDENCE_DEGREE,2,549,795,0.2042042042042042,data\processed\initial_graph_coloring_dataset\colpack_outputs_week15_extra_orderings\sherman1_incidence_degree.txt
sherman1,INCIDENCE_DEGREE,2,997,796,0.2032032032032032,data\processed\initial_graph_coloring_dataset\colpack_outputs_week15_extra_orderings\sherman1_incidence_degree.txt
sherman1,INCIDENCE_DEGREE,2,998,797,0.2022022022022022,data\processed\initial_graph_coloring_dataset\colpack_outputs_week15_extra_orderings\sherman1_incidence_degree.txt
sherman1,INCIDENCE_DEGREE,2,558,798,0.2012012012012012,data\processed\initial_graph_coloring_dataset\colpack_outputs_week15_extra_orderings\sherman1_incidence_degree.txt
sherman1,INCIDENCE_DEGREE,2,954,799,0.2002002002002002,data\processed\initial_graph_coloring_dataset\colpack_outputs_week15_extra_orderings\sherman1_incidence_degree.txt
sherman1,INCIDENCE_DEGREE,2,987,800,0.1991991991991992,data\processed\initial_graph_coloring_dataset\colpack_outputs_week15_extra_orderings\sherman1_incidence_degree.txt
sherman1,INCIDENCE_DEGREE,2,988,801,0.1981981981981982,data\processed\initial_graph_coloring_dataset\colpack_outputs_week15_extra_orderings\sherman1_incidence_degree.txt
sherman1,INCIDENCE_DEGREE,2,197,802,0.1971971971971972,data\processed\initial_graph_coloring_dataset\colpack_outputs_week15_extra_orderings\sherman1_incidence_degree.txt
sherman1,INCIDENCE_DEGREE,2,196,803,0.1961961961961962,data\processed\initial_graph_coloring_dataset\colpack_outputs_week15_extra_orderings\sherman1_incidence_degree.txt
sherman1,INCIDENCE_DEGREE,2,732,804,0.19519519519519518,data\processed\initial_graph_coloring_dataset\colpack_outputs_week15_extra_orderings\sherman1_incidence_degree.txt
sherman1,INCIDENCE_DEGREE,2,194,805,0.1941941941941942,data\processed\initial_graph_coloring_dataset\colpack_outputs_week15_extra_orderings\sherman1_incidence_degree.txt
sherman1,INCIDENCE_DEGREE,2,193,806,0.1931931931931932,data\processed\initial_graph_coloring_dataset\colpack_outputs_week15_extra_orderings\sherman1_incidence_degree.txt
sherman1,INCIDENCE_DEGREE,2,192,807,0.1921921921921922,data\processed\initial_graph_coloring_dataset\colpack_outputs_week15_extra_orderings\sherman1_incidence_degree.txt
sherman1,INCIDENCE_DEGREE,2,191,808,0.19119119119119118,data\processed\initial_graph_coloring_dataset\colpack_outputs_week15_extra_orderings\sherman1_incidence_degree.txt
sherman1,INCIDENCE_DEGREE,2,190,809,0.19019019019019018,data\processed\initial_graph_coloring_dataset\colpack_outputs_week15_extra_orderings\sherman1_incidence_degree.txt
sherman1,INCIDENCE_DEGREE,2,986,810,0.1891891891891892,data\processed\initial_graph_coloring_dataset\colpack_outputs_week15_extra_orderings\sherman1_incidence_degree.txt
sherman1,INCIDENCE_DEGREE,2,188,811,0.1881881881881882,data\processed\initial_graph_coloring_dataset\colpack_outputs_week15_extra_orderings\sherman1_incidence_degree.txt
sherman1,INCIDENCE_DEGREE,2,187,812,0.1871871871871872,data\processed\initial_graph_coloring_dataset\colpack_outputs_week15_extra_orderings\sherman1_incidence_degree.txt
sherman1,INCIDENCE_DEGREE,2,186,813,0.18618618618618618,data\processed\initial_graph_coloring_dataset\colpack_outputs_week15_extra_orderings\sherman1_incidence_degree.txt
sherman1,INCIDENCE_DEGREE,2,502,814,0.18518518518518517,data\processed\initial_graph_coloring_dataset\colpack_outputs_week15_extra_orderings\sherman1_incidence_degree.txt
sherman1,INCIDENCE_DEGREE,2,184,815,0.1841841841841842,data\processed\initial_graph_coloring_dataset\colpack_outputs_week15_extra_orderings\sherman1_incidence_degree.txt
sherman1,INCIDENCE_DEGREE,2,936,816,0.1831831831831832,data\processed\initial_graph_coloring_dataset\colpack_outputs_week15_extra_orderings\sherman1_incidence_degree.txt
sherman1,INCIDENCE_DEGREE,2,182,817,0.18218218218218218,data\processed\initial_graph_coloring_dataset\colpack_outputs_week15_extra_orderings\sherman1_incidence_degree.txt
sherman1,INCIDENCE_DEGREE,2,181,818,0.18118118118118118,data\processed\initial_graph_coloring_dataset\colpack_outputs_week15_extra_orderings\sherman1_incidence_degree.txt
sherman1,INCIDENCE_DEGREE,2,180,819,0.18018018018018017,data\processed\initial_graph_coloring_dataset\colpack_outputs_week15_extra_orderings\sherman1_incidence_degree.txt
sherman1,INCIDENCE_DEGREE,2,701,820,0.17917917917917917,data\processed\initial_graph_coloring_dataset\colpack_outputs_week15_extra_orderings\sherman1_incidence_degree.txt
sherman1,INCIDENCE_DEGREE,2,178,821,0.1781781781781782,data\processed\initial_graph_coloring_dataset\colpack_outputs_week15_extra_orderings\sherman1_incidence_degree.txt
sherman1,INCIDENCE_DEGREE,2,177,822,0.17717717717717718,data\processed\initial_graph_coloring_dataset\colpack_outputs_week15_extra_orderings\sherman1_incidence_degree.txt
sherman1,INCIDENCE_DEGREE,2,176,823,0.17617617617617617,data\processed\initial_graph_coloring_dataset\colpack_outputs_week15_extra_orderings\sherman1_incidence_degree.txt
sherman1,INCIDENCE_DEGREE,2,597,824,0.17517517517517517,data\processed\initial_graph_coloring_dataset\colpack_outputs_week15_extra_orderings\sherman1_incidence_degree.txt
sherman1,INCIDENCE_DEGREE,2,174,825,0.17417417417417416,data\processed\initial_graph_coloring_dataset\colpack_outputs_week15_extra_orderings\sherman1_incidence_degree.txt
sherman1,INCIDENCE_DEGREE,2,946,826,0.17317317317317318,data\processed\initial_graph_coloring_dataset\colpack_outputs_week15_extra_orderings\sherman1_incidence_degree.txt
sherman1,INCIDENCE_DEGREE,2,172,827,0.17217217217217218,data\processed\initial_graph_coloring_dataset\colpack_outputs_week15_extra_orderings\sherman1_incidence_degree.txt
sherman1,INCIDENCE_DEGREE,2,923,828,0.17117117117117117,data\processed\initial_graph_coloring_dataset\colpack_outputs_week15_extra_orderings\sherman1_incidence_degree.txt
sherman1,INCIDENCE_DEGREE,2,170,829,0.17017017017017017,data\processed\initial_graph_coloring_dataset\colpack_outputs_week15_extra_orderings\sherman1_incidence_degree.txt
sherman1,INCIDENCE_DEGREE,2,742,830,0.16916916916916916,data\processed\initial_graph_coloring_dataset\colpack_outputs_week15_extra_orderings\sherman1_incidence_degree.txt
sherman1,INCIDENCE_DEGREE,2,168,831,0.16816816816816818,data\processed\initial_graph_coloring_dataset\colpack_outputs_week15_extra_orderings\sherman1_incidence_degree.txt
sherman1,INCIDENCE_DEGREE,2,167,832,0.16716716716716717,data\processed\initial_graph_coloring_dataset\colpack_outputs_week15_extra_orderings\sherman1_incidence_degree.txt
sherman1,INCIDENCE_DEGREE,2,166,833,0.16616616616616617,data\processed\initial_graph_coloring_dataset\colpack_outputs_week15_extra_orderings\sherman1_incidence_degree.txt
sherman1,INCIDENCE_DEGREE,2,506,834,0.16516516516516516,data\processed\initial_graph_coloring_dataset\colpack_outputs_week15_extra_orderings\sherman1_incidence_degree.txt
sherman1,INCIDENCE_DEGREE,2,164,835,0.16416416416416416,data\processed\initial_graph_coloring_dataset\colpack_outputs_week15_extra_orderings\sherman1_incidence_degree.txt
sherman1,INCIDENCE_DEGREE,2,780,836,0.16316316316316315,data\processed\initial_graph_coloring_dataset\colpack_outputs_week15_extra_orderings\sherman1_incidence_degree.txt
sherman1,INCIDENCE_DEGREE,2,162,837,0.16216216216216217,data\processed\initial_graph_coloring_dataset\colpack_outputs_week15_extra_orderings\sherman1_incidence_degree.txt
sherman1,INCIDENCE_DEGREE,2,564,838,0.16116116116116116,data\processed\initial_graph_coloring_dataset\colpack_outputs_week15_extra_orderings\sherman1_incidence_degree.txt
sherman1,INCIDENCE_DEGREE,2,160,839,0.16016016016016016,data\processed\initial_graph_coloring_dataset\colpack_outputs_week15_extra_orderings\sherman1_incidence_degree.txt
sherman1,INCIDENCE_DEGREE,2,572,840,0.15915915915915915,data\processed\initial_graph_coloring_dataset\colpack_outputs_week15_extra_orderings\sherman1_incidence_degree.txt
sherman1,INCIDENCE_DEGREE,2,158,841,0.15815815815815815,data\processed\initial_graph_coloring_dataset\colpack_outputs_week15_extra_orderings\sherman1_incidence_degree.txt
sherman1,INCIDENCE_DEGREE,2,924,842,0.15715715715715717,data\processed\initial_graph_coloring_dataset\colpack_outputs_week15_extra_orderings\sherman1_incidence_degree.txt
sherman1,INCIDENCE_DEGREE,2,156,843,0.15615615615615616,data\processed\initial_graph_coloring_dataset\colpack_outputs_week15_extra_orderings\sherman1_incidence_degree.txt
sherman1,INCIDENCE_DEGREE,2,583,844,0.15515515515515516,data\processed\initial_graph_coloring_dataset\colpack_outputs_week15_extra_orderings\sherman1_incidence_degree.txt
sherman1,INCIDENCE_DEGREE,2,154,845,0.15415415415415415,data\processed\initial_graph_coloring_dataset\colpack_outputs_week15_extra_orderings\sherman1_incidence_degree.txt
sherman1,INCIDENCE_DEGREE,2,962,846,0.15315315315315314,data\processed\initial_graph_coloring_dataset\colpack_outputs_week15_extra_orderings\sherman1_incidence_degree.txt
sherman1,INCIDENCE_DEGREE,2,152,847,0.15215215215215216,data\processed\initial_graph_coloring_dataset\colpack_outputs_week15_extra_orderings\sherman1_incidence_degree.txt
sherman1,INCIDENCE_DEGREE,2,752,848,0.15115115115115116,data\processed\initial_graph_coloring_dataset\colpack_outputs_week15_extra_orderings\sherman1_incidence_degree.txt
sherman1,INCIDENCE_DEGREE,2,150,849,0.15015015015015015,data\processed\initial_graph_coloring_dataset\colpack_outputs_week15_extra_orderings\sherman1_incidence_degree.txt
sherman1,INCIDENCE_DEGREE,2,149,850,0.14914914914914915,data\processed\initial_graph_coloring_dataset\colpack_outputs_week15_extra_orderings\sherman1_incidence_degree.txt
sherman1,INCIDENCE_DEGREE,2,148,851,0.14814814814814814,data\processed\initial_graph_coloring_dataset\colpack_outputs_week15_extra_orderings\sherman1_incidence_degree.txt
sherman1,INCIDENCE_DEGREE,2,971,852,0.14714714714714713,data\processed\initial_graph_coloring_dataset\colpack_outputs_week15_extra_orderings\sherman1_incidence_degree.txt
sherman1,INCIDENCE_DEGREE,2,146,853,0.14614614614614616,data\processed\initial_graph_coloring_dataset\colpack_outputs_week15_extra_orderings\sherman1_incidence_degree.txt
sherman1,INCIDENCE_DEGREE,2,510,854,0.14514514514514515,data\processed\initial_graph_coloring_dataset\colpack_outputs_week15_extra_orderings\sherman1_incidence_degree.txt
sherman1,INCIDENCE_DEGREE,2,144,855,0.14414414414414414,data\processed\initial_graph_coloring_dataset\colpack_outputs_week15_extra_orderings\sherman1_incidence_degree.txt
sherman1,INCIDENCE_DEGREE,2,966,856,0.14314314314314314,data\processed\initial_graph_coloring_dataset\colpack_outputs_week15_extra_orderings\sherman1_incidence_degree.txt
sherman1,INCIDENCE_DEGREE,2,142,857,0.14214214214214213,data\processed\initial_graph_coloring_dataset\colpack_outputs_week15_extra_orderings\sherman1_incidence_degree.txt
sherman1,INCIDENCE_DEGREE,2,942,858,0.14114114114114115,data\processed\initial_graph_coloring_dataset\colpack_outputs_week15_extra_orderings\sherman1_incidence_degree.txt
sherman1,INCIDENCE_DEGREE,2,140,859,0.14014014014014015,data\processed\initial_graph_coloring_dataset\colpack_outputs_week15_extra_orderings\sherman1_incidence_degree.txt
sherman1,INCIDENCE_DEGREE,2,139,860,0.13913913913913914,data\processed\initial_graph_coloring_dataset\colpack_outputs_week15_extra_orderings\sherman1_incidence_degree.txt
sherman1,INCIDENCE_DEGREE,2,138,861,0.13813813813813813,data\processed\initial_graph_coloring_dataset\colpack_outputs_week15_extra_orderings\sherman1_incidence_degree.txt
sherman1,INCIDENCE_DEGREE,2,798,862,0.13713713713713713,data\processed\initial_graph_coloring_dataset\colpack_outputs_week15_extra_orderings\sherman1_incidence_degree.txt
sherman1,INCIDENCE_DEGREE,2,136,863,0.13613613613613615,data\processed\initial_graph_coloring_dataset\colpack_outputs_week15_extra_orderings\sherman1_incidence_degree.txt
sherman1,INCIDENCE_DEGREE,2,512,864,0.13513513513513514,data\processed\initial_graph_coloring_dataset\colpack_outputs_week15_extra_orderings\sherman1_incidence_degree.txt
sherman1,INCIDENCE_DEGREE,2,134,865,0.13413413413413414,data\processed\initial_graph_coloring_dataset\colpack_outputs_week15_extra_orderings\sherman1_incidence_degree.txt
sherman1,INCIDENCE_DEGREE,2,902,866,0.13313313313313313,data\processed\initial_graph_coloring_dataset\colpack_outputs_week15_extra_orderings\sherman1_incidence_degree.txt
sherman1,INCIDENCE_DEGREE,2,132,867,0.13213213213213212,data\processed\initial_graph_coloring_dataset\colpack_outputs_week15_extra_orderings\sherman1_incidence_degree.txt
sherman1,INCIDENCE_DEGREE,2,941,868,0.13113113113113112,data\processed\initial_graph_coloring_dataset\colpack_outputs_week15_extra_orderings\sherman1_incidence_degree.txt
sherman1,INCIDENCE_DEGREE,2,130,869,0.13013013013013014,data\processed\initial_graph_coloring_dataset\colpack_outputs_week15_extra_orderings\sherman1_incidence_degree.txt
sherman1,INCIDENCE_DEGREE,2,129,870,0.12912912912912913,data\processed\initial_graph_coloring_dataset\colpack_outputs_week15_extra_orderings\sherman1_incidence_degree.txt
sherman1,INCIDENCE_DEGREE,2,128,871,0.12812812812812813,data\processed\initial_graph_coloring_dataset\colpack_outputs_week15_extra_orderings\sherman1_incidence_degree.txt
sherman1,INCIDENCE_DEGREE,2,577,872,0.12712712712712712,data\processed\initial_graph_coloring_dataset\colpack_outputs_week15_extra_orderings\sherman1_incidence_degree.txt
sherman1,INCIDENCE_DEGREE,2,126,873,0.12612612612612611,data\processed\initial_graph_coloring_dataset\colpack_outputs_week15_extra_orderings\sherman1_incidence_degree.txt
sherman1,INCIDENCE_DEGREE,2,515,874,0.12512512512512514,data\processed\initial_graph_coloring_dataset\colpack_outputs_week15_extra_orderings\sherman1_incidence_degree.txt
sherman1,INCIDENCE_DEGREE,2,124,875,0.12412412412412413,data\processed\initial_graph_coloring_dataset\colpack_outputs_week15_extra_orderings\sherman1_incidence_degree.txt
sherman1,INCIDENCE_DEGREE,2,982,876,0.12312312312312312,data\processed\initial_graph_coloring_dataset\colpack_outputs_week15_extra_orderings\sherman1_incidence_degree.txt
sherman1,INCIDENCE_DEGREE,2,122,877,0.12212212212212212,data\processed\initial_graph_coloring_dataset\colpack_outputs_week15_extra_orderings\sherman1_incidence_degree.txt
sherman1,INCIDENCE_DEGREE,2,702,878,0.12112112112112113,data\processed\initial_graph_coloring_dataset\colpack_outputs_week15_extra_orderings\sherman1_incidence_degree.txt
sherman1,INCIDENCE_DEGREE,2,120,879,0.12012012012012012,data\processed\initial_graph_coloring_dataset\colpack_outputs_week15_extra_orderings\sherman1_incidence_degree.txt
sherman1,INCIDENCE_DEGREE,2,119,880,0.11911911911911911,data\processed\initial_graph_coloring_dataset\colpack_outputs_week15_extra_orderings\sherman1_incidence_degree.txt
sherman1,INCIDENCE_DEGREE,2,118,881,0.11811811811811812,data\processed\initial_graph_coloring_dataset\colpack_outputs_week15_extra_orderings\sherman1_incidence_degree.txt
sherman1,INCIDENCE_DEGREE,2,578,882,0.11711711711711711,data\processed\initial_graph_coloring_dataset\colpack_outputs_week15_extra_orderings\sherman1_incidence_degree.txt
sherman1,INCIDENCE_DEGREE,2,116,883,0.11611611611611612,data\processed\initial_graph_coloring_dataset\colpack_outputs_week15_extra_orderings\sherman1_incidence_degree.txt
sherman1,INCIDENCE_DEGREE,2,115,884,0.11511511511511512,data\processed\initial_graph_coloring_dataset\colpack_outputs_week15_extra_orderings\sherman1_incidence_degree.txt
sherman1,INCIDENCE_DEGREE,2,114,885,0.11411411411411411,data\processed\initial_graph_coloring_dataset\colpack_outputs_week15_extra_orderings\sherman1_incidence_degree.txt
sherman1,INCIDENCE_DEGREE,2,596,886,0.11311311311311312,data\processed\initial_graph_coloring_dataset\colpack_outputs_week15_extra_orderings\sherman1_incidence_degree.txt
sherman1,INCIDENCE_DEGREE,2,112,887,0.11211211211211211,data\processed\initial_graph_coloring_dataset\colpack_outputs_week15_extra_orderings\sherman1_incidence_degree.txt
sherman1,INCIDENCE_DEGREE,2,562,888,0.1111111111111111,data\processed\initial_graph_coloring_dataset\colpack_outputs_week15_extra_orderings\sherman1_incidence_degree.txt
sherman1,INCIDENCE_DEGREE,2,110,889,0.11011011011011011,data\processed\initial_graph_coloring_dataset\colpack_outputs_week15_extra_orderings\sherman1_incidence_degree.txt
sherman1,INCIDENCE_DEGREE,2,109,890,0.1091091091091091,data\processed\initial_graph_coloring_dataset\colpack_outputs_week15_extra_orderings\sherman1_incidence_degree.txt
sherman1,INCIDENCE_DEGREE,2,108,891,0.10810810810810811,data\processed\initial_graph_coloring_dataset\colpack_outputs_week15_extra_orderings\sherman1_incidence_degree.txt
sherman1,INCIDENCE_DEGREE,2,922,892,0.10710710710710711,data\processed\initial_graph_coloring_dataset\colpack_outputs_week15_extra_orderings\sherman1_incidence_degree.txt
sherman1,INCIDENCE_DEGREE,2,106,893,0.1061061061061061,data\processed\initial_graph_coloring_dataset\colpack_outputs_week15_extra_orderings\sherman1_incidence_degree.txt
sherman1,INCIDENCE_DEGREE,2,105,894,0.10510510510510511,data\processed\initial_graph_coloring_dataset\colpack_outputs_week15_extra_orderings\sherman1_incidence_degree.txt
sherman1,INCIDENCE_DEGREE,2,104,895,0.1041041041041041,data\processed\initial_graph_coloring_dataset\colpack_outputs_week15_extra_orderings\sherman1_incidence_degree.txt
sherman1,INCIDENCE_DEGREE,2,103,896,0.1031031031031031,data\processed\initial_graph_coloring_dataset\colpack_outputs_week15_extra_orderings\sherman1_incidence_degree.txt
sherman1,INCIDENCE_DEGREE,2,102,897,0.1021021021021021,data\processed\initial_graph_coloring_dataset\colpack_outputs_week15_extra_orderings\sherman1_incidence_degree.txt
sherman1,INCIDENCE_DEGREE,2,763,898,0.1011011011011011,data\processed\initial_graph_coloring_dataset\colpack_outputs_week15_extra_orderings\sherman1_incidence_degree.txt
sherman1,INCIDENCE_DEGREE,2,100,899,0.1001001001001001,data\processed\initial_graph_coloring_dataset\colpack_outputs_week15_extra_orderings\sherman1_incidence_degree.txt
sherman1,INCIDENCE_DEGREE,2,595,900,0.0990990990990991,data\processed\initial_graph_coloring_dataset\colpack_outputs_week15_extra_orderings\sherman1_incidence_degree.txt
sherman1,INCIDENCE_DEGREE,2,383,901,0.0980980980980981,data\processed\initial_graph_coloring_dataset\colpack_outputs_week15_extra_orderings\sherman1_incidence_degree.txt
sherman1,INCIDENCE_DEGREE,2,381,902,0.0970970970970971,data\processed\initial_graph_coloring_dataset\colpack_outputs_week15_extra_orderings\sherman1_incidence_degree.txt
sherman1,INCIDENCE_DEGREE,2,789,903,0.0960960960960961,data\processed\initial_graph_coloring_dataset\colpack_outputs_week15_extra_orderings\sherman1_incidence_degree.txt
sherman1,INCIDENCE_DEGREE,2,930,904,0.09509509509509509,data\processed\initial_graph_coloring_dataset\colpack_outputs_week15_extra_orderings\sherman1_incidence_degree.txt
sherman1,INCIDENCE_DEGREE,2,359,905,0.0940940940940941,data\processed\initial_graph_coloring_dataset\colpack_outputs_week15_extra_orderings\sherman1_incidence_degree.txt
sherman1,INCIDENCE_DEGREE,2,358,906,0.09309309309309309,data\processed\initial_graph_coloring_dataset\colpack_outputs_week15_extra_orderings\sherman1_incidence_degree.txt
sherman1,INCIDENCE_DEGREE,2,339,907,0.0920920920920921,data\processed\initial_graph_coloring_dataset\colpack_outputs_week15_extra_orderings\sherman1_incidence_degree.txt
sherman1,INCIDENCE_DEGREE,2,338,908,0.09109109109109109,data\processed\initial_graph_coloring_dataset\colpack_outputs_week15_extra_orderings\sherman1_incidence_degree.txt
sherman1,INCIDENCE_DEGREE,2,319,909,0.09009009009009009,data\processed\initial_graph_coloring_dataset\colpack_outputs_week15_extra_orderings\sherman1_incidence_degree.txt
sherman1,INCIDENCE_DEGREE,2,932,910,0.0890890890890891,data\processed\initial_graph_coloring_dataset\colpack_outputs_week15_extra_orderings\sherman1_incidence_degree.txt
sherman1,INCIDENCE_DEGREE,2,525,911,0.08808808808808809,data\processed\initial_graph_coloring_dataset\colpack_outputs_week15_extra_orderings\sherman1_incidence_degree.txt
sherman1,INCIDENCE_DEGREE,2,387,912,0.08708708708708708,data\processed\initial_graph_coloring_dataset\colpack_outputs_week15_extra_orderings\sherman1_incidence_degree.txt
sherman1,INCIDENCE_DEGREE,2,760,913,0.08608608608608609,data\processed\initial_graph_coloring_dataset\colpack_outputs_week15_extra_orderings\sherman1_incidence_degree.txt
sherman1,INCIDENCE_DEGREE,2,912,914,0.08508508508508508,data\processed\initial_graph_coloring_dataset\colpack_outputs_week15_extra_orderings\sherman1_incidence_degree.txt
sherman1,INCIDENCE_DEGREE,2,733,915,0.08408408408408409,data\processed\initial_graph_coloring_dataset\colpack_outputs_week15_extra_orderings\sherman1_incidence_degree.txt
sherman1,INCIDENCE_DEGREE,2,543,916,0.08308308308308308,data\processed\initial_graph_coloring_dataset\colpack_outputs_week15_extra_orderings\sherman1_incidence_degree.txt
sherman1,INCIDENCE_DEGREE,2,737,917,0.08208208208208208,data\processed\initial_graph_coloring_dataset\colpack_outputs_week15_extra_orderings\sherman1_incidence_degree.txt
sherman1,INCIDENCE_DEGREE,2,539,918,0.08108108108108109,data\processed\initial_graph_coloring_dataset\colpack_outputs_week15_extra_orderings\sherman1_incidence_degree.txt
sherman1,INCIDENCE_DEGREE,2,320,919,0.08008008008008008,data\processed\initial_graph_coloring_dataset\colpack_outputs_week15_extra_orderings\sherman1_incidence_degree.txt
sherman1,INCIDENCE_DEGREE,2,386,920,0.07907907907907907,data\processed\initial_graph_coloring_dataset\colpack_outputs_week15_extra_orderings\sherman1_incidence_degree.txt
sherman1,INCIDENCE_DEGREE,2,391,921,0.07807807807807808,data\processed\initial_graph_coloring_dataset\colpack_outputs_week15_extra_orderings\sherman1_incidence_degree.txt
sherman1,INCIDENCE_DEGREE,2,557,922,0.07707707707707707,data\processed\initial_graph_coloring_dataset\colpack_outputs_week15_extra_orderings\sherman1_incidence_degree.txt
sherman1,INCIDENCE_DEGREE,2,388,923,0.07607607607607608,data\processed\initial_graph_coloring_dataset\colpack_outputs_week15_extra_orderings\sherman1_incidence_degree.txt
sherman1,INCIDENCE_DEGREE,2,376,924,0.07507507507507508,data\processed\initial_graph_coloring_dataset\colpack_outputs_week15_extra_orderings\sherman1_incidence_degree.txt
sherman1,INCIDENCE_DEGREE,2,361,925,0.07407407407407407,data\processed\initial_graph_coloring_dataset\colpack_outputs_week15_extra_orderings\sherman1_incidence_degree.txt
sherman1,INCIDENCE_DEGREE,2,356,926,0.07307307307307308,data\processed\initial_graph_coloring_dataset\colpack_outputs_week15_extra_orderings\sherman1_incidence_degree.txt
sherman1,INCIDENCE_DEGREE,2,341,927,0.07207207207207207,data\processed\initial_graph_coloring_dataset\colpack_outputs_week15_extra_orderings\sherman1_incidence_degree.txt
sherman1,INCIDENCE_DEGREE,2,336,928,0.07107107107107107,data\processed\initial_graph_coloring_dataset\colpack_outputs_week15_extra_orderings\sherman1_incidence_degree.txt
sherman1,INCIDENCE_DEGREE,2,321,929,0.07007007007007007,data\processed\initial_graph_coloring_dataset\colpack_outputs_week15_extra_orderings\sherman1_incidence_degree.txt
sherman1,INCIDENCE_DEGREE,2,758,930,0.06906906906906907,data\processed\initial_graph_coloring_dataset\colpack_outputs_week15_extra_orderings\sherman1_incidence_degree.txt
sherman1,INCIDENCE_DEGREE,2,393,931,0.06806806806806807,data\processed\initial_graph_coloring_dataset\colpack_outputs_week15_extra_orderings\sherman1_incidence_degree.txt
sherman1,INCIDENCE_DEGREE,2,740,932,0.06706706706706707,data\processed\initial_graph_coloring_dataset\colpack_outputs_week15_extra_orderings\sherman1_incidence_degree.txt
sherman1,INCIDENCE_DEGREE,2,727,933,0.06606606606606606,data\processed\initial_graph_coloring_dataset\colpack_outputs_week15_extra_orderings\sherman1_incidence_degree.txt
sherman1,INCIDENCE_DEGREE,2,547,934,0.06506506506506507,data\processed\initial_graph_coloring_dataset\colpack_outputs_week15_extra_orderings\sherman1_incidence_degree.txt
sherman1,INCIDENCE_DEGREE,2,362,935,0.06406406406406406,data\processed\initial_graph_coloring_dataset\colpack_outputs_week15_extra_orderings\sherman1_incidence_degree.txt
sherman1,INCIDENCE_DEGREE,2,585,936,0.06306306306306306,data\processed\initial_graph_coloring_dataset\colpack_outputs_week15_extra_orderings\sherman1_incidence_degree.txt
sherman1,INCIDENCE_DEGREE,2,342,937,0.062062062062062065,data\processed\initial_graph_coloring_dataset\colpack_outputs_week15_extra_orderings\sherman1_incidence_degree.txt
sherman1,INCIDENCE_DEGREE,2,530,938,0.06106106106106106,data\processed\initial_graph_coloring_dataset\colpack_outputs_week15_extra_orderings\sherman1_incidence_degree.txt
sherman1,INCIDENCE_DEGREE,2,322,939,0.06006006006006006,data\processed\initial_graph_coloring_dataset\colpack_outputs_week15_extra_orderings\sherman1_incidence_degree.txt
sherman1,INCIDENCE_DEGREE,2,934,940,0.05905905905905906,data\processed\initial_graph_coloring_dataset\colpack_outputs_week15_extra_orderings\sherman1_incidence_degree.txt
sherman1,INCIDENCE_DEGREE,2,768,941,0.05805805805805806,data\processed\initial_graph_coloring_dataset\colpack_outputs_week15_extra_orderings\sherman1_incidence_degree.txt
sherman1,INCIDENCE_DEGREE,2,991,942,0.057057057057057055,data\processed\initial_graph_coloring_dataset\colpack_outputs_week15_extra_orderings\sherman1_incidence_degree.txt
sherman1,INCIDENCE_DEGREE,2,711,943,0.056056056056056056,data\processed\initial_graph_coloring_dataset\colpack_outputs_week15_extra_orderings\sherman1_incidence_degree.txt
sherman1,INCIDENCE_DEGREE,2,378,944,0.055055055055055056,data\processed\initial_graph_coloring_dataset\colpack_outputs_week15_extra_orderings\sherman1_incidence_degree.txt
sherman1,INCIDENCE_DEGREE,2,703,945,0.05405405405405406,data\processed\initial_graph_coloring_dataset\colpack_outputs_week15_extra_orderings\sherman1_incidence_degree.txt
sherman1,INCIDENCE_DEGREE,2,354,946,0.05305305305305305,data\processed\initial_graph_coloring_dataset\colpack_outputs_week15_extra_orderings\sherman1_incidence_degree.txt
sherman1,INCIDENCE_DEGREE,2,974,947,0.05205205205205205,data\processed\initial_graph_coloring_dataset\colpack_outputs_week15_extra_orderings\sherman1_incidence_degree.txt
sherman1,INCIDENCE_DEGREE,2,334,948,0.05105105105105105,data\processed\initial_graph_coloring_dataset\colpack_outputs_week15_extra_orderings\sherman1_incidence_degree.txt
sherman1,INCIDENCE_DEGREE,2,992,949,0.05005005005005005,data\processed\initial_graph_coloring_dataset\colpack_outputs_week15_extra_orderings\sherman1_incidence_degree.txt
sherman1,INCIDENCE_DEGREE,2,919,950,0.04904904904904905,data\processed\initial_graph_coloring_dataset\colpack_outputs_week15_extra_orderings\sherman1_incidence_degree.txt
sherman1,INCIDENCE_DEGREE,2,582,951,0.04804804804804805,data\processed\initial_graph_coloring_dataset\colpack_outputs_week15_extra_orderings\sherman1_incidence_degree.txt
sherman1,INCIDENCE_DEGREE,2,198,952,0.04704704704704705,data\processed\initial_graph_coloring_dataset\colpack_outputs_week15_extra_orderings\sherman1_incidence_degree.txt
sherman1,INCIDENCE_DEGREE,2,730,953,0.04604604604604605,data\processed\initial_graph_coloring_dataset\colpack_outputs_week15_extra_orderings\sherman1_incidence_degree.txt
sherman1,INCIDENCE_DEGREE,2,951,954,0.04504504504504504,data\processed\initial_graph_coloring_dataset\colpack_outputs_week15_extra_orderings\sherman1_incidence_degree.txt
sherman1,INCIDENCE_DEGREE,2,713,955,0.044044044044044044,data\processed\initial_graph_coloring_dataset\colpack_outputs_week15_extra_orderings\sherman1_incidence_degree.txt
sherman1,INCIDENCE_DEGREE,2,774,956,0.043043043043043044,data\processed\initial_graph_coloring_dataset\colpack_outputs_week15_extra_orderings\sherman1_incidence_degree.txt
sherman1,INCIDENCE_DEGREE,2,344,957,0.042042042042042045,data\processed\initial_graph_coloring_dataset\colpack_outputs_week15_extra_orderings\sherman1_incidence_degree.txt
sherman1,INCIDENCE_DEGREE,2,718,958,0.04104104104104104,data\processed\initial_graph_coloring_dataset\colpack_outputs_week15_extra_orderings\sherman1_incidence_degree.txt
sherman1,INCIDENCE_DEGREE,2,324,959,0.04004004004004004,data\processed\initial_graph_coloring_dataset\colpack_outputs_week15_extra_orderings\sherman1_incidence_degree.txt
sherman1,INCIDENCE_DEGREE,2,396,960,0.03903903903903904,data\processed\initial_graph_coloring_dataset\colpack_outputs_week15_extra_orderings\sherman1_incidence_degree.txt
sherman1,INCIDENCE_DEGREE,2,532,961,0.03803803803803804,data\processed\initial_graph_coloring_dataset\colpack_outputs_week15_extra_orderings\sherman1_incidence_degree.txt
sherman1,INCIDENCE_DEGREE,2,783,962,0.037037037037037035,data\processed\initial_graph_coloring_dataset\colpack_outputs_week15_extra_orderings\sherman1_incidence_degree.txt
sherman1,INCIDENCE_DEGREE,2,792,963,0.036036036036036036,data\processed\initial_graph_coloring_dataset\colpack_outputs_week15_extra_orderings\sherman1_incidence_degree.txt
sherman1,INCIDENCE_DEGREE,2,762,964,0.035035035035035036,data\processed\initial_graph_coloring_dataset\colpack_outputs_week15_extra_orderings\sherman1_incidence_degree.txt
sherman1,INCIDENCE_DEGREE,2,527,965,0.03403403403403404,data\processed\initial_graph_coloring_dataset\colpack_outputs_week15_extra_orderings\sherman1_incidence_degree.txt
sherman1,INCIDENCE_DEGREE,2,352,966,0.03303303303303303,data\processed\initial_graph_coloring_dataset\colpack_outputs_week15_extra_orderings\sherman1_incidence_degree.txt
sherman1,INCIDENCE_DEGREE,2,743,967,0.03203203203203203,data\processed\initial_graph_coloring_dataset\colpack_outputs_week15_extra_orderings\sherman1_incidence_degree.txt
sherman1,INCIDENCE_DEGREE,2,332,968,0.031031031031031032,data\processed\initial_graph_coloring_dataset\colpack_outputs_week15_extra_orderings\sherman1_incidence_degree.txt
sherman1,INCIDENCE_DEGREE,2,529,969,0.03003003003003003,data\processed\initial_graph_coloring_dataset\colpack_outputs_week15_extra_orderings\sherman1_incidence_degree.txt
sherman1,INCIDENCE_DEGREE,2,397,970,0.02902902902902903,data\processed\initial_graph_coloring_dataset\colpack_outputs_week15_extra_orderings\sherman1_incidence_degree.txt
sherman1,INCIDENCE_DEGREE,2,707,971,0.028028028028028028,data\processed\initial_graph_coloring_dataset\colpack_outputs_week15_extra_orderings\sherman1_incidence_degree.txt
sherman1,INCIDENCE_DEGREE,2,921,972,0.02702702702702703,data\processed\initial_graph_coloring_dataset\colpack_outputs_week15_extra_orderings\sherman1_incidence_degree.txt
sherman1,INCIDENCE_DEGREE,2,788,973,0.026026026026026026,data\processed\initial_graph_coloring_dataset\colpack_outputs_week15_extra_orderings\sherman1_incidence_degree.txt
sherman1,INCIDENCE_DEGREE,2,371,974,0.025025025025025027,data\processed\initial_graph_coloring_dataset\colpack_outputs_week15_extra_orderings\sherman1_incidence_degree.txt
sherman1,INCIDENCE_DEGREE,2,366,975,0.024024024024024024,data\processed\initial_graph_coloring_dataset\colpack_outputs_week15_extra_orderings\sherman1_incidence_degree.txt
sherman1,INCIDENCE_DEGREE,2,351,976,0.023023023023023025,data\processed\initial_graph_coloring_dataset\colpack_outputs_week15_extra_orderings\sherman1_incidence_degree.txt
sherman1,INCIDENCE_DEGREE,2,346,977,0.022022022022022022,data\processed\initial_graph_coloring_dataset\colpack_outputs_week15_extra_orderings\sherman1_incidence_degree.txt
sherman1,INCIDENCE_DEGREE,2,331,978,0.021021021021021023,data\processed\initial_graph_coloring_dataset\colpack_outputs_week15_extra_orderings\sherman1_incidence_degree.txt
sherman1,INCIDENCE_DEGREE,2,326,979,0.02002002002002002,data\processed\initial_graph_coloring_dataset\colpack_outputs_week15_extra_orderings\sherman1_incidence_degree.txt
sherman1,INCIDENCE_DEGREE,2,398,980,0.01901901901901902,data\processed\initial_graph_coloring_dataset\colpack_outputs_week15_extra_orderings\sherman1_incidence_degree.txt
sherman1,INCIDENCE_DEGREE,2,770,981,0.018018018018018018,data\processed\initial_graph_coloring_dataset\colpack_outputs_week15_extra_orderings\sherman1_incidence_degree.txt
sherman1,INCIDENCE_DEGREE,2,573,982,0.01701701701701702,data\processed\initial_graph_coloring_dataset\colpack_outputs_week15_extra_orderings\sherman1_incidence_degree.txt
sherman1,INCIDENCE_DEGREE,2,990,983,0.016016016016016016,data\processed\initial_graph_coloring_dataset\colpack_outputs_week15_extra_orderings\sherman1_incidence_degree.txt
sherman1,INCIDENCE_DEGREE,2,796,984,0.015015015015015015,data\processed\initial_graph_coloring_dataset\colpack_outputs_week15_extra_orderings\sherman1_incidence_degree.txt
sherman1,INCIDENCE_DEGREE,2,545,985,0.014014014014014014,data\processed\initial_graph_coloring_dataset\colpack_outputs_week15_extra_orderings\sherman1_incidence_degree.txt
sherman1,INCIDENCE_DEGREE,2,799,986,0.013013013013013013,data\processed\initial_graph_coloring_dataset\colpack_outputs_week15_extra_orderings\sherman1_incidence_degree.txt
sherman1,INCIDENCE_DEGREE,2,914,987,0.012012012012012012,data\processed\initial_graph_coloring_dataset\colpack_outputs_week15_extra_orderings\sherman1_incidence_degree.txt
sherman1,INCIDENCE_DEGREE,2,738,988,0.011011011011011011,data\processed\initial_graph_coloring_dataset\colpack_outputs_week15_extra_orderings\sherman1_incidence_degree.txt
sherman1,INCIDENCE_DEGREE,2,537,989,0.01001001001001001,data\processed\initial_graph_coloring_dataset\colpack_outputs_week15_extra_orderings\sherman1_incidence_degree.txt
sherman1,INCIDENCE_DEGREE,2,555,990,0.009009009009009009,data\processed\initial_graph_coloring_dataset\colpack_outputs_week15_extra_orderings\sherman1_incidence_degree.txt
sherman1,INCIDENCE_DEGREE,2,720,991,0.008008008008008008,data\processed\initial_graph_coloring_dataset\colpack_outputs_week15_extra_orderings\sherman1_incidence_degree.txt
sherman1,INCIDENCE_DEGREE,2,753,992,0.007007007007007007,data\processed\initial_graph_coloring_dataset\colpack_outputs_week15_extra_orderings\sherman1_incidence_degree.txt
sherman1,INCIDENCE_DEGREE,2,769,993,0.006006006006006006,data\processed\initial_graph_coloring_dataset\colpack_outputs_week15_extra_orderings\sherman1_incidence_degree.txt
sherman1,INCIDENCE_DEGREE,2,369,994,0.005005005005005005,data\processed\initial_graph_coloring_dataset\colpack_outputs_week15_extra_orderings\sherman1_incidence_degree.txt
sherman1,INCIDENCE_DEGREE,2,368,995,0.004004004004004004,data\processed\initial_graph_coloring_dataset\colpack_outputs_week15_extra_orderings\sherman1_incidence_degree.txt
sherman1,INCIDENCE_DEGREE,2,349,996,0.003003003003003003,data\processed\initial_graph_coloring_dataset\colpack_outputs_week15_extra_orderings\sherman1_incidence_degree.txt
sherman1,INCIDENCE_DEGREE,2,348,997,0.002002002002002002,data\processed\initial_graph_coloring_dataset\colpack_outputs_week15_extra_orderings\sherman1_incidence_degree.txt
sherman1,INCIDENCE_DEGREE,2,329,998,0.001001001001001001,data\processed\initial_graph_coloring_dataset\colpack_outputs_week15_extra_orderings\sherman1_incidence_degree.txt
sherman1,INCIDENCE_DEGREE,2,328,999,0.0,data\processed\initial_graph_coloring_dataset\colpack_outputs_week15_extra_orderings\sherman1_incidence_degree.txt
west0479,DYNAMIC_LARGEST_FIRST,6,87,0,1.0,data\processed\initial_graph_coloring_dataset\colpack_outputs_week15_extra_orderings\west0479_dynamic_largest_first.txt
west0479,DYNAMIC_LARGEST_FIRST,6,95,1,0.997907949790795,data\processed\initial_graph_coloring_dataset\colpack_outputs_week15_extra_orderings\west0479_dynamic_largest_first.txt
west0479,DYNAMIC_LARGEST_FIRST,6,111,2,0.99581589958159,data\processed\initial_graph_coloring_dataset\colpack_outputs_week15_extra_orderings\west0479_dynamic_largest_first.txt
west0479,DYNAMIC_LARGEST_FIRST,6,283,3,0.9937238493723849,data\processed\initial_graph_coloring_dataset\colpack_outputs_week15_extra_orderings\west0479_dynamic_largest_first.txt
west0479,DYNAMIC_LARGEST_FIRST,6,264,4,0.9916317991631799,data\processed\initial_graph_coloring_dataset\colpack_outputs_week15_extra_orderings\west0479_dynamic_largest_first.txt
west0479,DYNAMIC_LARGEST_FIRST,6,328,5,0.9895397489539749,data\processed\initial_graph_coloring_dataset\colpack_outputs_week15_extra_orderings\west0479_dynamic_largest_first.txt
west0479,DYNAMIC_LARGEST_FIRST,6,308,6,0.9874476987447699,data\processed\initial_graph_coloring_dataset\colpack_outputs_week15_extra_orderings\west0479_dynamic_largest_first.txt
west0479,DYNAMIC_LARGEST_FIRST,6,307,7,0.9853556485355649,data\processed\initial_graph_coloring_dataset\colpack_outputs_week15_extra_orderings\west0479_dynamic_largest_first.txt
west0479,DYNAMIC_LARGEST_FIRST,6,327,8,0.9832635983263598,data\processed\initial_graph_coloring_dataset\colpack_outputs_week15_extra_orderings\west0479_dynamic_largest_first.txt
west0479,DYNAMIC_LARGEST_FIRST,6,115,9,0.9811715481171548,data\processed\initial_graph_coloring_dataset\colpack_outputs_week15_extra_orderings\west0479_dynamic_largest_first.txt
west0479,DYNAMIC_LARGEST_FIRST,6,93,10,0.9790794979079498,data\processed\initial_graph_coloring_dataset\colpack_outputs_week15_extra_orderings\west0479_dynamic_largest_first.txt
west0479,DYNAMIC_LARGEST_FIRST,6,92,11,0.9769874476987448,data\processed\initial_graph_coloring_dataset\colpack_outputs_week15_extra_orderings\west0479_dynamic_largest_first.txt
west0479,DYNAMIC_LARGEST_FIRST,6,91,12,0.9748953974895398,data\processed\initial_graph_coloring_dataset\colpack_outputs_week15_extra_orderings\west0479_dynamic_largest_first.txt
west0479,DYNAMIC_LARGEST_FIRST,6,253,13,0.9728033472803347,data\processed\initial_graph_coloring_dataset\colpack_outputs_week15_extra_orderings\west0479_dynamic_largest_first.txt
west0479,DYNAMIC_LARGEST_FIRST,6,374,14,0.9707112970711297,data\processed\initial_graph_coloring_dataset\colpack_outputs_week15_extra_orderings\west0479_dynamic_largest_first.txt
west0479,DYNAMIC_LARGEST_FIRST,6,85,15,0.9686192468619247,data\processed\initial_graph_coloring_dataset\colpack_outputs_week15_extra_orderings\west0479_dynamic_largest_first.txt
west0479,DYNAMIC_LARGEST_FIRST,6,109,16,0.9665271966527197,data\processed\initial_graph_coloring_dataset\colpack_outputs_week15_extra_orderings\west0479_dynamic_largest_first.txt
west0479,DYNAMIC_LARGEST_FIRST,6,107,17,0.9644351464435147,data\processed\initial_graph_coloring_dataset\colpack_outputs_week15_extra_orderings\west0479_dynamic_largest_first.txt
west0479,DYNAMIC_LARGEST_FIRST,6,284,18,0.9623430962343096,data\processed\initial_graph_coloring_dataset\colpack_outputs_week15_extra_orderings\west0479_dynamic_largest_first.txt
west0479,DYNAMIC_LARGEST_FIRST,6,117,19,0.9602510460251046,data\processed\initial_graph_coloring_dataset\colpack_outputs_week15_extra_orderings\west0479_dynamic_largest_first.txt
west0479,DYNAMIC_LARGEST_FIRST,6,116,20,0.9581589958158996,data\processed\initial_graph_coloring_dataset\colpack_outputs_week15_extra_orderings\west0479_dynamic_largest_first.txt
west0479,DYNAMIC_LARGEST_FIRST,6,108,21,0.9560669456066946,data\processed\initial_graph_coloring_dataset\colpack_outputs_week15_extra_orderings\west0479_dynamic_largest_first.txt
west0479,DYNAMIC_LARGEST_FIRST,6,305,22,0.9539748953974896,data\processed\initial_graph_coloring_dataset\colpack_outputs_week15_extra_orderings\west0479_dynamic_largest_first.txt
west0479,DYNAMIC_LARGEST_FIRST,6,321,23,0.9518828451882845,data\processed\initial_graph_coloring_dataset\colpack_outputs_week15_extra_orderings\west0479_dynamic_largest_first.txt
west0479,DYNAMIC_LARGEST_FIRST,6,277,24,0.9497907949790795,data\processed\initial_graph_coloring_dataset\colpack_outputs_week15_extra_orderings\west0479_dynamic_largest_first.txt
west0479,DYNAMIC_LARGEST_FIRST,6,435,25,0.9476987447698745,data\processed\initial_graph_coloring_dataset\colpack_outputs_week15_extra_orderings\west0479_dynamic_largest_first.txt
west0479,DYNAMIC_LARGEST_FIRST,6,101,26,0.9456066945606695,data\processed\initial_graph_coloring_dataset\colpack_outputs_week15_extra_orderings\west0479_dynamic_largest_first.txt
west0479,DYNAMIC_LARGEST_FIRST,6,100,27,0.9435146443514645,data\processed\initial_graph_coloring_dataset\colpack_outputs_week15_extra_orderings\west0479_dynamic_largest_first.txt
west0479,DYNAMIC_LARGEST_FIRST,6,297,28,0.9414225941422594,data\processed\initial_graph_coloring_dataset\colpack_outputs_week15_extra_orderings\west0479_dynamic_largest_first.txt
west0479,DYNAMIC_LARGEST_FIRST,6,147,29,0.9393305439330544,data\processed\initial_graph_coloring_dataset\colpack_outputs_week15_extra_orderings\west0479_dynamic_largest_first.txt
west0479,DYNAMIC_LARGEST_FIRST,6,262,30,0.9372384937238494,data\processed\initial_graph_coloring_dataset\colpack_outputs_week15_extra_orderings\west0479_dynamic_largest_first.txt
west0479,DYNAMIC_LARGEST_FIRST,6,298,31,0.9351464435146444,data\processed\initial_graph_coloring_dataset\colpack_outputs_week15_extra_orderings\west0479_dynamic_largest_first.txt
west0479,DYNAMIC_LARGEST_FIRST,6,198,32,0.9330543933054394,data\processed\initial_graph_coloring_dataset\colpack_outputs_week15_extra_orderings\west0479_dynamic_largest_first.txt
west0479,DYNAMIC_LARGEST_FIRST,6,373,33,0.9309623430962343,data\processed\initial_graph_coloring_dataset\colpack_outputs_week15_extra_orderings\west0479_dynamic_largest_first.txt
west0479,DYNAMIC_LARGEST_FIRST,6,263,34,0.9288702928870293,data\processed\initial_graph_coloring_dataset\colpack_outputs_week15_extra_orderings\west0479_dynamic_largest_first.txt
west0479,DYNAMIC_LARGEST_FIRST,6,110,35,0.9267782426778243,data\processed\initial_graph_coloring_dataset\colpack_outputs_week15_extra_orderings\west0479_dynamic_largest_first.txt
west0479,DYNAMIC_LARGEST_FIRST,6,99,36,0.9246861924686193,data\processed\initial_graph_coloring_dataset\colpack_outputs_week15_extra_orderings\west0479_dynamic_largest_first.txt
west0479,DYNAMIC_LARGEST_FIRST,6,261,37,0.9225941422594143,data\processed\initial_graph_coloring_dataset\colpack_outputs_week15_extra_orderings\west0479_dynamic_largest_first.txt
west0479,DYNAMIC_LARGEST_FIRST,6,286,38,0.9205020920502092,data\processed\initial_graph_coloring_dataset\colpack_outputs_week15_extra_orderings\west0479_dynamic_largest_first.txt
west0479,DYNAMIC_LARGEST_FIRST,6,296,39,0.9184100418410042,data\processed\initial_graph_coloring_dataset\colpack_outputs_week15_extra_orderings\west0479_dynamic_largest_first.txt
west0479,DYNAMIC_LARGEST_FIRST,6,196,40,0.9163179916317992,data\processed\initial_graph_coloring_dataset\colpack_outputs_week15_extra_orderings\west0479_dynamic_largest_first.txt
west0479,DYNAMIC_LARGEST_FIRST,6,285,41,0.9142259414225942,data\processed\initial_graph_coloring_dataset\colpack_outputs_week15_extra_orderings\west0479_dynamic_largest_first.txt
west0479,DYNAMIC_LARGEST_FIRST,6,163,42,0.9121338912133892,data\processed\initial_graph_coloring_dataset\colpack_outputs_week15_extra_orderings\west0479_dynamic_largest_first.txt
west0479,DYNAMIC_LARGEST_FIRST,6,330,43,0.9100418410041841,data\processed\initial_graph_coloring_dataset\colpack_outputs_week15_extra_orderings\west0479_dynamic_largest_first.txt
west0479,DYNAMIC_LARGEST_FIRST,6,42,44,0.9079497907949791,data\processed\initial_graph_coloring_dataset\colpack_outputs_week15_extra_orderings\west0479_dynamic_largest_first.txt
west0479,DYNAMIC_LARGEST_FIRST,6,306,45,0.9058577405857741,data\processed\initial_graph_coloring_dataset\colpack_outputs_week15_extra_orderings\west0479_dynamic_largest_first.txt
west0479,DYNAMIC_LARGEST_FIRST,6,329,46,0.9037656903765691,data\processed\initial_graph_coloring_dataset\colpack_outputs_week15_extra_orderings\west0479_dynamic_largest_first.txt
west0479,DYNAMIC_LARGEST_FIRST,6,310,47,0.9016736401673641,data\processed\initial_graph_coloring_dataset\colpack_outputs_week15_extra_orderings\west0479_dynamic_largest_first.txt
west0479,DYNAMIC_LARGEST_FIRST,6,103,48,0.899581589958159,data\processed\initial_graph_coloring_dataset\colpack_outputs_week15_extra_orderings\west0479_dynamic_largest_first.txt
west0479,DYNAMIC_LARGEST_FIRST,6,162,49,0.897489539748954,data\processed\initial_graph_coloring_dataset\colpack_outputs_week15_extra_orderings\west0479_dynamic_largest_first.txt
west0479,DYNAMIC_LARGEST_FIRST,6,478,50,0.895397489539749,data\processed\initial_graph_coloring_dataset\colpack_outputs_week15_extra_orderings\west0479_dynamic_largest_first.txt
west0479,DYNAMIC_LARGEST_FIRST,6,88,51,0.893305439330544,data\processed\initial_graph_coloring_dataset\colpack_outputs_week15_extra_orderings\west0479_dynamic_largest_first.txt
west0479,DYNAMIC_LARGEST_FIRST,6,255,52,0.891213389121339,data\processed\initial_graph_coloring_dataset\colpack_outputs_week15_extra_orderings\west0479_dynamic_largest_first.txt
west0479,DYNAMIC_LARGEST_FIRST,6,112,53,0.8891213389121339,data\processed\initial_graph_coloring_dataset\colpack_outputs_week15_extra_orderings\west0479_dynamic_largest_first.txt
west0479,DYNAMIC_LARGEST_FIRST,6,422,54,0.8870292887029289,data\processed\initial_graph_coloring_dataset\colpack_outputs_week15_extra_orderings\west0479_dynamic_largest_first.txt
west0479,DYNAMIC_LARGEST_FIRST,6,142,55,0.8849372384937239,data\processed\initial_graph_coloring_dataset\colpack_outputs_week15_extra_orderings\west0479_dynamic_largest_first.txt
west0479,DYNAMIC_LARGEST_FIRST,6,252,56,0.8828451882845189,data\processed\initial_graph_coloring_dataset\colpack_outputs_week15_extra_orderings\west0479_dynamic_largest_first.txt
west0479,DYNAMIC_LARGEST_FIRST,6,371,57,0.8807531380753139,data\processed\initial_graph_coloring_dataset\colpack_outputs_week15_extra_orderings\west0479_dynamic_largest_first.txt
west0479,DYNAMIC_LARGEST_FIRST,6,197,58,0.8786610878661087,data\processed\initial_graph_coloring_dataset\colpack_outputs_week15_extra_orderings\west0479_dynamic_largest_first.txt
west0479,DYNAMIC_LARGEST_FIRST,6,164,59,0.8765690376569037,data\processed\initial_graph_coloring_dataset\colpack_outputs_week15_extra_orderings\west0479_dynamic_largest_first.txt
west0479,DYNAMIC_LARGEST_FIRST,6,352,60,0.8744769874476988,data\processed\initial_graph_coloring_dataset\colpack_outputs_week15_extra_orderings\west0479_dynamic_largest_first.txt
west0479,DYNAMIC_LARGEST_FIRST,6,274,61,0.8723849372384938,data\processed\initial_graph_coloring_dataset\colpack_outputs_week15_extra_orderings\west0479_dynamic_largest_first.txt
west0479,DYNAMIC_LARGEST_FIRST,6,372,62,0.8702928870292888,data\processed\initial_graph_coloring_dataset\colpack_outputs_week15_extra_orderings\west0479_dynamic_largest_first.txt
west0479,DYNAMIC_LARGEST_FIRST,6,145,63,0.8682008368200836,data\processed\initial_graph_coloring_dataset\colpack_outputs_week15_extra_orderings\west0479_dynamic_largest_first.txt
west0479,DYNAMIC_LARGEST_FIRST,6,59,64,0.8661087866108786,data\processed\initial_graph_coloring_dataset\colpack_outputs_week15_extra_orderings\west0479_dynamic_largest_first.txt
west0479,DYNAMIC_LARGEST_FIRST,6,350,65,0.8640167364016736,data\processed\initial_graph_coloring_dataset\colpack_outputs_week15_extra_orderings\west0479_dynamic_largest_first.txt
west0479,DYNAMIC_LARGEST_FIRST,6,143,66,0.8619246861924686,data\processed\initial_graph_coloring_dataset\colpack_outputs_week15_extra_orderings\west0479_dynamic_largest_first.txt
west0479,DYNAMIC_LARGEST_FIRST,6,392,67,0.8598326359832636,data\processed\initial_graph_coloring_dataset\colpack_outputs_week15_extra_orderings\west0479_dynamic_largest_first.txt
west0479,DYNAMIC_LARGEST_FIRST,6,144,68,0.8577405857740585,data\processed\initial_graph_coloring_dataset\colpack_outputs_week15_extra_orderings\west0479_dynamic_largest_first.txt
west0479,DYNAMIC_LARGEST_FIRST,6,243,69,0.8556485355648535,data\processed\initial_graph_coloring_dataset\colpack_outputs_week15_extra_orderings\west0479_dynamic_largest_first.txt
west0479,DYNAMIC_LARGEST_FIRST,6,16,70,0.8535564853556485,data\processed\initial_graph_coloring_dataset\colpack_outputs_week15_extra_orderings\west0479_dynamic_largest_first.txt
west0479,DYNAMIC_LARGEST_FIRST,6,174,71,0.8514644351464435,data\processed\initial_graph_coloring_dataset\colpack_outputs_week15_extra_orderings\west0479_dynamic_largest_first.txt
west0479,DYNAMIC_LARGEST_FIRST,6,241,72,0.8493723849372385,data\processed\initial_graph_coloring_dataset\colpack_outputs_week15_extra_orderings\west0479_dynamic_largest_first.txt
west0479,DYNAMIC_LARGEST_FIRST,6,465,73,0.8472803347280334,data\processed\initial_graph_coloring_dataset\colpack_outputs_week15_extra_orderings\west0479_dynamic_largest_first.txt
west0479,DYNAMIC_LARGEST_FIRST,6,73,74,0.8451882845188284,data\processed\initial_graph_coloring_dataset\colpack_outputs_week15_extra_orderings\west0479_dynamic_largest_first.txt
west0479,DYNAMIC_LARGEST_FIRST,6,123,75,0.8430962343096234,data\processed\initial_graph_coloring_dataset\colpack_outputs_week15_extra_orderings\west0479_dynamic_largest_first.txt
west0479,DYNAMIC_LARGEST_FIRST,6,302,76,0.8410041841004184,data\processed\initial_graph_coloring_dataset\colpack_outputs_week15_extra_orderings\west0479_dynamic_largest_first.txt
west0479,DYNAMIC_LARGEST_FIRST,6,351,77,0.8389121338912134,data\processed\initial_graph_coloring_dataset\colpack_outputs_week15_extra_orderings\west0479_dynamic_largest_first.txt
west0479,DYNAMIC_LARGEST_FIRST,6,248,78,0.8368200836820083,data\processed\initial_graph_coloring_dataset\colpack_outputs_week15_extra_orderings\west0479_dynamic_largest_first.txt
west0479,DYNAMIC_LARGEST_FIRST,6,275,79,0.8347280334728033,data\processed\initial_graph_coloring_dataset\colpack_outputs_week15_extra_orderings\west0479_dynamic_largest_first.txt
west0479,DYNAMIC_LARGEST_FIRST,6,412,80,0.8326359832635983,data\processed\initial_graph_coloring_dataset\colpack_outputs_week15_extra_orderings\west0479_dynamic_largest_first.txt
west0479,DYNAMIC_LARGEST_FIRST,6,413,81,0.8305439330543933,data\processed\initial_graph_coloring_dataset\colpack_outputs_week15_extra_orderings\west0479_dynamic_largest_first.txt
west0479,DYNAMIC_LARGEST_FIRST,6,317,82,0.8284518828451883,data\processed\initial_graph_coloring_dataset\colpack_outputs_week15_extra_orderings\west0479_dynamic_largest_first.txt
west0479,DYNAMIC_LARGEST_FIRST,6,391,83,0.8263598326359832,data\processed\initial_graph_coloring_dataset\colpack_outputs_week15_extra_orderings\west0479_dynamic_largest_first.txt
west0479,DYNAMIC_LARGEST_FIRST,6,316,84,0.8242677824267782,data\processed\initial_graph_coloring_dataset\colpack_outputs_week15_extra_orderings\west0479_dynamic_largest_first.txt
west0479,DYNAMIC_LARGEST_FIRST,6,149,85,0.8221757322175732,data\processed\initial_graph_coloring_dataset\colpack_outputs_week15_extra_orderings\west0479_dynamic_largest_first.txt
west0479,DYNAMIC_LARGEST_FIRST,6,303,86,0.8200836820083682,data\processed\initial_graph_coloring_dataset\colpack_outputs_week15_extra_orderings\west0479_dynamic_largest_first.txt
west0479,DYNAMIC_LARGEST_FIRST,6,29,87,0.8179916317991632,data\processed\initial_graph_coloring_dataset\colpack_outputs_week15_extra_orderings\west0479_dynamic_largest_first.txt
west0479,DYNAMIC_LARGEST_FIRST,6,17,88,0.8158995815899581,data\processed\initial_graph_coloring_dataset\colpack_outputs_week15_extra_orderings\west0479_dynamic_largest_first.txt
west0479,DYNAMIC_LARGEST_FIRST,6,272,89,0.8138075313807531,data\processed\initial_graph_coloring_dataset\colpack_outputs_week15_extra_orderings\west0479_dynamic_largest_first.txt
west0479,DYNAMIC_LARGEST_FIRST,6,423,90,0.8117154811715481,data\processed\initial_graph_coloring_dataset\colpack_outputs_week15_extra_orderings\west0479_dynamic_largest_first.txt
west0479,DYNAMIC_LARGEST_FIRST,6,225,91,0.8096234309623431,data\processed\initial_graph_coloring_dataset\colpack_outputs_week15_extra_orderings\west0479_dynamic_largest_first.txt
west0479,DYNAMIC_LARGEST_FIRST,6,376,92,0.8075313807531381,data\processed\initial_graph_coloring_dataset\colpack_outputs_week15_extra_orderings\west0479_dynamic_largest_first.txt
west0479,DYNAMIC_LARGEST_FIRST,6,223,93,0.805439330543933,data\processed\initial_graph_coloring_dataset\colpack_outputs_week15_extra_orderings\west0479_dynamic_largest_first.txt
west0479,DYNAMIC_LARGEST_FIRST,6,120,94,0.803347280334728,data\processed\initial_graph_coloring_dataset\colpack_outputs_week15_extra_orderings\west0479_dynamic_largest_first.txt
west0479,DYNAMIC_LARGEST_FIRST,6,160,95,0.801255230125523,data\processed\initial_graph_coloring_dataset\colpack_outputs_week15_extra_orderings\west0479_dynamic_largest_first.txt
west0479,DYNAMIC_LARGEST_FIRST,6,122,96,0.799163179916318,data\processed\initial_graph_coloring_dataset\colpack_outputs_week15_extra_orderings\west0479_dynamic_largest_first.txt
west0479,DYNAMIC_LARGEST_FIRST,6,291,97,0.797071129707113,data\processed\initial_graph_coloring_dataset\colpack_outputs_week15_extra_orderings\west0479_dynamic_largest_first.txt
west0479,DYNAMIC_LARGEST_FIRST,6,414,98,0.7949790794979079,data\processed\initial_graph_coloring_dataset\colpack_outputs_week15_extra_orderings\west0479_dynamic_largest_first.txt
west0479,DYNAMIC_LARGEST_FIRST,6,309,99,0.7928870292887029,data\processed\initial_graph_coloring_dataset\colpack_outputs_week15_extra_orderings\west0479_dynamic_largest_first.txt
west0479,DYNAMIC_LARGEST_FIRST,6,434,100,0.7907949790794979,data\processed\initial_graph_coloring_dataset\colpack_outputs_week15_extra_orderings\west0479_dynamic_largest_first.txt
west0479,DYNAMIC_LARGEST_FIRST,6,113,101,0.7887029288702929,data\processed\initial_graph_coloring_dataset\colpack_outputs_week15_extra_orderings\west0479_dynamic_largest_first.txt
west0479,DYNAMIC_LARGEST_FIRST,6,72,102,0.7866108786610879,data\processed\initial_graph_coloring_dataset\colpack_outputs_week15_extra_orderings\west0479_dynamic_largest_first.txt
west0479,DYNAMIC_LARGEST_FIRST,6,86,103,0.7845188284518828,data\processed\initial_graph_coloring_dataset\colpack_outputs_week15_extra_orderings\west0479_dynamic_largest_first.txt
west0479,DYNAMIC_LARGEST_FIRST,6,30,104,0.7824267782426778,data\processed\initial_graph_coloring_dataset\colpack_outputs_week15_extra_orderings\west0479_dynamic_largest_first.txt
west0479,DYNAMIC_LARGEST_FIRST,6,50,105,0.7803347280334728,data\processed\initial_graph_coloring_dataset\colpack_outputs_week15_extra_orderings\west0479_dynamic_largest_first.txt
west0479,DYNAMIC_LARGEST_FIRST,6,315,106,0.7782426778242678,data\processed\initial_graph_coloring_dataset\colpack_outputs_week15_extra_orderings\west0479_dynamic_largest_first.txt
west0479,DYNAMIC_LARGEST_FIRST,6,233,107,0.7761506276150628,data\processed\initial_graph_coloring_dataset\colpack_outputs_week15_extra_orderings\west0479_dynamic_largest_first.txt
west0479,DYNAMIC_LARGEST_FIRST,6,375,108,0.7740585774058577,data\processed\initial_graph_coloring_dataset\colpack_outputs_week15_extra_orderings\west0479_dynamic_largest_first.txt
west0479,DYNAMIC_LARGEST_FIRST,6,200,109,0.7719665271966527,data\processed\initial_graph_coloring_dataset\colpack_outputs_week15_extra_orderings\west0479_dynamic_largest_first.txt
west0479,DYNAMIC_LARGEST_FIRST,6,190,110,0.7698744769874477,data\processed\initial_graph_coloring_dataset\colpack_outputs_week15_extra_orderings\west0479_dynamic_largest_first.txt
west0479,DYNAMIC_LARGEST_FIRST,6,409,111,0.7677824267782427,data\processed\initial_graph_coloring_dataset\colpack_outputs_week15_extra_orderings\west0479_dynamic_largest_first.txt
west0479,DYNAMIC_LARGEST_FIRST,6,159,112,0.7656903765690377,data\processed\initial_graph_coloring_dataset\colpack_outputs_week15_extra_orderings\west0479_dynamic_largest_first.txt
west0479,DYNAMIC_LARGEST_FIRST,6,157,113,0.7635983263598326,data\processed\initial_graph_coloring_dataset\colpack_outputs_week15_extra_orderings\west0479_dynamic_largest_first.txt
west0479,DYNAMIC_LARGEST_FIRST,6,119,114,0.7615062761506276,data\processed\initial_graph_coloring_dataset\colpack_outputs_week15_extra_orderings\west0479_dynamic_largest_first.txt
west0479,DYNAMIC_LARGEST_FIRST,6,146,115,0.7594142259414226,data\processed\initial_graph_coloring_dataset\colpack_outputs_week15_extra_orderings\west0479_dynamic_largest_first.txt
west0479,DYNAMIC_LARGEST_FIRST,6,453,116,0.7573221757322176,data\processed\initial_graph_coloring_dataset\colpack_outputs_week15_extra_orderings\west0479_dynamic_largest_first.txt
west0479,DYNAMIC_LARGEST_FIRST,6,326,117,0.7552301255230126,data\processed\initial_graph_coloring_dataset\colpack_outputs_week15_extra_orderings\west0479_dynamic_largest_first.txt
west0479,DYNAMIC_LARGEST_FIRST,6,102,118,0.7531380753138075,data\processed\initial_graph_coloring_dataset\colpack_outputs_week15_extra_orderings\west0479_dynamic_largest_first.txt
west0479,DYNAMIC_LARGEST_FIRST,6,443,119,0.7510460251046025,data\processed\initial_graph_coloring_dataset\colpack_outputs_week15_extra_orderings\west0479_dynamic_largest_first.txt
west0479,DYNAMIC_LARGEST_FIRST,6,41,120,0.7489539748953975,data\processed\initial_graph_coloring_dataset\colpack_outputs_week15_extra_orderings\west0479_dynamic_largest_first.txt
west0479,DYNAMIC_LARGEST_FIRST,6,10,121,0.7468619246861925,data\processed\initial_graph_coloring_dataset\colpack_outputs_week15_extra_orderings\west0479_dynamic_largest_first.txt
west0479,DYNAMIC_LARGEST_FIRST,6,193,122,0.7447698744769874,data\processed\initial_graph_coloring_dataset\colpack_outputs_week15_extra_orderings\west0479_dynamic_largest_first.txt
west0479,DYNAMIC_LARGEST_FIRST,6,220,123,0.7426778242677824,data\processed\initial_graph_coloring_dataset\colpack_outputs_week15_extra_orderings\west0479_dynamic_largest_first.txt
west0479,DYNAMIC_LARGEST_FIRST,6,148,124,0.7405857740585774,data\processed\initial_graph_coloring_dataset\colpack_outputs_week15_extra_orderings\west0479_dynamic_largest_first.txt
west0479,DYNAMIC_LARGEST_FIRST,6,293,125,0.7384937238493724,data\processed\initial_graph_coloring_dataset\colpack_outputs_week15_extra_orderings\west0479_dynamic_largest_first.txt
west0479,DYNAMIC_LARGEST_FIRST,6,125,126,0.7364016736401674,data\processed\initial_graph_coloring_dataset\colpack_outputs_week15_extra_orderings\west0479_dynamic_largest_first.txt
west0479,DYNAMIC_LARGEST_FIRST,6,431,127,0.7343096234309623,data\processed\initial_graph_coloring_dataset\colpack_outputs_week15_extra_orderings\west0479_dynamic_largest_first.txt
west0479,DYNAMIC_LARGEST_FIRST,6,236,128,0.7322175732217573,data\processed\initial_graph_coloring_dataset\colpack_outputs_week15_extra_orderings\west0479_dynamic_largest_first.txt
west0479,DYNAMIC_LARGEST_FIRST,6,421,129,0.7301255230125523,data\processed\initial_graph_coloring_dataset\colpack_outputs_week15_extra_orderings\west0479_dynamic_largest_first.txt
west0479,DYNAMIC_LARGEST_FIRST,6,182,130,0.7280334728033473,data\processed\initial_graph_coloring_dataset\colpack_outputs_week15_extra_orderings\west0479_dynamic_largest_first.txt
west0479,DYNAMIC_LARGEST_FIRST,6,60,131,0.7259414225941423,data\processed\initial_graph_coloring_dataset\colpack_outputs_week15_extra_orderings\west0479_dynamic_largest_first.txt
west0479,DYNAMIC_LARGEST_FIRST,6,242,132,0.7238493723849372,data\processed\initial_graph_coloring_dataset\colpack_outputs_week15_extra_orderings\west0479_dynamic_largest_first.txt
west0479,DYNAMIC_LARGEST_FIRST,6,320,133,0.7217573221757322,data\processed\initial_graph_coloring_dataset\colpack_outputs_week15_extra_orderings\west0479_dynamic_largest_first.txt
west0479,DYNAMIC_LARGEST_FIRST,6,312,134,0.7196652719665272,data\processed\initial_graph_coloring_dataset\colpack_outputs_week15_extra_orderings\west0479_dynamic_largest_first.txt
west0479,DYNAMIC_LARGEST_FIRST,6,124,135,0.7175732217573222,data\processed\initial_graph_coloring_dataset\colpack_outputs_week15_extra_orderings\west0479_dynamic_largest_first.txt
west0479,DYNAMIC_LARGEST_FIRST,6,114,136,0.7154811715481172,data\processed\initial_graph_coloring_dataset\colpack_outputs_week15_extra_orderings\west0479_dynamic_largest_first.txt
west0479,DYNAMIC_LARGEST_FIRST,6,170,137,0.7133891213389121,data\processed\initial_graph_coloring_dataset\colpack_outputs_week15_extra_orderings\west0479_dynamic_largest_first.txt
west0479,DYNAMIC_LARGEST_FIRST,6,260,138,0.7112970711297071,data\processed\initial_graph_coloring_dataset\colpack_outputs_week15_extra_orderings\west0479_dynamic_largest_first.txt
west0479,DYNAMIC_LARGEST_FIRST,6,294,139,0.7092050209205021,data\processed\initial_graph_coloring_dataset\colpack_outputs_week15_extra_orderings\west0479_dynamic_largest_first.txt
west0479,DYNAMIC_LARGEST_FIRST,6,127,140,0.7071129707112971,data\processed\initial_graph_coloring_dataset\colpack_outputs_week15_extra_orderings\west0479_dynamic_largest_first.txt
west0479,DYNAMIC_LARGEST_FIRST,6,319,141,0.7050209205020921,data\processed\initial_graph_coloring_dataset\colpack_outputs_week15_extra_orderings\west0479_dynamic_largest_first.txt
west0479,DYNAMIC_LARGEST_FIRST,6,77,142,0.702928870292887,data\processed\initial_graph_coloring_dataset\colpack_outputs_week15_extra_orderings\west0479_dynamic_largest_first.txt
west0479,DYNAMIC_LARGEST_FIRST,6,33,143,0.700836820083682,data\processed\initial_graph_coloring_dataset\colpack_outputs_week15_extra_orderings\west0479_dynamic_largest_first.txt
west0479,DYNAMIC_LARGEST_FIRST,6,158,144,0.698744769874477,data\processed\initial_graph_coloring_dataset\colpack_outputs_week15_extra_orderings\west0479_dynamic_largest_first.txt
west0479,DYNAMIC_LARGEST_FIRST,6,154,145,0.696652719665272,data\processed\initial_graph_coloring_dataset\colpack_outputs_week15_extra_orderings\west0479_dynamic_largest_first.txt
west0479,DYNAMIC_LARGEST_FIRST,6,250,146,0.694560669456067,data\processed\initial_graph_coloring_dataset\colpack_outputs_week15_extra_orderings\west0479_dynamic_largest_first.txt
west0479,DYNAMIC_LARGEST_FIRST,6,446,147,0.6924686192468619,data\processed\initial_graph_coloring_dataset\colpack_outputs_week15_extra_orderings\west0479_dynamic_largest_first.txt
west0479,DYNAMIC_LARGEST_FIRST,6,191,148,0.6903765690376569,data\processed\initial_graph_coloring_dataset\colpack_outputs_week15_extra_orderings\west0479_dynamic_largest_first.txt
west0479,DYNAMIC_LARGEST_FIRST,6,126,149,0.6882845188284519,data\processed\initial_graph_coloring_dataset\colpack_outputs_week15_extra_orderings\west0479_dynamic_largest_first.txt
west0479,DYNAMIC_LARGEST_FIRST,6,20,150,0.6861924686192469,data\processed\initial_graph_coloring_dataset\colpack_outputs_week15_extra_orderings\west0479_dynamic_largest_first.txt
west0479,DYNAMIC_LARGEST_FIRST,6,118,151,0.6841004184100419,data\processed\initial_graph_coloring_dataset\colpack_outputs_week15_extra_orderings\west0479_dynamic_largest_first.txt
west0479,DYNAMIC_LARGEST_FIRST,6,84,152,0.6820083682008368,data\processed\initial_graph_coloring_dataset\colpack_outputs_week15_extra_orderings\west0479_dynamic_largest_first.txt
west0479,DYNAMIC_LARGEST_FIRST,6,181,153,0.6799163179916318,data\processed\initial_graph_coloring_dataset\colpack_outputs_week15_extra_orderings\west0479_dynamic_largest_first.txt
west0479,DYNAMIC_LARGEST_FIRST,6,477,154,0.6778242677824268,data\processed\initial_graph_coloring_dataset\colpack_outputs_week15_extra_orderings\west0479_dynamic_largest_first.txt
west0479,DYNAMIC_LARGEST_FIRST,6,155,155,0.6757322175732218,data\processed\initial_graph_coloring_dataset\colpack_outputs_week15_extra_orderings\west0479_dynamic_largest_first.txt
west0479,DYNAMIC_LARGEST_FIRST,6,246,156,0.6736401673640168,data\processed\initial_graph_coloring_dataset\colpack_outputs_week15_extra_orderings\west0479_dynamic_largest_first.txt
west0479,DYNAMIC_LARGEST_FIRST,6,227,157,0.6715481171548117,data\processed\initial_graph_coloring_dataset\colpack_outputs_week15_extra_orderings\west0479_dynamic_largest_first.txt
west0479,DYNAMIC_LARGEST_FIRST,6,458,158,0.6694560669456067,data\processed\initial_graph_coloring_dataset\colpack_outputs_week15_extra_orderings\west0479_dynamic_largest_first.txt
west0479,DYNAMIC_LARGEST_FIRST,6,21,159,0.6673640167364017,data\processed\initial_graph_coloring_dataset\colpack_outputs_week15_extra_orderings\west0479_dynamic_largest_first.txt
west0479,DYNAMIC_LARGEST_FIRST,6,18,160,0.6652719665271967,data\processed\initial_graph_coloring_dataset\colpack_outputs_week15_extra_orderings\west0479_dynamic_largest_first.txt
west0479,DYNAMIC_LARGEST_FIRST,6,37,161,0.6631799163179917,data\processed\initial_graph_coloring_dataset\colpack_outputs_week15_extra_orderings\west0479_dynamic_largest_first.txt
west0479,DYNAMIC_LARGEST_FIRST,6,229,162,0.6610878661087866,data\processed\initial_graph_coloring_dataset\colpack_outputs_week15_extra_orderings\west0479_dynamic_largest_first.txt
west0479,DYNAMIC_LARGEST_FIRST,6,96,163,0.6589958158995816,data\processed\initial_graph_coloring_dataset\colpack_outputs_week15_extra_orderings\west0479_dynamic_largest_first.txt
west0479,DYNAMIC_LARGEST_FIRST,6,195,164,0.6569037656903766,data\processed\initial_graph_coloring_dataset\colpack_outputs_week15_extra_orderings\west0479_dynamic_largest_first.txt
west0479,DYNAMIC_LARGEST_FIRST,6,239,165,0.6548117154811716,data\processed\initial_graph_coloring_dataset\colpack_outputs_week15_extra_orderings\west0479_dynamic_largest_first.txt
west0479,DYNAMIC_LARGEST_FIRST,6,466,166,0.6527196652719666,data\processed\initial_graph_coloring_dataset\colpack_outputs_week15_extra_orderings\west0479_dynamic_largest_first.txt
west0479,DYNAMIC_LARGEST_FIRST,6,187,167,0.6506276150627615,data\processed\initial_graph_coloring_dataset\colpack_outputs_week15_extra_orderings\west0479_dynamic_largest_first.txt
west0479,DYNAMIC_LARGEST_FIRST,6,51,168,0.6485355648535565,data\processed\initial_graph_coloring_dataset\colpack_outputs_week15_extra_orderings\west0479_dynamic_largest_first.txt
west0479,DYNAMIC_LARGEST_FIRST,6,22,169,0.6464435146443515,data\processed\initial_graph_coloring_dataset\colpack_outputs_week15_extra_orderings\west0479_dynamic_largest_first.txt
west0479,DYNAMIC_LARGEST_FIRST,6,439,170,0.6443514644351465,data\processed\initial_graph_coloring_dataset\colpack_outputs_week15_extra_orderings\west0479_dynamic_largest_first.txt
west0479,DYNAMIC_LARGEST_FIRST,6,318,171,0.6422594142259415,data\processed\initial_graph_coloring_dataset\colpack_outputs_week15_extra_orderings\west0479_dynamic_largest_first.txt
west0479,DYNAMIC_LARGEST_FIRST,6,464,172,0.6401673640167364,data\processed\initial_graph_coloring_dataset\colpack_outputs_week15_extra_orderings\west0479_dynamic_largest_first.txt
west0479,DYNAMIC_LARGEST_FIRST,6,62,173,0.6380753138075314,data\processed\initial_graph_coloring_dataset\colpack_outputs_week15_extra_orderings\west0479_dynamic_largest_first.txt
west0479,DYNAMIC_LARGEST_FIRST,6,211,174,0.6359832635983264,data\processed\initial_graph_coloring_dataset\colpack_outputs_week15_extra_orderings\west0479_dynamic_largest_first.txt
west0479,DYNAMIC_LARGEST_FIRST,6,234,175,0.6338912133891214,data\processed\initial_graph_coloring_dataset\colpack_outputs_week15_extra_orderings\west0479_dynamic_largest_first.txt
west0479,DYNAMIC_LARGEST_FIRST,6,54,176,0.6317991631799164,data\processed\initial_graph_coloring_dataset\colpack_outputs_week15_extra_orderings\west0479_dynamic_largest_first.txt
west0479,DYNAMIC_LARGEST_FIRST,6,121,177,0.6297071129707112,data\processed\initial_graph_coloring_dataset\colpack_outputs_week15_extra_orderings\west0479_dynamic_largest_first.txt
west0479,DYNAMIC_LARGEST_FIRST,6,139,178,0.6276150627615062,data\processed\initial_graph_coloring_dataset\colpack_outputs_week15_extra_orderings\west0479_dynamic_largest_first.txt
west0479,DYNAMIC_LARGEST_FIRST,6,452,179,0.6255230125523012,data\processed\initial_graph_coloring_dataset\colpack_outputs_week15_extra_orderings\west0479_dynamic_largest_first.txt
west0479,DYNAMIC_LARGEST_FIRST,6,161,180,0.6234309623430963,data\processed\initial_graph_coloring_dataset\colpack_outputs_week15_extra_orderings\west0479_dynamic_largest_first.txt
west0479,DYNAMIC_LARGEST_FIRST,6,313,181,0.6213389121338913,data\processed\initial_graph_coloring_dataset\colpack_outputs_week15_extra_orderings\west0479_dynamic_largest_first.txt
west0479,DYNAMIC_LARGEST_FIRST,6,231,182,0.6192468619246861,data\processed\initial_graph_coloring_dataset\colpack_outputs_week15_extra_orderings\west0479_dynamic_largest_first.txt
west0479,DYNAMIC_LARGEST_FIRST,6,156,183,0.6171548117154811,data\processed\initial_graph_coloring_dataset\colpack_outputs_week15_extra_orderings\west0479_dynamic_largest_first.txt
west0479,DYNAMIC_LARGEST_FIRST,6,19,184,0.6150627615062761,data\processed\initial_graph_coloring_dataset\colpack_outputs_week15_extra_orderings\west0479_dynamic_largest_first.txt
west0479,DYNAMIC_LARGEST_FIRST,6,299,185,0.6129707112970711,data\processed\initial_graph_coloring_dataset\colpack_outputs_week15_extra_orderings\west0479_dynamic_largest_first.txt
west0479,DYNAMIC_LARGEST_FIRST,6,175,186,0.6108786610878661,data\processed\initial_graph_coloring_dataset\colpack_outputs_week15_extra_orderings\west0479_dynamic_largest_first.txt
west0479,DYNAMIC_LARGEST_FIRST,6,76,187,0.608786610878661,data\processed\initial_graph_coloring_dataset\colpack_outputs_week15_extra_orderings\west0479_dynamic_largest_first.txt
west0479,DYNAMIC_LARGEST_FIRST,6,387,188,0.606694560669456,data\processed\initial_graph_coloring_dataset\colpack_outputs_week15_extra_orderings\west0479_dynamic_largest_first.txt
west0479,DYNAMIC_LARGEST_FIRST,6,254,189,0.604602510460251,data\processed\initial_graph_coloring_dataset\colpack_outputs_week15_extra_orderings\west0479_dynamic_largest_first.txt
west0479,DYNAMIC_LARGEST_FIRST,6,132,190,0.602510460251046,data\processed\initial_graph_coloring_dataset\colpack_outputs_week15_extra_orderings\west0479_dynamic_largest_first.txt
west0479,DYNAMIC_LARGEST_FIRST,6,382,191,0.600418410041841,data\processed\initial_graph_coloring_dataset\colpack_outputs_week15_extra_orderings\west0479_dynamic_largest_first.txt
west0479,DYNAMIC_LARGEST_FIRST,6,356,192,0.5983263598326359,data\processed\initial_graph_coloring_dataset\colpack_outputs_week15_extra_orderings\west0479_dynamic_largest_first.txt
west0479,DYNAMIC_LARGEST_FIRST,6,282,193,0.5962343096234309,data\processed\initial_graph_coloring_dataset\colpack_outputs_week15_extra_orderings\west0479_dynamic_largest_first.txt
west0479,DYNAMIC_LARGEST_FIRST,6,469,194,0.5941422594142259,data\processed\initial_graph_coloring_dataset\colpack_outputs_week15_extra_orderings\west0479_dynamic_largest_first.txt
west0479,DYNAMIC_LARGEST_FIRST,6,53,195,0.5920502092050209,data\processed\initial_graph_coloring_dataset\colpack_outputs_week15_extra_orderings\west0479_dynamic_largest_first.txt
west0479,DYNAMIC_LARGEST_FIRST,6,183,196,0.5899581589958159,data\processed\initial_graph_coloring_dataset\colpack_outputs_week15_extra_orderings\west0479_dynamic_largest_first.txt
west0479,DYNAMIC_LARGEST_FIRST,6,210,197,0.5878661087866108,data\processed\initial_graph_coloring_dataset\colpack_outputs_week15_extra_orderings\west0479_dynamic_largest_first.txt
west0479,DYNAMIC_LARGEST_FIRST,6,336,198,0.5857740585774058,data\processed\initial_graph_coloring_dataset\colpack_outputs_week15_extra_orderings\west0479_dynamic_largest_first.txt
west0479,DYNAMIC_LARGEST_FIRST,6,188,199,0.5836820083682008,data\processed\initial_graph_coloring_dataset\colpack_outputs_week15_extra_orderings\west0479_dynamic_largest_first.txt
west0479,DYNAMIC_LARGEST_FIRST,6,393,200,0.5815899581589958,data\processed\initial_graph_coloring_dataset\colpack_outputs_week15_extra_orderings\west0479_dynamic_largest_first.txt
west0479,DYNAMIC_LARGEST_FIRST,6,105,201,0.5794979079497908,data\processed\initial_graph_coloring_dataset\colpack_outputs_week15_extra_orderings\west0479_dynamic_largest_first.txt
west0479,DYNAMIC_LARGEST_FIRST,6,463,202,0.5774058577405857,data\processed\initial_graph_coloring_dataset\colpack_outputs_week15_extra_orderings\west0479_dynamic_largest_first.txt
west0479,DYNAMIC_LARGEST_FIRST,6,138,203,0.5753138075313807,data\processed\initial_graph_coloring_dataset\colpack_outputs_week15_extra_orderings\west0479_dynamic_largest_first.txt
west0479,DYNAMIC_LARGEST_FIRST,6,98,204,0.5732217573221757,data\processed\initial_graph_coloring_dataset\colpack_outputs_week15_extra_orderings\west0479_dynamic_largest_first.txt
west0479,DYNAMIC_LARGEST_FIRST,6,71,205,0.5711297071129707,data\processed\initial_graph_coloring_dataset\colpack_outputs_week15_extra_orderings\west0479_dynamic_largest_first.txt
west0479,DYNAMIC_LARGEST_FIRST,6,325,206,0.5690376569037657,data\processed\initial_graph_coloring_dataset\colpack_outputs_week15_extra_orderings\west0479_dynamic_largest_first.txt
west0479,DYNAMIC_LARGEST_FIRST,6,442,207,0.5669456066945606,data\processed\initial_graph_coloring_dataset\colpack_outputs_week15_extra_orderings\west0479_dynamic_largest_first.txt
west0479,DYNAMIC_LARGEST_FIRST,6,258,208,0.5648535564853556,data\processed\initial_graph_coloring_dataset\colpack_outputs_week15_extra_orderings\west0479_dynamic_largest_first.txt
west0479,DYNAMIC_LARGEST_FIRST,6,411,209,0.5627615062761506,data\processed\initial_graph_coloring_dataset\colpack_outputs_week15_extra_orderings\west0479_dynamic_largest_first.txt
west0479,DYNAMIC_LARGEST_FIRST,6,419,210,0.5606694560669456,data\processed\initial_graph_coloring_dataset\colpack_outputs_week15_extra_orderings\west0479_dynamic_largest_first.txt
west0479,DYNAMIC_LARGEST_FIRST,6,476,211,0.5585774058577406,data\processed\initial_graph_coloring_dataset\colpack_outputs_week15_extra_orderings\west0479_dynamic_largest_first.txt
west0479,DYNAMIC_LARGEST_FIRST,6,141,212,0.5564853556485355,data\processed\initial_graph_coloring_dataset\colpack_outputs_week15_extra_orderings\west0479_dynamic_largest_first.txt
west0479,DYNAMIC_LARGEST_FIRST,6,136,213,0.5543933054393305,data\processed\initial_graph_coloring_dataset\colpack_outputs_week15_extra_orderings\west0479_dynamic_largest_first.txt
west0479,DYNAMIC_LARGEST_FIRST,6,74,214,0.5523012552301255,data\processed\initial_graph_coloring_dataset\colpack_outputs_week15_extra_orderings\west0479_dynamic_largest_first.txt
west0479,DYNAMIC_LARGEST_FIRST,6,165,215,0.5502092050209205,data\processed\initial_graph_coloring_dataset\colpack_outputs_week15_extra_orderings\west0479_dynamic_largest_first.txt
west0479,DYNAMIC_LARGEST_FIRST,6,322,216,0.5481171548117155,data\processed\initial_graph_coloring_dataset\colpack_outputs_week15_extra_orderings\west0479_dynamic_largest_first.txt
west0479,DYNAMIC_LARGEST_FIRST,6,23,217,0.5460251046025104,data\processed\initial_graph_coloring_dataset\colpack_outputs_week15_extra_orderings\west0479_dynamic_largest_first.txt
west0479,DYNAMIC_LARGEST_FIRST,6,202,218,0.5439330543933054,data\processed\initial_graph_coloring_dataset\colpack_outputs_week15_extra_orderings\west0479_dynamic_largest_first.txt
west0479,DYNAMIC_LARGEST_FIRST,6,416,219,0.5418410041841004,data\processed\initial_graph_coloring_dataset\colpack_outputs_week15_extra_orderings\west0479_dynamic_largest_first.txt
west0479,DYNAMIC_LARGEST_FIRST,6,265,220,0.5397489539748954,data\processed\initial_graph_coloring_dataset\colpack_outputs_week15_extra_orderings\west0479_dynamic_largest_first.txt
west0479,DYNAMIC_LARGEST_FIRST,6,440,221,0.5376569037656904,data\processed\initial_graph_coloring_dataset\colpack_outputs_week15_extra_orderings\west0479_dynamic_largest_first.txt
west0479,DYNAMIC_LARGEST_FIRST,6,335,222,0.5355648535564853,data\processed\initial_graph_coloring_dataset\colpack_outputs_week15_extra_orderings\west0479_dynamic_largest_first.txt
west0479,DYNAMIC_LARGEST_FIRST,6,28,223,0.5334728033472803,data\processed\initial_graph_coloring_dataset\colpack_outputs_week15_extra_orderings\west0479_dynamic_largest_first.txt
west0479,DYNAMIC_LARGEST_FIRST,6,129,224,0.5313807531380753,data\processed\initial_graph_coloring_dataset\colpack_outputs_week15_extra_orderings\west0479_dynamic_largest_first.txt
west0479,DYNAMIC_LARGEST_FIRST,6,470,225,0.5292887029288703,data\processed\initial_graph_coloring_dataset\colpack_outputs_week15_extra_orderings\west0479_dynamic_largest_first.txt
west0479,DYNAMIC_LARGEST_FIRST,6,426,226,0.5271966527196653,data\processed\initial_graph_coloring_dataset\colpack_outputs_week15_extra_orderings\west0479_dynamic_largest_first.txt
west0479,DYNAMIC_LARGEST_FIRST,6,52,227,0.5251046025104602,data\processed\initial_graph_coloring_dataset\colpack_outputs_week15_extra_orderings\west0479_dynamic_largest_first.txt
west0479,DYNAMIC_LARGEST_FIRST,6,362,228,0.5230125523012552,data\processed\initial_graph_coloring_dataset\colpack_outputs_week15_extra_orderings\west0479_dynamic_largest_first.txt
west0479,DYNAMIC_LARGEST_FIRST,6,207,229,0.5209205020920502,data\processed\initial_graph_coloring_dataset\colpack_outputs_week15_extra_orderings\west0479_dynamic_largest_first.txt
west0479,DYNAMIC_LARGEST_FIRST,6,55,230,0.5188284518828452,data\processed\initial_graph_coloring_dataset\colpack_outputs_week15_extra_orderings\west0479_dynamic_largest_first.txt
west0479,DYNAMIC_LARGEST_FIRST,6,208,231,0.5167364016736402,data\processed\initial_graph_coloring_dataset\colpack_outputs_week15_extra_orderings\west0479_dynamic_largest_first.txt
west0479,DYNAMIC_LARGEST_FIRST,6,383,232,0.5146443514644351,data\processed\initial_graph_coloring_dataset\colpack_outputs_week15_extra_orderings\west0479_dynamic_largest_first.txt
west0479,DYNAMIC_LARGEST_FIRST,6,11,233,0.5125523012552301,data\processed\initial_graph_coloring_dataset\colpack_outputs_week15_extra_orderings\west0479_dynamic_largest_first.txt
west0479,DYNAMIC_LARGEST_FIRST,6,9,234,0.5104602510460251,data\processed\initial_graph_coloring_dataset\colpack_outputs_week15_extra_orderings\west0479_dynamic_largest_first.txt
west0479,DYNAMIC_LARGEST_FIRST,6,433,235,0.5083682008368201,data\processed\initial_graph_coloring_dataset\colpack_outputs_week15_extra_orderings\west0479_dynamic_largest_first.txt
west0479,DYNAMIC_LARGEST_FIRST,6,15,236,0.5062761506276151,data\processed\initial_graph_coloring_dataset\colpack_outputs_week15_extra_orderings\west0479_dynamic_largest_first.txt
west0479,DYNAMIC_LARGEST_FIRST,6,24,237,0.50418410041841,data\processed\initial_graph_coloring_dataset\colpack_outputs_week15_extra_orderings\west0479_dynamic_largest_first.txt
west0479,DYNAMIC_LARGEST_FIRST,6,357,238,0.502092050209205,data\processed\initial_graph_coloring_dataset\colpack_outputs_week15_extra_orderings\west0479_dynamic_largest_first.txt
west0479,DYNAMIC_LARGEST_FIRST,6,340,239,0.5,data\processed\initial_graph_coloring_dataset\colpack_outputs_week15_extra_orderings\west0479_dynamic_largest_first.txt
west0479,DYNAMIC_LARGEST_FIRST,6,82,240,0.497907949790795,data\processed\initial_graph_coloring_dataset\colpack_outputs_week15_extra_orderings\west0479_dynamic_largest_first.txt
west0479,DYNAMIC_LARGEST_FIRST,6,407,241,0.49581589958158995,data\processed\initial_graph_coloring_dataset\colpack_outputs_week15_extra_orderings\west0479_dynamic_largest_first.txt
west0479,DYNAMIC_LARGEST_FIRST,6,475,242,0.49372384937238495,data\processed\initial_graph_coloring_dataset\colpack_outputs_week15_extra_orderings\west0479_dynamic_largest_first.txt
west0479,DYNAMIC_LARGEST_FIRST,6,420,243,0.4916317991631799,data\processed\initial_graph_coloring_dataset\colpack_outputs_week15_extra_orderings\west0479_dynamic_largest_first.txt
west0479,DYNAMIC_LARGEST_FIRST,6,151,244,0.4895397489539749,data\processed\initial_graph_coloring_dataset\colpack_outputs_week15_extra_orderings\west0479_dynamic_largest_first.txt
west0479,DYNAMIC_LARGEST_FIRST,6,402,245,0.4874476987447699,data\processed\initial_graph_coloring_dataset\colpack_outputs_week15_extra_orderings\west0479_dynamic_largest_first.txt
west0479,DYNAMIC_LARGEST_FIRST,6,353,246,0.48535564853556484,data\processed\initial_graph_coloring_dataset\colpack_outputs_week15_extra_orderings\west0479_dynamic_largest_first.txt
west0479,DYNAMIC_LARGEST_FIRST,6,244,247,0.48326359832635984,data\processed\initial_graph_coloring_dataset\colpack_outputs_week15_extra_orderings\west0479_dynamic_largest_first.txt
west0479,DYNAMIC_LARGEST_FIRST,6,331,248,0.4811715481171548,data\processed\initial_graph_coloring_dataset\colpack_outputs_week15_extra_orderings\west0479_dynamic_largest_first.txt
west0479,DYNAMIC_LARGEST_FIRST,6,94,249,0.4790794979079498,data\processed\initial_graph_coloring_dataset\colpack_outputs_week15_extra_orderings\west0479_dynamic_largest_first.txt
west0479,DYNAMIC_LARGEST_FIRST,6,232,250,0.4769874476987448,data\processed\initial_graph_coloring_dataset\colpack_outputs_week15_extra_orderings\west0479_dynamic_largest_first.txt
west0479,DYNAMIC_LARGEST_FIRST,6,472,251,0.47489539748953974,data\processed\initial_graph_coloring_dataset\colpack_outputs_week15_extra_orderings\west0479_dynamic_largest_first.txt
west0479,DYNAMIC_LARGEST_FIRST,6,462,252,0.47280334728033474,data\processed\initial_graph_coloring_dataset\colpack_outputs_week15_extra_orderings\west0479_dynamic_largest_first.txt
west0479,DYNAMIC_LARGEST_FIRST,6,459,253,0.4707112970711297,data\processed\initial_graph_coloring_dataset\colpack_outputs_week15_extra_orderings\west0479_dynamic_largest_first.txt
west0479,DYNAMIC_LARGEST_FIRST,6,70,254,0.4686192468619247,data\processed\initial_graph_coloring_dataset\colpack_outputs_week15_extra_orderings\west0479_dynamic_largest_first.txt
west0479,DYNAMIC_LARGEST_FIRST,6,379,255,0.4665271966527197,data\processed\initial_graph_coloring_dataset\colpack_outputs_week15_extra_orderings\west0479_dynamic_largest_first.txt
west0479,DYNAMIC_LARGEST_FIRST,6,192,256,0.46443514644351463,data\processed\initial_graph_coloring_dataset\colpack_outputs_week15_extra_orderings\west0479_dynamic_largest_first.txt
west0479,DYNAMIC_LARGEST_FIRST,6,304,257,0.46234309623430964,data\processed\initial_graph_coloring_dataset\colpack_outputs_week15_extra_orderings\west0479_dynamic_largest_first.txt
west0479,DYNAMIC_LARGEST_FIRST,6,214,258,0.4602510460251046,data\processed\initial_graph_coloring_dataset\colpack_outputs_week15_extra_orderings\west0479_dynamic_largest_first.txt
west0479,DYNAMIC_LARGEST_FIRST,6,295,259,0.4581589958158996,data\processed\initial_graph_coloring_dataset\colpack_outputs_week15_extra_orderings\west0479_dynamic_largest_first.txt
west0479,DYNAMIC_LARGEST_FIRST,6,75,260,0.4560669456066946,data\processed\initial_graph_coloring_dataset\colpack_outputs_week15_extra_orderings\west0479_dynamic_largest_first.txt
west0479,DYNAMIC_LARGEST_FIRST,6,450,261,0.45397489539748953,data\processed\initial_graph_coloring_dataset\colpack_outputs_week15_extra_orderings\west0479_dynamic_largest_first.txt
west0479,DYNAMIC_LARGEST_FIRST,6,456,262,0.45188284518828453,data\processed\initial_graph_coloring_dataset\colpack_outputs_week15_extra_orderings\west0479_dynamic_largest_first.txt
west0479,DYNAMIC_LARGEST_FIRST,6,448,263,0.4497907949790795,data\processed\initial_graph_coloring_dataset\colpack_outputs_week15_extra_orderings\west0479_dynamic_largest_first.txt
west0479,DYNAMIC_LARGEST_FIRST,6,45,264,0.4476987447698745,data\processed\initial_graph_coloring_dataset\colpack_outputs_week15_extra_orderings\west0479_dynamic_largest_first.txt
west0479,DYNAMIC_LARGEST_FIRST,6,424,265,0.4456066945606695,data\processed\initial_graph_coloring_dataset\colpack_outputs_week15_extra_orderings\west0479_dynamic_largest_first.txt
west0479,DYNAMIC_LARGEST_FIRST,6,429,266,0.4435146443514644,data\processed\initial_graph_coloring_dataset\colpack_outputs_week15_extra_orderings\west0479_dynamic_largest_first.txt
west0479,DYNAMIC_LARGEST_FIRST,6,401,267,0.44142259414225943,data\processed\initial_graph_coloring_dataset\colpack_outputs_week15_extra_orderings\west0479_dynamic_largest_first.txt
west0479,DYNAMIC_LARGEST_FIRST,6,474,268,0.4393305439330544,data\processed\initial_graph_coloring_dataset\colpack_outputs_week15_extra_orderings\west0479_dynamic_largest_first.txt
west0479,DYNAMIC_LARGEST_FIRST,6,218,269,0.4372384937238494,data\processed\initial_graph_coloring_dataset\colpack_outputs_week15_extra_orderings\west0479_dynamic_largest_first.txt
west0479,DYNAMIC_LARGEST_FIRST,6,235,270,0.4351464435146444,data\processed\initial_graph_coloring_dataset\colpack_outputs_week15_extra_orderings\west0479_dynamic_largest_first.txt
west0479,DYNAMIC_LARGEST_FIRST,6,256,271,0.4330543933054393,data\processed\initial_graph_coloring_dataset\colpack_outputs_week15_extra_orderings\west0479_dynamic_largest_first.txt
west0479,DYNAMIC_LARGEST_FIRST,6,67,272,0.4309623430962343,data\processed\initial_graph_coloring_dataset\colpack_outputs_week15_extra_orderings\west0479_dynamic_largest_first.txt
west0479,DYNAMIC_LARGEST_FIRST,6,377,273,0.42887029288702927,data\processed\initial_graph_coloring_dataset\colpack_outputs_week15_extra_orderings\west0479_dynamic_largest_first.txt
west0479,DYNAMIC_LARGEST_FIRST,6,194,274,0.42677824267782427,data\processed\initial_graph_coloring_dataset\colpack_outputs_week15_extra_orderings\west0479_dynamic_largest_first.txt
west0479,DYNAMIC_LARGEST_FIRST,6,438,275,0.4246861924686193,data\processed\initial_graph_coloring_dataset\colpack_outputs_week15_extra_orderings\west0479_dynamic_largest_first.txt
west0479,DYNAMIC_LARGEST_FIRST,6,6,276,0.4225941422594142,data\processed\initial_graph_coloring_dataset\colpack_outputs_week15_extra_orderings\west0479_dynamic_largest_first.txt
west0479,DYNAMIC_LARGEST_FIRST,6,48,277,0.4205020920502092,data\processed\initial_graph_coloring_dataset\colpack_outputs_week15_extra_orderings\west0479_dynamic_largest_first.txt
west0479,DYNAMIC_LARGEST_FIRST,6,224,278,0.41841004184100417,data\processed\initial_graph_coloring_dataset\colpack_outputs_week15_extra_orderings\west0479_dynamic_largest_first.txt
west0479,DYNAMIC_LARGEST_FIRST,6,39,279,0.41631799163179917,data\processed\initial_graph_coloring_dataset\colpack_outputs_week15_extra_orderings\west0479_dynamic_largest_first.txt
west0479,DYNAMIC_LARGEST_FIRST,6,338,280,0.41422594142259417,data\processed\initial_graph_coloring_dataset\colpack_outputs_week15_extra_orderings\west0479_dynamic_largest_first.txt
west0479,DYNAMIC_LARGEST_FIRST,6,461,281,0.4121338912133891,data\processed\initial_graph_coloring_dataset\colpack_outputs_week15_extra_orderings\west0479_dynamic_largest_first.txt
west0479,DYNAMIC_LARGEST_FIRST,6,27,282,0.4100418410041841,data\processed\initial_graph_coloring_dataset\colpack_outputs_week15_extra_orderings\west0479_dynamic_largest_first.txt
west0479,DYNAMIC_LARGEST_FIRST,6,337,283,0.40794979079497906,data\processed\initial_graph_coloring_dataset\colpack_outputs_week15_extra_orderings\west0479_dynamic_largest_first.txt
west0479,DYNAMIC_LARGEST_FIRST,6,32,284,0.40585774058577406,data\processed\initial_graph_coloring_dataset\colpack_outputs_week15_extra_orderings\west0479_dynamic_largest_first.txt
west0479,DYNAMIC_LARGEST_FIRST,6,430,285,0.40376569037656906,data\processed\initial_graph_coloring_dataset\colpack_outputs_week15_extra_orderings\west0479_dynamic_largest_first.txt
west0479,DYNAMIC_LARGEST_FIRST,6,38,286,0.401673640167364,data\processed\initial_graph_coloring_dataset\colpack_outputs_week15_extra_orderings\west0479_dynamic_largest_first.txt
west0479,DYNAMIC_LARGEST_FIRST,6,292,287,0.399581589958159,data\processed\initial_graph_coloring_dataset\colpack_outputs_week15_extra_orderings\west0479_dynamic_largest_first.txt
west0479,DYNAMIC_LARGEST_FIRST,6,78,288,0.39748953974895396,data\processed\initial_graph_coloring_dataset\colpack_outputs_week15_extra_orderings\west0479_dynamic_largest_first.txt
west0479,DYNAMIC_LARGEST_FIRST,6,276,289,0.39539748953974896,data\processed\initial_graph_coloring_dataset\colpack_outputs_week15_extra_orderings\west0479_dynamic_largest_first.txt
west0479,DYNAMIC_LARGEST_FIRST,6,471,290,0.39330543933054396,data\processed\initial_graph_coloring_dataset\colpack_outputs_week15_extra_orderings\west0479_dynamic_largest_first.txt
west0479,DYNAMIC_LARGEST_FIRST,6,454,291,0.3912133891213389,data\processed\initial_graph_coloring_dataset\colpack_outputs_week15_extra_orderings\west0479_dynamic_largest_first.txt
west0479,DYNAMIC_LARGEST_FIRST,6,140,292,0.3891213389121339,data\processed\initial_graph_coloring_dataset\colpack_outputs_week15_extra_orderings\west0479_dynamic_largest_first.txt
west0479,DYNAMIC_LARGEST_FIRST,6,311,293,0.38702928870292885,data\processed\initial_graph_coloring_dataset\colpack_outputs_week15_extra_orderings\west0479_dynamic_largest_first.txt
west0479,DYNAMIC_LARGEST_FIRST,6,25,294,0.38493723849372385,data\processed\initial_graph_coloring_dataset\colpack_outputs_week15_extra_orderings\west0479_dynamic_largest_first.txt
west0479,DYNAMIC_LARGEST_FIRST,6,365,295,0.38284518828451886,data\processed\initial_graph_coloring_dataset\colpack_outputs_week15_extra_orderings\west0479_dynamic_largest_first.txt
west0479,DYNAMIC_LARGEST_FIRST,6,400,296,0.3807531380753138,data\processed\initial_graph_coloring_dataset\colpack_outputs_week15_extra_orderings\west0479_dynamic_largest_first.txt
west0479,DYNAMIC_LARGEST_FIRST,6,427,297,0.3786610878661088,data\processed\initial_graph_coloring_dataset\colpack_outputs_week15_extra_orderings\west0479_dynamic_largest_first.txt
west0479,DYNAMIC_LARGEST_FIRST,6,425,298,0.37656903765690375,data\processed\initial_graph_coloring_dataset\colpack_outputs_week15_extra_orderings\west0479_dynamic_largest_first.txt
west0479,DYNAMIC_LARGEST_FIRST,6,79,299,0.37447698744769875,data\processed\initial_graph_coloring_dataset\colpack_outputs_week15_extra_orderings\west0479_dynamic_largest_first.txt
west0479,DYNAMIC_LARGEST_FIRST,6,415,300,0.3723849372384937,data\processed\initial_graph_coloring_dataset\colpack_outputs_week15_extra_orderings\west0479_dynamic_largest_first.txt
west0479,DYNAMIC_LARGEST_FIRST,6,217,301,0.3702928870292887,data\processed\initial_graph_coloring_dataset\colpack_outputs_week15_extra_orderings\west0479_dynamic_largest_first.txt
west0479,DYNAMIC_LARGEST_FIRST,6,280,302,0.3682008368200837,data\processed\initial_graph_coloring_dataset\colpack_outputs_week15_extra_orderings\west0479_dynamic_largest_first.txt
west0479,DYNAMIC_LARGEST_FIRST,6,323,303,0.36610878661087864,data\processed\initial_graph_coloring_dataset\colpack_outputs_week15_extra_orderings\west0479_dynamic_largest_first.txt
west0479,DYNAMIC_LARGEST_FIRST,6,418,304,0.36401673640167365,data\processed\initial_graph_coloring_dataset\colpack_outputs_week15_extra_orderings\west0479_dynamic_largest_first.txt
west0479,DYNAMIC_LARGEST_FIRST,6,342,305,0.3619246861924686,data\processed\initial_graph_coloring_dataset\colpack_outputs_week15_extra_orderings\west0479_dynamic_largest_first.txt
west0479,DYNAMIC_LARGEST_FIRST,6,57,306,0.3598326359832636,data\processed\initial_graph_coloring_dataset\colpack_outputs_week15_extra_orderings\west0479_dynamic_largest_first.txt
west0479,DYNAMIC_LARGEST_FIRST,6,289,307,0.3577405857740586,data\processed\initial_graph_coloring_dataset\colpack_outputs_week15_extra_orderings\west0479_dynamic_largest_first.txt
west0479,DYNAMIC_LARGEST_FIRST,6,172,308,0.35564853556485354,data\processed\initial_graph_coloring_dataset\colpack_outputs_week15_extra_orderings\west0479_dynamic_largest_first.txt
west0479,DYNAMIC_LARGEST_FIRST,6,468,309,0.35355648535564854,data\processed\initial_graph_coloring_dataset\colpack_outputs_week15_extra_orderings\west0479_dynamic_largest_first.txt
west0479,DYNAMIC_LARGEST_FIRST,6,2,310,0.3514644351464435,data\processed\initial_graph_coloring_dataset\colpack_outputs_week15_extra_orderings\west0479_dynamic_largest_first.txt
west0479,DYNAMIC_LARGEST_FIRST,6,445,311,0.3493723849372385,data\processed\initial_graph_coloring_dataset\colpack_outputs_week15_extra_orderings\west0479_dynamic_largest_first.txt
west0479,DYNAMIC_LARGEST_FIRST,6,212,312,0.3472803347280335,data\processed\initial_graph_coloring_dataset\colpack_outputs_week15_extra_orderings\west0479_dynamic_largest_first.txt
west0479,DYNAMIC_LARGEST_FIRST,6,364,313,0.34518828451882844,data\processed\initial_graph_coloring_dataset\colpack_outputs_week15_extra_orderings\west0479_dynamic_largest_first.txt
west0479,DYNAMIC_LARGEST_FIRST,6,355,314,0.34309623430962344,data\processed\initial_graph_coloring_dataset\colpack_outputs_week15_extra_orderings\west0479_dynamic_largest_first.txt
west0479,DYNAMIC_LARGEST_FIRST,6,432,315,0.3410041841004184,data\processed\initial_graph_coloring_dataset\colpack_outputs_week15_extra_orderings\west0479_dynamic_largest_first.txt
west0479,DYNAMIC_LARGEST_FIRST,6,178,316,0.3389121338912134,data\processed\initial_graph_coloring_dataset\colpack_outputs_week15_extra_orderings\west0479_dynamic_largest_first.txt
west0479,DYNAMIC_LARGEST_FIRST,6,166,317,0.3368200836820084,data\processed\initial_graph_coloring_dataset\colpack_outputs_week15_extra_orderings\west0479_dynamic_largest_first.txt
west0479,DYNAMIC_LARGEST_FIRST,6,168,318,0.33472803347280333,data\processed\initial_graph_coloring_dataset\colpack_outputs_week15_extra_orderings\west0479_dynamic_largest_first.txt
west0479,DYNAMIC_LARGEST_FIRST,6,380,319,0.33263598326359833,data\processed\initial_graph_coloring_dataset\colpack_outputs_week15_extra_orderings\west0479_dynamic_largest_first.txt
west0479,DYNAMIC_LARGEST_FIRST,6,56,320,0.3305439330543933,data\processed\initial_graph_coloring_dataset\colpack_outputs_week15_extra_orderings\west0479_dynamic_largest_first.txt
west0479,DYNAMIC_LARGEST_FIRST,6,251,321,0.3284518828451883,data\processed\initial_graph_coloring_dataset\colpack_outputs_week15_extra_orderings\west0479_dynamic_largest_first.txt
west0479,DYNAMIC_LARGEST_FIRST,6,281,322,0.3263598326359833,data\processed\initial_graph_coloring_dataset\colpack_outputs_week15_extra_orderings\west0479_dynamic_largest_first.txt
west0479,DYNAMIC_LARGEST_FIRST,6,69,323,0.32426778242677823,data\processed\initial_graph_coloring_dataset\colpack_outputs_week15_extra_orderings\west0479_dynamic_largest_first.txt
west0479,DYNAMIC_LARGEST_FIRST,6,177,324,0.32217573221757323,data\processed\initial_graph_coloring_dataset\colpack_outputs_week15_extra_orderings\west0479_dynamic_largest_first.txt
west0479,DYNAMIC_LARGEST_FIRST,6,408,325,0.3200836820083682,data\processed\initial_graph_coloring_dataset\colpack_outputs_week15_extra_orderings\west0479_dynamic_largest_first.txt
west0479,DYNAMIC_LARGEST_FIRST,6,406,326,0.3179916317991632,data\processed\initial_graph_coloring_dataset\colpack_outputs_week15_extra_orderings\west0479_dynamic_largest_first.txt
west0479,DYNAMIC_LARGEST_FIRST,6,381,327,0.3158995815899582,data\processed\initial_graph_coloring_dataset\colpack_outputs_week15_extra_orderings\west0479_dynamic_largest_first.txt
west0479,DYNAMIC_LARGEST_FIRST,6,397,328,0.3138075313807531,data\processed\initial_graph_coloring_dataset\colpack_outputs_week15_extra_orderings\west0479_dynamic_largest_first.txt
west0479,DYNAMIC_LARGEST_FIRST,6,133,329,0.3117154811715481,data\processed\initial_graph_coloring_dataset\colpack_outputs_week15_extra_orderings\west0479_dynamic_largest_first.txt
west0479,DYNAMIC_LARGEST_FIRST,6,152,330,0.30962343096234307,data\processed\initial_graph_coloring_dataset\colpack_outputs_week15_extra_orderings\west0479_dynamic_largest_first.txt
west0479,DYNAMIC_LARGEST_FIRST,6,199,331,0.3075313807531381,data\processed\initial_graph_coloring_dataset\colpack_outputs_week15_extra_orderings\west0479_dynamic_largest_first.txt
west0479,DYNAMIC_LARGEST_FIRST,6,444,332,0.3054393305439331,data\processed\initial_graph_coloring_dataset\colpack_outputs_week15_extra_orderings\west0479_dynamic_largest_first.txt
west0479,DYNAMIC_LARGEST_FIRST,6,26,333,0.303347280334728,data\processed\initial_graph_coloring_dataset\colpack_outputs_week15_extra_orderings\west0479_dynamic_largest_first.txt
west0479,DYNAMIC_LARGEST_FIRST,6,428,334,0.301255230125523,data\processed\initial_graph_coloring_dataset\colpack_outputs_week15_extra_orderings\west0479_dynamic_largest_first.txt
west0479,DYNAMIC_LARGEST_FIRST,6,378,335,0.29916317991631797,data\processed\initial_graph_coloring_dataset\colpack_outputs_week15_extra_orderings\west0479_dynamic_largest_first.txt
west0479,DYNAMIC_LARGEST_FIRST,6,341,336,0.29707112970711297,data\processed\initial_graph_coloring_dataset\colpack_outputs_week15_extra_orderings\west0479_dynamic_largest_first.txt
west0479,DYNAMIC_LARGEST_FIRST,6,44,337,0.29497907949790797,data\processed\initial_graph_coloring_dataset\colpack_outputs_week15_extra_orderings\west0479_dynamic_largest_first.txt
west0479,DYNAMIC_LARGEST_FIRST,6,290,338,0.2928870292887029,data\processed\initial_graph_coloring_dataset\colpack_outputs_week15_extra_orderings\west0479_dynamic_largest_first.txt
west0479,DYNAMIC_LARGEST_FIRST,6,384,339,0.2907949790794979,data\processed\initial_graph_coloring_dataset\colpack_outputs_week15_extra_orderings\west0479_dynamic_largest_first.txt
west0479,DYNAMIC_LARGEST_FIRST,6,368,340,0.28870292887029286,data\processed\initial_graph_coloring_dataset\colpack_outputs_week15_extra_orderings\west0479_dynamic_largest_first.txt
west0479,DYNAMIC_LARGEST_FIRST,6,247,341,0.28661087866108786,data\processed\initial_graph_coloring_dataset\colpack_outputs_week15_extra_orderings\west0479_dynamic_largest_first.txt
west0479,DYNAMIC_LARGEST_FIRST,6,189,342,0.28451882845188287,data\processed\initial_graph_coloring_dataset\colpack_outputs_week15_extra_orderings\west0479_dynamic_largest_first.txt
west0479,DYNAMIC_LARGEST_FIRST,6,205,343,0.2824267782426778,data\processed\initial_graph_coloring_dataset\colpack_outputs_week15_extra_orderings\west0479_dynamic_largest_first.txt
west0479,DYNAMIC_LARGEST_FIRST,6,66,344,0.2803347280334728,data\processed\initial_graph_coloring_dataset\colpack_outputs_week15_extra_orderings\west0479_dynamic_largest_first.txt
west0479,DYNAMIC_LARGEST_FIRST,6,390,345,0.27824267782426776,data\processed\initial_graph_coloring_dataset\colpack_outputs_week15_extra_orderings\west0479_dynamic_largest_first.txt
west0479,DYNAMIC_LARGEST_FIRST,6,467,346,0.27615062761506276,data\processed\initial_graph_coloring_dataset\colpack_outputs_week15_extra_orderings\west0479_dynamic_largest_first.txt
west0479,DYNAMIC_LARGEST_FIRST,6,184,347,0.27405857740585776,data\processed\initial_graph_coloring_dataset\colpack_outputs_week15_extra_orderings\west0479_dynamic_largest_first.txt
west0479,DYNAMIC_LARGEST_FIRST,6,324,348,0.2719665271966527,data\processed\initial_graph_coloring_dataset\colpack_outputs_week15_extra_orderings\west0479_dynamic_largest_first.txt
west0479,DYNAMIC_LARGEST_FIRST,6,1,349,0.2698744769874477,data\processed\initial_graph_coloring_dataset\colpack_outputs_week15_extra_orderings\west0479_dynamic_largest_first.txt
west0479,DYNAMIC_LARGEST_FIRST,6,366,350,0.26778242677824265,data\processed\initial_graph_coloring_dataset\colpack_outputs_week15_extra_orderings\west0479_dynamic_largest_first.txt
west0479,DYNAMIC_LARGEST_FIRST,6,359,351,0.26569037656903766,data\processed\initial_graph_coloring_dataset\colpack_outputs_week15_extra_orderings\west0479_dynamic_largest_first.txt
west0479,DYNAMIC_LARGEST_FIRST,6,455,352,0.26359832635983266,data\processed\initial_graph_coloring_dataset\colpack_outputs_week15_extra_orderings\west0479_dynamic_largest_first.txt
west0479,DYNAMIC_LARGEST_FIRST,6,332,353,0.2615062761506276,data\processed\initial_graph_coloring_dataset\colpack_outputs_week15_extra_orderings\west0479_dynamic_largest_first.txt
west0479,DYNAMIC_LARGEST_FIRST,6,226,354,0.2594142259414226,data\processed\initial_graph_coloring_dataset\colpack_outputs_week15_extra_orderings\west0479_dynamic_largest_first.txt
west0479,DYNAMIC_LARGEST_FIRST,6,65,355,0.25732217573221755,data\processed\initial_graph_coloring_dataset\colpack_outputs_week15_extra_orderings\west0479_dynamic_largest_first.txt
west0479,DYNAMIC_LARGEST_FIRST,6,344,356,0.25523012552301255,data\processed\initial_graph_coloring_dataset\colpack_outputs_week15_extra_orderings\west0479_dynamic_largest_first.txt
west0479,DYNAMIC_LARGEST_FIRST,6,13,357,0.25313807531380755,data\processed\initial_graph_coloring_dataset\colpack_outputs_week15_extra_orderings\west0479_dynamic_largest_first.txt
west0479,DYNAMIC_LARGEST_FIRST,6,395,358,0.2510460251046025,data\processed\initial_graph_coloring_dataset\colpack_outputs_week15_extra_orderings\west0479_dynamic_largest_first.txt
west0479,DYNAMIC_LARGEST_FIRST,6,7,359,0.2489539748953975,data\processed\initial_graph_coloring_dataset\colpack_outputs_week15_extra_orderings\west0479_dynamic_largest_first.txt
west0479,DYNAMIC_LARGEST_FIRST,6,97,360,0.24686192468619247,data\processed\initial_graph_coloring_dataset\colpack_outputs_week15_extra_orderings\west0479_dynamic_largest_first.txt
west0479,DYNAMIC_LARGEST_FIRST,6,3,361,0.24476987447698745,data\processed\initial_graph_coloring_dataset\colpack_outputs_week15_extra_orderings\west0479_dynamic_largest_first.txt
west0479,DYNAMIC_LARGEST_FIRST,6,268,362,0.24267782426778242,data\processed\initial_graph_coloring_dataset\colpack_outputs_week15_extra_orderings\west0479_dynamic_largest_first.txt
west0479,DYNAMIC_LARGEST_FIRST,6,104,363,0.2405857740585774,data\processed\initial_graph_coloring_dataset\colpack_outputs_week15_extra_orderings\west0479_dynamic_largest_first.txt
west0479,DYNAMIC_LARGEST_FIRST,6,14,364,0.2384937238493724,data\processed\initial_graph_coloring_dataset\colpack_outputs_week15_extra_orderings\west0479_dynamic_largest_first.txt
west0479,DYNAMIC_LARGEST_FIRST,6,238,365,0.23640167364016737,data\processed\initial_graph_coloring_dataset\colpack_outputs_week15_extra_orderings\west0479_dynamic_largest_first.txt
west0479,DYNAMIC_LARGEST_FIRST,6,61,366,0.23430962343096234,data\processed\initial_graph_coloring_dataset\colpack_outputs_week15_extra_orderings\west0479_dynamic_largest_first.txt
west0479,DYNAMIC_LARGEST_FIRST,6,31,367,0.23221757322175732,data\processed\initial_graph_coloring_dataset\colpack_outputs_week15_extra_orderings\west0479_dynamic_largest_first.txt
west0479,DYNAMIC_LARGEST_FIRST,6,437,368,0.2301255230125523,data\processed\initial_graph_coloring_dataset\colpack_outputs_week15_extra_orderings\west0479_dynamic_largest_first.txt
west0479,DYNAMIC_LARGEST_FIRST,6,222,369,0.2280334728033473,data\processed\initial_graph_coloring_dataset\colpack_outputs_week15_extra_orderings\west0479_dynamic_largest_first.txt
west0479,DYNAMIC_LARGEST_FIRST,6,171,370,0.22594142259414227,data\processed\initial_graph_coloring_dataset\colpack_outputs_week15_extra_orderings\west0479_dynamic_largest_first.txt
west0479,DYNAMIC_LARGEST_FIRST,6,40,371,0.22384937238493724,data\processed\initial_graph_coloring_dataset\colpack_outputs_week15_extra_orderings\west0479_dynamic_largest_first.txt
west0479,DYNAMIC_LARGEST_FIRST,6,219,372,0.2217573221757322,data\processed\initial_graph_coloring_dataset\colpack_outputs_week15_extra_orderings\west0479_dynamic_largest_first.txt
west0479,DYNAMIC_LARGEST_FIRST,6,278,373,0.2196652719665272,data\processed\initial_graph_coloring_dataset\colpack_outputs_week15_extra_orderings\west0479_dynamic_largest_first.txt
west0479,DYNAMIC_LARGEST_FIRST,6,240,374,0.2175732217573222,data\processed\initial_graph_coloring_dataset\colpack_outputs_week15_extra_orderings\west0479_dynamic_largest_first.txt
west0479,DYNAMIC_LARGEST_FIRST,6,354,375,0.21548117154811716,data\processed\initial_graph_coloring_dataset\colpack_outputs_week15_extra_orderings\west0479_dynamic_largest_first.txt
west0479,DYNAMIC_LARGEST_FIRST,6,185,376,0.21338912133891214,data\processed\initial_graph_coloring_dataset\colpack_outputs_week15_extra_orderings\west0479_dynamic_largest_first.txt
west0479,DYNAMIC_LARGEST_FIRST,6,394,377,0.2112970711297071,data\processed\initial_graph_coloring_dataset\colpack_outputs_week15_extra_orderings\west0479_dynamic_largest_first.txt
west0479,DYNAMIC_LARGEST_FIRST,6,389,378,0.20920502092050208,data\processed\initial_graph_coloring_dataset\colpack_outputs_week15_extra_orderings\west0479_dynamic_largest_first.txt
west0479,DYNAMIC_LARGEST_FIRST,6,58,379,0.20711297071129708,data\processed\initial_graph_coloring_dataset\colpack_outputs_week15_extra_orderings\west0479_dynamic_largest_first.txt
west0479,DYNAMIC_LARGEST_FIRST,6,449,380,0.20502092050209206,data\processed\initial_graph_coloring_dataset\colpack_outputs_week15_extra_orderings\west0479_dynamic_largest_first.txt
west0479,DYNAMIC_LARGEST_FIRST,6,447,381,0.20292887029288703,data\processed\initial_graph_coloring_dataset\colpack_outputs_week15_extra_orderings\west0479_dynamic_largest_first.txt
west0479,DYNAMIC_LARGEST_FIRST,6,457,382,0.200836820083682,data\processed\initial_graph_coloring_dataset\colpack_outputs_week15_extra_orderings\west0479_dynamic_largest_first.txt
west0479,DYNAMIC_LARGEST_FIRST,6,451,383,0.19874476987447698,data\processed\initial_graph_coloring_dataset\colpack_outputs_week15_extra_orderings\west0479_dynamic_largest_first.txt
west0479,DYNAMIC_LARGEST_FIRST,6,63,384,0.19665271966527198,data\processed\initial_graph_coloring_dataset\colpack_outputs_week15_extra_orderings\west0479_dynamic_largest_first.txt
west0479,DYNAMIC_LARGEST_FIRST,6,47,385,0.19456066945606695,data\processed\initial_graph_coloring_dataset\colpack_outputs_week15_extra_orderings\west0479_dynamic_largest_first.txt
west0479,DYNAMIC_LARGEST_FIRST,6,279,386,0.19246861924686193,data\processed\initial_graph_coloring_dataset\colpack_outputs_week15_extra_orderings\west0479_dynamic_largest_first.txt
west0479,DYNAMIC_LARGEST_FIRST,6,271,387,0.1903765690376569,data\processed\initial_graph_coloring_dataset\colpack_outputs_week15_extra_orderings\west0479_dynamic_largest_first.txt
west0479,DYNAMIC_LARGEST_FIRST,6,201,388,0.18828451882845187,data\processed\initial_graph_coloring_dataset\colpack_outputs_week15_extra_orderings\west0479_dynamic_largest_first.txt
west0479,DYNAMIC_LARGEST_FIRST,6,186,389,0.18619246861924685,data\processed\initial_graph_coloring_dataset\colpack_outputs_week15_extra_orderings\west0479_dynamic_largest_first.txt
west0479,DYNAMIC_LARGEST_FIRST,6,346,390,0.18410041841004185,data\processed\initial_graph_coloring_dataset\colpack_outputs_week15_extra_orderings\west0479_dynamic_largest_first.txt
west0479,DYNAMIC_LARGEST_FIRST,6,259,391,0.18200836820083682,data\processed\initial_graph_coloring_dataset\colpack_outputs_week15_extra_orderings\west0479_dynamic_largest_first.txt
west0479,DYNAMIC_LARGEST_FIRST,6,405,392,0.1799163179916318,data\processed\initial_graph_coloring_dataset\colpack_outputs_week15_extra_orderings\west0479_dynamic_largest_first.txt
west0479,DYNAMIC_LARGEST_FIRST,6,403,393,0.17782426778242677,data\processed\initial_graph_coloring_dataset\colpack_outputs_week15_extra_orderings\west0479_dynamic_largest_first.txt
west0479,DYNAMIC_LARGEST_FIRST,6,176,394,0.17573221757322174,data\processed\initial_graph_coloring_dataset\colpack_outputs_week15_extra_orderings\west0479_dynamic_largest_first.txt
west0479,DYNAMIC_LARGEST_FIRST,6,173,395,0.17364016736401675,data\processed\initial_graph_coloring_dataset\colpack_outputs_week15_extra_orderings\west0479_dynamic_largest_first.txt
west0479,DYNAMIC_LARGEST_FIRST,6,43,396,0.17154811715481172,data\processed\initial_graph_coloring_dataset\colpack_outputs_week15_extra_orderings\west0479_dynamic_largest_first.txt
west0479,DYNAMIC_LARGEST_FIRST,6,460,397,0.1694560669456067,data\processed\initial_graph_coloring_dataset\colpack_outputs_week15_extra_orderings\west0479_dynamic_largest_first.txt
west0479,DYNAMIC_LARGEST_FIRST,6,269,398,0.16736401673640167,data\processed\initial_graph_coloring_dataset\colpack_outputs_week15_extra_orderings\west0479_dynamic_largest_first.txt
west0479,DYNAMIC_LARGEST_FIRST,6,266,399,0.16527196652719664,data\processed\initial_graph_coloring_dataset\colpack_outputs_week15_extra_orderings\west0479_dynamic_largest_first.txt
west0479,DYNAMIC_LARGEST_FIRST,6,333,400,0.16317991631799164,data\processed\initial_graph_coloring_dataset\colpack_outputs_week15_extra_orderings\west0479_dynamic_largest_first.txt
west0479,DYNAMIC_LARGEST_FIRST,6,204,401,0.16108786610878661,data\processed\initial_graph_coloring_dataset\colpack_outputs_week15_extra_orderings\west0479_dynamic_largest_first.txt
west0479,DYNAMIC_LARGEST_FIRST,6,334,402,0.1589958158995816,data\processed\initial_graph_coloring_dataset\colpack_outputs_week15_extra_orderings\west0479_dynamic_largest_first.txt
west0479,DYNAMIC_LARGEST_FIRST,6,361,403,0.15690376569037656,data\processed\initial_graph_coloring_dataset\colpack_outputs_week15_extra_orderings\west0479_dynamic_largest_first.txt
west0479,DYNAMIC_LARGEST_FIRST,6,270,404,0.15481171548117154,data\processed\initial_graph_coloring_dataset\colpack_outputs_week15_extra_orderings\west0479_dynamic_largest_first.txt
west0479,DYNAMIC_LARGEST_FIRST,6,473,405,0.15271966527196654,data\processed\initial_graph_coloring_dataset\colpack_outputs_week15_extra_orderings\west0479_dynamic_largest_first.txt
west0479,DYNAMIC_LARGEST_FIRST,6,131,406,0.1506276150627615,data\processed\initial_graph_coloring_dataset\colpack_outputs_week15_extra_orderings\west0479_dynamic_largest_first.txt
west0479,DYNAMIC_LARGEST_FIRST,6,363,407,0.14853556485355648,data\processed\initial_graph_coloring_dataset\colpack_outputs_week15_extra_orderings\west0479_dynamic_largest_first.txt
west0479,DYNAMIC_LARGEST_FIRST,6,386,408,0.14644351464435146,data\processed\initial_graph_coloring_dataset\colpack_outputs_week15_extra_orderings\west0479_dynamic_largest_first.txt
west0479,DYNAMIC_LARGEST_FIRST,6,213,409,0.14435146443514643,data\processed\initial_graph_coloring_dataset\colpack_outputs_week15_extra_orderings\west0479_dynamic_largest_first.txt
west0479,DYNAMIC_LARGEST_FIRST,6,358,410,0.14225941422594143,data\processed\initial_graph_coloring_dataset\colpack_outputs_week15_extra_orderings\west0479_dynamic_largest_first.txt
west0479,DYNAMIC_LARGEST_FIRST,6,167,411,0.1401673640167364,data\processed\initial_graph_coloring_dataset\colpack_outputs_week15_extra_orderings\west0479_dynamic_largest_first.txt
west0479,DYNAMIC_LARGEST_FIRST,6,34,412,0.13807531380753138,data\processed\initial_graph_coloring_dataset\colpack_outputs_week15_extra_orderings\west0479_dynamic_largest_first.txt
west0479,DYNAMIC_LARGEST_FIRST,6,0,413,0.13598326359832635,data\processed\initial_graph_coloring_dataset\colpack_outputs_week15_extra_orderings\west0479_dynamic_largest_first.txt
west0479,DYNAMIC_LARGEST_FIRST,6,288,414,0.13389121338912133,data\processed\initial_graph_coloring_dataset\colpack_outputs_week15_extra_orderings\west0479_dynamic_largest_first.txt
west0479,DYNAMIC_LARGEST_FIRST,6,106,415,0.13179916317991633,data\processed\initial_graph_coloring_dataset\colpack_outputs_week15_extra_orderings\west0479_dynamic_largest_first.txt
west0479,DYNAMIC_LARGEST_FIRST,6,135,416,0.1297071129707113,data\processed\initial_graph_coloring_dataset\colpack_outputs_week15_extra_orderings\west0479_dynamic_largest_first.txt
west0479,DYNAMIC_LARGEST_FIRST,6,8,417,0.12761506276150628,data\processed\initial_graph_coloring_dataset\colpack_outputs_week15_extra_orderings\west0479_dynamic_largest_first.txt
west0479,DYNAMIC_LARGEST_FIRST,6,398,418,0.12552301255230125,data\processed\initial_graph_coloring_dataset\colpack_outputs_week15_extra_orderings\west0479_dynamic_largest_first.txt
west0479,DYNAMIC_LARGEST_FIRST,6,36,419,0.12343096234309624,data\processed\initial_graph_coloring_dataset\colpack_outputs_week15_extra_orderings\west0479_dynamic_largest_first.txt
west0479,DYNAMIC_LARGEST_FIRST,6,417,420,0.12133891213389121,data\processed\initial_graph_coloring_dataset\colpack_outputs_week15_extra_orderings\west0479_dynamic_largest_first.txt
west0479,DYNAMIC_LARGEST_FIRST,6,153,421,0.1192468619246862,data\processed\initial_graph_coloring_dataset\colpack_outputs_week15_extra_orderings\west0479_dynamic_largest_first.txt
west0479,DYNAMIC_LARGEST_FIRST,6,83,422,0.11715481171548117,data\processed\initial_graph_coloring_dataset\colpack_outputs_week15_extra_orderings\west0479_dynamic_largest_first.txt
west0479,DYNAMIC_LARGEST_FIRST,6,68,423,0.11506276150627615,data\processed\initial_graph_coloring_dataset\colpack_outputs_week15_extra_orderings\west0479_dynamic_largest_first.txt
west0479,DYNAMIC_LARGEST_FIRST,6,150,424,0.11297071129707113,data\processed\initial_graph_coloring_dataset\colpack_outputs_week15_extra_orderings\west0479_dynamic_largest_first.txt
west0479,DYNAMIC_LARGEST_FIRST,6,80,425,0.1108786610878661,data\processed\initial_graph_coloring_dataset\colpack_outputs_week15_extra_orderings\west0479_dynamic_largest_first.txt
west0479,DYNAMIC_LARGEST_FIRST,6,90,426,0.1087866108786611,data\processed\initial_graph_coloring_dataset\colpack_outputs_week15_extra_orderings\west0479_dynamic_largest_first.txt
west0479,DYNAMIC_LARGEST_FIRST,6,89,427,0.10669456066945607,data\processed\initial_graph_coloring_dataset\colpack_outputs_week15_extra_orderings\west0479_dynamic_largest_first.txt
west0479,DYNAMIC_LARGEST_FIRST,6,137,428,0.10460251046025104,data\processed\initial_graph_coloring_dataset\colpack_outputs_week15_extra_orderings\west0479_dynamic_largest_first.txt
west0479,DYNAMIC_LARGEST_FIRST,6,12,429,0.10251046025104603,data\processed\initial_graph_coloring_dataset\colpack_outputs_week15_extra_orderings\west0479_dynamic_largest_first.txt
west0479,DYNAMIC_LARGEST_FIRST,6,4,430,0.100418410041841,data\processed\initial_graph_coloring_dataset\colpack_outputs_week15_extra_orderings\west0479_dynamic_largest_first.txt
west0479,DYNAMIC_LARGEST_FIRST,6,300,431,0.09832635983263599,data\processed\initial_graph_coloring_dataset\colpack_outputs_week15_extra_orderings\west0479_dynamic_largest_first.txt
west0479,DYNAMIC_LARGEST_FIRST,6,441,432,0.09623430962343096,data\processed\initial_graph_coloring_dataset\colpack_outputs_week15_extra_orderings\west0479_dynamic_largest_first.txt
west0479,DYNAMIC_LARGEST_FIRST,6,209,433,0.09414225941422594,data\processed\initial_graph_coloring_dataset\colpack_outputs_week15_extra_orderings\west0479_dynamic_largest_first.txt
west0479,DYNAMIC_LARGEST_FIRST,6,206,434,0.09205020920502092,data\processed\initial_graph_coloring_dataset\colpack_outputs_week15_extra_orderings\west0479_dynamic_largest_first.txt
west0479,DYNAMIC_LARGEST_FIRST,6,230,435,0.0899581589958159,data\processed\initial_graph_coloring_dataset\colpack_outputs_week15_extra_orderings\west0479_dynamic_largest_first.txt
west0479,DYNAMIC_LARGEST_FIRST,6,273,436,0.08786610878661087,data\processed\initial_graph_coloring_dataset\colpack_outputs_week15_extra_orderings\west0479_dynamic_largest_first.txt
west0479,DYNAMIC_LARGEST_FIRST,6,410,437,0.08577405857740586,data\processed\initial_graph_coloring_dataset\colpack_outputs_week15_extra_orderings\west0479_dynamic_largest_first.txt
west0479,DYNAMIC_LARGEST_FIRST,6,180,438,0.08368200836820083,data\processed\initial_graph_coloring_dataset\colpack_outputs_week15_extra_orderings\west0479_dynamic_largest_first.txt
west0479,DYNAMIC_LARGEST_FIRST,6,46,439,0.08158995815899582,data\processed\initial_graph_coloring_dataset\colpack_outputs_week15_extra_orderings\west0479_dynamic_largest_first.txt
west0479,DYNAMIC_LARGEST_FIRST,6,128,440,0.0794979079497908,data\processed\initial_graph_coloring_dataset\colpack_outputs_week15_extra_orderings\west0479_dynamic_largest_first.txt
west0479,DYNAMIC_LARGEST_FIRST,6,360,441,0.07740585774058577,data\processed\initial_graph_coloring_dataset\colpack_outputs_week15_extra_orderings\west0479_dynamic_largest_first.txt
west0479,DYNAMIC_LARGEST_FIRST,6,130,442,0.07531380753138076,data\processed\initial_graph_coloring_dataset\colpack_outputs_week15_extra_orderings\west0479_dynamic_largest_first.txt
west0479,DYNAMIC_LARGEST_FIRST,6,436,443,0.07322175732217573,data\processed\initial_graph_coloring_dataset\colpack_outputs_week15_extra_orderings\west0479_dynamic_largest_first.txt
west0479,DYNAMIC_LARGEST_FIRST,6,385,444,0.07112970711297072,data\processed\initial_graph_coloring_dataset\colpack_outputs_week15_extra_orderings\west0479_dynamic_largest_first.txt
west0479,DYNAMIC_LARGEST_FIRST,6,169,445,0.06903765690376569,data\processed\initial_graph_coloring_dataset\colpack_outputs_week15_extra_orderings\west0479_dynamic_largest_first.txt
west0479,DYNAMIC_LARGEST_FIRST,6,228,446,0.06694560669456066,data\processed\initial_graph_coloring_dataset\colpack_outputs_week15_extra_orderings\west0479_dynamic_largest_first.txt
west0479,DYNAMIC_LARGEST_FIRST,6,267,447,0.06485355648535565,data\processed\initial_graph_coloring_dataset\colpack_outputs_week15_extra_orderings\west0479_dynamic_largest_first.txt
west0479,DYNAMIC_LARGEST_FIRST,6,339,448,0.06276150627615062,data\processed\initial_graph_coloring_dataset\colpack_outputs_week15_extra_orderings\west0479_dynamic_largest_first.txt
west0479,DYNAMIC_LARGEST_FIRST,6,216,449,0.060669456066945605,data\processed\initial_graph_coloring_dataset\colpack_outputs_week15_extra_orderings\west0479_dynamic_largest_first.txt
west0479,DYNAMIC_LARGEST_FIRST,6,301,450,0.058577405857740586,data\processed\initial_graph_coloring_dataset\colpack_outputs_week15_extra_orderings\west0479_dynamic_largest_first.txt
west0479,DYNAMIC_LARGEST_FIRST,6,81,451,0.056485355648535567,data\processed\initial_graph_coloring_dataset\colpack_outputs_week15_extra_orderings\west0479_dynamic_largest_first.txt
west0479,DYNAMIC_LARGEST_FIRST,6,314,452,0.05439330543933055,data\processed\initial_graph_coloring_dataset\colpack_outputs_week15_extra_orderings\west0479_dynamic_largest_first.txt
west0479,DYNAMIC_LARGEST_FIRST,6,134,453,0.05230125523012552,data\processed\initial_graph_coloring_dataset\colpack_outputs_week15_extra_orderings\west0479_dynamic_largest_first.txt
west0479,DYNAMIC_LARGEST_FIRST,6,179,454,0.0502092050209205,data\processed\initial_graph_coloring_dataset\colpack_outputs_week15_extra_orderings\west0479_dynamic_largest_first.txt
west0479,DYNAMIC_LARGEST_FIRST,6,64,455,0.04811715481171548,data\processed\initial_graph_coloring_dataset\colpack_outputs_week15_extra_orderings\west0479_dynamic_largest_first.txt
west0479,DYNAMIC_LARGEST_FIRST,6,245,456,0.04602510460251046,data\processed\initial_graph_coloring_dataset\colpack_outputs_week15_extra_orderings\west0479_dynamic_largest_first.txt
west0479,DYNAMIC_LARGEST_FIRST,6,35,457,0.043933054393305436,data\processed\initial_graph_coloring_dataset\colpack_outputs_week15_extra_orderings\west0479_dynamic_largest_first.txt
west0479,DYNAMIC_LARGEST_FIRST,6,396,458,0.04184100418410042,data\processed\initial_graph_coloring_dataset\colpack_outputs_week15_extra_orderings\west0479_dynamic_largest_first.txt
west0479,DYNAMIC_LARGEST_FIRST,6,249,459,0.0397489539748954,data\processed\initial_graph_coloring_dataset\colpack_outputs_week15_extra_orderings\west0479_dynamic_largest_first.txt
west0479,DYNAMIC_LARGEST_FIRST,6,203,460,0.03765690376569038,data\processed\initial_graph_coloring_dataset\colpack_outputs_week15_extra_orderings\west0479_dynamic_largest_first.txt
west0479,DYNAMIC_LARGEST_FIRST,6,343,461,0.03556485355648536,data\processed\initial_graph_coloring_dataset\colpack_outputs_week15_extra_orderings\west0479_dynamic_largest_first.txt
west0479,DYNAMIC_LARGEST_FIRST,6,370,462,0.03347280334728033,data\processed\initial_graph_coloring_dataset\colpack_outputs_week15_extra_orderings\west0479_dynamic_largest_first.txt
west0479,DYNAMIC_LARGEST_FIRST,6,349,463,0.03138075313807531,data\processed\initial_graph_coloring_dataset\colpack_outputs_week15_extra_orderings\west0479_dynamic_largest_first.txt
west0479,DYNAMIC_LARGEST_FIRST,6,49,464,0.029288702928870293,data\processed\initial_graph_coloring_dataset\colpack_outputs_week15_extra_orderings\west0479_dynamic_largest_first.txt
west0479,DYNAMIC_LARGEST_FIRST,6,287,465,0.027196652719665274,data\processed\initial_graph_coloring_dataset\colpack_outputs_week15_extra_orderings\west0479_dynamic_largest_first.txt
west0479,DYNAMIC_LARGEST_FIRST,6,221,466,0.02510460251046025,data\processed\initial_graph_coloring_dataset\colpack_outputs_week15_extra_orderings\west0479_dynamic_largest_first.txt
west0479,DYNAMIC_LARGEST_FIRST,6,215,467,0.02301255230125523,data\processed\initial_graph_coloring_dataset\colpack_outputs_week15_extra_orderings\west0479_dynamic_largest_first.txt
west0479,DYNAMIC_LARGEST_FIRST,6,5,468,0.02092050209205021,data\processed\initial_graph_coloring_dataset\colpack_outputs_week15_extra_orderings\west0479_dynamic_largest_first.txt
west0479,DYNAMIC_LARGEST_FIRST,6,404,469,0.01882845188284519,data\processed\initial_graph_coloring_dataset\colpack_outputs_week15_extra_orderings\west0479_dynamic_largest_first.txt
west0479,DYNAMIC_LARGEST_FIRST,6,399,470,0.016736401673640166,data\processed\initial_graph_coloring_dataset\colpack_outputs_week15_extra_orderings\west0479_dynamic_largest_first.txt
west0479,DYNAMIC_LARGEST_FIRST,6,367,471,0.014644351464435146,data\processed\initial_graph_coloring_dataset\colpack_outputs_week15_extra_orderings\west0479_dynamic_largest_first.txt
west0479,DYNAMIC_LARGEST_FIRST,6,348,472,0.012552301255230125,data\processed\initial_graph_coloring_dataset\colpack_outputs_week15_extra_orderings\west0479_dynamic_largest_first.txt
west0479,DYNAMIC_LARGEST_FIRST,6,345,473,0.010460251046025104,data\processed\initial_graph_coloring_dataset\colpack_outputs_week15_extra_orderings\west0479_dynamic_largest_first.txt
west0479,DYNAMIC_LARGEST_FIRST,6,257,474,0.008368200836820083,data\processed\initial_graph_coloring_dataset\colpack_outputs_week15_extra_orderings\west0479_dynamic_largest_first.txt
west0479,DYNAMIC_LARGEST_FIRST,6,237,475,0.006276150627615063,data\processed\initial_graph_coloring_dataset\colpack_outputs_week15_extra_orderings\west0479_dynamic_largest_first.txt
west0479,DYNAMIC_LARGEST_FIRST,6,388,476,0.0041841004184100415,data\processed\initial_graph_coloring_dataset\colpack_outputs_week15_extra_orderings\west0479_dynamic_largest_first.txt
west0479,DYNAMIC_LARGEST_FIRST,6,369,477,0.0020920502092050207,data\processed\initial_graph_coloring_dataset\colpack_outputs_week15_extra_orderings\west0479_dynamic_largest_first.txt
west0479,DYNAMIC_LARGEST_FIRST,6,347,478,0.0,data\processed\initial_graph_coloring_dataset\colpack_outputs_week15_extra_orderings\west0479_dynamic_largest_first.txt
