graph_id,target_strategy,ordering_name,node_id,order_position,target_score
bcsstk10,BEST_AVAILABLE_OF_5_LARGER_GRAPHS,LARGEST_FIRST,55,0,1.0
bcsstk10,BEST_AVAILABLE_OF_5_LARGER_GRAPHS,LARGEST_FIRST,56,1,0.9990783410138249
bcsstk10,BEST_AVAILABLE_OF_5_LARGER_GRAPHS,LARGEST_FIRST,57,2,0.9981566820276497
bcsstk10,BEST_AVAILABLE_OF_5_LARGER_GRAPHS,LARGEST_FIRST,60,3,0.9972350230414746
bcsstk10,BEST_AVAILABLE_OF_5_LARGER_GRAPHS,LARGEST_FIRST,61,4,0.9963133640552996
bcsstk10,BEST_AVAILABLE_OF_5_LARGER_GRAPHS,LARGEST_FIRST,62,5,0.9953917050691244
bcsstk10,BEST_AVAILABLE_OF_5_LARGER_GRAPHS,LARGEST_FIRST,65,6,0.9944700460829493
bcsstk10,BEST_AVAILABLE_OF_5_LARGER_GRAPHS,LARGEST_FIRST,66,7,0.9935483870967742
bcsstk10,BEST_AVAILABLE_OF_5_LARGER_GRAPHS,LARGEST_FIRST,67,8,0.992626728110599
bcsstk10,BEST_AVAILABLE_OF_5_LARGER_GRAPHS,LARGEST_FIRST,70,9,0.9917050691244239
bcsstk10,BEST_AVAILABLE_OF_5_LARGER_GRAPHS,LARGEST_FIRST,72,10,0.9907834101382489
bcsstk10,BEST_AVAILABLE_OF_5_LARGER_GRAPHS,LARGEST_FIRST,85,11,0.9898617511520738
bcsstk10,BEST_AVAILABLE_OF_5_LARGER_GRAPHS,LARGEST_FIRST,86,12,0.9889400921658986
bcsstk10,BEST_AVAILABLE_OF_5_LARGER_GRAPHS,LARGEST_FIRST,87,13,0.9880184331797235
bcsstk10,BEST_AVAILABLE_OF_5_LARGER_GRAPHS,LARGEST_FIRST,90,14,0.9870967741935484
bcsstk10,BEST_AVAILABLE_OF_5_LARGER_GRAPHS,LARGEST_FIRST,91,15,0.9861751152073732
bcsstk10,BEST_AVAILABLE_OF_5_LARGER_GRAPHS,LARGEST_FIRST,92,16,0.9852534562211982
bcsstk10,BEST_AVAILABLE_OF_5_LARGER_GRAPHS,LARGEST_FIRST,95,17,0.9843317972350231
bcsstk10,BEST_AVAILABLE_OF_5_LARGER_GRAPHS,LARGEST_FIRST,96,18,0.9834101382488479
bcsstk10,BEST_AVAILABLE_OF_5_LARGER_GRAPHS,LARGEST_FIRST,97,19,0.9824884792626728
bcsstk10,BEST_AVAILABLE_OF_5_LARGER_GRAPHS,LARGEST_FIRST,100,20,0.9815668202764977
bcsstk10,BEST_AVAILABLE_OF_5_LARGER_GRAPHS,LARGEST_FIRST,101,21,0.9806451612903225
bcsstk10,BEST_AVAILABLE_OF_5_LARGER_GRAPHS,LARGEST_FIRST,102,22,0.9797235023041475
bcsstk10,BEST_AVAILABLE_OF_5_LARGER_GRAPHS,LARGEST_FIRST,115,23,0.9788018433179724
bcsstk10,BEST_AVAILABLE_OF_5_LARGER_GRAPHS,LARGEST_FIRST,116,24,0.9778801843317972
bcsstk10,BEST_AVAILABLE_OF_5_LARGER_GRAPHS,LARGEST_FIRST,117,25,0.9769585253456221
bcsstk10,BEST_AVAILABLE_OF_5_LARGER_GRAPHS,LARGEST_FIRST,120,26,0.976036866359447
bcsstk10,BEST_AVAILABLE_OF_5_LARGER_GRAPHS,LARGEST_FIRST,121,27,0.9751152073732718
bcsstk10,BEST_AVAILABLE_OF_5_LARGER_GRAPHS,LARGEST_FIRST,122,28,0.9741935483870968
bcsstk10,BEST_AVAILABLE_OF_5_LARGER_GRAPHS,LARGEST_FIRST,125,29,0.9732718894009217
bcsstk10,BEST_AVAILABLE_OF_5_LARGER_GRAPHS,LARGEST_FIRST,126,30,0.9723502304147466
bcsstk10,BEST_AVAILABLE_OF_5_LARGER_GRAPHS,LARGEST_FIRST,127,31,0.9714285714285714
bcsstk10,BEST_AVAILABLE_OF_5_LARGER_GRAPHS,LARGEST_FIRST,130,32,0.9705069124423963
bcsstk10,BEST_AVAILABLE_OF_5_LARGER_GRAPHS,LARGEST_FIRST,131,33,0.9695852534562212
bcsstk10,BEST_AVAILABLE_OF_5_LARGER_GRAPHS,LARGEST_FIRST,132,34,0.9686635944700461
bcsstk10,BEST_AVAILABLE_OF_5_LARGER_GRAPHS,LARGEST_FIRST,145,35,0.967741935483871
bcsstk10,BEST_AVAILABLE_OF_5_LARGER_GRAPHS,LARGEST_FIRST,146,36,0.9668202764976959
bcsstk10,BEST_AVAILABLE_OF_5_LARGER_GRAPHS,LARGEST_FIRST,147,37,0.9658986175115207
bcsstk10,BEST_AVAILABLE_OF_5_LARGER_GRAPHS,LARGEST_FIRST,150,38,0.9649769585253456
bcsstk10,BEST_AVAILABLE_OF_5_LARGER_GRAPHS,LARGEST_FIRST,151,39,0.9640552995391705
bcsstk10,BEST_AVAILABLE_OF_5_LARGER_GRAPHS,LARGEST_FIRST,152,40,0.9631336405529954
bcsstk10,BEST_AVAILABLE_OF_5_LARGER_GRAPHS,LARGEST_FIRST,155,41,0.9622119815668203
bcsstk10,BEST_AVAILABLE_OF_5_LARGER_GRAPHS,LARGEST_FIRST,156,42,0.9612903225806452
bcsstk10,BEST_AVAILABLE_OF_5_LARGER_GRAPHS,LARGEST_FIRST,157,43,0.96036866359447
bcsstk10,BEST_AVAILABLE_OF_5_LARGER_GRAPHS,LARGEST_FIRST,160,44,0.9594470046082949
bcsstk10,BEST_AVAILABLE_OF_5_LARGER_GRAPHS,LARGEST_FIRST,161,45,0.9585253456221198
bcsstk10,BEST_AVAILABLE_OF_5_LARGER_GRAPHS,LARGEST_FIRST,162,46,0.9576036866359448
bcsstk10,BEST_AVAILABLE_OF_5_LARGER_GRAPHS,LARGEST_FIRST,175,47,0.9566820276497696
bcsstk10,BEST_AVAILABLE_OF_5_LARGER_GRAPHS,LARGEST_FIRST,176,48,0.9557603686635945
bcsstk10,BEST_AVAILABLE_OF_5_LARGER_GRAPHS,LARGEST_FIRST,177,49,0.9548387096774194
bcsstk10,BEST_AVAILABLE_OF_5_LARGER_GRAPHS,LARGEST_FIRST,180,50,0.9539170506912442
bcsstk10,BEST_AVAILABLE_OF_5_LARGER_GRAPHS,LARGEST_FIRST,181,51,0.9529953917050691
bcsstk10,BEST_AVAILABLE_OF_5_LARGER_GRAPHS,LARGEST_FIRST,182,52,0.9520737327188941
bcsstk10,BEST_AVAILABLE_OF_5_LARGER_GRAPHS,LARGEST_FIRST,185,53,0.9511520737327189
bcsstk10,BEST_AVAILABLE_OF_5_LARGER_GRAPHS,LARGEST_FIRST,186,54,0.9502304147465438
bcsstk10,BEST_AVAILABLE_OF_5_LARGER_GRAPHS,LARGEST_FIRST,187,55,0.9493087557603687
bcsstk10,BEST_AVAILABLE_OF_5_LARGER_GRAPHS,LARGEST_FIRST,190,56,0.9483870967741935
bcsstk10,BEST_AVAILABLE_OF_5_LARGER_GRAPHS,LARGEST_FIRST,191,57,0.9474654377880184
bcsstk10,BEST_AVAILABLE_OF_5_LARGER_GRAPHS,LARGEST_FIRST,192,58,0.9465437788018434
bcsstk10,BEST_AVAILABLE_OF_5_LARGER_GRAPHS,LARGEST_FIRST,205,59,0.9456221198156682
bcsstk10,BEST_AVAILABLE_OF_5_LARGER_GRAPHS,LARGEST_FIRST,206,60,0.9447004608294931
bcsstk10,BEST_AVAILABLE_OF_5_LARGER_GRAPHS,LARGEST_FIRST,207,61,0.943778801843318
bcsstk10,BEST_AVAILABLE_OF_5_LARGER_GRAPHS,LARGEST_FIRST,210,62,0.9428571428571428
bcsstk10,BEST_AVAILABLE_OF_5_LARGER_GRAPHS,LARGEST_FIRST,211,63,0.9419354838709677
bcsstk10,BEST_AVAILABLE_OF_5_LARGER_GRAPHS,LARGEST_FIRST,212,64,0.9410138248847926
bcsstk10,BEST_AVAILABLE_OF_5_LARGER_GRAPHS,LARGEST_FIRST,215,65,0.9400921658986175
bcsstk10,BEST_AVAILABLE_OF_5_LARGER_GRAPHS,LARGEST_FIRST,216,66,0.9391705069124424
bcsstk10,BEST_AVAILABLE_OF_5_LARGER_GRAPHS,LARGEST_FIRST,217,67,0.9382488479262673
bcsstk10,BEST_AVAILABLE_OF_5_LARGER_GRAPHS,LARGEST_FIRST,220,68,0.9373271889400921
bcsstk10,BEST_AVAILABLE_OF_5_LARGER_GRAPHS,LARGEST_FIRST,221,69,0.936405529953917
bcsstk10,BEST_AVAILABLE_OF_5_LARGER_GRAPHS,LARGEST_FIRST,222,70,0.9354838709677419
bcsstk10,BEST_AVAILABLE_OF_5_LARGER_GRAPHS,LARGEST_FIRST,235,71,0.9345622119815669
bcsstk10,BEST_AVAILABLE_OF_5_LARGER_GRAPHS,LARGEST_FIRST,236,72,0.9336405529953917
bcsstk10,BEST_AVAILABLE_OF_5_LARGER_GRAPHS,LARGEST_FIRST,237,73,0.9327188940092166
bcsstk10,BEST_AVAILABLE_OF_5_LARGER_GRAPHS,LARGEST_FIRST,240,74,0.9317972350230415
bcsstk10,BEST_AVAILABLE_OF_5_LARGER_GRAPHS,LARGEST_FIRST,241,75,0.9308755760368663
bcsstk10,BEST_AVAILABLE_OF_5_LARGER_GRAPHS,LARGEST_FIRST,242,76,0.9299539170506912
bcsstk10,BEST_AVAILABLE_OF_5_LARGER_GRAPHS,LARGEST_FIRST,245,77,0.9290322580645162
bcsstk10,BEST_AVAILABLE_OF_5_LARGER_GRAPHS,LARGEST_FIRST,246,78,0.928110599078341
bcsstk10,BEST_AVAILABLE_OF_5_LARGER_GRAPHS,LARGEST_FIRST,247,79,0.9271889400921659
bcsstk10,BEST_AVAILABLE_OF_5_LARGER_GRAPHS,LARGEST_FIRST,250,80,0.9262672811059908
bcsstk10,BEST_AVAILABLE_OF_5_LARGER_GRAPHS,LARGEST_FIRST,251,81,0.9253456221198156
bcsstk10,BEST_AVAILABLE_OF_5_LARGER_GRAPHS,LARGEST_FIRST,252,82,0.9244239631336405
bcsstk10,BEST_AVAILABLE_OF_5_LARGER_GRAPHS,LARGEST_FIRST,265,83,0.9235023041474655
bcsstk10,BEST_AVAILABLE_OF_5_LARGER_GRAPHS,LARGEST_FIRST,266,84,0.9225806451612903
bcsstk10,BEST_AVAILABLE_OF_5_LARGER_GRAPHS,LARGEST_FIRST,267,85,0.9216589861751152
bcsstk10,BEST_AVAILABLE_OF_5_LARGER_GRAPHS,LARGEST_FIRST,270,86,0.9207373271889401
bcsstk10,BEST_AVAILABLE_OF_5_LARGER_GRAPHS,LARGEST_FIRST,271,87,0.919815668202765
bcsstk10,BEST_AVAILABLE_OF_5_LARGER_GRAPHS,LARGEST_FIRST,272,88,0.9188940092165898
bcsstk10,BEST_AVAILABLE_OF_5_LARGER_GRAPHS,LARGEST_FIRST,275,89,0.9179723502304148
bcsstk10,BEST_AVAILABLE_OF_5_LARGER_GRAPHS,LARGEST_FIRST,276,90,0.9170506912442397
bcsstk10,BEST_AVAILABLE_OF_5_LARGER_GRAPHS,LARGEST_FIRST,277,91,0.9161290322580645
bcsstk10,BEST_AVAILABLE_OF_5_LARGER_GRAPHS,LARGEST_FIRST,280,92,0.9152073732718894
bcsstk10,BEST_AVAILABLE_OF_5_LARGER_GRAPHS,LARGEST_FIRST,281,93,0.9142857142857143
bcsstk10,BEST_AVAILABLE_OF_5_LARGER_GRAPHS,LARGEST_FIRST,282,94,0.9133640552995391
bcsstk10,BEST_AVAILABLE_OF_5_LARGER_GRAPHS,LARGEST_FIRST,295,95,0.9124423963133641
bcsstk10,BEST_AVAILABLE_OF_5_LARGER_GRAPHS,LARGEST_FIRST,296,96,0.911520737327189
bcsstk10,BEST_AVAILABLE_OF_5_LARGER_GRAPHS,LARGEST_FIRST,297,97,0.9105990783410138
bcsstk10,BEST_AVAILABLE_OF_5_LARGER_GRAPHS,LARGEST_FIRST,300,98,0.9096774193548387
bcsstk10,BEST_AVAILABLE_OF_5_LARGER_GRAPHS,LARGEST_FIRST,301,99,0.9087557603686636
bcsstk10,BEST_AVAILABLE_OF_5_LARGER_GRAPHS,LARGEST_FIRST,302,100,0.9078341013824884
bcsstk10,BEST_AVAILABLE_OF_5_LARGER_GRAPHS,LARGEST_FIRST,305,101,0.9069124423963134
bcsstk10,BEST_AVAILABLE_OF_5_LARGER_GRAPHS,LARGEST_FIRST,306,102,0.9059907834101383
bcsstk10,BEST_AVAILABLE_OF_5_LARGER_GRAPHS,LARGEST_FIRST,307,103,0.9050691244239631
bcsstk10,BEST_AVAILABLE_OF_5_LARGER_GRAPHS,LARGEST_FIRST,310,104,0.904147465437788
bcsstk10,BEST_AVAILABLE_OF_5_LARGER_GRAPHS,LARGEST_FIRST,311,105,0.9032258064516129
bcsstk10,BEST_AVAILABLE_OF_5_LARGER_GRAPHS,LARGEST_FIRST,312,106,0.9023041474654377
bcsstk10,BEST_AVAILABLE_OF_5_LARGER_GRAPHS,LARGEST_FIRST,325,107,0.9013824884792627
bcsstk10,BEST_AVAILABLE_OF_5_LARGER_GRAPHS,LARGEST_FIRST,326,108,0.9004608294930876
bcsstk10,BEST_AVAILABLE_OF_5_LARGER_GRAPHS,LARGEST_FIRST,327,109,0.8995391705069125
bcsstk10,BEST_AVAILABLE_OF_5_LARGER_GRAPHS,LARGEST_FIRST,330,110,0.8986175115207373
bcsstk10,BEST_AVAILABLE_OF_5_LARGER_GRAPHS,LARGEST_FIRST,331,111,0.8976958525345622
bcsstk10,BEST_AVAILABLE_OF_5_LARGER_GRAPHS,LARGEST_FIRST,332,112,0.896774193548387
bcsstk10,BEST_AVAILABLE_OF_5_LARGER_GRAPHS,LARGEST_FIRST,335,113,0.895852534562212
bcsstk10,BEST_AVAILABLE_OF_5_LARGER_GRAPHS,LARGEST_FIRST,336,114,0.8949308755760369
bcsstk10,BEST_AVAILABLE_OF_5_LARGER_GRAPHS,LARGEST_FIRST,337,115,0.8940092165898618
bcsstk10,BEST_AVAILABLE_OF_5_LARGER_GRAPHS,LARGEST_FIRST,340,116,0.8930875576036866
bcsstk10,BEST_AVAILABLE_OF_5_LARGER_GRAPHS,LARGEST_FIRST,341,117,0.8921658986175115
bcsstk10,BEST_AVAILABLE_OF_5_LARGER_GRAPHS,LARGEST_FIRST,342,118,0.8912442396313364
bcsstk10,BEST_AVAILABLE_OF_5_LARGER_GRAPHS,LARGEST_FIRST,355,119,0.8903225806451613
bcsstk10,BEST_AVAILABLE_OF_5_LARGER_GRAPHS,LARGEST_FIRST,356,120,0.8894009216589862
bcsstk10,BEST_AVAILABLE_OF_5_LARGER_GRAPHS,LARGEST_FIRST,357,121,0.8884792626728111
bcsstk10,BEST_AVAILABLE_OF_5_LARGER_GRAPHS,LARGEST_FIRST,360,122,0.8875576036866359
bcsstk10,BEST_AVAILABLE_OF_5_LARGER_GRAPHS,LARGEST_FIRST,361,123,0.8866359447004608
bcsstk10,BEST_AVAILABLE_OF_5_LARGER_GRAPHS,LARGEST_FIRST,362,124,0.8857142857142857
bcsstk10,BEST_AVAILABLE_OF_5_LARGER_GRAPHS,LARGEST_FIRST,365,125,0.8847926267281107
bcsstk10,BEST_AVAILABLE_OF_5_LARGER_GRAPHS,LARGEST_FIRST,366,126,0.8838709677419355
bcsstk10,BEST_AVAILABLE_OF_5_LARGER_GRAPHS,LARGEST_FIRST,367,127,0.8829493087557604
bcsstk10,BEST_AVAILABLE_OF_5_LARGER_GRAPHS,LARGEST_FIRST,370,128,0.8820276497695853
bcsstk10,BEST_AVAILABLE_OF_5_LARGER_GRAPHS,LARGEST_FIRST,371,129,0.8811059907834101
bcsstk10,BEST_AVAILABLE_OF_5_LARGER_GRAPHS,LARGEST_FIRST,372,130,0.880184331797235
bcsstk10,BEST_AVAILABLE_OF_5_LARGER_GRAPHS,LARGEST_FIRST,385,131,0.8792626728110599
bcsstk10,BEST_AVAILABLE_OF_5_LARGER_GRAPHS,LARGEST_FIRST,387,132,0.8783410138248848
bcsstk10,BEST_AVAILABLE_OF_5_LARGER_GRAPHS,LARGEST_FIRST,391,133,0.8774193548387097
bcsstk10,BEST_AVAILABLE_OF_5_LARGER_GRAPHS,LARGEST_FIRST,392,134,0.8764976958525346
bcsstk10,BEST_AVAILABLE_OF_5_LARGER_GRAPHS,LARGEST_FIRST,395,135,0.8755760368663594
bcsstk10,BEST_AVAILABLE_OF_5_LARGER_GRAPHS,LARGEST_FIRST,396,136,0.8746543778801843
bcsstk10,BEST_AVAILABLE_OF_5_LARGER_GRAPHS,LARGEST_FIRST,397,137,0.8737327188940092
bcsstk10,BEST_AVAILABLE_OF_5_LARGER_GRAPHS,LARGEST_FIRST,400,138,0.8728110599078341
bcsstk10,BEST_AVAILABLE_OF_5_LARGER_GRAPHS,LARGEST_FIRST,401,139,0.871889400921659
bcsstk10,BEST_AVAILABLE_OF_5_LARGER_GRAPHS,LARGEST_FIRST,402,140,0.8709677419354839
bcsstk10,BEST_AVAILABLE_OF_5_LARGER_GRAPHS,LARGEST_FIRST,415,141,0.8700460829493087
bcsstk10,BEST_AVAILABLE_OF_5_LARGER_GRAPHS,LARGEST_FIRST,416,142,0.8691244239631336
bcsstk10,BEST_AVAILABLE_OF_5_LARGER_GRAPHS,LARGEST_FIRST,417,143,0.8682027649769585
bcsstk10,BEST_AVAILABLE_OF_5_LARGER_GRAPHS,LARGEST_FIRST,420,144,0.8672811059907835
bcsstk10,BEST_AVAILABLE_OF_5_LARGER_GRAPHS,LARGEST_FIRST,421,145,0.8663594470046083
bcsstk10,BEST_AVAILABLE_OF_5_LARGER_GRAPHS,LARGEST_FIRST,422,146,0.8654377880184332
bcsstk10,BEST_AVAILABLE_OF_5_LARGER_GRAPHS,LARGEST_FIRST,425,147,0.864516129032258
bcsstk10,BEST_AVAILABLE_OF_5_LARGER_GRAPHS,LARGEST_FIRST,426,148,0.8635944700460829
bcsstk10,BEST_AVAILABLE_OF_5_LARGER_GRAPHS,LARGEST_FIRST,427,149,0.8626728110599078
bcsstk10,BEST_AVAILABLE_OF_5_LARGER_GRAPHS,LARGEST_FIRST,430,150,0.8617511520737328
bcsstk10,BEST_AVAILABLE_OF_5_LARGER_GRAPHS,LARGEST_FIRST,431,151,0.8608294930875576
bcsstk10,BEST_AVAILABLE_OF_5_LARGER_GRAPHS,LARGEST_FIRST,432,152,0.8599078341013825
bcsstk10,BEST_AVAILABLE_OF_5_LARGER_GRAPHS,LARGEST_FIRST,445,153,0.8589861751152074
bcsstk10,BEST_AVAILABLE_OF_5_LARGER_GRAPHS,LARGEST_FIRST,446,154,0.8580645161290322
bcsstk10,BEST_AVAILABLE_OF_5_LARGER_GRAPHS,LARGEST_FIRST,447,155,0.8571428571428571
bcsstk10,BEST_AVAILABLE_OF_5_LARGER_GRAPHS,LARGEST_FIRST,450,156,0.8562211981566821
bcsstk10,BEST_AVAILABLE_OF_5_LARGER_GRAPHS,LARGEST_FIRST,451,157,0.8552995391705069
bcsstk10,BEST_AVAILABLE_OF_5_LARGER_GRAPHS,LARGEST_FIRST,452,158,0.8543778801843318
bcsstk10,BEST_AVAILABLE_OF_5_LARGER_GRAPHS,LARGEST_FIRST,455,159,0.8534562211981567
bcsstk10,BEST_AVAILABLE_OF_5_LARGER_GRAPHS,LARGEST_FIRST,456,160,0.8525345622119815
bcsstk10,BEST_AVAILABLE_OF_5_LARGER_GRAPHS,LARGEST_FIRST,457,161,0.8516129032258064
bcsstk10,BEST_AVAILABLE_OF_5_LARGER_GRAPHS,LARGEST_FIRST,460,162,0.8506912442396314
bcsstk10,BEST_AVAILABLE_OF_5_LARGER_GRAPHS,LARGEST_FIRST,461,163,0.8497695852534562
bcsstk10,BEST_AVAILABLE_OF_5_LARGER_GRAPHS,LARGEST_FIRST,462,164,0.8488479262672811
bcsstk10,BEST_AVAILABLE_OF_5_LARGER_GRAPHS,LARGEST_FIRST,475,165,0.847926267281106
bcsstk10,BEST_AVAILABLE_OF_5_LARGER_GRAPHS,LARGEST_FIRST,476,166,0.8470046082949308
bcsstk10,BEST_AVAILABLE_OF_5_LARGER_GRAPHS,LARGEST_FIRST,477,167,0.8460829493087557
bcsstk10,BEST_AVAILABLE_OF_5_LARGER_GRAPHS,LARGEST_FIRST,480,168,0.8451612903225807
bcsstk10,BEST_AVAILABLE_OF_5_LARGER_GRAPHS,LARGEST_FIRST,481,169,0.8442396313364056
bcsstk10,BEST_AVAILABLE_OF_5_LARGER_GRAPHS,LARGEST_FIRST,482,170,0.8433179723502304
bcsstk10,BEST_AVAILABLE_OF_5_LARGER_GRAPHS,LARGEST_FIRST,485,171,0.8423963133640553
bcsstk10,BEST_AVAILABLE_OF_5_LARGER_GRAPHS,LARGEST_FIRST,486,172,0.8414746543778802
bcsstk10,BEST_AVAILABLE_OF_5_LARGER_GRAPHS,LARGEST_FIRST,487,173,0.840552995391705
bcsstk10,BEST_AVAILABLE_OF_5_LARGER_GRAPHS,LARGEST_FIRST,490,174,0.83963133640553
bcsstk10,BEST_AVAILABLE_OF_5_LARGER_GRAPHS,LARGEST_FIRST,491,175,0.8387096774193549
bcsstk10,BEST_AVAILABLE_OF_5_LARGER_GRAPHS,LARGEST_FIRST,492,176,0.8377880184331797
bcsstk10,BEST_AVAILABLE_OF_5_LARGER_GRAPHS,LARGEST_FIRST,505,177,0.8368663594470046
bcsstk10,BEST_AVAILABLE_OF_5_LARGER_GRAPHS,LARGEST_FIRST,506,178,0.8359447004608295
bcsstk10,BEST_AVAILABLE_OF_5_LARGER_GRAPHS,LARGEST_FIRST,507,179,0.8350230414746543
bcsstk10,BEST_AVAILABLE_OF_5_LARGER_GRAPHS,LARGEST_FIRST,510,180,0.8341013824884793
bcsstk10,BEST_AVAILABLE_OF_5_LARGER_GRAPHS,LARGEST_FIRST,511,181,0.8331797235023042
bcsstk10,BEST_AVAILABLE_OF_5_LARGER_GRAPHS,LARGEST_FIRST,512,182,0.832258064516129
bcsstk10,BEST_AVAILABLE_OF_5_LARGER_GRAPHS,LARGEST_FIRST,515,183,0.8313364055299539
bcsstk10,BEST_AVAILABLE_OF_5_LARGER_GRAPHS,LARGEST_FIRST,516,184,0.8304147465437788
bcsstk10,BEST_AVAILABLE_OF_5_LARGER_GRAPHS,LARGEST_FIRST,517,185,0.8294930875576036
bcsstk10,BEST_AVAILABLE_OF_5_LARGER_GRAPHS,LARGEST_FIRST,520,186,0.8285714285714286
bcsstk10,BEST_AVAILABLE_OF_5_LARGER_GRAPHS,LARGEST_FIRST,521,187,0.8276497695852535
bcsstk10,BEST_AVAILABLE_OF_5_LARGER_GRAPHS,LARGEST_FIRST,522,188,0.8267281105990784
bcsstk10,BEST_AVAILABLE_OF_5_LARGER_GRAPHS,LARGEST_FIRST,535,189,0.8258064516129032
bcsstk10,BEST_AVAILABLE_OF_5_LARGER_GRAPHS,LARGEST_FIRST,536,190,0.8248847926267281
bcsstk10,BEST_AVAILABLE_OF_5_LARGER_GRAPHS,LARGEST_FIRST,537,191,0.823963133640553
bcsstk10,BEST_AVAILABLE_OF_5_LARGER_GRAPHS,LARGEST_FIRST,540,192,0.8230414746543778
bcsstk10,BEST_AVAILABLE_OF_5_LARGER_GRAPHS,LARGEST_FIRST,541,193,0.8221198156682028
bcsstk10,BEST_AVAILABLE_OF_5_LARGER_GRAPHS,LARGEST_FIRST,542,194,0.8211981566820277
bcsstk10,BEST_AVAILABLE_OF_5_LARGER_GRAPHS,LARGEST_FIRST,547,195,0.8202764976958525
bcsstk10,BEST_AVAILABLE_OF_5_LARGER_GRAPHS,LARGEST_FIRST,550,196,0.8193548387096774
bcsstk10,BEST_AVAILABLE_OF_5_LARGER_GRAPHS,LARGEST_FIRST,551,197,0.8184331797235023
bcsstk10,BEST_AVAILABLE_OF_5_LARGER_GRAPHS,LARGEST_FIRST,552,198,0.8175115207373271
bcsstk10,BEST_AVAILABLE_OF_5_LARGER_GRAPHS,LARGEST_FIRST,565,199,0.8165898617511521
bcsstk10,BEST_AVAILABLE_OF_5_LARGER_GRAPHS,LARGEST_FIRST,566,200,0.815668202764977
bcsstk10,BEST_AVAILABLE_OF_5_LARGER_GRAPHS,LARGEST_FIRST,567,201,0.8147465437788018
bcsstk10,BEST_AVAILABLE_OF_5_LARGER_GRAPHS,LARGEST_FIRST,570,202,0.8138248847926267
bcsstk10,BEST_AVAILABLE_OF_5_LARGER_GRAPHS,LARGEST_FIRST,571,203,0.8129032258064516
bcsstk10,BEST_AVAILABLE_OF_5_LARGER_GRAPHS,LARGEST_FIRST,572,204,0.8119815668202764
bcsstk10,BEST_AVAILABLE_OF_5_LARGER_GRAPHS,LARGEST_FIRST,575,205,0.8110599078341014
bcsstk10,BEST_AVAILABLE_OF_5_LARGER_GRAPHS,LARGEST_FIRST,576,206,0.8101382488479263
bcsstk10,BEST_AVAILABLE_OF_5_LARGER_GRAPHS,LARGEST_FIRST,577,207,0.8092165898617512
bcsstk10,BEST_AVAILABLE_OF_5_LARGER_GRAPHS,LARGEST_FIRST,580,208,0.808294930875576
bcsstk10,BEST_AVAILABLE_OF_5_LARGER_GRAPHS,LARGEST_FIRST,581,209,0.8073732718894009
bcsstk10,BEST_AVAILABLE_OF_5_LARGER_GRAPHS,LARGEST_FIRST,582,210,0.8064516129032258
bcsstk10,BEST_AVAILABLE_OF_5_LARGER_GRAPHS,LARGEST_FIRST,595,211,0.8055299539170507
bcsstk10,BEST_AVAILABLE_OF_5_LARGER_GRAPHS,LARGEST_FIRST,596,212,0.8046082949308756
bcsstk10,BEST_AVAILABLE_OF_5_LARGER_GRAPHS,LARGEST_FIRST,597,213,0.8036866359447005
bcsstk10,BEST_AVAILABLE_OF_5_LARGER_GRAPHS,LARGEST_FIRST,600,214,0.8027649769585253
bcsstk10,BEST_AVAILABLE_OF_5_LARGER_GRAPHS,LARGEST_FIRST,601,215,0.8018433179723502
bcsstk10,BEST_AVAILABLE_OF_5_LARGER_GRAPHS,LARGEST_FIRST,602,216,0.8009216589861751
bcsstk10,BEST_AVAILABLE_OF_5_LARGER_GRAPHS,LARGEST_FIRST,605,217,0.8
bcsstk10,BEST_AVAILABLE_OF_5_LARGER_GRAPHS,LARGEST_FIRST,606,218,0.7990783410138249
bcsstk10,BEST_AVAILABLE_OF_5_LARGER_GRAPHS,LARGEST_FIRST,607,219,0.7981566820276498
bcsstk10,BEST_AVAILABLE_OF_5_LARGER_GRAPHS,LARGEST_FIRST,612,220,0.7972350230414746
bcsstk10,BEST_AVAILABLE_OF_5_LARGER_GRAPHS,LARGEST_FIRST,625,221,0.7963133640552995
bcsstk10,BEST_AVAILABLE_OF_5_LARGER_GRAPHS,LARGEST_FIRST,626,222,0.7953917050691244
bcsstk10,BEST_AVAILABLE_OF_5_LARGER_GRAPHS,LARGEST_FIRST,627,223,0.7944700460829494
bcsstk10,BEST_AVAILABLE_OF_5_LARGER_GRAPHS,LARGEST_FIRST,630,224,0.7935483870967742
bcsstk10,BEST_AVAILABLE_OF_5_LARGER_GRAPHS,LARGEST_FIRST,631,225,0.7926267281105991
bcsstk10,BEST_AVAILABLE_OF_5_LARGER_GRAPHS,LARGEST_FIRST,632,226,0.791705069124424
bcsstk10,BEST_AVAILABLE_OF_5_LARGER_GRAPHS,LARGEST_FIRST,635,227,0.7907834101382488
bcsstk10,BEST_AVAILABLE_OF_5_LARGER_GRAPHS,LARGEST_FIRST,636,228,0.7898617511520737
bcsstk10,BEST_AVAILABLE_OF_5_LARGER_GRAPHS,LARGEST_FIRST,637,229,0.7889400921658987
bcsstk10,BEST_AVAILABLE_OF_5_LARGER_GRAPHS,LARGEST_FIRST,640,230,0.7880184331797235
bcsstk10,BEST_AVAILABLE_OF_5_LARGER_GRAPHS,LARGEST_FIRST,641,231,0.7870967741935484
bcsstk10,BEST_AVAILABLE_OF_5_LARGER_GRAPHS,LARGEST_FIRST,642,232,0.7861751152073733
bcsstk10,BEST_AVAILABLE_OF_5_LARGER_GRAPHS,LARGEST_FIRST,655,233,0.7852534562211981
bcsstk10,BEST_AVAILABLE_OF_5_LARGER_GRAPHS,LARGEST_FIRST,656,234,0.784331797235023
bcsstk10,BEST_AVAILABLE_OF_5_LARGER_GRAPHS,LARGEST_FIRST,657,235,0.783410138248848
bcsstk10,BEST_AVAILABLE_OF_5_LARGER_GRAPHS,LARGEST_FIRST,660,236,0.7824884792626728
bcsstk10,BEST_AVAILABLE_OF_5_LARGER_GRAPHS,LARGEST_FIRST,661,237,0.7815668202764977
bcsstk10,BEST_AVAILABLE_OF_5_LARGER_GRAPHS,LARGEST_FIRST,662,238,0.7806451612903226
bcsstk10,BEST_AVAILABLE_OF_5_LARGER_GRAPHS,LARGEST_FIRST,665,239,0.7797235023041474
bcsstk10,BEST_AVAILABLE_OF_5_LARGER_GRAPHS,LARGEST_FIRST,666,240,0.7788018433179723
bcsstk10,BEST_AVAILABLE_OF_5_LARGER_GRAPHS,LARGEST_FIRST,667,241,0.7778801843317973
bcsstk10,BEST_AVAILABLE_OF_5_LARGER_GRAPHS,LARGEST_FIRST,670,242,0.7769585253456222
bcsstk10,BEST_AVAILABLE_OF_5_LARGER_GRAPHS,LARGEST_FIRST,671,243,0.776036866359447
bcsstk10,BEST_AVAILABLE_OF_5_LARGER_GRAPHS,LARGEST_FIRST,672,244,0.7751152073732719
bcsstk10,BEST_AVAILABLE_OF_5_LARGER_GRAPHS,LARGEST_FIRST,685,245,0.7741935483870968
bcsstk10,BEST_AVAILABLE_OF_5_LARGER_GRAPHS,LARGEST_FIRST,686,246,0.7732718894009216
bcsstk10,BEST_AVAILABLE_OF_5_LARGER_GRAPHS,LARGEST_FIRST,687,247,0.7723502304147466
bcsstk10,BEST_AVAILABLE_OF_5_LARGER_GRAPHS,LARGEST_FIRST,690,248,0.7714285714285715
bcsstk10,BEST_AVAILABLE_OF_5_LARGER_GRAPHS,LARGEST_FIRST,691,249,0.7705069124423963
bcsstk10,BEST_AVAILABLE_OF_5_LARGER_GRAPHS,LARGEST_FIRST,692,250,0.7695852534562212
bcsstk10,BEST_AVAILABLE_OF_5_LARGER_GRAPHS,LARGEST_FIRST,695,251,0.7686635944700461
bcsstk10,BEST_AVAILABLE_OF_5_LARGER_GRAPHS,LARGEST_FIRST,696,252,0.7677419354838709
bcsstk10,BEST_AVAILABLE_OF_5_LARGER_GRAPHS,LARGEST_FIRST,697,253,0.7668202764976959
bcsstk10,BEST_AVAILABLE_OF_5_LARGER_GRAPHS,LARGEST_FIRST,700,254,0.7658986175115208
bcsstk10,BEST_AVAILABLE_OF_5_LARGER_GRAPHS,LARGEST_FIRST,701,255,0.7649769585253456
bcsstk10,BEST_AVAILABLE_OF_5_LARGER_GRAPHS,LARGEST_FIRST,702,256,0.7640552995391705
bcsstk10,BEST_AVAILABLE_OF_5_LARGER_GRAPHS,LARGEST_FIRST,715,257,0.7631336405529954
bcsstk10,BEST_AVAILABLE_OF_5_LARGER_GRAPHS,LARGEST_FIRST,716,258,0.7622119815668202
bcsstk10,BEST_AVAILABLE_OF_5_LARGER_GRAPHS,LARGEST_FIRST,717,259,0.7612903225806451
bcsstk10,BEST_AVAILABLE_OF_5_LARGER_GRAPHS,LARGEST_FIRST,720,260,0.7603686635944701
bcsstk10,BEST_AVAILABLE_OF_5_LARGER_GRAPHS,LARGEST_FIRST,721,261,0.759447004608295
bcsstk10,BEST_AVAILABLE_OF_5_LARGER_GRAPHS,LARGEST_FIRST,722,262,0.7585253456221198
bcsstk10,BEST_AVAILABLE_OF_5_LARGER_GRAPHS,LARGEST_FIRST,725,263,0.7576036866359447
bcsstk10,BEST_AVAILABLE_OF_5_LARGER_GRAPHS,LARGEST_FIRST,726,264,0.7566820276497696
bcsstk10,BEST_AVAILABLE_OF_5_LARGER_GRAPHS,LARGEST_FIRST,727,265,0.7557603686635944
bcsstk10,BEST_AVAILABLE_OF_5_LARGER_GRAPHS,LARGEST_FIRST,730,266,0.7548387096774194
bcsstk10,BEST_AVAILABLE_OF_5_LARGER_GRAPHS,LARGEST_FIRST,731,267,0.7539170506912443
bcsstk10,BEST_AVAILABLE_OF_5_LARGER_GRAPHS,LARGEST_FIRST,732,268,0.7529953917050691
bcsstk10,BEST_AVAILABLE_OF_5_LARGER_GRAPHS,LARGEST_FIRST,745,269,0.752073732718894
bcsstk10,BEST_AVAILABLE_OF_5_LARGER_GRAPHS,LARGEST_FIRST,746,270,0.7511520737327189
bcsstk10,BEST_AVAILABLE_OF_5_LARGER_GRAPHS,LARGEST_FIRST,747,271,0.7502304147465437
bcsstk10,BEST_AVAILABLE_OF_5_LARGER_GRAPHS,LARGEST_FIRST,750,272,0.7493087557603687
bcsstk10,BEST_AVAILABLE_OF_5_LARGER_GRAPHS,LARGEST_FIRST,751,273,0.7483870967741936
bcsstk10,BEST_AVAILABLE_OF_5_LARGER_GRAPHS,LARGEST_FIRST,752,274,0.7474654377880184
bcsstk10,BEST_AVAILABLE_OF_5_LARGER_GRAPHS,LARGEST_FIRST,755,275,0.7465437788018433
bcsstk10,BEST_AVAILABLE_OF_5_LARGER_GRAPHS,LARGEST_FIRST,756,276,0.7456221198156682
bcsstk10,BEST_AVAILABLE_OF_5_LARGER_GRAPHS,LARGEST_FIRST,757,277,0.744700460829493
bcsstk10,BEST_AVAILABLE_OF_5_LARGER_GRAPHS,LARGEST_FIRST,760,278,0.743778801843318
bcsstk10,BEST_AVAILABLE_OF_5_LARGER_GRAPHS,LARGEST_FIRST,762,279,0.7428571428571429
bcsstk10,BEST_AVAILABLE_OF_5_LARGER_GRAPHS,LARGEST_FIRST,775,280,0.7419354838709677
bcsstk10,BEST_AVAILABLE_OF_5_LARGER_GRAPHS,LARGEST_FIRST,776,281,0.7410138248847926
bcsstk10,BEST_AVAILABLE_OF_5_LARGER_GRAPHS,LARGEST_FIRST,777,282,0.7400921658986175
bcsstk10,BEST_AVAILABLE_OF_5_LARGER_GRAPHS,LARGEST_FIRST,780,283,0.7391705069124423
bcsstk10,BEST_AVAILABLE_OF_5_LARGER_GRAPHS,LARGEST_FIRST,781,284,0.7382488479262673
bcsstk10,BEST_AVAILABLE_OF_5_LARGER_GRAPHS,LARGEST_FIRST,782,285,0.7373271889400922
bcsstk10,BEST_AVAILABLE_OF_5_LARGER_GRAPHS,LARGEST_FIRST,786,286,0.7364055299539171
bcsstk10,BEST_AVAILABLE_OF_5_LARGER_GRAPHS,LARGEST_FIRST,787,287,0.7354838709677419
bcsstk10,BEST_AVAILABLE_OF_5_LARGER_GRAPHS,LARGEST_FIRST,790,288,0.7345622119815668
bcsstk10,BEST_AVAILABLE_OF_5_LARGER_GRAPHS,LARGEST_FIRST,792,289,0.7336405529953917
bcsstk10,BEST_AVAILABLE_OF_5_LARGER_GRAPHS,LARGEST_FIRST,805,290,0.7327188940092166
bcsstk10,BEST_AVAILABLE_OF_5_LARGER_GRAPHS,LARGEST_FIRST,806,291,0.7317972350230415
bcsstk10,BEST_AVAILABLE_OF_5_LARGER_GRAPHS,LARGEST_FIRST,807,292,0.7308755760368664
bcsstk10,BEST_AVAILABLE_OF_5_LARGER_GRAPHS,LARGEST_FIRST,810,293,0.7299539170506912
bcsstk10,BEST_AVAILABLE_OF_5_LARGER_GRAPHS,LARGEST_FIRST,811,294,0.7290322580645161
bcsstk10,BEST_AVAILABLE_OF_5_LARGER_GRAPHS,LARGEST_FIRST,812,295,0.728110599078341
bcsstk10,BEST_AVAILABLE_OF_5_LARGER_GRAPHS,LARGEST_FIRST,815,296,0.727188940092166
bcsstk10,BEST_AVAILABLE_OF_5_LARGER_GRAPHS,LARGEST_FIRST,816,297,0.7262672811059908
bcsstk10,BEST_AVAILABLE_OF_5_LARGER_GRAPHS,LARGEST_FIRST,817,298,0.7253456221198157
bcsstk10,BEST_AVAILABLE_OF_5_LARGER_GRAPHS,LARGEST_FIRST,820,299,0.7244239631336405
bcsstk10,BEST_AVAILABLE_OF_5_LARGER_GRAPHS,LARGEST_FIRST,821,300,0.7235023041474654
bcsstk10,BEST_AVAILABLE_OF_5_LARGER_GRAPHS,LARGEST_FIRST,822,301,0.7225806451612903
bcsstk10,BEST_AVAILABLE_OF_5_LARGER_GRAPHS,LARGEST_FIRST,835,302,0.7216589861751153
bcsstk10,BEST_AVAILABLE_OF_5_LARGER_GRAPHS,LARGEST_FIRST,836,303,0.7207373271889401
bcsstk10,BEST_AVAILABLE_OF_5_LARGER_GRAPHS,LARGEST_FIRST,837,304,0.719815668202765
bcsstk10,BEST_AVAILABLE_OF_5_LARGER_GRAPHS,LARGEST_FIRST,840,305,0.7188940092165899
bcsstk10,BEST_AVAILABLE_OF_5_LARGER_GRAPHS,LARGEST_FIRST,841,306,0.7179723502304147
bcsstk10,BEST_AVAILABLE_OF_5_LARGER_GRAPHS,LARGEST_FIRST,842,307,0.7170506912442396
bcsstk10,BEST_AVAILABLE_OF_5_LARGER_GRAPHS,LARGEST_FIRST,845,308,0.7161290322580646
bcsstk10,BEST_AVAILABLE_OF_5_LARGER_GRAPHS,LARGEST_FIRST,846,309,0.7152073732718894
bcsstk10,BEST_AVAILABLE_OF_5_LARGER_GRAPHS,LARGEST_FIRST,847,310,0.7142857142857143
bcsstk10,BEST_AVAILABLE_OF_5_LARGER_GRAPHS,LARGEST_FIRST,850,311,0.7133640552995392
bcsstk10,BEST_AVAILABLE_OF_5_LARGER_GRAPHS,LARGEST_FIRST,851,312,0.712442396313364
bcsstk10,BEST_AVAILABLE_OF_5_LARGER_GRAPHS,LARGEST_FIRST,852,313,0.7115207373271889
bcsstk10,BEST_AVAILABLE_OF_5_LARGER_GRAPHS,LARGEST_FIRST,865,314,0.7105990783410139
bcsstk10,BEST_AVAILABLE_OF_5_LARGER_GRAPHS,LARGEST_FIRST,866,315,0.7096774193548387
bcsstk10,BEST_AVAILABLE_OF_5_LARGER_GRAPHS,LARGEST_FIRST,867,316,0.7087557603686636
bcsstk10,BEST_AVAILABLE_OF_5_LARGER_GRAPHS,LARGEST_FIRST,870,317,0.7078341013824885
bcsstk10,BEST_AVAILABLE_OF_5_LARGER_GRAPHS,LARGEST_FIRST,871,318,0.7069124423963133
bcsstk10,BEST_AVAILABLE_OF_5_LARGER_GRAPHS,LARGEST_FIRST,872,319,0.7059907834101382
bcsstk10,BEST_AVAILABLE_OF_5_LARGER_GRAPHS,LARGEST_FIRST,875,320,0.7050691244239631
bcsstk10,BEST_AVAILABLE_OF_5_LARGER_GRAPHS,LARGEST_FIRST,876,321,0.7041474654377881
bcsstk10,BEST_AVAILABLE_OF_5_LARGER_GRAPHS,LARGEST_FIRST,877,322,0.7032258064516129
bcsstk10,BEST_AVAILABLE_OF_5_LARGER_GRAPHS,LARGEST_FIRST,880,323,0.7023041474654378
bcsstk10,BEST_AVAILABLE_OF_5_LARGER_GRAPHS,LARGEST_FIRST,881,324,0.7013824884792627
bcsstk10,BEST_AVAILABLE_OF_5_LARGER_GRAPHS,LARGEST_FIRST,882,325,0.7004608294930875
bcsstk10,BEST_AVAILABLE_OF_5_LARGER_GRAPHS,LARGEST_FIRST,895,326,0.6995391705069124
bcsstk10,BEST_AVAILABLE_OF_5_LARGER_GRAPHS,LARGEST_FIRST,896,327,0.6986175115207374
bcsstk10,BEST_AVAILABLE_OF_5_LARGER_GRAPHS,LARGEST_FIRST,897,328,0.6976958525345622
bcsstk10,BEST_AVAILABLE_OF_5_LARGER_GRAPHS,LARGEST_FIRST,900,329,0.6967741935483871
bcsstk10,BEST_AVAILABLE_OF_5_LARGER_GRAPHS,LARGEST_FIRST,901,330,0.695852534562212
bcsstk10,BEST_AVAILABLE_OF_5_LARGER_GRAPHS,LARGEST_FIRST,902,331,0.6949308755760368
bcsstk10,BEST_AVAILABLE_OF_5_LARGER_GRAPHS,LARGEST_FIRST,905,332,0.6940092165898617
bcsstk10,BEST_AVAILABLE_OF_5_LARGER_GRAPHS,LARGEST_FIRST,906,333,0.6930875576036867
bcsstk10,BEST_AVAILABLE_OF_5_LARGER_GRAPHS,LARGEST_FIRST,907,334,0.6921658986175115
bcsstk10,BEST_AVAILABLE_OF_5_LARGER_GRAPHS,LARGEST_FIRST,910,335,0.6912442396313364
bcsstk10,BEST_AVAILABLE_OF_5_LARGER_GRAPHS,LARGEST_FIRST,911,336,0.6903225806451613
bcsstk10,BEST_AVAILABLE_OF_5_LARGER_GRAPHS,LARGEST_FIRST,912,337,0.6894009216589861
bcsstk10,BEST_AVAILABLE_OF_5_LARGER_GRAPHS,LARGEST_FIRST,925,338,0.688479262672811
bcsstk10,BEST_AVAILABLE_OF_5_LARGER_GRAPHS,LARGEST_FIRST,926,339,0.687557603686636
bcsstk10,BEST_AVAILABLE_OF_5_LARGER_GRAPHS,LARGEST_FIRST,927,340,0.6866359447004609
bcsstk10,BEST_AVAILABLE_OF_5_LARGER_GRAPHS,LARGEST_FIRST,930,341,0.6857142857142857
bcsstk10,BEST_AVAILABLE_OF_5_LARGER_GRAPHS,LARGEST_FIRST,931,342,0.6847926267281106
bcsstk10,BEST_AVAILABLE_OF_5_LARGER_GRAPHS,LARGEST_FIRST,932,343,0.6838709677419355
bcsstk10,BEST_AVAILABLE_OF_5_LARGER_GRAPHS,LARGEST_FIRST,935,344,0.6829493087557603
bcsstk10,BEST_AVAILABLE_OF_5_LARGER_GRAPHS,LARGEST_FIRST,936,345,0.6820276497695853
bcsstk10,BEST_AVAILABLE_OF_5_LARGER_GRAPHS,LARGEST_FIRST,937,346,0.6811059907834102
bcsstk10,BEST_AVAILABLE_OF_5_LARGER_GRAPHS,LARGEST_FIRST,940,347,0.680184331797235
bcsstk10,BEST_AVAILABLE_OF_5_LARGER_GRAPHS,LARGEST_FIRST,941,348,0.6792626728110599
bcsstk10,BEST_AVAILABLE_OF_5_LARGER_GRAPHS,LARGEST_FIRST,942,349,0.6783410138248848
bcsstk10,BEST_AVAILABLE_OF_5_LARGER_GRAPHS,LARGEST_FIRST,955,350,0.6774193548387096
bcsstk10,BEST_AVAILABLE_OF_5_LARGER_GRAPHS,LARGEST_FIRST,956,351,0.6764976958525346
bcsstk10,BEST_AVAILABLE_OF_5_LARGER_GRAPHS,LARGEST_FIRST,957,352,0.6755760368663595
bcsstk10,BEST_AVAILABLE_OF_5_LARGER_GRAPHS,LARGEST_FIRST,960,353,0.6746543778801843
bcsstk10,BEST_AVAILABLE_OF_5_LARGER_GRAPHS,LARGEST_FIRST,961,354,0.6737327188940092
bcsstk10,BEST_AVAILABLE_OF_5_LARGER_GRAPHS,LARGEST_FIRST,962,355,0.6728110599078341
bcsstk10,BEST_AVAILABLE_OF_5_LARGER_GRAPHS,LARGEST_FIRST,965,356,0.6718894009216589
bcsstk10,BEST_AVAILABLE_OF_5_LARGER_GRAPHS,LARGEST_FIRST,966,357,0.6709677419354839
bcsstk10,BEST_AVAILABLE_OF_5_LARGER_GRAPHS,LARGEST_FIRST,967,358,0.6700460829493088
bcsstk10,BEST_AVAILABLE_OF_5_LARGER_GRAPHS,LARGEST_FIRST,970,359,0.6691244239631337
bcsstk10,BEST_AVAILABLE_OF_5_LARGER_GRAPHS,LARGEST_FIRST,971,360,0.6682027649769585
bcsstk10,BEST_AVAILABLE_OF_5_LARGER_GRAPHS,LARGEST_FIRST,972,361,0.6672811059907834
bcsstk10,BEST_AVAILABLE_OF_5_LARGER_GRAPHS,LARGEST_FIRST,985,362,0.6663594470046083
bcsstk10,BEST_AVAILABLE_OF_5_LARGER_GRAPHS,LARGEST_FIRST,986,363,0.6654377880184332
bcsstk10,BEST_AVAILABLE_OF_5_LARGER_GRAPHS,LARGEST_FIRST,987,364,0.6645161290322581
bcsstk10,BEST_AVAILABLE_OF_5_LARGER_GRAPHS,LARGEST_FIRST,990,365,0.663594470046083
bcsstk10,BEST_AVAILABLE_OF_5_LARGER_GRAPHS,LARGEST_FIRST,991,366,0.6626728110599078
bcsstk10,BEST_AVAILABLE_OF_5_LARGER_GRAPHS,LARGEST_FIRST,992,367,0.6617511520737327
bcsstk10,BEST_AVAILABLE_OF_5_LARGER_GRAPHS,LARGEST_FIRST,995,368,0.6608294930875576
bcsstk10,BEST_AVAILABLE_OF_5_LARGER_GRAPHS,LARGEST_FIRST,996,369,0.6599078341013825
bcsstk10,BEST_AVAILABLE_OF_5_LARGER_GRAPHS,LARGEST_FIRST,997,370,0.6589861751152074
bcsstk10,BEST_AVAILABLE_OF_5_LARGER_GRAPHS,LARGEST_FIRST,1000,371,0.6580645161290323
bcsstk10,BEST_AVAILABLE_OF_5_LARGER_GRAPHS,LARGEST_FIRST,1001,372,0.6571428571428571
bcsstk10,BEST_AVAILABLE_OF_5_LARGER_GRAPHS,LARGEST_FIRST,1002,373,0.656221198156682
bcsstk10,BEST_AVAILABLE_OF_5_LARGER_GRAPHS,LARGEST_FIRST,1015,374,0.6552995391705069
bcsstk10,BEST_AVAILABLE_OF_5_LARGER_GRAPHS,LARGEST_FIRST,1016,375,0.6543778801843319
bcsstk10,BEST_AVAILABLE_OF_5_LARGER_GRAPHS,LARGEST_FIRST,1017,376,0.6534562211981567
bcsstk10,BEST_AVAILABLE_OF_5_LARGER_GRAPHS,LARGEST_FIRST,1020,377,0.6525345622119816
bcsstk10,BEST_AVAILABLE_OF_5_LARGER_GRAPHS,LARGEST_FIRST,1021,378,0.6516129032258065
bcsstk10,BEST_AVAILABLE_OF_5_LARGER_GRAPHS,LARGEST_FIRST,1022,379,0.6506912442396313
bcsstk10,BEST_AVAILABLE_OF_5_LARGER_GRAPHS,LARGEST_FIRST,1025,380,0.6497695852534562
bcsstk10,BEST_AVAILABLE_OF_5_LARGER_GRAPHS,LARGEST_FIRST,1026,381,0.6488479262672812
bcsstk10,BEST_AVAILABLE_OF_5_LARGER_GRAPHS,LARGEST_FIRST,1027,382,0.647926267281106
bcsstk10,BEST_AVAILABLE_OF_5_LARGER_GRAPHS,LARGEST_FIRST,1030,383,0.6470046082949309
bcsstk10,BEST_AVAILABLE_OF_5_LARGER_GRAPHS,LARGEST_FIRST,1031,384,0.6460829493087558
bcsstk10,BEST_AVAILABLE_OF_5_LARGER_GRAPHS,LARGEST_FIRST,1032,385,0.6451612903225806
bcsstk10,BEST_AVAILABLE_OF_5_LARGER_GRAPHS,LARGEST_FIRST,71,386,0.6442396313364055
bcsstk10,BEST_AVAILABLE_OF_5_LARGER_GRAPHS,LARGEST_FIRST,386,387,0.6433179723502304
bcsstk10,BEST_AVAILABLE_OF_5_LARGER_GRAPHS,LARGEST_FIRST,390,388,0.6423963133640553
bcsstk10,BEST_AVAILABLE_OF_5_LARGER_GRAPHS,LARGEST_FIRST,545,389,0.6414746543778802
bcsstk10,BEST_AVAILABLE_OF_5_LARGER_GRAPHS,LARGEST_FIRST,546,390,0.6405529953917051
bcsstk10,BEST_AVAILABLE_OF_5_LARGER_GRAPHS,LARGEST_FIRST,610,391,0.6396313364055299
bcsstk10,BEST_AVAILABLE_OF_5_LARGER_GRAPHS,LARGEST_FIRST,611,392,0.6387096774193548
bcsstk10,BEST_AVAILABLE_OF_5_LARGER_GRAPHS,LARGEST_FIRST,761,393,0.6377880184331797
bcsstk10,BEST_AVAILABLE_OF_5_LARGER_GRAPHS,LARGEST_FIRST,785,394,0.6368663594470046
bcsstk10,BEST_AVAILABLE_OF_5_LARGER_GRAPHS,LARGEST_FIRST,791,395,0.6359447004608295
bcsstk10,BEST_AVAILABLE_OF_5_LARGER_GRAPHS,LARGEST_FIRST,25,396,0.6350230414746544
bcsstk10,BEST_AVAILABLE_OF_5_LARGER_GRAPHS,LARGEST_FIRST,26,397,0.6341013824884792
bcsstk10,BEST_AVAILABLE_OF_5_LARGER_GRAPHS,LARGEST_FIRST,27,398,0.6331797235023041
bcsstk10,BEST_AVAILABLE_OF_5_LARGER_GRAPHS,LARGEST_FIRST,30,399,0.632258064516129
bcsstk10,BEST_AVAILABLE_OF_5_LARGER_GRAPHS,LARGEST_FIRST,31,400,0.631336405529954
bcsstk10,BEST_AVAILABLE_OF_5_LARGER_GRAPHS,LARGEST_FIRST,32,401,0.6304147465437788
bcsstk10,BEST_AVAILABLE_OF_5_LARGER_GRAPHS,LARGEST_FIRST,35,402,0.6294930875576037
bcsstk10,BEST_AVAILABLE_OF_5_LARGER_GRAPHS,LARGEST_FIRST,36,403,0.6285714285714286
bcsstk10,BEST_AVAILABLE_OF_5_LARGER_GRAPHS,LARGEST_FIRST,37,404,0.6276497695852534
bcsstk10,BEST_AVAILABLE_OF_5_LARGER_GRAPHS,LARGEST_FIRST,40,405,0.6267281105990783
bcsstk10,BEST_AVAILABLE_OF_5_LARGER_GRAPHS,LARGEST_FIRST,41,406,0.6258064516129033
bcsstk10,BEST_AVAILABLE_OF_5_LARGER_GRAPHS,LARGEST_FIRST,42,407,0.6248847926267281
bcsstk10,BEST_AVAILABLE_OF_5_LARGER_GRAPHS,LARGEST_FIRST,1046,408,0.623963133640553
bcsstk10,BEST_AVAILABLE_OF_5_LARGER_GRAPHS,LARGEST_FIRST,1047,409,0.6230414746543779
bcsstk10,BEST_AVAILABLE_OF_5_LARGER_GRAPHS,LARGEST_FIRST,1050,410,0.6221198156682027
bcsstk10,BEST_AVAILABLE_OF_5_LARGER_GRAPHS,LARGEST_FIRST,1051,411,0.6211981566820276
bcsstk10,BEST_AVAILABLE_OF_5_LARGER_GRAPHS,LARGEST_FIRST,1052,412,0.6202764976958526
bcsstk10,BEST_AVAILABLE_OF_5_LARGER_GRAPHS,LARGEST_FIRST,1055,413,0.6193548387096774
bcsstk10,BEST_AVAILABLE_OF_5_LARGER_GRAPHS,LARGEST_FIRST,1056,414,0.6184331797235023
bcsstk10,BEST_AVAILABLE_OF_5_LARGER_GRAPHS,LARGEST_FIRST,1057,415,0.6175115207373272
bcsstk10,BEST_AVAILABLE_OF_5_LARGER_GRAPHS,LARGEST_FIRST,1060,416,0.616589861751152
bcsstk10,BEST_AVAILABLE_OF_5_LARGER_GRAPHS,LARGEST_FIRST,1061,417,0.6156682027649769
bcsstk10,BEST_AVAILABLE_OF_5_LARGER_GRAPHS,LARGEST_FIRST,1062,418,0.6147465437788019
bcsstk10,BEST_AVAILABLE_OF_5_LARGER_GRAPHS,LARGEST_FIRST,1045,419,0.6138248847926268
bcsstk10,BEST_AVAILABLE_OF_5_LARGER_GRAPHS,LARGEST_FIRST,50,420,0.6129032258064516
bcsstk10,BEST_AVAILABLE_OF_5_LARGER_GRAPHS,LARGEST_FIRST,51,421,0.6119815668202765
bcsstk10,BEST_AVAILABLE_OF_5_LARGER_GRAPHS,LARGEST_FIRST,52,422,0.6110599078341014
bcsstk10,BEST_AVAILABLE_OF_5_LARGER_GRAPHS,LARGEST_FIRST,53,423,0.6101382488479262
bcsstk10,BEST_AVAILABLE_OF_5_LARGER_GRAPHS,LARGEST_FIRST,54,424,0.6092165898617512
bcsstk10,BEST_AVAILABLE_OF_5_LARGER_GRAPHS,LARGEST_FIRST,58,425,0.6082949308755761
bcsstk10,BEST_AVAILABLE_OF_5_LARGER_GRAPHS,LARGEST_FIRST,59,426,0.6073732718894009
bcsstk10,BEST_AVAILABLE_OF_5_LARGER_GRAPHS,LARGEST_FIRST,63,427,0.6064516129032258
bcsstk10,BEST_AVAILABLE_OF_5_LARGER_GRAPHS,LARGEST_FIRST,64,428,0.6055299539170507
bcsstk10,BEST_AVAILABLE_OF_5_LARGER_GRAPHS,LARGEST_FIRST,68,429,0.6046082949308755
bcsstk10,BEST_AVAILABLE_OF_5_LARGER_GRAPHS,LARGEST_FIRST,69,430,0.6036866359447005
bcsstk10,BEST_AVAILABLE_OF_5_LARGER_GRAPHS,LARGEST_FIRST,76,431,0.6027649769585254
bcsstk10,BEST_AVAILABLE_OF_5_LARGER_GRAPHS,LARGEST_FIRST,77,432,0.6018433179723502
bcsstk10,BEST_AVAILABLE_OF_5_LARGER_GRAPHS,LARGEST_FIRST,80,433,0.6009216589861751
bcsstk10,BEST_AVAILABLE_OF_5_LARGER_GRAPHS,LARGEST_FIRST,81,434,0.6
bcsstk10,BEST_AVAILABLE_OF_5_LARGER_GRAPHS,LARGEST_FIRST,82,435,0.5990783410138248
bcsstk10,BEST_AVAILABLE_OF_5_LARGER_GRAPHS,LARGEST_FIRST,83,436,0.5981566820276498
bcsstk10,BEST_AVAILABLE_OF_5_LARGER_GRAPHS,LARGEST_FIRST,84,437,0.5972350230414747
bcsstk10,BEST_AVAILABLE_OF_5_LARGER_GRAPHS,LARGEST_FIRST,88,438,0.5963133640552996
bcsstk10,BEST_AVAILABLE_OF_5_LARGER_GRAPHS,LARGEST_FIRST,89,439,0.5953917050691244
bcsstk10,BEST_AVAILABLE_OF_5_LARGER_GRAPHS,LARGEST_FIRST,93,440,0.5944700460829493
bcsstk10,BEST_AVAILABLE_OF_5_LARGER_GRAPHS,LARGEST_FIRST,94,441,0.5935483870967742
bcsstk10,BEST_AVAILABLE_OF_5_LARGER_GRAPHS,LARGEST_FIRST,98,442,0.5926267281105991
bcsstk10,BEST_AVAILABLE_OF_5_LARGER_GRAPHS,LARGEST_FIRST,99,443,0.591705069124424
bcsstk10,BEST_AVAILABLE_OF_5_LARGER_GRAPHS,LARGEST_FIRST,105,444,0.5907834101382489
bcsstk10,BEST_AVAILABLE_OF_5_LARGER_GRAPHS,LARGEST_FIRST,106,445,0.5898617511520737
bcsstk10,BEST_AVAILABLE_OF_5_LARGER_GRAPHS,LARGEST_FIRST,107,446,0.5889400921658986
bcsstk10,BEST_AVAILABLE_OF_5_LARGER_GRAPHS,LARGEST_FIRST,110,447,0.5880184331797235
bcsstk10,BEST_AVAILABLE_OF_5_LARGER_GRAPHS,LARGEST_FIRST,111,448,0.5870967741935483
bcsstk10,BEST_AVAILABLE_OF_5_LARGER_GRAPHS,LARGEST_FIRST,112,449,0.5861751152073733
bcsstk10,BEST_AVAILABLE_OF_5_LARGER_GRAPHS,LARGEST_FIRST,113,450,0.5852534562211982
bcsstk10,BEST_AVAILABLE_OF_5_LARGER_GRAPHS,LARGEST_FIRST,114,451,0.584331797235023
bcsstk10,BEST_AVAILABLE_OF_5_LARGER_GRAPHS,LARGEST_FIRST,118,452,0.5834101382488479
bcsstk10,BEST_AVAILABLE_OF_5_LARGER_GRAPHS,LARGEST_FIRST,119,453,0.5824884792626728
bcsstk10,BEST_AVAILABLE_OF_5_LARGER_GRAPHS,LARGEST_FIRST,123,454,0.5815668202764976
bcsstk10,BEST_AVAILABLE_OF_5_LARGER_GRAPHS,LARGEST_FIRST,124,455,0.5806451612903226
bcsstk10,BEST_AVAILABLE_OF_5_LARGER_GRAPHS,LARGEST_FIRST,128,456,0.5797235023041475
bcsstk10,BEST_AVAILABLE_OF_5_LARGER_GRAPHS,LARGEST_FIRST,129,457,0.5788018433179724
bcsstk10,BEST_AVAILABLE_OF_5_LARGER_GRAPHS,LARGEST_FIRST,135,458,0.5778801843317972
bcsstk10,BEST_AVAILABLE_OF_5_LARGER_GRAPHS,LARGEST_FIRST,136,459,0.5769585253456221
bcsstk10,BEST_AVAILABLE_OF_5_LARGER_GRAPHS,LARGEST_FIRST,137,460,0.576036866359447
bcsstk10,BEST_AVAILABLE_OF_5_LARGER_GRAPHS,LARGEST_FIRST,140,461,0.5751152073732719
bcsstk10,BEST_AVAILABLE_OF_5_LARGER_GRAPHS,LARGEST_FIRST,141,462,0.5741935483870968
bcsstk10,BEST_AVAILABLE_OF_5_LARGER_GRAPHS,LARGEST_FIRST,142,463,0.5732718894009217
bcsstk10,BEST_AVAILABLE_OF_5_LARGER_GRAPHS,LARGEST_FIRST,143,464,0.5723502304147465
bcsstk10,BEST_AVAILABLE_OF_5_LARGER_GRAPHS,LARGEST_FIRST,144,465,0.5714285714285714
bcsstk10,BEST_AVAILABLE_OF_5_LARGER_GRAPHS,LARGEST_FIRST,148,466,0.5705069124423963
bcsstk10,BEST_AVAILABLE_OF_5_LARGER_GRAPHS,LARGEST_FIRST,149,467,0.5695852534562212
bcsstk10,BEST_AVAILABLE_OF_5_LARGER_GRAPHS,LARGEST_FIRST,153,468,0.5686635944700461
bcsstk10,BEST_AVAILABLE_OF_5_LARGER_GRAPHS,LARGEST_FIRST,154,469,0.567741935483871
bcsstk10,BEST_AVAILABLE_OF_5_LARGER_GRAPHS,LARGEST_FIRST,158,470,0.5668202764976958
bcsstk10,BEST_AVAILABLE_OF_5_LARGER_GRAPHS,LARGEST_FIRST,159,471,0.5658986175115207
bcsstk10,BEST_AVAILABLE_OF_5_LARGER_GRAPHS,LARGEST_FIRST,165,472,0.5649769585253456
bcsstk10,BEST_AVAILABLE_OF_5_LARGER_GRAPHS,LARGEST_FIRST,166,473,0.5640552995391706
bcsstk10,BEST_AVAILABLE_OF_5_LARGER_GRAPHS,LARGEST_FIRST,167,474,0.5631336405529954
bcsstk10,BEST_AVAILABLE_OF_5_LARGER_GRAPHS,LARGEST_FIRST,170,475,0.5622119815668203
bcsstk10,BEST_AVAILABLE_OF_5_LARGER_GRAPHS,LARGEST_FIRST,171,476,0.5612903225806452
bcsstk10,BEST_AVAILABLE_OF_5_LARGER_GRAPHS,LARGEST_FIRST,172,477,0.56036866359447
bcsstk10,BEST_AVAILABLE_OF_5_LARGER_GRAPHS,LARGEST_FIRST,173,478,0.5594470046082949
bcsstk10,BEST_AVAILABLE_OF_5_LARGER_GRAPHS,LARGEST_FIRST,174,479,0.5585253456221199
bcsstk10,BEST_AVAILABLE_OF_5_LARGER_GRAPHS,LARGEST_FIRST,178,480,0.5576036866359447
bcsstk10,BEST_AVAILABLE_OF_5_LARGER_GRAPHS,LARGEST_FIRST,179,481,0.5566820276497696
bcsstk10,BEST_AVAILABLE_OF_5_LARGER_GRAPHS,LARGEST_FIRST,183,482,0.5557603686635945
bcsstk10,BEST_AVAILABLE_OF_5_LARGER_GRAPHS,LARGEST_FIRST,184,483,0.5548387096774193
bcsstk10,BEST_AVAILABLE_OF_5_LARGER_GRAPHS,LARGEST_FIRST,188,484,0.5539170506912442
bcsstk10,BEST_AVAILABLE_OF_5_LARGER_GRAPHS,LARGEST_FIRST,189,485,0.5529953917050692
bcsstk10,BEST_AVAILABLE_OF_5_LARGER_GRAPHS,LARGEST_FIRST,195,486,0.552073732718894
bcsstk10,BEST_AVAILABLE_OF_5_LARGER_GRAPHS,LARGEST_FIRST,196,487,0.5511520737327189
bcsstk10,BEST_AVAILABLE_OF_5_LARGER_GRAPHS,LARGEST_FIRST,197,488,0.5502304147465438
bcsstk10,BEST_AVAILABLE_OF_5_LARGER_GRAPHS,LARGEST_FIRST,200,489,0.5493087557603686
bcsstk10,BEST_AVAILABLE_OF_5_LARGER_GRAPHS,LARGEST_FIRST,201,490,0.5483870967741935
bcsstk10,BEST_AVAILABLE_OF_5_LARGER_GRAPHS,LARGEST_FIRST,202,491,0.5474654377880185
bcsstk10,BEST_AVAILABLE_OF_5_LARGER_GRAPHS,LARGEST_FIRST,203,492,0.5465437788018433
bcsstk10,BEST_AVAILABLE_OF_5_LARGER_GRAPHS,LARGEST_FIRST,204,493,0.5456221198156682
bcsstk10,BEST_AVAILABLE_OF_5_LARGER_GRAPHS,LARGEST_FIRST,208,494,0.5447004608294931
bcsstk10,BEST_AVAILABLE_OF_5_LARGER_GRAPHS,LARGEST_FIRST,209,495,0.543778801843318
bcsstk10,BEST_AVAILABLE_OF_5_LARGER_GRAPHS,LARGEST_FIRST,213,496,0.5428571428571428
bcsstk10,BEST_AVAILABLE_OF_5_LARGER_GRAPHS,LARGEST_FIRST,214,497,0.5419354838709678
bcsstk10,BEST_AVAILABLE_OF_5_LARGER_GRAPHS,LARGEST_FIRST,218,498,0.5410138248847927
bcsstk10,BEST_AVAILABLE_OF_5_LARGER_GRAPHS,LARGEST_FIRST,219,499,0.5400921658986175
bcsstk10,BEST_AVAILABLE_OF_5_LARGER_GRAPHS,LARGEST_FIRST,225,500,0.5391705069124424
bcsstk10,BEST_AVAILABLE_OF_5_LARGER_GRAPHS,LARGEST_FIRST,226,501,0.5382488479262673
bcsstk10,BEST_AVAILABLE_OF_5_LARGER_GRAPHS,LARGEST_FIRST,227,502,0.5373271889400921
bcsstk10,BEST_AVAILABLE_OF_5_LARGER_GRAPHS,LARGEST_FIRST,230,503,0.5364055299539171
bcsstk10,BEST_AVAILABLE_OF_5_LARGER_GRAPHS,LARGEST_FIRST,231,504,0.535483870967742
bcsstk10,BEST_AVAILABLE_OF_5_LARGER_GRAPHS,LARGEST_FIRST,232,505,0.5345622119815668
bcsstk10,BEST_AVAILABLE_OF_5_LARGER_GRAPHS,LARGEST_FIRST,233,506,0.5336405529953917
bcsstk10,BEST_AVAILABLE_OF_5_LARGER_GRAPHS,LARGEST_FIRST,234,507,0.5327188940092166
bcsstk10,BEST_AVAILABLE_OF_5_LARGER_GRAPHS,LARGEST_FIRST,238,508,0.5317972350230414
bcsstk10,BEST_AVAILABLE_OF_5_LARGER_GRAPHS,LARGEST_FIRST,239,509,0.5308755760368664
bcsstk10,BEST_AVAILABLE_OF_5_LARGER_GRAPHS,LARGEST_FIRST,243,510,0.5299539170506913
bcsstk10,BEST_AVAILABLE_OF_5_LARGER_GRAPHS,LARGEST_FIRST,244,511,0.5290322580645161
bcsstk10,BEST_AVAILABLE_OF_5_LARGER_GRAPHS,LARGEST_FIRST,248,512,0.528110599078341
bcsstk10,BEST_AVAILABLE_OF_5_LARGER_GRAPHS,LARGEST_FIRST,249,513,0.5271889400921659
bcsstk10,BEST_AVAILABLE_OF_5_LARGER_GRAPHS,LARGEST_FIRST,255,514,0.5262672811059907
bcsstk10,BEST_AVAILABLE_OF_5_LARGER_GRAPHS,LARGEST_FIRST,256,515,0.5253456221198156
bcsstk10,BEST_AVAILABLE_OF_5_LARGER_GRAPHS,LARGEST_FIRST,257,516,0.5244239631336406
bcsstk10,BEST_AVAILABLE_OF_5_LARGER_GRAPHS,LARGEST_FIRST,260,517,0.5235023041474655
bcsstk10,BEST_AVAILABLE_OF_5_LARGER_GRAPHS,LARGEST_FIRST,261,518,0.5225806451612903
bcsstk10,BEST_AVAILABLE_OF_5_LARGER_GRAPHS,LARGEST_FIRST,262,519,0.5216589861751152
bcsstk10,BEST_AVAILABLE_OF_5_LARGER_GRAPHS,LARGEST_FIRST,263,520,0.5207373271889401
bcsstk10,BEST_AVAILABLE_OF_5_LARGER_GRAPHS,LARGEST_FIRST,264,521,0.5198156682027649
bcsstk10,BEST_AVAILABLE_OF_5_LARGER_GRAPHS,LARGEST_FIRST,268,522,0.5188940092165899
bcsstk10,BEST_AVAILABLE_OF_5_LARGER_GRAPHS,LARGEST_FIRST,269,523,0.5179723502304148
bcsstk10,BEST_AVAILABLE_OF_5_LARGER_GRAPHS,LARGEST_FIRST,273,524,0.5170506912442396
bcsstk10,BEST_AVAILABLE_OF_5_LARGER_GRAPHS,LARGEST_FIRST,274,525,0.5161290322580645
bcsstk10,BEST_AVAILABLE_OF_5_LARGER_GRAPHS,LARGEST_FIRST,278,526,0.5152073732718894
bcsstk10,BEST_AVAILABLE_OF_5_LARGER_GRAPHS,LARGEST_FIRST,279,527,0.5142857142857142
bcsstk10,BEST_AVAILABLE_OF_5_LARGER_GRAPHS,LARGEST_FIRST,285,528,0.5133640552995392
bcsstk10,BEST_AVAILABLE_OF_5_LARGER_GRAPHS,LARGEST_FIRST,286,529,0.5124423963133641
bcsstk10,BEST_AVAILABLE_OF_5_LARGER_GRAPHS,LARGEST_FIRST,287,530,0.511520737327189
bcsstk10,BEST_AVAILABLE_OF_5_LARGER_GRAPHS,LARGEST_FIRST,290,531,0.5105990783410138
bcsstk10,BEST_AVAILABLE_OF_5_LARGER_GRAPHS,LARGEST_FIRST,291,532,0.5096774193548387
bcsstk10,BEST_AVAILABLE_OF_5_LARGER_GRAPHS,LARGEST_FIRST,292,533,0.5087557603686635
bcsstk10,BEST_AVAILABLE_OF_5_LARGER_GRAPHS,LARGEST_FIRST,293,534,0.5078341013824885
bcsstk10,BEST_AVAILABLE_OF_5_LARGER_GRAPHS,LARGEST_FIRST,294,535,0.5069124423963134
bcsstk10,BEST_AVAILABLE_OF_5_LARGER_GRAPHS,LARGEST_FIRST,298,536,0.5059907834101383
bcsstk10,BEST_AVAILABLE_OF_5_LARGER_GRAPHS,LARGEST_FIRST,299,537,0.5050691244239631
bcsstk10,BEST_AVAILABLE_OF_5_LARGER_GRAPHS,LARGEST_FIRST,303,538,0.504147465437788
bcsstk10,BEST_AVAILABLE_OF_5_LARGER_GRAPHS,LARGEST_FIRST,304,539,0.5032258064516129
bcsstk10,BEST_AVAILABLE_OF_5_LARGER_GRAPHS,LARGEST_FIRST,308,540,0.5023041474654378
bcsstk10,BEST_AVAILABLE_OF_5_LARGER_GRAPHS,LARGEST_FIRST,309,541,0.5013824884792627
bcsstk10,BEST_AVAILABLE_OF_5_LARGER_GRAPHS,LARGEST_FIRST,315,542,0.5004608294930876
bcsstk10,BEST_AVAILABLE_OF_5_LARGER_GRAPHS,LARGEST_FIRST,316,543,0.49953917050691243
bcsstk10,BEST_AVAILABLE_OF_5_LARGER_GRAPHS,LARGEST_FIRST,317,544,0.4986175115207373
bcsstk10,BEST_AVAILABLE_OF_5_LARGER_GRAPHS,LARGEST_FIRST,320,545,0.4976958525345622
bcsstk10,BEST_AVAILABLE_OF_5_LARGER_GRAPHS,LARGEST_FIRST,321,546,0.4967741935483871
bcsstk10,BEST_AVAILABLE_OF_5_LARGER_GRAPHS,LARGEST_FIRST,322,547,0.49585253456221196
bcsstk10,BEST_AVAILABLE_OF_5_LARGER_GRAPHS,LARGEST_FIRST,323,548,0.4949308755760369
bcsstk10,BEST_AVAILABLE_OF_5_LARGER_GRAPHS,LARGEST_FIRST,324,549,0.49400921658986174
bcsstk10,BEST_AVAILABLE_OF_5_LARGER_GRAPHS,LARGEST_FIRST,328,550,0.4930875576036866
bcsstk10,BEST_AVAILABLE_OF_5_LARGER_GRAPHS,LARGEST_FIRST,329,551,0.49216589861751153
bcsstk10,BEST_AVAILABLE_OF_5_LARGER_GRAPHS,LARGEST_FIRST,333,552,0.4912442396313364
bcsstk10,BEST_AVAILABLE_OF_5_LARGER_GRAPHS,LARGEST_FIRST,334,553,0.49032258064516127
bcsstk10,BEST_AVAILABLE_OF_5_LARGER_GRAPHS,LARGEST_FIRST,338,554,0.4894009216589862
bcsstk10,BEST_AVAILABLE_OF_5_LARGER_GRAPHS,LARGEST_FIRST,339,555,0.48847926267281105
bcsstk10,BEST_AVAILABLE_OF_5_LARGER_GRAPHS,LARGEST_FIRST,345,556,0.4875576036866359
bcsstk10,BEST_AVAILABLE_OF_5_LARGER_GRAPHS,LARGEST_FIRST,346,557,0.48663594470046084
bcsstk10,BEST_AVAILABLE_OF_5_LARGER_GRAPHS,LARGEST_FIRST,347,558,0.4857142857142857
bcsstk10,BEST_AVAILABLE_OF_5_LARGER_GRAPHS,LARGEST_FIRST,350,559,0.4847926267281106
bcsstk10,BEST_AVAILABLE_OF_5_LARGER_GRAPHS,LARGEST_FIRST,351,560,0.4838709677419355
bcsstk10,BEST_AVAILABLE_OF_5_LARGER_GRAPHS,LARGEST_FIRST,352,561,0.48294930875576036
bcsstk10,BEST_AVAILABLE_OF_5_LARGER_GRAPHS,LARGEST_FIRST,353,562,0.48202764976958523
bcsstk10,BEST_AVAILABLE_OF_5_LARGER_GRAPHS,LARGEST_FIRST,354,563,0.48110599078341015
bcsstk10,BEST_AVAILABLE_OF_5_LARGER_GRAPHS,LARGEST_FIRST,358,564,0.480184331797235
bcsstk10,BEST_AVAILABLE_OF_5_LARGER_GRAPHS,LARGEST_FIRST,359,565,0.4792626728110599
bcsstk10,BEST_AVAILABLE_OF_5_LARGER_GRAPHS,LARGEST_FIRST,363,566,0.4783410138248848
bcsstk10,BEST_AVAILABLE_OF_5_LARGER_GRAPHS,LARGEST_FIRST,364,567,0.4774193548387097
bcsstk10,BEST_AVAILABLE_OF_5_LARGER_GRAPHS,LARGEST_FIRST,368,568,0.47649769585253454
bcsstk10,BEST_AVAILABLE_OF_5_LARGER_GRAPHS,LARGEST_FIRST,369,569,0.47557603686635946
bcsstk10,BEST_AVAILABLE_OF_5_LARGER_GRAPHS,LARGEST_FIRST,375,570,0.47465437788018433
bcsstk10,BEST_AVAILABLE_OF_5_LARGER_GRAPHS,LARGEST_FIRST,376,571,0.4737327188940092
bcsstk10,BEST_AVAILABLE_OF_5_LARGER_GRAPHS,LARGEST_FIRST,377,572,0.4728110599078341
bcsstk10,BEST_AVAILABLE_OF_5_LARGER_GRAPHS,LARGEST_FIRST,380,573,0.471889400921659
bcsstk10,BEST_AVAILABLE_OF_5_LARGER_GRAPHS,LARGEST_FIRST,381,574,0.47096774193548385
bcsstk10,BEST_AVAILABLE_OF_5_LARGER_GRAPHS,LARGEST_FIRST,382,575,0.4700460829493088
bcsstk10,BEST_AVAILABLE_OF_5_LARGER_GRAPHS,LARGEST_FIRST,383,576,0.46912442396313364
bcsstk10,BEST_AVAILABLE_OF_5_LARGER_GRAPHS,LARGEST_FIRST,384,577,0.4682027649769585
bcsstk10,BEST_AVAILABLE_OF_5_LARGER_GRAPHS,LARGEST_FIRST,388,578,0.46728110599078343
bcsstk10,BEST_AVAILABLE_OF_5_LARGER_GRAPHS,LARGEST_FIRST,389,579,0.4663594470046083
bcsstk10,BEST_AVAILABLE_OF_5_LARGER_GRAPHS,LARGEST_FIRST,393,580,0.46543778801843316
bcsstk10,BEST_AVAILABLE_OF_5_LARGER_GRAPHS,LARGEST_FIRST,394,581,0.4645161290322581
bcsstk10,BEST_AVAILABLE_OF_5_LARGER_GRAPHS,LARGEST_FIRST,398,582,0.46359447004608295
bcsstk10,BEST_AVAILABLE_OF_5_LARGER_GRAPHS,LARGEST_FIRST,399,583,0.4626728110599078
bcsstk10,BEST_AVAILABLE_OF_5_LARGER_GRAPHS,LARGEST_FIRST,405,584,0.46175115207373274
bcsstk10,BEST_AVAILABLE_OF_5_LARGER_GRAPHS,LARGEST_FIRST,406,585,0.4608294930875576
bcsstk10,BEST_AVAILABLE_OF_5_LARGER_GRAPHS,LARGEST_FIRST,407,586,0.4599078341013825
bcsstk10,BEST_AVAILABLE_OF_5_LARGER_GRAPHS,LARGEST_FIRST,410,587,0.4589861751152074
bcsstk10,BEST_AVAILABLE_OF_5_LARGER_GRAPHS,LARGEST_FIRST,411,588,0.45806451612903226
bcsstk10,BEST_AVAILABLE_OF_5_LARGER_GRAPHS,LARGEST_FIRST,412,589,0.45714285714285713
bcsstk10,BEST_AVAILABLE_OF_5_LARGER_GRAPHS,LARGEST_FIRST,413,590,0.45622119815668205
bcsstk10,BEST_AVAILABLE_OF_5_LARGER_GRAPHS,LARGEST_FIRST,414,591,0.4552995391705069
bcsstk10,BEST_AVAILABLE_OF_5_LARGER_GRAPHS,LARGEST_FIRST,418,592,0.4543778801843318
bcsstk10,BEST_AVAILABLE_OF_5_LARGER_GRAPHS,LARGEST_FIRST,419,593,0.4534562211981567
bcsstk10,BEST_AVAILABLE_OF_5_LARGER_GRAPHS,LARGEST_FIRST,423,594,0.4525345622119816
bcsstk10,BEST_AVAILABLE_OF_5_LARGER_GRAPHS,LARGEST_FIRST,424,595,0.45161290322580644
bcsstk10,BEST_AVAILABLE_OF_5_LARGER_GRAPHS,LARGEST_FIRST,428,596,0.45069124423963136
bcsstk10,BEST_AVAILABLE_OF_5_LARGER_GRAPHS,LARGEST_FIRST,429,597,0.4497695852534562
bcsstk10,BEST_AVAILABLE_OF_5_LARGER_GRAPHS,LARGEST_FIRST,435,598,0.4488479262672811
bcsstk10,BEST_AVAILABLE_OF_5_LARGER_GRAPHS,LARGEST_FIRST,436,599,0.447926267281106
bcsstk10,BEST_AVAILABLE_OF_5_LARGER_GRAPHS,LARGEST_FIRST,437,600,0.4470046082949309
bcsstk10,BEST_AVAILABLE_OF_5_LARGER_GRAPHS,LARGEST_FIRST,440,601,0.44608294930875575
bcsstk10,BEST_AVAILABLE_OF_5_LARGER_GRAPHS,LARGEST_FIRST,441,602,0.44516129032258067
bcsstk10,BEST_AVAILABLE_OF_5_LARGER_GRAPHS,LARGEST_FIRST,442,603,0.44423963133640554
bcsstk10,BEST_AVAILABLE_OF_5_LARGER_GRAPHS,LARGEST_FIRST,443,604,0.4433179723502304
bcsstk10,BEST_AVAILABLE_OF_5_LARGER_GRAPHS,LARGEST_FIRST,444,605,0.4423963133640553
bcsstk10,BEST_AVAILABLE_OF_5_LARGER_GRAPHS,LARGEST_FIRST,448,606,0.4414746543778802
bcsstk10,BEST_AVAILABLE_OF_5_LARGER_GRAPHS,LARGEST_FIRST,449,607,0.44055299539170506
bcsstk10,BEST_AVAILABLE_OF_5_LARGER_GRAPHS,LARGEST_FIRST,453,608,0.4396313364055299
bcsstk10,BEST_AVAILABLE_OF_5_LARGER_GRAPHS,LARGEST_FIRST,454,609,0.43870967741935485
bcsstk10,BEST_AVAILABLE_OF_5_LARGER_GRAPHS,LARGEST_FIRST,458,610,0.4377880184331797
bcsstk10,BEST_AVAILABLE_OF_5_LARGER_GRAPHS,LARGEST_FIRST,459,611,0.4368663594470046
bcsstk10,BEST_AVAILABLE_OF_5_LARGER_GRAPHS,LARGEST_FIRST,465,612,0.4359447004608295
bcsstk10,BEST_AVAILABLE_OF_5_LARGER_GRAPHS,LARGEST_FIRST,466,613,0.43502304147465437
bcsstk10,BEST_AVAILABLE_OF_5_LARGER_GRAPHS,LARGEST_FIRST,467,614,0.43410138248847924
bcsstk10,BEST_AVAILABLE_OF_5_LARGER_GRAPHS,LARGEST_FIRST,470,615,0.43317972350230416
bcsstk10,BEST_AVAILABLE_OF_5_LARGER_GRAPHS,LARGEST_FIRST,471,616,0.432258064516129
bcsstk10,BEST_AVAILABLE_OF_5_LARGER_GRAPHS,LARGEST_FIRST,472,617,0.4313364055299539
bcsstk10,BEST_AVAILABLE_OF_5_LARGER_GRAPHS,LARGEST_FIRST,473,618,0.4304147465437788
bcsstk10,BEST_AVAILABLE_OF_5_LARGER_GRAPHS,LARGEST_FIRST,474,619,0.4294930875576037
bcsstk10,BEST_AVAILABLE_OF_5_LARGER_GRAPHS,LARGEST_FIRST,483,620,0.42857142857142855
bcsstk10,BEST_AVAILABLE_OF_5_LARGER_GRAPHS,LARGEST_FIRST,484,621,0.42764976958525347
bcsstk10,BEST_AVAILABLE_OF_5_LARGER_GRAPHS,LARGEST_FIRST,488,622,0.42672811059907834
bcsstk10,BEST_AVAILABLE_OF_5_LARGER_GRAPHS,LARGEST_FIRST,489,623,0.4258064516129032
bcsstk10,BEST_AVAILABLE_OF_5_LARGER_GRAPHS,LARGEST_FIRST,497,624,0.4248847926267281
bcsstk10,BEST_AVAILABLE_OF_5_LARGER_GRAPHS,LARGEST_FIRST,500,625,0.423963133640553
bcsstk10,BEST_AVAILABLE_OF_5_LARGER_GRAPHS,LARGEST_FIRST,501,626,0.42304147465437786
bcsstk10,BEST_AVAILABLE_OF_5_LARGER_GRAPHS,LARGEST_FIRST,502,627,0.4221198156682028
bcsstk10,BEST_AVAILABLE_OF_5_LARGER_GRAPHS,LARGEST_FIRST,503,628,0.42119815668202765
bcsstk10,BEST_AVAILABLE_OF_5_LARGER_GRAPHS,LARGEST_FIRST,504,629,0.4202764976958525
bcsstk10,BEST_AVAILABLE_OF_5_LARGER_GRAPHS,LARGEST_FIRST,508,630,0.41935483870967744
bcsstk10,BEST_AVAILABLE_OF_5_LARGER_GRAPHS,LARGEST_FIRST,509,631,0.4184331797235023
bcsstk10,BEST_AVAILABLE_OF_5_LARGER_GRAPHS,LARGEST_FIRST,513,632,0.41751152073732717
bcsstk10,BEST_AVAILABLE_OF_5_LARGER_GRAPHS,LARGEST_FIRST,514,633,0.4165898617511521
bcsstk10,BEST_AVAILABLE_OF_5_LARGER_GRAPHS,LARGEST_FIRST,518,634,0.41566820276497696
bcsstk10,BEST_AVAILABLE_OF_5_LARGER_GRAPHS,LARGEST_FIRST,519,635,0.4147465437788018
bcsstk10,BEST_AVAILABLE_OF_5_LARGER_GRAPHS,LARGEST_FIRST,525,636,0.41382488479262675
bcsstk10,BEST_AVAILABLE_OF_5_LARGER_GRAPHS,LARGEST_FIRST,526,637,0.4129032258064516
bcsstk10,BEST_AVAILABLE_OF_5_LARGER_GRAPHS,LARGEST_FIRST,527,638,0.4119815668202765
bcsstk10,BEST_AVAILABLE_OF_5_LARGER_GRAPHS,LARGEST_FIRST,530,639,0.4110599078341014
bcsstk10,BEST_AVAILABLE_OF_5_LARGER_GRAPHS,LARGEST_FIRST,531,640,0.41013824884792627
bcsstk10,BEST_AVAILABLE_OF_5_LARGER_GRAPHS,LARGEST_FIRST,532,641,0.40921658986175113
bcsstk10,BEST_AVAILABLE_OF_5_LARGER_GRAPHS,LARGEST_FIRST,533,642,0.40829493087557606
bcsstk10,BEST_AVAILABLE_OF_5_LARGER_GRAPHS,LARGEST_FIRST,534,643,0.4073732718894009
bcsstk10,BEST_AVAILABLE_OF_5_LARGER_GRAPHS,LARGEST_FIRST,538,644,0.4064516129032258
bcsstk10,BEST_AVAILABLE_OF_5_LARGER_GRAPHS,LARGEST_FIRST,539,645,0.4055299539170507
bcsstk10,BEST_AVAILABLE_OF_5_LARGER_GRAPHS,LARGEST_FIRST,543,646,0.4046082949308756
bcsstk10,BEST_AVAILABLE_OF_5_LARGER_GRAPHS,LARGEST_FIRST,544,647,0.40368663594470044
bcsstk10,BEST_AVAILABLE_OF_5_LARGER_GRAPHS,LARGEST_FIRST,548,648,0.40276497695852537
bcsstk10,BEST_AVAILABLE_OF_5_LARGER_GRAPHS,LARGEST_FIRST,549,649,0.40184331797235023
bcsstk10,BEST_AVAILABLE_OF_5_LARGER_GRAPHS,LARGEST_FIRST,555,650,0.4009216589861751
bcsstk10,BEST_AVAILABLE_OF_5_LARGER_GRAPHS,LARGEST_FIRST,556,651,0.4
bcsstk10,BEST_AVAILABLE_OF_5_LARGER_GRAPHS,LARGEST_FIRST,557,652,0.3990783410138249
bcsstk10,BEST_AVAILABLE_OF_5_LARGER_GRAPHS,LARGEST_FIRST,560,653,0.39815668202764976
bcsstk10,BEST_AVAILABLE_OF_5_LARGER_GRAPHS,LARGEST_FIRST,561,654,0.3972350230414747
bcsstk10,BEST_AVAILABLE_OF_5_LARGER_GRAPHS,LARGEST_FIRST,562,655,0.39631336405529954
bcsstk10,BEST_AVAILABLE_OF_5_LARGER_GRAPHS,LARGEST_FIRST,563,656,0.3953917050691244
bcsstk10,BEST_AVAILABLE_OF_5_LARGER_GRAPHS,LARGEST_FIRST,564,657,0.39447004608294933
bcsstk10,BEST_AVAILABLE_OF_5_LARGER_GRAPHS,LARGEST_FIRST,568,658,0.3935483870967742
bcsstk10,BEST_AVAILABLE_OF_5_LARGER_GRAPHS,LARGEST_FIRST,569,659,0.39262672811059907
bcsstk10,BEST_AVAILABLE_OF_5_LARGER_GRAPHS,LARGEST_FIRST,578,660,0.391705069124424
bcsstk10,BEST_AVAILABLE_OF_5_LARGER_GRAPHS,LARGEST_FIRST,579,661,0.39078341013824885
bcsstk10,BEST_AVAILABLE_OF_5_LARGER_GRAPHS,LARGEST_FIRST,585,662,0.3898617511520737
bcsstk10,BEST_AVAILABLE_OF_5_LARGER_GRAPHS,LARGEST_FIRST,586,663,0.38894009216589864
bcsstk10,BEST_AVAILABLE_OF_5_LARGER_GRAPHS,LARGEST_FIRST,587,664,0.3880184331797235
bcsstk10,BEST_AVAILABLE_OF_5_LARGER_GRAPHS,LARGEST_FIRST,590,665,0.3870967741935484
bcsstk10,BEST_AVAILABLE_OF_5_LARGER_GRAPHS,LARGEST_FIRST,591,666,0.3861751152073733
bcsstk10,BEST_AVAILABLE_OF_5_LARGER_GRAPHS,LARGEST_FIRST,592,667,0.38525345622119817
bcsstk10,BEST_AVAILABLE_OF_5_LARGER_GRAPHS,LARGEST_FIRST,593,668,0.38433179723502303
bcsstk10,BEST_AVAILABLE_OF_5_LARGER_GRAPHS,LARGEST_FIRST,594,669,0.38341013824884795
bcsstk10,BEST_AVAILABLE_OF_5_LARGER_GRAPHS,LARGEST_FIRST,598,670,0.3824884792626728
bcsstk10,BEST_AVAILABLE_OF_5_LARGER_GRAPHS,LARGEST_FIRST,599,671,0.3815668202764977
bcsstk10,BEST_AVAILABLE_OF_5_LARGER_GRAPHS,LARGEST_FIRST,603,672,0.38064516129032255
bcsstk10,BEST_AVAILABLE_OF_5_LARGER_GRAPHS,LARGEST_FIRST,604,673,0.3797235023041475
bcsstk10,BEST_AVAILABLE_OF_5_LARGER_GRAPHS,LARGEST_FIRST,608,674,0.37880184331797234
bcsstk10,BEST_AVAILABLE_OF_5_LARGER_GRAPHS,LARGEST_FIRST,609,675,0.3778801843317972
bcsstk10,BEST_AVAILABLE_OF_5_LARGER_GRAPHS,LARGEST_FIRST,615,676,0.37695852534562213
bcsstk10,BEST_AVAILABLE_OF_5_LARGER_GRAPHS,LARGEST_FIRST,616,677,0.376036866359447
bcsstk10,BEST_AVAILABLE_OF_5_LARGER_GRAPHS,LARGEST_FIRST,617,678,0.37511520737327186
bcsstk10,BEST_AVAILABLE_OF_5_LARGER_GRAPHS,LARGEST_FIRST,620,679,0.3741935483870968
bcsstk10,BEST_AVAILABLE_OF_5_LARGER_GRAPHS,LARGEST_FIRST,621,680,0.37327188940092165
bcsstk10,BEST_AVAILABLE_OF_5_LARGER_GRAPHS,LARGEST_FIRST,622,681,0.3723502304147465
bcsstk10,BEST_AVAILABLE_OF_5_LARGER_GRAPHS,LARGEST_FIRST,623,682,0.37142857142857144
bcsstk10,BEST_AVAILABLE_OF_5_LARGER_GRAPHS,LARGEST_FIRST,624,683,0.3705069124423963
bcsstk10,BEST_AVAILABLE_OF_5_LARGER_GRAPHS,LARGEST_FIRST,628,684,0.3695852534562212
bcsstk10,BEST_AVAILABLE_OF_5_LARGER_GRAPHS,LARGEST_FIRST,629,685,0.3686635944700461
bcsstk10,BEST_AVAILABLE_OF_5_LARGER_GRAPHS,LARGEST_FIRST,633,686,0.36774193548387096
bcsstk10,BEST_AVAILABLE_OF_5_LARGER_GRAPHS,LARGEST_FIRST,634,687,0.36682027649769583
bcsstk10,BEST_AVAILABLE_OF_5_LARGER_GRAPHS,LARGEST_FIRST,638,688,0.36589861751152075
bcsstk10,BEST_AVAILABLE_OF_5_LARGER_GRAPHS,LARGEST_FIRST,639,689,0.3649769585253456
bcsstk10,BEST_AVAILABLE_OF_5_LARGER_GRAPHS,LARGEST_FIRST,645,690,0.3640552995391705
bcsstk10,BEST_AVAILABLE_OF_5_LARGER_GRAPHS,LARGEST_FIRST,646,691,0.3631336405529954
bcsstk10,BEST_AVAILABLE_OF_5_LARGER_GRAPHS,LARGEST_FIRST,647,692,0.3622119815668203
bcsstk10,BEST_AVAILABLE_OF_5_LARGER_GRAPHS,LARGEST_FIRST,650,693,0.36129032258064514
bcsstk10,BEST_AVAILABLE_OF_5_LARGER_GRAPHS,LARGEST_FIRST,651,694,0.36036866359447006
bcsstk10,BEST_AVAILABLE_OF_5_LARGER_GRAPHS,LARGEST_FIRST,652,695,0.35944700460829493
bcsstk10,BEST_AVAILABLE_OF_5_LARGER_GRAPHS,LARGEST_FIRST,653,696,0.3585253456221198
bcsstk10,BEST_AVAILABLE_OF_5_LARGER_GRAPHS,LARGEST_FIRST,654,697,0.3576036866359447
bcsstk10,BEST_AVAILABLE_OF_5_LARGER_GRAPHS,LARGEST_FIRST,659,698,0.3566820276497696
bcsstk10,BEST_AVAILABLE_OF_5_LARGER_GRAPHS,LARGEST_FIRST,663,699,0.35576036866359445
bcsstk10,BEST_AVAILABLE_OF_5_LARGER_GRAPHS,LARGEST_FIRST,668,700,0.3548387096774194
bcsstk10,BEST_AVAILABLE_OF_5_LARGER_GRAPHS,LARGEST_FIRST,669,701,0.35391705069124424
bcsstk10,BEST_AVAILABLE_OF_5_LARGER_GRAPHS,LARGEST_FIRST,675,702,0.3529953917050691
bcsstk10,BEST_AVAILABLE_OF_5_LARGER_GRAPHS,LARGEST_FIRST,676,703,0.35207373271889403
bcsstk10,BEST_AVAILABLE_OF_5_LARGER_GRAPHS,LARGEST_FIRST,677,704,0.3511520737327189
bcsstk10,BEST_AVAILABLE_OF_5_LARGER_GRAPHS,LARGEST_FIRST,682,705,0.35023041474654376
bcsstk10,BEST_AVAILABLE_OF_5_LARGER_GRAPHS,LARGEST_FIRST,683,706,0.3493087557603687
bcsstk10,BEST_AVAILABLE_OF_5_LARGER_GRAPHS,LARGEST_FIRST,684,707,0.34838709677419355
bcsstk10,BEST_AVAILABLE_OF_5_LARGER_GRAPHS,LARGEST_FIRST,688,708,0.3474654377880184
bcsstk10,BEST_AVAILABLE_OF_5_LARGER_GRAPHS,LARGEST_FIRST,689,709,0.34654377880184334
bcsstk10,BEST_AVAILABLE_OF_5_LARGER_GRAPHS,LARGEST_FIRST,693,710,0.3456221198156682
bcsstk10,BEST_AVAILABLE_OF_5_LARGER_GRAPHS,LARGEST_FIRST,694,711,0.34470046082949307
bcsstk10,BEST_AVAILABLE_OF_5_LARGER_GRAPHS,LARGEST_FIRST,698,712,0.343778801843318
bcsstk10,BEST_AVAILABLE_OF_5_LARGER_GRAPHS,LARGEST_FIRST,699,713,0.34285714285714286
bcsstk10,BEST_AVAILABLE_OF_5_LARGER_GRAPHS,LARGEST_FIRST,705,714,0.3419354838709677
bcsstk10,BEST_AVAILABLE_OF_5_LARGER_GRAPHS,LARGEST_FIRST,706,715,0.34101382488479265
bcsstk10,BEST_AVAILABLE_OF_5_LARGER_GRAPHS,LARGEST_FIRST,707,716,0.3400921658986175
bcsstk10,BEST_AVAILABLE_OF_5_LARGER_GRAPHS,LARGEST_FIRST,710,717,0.3391705069124424
bcsstk10,BEST_AVAILABLE_OF_5_LARGER_GRAPHS,LARGEST_FIRST,711,718,0.3382488479262673
bcsstk10,BEST_AVAILABLE_OF_5_LARGER_GRAPHS,LARGEST_FIRST,712,719,0.33732718894009217
bcsstk10,BEST_AVAILABLE_OF_5_LARGER_GRAPHS,LARGEST_FIRST,713,720,0.33640552995391704
bcsstk10,BEST_AVAILABLE_OF_5_LARGER_GRAPHS,LARGEST_FIRST,714,721,0.33548387096774196
bcsstk10,BEST_AVAILABLE_OF_5_LARGER_GRAPHS,LARGEST_FIRST,718,722,0.3345622119815668
bcsstk10,BEST_AVAILABLE_OF_5_LARGER_GRAPHS,LARGEST_FIRST,719,723,0.3336405529953917
bcsstk10,BEST_AVAILABLE_OF_5_LARGER_GRAPHS,LARGEST_FIRST,723,724,0.3327188940092166
bcsstk10,BEST_AVAILABLE_OF_5_LARGER_GRAPHS,LARGEST_FIRST,724,725,0.3317972350230415
bcsstk10,BEST_AVAILABLE_OF_5_LARGER_GRAPHS,LARGEST_FIRST,728,726,0.33087557603686635
bcsstk10,BEST_AVAILABLE_OF_5_LARGER_GRAPHS,LARGEST_FIRST,729,727,0.32995391705069127
bcsstk10,BEST_AVAILABLE_OF_5_LARGER_GRAPHS,LARGEST_FIRST,735,728,0.32903225806451614
bcsstk10,BEST_AVAILABLE_OF_5_LARGER_GRAPHS,LARGEST_FIRST,736,729,0.328110599078341
bcsstk10,BEST_AVAILABLE_OF_5_LARGER_GRAPHS,LARGEST_FIRST,737,730,0.3271889400921659
bcsstk10,BEST_AVAILABLE_OF_5_LARGER_GRAPHS,LARGEST_FIRST,740,731,0.3262672811059908
bcsstk10,BEST_AVAILABLE_OF_5_LARGER_GRAPHS,LARGEST_FIRST,741,732,0.32534562211981566
bcsstk10,BEST_AVAILABLE_OF_5_LARGER_GRAPHS,LARGEST_FIRST,742,733,0.3244239631336406
bcsstk10,BEST_AVAILABLE_OF_5_LARGER_GRAPHS,LARGEST_FIRST,743,734,0.32350230414746545
bcsstk10,BEST_AVAILABLE_OF_5_LARGER_GRAPHS,LARGEST_FIRST,744,735,0.3225806451612903
bcsstk10,BEST_AVAILABLE_OF_5_LARGER_GRAPHS,LARGEST_FIRST,748,736,0.3216589861751152
bcsstk10,BEST_AVAILABLE_OF_5_LARGER_GRAPHS,LARGEST_FIRST,749,737,0.3207373271889401
bcsstk10,BEST_AVAILABLE_OF_5_LARGER_GRAPHS,LARGEST_FIRST,753,738,0.31981566820276497
bcsstk10,BEST_AVAILABLE_OF_5_LARGER_GRAPHS,LARGEST_FIRST,754,739,0.31889400921658984
bcsstk10,BEST_AVAILABLE_OF_5_LARGER_GRAPHS,LARGEST_FIRST,758,740,0.31797235023041476
bcsstk10,BEST_AVAILABLE_OF_5_LARGER_GRAPHS,LARGEST_FIRST,759,741,0.3170506912442396
bcsstk10,BEST_AVAILABLE_OF_5_LARGER_GRAPHS,LARGEST_FIRST,765,742,0.3161290322580645
bcsstk10,BEST_AVAILABLE_OF_5_LARGER_GRAPHS,LARGEST_FIRST,766,743,0.3152073732718894
bcsstk10,BEST_AVAILABLE_OF_5_LARGER_GRAPHS,LARGEST_FIRST,770,744,0.3142857142857143
bcsstk10,BEST_AVAILABLE_OF_5_LARGER_GRAPHS,LARGEST_FIRST,771,745,0.31336405529953915
bcsstk10,BEST_AVAILABLE_OF_5_LARGER_GRAPHS,LARGEST_FIRST,772,746,0.31244239631336407
bcsstk10,BEST_AVAILABLE_OF_5_LARGER_GRAPHS,LARGEST_FIRST,773,747,0.31152073732718893
bcsstk10,BEST_AVAILABLE_OF_5_LARGER_GRAPHS,LARGEST_FIRST,774,748,0.3105990783410138
bcsstk10,BEST_AVAILABLE_OF_5_LARGER_GRAPHS,LARGEST_FIRST,778,749,0.3096774193548387
bcsstk10,BEST_AVAILABLE_OF_5_LARGER_GRAPHS,LARGEST_FIRST,779,750,0.3087557603686636
bcsstk10,BEST_AVAILABLE_OF_5_LARGER_GRAPHS,LARGEST_FIRST,783,751,0.30783410138248846
bcsstk10,BEST_AVAILABLE_OF_5_LARGER_GRAPHS,LARGEST_FIRST,784,752,0.3069124423963134
bcsstk10,BEST_AVAILABLE_OF_5_LARGER_GRAPHS,LARGEST_FIRST,788,753,0.30599078341013825
bcsstk10,BEST_AVAILABLE_OF_5_LARGER_GRAPHS,LARGEST_FIRST,789,754,0.3050691244239631
bcsstk10,BEST_AVAILABLE_OF_5_LARGER_GRAPHS,LARGEST_FIRST,795,755,0.30414746543778803
bcsstk10,BEST_AVAILABLE_OF_5_LARGER_GRAPHS,LARGEST_FIRST,796,756,0.3032258064516129
bcsstk10,BEST_AVAILABLE_OF_5_LARGER_GRAPHS,LARGEST_FIRST,797,757,0.30230414746543777
bcsstk10,BEST_AVAILABLE_OF_5_LARGER_GRAPHS,LARGEST_FIRST,800,758,0.3013824884792627
bcsstk10,BEST_AVAILABLE_OF_5_LARGER_GRAPHS,LARGEST_FIRST,801,759,0.30046082949308756
bcsstk10,BEST_AVAILABLE_OF_5_LARGER_GRAPHS,LARGEST_FIRST,802,760,0.2995391705069124
bcsstk10,BEST_AVAILABLE_OF_5_LARGER_GRAPHS,LARGEST_FIRST,803,761,0.29861751152073734
bcsstk10,BEST_AVAILABLE_OF_5_LARGER_GRAPHS,LARGEST_FIRST,804,762,0.2976958525345622
bcsstk10,BEST_AVAILABLE_OF_5_LARGER_GRAPHS,LARGEST_FIRST,808,763,0.2967741935483871
bcsstk10,BEST_AVAILABLE_OF_5_LARGER_GRAPHS,LARGEST_FIRST,809,764,0.295852534562212
bcsstk10,BEST_AVAILABLE_OF_5_LARGER_GRAPHS,LARGEST_FIRST,813,765,0.29493087557603687
bcsstk10,BEST_AVAILABLE_OF_5_LARGER_GRAPHS,LARGEST_FIRST,814,766,0.29400921658986173
bcsstk10,BEST_AVAILABLE_OF_5_LARGER_GRAPHS,LARGEST_FIRST,818,767,0.29308755760368665
bcsstk10,BEST_AVAILABLE_OF_5_LARGER_GRAPHS,LARGEST_FIRST,819,768,0.2921658986175115
bcsstk10,BEST_AVAILABLE_OF_5_LARGER_GRAPHS,LARGEST_FIRST,825,769,0.2912442396313364
bcsstk10,BEST_AVAILABLE_OF_5_LARGER_GRAPHS,LARGEST_FIRST,826,770,0.2903225806451613
bcsstk10,BEST_AVAILABLE_OF_5_LARGER_GRAPHS,LARGEST_FIRST,827,771,0.2894009216589862
bcsstk10,BEST_AVAILABLE_OF_5_LARGER_GRAPHS,LARGEST_FIRST,830,772,0.28847926267281104
bcsstk10,BEST_AVAILABLE_OF_5_LARGER_GRAPHS,LARGEST_FIRST,831,773,0.28755760368663597
bcsstk10,BEST_AVAILABLE_OF_5_LARGER_GRAPHS,LARGEST_FIRST,832,774,0.28663594470046083
bcsstk10,BEST_AVAILABLE_OF_5_LARGER_GRAPHS,LARGEST_FIRST,833,775,0.2857142857142857
bcsstk10,BEST_AVAILABLE_OF_5_LARGER_GRAPHS,LARGEST_FIRST,834,776,0.2847926267281106
bcsstk10,BEST_AVAILABLE_OF_5_LARGER_GRAPHS,LARGEST_FIRST,838,777,0.2838709677419355
bcsstk10,BEST_AVAILABLE_OF_5_LARGER_GRAPHS,LARGEST_FIRST,839,778,0.28294930875576035
bcsstk10,BEST_AVAILABLE_OF_5_LARGER_GRAPHS,LARGEST_FIRST,843,779,0.2820276497695853
bcsstk10,BEST_AVAILABLE_OF_5_LARGER_GRAPHS,LARGEST_FIRST,844,780,0.28110599078341014
bcsstk10,BEST_AVAILABLE_OF_5_LARGER_GRAPHS,LARGEST_FIRST,848,781,0.280184331797235
bcsstk10,BEST_AVAILABLE_OF_5_LARGER_GRAPHS,LARGEST_FIRST,849,782,0.27926267281105993
bcsstk10,BEST_AVAILABLE_OF_5_LARGER_GRAPHS,LARGEST_FIRST,855,783,0.2783410138248848
bcsstk10,BEST_AVAILABLE_OF_5_LARGER_GRAPHS,LARGEST_FIRST,856,784,0.27741935483870966
bcsstk10,BEST_AVAILABLE_OF_5_LARGER_GRAPHS,LARGEST_FIRST,857,785,0.2764976958525346
bcsstk10,BEST_AVAILABLE_OF_5_LARGER_GRAPHS,LARGEST_FIRST,860,786,0.27557603686635945
bcsstk10,BEST_AVAILABLE_OF_5_LARGER_GRAPHS,LARGEST_FIRST,861,787,0.2746543778801843
bcsstk10,BEST_AVAILABLE_OF_5_LARGER_GRAPHS,LARGEST_FIRST,862,788,0.27373271889400924
bcsstk10,BEST_AVAILABLE_OF_5_LARGER_GRAPHS,LARGEST_FIRST,863,789,0.2728110599078341
bcsstk10,BEST_AVAILABLE_OF_5_LARGER_GRAPHS,LARGEST_FIRST,864,790,0.271889400921659
bcsstk10,BEST_AVAILABLE_OF_5_LARGER_GRAPHS,LARGEST_FIRST,868,791,0.2709677419354839
bcsstk10,BEST_AVAILABLE_OF_5_LARGER_GRAPHS,LARGEST_FIRST,869,792,0.27004608294930876
bcsstk10,BEST_AVAILABLE_OF_5_LARGER_GRAPHS,LARGEST_FIRST,873,793,0.26912442396313363
bcsstk10,BEST_AVAILABLE_OF_5_LARGER_GRAPHS,LARGEST_FIRST,874,794,0.26820276497695855
bcsstk10,BEST_AVAILABLE_OF_5_LARGER_GRAPHS,LARGEST_FIRST,878,795,0.2672811059907834
bcsstk10,BEST_AVAILABLE_OF_5_LARGER_GRAPHS,LARGEST_FIRST,879,796,0.2663594470046083
bcsstk10,BEST_AVAILABLE_OF_5_LARGER_GRAPHS,LARGEST_FIRST,885,797,0.2654377880184332
bcsstk10,BEST_AVAILABLE_OF_5_LARGER_GRAPHS,LARGEST_FIRST,886,798,0.2645161290322581
bcsstk10,BEST_AVAILABLE_OF_5_LARGER_GRAPHS,LARGEST_FIRST,887,799,0.26359447004608294
bcsstk10,BEST_AVAILABLE_OF_5_LARGER_GRAPHS,LARGEST_FIRST,890,800,0.2626728110599078
bcsstk10,BEST_AVAILABLE_OF_5_LARGER_GRAPHS,LARGEST_FIRST,891,801,0.26175115207373273
bcsstk10,BEST_AVAILABLE_OF_5_LARGER_GRAPHS,LARGEST_FIRST,892,802,0.2608294930875576
bcsstk10,BEST_AVAILABLE_OF_5_LARGER_GRAPHS,LARGEST_FIRST,893,803,0.25990783410138246
bcsstk10,BEST_AVAILABLE_OF_5_LARGER_GRAPHS,LARGEST_FIRST,894,804,0.2589861751152074
bcsstk10,BEST_AVAILABLE_OF_5_LARGER_GRAPHS,LARGEST_FIRST,898,805,0.25806451612903225
bcsstk10,BEST_AVAILABLE_OF_5_LARGER_GRAPHS,LARGEST_FIRST,899,806,0.2571428571428571
bcsstk10,BEST_AVAILABLE_OF_5_LARGER_GRAPHS,LARGEST_FIRST,903,807,0.25622119815668204
bcsstk10,BEST_AVAILABLE_OF_5_LARGER_GRAPHS,LARGEST_FIRST,904,808,0.2552995391705069
bcsstk10,BEST_AVAILABLE_OF_5_LARGER_GRAPHS,LARGEST_FIRST,908,809,0.2543778801843318
bcsstk10,BEST_AVAILABLE_OF_5_LARGER_GRAPHS,LARGEST_FIRST,909,810,0.2534562211981567
bcsstk10,BEST_AVAILABLE_OF_5_LARGER_GRAPHS,LARGEST_FIRST,915,811,0.25253456221198156
bcsstk10,BEST_AVAILABLE_OF_5_LARGER_GRAPHS,LARGEST_FIRST,916,812,0.25161290322580643
bcsstk10,BEST_AVAILABLE_OF_5_LARGER_GRAPHS,LARGEST_FIRST,917,813,0.25069124423963135
bcsstk10,BEST_AVAILABLE_OF_5_LARGER_GRAPHS,LARGEST_FIRST,920,814,0.24976958525345622
bcsstk10,BEST_AVAILABLE_OF_5_LARGER_GRAPHS,LARGEST_FIRST,921,815,0.2488479262672811
bcsstk10,BEST_AVAILABLE_OF_5_LARGER_GRAPHS,LARGEST_FIRST,922,816,0.24792626728110598
bcsstk10,BEST_AVAILABLE_OF_5_LARGER_GRAPHS,LARGEST_FIRST,923,817,0.24700460829493087
bcsstk10,BEST_AVAILABLE_OF_5_LARGER_GRAPHS,LARGEST_FIRST,924,818,0.24608294930875577
bcsstk10,BEST_AVAILABLE_OF_5_LARGER_GRAPHS,LARGEST_FIRST,928,819,0.24516129032258063
bcsstk10,BEST_AVAILABLE_OF_5_LARGER_GRAPHS,LARGEST_FIRST,929,820,0.24423963133640553
bcsstk10,BEST_AVAILABLE_OF_5_LARGER_GRAPHS,LARGEST_FIRST,933,821,0.24331797235023042
bcsstk10,BEST_AVAILABLE_OF_5_LARGER_GRAPHS,LARGEST_FIRST,934,822,0.2423963133640553
bcsstk10,BEST_AVAILABLE_OF_5_LARGER_GRAPHS,LARGEST_FIRST,938,823,0.24147465437788018
bcsstk10,BEST_AVAILABLE_OF_5_LARGER_GRAPHS,LARGEST_FIRST,939,824,0.24055299539170508
bcsstk10,BEST_AVAILABLE_OF_5_LARGER_GRAPHS,LARGEST_FIRST,945,825,0.23963133640552994
bcsstk10,BEST_AVAILABLE_OF_5_LARGER_GRAPHS,LARGEST_FIRST,946,826,0.23870967741935484
bcsstk10,BEST_AVAILABLE_OF_5_LARGER_GRAPHS,LARGEST_FIRST,947,827,0.23778801843317973
bcsstk10,BEST_AVAILABLE_OF_5_LARGER_GRAPHS,LARGEST_FIRST,950,828,0.2368663594470046
bcsstk10,BEST_AVAILABLE_OF_5_LARGER_GRAPHS,LARGEST_FIRST,951,829,0.2359447004608295
bcsstk10,BEST_AVAILABLE_OF_5_LARGER_GRAPHS,LARGEST_FIRST,952,830,0.2350230414746544
bcsstk10,BEST_AVAILABLE_OF_5_LARGER_GRAPHS,LARGEST_FIRST,953,831,0.23410138248847925
bcsstk10,BEST_AVAILABLE_OF_5_LARGER_GRAPHS,LARGEST_FIRST,954,832,0.23317972350230415
bcsstk10,BEST_AVAILABLE_OF_5_LARGER_GRAPHS,LARGEST_FIRST,958,833,0.23225806451612904
bcsstk10,BEST_AVAILABLE_OF_5_LARGER_GRAPHS,LARGEST_FIRST,959,834,0.2313364055299539
bcsstk10,BEST_AVAILABLE_OF_5_LARGER_GRAPHS,LARGEST_FIRST,963,835,0.2304147465437788
bcsstk10,BEST_AVAILABLE_OF_5_LARGER_GRAPHS,LARGEST_FIRST,964,836,0.2294930875576037
bcsstk10,BEST_AVAILABLE_OF_5_LARGER_GRAPHS,LARGEST_FIRST,968,837,0.22857142857142856
bcsstk10,BEST_AVAILABLE_OF_5_LARGER_GRAPHS,LARGEST_FIRST,969,838,0.22764976958525346
bcsstk10,BEST_AVAILABLE_OF_5_LARGER_GRAPHS,LARGEST_FIRST,975,839,0.22672811059907835
bcsstk10,BEST_AVAILABLE_OF_5_LARGER_GRAPHS,LARGEST_FIRST,976,840,0.22580645161290322
bcsstk10,BEST_AVAILABLE_OF_5_LARGER_GRAPHS,LARGEST_FIRST,977,841,0.2248847926267281
bcsstk10,BEST_AVAILABLE_OF_5_LARGER_GRAPHS,LARGEST_FIRST,980,842,0.223963133640553
bcsstk10,BEST_AVAILABLE_OF_5_LARGER_GRAPHS,LARGEST_FIRST,981,843,0.22304147465437787
bcsstk10,BEST_AVAILABLE_OF_5_LARGER_GRAPHS,LARGEST_FIRST,982,844,0.22211981566820277
bcsstk10,BEST_AVAILABLE_OF_5_LARGER_GRAPHS,LARGEST_FIRST,983,845,0.22119815668202766
bcsstk10,BEST_AVAILABLE_OF_5_LARGER_GRAPHS,LARGEST_FIRST,984,846,0.22027649769585253
bcsstk10,BEST_AVAILABLE_OF_5_LARGER_GRAPHS,LARGEST_FIRST,988,847,0.21935483870967742
bcsstk10,BEST_AVAILABLE_OF_5_LARGER_GRAPHS,LARGEST_FIRST,989,848,0.2184331797235023
bcsstk10,BEST_AVAILABLE_OF_5_LARGER_GRAPHS,LARGEST_FIRST,993,849,0.21751152073732719
bcsstk10,BEST_AVAILABLE_OF_5_LARGER_GRAPHS,LARGEST_FIRST,994,850,0.21658986175115208
bcsstk10,BEST_AVAILABLE_OF_5_LARGER_GRAPHS,LARGEST_FIRST,998,851,0.21566820276497695
bcsstk10,BEST_AVAILABLE_OF_5_LARGER_GRAPHS,LARGEST_FIRST,999,852,0.21474654377880184
bcsstk10,BEST_AVAILABLE_OF_5_LARGER_GRAPHS,LARGEST_FIRST,1005,853,0.21382488479262673
bcsstk10,BEST_AVAILABLE_OF_5_LARGER_GRAPHS,LARGEST_FIRST,1006,854,0.2129032258064516
bcsstk10,BEST_AVAILABLE_OF_5_LARGER_GRAPHS,LARGEST_FIRST,1007,855,0.2119815668202765
bcsstk10,BEST_AVAILABLE_OF_5_LARGER_GRAPHS,LARGEST_FIRST,1010,856,0.2110599078341014
bcsstk10,BEST_AVAILABLE_OF_5_LARGER_GRAPHS,LARGEST_FIRST,1011,857,0.21013824884792626
bcsstk10,BEST_AVAILABLE_OF_5_LARGER_GRAPHS,LARGEST_FIRST,1012,858,0.20921658986175115
bcsstk10,BEST_AVAILABLE_OF_5_LARGER_GRAPHS,LARGEST_FIRST,1013,859,0.20829493087557605
bcsstk10,BEST_AVAILABLE_OF_5_LARGER_GRAPHS,LARGEST_FIRST,1014,860,0.2073732718894009
bcsstk10,BEST_AVAILABLE_OF_5_LARGER_GRAPHS,LARGEST_FIRST,1018,861,0.2064516129032258
bcsstk10,BEST_AVAILABLE_OF_5_LARGER_GRAPHS,LARGEST_FIRST,1019,862,0.2055299539170507
bcsstk10,BEST_AVAILABLE_OF_5_LARGER_GRAPHS,LARGEST_FIRST,1023,863,0.20460829493087557
bcsstk10,BEST_AVAILABLE_OF_5_LARGER_GRAPHS,LARGEST_FIRST,1024,864,0.20368663594470046
bcsstk10,BEST_AVAILABLE_OF_5_LARGER_GRAPHS,LARGEST_FIRST,1028,865,0.20276497695852536
bcsstk10,BEST_AVAILABLE_OF_5_LARGER_GRAPHS,LARGEST_FIRST,1029,866,0.20184331797235022
bcsstk10,BEST_AVAILABLE_OF_5_LARGER_GRAPHS,LARGEST_FIRST,1035,867,0.20092165898617512
bcsstk10,BEST_AVAILABLE_OF_5_LARGER_GRAPHS,LARGEST_FIRST,1036,868,0.2
bcsstk10,BEST_AVAILABLE_OF_5_LARGER_GRAPHS,LARGEST_FIRST,1037,869,0.19907834101382488
bcsstk10,BEST_AVAILABLE_OF_5_LARGER_GRAPHS,LARGEST_FIRST,75,870,0.19815668202764977
bcsstk10,BEST_AVAILABLE_OF_5_LARGER_GRAPHS,LARGEST_FIRST,478,871,0.19723502304147467
bcsstk10,BEST_AVAILABLE_OF_5_LARGER_GRAPHS,LARGEST_FIRST,479,872,0.19631336405529953
bcsstk10,BEST_AVAILABLE_OF_5_LARGER_GRAPHS,LARGEST_FIRST,495,873,0.19539170506912443
bcsstk10,BEST_AVAILABLE_OF_5_LARGER_GRAPHS,LARGEST_FIRST,496,874,0.19447004608294932
bcsstk10,BEST_AVAILABLE_OF_5_LARGER_GRAPHS,LARGEST_FIRST,573,875,0.1935483870967742
bcsstk10,BEST_AVAILABLE_OF_5_LARGER_GRAPHS,LARGEST_FIRST,574,876,0.19262672811059908
bcsstk10,BEST_AVAILABLE_OF_5_LARGER_GRAPHS,LARGEST_FIRST,658,877,0.19170506912442398
bcsstk10,BEST_AVAILABLE_OF_5_LARGER_GRAPHS,LARGEST_FIRST,664,878,0.19078341013824884
bcsstk10,BEST_AVAILABLE_OF_5_LARGER_GRAPHS,LARGEST_FIRST,680,879,0.18986175115207374
bcsstk10,BEST_AVAILABLE_OF_5_LARGER_GRAPHS,LARGEST_FIRST,681,880,0.1889400921658986
bcsstk10,BEST_AVAILABLE_OF_5_LARGER_GRAPHS,LARGEST_FIRST,767,881,0.1880184331797235
bcsstk10,BEST_AVAILABLE_OF_5_LARGER_GRAPHS,LARGEST_FIRST,20,882,0.1870967741935484
bcsstk10,BEST_AVAILABLE_OF_5_LARGER_GRAPHS,LARGEST_FIRST,21,883,0.18617511520737326
bcsstk10,BEST_AVAILABLE_OF_5_LARGER_GRAPHS,LARGEST_FIRST,22,884,0.18525345622119815
bcsstk10,BEST_AVAILABLE_OF_5_LARGER_GRAPHS,LARGEST_FIRST,45,885,0.18433179723502305
bcsstk10,BEST_AVAILABLE_OF_5_LARGER_GRAPHS,LARGEST_FIRST,46,886,0.18341013824884791
bcsstk10,BEST_AVAILABLE_OF_5_LARGER_GRAPHS,LARGEST_FIRST,47,887,0.1824884792626728
bcsstk10,BEST_AVAILABLE_OF_5_LARGER_GRAPHS,LARGEST_FIRST,1040,888,0.1815668202764977
bcsstk10,BEST_AVAILABLE_OF_5_LARGER_GRAPHS,LARGEST_FIRST,1042,889,0.18064516129032257
bcsstk10,BEST_AVAILABLE_OF_5_LARGER_GRAPHS,LARGEST_FIRST,1065,890,0.17972350230414746
bcsstk10,BEST_AVAILABLE_OF_5_LARGER_GRAPHS,LARGEST_FIRST,1066,891,0.17880184331797236
bcsstk10,BEST_AVAILABLE_OF_5_LARGER_GRAPHS,LARGEST_FIRST,1067,892,0.17788018433179723
bcsstk10,BEST_AVAILABLE_OF_5_LARGER_GRAPHS,LARGEST_FIRST,4,893,0.17695852534562212
bcsstk10,BEST_AVAILABLE_OF_5_LARGER_GRAPHS,LARGEST_FIRST,5,894,0.17603686635944701
bcsstk10,BEST_AVAILABLE_OF_5_LARGER_GRAPHS,LARGEST_FIRST,7,895,0.17511520737327188
bcsstk10,BEST_AVAILABLE_OF_5_LARGER_GRAPHS,LARGEST_FIRST,8,896,0.17419354838709677
bcsstk10,BEST_AVAILABLE_OF_5_LARGER_GRAPHS,LARGEST_FIRST,10,897,0.17327188940092167
bcsstk10,BEST_AVAILABLE_OF_5_LARGER_GRAPHS,LARGEST_FIRST,11,898,0.17235023041474654
bcsstk10,BEST_AVAILABLE_OF_5_LARGER_GRAPHS,LARGEST_FIRST,13,899,0.17142857142857143
bcsstk10,BEST_AVAILABLE_OF_5_LARGER_GRAPHS,LARGEST_FIRST,14,900,0.17050691244239632
bcsstk10,BEST_AVAILABLE_OF_5_LARGER_GRAPHS,LARGEST_FIRST,23,901,0.1695852534562212
bcsstk10,BEST_AVAILABLE_OF_5_LARGER_GRAPHS,LARGEST_FIRST,24,902,0.16866359447004609
bcsstk10,BEST_AVAILABLE_OF_5_LARGER_GRAPHS,LARGEST_FIRST,28,903,0.16774193548387098
bcsstk10,BEST_AVAILABLE_OF_5_LARGER_GRAPHS,LARGEST_FIRST,29,904,0.16682027649769585
bcsstk10,BEST_AVAILABLE_OF_5_LARGER_GRAPHS,LARGEST_FIRST,33,905,0.16589861751152074
bcsstk10,BEST_AVAILABLE_OF_5_LARGER_GRAPHS,LARGEST_FIRST,34,906,0.16497695852534563
bcsstk10,BEST_AVAILABLE_OF_5_LARGER_GRAPHS,LARGEST_FIRST,38,907,0.1640552995391705
bcsstk10,BEST_AVAILABLE_OF_5_LARGER_GRAPHS,LARGEST_FIRST,39,908,0.1631336405529954
bcsstk10,BEST_AVAILABLE_OF_5_LARGER_GRAPHS,LARGEST_FIRST,1041,909,0.1622119815668203
bcsstk10,BEST_AVAILABLE_OF_5_LARGER_GRAPHS,LARGEST_FIRST,1043,910,0.16129032258064516
bcsstk10,BEST_AVAILABLE_OF_5_LARGER_GRAPHS,LARGEST_FIRST,1044,911,0.16036866359447005
bcsstk10,BEST_AVAILABLE_OF_5_LARGER_GRAPHS,LARGEST_FIRST,1048,912,0.15944700460829492
bcsstk10,BEST_AVAILABLE_OF_5_LARGER_GRAPHS,LARGEST_FIRST,1049,913,0.1585253456221198
bcsstk10,BEST_AVAILABLE_OF_5_LARGER_GRAPHS,LARGEST_FIRST,1053,914,0.1576036866359447
bcsstk10,BEST_AVAILABLE_OF_5_LARGER_GRAPHS,LARGEST_FIRST,1054,915,0.15668202764976957
bcsstk10,BEST_AVAILABLE_OF_5_LARGER_GRAPHS,LARGEST_FIRST,1058,916,0.15576036866359447
bcsstk10,BEST_AVAILABLE_OF_5_LARGER_GRAPHS,LARGEST_FIRST,1059,917,0.15483870967741936
bcsstk10,BEST_AVAILABLE_OF_5_LARGER_GRAPHS,LARGEST_FIRST,1072,918,0.15391705069124423
bcsstk10,BEST_AVAILABLE_OF_5_LARGER_GRAPHS,LARGEST_FIRST,1073,919,0.15299539170506912
bcsstk10,BEST_AVAILABLE_OF_5_LARGER_GRAPHS,LARGEST_FIRST,1075,920,0.15207373271889402
bcsstk10,BEST_AVAILABLE_OF_5_LARGER_GRAPHS,LARGEST_FIRST,1076,921,0.15115207373271888
bcsstk10,BEST_AVAILABLE_OF_5_LARGER_GRAPHS,LARGEST_FIRST,1078,922,0.15023041474654378
bcsstk10,BEST_AVAILABLE_OF_5_LARGER_GRAPHS,LARGEST_FIRST,1079,923,0.14930875576036867
bcsstk10,BEST_AVAILABLE_OF_5_LARGER_GRAPHS,LARGEST_FIRST,1081,924,0.14838709677419354
bcsstk10,BEST_AVAILABLE_OF_5_LARGER_GRAPHS,LARGEST_FIRST,1082,925,0.14746543778801843
bcsstk10,BEST_AVAILABLE_OF_5_LARGER_GRAPHS,LARGEST_FIRST,48,926,0.14654377880184333
bcsstk10,BEST_AVAILABLE_OF_5_LARGER_GRAPHS,LARGEST_FIRST,49,927,0.1456221198156682
bcsstk10,BEST_AVAILABLE_OF_5_LARGER_GRAPHS,LARGEST_FIRST,73,928,0.1447004608294931
bcsstk10,BEST_AVAILABLE_OF_5_LARGER_GRAPHS,LARGEST_FIRST,74,929,0.14377880184331798
bcsstk10,BEST_AVAILABLE_OF_5_LARGER_GRAPHS,LARGEST_FIRST,78,930,0.14285714285714285
bcsstk10,BEST_AVAILABLE_OF_5_LARGER_GRAPHS,LARGEST_FIRST,79,931,0.14193548387096774
bcsstk10,BEST_AVAILABLE_OF_5_LARGER_GRAPHS,LARGEST_FIRST,103,932,0.14101382488479264
bcsstk10,BEST_AVAILABLE_OF_5_LARGER_GRAPHS,LARGEST_FIRST,104,933,0.1400921658986175
bcsstk10,BEST_AVAILABLE_OF_5_LARGER_GRAPHS,LARGEST_FIRST,108,934,0.1391705069124424
bcsstk10,BEST_AVAILABLE_OF_5_LARGER_GRAPHS,LARGEST_FIRST,109,935,0.1382488479262673
bcsstk10,BEST_AVAILABLE_OF_5_LARGER_GRAPHS,LARGEST_FIRST,133,936,0.13732718894009216
bcsstk10,BEST_AVAILABLE_OF_5_LARGER_GRAPHS,LARGEST_FIRST,134,937,0.13640552995391705
bcsstk10,BEST_AVAILABLE_OF_5_LARGER_GRAPHS,LARGEST_FIRST,138,938,0.13548387096774195
bcsstk10,BEST_AVAILABLE_OF_5_LARGER_GRAPHS,LARGEST_FIRST,139,939,0.13456221198156681
bcsstk10,BEST_AVAILABLE_OF_5_LARGER_GRAPHS,LARGEST_FIRST,163,940,0.1336405529953917
bcsstk10,BEST_AVAILABLE_OF_5_LARGER_GRAPHS,LARGEST_FIRST,164,941,0.1327188940092166
bcsstk10,BEST_AVAILABLE_OF_5_LARGER_GRAPHS,LARGEST_FIRST,168,942,0.13179723502304147
bcsstk10,BEST_AVAILABLE_OF_5_LARGER_GRAPHS,LARGEST_FIRST,169,943,0.13087557603686636
bcsstk10,BEST_AVAILABLE_OF_5_LARGER_GRAPHS,LARGEST_FIRST,193,944,0.12995391705069123
bcsstk10,BEST_AVAILABLE_OF_5_LARGER_GRAPHS,LARGEST_FIRST,194,945,0.12903225806451613
bcsstk10,BEST_AVAILABLE_OF_5_LARGER_GRAPHS,LARGEST_FIRST,198,946,0.12811059907834102
bcsstk10,BEST_AVAILABLE_OF_5_LARGER_GRAPHS,LARGEST_FIRST,199,947,0.1271889400921659
bcsstk10,BEST_AVAILABLE_OF_5_LARGER_GRAPHS,LARGEST_FIRST,223,948,0.12626728110599078
bcsstk10,BEST_AVAILABLE_OF_5_LARGER_GRAPHS,LARGEST_FIRST,224,949,0.12534562211981568
bcsstk10,BEST_AVAILABLE_OF_5_LARGER_GRAPHS,LARGEST_FIRST,228,950,0.12442396313364056
bcsstk10,BEST_AVAILABLE_OF_5_LARGER_GRAPHS,LARGEST_FIRST,229,951,0.12350230414746544
bcsstk10,BEST_AVAILABLE_OF_5_LARGER_GRAPHS,LARGEST_FIRST,253,952,0.12258064516129032
bcsstk10,BEST_AVAILABLE_OF_5_LARGER_GRAPHS,LARGEST_FIRST,254,953,0.12165898617511521
bcsstk10,BEST_AVAILABLE_OF_5_LARGER_GRAPHS,LARGEST_FIRST,258,954,0.12073732718894009
bcsstk10,BEST_AVAILABLE_OF_5_LARGER_GRAPHS,LARGEST_FIRST,259,955,0.11981566820276497
bcsstk10,BEST_AVAILABLE_OF_5_LARGER_GRAPHS,LARGEST_FIRST,283,956,0.11889400921658987
bcsstk10,BEST_AVAILABLE_OF_5_LARGER_GRAPHS,LARGEST_FIRST,284,957,0.11797235023041475
bcsstk10,BEST_AVAILABLE_OF_5_LARGER_GRAPHS,LARGEST_FIRST,288,958,0.11705069124423963
bcsstk10,BEST_AVAILABLE_OF_5_LARGER_GRAPHS,LARGEST_FIRST,289,959,0.11612903225806452
bcsstk10,BEST_AVAILABLE_OF_5_LARGER_GRAPHS,LARGEST_FIRST,313,960,0.1152073732718894
bcsstk10,BEST_AVAILABLE_OF_5_LARGER_GRAPHS,LARGEST_FIRST,314,961,0.11428571428571428
bcsstk10,BEST_AVAILABLE_OF_5_LARGER_GRAPHS,LARGEST_FIRST,318,962,0.11336405529953918
bcsstk10,BEST_AVAILABLE_OF_5_LARGER_GRAPHS,LARGEST_FIRST,319,963,0.11244239631336406
bcsstk10,BEST_AVAILABLE_OF_5_LARGER_GRAPHS,LARGEST_FIRST,343,964,0.11152073732718894
bcsstk10,BEST_AVAILABLE_OF_5_LARGER_GRAPHS,LARGEST_FIRST,344,965,0.11059907834101383
bcsstk10,BEST_AVAILABLE_OF_5_LARGER_GRAPHS,LARGEST_FIRST,348,966,0.10967741935483871
bcsstk10,BEST_AVAILABLE_OF_5_LARGER_GRAPHS,LARGEST_FIRST,349,967,0.10875576036866359
bcsstk10,BEST_AVAILABLE_OF_5_LARGER_GRAPHS,LARGEST_FIRST,373,968,0.10783410138248847
bcsstk10,BEST_AVAILABLE_OF_5_LARGER_GRAPHS,LARGEST_FIRST,374,969,0.10691244239631337
bcsstk10,BEST_AVAILABLE_OF_5_LARGER_GRAPHS,LARGEST_FIRST,378,970,0.10599078341013825
bcsstk10,BEST_AVAILABLE_OF_5_LARGER_GRAPHS,LARGEST_FIRST,379,971,0.10506912442396313
bcsstk10,BEST_AVAILABLE_OF_5_LARGER_GRAPHS,LARGEST_FIRST,403,972,0.10414746543778802
bcsstk10,BEST_AVAILABLE_OF_5_LARGER_GRAPHS,LARGEST_FIRST,404,973,0.1032258064516129
bcsstk10,BEST_AVAILABLE_OF_5_LARGER_GRAPHS,LARGEST_FIRST,408,974,0.10230414746543778
bcsstk10,BEST_AVAILABLE_OF_5_LARGER_GRAPHS,LARGEST_FIRST,409,975,0.10138248847926268
bcsstk10,BEST_AVAILABLE_OF_5_LARGER_GRAPHS,LARGEST_FIRST,433,976,0.10046082949308756
bcsstk10,BEST_AVAILABLE_OF_5_LARGER_GRAPHS,LARGEST_FIRST,434,977,0.09953917050691244
bcsstk10,BEST_AVAILABLE_OF_5_LARGER_GRAPHS,LARGEST_FIRST,438,978,0.09861751152073733
bcsstk10,BEST_AVAILABLE_OF_5_LARGER_GRAPHS,LARGEST_FIRST,439,979,0.09769585253456221
bcsstk10,BEST_AVAILABLE_OF_5_LARGER_GRAPHS,LARGEST_FIRST,463,980,0.0967741935483871
bcsstk10,BEST_AVAILABLE_OF_5_LARGER_GRAPHS,LARGEST_FIRST,464,981,0.09585253456221199
bcsstk10,BEST_AVAILABLE_OF_5_LARGER_GRAPHS,LARGEST_FIRST,468,982,0.09493087557603687
bcsstk10,BEST_AVAILABLE_OF_5_LARGER_GRAPHS,LARGEST_FIRST,469,983,0.09400921658986175
bcsstk10,BEST_AVAILABLE_OF_5_LARGER_GRAPHS,LARGEST_FIRST,493,984,0.09308755760368663
bcsstk10,BEST_AVAILABLE_OF_5_LARGER_GRAPHS,LARGEST_FIRST,494,985,0.09216589861751152
bcsstk10,BEST_AVAILABLE_OF_5_LARGER_GRAPHS,LARGEST_FIRST,498,986,0.0912442396313364
bcsstk10,BEST_AVAILABLE_OF_5_LARGER_GRAPHS,LARGEST_FIRST,499,987,0.09032258064516129
bcsstk10,BEST_AVAILABLE_OF_5_LARGER_GRAPHS,LARGEST_FIRST,523,988,0.08940092165898618
bcsstk10,BEST_AVAILABLE_OF_5_LARGER_GRAPHS,LARGEST_FIRST,524,989,0.08847926267281106
bcsstk10,BEST_AVAILABLE_OF_5_LARGER_GRAPHS,LARGEST_FIRST,528,990,0.08755760368663594
bcsstk10,BEST_AVAILABLE_OF_5_LARGER_GRAPHS,LARGEST_FIRST,529,991,0.08663594470046083
bcsstk10,BEST_AVAILABLE_OF_5_LARGER_GRAPHS,LARGEST_FIRST,553,992,0.08571428571428572
bcsstk10,BEST_AVAILABLE_OF_5_LARGER_GRAPHS,LARGEST_FIRST,554,993,0.0847926267281106
bcsstk10,BEST_AVAILABLE_OF_5_LARGER_GRAPHS,LARGEST_FIRST,558,994,0.08387096774193549
bcsstk10,BEST_AVAILABLE_OF_5_LARGER_GRAPHS,LARGEST_FIRST,559,995,0.08294930875576037
bcsstk10,BEST_AVAILABLE_OF_5_LARGER_GRAPHS,LARGEST_FIRST,583,996,0.08202764976958525
bcsstk10,BEST_AVAILABLE_OF_5_LARGER_GRAPHS,LARGEST_FIRST,584,997,0.08110599078341015
bcsstk10,BEST_AVAILABLE_OF_5_LARGER_GRAPHS,LARGEST_FIRST,588,998,0.08018433179723503
bcsstk10,BEST_AVAILABLE_OF_5_LARGER_GRAPHS,LARGEST_FIRST,589,999,0.0792626728110599
bcsstk10,BEST_AVAILABLE_OF_5_LARGER_GRAPHS,LARGEST_FIRST,613,1000,0.07834101382488479
bcsstk10,BEST_AVAILABLE_OF_5_LARGER_GRAPHS,LARGEST_FIRST,614,1001,0.07741935483870968
bcsstk10,BEST_AVAILABLE_OF_5_LARGER_GRAPHS,LARGEST_FIRST,618,1002,0.07649769585253456
bcsstk10,BEST_AVAILABLE_OF_5_LARGER_GRAPHS,LARGEST_FIRST,619,1003,0.07557603686635944
bcsstk10,BEST_AVAILABLE_OF_5_LARGER_GRAPHS,LARGEST_FIRST,643,1004,0.07465437788018434
bcsstk10,BEST_AVAILABLE_OF_5_LARGER_GRAPHS,LARGEST_FIRST,644,1005,0.07373271889400922
bcsstk10,BEST_AVAILABLE_OF_5_LARGER_GRAPHS,LARGEST_FIRST,648,1006,0.0728110599078341
bcsstk10,BEST_AVAILABLE_OF_5_LARGER_GRAPHS,LARGEST_FIRST,649,1007,0.07188940092165899
bcsstk10,BEST_AVAILABLE_OF_5_LARGER_GRAPHS,LARGEST_FIRST,673,1008,0.07096774193548387
bcsstk10,BEST_AVAILABLE_OF_5_LARGER_GRAPHS,LARGEST_FIRST,674,1009,0.07004608294930875
bcsstk10,BEST_AVAILABLE_OF_5_LARGER_GRAPHS,LARGEST_FIRST,678,1010,0.06912442396313365
bcsstk10,BEST_AVAILABLE_OF_5_LARGER_GRAPHS,LARGEST_FIRST,679,1011,0.06820276497695853
bcsstk10,BEST_AVAILABLE_OF_5_LARGER_GRAPHS,LARGEST_FIRST,703,1012,0.06728110599078341
bcsstk10,BEST_AVAILABLE_OF_5_LARGER_GRAPHS,LARGEST_FIRST,704,1013,0.0663594470046083
bcsstk10,BEST_AVAILABLE_OF_5_LARGER_GRAPHS,LARGEST_FIRST,733,1014,0.06543778801843318
bcsstk10,BEST_AVAILABLE_OF_5_LARGER_GRAPHS,LARGEST_FIRST,734,1015,0.06451612903225806
bcsstk10,BEST_AVAILABLE_OF_5_LARGER_GRAPHS,LARGEST_FIRST,738,1016,0.06359447004608294
bcsstk10,BEST_AVAILABLE_OF_5_LARGER_GRAPHS,LARGEST_FIRST,739,1017,0.06267281105990784
bcsstk10,BEST_AVAILABLE_OF_5_LARGER_GRAPHS,LARGEST_FIRST,763,1018,0.06175115207373272
bcsstk10,BEST_AVAILABLE_OF_5_LARGER_GRAPHS,LARGEST_FIRST,764,1019,0.060829493087557605
bcsstk10,BEST_AVAILABLE_OF_5_LARGER_GRAPHS,LARGEST_FIRST,768,1020,0.059907834101382486
bcsstk10,BEST_AVAILABLE_OF_5_LARGER_GRAPHS,LARGEST_FIRST,769,1021,0.05898617511520737
bcsstk10,BEST_AVAILABLE_OF_5_LARGER_GRAPHS,LARGEST_FIRST,793,1022,0.05806451612903226
bcsstk10,BEST_AVAILABLE_OF_5_LARGER_GRAPHS,LARGEST_FIRST,794,1023,0.05714285714285714
bcsstk10,BEST_AVAILABLE_OF_5_LARGER_GRAPHS,LARGEST_FIRST,798,1024,0.05622119815668203
bcsstk10,BEST_AVAILABLE_OF_5_LARGER_GRAPHS,LARGEST_FIRST,799,1025,0.055299539170506916
bcsstk10,BEST_AVAILABLE_OF_5_LARGER_GRAPHS,LARGEST_FIRST,823,1026,0.054377880184331796
bcsstk10,BEST_AVAILABLE_OF_5_LARGER_GRAPHS,LARGEST_FIRST,824,1027,0.053456221198156684
bcsstk10,BEST_AVAILABLE_OF_5_LARGER_GRAPHS,LARGEST_FIRST,828,1028,0.052534562211981564
bcsstk10,BEST_AVAILABLE_OF_5_LARGER_GRAPHS,LARGEST_FIRST,829,1029,0.05161290322580645
bcsstk10,BEST_AVAILABLE_OF_5_LARGER_GRAPHS,LARGEST_FIRST,853,1030,0.05069124423963134
bcsstk10,BEST_AVAILABLE_OF_5_LARGER_GRAPHS,LARGEST_FIRST,854,1031,0.04976958525345622
bcsstk10,BEST_AVAILABLE_OF_5_LARGER_GRAPHS,LARGEST_FIRST,858,1032,0.04884792626728111
bcsstk10,BEST_AVAILABLE_OF_5_LARGER_GRAPHS,LARGEST_FIRST,859,1033,0.047926267281105994
bcsstk10,BEST_AVAILABLE_OF_5_LARGER_GRAPHS,LARGEST_FIRST,883,1034,0.047004608294930875
bcsstk10,BEST_AVAILABLE_OF_5_LARGER_GRAPHS,LARGEST_FIRST,884,1035,0.04608294930875576
bcsstk10,BEST_AVAILABLE_OF_5_LARGER_GRAPHS,LARGEST_FIRST,888,1036,0.04516129032258064
bcsstk10,BEST_AVAILABLE_OF_5_LARGER_GRAPHS,LARGEST_FIRST,889,1037,0.04423963133640553
bcsstk10,BEST_AVAILABLE_OF_5_LARGER_GRAPHS,LARGEST_FIRST,913,1038,0.04331797235023042
bcsstk10,BEST_AVAILABLE_OF_5_LARGER_GRAPHS,LARGEST_FIRST,914,1039,0.0423963133640553
bcsstk10,BEST_AVAILABLE_OF_5_LARGER_GRAPHS,LARGEST_FIRST,918,1040,0.041474654377880185
bcsstk10,BEST_AVAILABLE_OF_5_LARGER_GRAPHS,LARGEST_FIRST,919,1041,0.04055299539170507
bcsstk10,BEST_AVAILABLE_OF_5_LARGER_GRAPHS,LARGEST_FIRST,943,1042,0.03963133640552995
bcsstk10,BEST_AVAILABLE_OF_5_LARGER_GRAPHS,LARGEST_FIRST,944,1043,0.03870967741935484
bcsstk10,BEST_AVAILABLE_OF_5_LARGER_GRAPHS,LARGEST_FIRST,948,1044,0.03778801843317972
bcsstk10,BEST_AVAILABLE_OF_5_LARGER_GRAPHS,LARGEST_FIRST,949,1045,0.03686635944700461
bcsstk10,BEST_AVAILABLE_OF_5_LARGER_GRAPHS,LARGEST_FIRST,973,1046,0.035944700460829496
bcsstk10,BEST_AVAILABLE_OF_5_LARGER_GRAPHS,LARGEST_FIRST,974,1047,0.035023041474654376
bcsstk10,BEST_AVAILABLE_OF_5_LARGER_GRAPHS,LARGEST_FIRST,978,1048,0.034101382488479264
bcsstk10,BEST_AVAILABLE_OF_5_LARGER_GRAPHS,LARGEST_FIRST,979,1049,0.03317972350230415
bcsstk10,BEST_AVAILABLE_OF_5_LARGER_GRAPHS,LARGEST_FIRST,1003,1050,0.03225806451612903
bcsstk10,BEST_AVAILABLE_OF_5_LARGER_GRAPHS,LARGEST_FIRST,1004,1051,0.03133640552995392
bcsstk10,BEST_AVAILABLE_OF_5_LARGER_GRAPHS,LARGEST_FIRST,1008,1052,0.030414746543778803
bcsstk10,BEST_AVAILABLE_OF_5_LARGER_GRAPHS,LARGEST_FIRST,1009,1053,0.029493087557603687
bcsstk10,BEST_AVAILABLE_OF_5_LARGER_GRAPHS,LARGEST_FIRST,1033,1054,0.02857142857142857
bcsstk10,BEST_AVAILABLE_OF_5_LARGER_GRAPHS,LARGEST_FIRST,1034,1055,0.027649769585253458
bcsstk10,BEST_AVAILABLE_OF_5_LARGER_GRAPHS,LARGEST_FIRST,708,1056,0.026728110599078342
bcsstk10,BEST_AVAILABLE_OF_5_LARGER_GRAPHS,LARGEST_FIRST,709,1057,0.025806451612903226
bcsstk10,BEST_AVAILABLE_OF_5_LARGER_GRAPHS,LARGEST_FIRST,1,1058,0.02488479262672811
bcsstk10,BEST_AVAILABLE_OF_5_LARGER_GRAPHS,LARGEST_FIRST,2,1059,0.023963133640552997
bcsstk10,BEST_AVAILABLE_OF_5_LARGER_GRAPHS,LARGEST_FIRST,16,1060,0.02304147465437788
bcsstk10,BEST_AVAILABLE_OF_5_LARGER_GRAPHS,LARGEST_FIRST,17,1061,0.022119815668202765
bcsstk10,BEST_AVAILABLE_OF_5_LARGER_GRAPHS,LARGEST_FIRST,18,1062,0.02119815668202765
bcsstk10,BEST_AVAILABLE_OF_5_LARGER_GRAPHS,LARGEST_FIRST,19,1063,0.020276497695852536
bcsstk10,BEST_AVAILABLE_OF_5_LARGER_GRAPHS,LARGEST_FIRST,43,1064,0.01935483870967742
bcsstk10,BEST_AVAILABLE_OF_5_LARGER_GRAPHS,LARGEST_FIRST,44,1065,0.018433179723502304
bcsstk10,BEST_AVAILABLE_OF_5_LARGER_GRAPHS,LARGEST_FIRST,1038,1066,0.017511520737327188
bcsstk10,BEST_AVAILABLE_OF_5_LARGER_GRAPHS,LARGEST_FIRST,1039,1067,0.016589861751152075
bcsstk10,BEST_AVAILABLE_OF_5_LARGER_GRAPHS,LARGEST_FIRST,1063,1068,0.01566820276497696
bcsstk10,BEST_AVAILABLE_OF_5_LARGER_GRAPHS,LARGEST_FIRST,1064,1069,0.014746543778801843
bcsstk10,BEST_AVAILABLE_OF_5_LARGER_GRAPHS,LARGEST_FIRST,1069,1070,0.013824884792626729
bcsstk10,BEST_AVAILABLE_OF_5_LARGER_GRAPHS,LARGEST_FIRST,1070,1071,0.012903225806451613
bcsstk10,BEST_AVAILABLE_OF_5_LARGER_GRAPHS,LARGEST_FIRST,1084,1072,0.011981566820276499
bcsstk10,BEST_AVAILABLE_OF_5_LARGER_GRAPHS,LARGEST_FIRST,1085,1073,0.011059907834101382
bcsstk10,BEST_AVAILABLE_OF_5_LARGER_GRAPHS,LARGEST_FIRST,3,1074,0.010138248847926268
bcsstk10,BEST_AVAILABLE_OF_5_LARGER_GRAPHS,LARGEST_FIRST,6,1075,0.009216589861751152
bcsstk10,BEST_AVAILABLE_OF_5_LARGER_GRAPHS,LARGEST_FIRST,9,1076,0.008294930875576038
bcsstk10,BEST_AVAILABLE_OF_5_LARGER_GRAPHS,LARGEST_FIRST,12,1077,0.007373271889400922
bcsstk10,BEST_AVAILABLE_OF_5_LARGER_GRAPHS,LARGEST_FIRST,1071,1078,0.0064516129032258064
bcsstk10,BEST_AVAILABLE_OF_5_LARGER_GRAPHS,LARGEST_FIRST,1074,1079,0.005529953917050691
bcsstk10,BEST_AVAILABLE_OF_5_LARGER_GRAPHS,LARGEST_FIRST,1077,1080,0.004608294930875576
bcsstk10,BEST_AVAILABLE_OF_5_LARGER_GRAPHS,LARGEST_FIRST,1080,1081,0.003686635944700461
bcsstk10,BEST_AVAILABLE_OF_5_LARGER_GRAPHS,LARGEST_FIRST,0,1082,0.0027649769585253456
bcsstk10,BEST_AVAILABLE_OF_5_LARGER_GRAPHS,LARGEST_FIRST,15,1083,0.0018433179723502304
bcsstk10,BEST_AVAILABLE_OF_5_LARGER_GRAPHS,LARGEST_FIRST,1068,1084,0.0009216589861751152
bcsstk10,BEST_AVAILABLE_OF_5_LARGER_GRAPHS,LARGEST_FIRST,1083,1085,0.0
bcsstk14,BEST_AVAILABLE_OF_5_LARGER_GRAPHS,SMALLEST_LAST,1242,0,1.0
bcsstk14,BEST_AVAILABLE_OF_5_LARGER_GRAPHS,SMALLEST_LAST,1243,1,0.9994459833795014
bcsstk14,BEST_AVAILABLE_OF_5_LARGER_GRAPHS,SMALLEST_LAST,1244,2,0.9988919667590028
bcsstk14,BEST_AVAILABLE_OF_5_LARGER_GRAPHS,SMALLEST_LAST,1245,3,0.9983379501385041
bcsstk14,BEST_AVAILABLE_OF_5_LARGER_GRAPHS,SMALLEST_LAST,1246,4,0.9977839335180055
bcsstk14,BEST_AVAILABLE_OF_5_LARGER_GRAPHS,SMALLEST_LAST,1247,5,0.997229916897507
bcsstk14,BEST_AVAILABLE_OF_5_LARGER_GRAPHS,SMALLEST_LAST,1254,6,0.9966759002770084
bcsstk14,BEST_AVAILABLE_OF_5_LARGER_GRAPHS,SMALLEST_LAST,1255,7,0.9961218836565097
bcsstk14,BEST_AVAILABLE_OF_5_LARGER_GRAPHS,SMALLEST_LAST,1256,8,0.9955678670360111
bcsstk14,BEST_AVAILABLE_OF_5_LARGER_GRAPHS,SMALLEST_LAST,1257,9,0.9950138504155125
bcsstk14,BEST_AVAILABLE_OF_5_LARGER_GRAPHS,SMALLEST_LAST,1259,10,0.9944598337950139
bcsstk14,BEST_AVAILABLE_OF_5_LARGER_GRAPHS,SMALLEST_LAST,1392,11,0.9939058171745152
bcsstk14,BEST_AVAILABLE_OF_5_LARGER_GRAPHS,SMALLEST_LAST,1394,12,0.9933518005540166
bcsstk14,BEST_AVAILABLE_OF_5_LARGER_GRAPHS,SMALLEST_LAST,1395,13,0.992797783933518
bcsstk14,BEST_AVAILABLE_OF_5_LARGER_GRAPHS,SMALLEST_LAST,1396,14,0.9922437673130194
bcsstk14,BEST_AVAILABLE_OF_5_LARGER_GRAPHS,SMALLEST_LAST,1397,15,0.9916897506925207
bcsstk14,BEST_AVAILABLE_OF_5_LARGER_GRAPHS,SMALLEST_LAST,1393,16,0.9911357340720222
bcsstk14,BEST_AVAILABLE_OF_5_LARGER_GRAPHS,SMALLEST_LAST,1386,17,0.9905817174515236
bcsstk14,BEST_AVAILABLE_OF_5_LARGER_GRAPHS,SMALLEST_LAST,1388,18,0.990027700831025
bcsstk14,BEST_AVAILABLE_OF_5_LARGER_GRAPHS,SMALLEST_LAST,1389,19,0.9894736842105263
bcsstk14,BEST_AVAILABLE_OF_5_LARGER_GRAPHS,SMALLEST_LAST,1391,20,0.9889196675900277
bcsstk14,BEST_AVAILABLE_OF_5_LARGER_GRAPHS,SMALLEST_LAST,1248,21,0.9883656509695291
bcsstk14,BEST_AVAILABLE_OF_5_LARGER_GRAPHS,SMALLEST_LAST,1249,22,0.9878116343490305
bcsstk14,BEST_AVAILABLE_OF_5_LARGER_GRAPHS,SMALLEST_LAST,1250,23,0.9872576177285318
bcsstk14,BEST_AVAILABLE_OF_5_LARGER_GRAPHS,SMALLEST_LAST,1387,24,0.9867036011080332
bcsstk14,BEST_AVAILABLE_OF_5_LARGER_GRAPHS,SMALLEST_LAST,1251,25,0.9861495844875346
bcsstk14,BEST_AVAILABLE_OF_5_LARGER_GRAPHS,SMALLEST_LAST,1253,26,0.9855955678670361
bcsstk14,BEST_AVAILABLE_OF_5_LARGER_GRAPHS,SMALLEST_LAST,1390,27,0.9850415512465374
bcsstk14,BEST_AVAILABLE_OF_5_LARGER_GRAPHS,SMALLEST_LAST,1258,28,0.9844875346260388
bcsstk14,BEST_AVAILABLE_OF_5_LARGER_GRAPHS,SMALLEST_LAST,1494,29,0.9839335180055402
bcsstk14,BEST_AVAILABLE_OF_5_LARGER_GRAPHS,SMALLEST_LAST,1496,30,0.9833795013850416
bcsstk14,BEST_AVAILABLE_OF_5_LARGER_GRAPHS,SMALLEST_LAST,1495,31,0.9828254847645429
bcsstk14,BEST_AVAILABLE_OF_5_LARGER_GRAPHS,SMALLEST_LAST,1497,32,0.9822714681440443
bcsstk14,BEST_AVAILABLE_OF_5_LARGER_GRAPHS,SMALLEST_LAST,1499,33,0.9817174515235457
bcsstk14,BEST_AVAILABLE_OF_5_LARGER_GRAPHS,SMALLEST_LAST,1498,34,0.9811634349030471
bcsstk14,BEST_AVAILABLE_OF_5_LARGER_GRAPHS,SMALLEST_LAST,1506,35,0.9806094182825484
bcsstk14,BEST_AVAILABLE_OF_5_LARGER_GRAPHS,SMALLEST_LAST,1508,36,0.9800554016620499
bcsstk14,BEST_AVAILABLE_OF_5_LARGER_GRAPHS,SMALLEST_LAST,1509,37,0.9795013850415513
bcsstk14,BEST_AVAILABLE_OF_5_LARGER_GRAPHS,SMALLEST_LAST,1507,38,0.9789473684210527
bcsstk14,BEST_AVAILABLE_OF_5_LARGER_GRAPHS,SMALLEST_LAST,1510,39,0.978393351800554
bcsstk14,BEST_AVAILABLE_OF_5_LARGER_GRAPHS,SMALLEST_LAST,1511,40,0.9778393351800554
bcsstk14,BEST_AVAILABLE_OF_5_LARGER_GRAPHS,SMALLEST_LAST,1404,41,0.9772853185595568
bcsstk14,BEST_AVAILABLE_OF_5_LARGER_GRAPHS,SMALLEST_LAST,1406,42,0.9767313019390582
bcsstk14,BEST_AVAILABLE_OF_5_LARGER_GRAPHS,SMALLEST_LAST,1407,43,0.9761772853185595
bcsstk14,BEST_AVAILABLE_OF_5_LARGER_GRAPHS,SMALLEST_LAST,1409,44,0.9756232686980609
bcsstk14,BEST_AVAILABLE_OF_5_LARGER_GRAPHS,SMALLEST_LAST,1500,45,0.9750692520775623
bcsstk14,BEST_AVAILABLE_OF_5_LARGER_GRAPHS,SMALLEST_LAST,1502,46,0.9745152354570638
bcsstk14,BEST_AVAILABLE_OF_5_LARGER_GRAPHS,SMALLEST_LAST,1503,47,0.9739612188365651
bcsstk14,BEST_AVAILABLE_OF_5_LARGER_GRAPHS,SMALLEST_LAST,1505,48,0.9734072022160665
bcsstk14,BEST_AVAILABLE_OF_5_LARGER_GRAPHS,SMALLEST_LAST,1405,49,0.9728531855955679
bcsstk14,BEST_AVAILABLE_OF_5_LARGER_GRAPHS,SMALLEST_LAST,1501,50,0.9722991689750693
bcsstk14,BEST_AVAILABLE_OF_5_LARGER_GRAPHS,SMALLEST_LAST,1520,51,0.9717451523545706
bcsstk14,BEST_AVAILABLE_OF_5_LARGER_GRAPHS,SMALLEST_LAST,1523,52,0.971191135734072
bcsstk14,BEST_AVAILABLE_OF_5_LARGER_GRAPHS,SMALLEST_LAST,1518,53,0.9706371191135734
bcsstk14,BEST_AVAILABLE_OF_5_LARGER_GRAPHS,SMALLEST_LAST,1519,54,0.9700831024930748
bcsstk14,BEST_AVAILABLE_OF_5_LARGER_GRAPHS,SMALLEST_LAST,1521,55,0.9695290858725761
bcsstk14,BEST_AVAILABLE_OF_5_LARGER_GRAPHS,SMALLEST_LAST,1590,56,0.9689750692520775
bcsstk14,BEST_AVAILABLE_OF_5_LARGER_GRAPHS,SMALLEST_LAST,1592,57,0.968421052631579
bcsstk14,BEST_AVAILABLE_OF_5_LARGER_GRAPHS,SMALLEST_LAST,1593,58,0.9678670360110804
bcsstk14,BEST_AVAILABLE_OF_5_LARGER_GRAPHS,SMALLEST_LAST,1595,59,0.9673130193905817
bcsstk14,BEST_AVAILABLE_OF_5_LARGER_GRAPHS,SMALLEST_LAST,1591,60,0.9667590027700831
bcsstk14,BEST_AVAILABLE_OF_5_LARGER_GRAPHS,SMALLEST_LAST,1602,61,0.9662049861495845
bcsstk14,BEST_AVAILABLE_OF_5_LARGER_GRAPHS,SMALLEST_LAST,1603,62,0.9656509695290859
bcsstk14,BEST_AVAILABLE_OF_5_LARGER_GRAPHS,SMALLEST_LAST,1604,63,0.9650969529085872
bcsstk14,BEST_AVAILABLE_OF_5_LARGER_GRAPHS,SMALLEST_LAST,1605,64,0.9645429362880886
bcsstk14,BEST_AVAILABLE_OF_5_LARGER_GRAPHS,SMALLEST_LAST,1607,65,0.96398891966759
bcsstk14,BEST_AVAILABLE_OF_5_LARGER_GRAPHS,SMALLEST_LAST,1596,66,0.9634349030470915
bcsstk14,BEST_AVAILABLE_OF_5_LARGER_GRAPHS,SMALLEST_LAST,1598,67,0.9628808864265928
bcsstk14,BEST_AVAILABLE_OF_5_LARGER_GRAPHS,SMALLEST_LAST,1599,68,0.9623268698060942
bcsstk14,BEST_AVAILABLE_OF_5_LARGER_GRAPHS,SMALLEST_LAST,1597,69,0.9617728531855956
bcsstk14,BEST_AVAILABLE_OF_5_LARGER_GRAPHS,SMALLEST_LAST,1601,70,0.961218836565097
bcsstk14,BEST_AVAILABLE_OF_5_LARGER_GRAPHS,SMALLEST_LAST,1482,71,0.9606648199445983
bcsstk14,BEST_AVAILABLE_OF_5_LARGER_GRAPHS,SMALLEST_LAST,1483,72,0.9601108033240997
bcsstk14,BEST_AVAILABLE_OF_5_LARGER_GRAPHS,SMALLEST_LAST,1484,73,0.9595567867036011
bcsstk14,BEST_AVAILABLE_OF_5_LARGER_GRAPHS,SMALLEST_LAST,1485,74,0.9590027700831025
bcsstk14,BEST_AVAILABLE_OF_5_LARGER_GRAPHS,SMALLEST_LAST,1487,75,0.9584487534626038
bcsstk14,BEST_AVAILABLE_OF_5_LARGER_GRAPHS,SMALLEST_LAST,1512,76,0.9578947368421052
bcsstk14,BEST_AVAILABLE_OF_5_LARGER_GRAPHS,SMALLEST_LAST,1513,77,0.9573407202216067
bcsstk14,BEST_AVAILABLE_OF_5_LARGER_GRAPHS,SMALLEST_LAST,1514,78,0.9567867036011081
bcsstk14,BEST_AVAILABLE_OF_5_LARGER_GRAPHS,SMALLEST_LAST,1515,79,0.9562326869806094
bcsstk14,BEST_AVAILABLE_OF_5_LARGER_GRAPHS,SMALLEST_LAST,1517,80,0.9556786703601108
bcsstk14,BEST_AVAILABLE_OF_5_LARGER_GRAPHS,SMALLEST_LAST,1399,81,0.9551246537396122
bcsstk14,BEST_AVAILABLE_OF_5_LARGER_GRAPHS,SMALLEST_LAST,1401,82,0.9545706371191136
bcsstk14,BEST_AVAILABLE_OF_5_LARGER_GRAPHS,SMALLEST_LAST,1486,83,0.9540166204986149
bcsstk14,BEST_AVAILABLE_OF_5_LARGER_GRAPHS,SMALLEST_LAST,1398,84,0.9534626038781163
bcsstk14,BEST_AVAILABLE_OF_5_LARGER_GRAPHS,SMALLEST_LAST,1400,85,0.9529085872576177
bcsstk14,BEST_AVAILABLE_OF_5_LARGER_GRAPHS,SMALLEST_LAST,1403,86,0.9523545706371191
bcsstk14,BEST_AVAILABLE_OF_5_LARGER_GRAPHS,SMALLEST_LAST,1252,87,0.9518005540166204
bcsstk14,BEST_AVAILABLE_OF_5_LARGER_GRAPHS,SMALLEST_LAST,1402,88,0.9512465373961219
bcsstk14,BEST_AVAILABLE_OF_5_LARGER_GRAPHS,SMALLEST_LAST,1279,89,0.9506925207756233
bcsstk14,BEST_AVAILABLE_OF_5_LARGER_GRAPHS,SMALLEST_LAST,1280,90,0.9501385041551247
bcsstk14,BEST_AVAILABLE_OF_5_LARGER_GRAPHS,SMALLEST_LAST,1283,91,0.949584487534626
bcsstk14,BEST_AVAILABLE_OF_5_LARGER_GRAPHS,SMALLEST_LAST,1278,92,0.9490304709141274
bcsstk14,BEST_AVAILABLE_OF_5_LARGER_GRAPHS,SMALLEST_LAST,1281,93,0.9484764542936288
bcsstk14,BEST_AVAILABLE_OF_5_LARGER_GRAPHS,SMALLEST_LAST,1152,94,0.9479224376731302
bcsstk14,BEST_AVAILABLE_OF_5_LARGER_GRAPHS,SMALLEST_LAST,1154,95,0.9473684210526315
bcsstk14,BEST_AVAILABLE_OF_5_LARGER_GRAPHS,SMALLEST_LAST,1155,96,0.9468144044321329
bcsstk14,BEST_AVAILABLE_OF_5_LARGER_GRAPHS,SMALLEST_LAST,1157,97,0.9462603878116344
bcsstk14,BEST_AVAILABLE_OF_5_LARGER_GRAPHS,SMALLEST_LAST,1224,98,0.9457063711911358
bcsstk14,BEST_AVAILABLE_OF_5_LARGER_GRAPHS,SMALLEST_LAST,1225,99,0.9451523545706371
bcsstk14,BEST_AVAILABLE_OF_5_LARGER_GRAPHS,SMALLEST_LAST,1226,100,0.9445983379501385
bcsstk14,BEST_AVAILABLE_OF_5_LARGER_GRAPHS,SMALLEST_LAST,1227,101,0.9440443213296399
bcsstk14,BEST_AVAILABLE_OF_5_LARGER_GRAPHS,SMALLEST_LAST,1229,102,0.9434903047091413
bcsstk14,BEST_AVAILABLE_OF_5_LARGER_GRAPHS,SMALLEST_LAST,1228,103,0.9429362880886426
bcsstk14,BEST_AVAILABLE_OF_5_LARGER_GRAPHS,SMALLEST_LAST,1218,104,0.942382271468144
bcsstk14,BEST_AVAILABLE_OF_5_LARGER_GRAPHS,SMALLEST_LAST,1219,105,0.9418282548476454
bcsstk14,BEST_AVAILABLE_OF_5_LARGER_GRAPHS,SMALLEST_LAST,1221,106,0.9412742382271468
bcsstk14,BEST_AVAILABLE_OF_5_LARGER_GRAPHS,SMALLEST_LAST,1074,107,0.9407202216066483
bcsstk14,BEST_AVAILABLE_OF_5_LARGER_GRAPHS,SMALLEST_LAST,1076,108,0.9401662049861496
bcsstk14,BEST_AVAILABLE_OF_5_LARGER_GRAPHS,SMALLEST_LAST,1077,109,0.939612188365651
bcsstk14,BEST_AVAILABLE_OF_5_LARGER_GRAPHS,SMALLEST_LAST,1079,110,0.9390581717451524
bcsstk14,BEST_AVAILABLE_OF_5_LARGER_GRAPHS,SMALLEST_LAST,1220,111,0.9385041551246538
bcsstk14,BEST_AVAILABLE_OF_5_LARGER_GRAPHS,SMALLEST_LAST,1223,112,0.9379501385041551
bcsstk14,BEST_AVAILABLE_OF_5_LARGER_GRAPHS,SMALLEST_LAST,1078,113,0.9373961218836565
bcsstk14,BEST_AVAILABLE_OF_5_LARGER_GRAPHS,SMALLEST_LAST,1075,114,0.9368421052631579
bcsstk14,BEST_AVAILABLE_OF_5_LARGER_GRAPHS,SMALLEST_LAST,1153,115,0.9362880886426593
bcsstk14,BEST_AVAILABLE_OF_5_LARGER_GRAPHS,SMALLEST_LAST,1156,116,0.9357340720221606
bcsstk14,BEST_AVAILABLE_OF_5_LARGER_GRAPHS,SMALLEST_LAST,1282,117,0.935180055401662
bcsstk14,BEST_AVAILABLE_OF_5_LARGER_GRAPHS,SMALLEST_LAST,1272,118,0.9346260387811635
bcsstk14,BEST_AVAILABLE_OF_5_LARGER_GRAPHS,SMALLEST_LAST,1274,119,0.9340720221606649
bcsstk14,BEST_AVAILABLE_OF_5_LARGER_GRAPHS,SMALLEST_LAST,1276,120,0.9335180055401662
bcsstk14,BEST_AVAILABLE_OF_5_LARGER_GRAPHS,SMALLEST_LAST,1275,121,0.9329639889196676
bcsstk14,BEST_AVAILABLE_OF_5_LARGER_GRAPHS,SMALLEST_LAST,1277,122,0.932409972299169
bcsstk14,BEST_AVAILABLE_OF_5_LARGER_GRAPHS,SMALLEST_LAST,1273,123,0.9318559556786704
bcsstk14,BEST_AVAILABLE_OF_5_LARGER_GRAPHS,SMALLEST_LAST,1135,124,0.9313019390581717
bcsstk14,BEST_AVAILABLE_OF_5_LARGER_GRAPHS,SMALLEST_LAST,1136,125,0.9307479224376731
bcsstk14,BEST_AVAILABLE_OF_5_LARGER_GRAPHS,SMALLEST_LAST,1139,126,0.9301939058171745
bcsstk14,BEST_AVAILABLE_OF_5_LARGER_GRAPHS,SMALLEST_LAST,1134,127,0.929639889196676
bcsstk14,BEST_AVAILABLE_OF_5_LARGER_GRAPHS,SMALLEST_LAST,1137,128,0.9290858725761773
bcsstk14,BEST_AVAILABLE_OF_5_LARGER_GRAPHS,SMALLEST_LAST,1138,129,0.9285318559556787
bcsstk14,BEST_AVAILABLE_OF_5_LARGER_GRAPHS,SMALLEST_LAST,1002,130,0.9279778393351801
bcsstk14,BEST_AVAILABLE_OF_5_LARGER_GRAPHS,SMALLEST_LAST,1004,131,0.9274238227146815
bcsstk14,BEST_AVAILABLE_OF_5_LARGER_GRAPHS,SMALLEST_LAST,1005,132,0.9268698060941828
bcsstk14,BEST_AVAILABLE_OF_5_LARGER_GRAPHS,SMALLEST_LAST,1007,133,0.9263157894736842
bcsstk14,BEST_AVAILABLE_OF_5_LARGER_GRAPHS,SMALLEST_LAST,1095,134,0.9257617728531856
bcsstk14,BEST_AVAILABLE_OF_5_LARGER_GRAPHS,SMALLEST_LAST,1097,135,0.925207756232687
bcsstk14,BEST_AVAILABLE_OF_5_LARGER_GRAPHS,SMALLEST_LAST,1003,136,0.9246537396121883
bcsstk14,BEST_AVAILABLE_OF_5_LARGER_GRAPHS,SMALLEST_LAST,1092,137,0.9240997229916897
bcsstk14,BEST_AVAILABLE_OF_5_LARGER_GRAPHS,SMALLEST_LAST,1093,138,0.9235457063711912
bcsstk14,BEST_AVAILABLE_OF_5_LARGER_GRAPHS,SMALLEST_LAST,1094,139,0.9229916897506926
bcsstk14,BEST_AVAILABLE_OF_5_LARGER_GRAPHS,SMALLEST_LAST,1006,140,0.9224376731301939
bcsstk14,BEST_AVAILABLE_OF_5_LARGER_GRAPHS,SMALLEST_LAST,993,141,0.9218836565096953
bcsstk14,BEST_AVAILABLE_OF_5_LARGER_GRAPHS,SMALLEST_LAST,995,142,0.9213296398891967
bcsstk14,BEST_AVAILABLE_OF_5_LARGER_GRAPHS,SMALLEST_LAST,990,143,0.9207756232686981
bcsstk14,BEST_AVAILABLE_OF_5_LARGER_GRAPHS,SMALLEST_LAST,991,144,0.9202216066481994
bcsstk14,BEST_AVAILABLE_OF_5_LARGER_GRAPHS,SMALLEST_LAST,992,145,0.9196675900277008
bcsstk14,BEST_AVAILABLE_OF_5_LARGER_GRAPHS,SMALLEST_LAST,948,146,0.9191135734072022
bcsstk14,BEST_AVAILABLE_OF_5_LARGER_GRAPHS,SMALLEST_LAST,950,147,0.9185595567867036
bcsstk14,BEST_AVAILABLE_OF_5_LARGER_GRAPHS,SMALLEST_LAST,951,148,0.918005540166205
bcsstk14,BEST_AVAILABLE_OF_5_LARGER_GRAPHS,SMALLEST_LAST,953,149,0.9174515235457064
bcsstk14,BEST_AVAILABLE_OF_5_LARGER_GRAPHS,SMALLEST_LAST,949,150,0.9168975069252078
bcsstk14,BEST_AVAILABLE_OF_5_LARGER_GRAPHS,SMALLEST_LAST,960,151,0.9163434903047092
bcsstk14,BEST_AVAILABLE_OF_5_LARGER_GRAPHS,SMALLEST_LAST,962,152,0.9157894736842105
bcsstk14,BEST_AVAILABLE_OF_5_LARGER_GRAPHS,SMALLEST_LAST,963,153,0.9152354570637119
bcsstk14,BEST_AVAILABLE_OF_5_LARGER_GRAPHS,SMALLEST_LAST,965,154,0.9146814404432133
bcsstk14,BEST_AVAILABLE_OF_5_LARGER_GRAPHS,SMALLEST_LAST,1068,155,0.9141274238227147
bcsstk14,BEST_AVAILABLE_OF_5_LARGER_GRAPHS,SMALLEST_LAST,1070,156,0.913573407202216
bcsstk14,BEST_AVAILABLE_OF_5_LARGER_GRAPHS,SMALLEST_LAST,1071,157,0.9130193905817174
bcsstk14,BEST_AVAILABLE_OF_5_LARGER_GRAPHS,SMALLEST_LAST,1073,158,0.9124653739612189
bcsstk14,BEST_AVAILABLE_OF_5_LARGER_GRAPHS,SMALLEST_LAST,961,159,0.9119113573407203
bcsstk14,BEST_AVAILABLE_OF_5_LARGER_GRAPHS,SMALLEST_LAST,1069,160,0.9113573407202216
bcsstk14,BEST_AVAILABLE_OF_5_LARGER_GRAPHS,SMALLEST_LAST,952,161,0.910803324099723
bcsstk14,BEST_AVAILABLE_OF_5_LARGER_GRAPHS,SMALLEST_LAST,943,162,0.9102493074792244
bcsstk14,BEST_AVAILABLE_OF_5_LARGER_GRAPHS,SMALLEST_LAST,944,163,0.9096952908587258
bcsstk14,BEST_AVAILABLE_OF_5_LARGER_GRAPHS,SMALLEST_LAST,945,164,0.9091412742382271
bcsstk14,BEST_AVAILABLE_OF_5_LARGER_GRAPHS,SMALLEST_LAST,947,165,0.9085872576177285
bcsstk14,BEST_AVAILABLE_OF_5_LARGER_GRAPHS,SMALLEST_LAST,942,166,0.9080332409972299
bcsstk14,BEST_AVAILABLE_OF_5_LARGER_GRAPHS,SMALLEST_LAST,876,167,0.9074792243767313
bcsstk14,BEST_AVAILABLE_OF_5_LARGER_GRAPHS,SMALLEST_LAST,878,168,0.9069252077562326
bcsstk14,BEST_AVAILABLE_OF_5_LARGER_GRAPHS,SMALLEST_LAST,879,169,0.9063711911357341
bcsstk14,BEST_AVAILABLE_OF_5_LARGER_GRAPHS,SMALLEST_LAST,881,170,0.9058171745152355
bcsstk14,BEST_AVAILABLE_OF_5_LARGER_GRAPHS,SMALLEST_LAST,810,171,0.9052631578947369
bcsstk14,BEST_AVAILABLE_OF_5_LARGER_GRAPHS,SMALLEST_LAST,812,172,0.9047091412742382
bcsstk14,BEST_AVAILABLE_OF_5_LARGER_GRAPHS,SMALLEST_LAST,813,173,0.9041551246537396
bcsstk14,BEST_AVAILABLE_OF_5_LARGER_GRAPHS,SMALLEST_LAST,815,174,0.903601108033241
bcsstk14,BEST_AVAILABLE_OF_5_LARGER_GRAPHS,SMALLEST_LAST,872,175,0.9030470914127424
bcsstk14,BEST_AVAILABLE_OF_5_LARGER_GRAPHS,SMALLEST_LAST,875,176,0.9024930747922437
bcsstk14,BEST_AVAILABLE_OF_5_LARGER_GRAPHS,SMALLEST_LAST,877,177,0.9019390581717451
bcsstk14,BEST_AVAILABLE_OF_5_LARGER_GRAPHS,SMALLEST_LAST,811,178,0.9013850415512465
bcsstk14,BEST_AVAILABLE_OF_5_LARGER_GRAPHS,SMALLEST_LAST,871,179,0.900831024930748
bcsstk14,BEST_AVAILABLE_OF_5_LARGER_GRAPHS,SMALLEST_LAST,873,180,0.9002770083102493
bcsstk14,BEST_AVAILABLE_OF_5_LARGER_GRAPHS,SMALLEST_LAST,870,181,0.8997229916897507
bcsstk14,BEST_AVAILABLE_OF_5_LARGER_GRAPHS,SMALLEST_LAST,1096,182,0.8991689750692521
bcsstk14,BEST_AVAILABLE_OF_5_LARGER_GRAPHS,SMALLEST_LAST,994,183,0.8986149584487535
bcsstk14,BEST_AVAILABLE_OF_5_LARGER_GRAPHS,SMALLEST_LAST,874,184,0.8980609418282548
bcsstk14,BEST_AVAILABLE_OF_5_LARGER_GRAPHS,SMALLEST_LAST,1112,185,0.8975069252077562
bcsstk14,BEST_AVAILABLE_OF_5_LARGER_GRAPHS,SMALLEST_LAST,1114,186,0.8969529085872576
bcsstk14,BEST_AVAILABLE_OF_5_LARGER_GRAPHS,SMALLEST_LAST,1115,187,0.896398891966759
bcsstk14,BEST_AVAILABLE_OF_5_LARGER_GRAPHS,SMALLEST_LAST,1110,188,0.8958448753462603
bcsstk14,BEST_AVAILABLE_OF_5_LARGER_GRAPHS,SMALLEST_LAST,1111,189,0.8952908587257618
bcsstk14,BEST_AVAILABLE_OF_5_LARGER_GRAPHS,SMALLEST_LAST,1113,190,0.8947368421052632
bcsstk14,BEST_AVAILABLE_OF_5_LARGER_GRAPHS,SMALLEST_LAST,1122,191,0.8941828254847646
bcsstk14,BEST_AVAILABLE_OF_5_LARGER_GRAPHS,SMALLEST_LAST,1124,192,0.8936288088642659
bcsstk14,BEST_AVAILABLE_OF_5_LARGER_GRAPHS,SMALLEST_LAST,1127,193,0.8930747922437673
bcsstk14,BEST_AVAILABLE_OF_5_LARGER_GRAPHS,SMALLEST_LAST,1125,194,0.8925207756232687
bcsstk14,BEST_AVAILABLE_OF_5_LARGER_GRAPHS,SMALLEST_LAST,972,195,0.8919667590027701
bcsstk14,BEST_AVAILABLE_OF_5_LARGER_GRAPHS,SMALLEST_LAST,974,196,0.8914127423822714
bcsstk14,BEST_AVAILABLE_OF_5_LARGER_GRAPHS,SMALLEST_LAST,975,197,0.8908587257617728
bcsstk14,BEST_AVAILABLE_OF_5_LARGER_GRAPHS,SMALLEST_LAST,977,198,0.8903047091412742
bcsstk14,BEST_AVAILABLE_OF_5_LARGER_GRAPHS,SMALLEST_LAST,976,199,0.8897506925207757
bcsstk14,BEST_AVAILABLE_OF_5_LARGER_GRAPHS,SMALLEST_LAST,973,200,0.889196675900277
bcsstk14,BEST_AVAILABLE_OF_5_LARGER_GRAPHS,SMALLEST_LAST,846,201,0.8886426592797784
bcsstk14,BEST_AVAILABLE_OF_5_LARGER_GRAPHS,SMALLEST_LAST,848,202,0.8880886426592798
bcsstk14,BEST_AVAILABLE_OF_5_LARGER_GRAPHS,SMALLEST_LAST,849,203,0.8875346260387812
bcsstk14,BEST_AVAILABLE_OF_5_LARGER_GRAPHS,SMALLEST_LAST,851,204,0.8869806094182825
bcsstk14,BEST_AVAILABLE_OF_5_LARGER_GRAPHS,SMALLEST_LAST,864,205,0.8864265927977839
bcsstk14,BEST_AVAILABLE_OF_5_LARGER_GRAPHS,SMALLEST_LAST,866,206,0.8858725761772853
bcsstk14,BEST_AVAILABLE_OF_5_LARGER_GRAPHS,SMALLEST_LAST,847,207,0.8853185595567867
bcsstk14,BEST_AVAILABLE_OF_5_LARGER_GRAPHS,SMALLEST_LAST,868,208,0.884764542936288
bcsstk14,BEST_AVAILABLE_OF_5_LARGER_GRAPHS,SMALLEST_LAST,850,209,0.8842105263157894
bcsstk14,BEST_AVAILABLE_OF_5_LARGER_GRAPHS,SMALLEST_LAST,867,210,0.8836565096952909
bcsstk14,BEST_AVAILABLE_OF_5_LARGER_GRAPHS,SMALLEST_LAST,869,211,0.8831024930747923
bcsstk14,BEST_AVAILABLE_OF_5_LARGER_GRAPHS,SMALLEST_LAST,865,212,0.8825484764542936
bcsstk14,BEST_AVAILABLE_OF_5_LARGER_GRAPHS,SMALLEST_LAST,726,213,0.881994459833795
bcsstk14,BEST_AVAILABLE_OF_5_LARGER_GRAPHS,SMALLEST_LAST,728,214,0.8814404432132964
bcsstk14,BEST_AVAILABLE_OF_5_LARGER_GRAPHS,SMALLEST_LAST,729,215,0.8808864265927978
bcsstk14,BEST_AVAILABLE_OF_5_LARGER_GRAPHS,SMALLEST_LAST,731,216,0.8803324099722992
bcsstk14,BEST_AVAILABLE_OF_5_LARGER_GRAPHS,SMALLEST_LAST,727,217,0.8797783933518005
bcsstk14,BEST_AVAILABLE_OF_5_LARGER_GRAPHS,SMALLEST_LAST,837,218,0.8792243767313019
bcsstk14,BEST_AVAILABLE_OF_5_LARGER_GRAPHS,SMALLEST_LAST,839,219,0.8786703601108034
bcsstk14,BEST_AVAILABLE_OF_5_LARGER_GRAPHS,SMALLEST_LAST,714,220,0.8781163434903048
bcsstk14,BEST_AVAILABLE_OF_5_LARGER_GRAPHS,SMALLEST_LAST,716,221,0.8775623268698061
bcsstk14,BEST_AVAILABLE_OF_5_LARGER_GRAPHS,SMALLEST_LAST,717,222,0.8770083102493075
bcsstk14,BEST_AVAILABLE_OF_5_LARGER_GRAPHS,SMALLEST_LAST,718,223,0.8764542936288089
bcsstk14,BEST_AVAILABLE_OF_5_LARGER_GRAPHS,SMALLEST_LAST,719,224,0.8759002770083103
bcsstk14,BEST_AVAILABLE_OF_5_LARGER_GRAPHS,SMALLEST_LAST,834,225,0.8753462603878116
bcsstk14,BEST_AVAILABLE_OF_5_LARGER_GRAPHS,SMALLEST_LAST,835,226,0.874792243767313
bcsstk14,BEST_AVAILABLE_OF_5_LARGER_GRAPHS,SMALLEST_LAST,838,227,0.8742382271468144
bcsstk14,BEST_AVAILABLE_OF_5_LARGER_GRAPHS,SMALLEST_LAST,836,228,0.8736842105263158
bcsstk14,BEST_AVAILABLE_OF_5_LARGER_GRAPHS,SMALLEST_LAST,715,229,0.8731301939058171
bcsstk14,BEST_AVAILABLE_OF_5_LARGER_GRAPHS,SMALLEST_LAST,1123,230,0.8725761772853186
bcsstk14,BEST_AVAILABLE_OF_5_LARGER_GRAPHS,SMALLEST_LAST,1126,231,0.87202216066482
bcsstk14,BEST_AVAILABLE_OF_5_LARGER_GRAPHS,SMALLEST_LAST,980,232,0.8714681440443214
bcsstk14,BEST_AVAILABLE_OF_5_LARGER_GRAPHS,SMALLEST_LAST,983,233,0.8709141274238227
bcsstk14,BEST_AVAILABLE_OF_5_LARGER_GRAPHS,SMALLEST_LAST,978,234,0.8703601108033241
bcsstk14,BEST_AVAILABLE_OF_5_LARGER_GRAPHS,SMALLEST_LAST,979,235,0.8698060941828255
bcsstk14,BEST_AVAILABLE_OF_5_LARGER_GRAPHS,SMALLEST_LAST,981,236,0.8692520775623269
bcsstk14,BEST_AVAILABLE_OF_5_LARGER_GRAPHS,SMALLEST_LAST,982,237,0.8686980609418282
bcsstk14,BEST_AVAILABLE_OF_5_LARGER_GRAPHS,SMALLEST_LAST,842,238,0.8681440443213296
bcsstk14,BEST_AVAILABLE_OF_5_LARGER_GRAPHS,SMALLEST_LAST,843,239,0.867590027700831
bcsstk14,BEST_AVAILABLE_OF_5_LARGER_GRAPHS,SMALLEST_LAST,845,240,0.8670360110803325
bcsstk14,BEST_AVAILABLE_OF_5_LARGER_GRAPHS,SMALLEST_LAST,840,241,0.8664819944598338
bcsstk14,BEST_AVAILABLE_OF_5_LARGER_GRAPHS,SMALLEST_LAST,841,242,0.8659279778393352
bcsstk14,BEST_AVAILABLE_OF_5_LARGER_GRAPHS,SMALLEST_LAST,844,243,0.8653739612188366
bcsstk14,BEST_AVAILABLE_OF_5_LARGER_GRAPHS,SMALLEST_LAST,708,244,0.864819944598338
bcsstk14,BEST_AVAILABLE_OF_5_LARGER_GRAPHS,SMALLEST_LAST,711,245,0.8642659279778393
bcsstk14,BEST_AVAILABLE_OF_5_LARGER_GRAPHS,SMALLEST_LAST,709,246,0.8637119113573407
bcsstk14,BEST_AVAILABLE_OF_5_LARGER_GRAPHS,SMALLEST_LAST,710,247,0.8631578947368421
bcsstk14,BEST_AVAILABLE_OF_5_LARGER_GRAPHS,SMALLEST_LAST,713,248,0.8626038781163435
bcsstk14,BEST_AVAILABLE_OF_5_LARGER_GRAPHS,SMALLEST_LAST,712,249,0.8620498614958448
bcsstk14,BEST_AVAILABLE_OF_5_LARGER_GRAPHS,SMALLEST_LAST,720,250,0.8614958448753463
bcsstk14,BEST_AVAILABLE_OF_5_LARGER_GRAPHS,SMALLEST_LAST,721,251,0.8609418282548477
bcsstk14,BEST_AVAILABLE_OF_5_LARGER_GRAPHS,SMALLEST_LAST,723,252,0.8603878116343491
bcsstk14,BEST_AVAILABLE_OF_5_LARGER_GRAPHS,SMALLEST_LAST,722,253,0.8598337950138504
bcsstk14,BEST_AVAILABLE_OF_5_LARGER_GRAPHS,SMALLEST_LAST,725,254,0.8592797783933518
bcsstk14,BEST_AVAILABLE_OF_5_LARGER_GRAPHS,SMALLEST_LAST,702,255,0.8587257617728532
bcsstk14,BEST_AVAILABLE_OF_5_LARGER_GRAPHS,SMALLEST_LAST,703,256,0.8581717451523546
bcsstk14,BEST_AVAILABLE_OF_5_LARGER_GRAPHS,SMALLEST_LAST,705,257,0.8576177285318559
bcsstk14,BEST_AVAILABLE_OF_5_LARGER_GRAPHS,SMALLEST_LAST,704,258,0.8570637119113573
bcsstk14,BEST_AVAILABLE_OF_5_LARGER_GRAPHS,SMALLEST_LAST,706,259,0.8565096952908587
bcsstk14,BEST_AVAILABLE_OF_5_LARGER_GRAPHS,SMALLEST_LAST,707,260,0.8559556786703602
bcsstk14,BEST_AVAILABLE_OF_5_LARGER_GRAPHS,SMALLEST_LAST,576,261,0.8554016620498615
bcsstk14,BEST_AVAILABLE_OF_5_LARGER_GRAPHS,SMALLEST_LAST,577,262,0.8548476454293629
bcsstk14,BEST_AVAILABLE_OF_5_LARGER_GRAPHS,SMALLEST_LAST,579,263,0.8542936288088643
bcsstk14,BEST_AVAILABLE_OF_5_LARGER_GRAPHS,SMALLEST_LAST,581,264,0.8537396121883657
bcsstk14,BEST_AVAILABLE_OF_5_LARGER_GRAPHS,SMALLEST_LAST,578,265,0.853185595567867
bcsstk14,BEST_AVAILABLE_OF_5_LARGER_GRAPHS,SMALLEST_LAST,580,266,0.8526315789473684
bcsstk14,BEST_AVAILABLE_OF_5_LARGER_GRAPHS,SMALLEST_LAST,594,267,0.8520775623268698
bcsstk14,BEST_AVAILABLE_OF_5_LARGER_GRAPHS,SMALLEST_LAST,596,268,0.8515235457063712
bcsstk14,BEST_AVAILABLE_OF_5_LARGER_GRAPHS,SMALLEST_LAST,597,269,0.8509695290858725
bcsstk14,BEST_AVAILABLE_OF_5_LARGER_GRAPHS,SMALLEST_LAST,598,270,0.850415512465374
bcsstk14,BEST_AVAILABLE_OF_5_LARGER_GRAPHS,SMALLEST_LAST,599,271,0.8498614958448754
bcsstk14,BEST_AVAILABLE_OF_5_LARGER_GRAPHS,SMALLEST_LAST,595,272,0.8493074792243768
bcsstk14,BEST_AVAILABLE_OF_5_LARGER_GRAPHS,SMALLEST_LAST,456,273,0.8487534626038781
bcsstk14,BEST_AVAILABLE_OF_5_LARGER_GRAPHS,SMALLEST_LAST,457,274,0.8481994459833795
bcsstk14,BEST_AVAILABLE_OF_5_LARGER_GRAPHS,SMALLEST_LAST,458,275,0.8476454293628809
bcsstk14,BEST_AVAILABLE_OF_5_LARGER_GRAPHS,SMALLEST_LAST,459,276,0.8470914127423823
bcsstk14,BEST_AVAILABLE_OF_5_LARGER_GRAPHS,SMALLEST_LAST,461,277,0.8465373961218836
bcsstk14,BEST_AVAILABLE_OF_5_LARGER_GRAPHS,SMALLEST_LAST,460,278,0.845983379501385
bcsstk14,BEST_AVAILABLE_OF_5_LARGER_GRAPHS,SMALLEST_LAST,465,279,0.8454293628808864
bcsstk14,BEST_AVAILABLE_OF_5_LARGER_GRAPHS,SMALLEST_LAST,467,280,0.8448753462603878
bcsstk14,BEST_AVAILABLE_OF_5_LARGER_GRAPHS,SMALLEST_LAST,462,281,0.8443213296398892
bcsstk14,BEST_AVAILABLE_OF_5_LARGER_GRAPHS,SMALLEST_LAST,464,282,0.8437673130193906
bcsstk14,BEST_AVAILABLE_OF_5_LARGER_GRAPHS,SMALLEST_LAST,466,283,0.843213296398892
bcsstk14,BEST_AVAILABLE_OF_5_LARGER_GRAPHS,SMALLEST_LAST,463,284,0.8426592797783934
bcsstk14,BEST_AVAILABLE_OF_5_LARGER_GRAPHS,SMALLEST_LAST,336,285,0.8421052631578947
bcsstk14,BEST_AVAILABLE_OF_5_LARGER_GRAPHS,SMALLEST_LAST,338,286,0.8415512465373961
bcsstk14,BEST_AVAILABLE_OF_5_LARGER_GRAPHS,SMALLEST_LAST,339,287,0.8409972299168975
bcsstk14,BEST_AVAILABLE_OF_5_LARGER_GRAPHS,SMALLEST_LAST,340,288,0.8404432132963989
bcsstk14,BEST_AVAILABLE_OF_5_LARGER_GRAPHS,SMALLEST_LAST,341,289,0.8398891966759002
bcsstk14,BEST_AVAILABLE_OF_5_LARGER_GRAPHS,SMALLEST_LAST,337,290,0.8393351800554016
bcsstk14,BEST_AVAILABLE_OF_5_LARGER_GRAPHS,SMALLEST_LAST,330,291,0.838781163434903
bcsstk14,BEST_AVAILABLE_OF_5_LARGER_GRAPHS,SMALLEST_LAST,332,292,0.8382271468144045
bcsstk14,BEST_AVAILABLE_OF_5_LARGER_GRAPHS,SMALLEST_LAST,333,293,0.8376731301939058
bcsstk14,BEST_AVAILABLE_OF_5_LARGER_GRAPHS,SMALLEST_LAST,335,294,0.8371191135734072
bcsstk14,BEST_AVAILABLE_OF_5_LARGER_GRAPHS,SMALLEST_LAST,331,295,0.8365650969529086
bcsstk14,BEST_AVAILABLE_OF_5_LARGER_GRAPHS,SMALLEST_LAST,288,296,0.83601108033241
bcsstk14,BEST_AVAILABLE_OF_5_LARGER_GRAPHS,SMALLEST_LAST,290,297,0.8354570637119113
bcsstk14,BEST_AVAILABLE_OF_5_LARGER_GRAPHS,SMALLEST_LAST,291,298,0.8349030470914127
bcsstk14,BEST_AVAILABLE_OF_5_LARGER_GRAPHS,SMALLEST_LAST,293,299,0.8343490304709141
bcsstk14,BEST_AVAILABLE_OF_5_LARGER_GRAPHS,SMALLEST_LAST,289,300,0.8337950138504155
bcsstk14,BEST_AVAILABLE_OF_5_LARGER_GRAPHS,SMALLEST_LAST,292,301,0.8332409972299168
bcsstk14,BEST_AVAILABLE_OF_5_LARGER_GRAPHS,SMALLEST_LAST,240,302,0.8326869806094183
bcsstk14,BEST_AVAILABLE_OF_5_LARGER_GRAPHS,SMALLEST_LAST,242,303,0.8321329639889197
bcsstk14,BEST_AVAILABLE_OF_5_LARGER_GRAPHS,SMALLEST_LAST,243,304,0.8315789473684211
bcsstk14,BEST_AVAILABLE_OF_5_LARGER_GRAPHS,SMALLEST_LAST,236,305,0.8310249307479224
bcsstk14,BEST_AVAILABLE_OF_5_LARGER_GRAPHS,SMALLEST_LAST,239,306,0.8304709141274238
bcsstk14,BEST_AVAILABLE_OF_5_LARGER_GRAPHS,SMALLEST_LAST,244,307,0.8299168975069252
bcsstk14,BEST_AVAILABLE_OF_5_LARGER_GRAPHS,SMALLEST_LAST,245,308,0.8293628808864266
bcsstk14,BEST_AVAILABLE_OF_5_LARGER_GRAPHS,SMALLEST_LAST,234,309,0.8288088642659279
bcsstk14,BEST_AVAILABLE_OF_5_LARGER_GRAPHS,SMALLEST_LAST,237,310,0.8282548476454293
bcsstk14,BEST_AVAILABLE_OF_5_LARGER_GRAPHS,SMALLEST_LAST,241,311,0.8277008310249307
bcsstk14,BEST_AVAILABLE_OF_5_LARGER_GRAPHS,SMALLEST_LAST,235,312,0.8271468144044322
bcsstk14,BEST_AVAILABLE_OF_5_LARGER_GRAPHS,SMALLEST_LAST,264,313,0.8265927977839335
bcsstk14,BEST_AVAILABLE_OF_5_LARGER_GRAPHS,SMALLEST_LAST,266,314,0.8260387811634349
bcsstk14,BEST_AVAILABLE_OF_5_LARGER_GRAPHS,SMALLEST_LAST,267,315,0.8254847645429363
bcsstk14,BEST_AVAILABLE_OF_5_LARGER_GRAPHS,SMALLEST_LAST,269,316,0.8249307479224377
bcsstk14,BEST_AVAILABLE_OF_5_LARGER_GRAPHS,SMALLEST_LAST,360,317,0.824376731301939
bcsstk14,BEST_AVAILABLE_OF_5_LARGER_GRAPHS,SMALLEST_LAST,362,318,0.8238227146814404
bcsstk14,BEST_AVAILABLE_OF_5_LARGER_GRAPHS,SMALLEST_LAST,363,319,0.8232686980609418
bcsstk14,BEST_AVAILABLE_OF_5_LARGER_GRAPHS,SMALLEST_LAST,365,320,0.8227146814404432
bcsstk14,BEST_AVAILABLE_OF_5_LARGER_GRAPHS,SMALLEST_LAST,361,321,0.8221606648199447
bcsstk14,BEST_AVAILABLE_OF_5_LARGER_GRAPHS,SMALLEST_LAST,265,322,0.821606648199446
bcsstk14,BEST_AVAILABLE_OF_5_LARGER_GRAPHS,SMALLEST_LAST,268,323,0.8210526315789474
bcsstk14,BEST_AVAILABLE_OF_5_LARGER_GRAPHS,SMALLEST_LAST,186,324,0.8204986149584488
bcsstk14,BEST_AVAILABLE_OF_5_LARGER_GRAPHS,SMALLEST_LAST,187,325,0.8199445983379502
bcsstk14,BEST_AVAILABLE_OF_5_LARGER_GRAPHS,SMALLEST_LAST,188,326,0.8193905817174515
bcsstk14,BEST_AVAILABLE_OF_5_LARGER_GRAPHS,SMALLEST_LAST,189,327,0.8188365650969529
bcsstk14,BEST_AVAILABLE_OF_5_LARGER_GRAPHS,SMALLEST_LAST,191,328,0.8182825484764543
bcsstk14,BEST_AVAILABLE_OF_5_LARGER_GRAPHS,SMALLEST_LAST,168,329,0.8177285318559557
bcsstk14,BEST_AVAILABLE_OF_5_LARGER_GRAPHS,SMALLEST_LAST,169,330,0.817174515235457
bcsstk14,BEST_AVAILABLE_OF_5_LARGER_GRAPHS,SMALLEST_LAST,170,331,0.8166204986149584
bcsstk14,BEST_AVAILABLE_OF_5_LARGER_GRAPHS,SMALLEST_LAST,171,332,0.8160664819944599
bcsstk14,BEST_AVAILABLE_OF_5_LARGER_GRAPHS,SMALLEST_LAST,173,333,0.8155124653739613
bcsstk14,BEST_AVAILABLE_OF_5_LARGER_GRAPHS,SMALLEST_LAST,192,334,0.8149584487534626
bcsstk14,BEST_AVAILABLE_OF_5_LARGER_GRAPHS,SMALLEST_LAST,195,335,0.814404432132964
bcsstk14,BEST_AVAILABLE_OF_5_LARGER_GRAPHS,SMALLEST_LAST,197,336,0.8138504155124654
bcsstk14,BEST_AVAILABLE_OF_5_LARGER_GRAPHS,SMALLEST_LAST,193,337,0.8132963988919668
bcsstk14,BEST_AVAILABLE_OF_5_LARGER_GRAPHS,SMALLEST_LAST,194,338,0.8127423822714681
bcsstk14,BEST_AVAILABLE_OF_5_LARGER_GRAPHS,SMALLEST_LAST,364,339,0.8121883656509695
bcsstk14,BEST_AVAILABLE_OF_5_LARGER_GRAPHS,SMALLEST_LAST,354,340,0.8116343490304709
bcsstk14,BEST_AVAILABLE_OF_5_LARGER_GRAPHS,SMALLEST_LAST,356,341,0.8110803324099723
bcsstk14,BEST_AVAILABLE_OF_5_LARGER_GRAPHS,SMALLEST_LAST,357,342,0.8105263157894737
bcsstk14,BEST_AVAILABLE_OF_5_LARGER_GRAPHS,SMALLEST_LAST,359,343,0.8099722991689751
bcsstk14,BEST_AVAILABLE_OF_5_LARGER_GRAPHS,SMALLEST_LAST,270,344,0.8094182825484765
bcsstk14,BEST_AVAILABLE_OF_5_LARGER_GRAPHS,SMALLEST_LAST,271,345,0.8088642659279779
bcsstk14,BEST_AVAILABLE_OF_5_LARGER_GRAPHS,SMALLEST_LAST,272,346,0.8083102493074792
bcsstk14,BEST_AVAILABLE_OF_5_LARGER_GRAPHS,SMALLEST_LAST,273,347,0.8077562326869806
bcsstk14,BEST_AVAILABLE_OF_5_LARGER_GRAPHS,SMALLEST_LAST,355,348,0.807202216066482
bcsstk14,BEST_AVAILABLE_OF_5_LARGER_GRAPHS,SMALLEST_LAST,275,349,0.8066481994459834
bcsstk14,BEST_AVAILABLE_OF_5_LARGER_GRAPHS,SMALLEST_LAST,358,350,0.8060941828254847
bcsstk14,BEST_AVAILABLE_OF_5_LARGER_GRAPHS,SMALLEST_LAST,489,351,0.8055401662049861
bcsstk14,BEST_AVAILABLE_OF_5_LARGER_GRAPHS,SMALLEST_LAST,367,352,0.8049861495844876
bcsstk14,BEST_AVAILABLE_OF_5_LARGER_GRAPHS,SMALLEST_LAST,368,353,0.804432132963989
bcsstk14,BEST_AVAILABLE_OF_5_LARGER_GRAPHS,SMALLEST_LAST,369,354,0.8038781163434903
bcsstk14,BEST_AVAILABLE_OF_5_LARGER_GRAPHS,SMALLEST_LAST,487,355,0.8033240997229917
bcsstk14,BEST_AVAILABLE_OF_5_LARGER_GRAPHS,SMALLEST_LAST,488,356,0.8027700831024931
bcsstk14,BEST_AVAILABLE_OF_5_LARGER_GRAPHS,SMALLEST_LAST,491,357,0.8022160664819945
bcsstk14,BEST_AVAILABLE_OF_5_LARGER_GRAPHS,SMALLEST_LAST,366,358,0.8016620498614958
bcsstk14,BEST_AVAILABLE_OF_5_LARGER_GRAPHS,SMALLEST_LAST,486,359,0.8011080332409972
bcsstk14,BEST_AVAILABLE_OF_5_LARGER_GRAPHS,SMALLEST_LAST,371,360,0.8005540166204986
bcsstk14,BEST_AVAILABLE_OF_5_LARGER_GRAPHS,SMALLEST_LAST,490,361,0.8
bcsstk14,BEST_AVAILABLE_OF_5_LARGER_GRAPHS,SMALLEST_LAST,724,362,0.7994459833795013
bcsstk14,BEST_AVAILABLE_OF_5_LARGER_GRAPHS,SMALLEST_LAST,602,363,0.7988919667590028
bcsstk14,BEST_AVAILABLE_OF_5_LARGER_GRAPHS,SMALLEST_LAST,605,364,0.7983379501385042
bcsstk14,BEST_AVAILABLE_OF_5_LARGER_GRAPHS,SMALLEST_LAST,600,365,0.7977839335180056
bcsstk14,BEST_AVAILABLE_OF_5_LARGER_GRAPHS,SMALLEST_LAST,603,366,0.7972299168975069
bcsstk14,BEST_AVAILABLE_OF_5_LARGER_GRAPHS,SMALLEST_LAST,604,367,0.7966759002770083
bcsstk14,BEST_AVAILABLE_OF_5_LARGER_GRAPHS,SMALLEST_LAST,601,368,0.7961218836565097
bcsstk14,BEST_AVAILABLE_OF_5_LARGER_GRAPHS,SMALLEST_LAST,740,369,0.7955678670360111
bcsstk14,BEST_AVAILABLE_OF_5_LARGER_GRAPHS,SMALLEST_LAST,743,370,0.7950138504155124
bcsstk14,BEST_AVAILABLE_OF_5_LARGER_GRAPHS,SMALLEST_LAST,738,371,0.7944598337950138
bcsstk14,BEST_AVAILABLE_OF_5_LARGER_GRAPHS,SMALLEST_LAST,739,372,0.7939058171745152
bcsstk14,BEST_AVAILABLE_OF_5_LARGER_GRAPHS,SMALLEST_LAST,741,373,0.7933518005540167
bcsstk14,BEST_AVAILABLE_OF_5_LARGER_GRAPHS,SMALLEST_LAST,742,374,0.792797783933518
bcsstk14,BEST_AVAILABLE_OF_5_LARGER_GRAPHS,SMALLEST_LAST,744,375,0.7922437673130194
bcsstk14,BEST_AVAILABLE_OF_5_LARGER_GRAPHS,SMALLEST_LAST,746,376,0.7916897506925208
bcsstk14,BEST_AVAILABLE_OF_5_LARGER_GRAPHS,SMALLEST_LAST,747,377,0.7911357340720222
bcsstk14,BEST_AVAILABLE_OF_5_LARGER_GRAPHS,SMALLEST_LAST,749,378,0.7905817174515235
bcsstk14,BEST_AVAILABLE_OF_5_LARGER_GRAPHS,SMALLEST_LAST,745,379,0.7900277008310249
bcsstk14,BEST_AVAILABLE_OF_5_LARGER_GRAPHS,SMALLEST_LAST,748,380,0.7894736842105263
bcsstk14,BEST_AVAILABLE_OF_5_LARGER_GRAPHS,SMALLEST_LAST,631,381,0.7889196675900277
bcsstk14,BEST_AVAILABLE_OF_5_LARGER_GRAPHS,SMALLEST_LAST,632,382,0.788365650969529
bcsstk14,BEST_AVAILABLE_OF_5_LARGER_GRAPHS,SMALLEST_LAST,635,383,0.7878116343490305
bcsstk14,BEST_AVAILABLE_OF_5_LARGER_GRAPHS,SMALLEST_LAST,697,384,0.7872576177285319
bcsstk14,BEST_AVAILABLE_OF_5_LARGER_GRAPHS,SMALLEST_LAST,698,385,0.7867036011080333
bcsstk14,BEST_AVAILABLE_OF_5_LARGER_GRAPHS,SMALLEST_LAST,701,386,0.7861495844875346
bcsstk14,BEST_AVAILABLE_OF_5_LARGER_GRAPHS,SMALLEST_LAST,630,387,0.785595567867036
bcsstk14,BEST_AVAILABLE_OF_5_LARGER_GRAPHS,SMALLEST_LAST,633,388,0.7850415512465374
bcsstk14,BEST_AVAILABLE_OF_5_LARGER_GRAPHS,SMALLEST_LAST,696,389,0.7844875346260388
bcsstk14,BEST_AVAILABLE_OF_5_LARGER_GRAPHS,SMALLEST_LAST,699,390,0.7839335180055401
bcsstk14,BEST_AVAILABLE_OF_5_LARGER_GRAPHS,SMALLEST_LAST,700,391,0.7833795013850415
bcsstk14,BEST_AVAILABLE_OF_5_LARGER_GRAPHS,SMALLEST_LAST,780,392,0.782825484764543
bcsstk14,BEST_AVAILABLE_OF_5_LARGER_GRAPHS,SMALLEST_LAST,782,393,0.7822714681440444
bcsstk14,BEST_AVAILABLE_OF_5_LARGER_GRAPHS,SMALLEST_LAST,781,394,0.7817174515235457
bcsstk14,BEST_AVAILABLE_OF_5_LARGER_GRAPHS,SMALLEST_LAST,783,395,0.7811634349030471
bcsstk14,BEST_AVAILABLE_OF_5_LARGER_GRAPHS,SMALLEST_LAST,785,396,0.7806094182825485
bcsstk14,BEST_AVAILABLE_OF_5_LARGER_GRAPHS,SMALLEST_LAST,634,397,0.7800554016620499
bcsstk14,BEST_AVAILABLE_OF_5_LARGER_GRAPHS,SMALLEST_LAST,370,398,0.7795013850415512
bcsstk14,BEST_AVAILABLE_OF_5_LARGER_GRAPHS,SMALLEST_LAST,492,399,0.7789473684210526
bcsstk14,BEST_AVAILABLE_OF_5_LARGER_GRAPHS,SMALLEST_LAST,494,400,0.778393351800554
bcsstk14,BEST_AVAILABLE_OF_5_LARGER_GRAPHS,SMALLEST_LAST,495,401,0.7778393351800554
bcsstk14,BEST_AVAILABLE_OF_5_LARGER_GRAPHS,SMALLEST_LAST,496,402,0.7772853185595567
bcsstk14,BEST_AVAILABLE_OF_5_LARGER_GRAPHS,SMALLEST_LAST,497,403,0.7767313019390581
bcsstk14,BEST_AVAILABLE_OF_5_LARGER_GRAPHS,SMALLEST_LAST,493,404,0.7761772853185596
bcsstk14,BEST_AVAILABLE_OF_5_LARGER_GRAPHS,SMALLEST_LAST,784,405,0.775623268698061
bcsstk14,BEST_AVAILABLE_OF_5_LARGER_GRAPHS,SMALLEST_LAST,636,406,0.7750692520775623
bcsstk14,BEST_AVAILABLE_OF_5_LARGER_GRAPHS,SMALLEST_LAST,638,407,0.7745152354570637
bcsstk14,BEST_AVAILABLE_OF_5_LARGER_GRAPHS,SMALLEST_LAST,639,408,0.7739612188365651
bcsstk14,BEST_AVAILABLE_OF_5_LARGER_GRAPHS,SMALLEST_LAST,640,409,0.7734072022160665
bcsstk14,BEST_AVAILABLE_OF_5_LARGER_GRAPHS,SMALLEST_LAST,641,410,0.7728531855955678
bcsstk14,BEST_AVAILABLE_OF_5_LARGER_GRAPHS,SMALLEST_LAST,786,411,0.7722991689750692
bcsstk14,BEST_AVAILABLE_OF_5_LARGER_GRAPHS,SMALLEST_LAST,788,412,0.7717451523545706
bcsstk14,BEST_AVAILABLE_OF_5_LARGER_GRAPHS,SMALLEST_LAST,789,413,0.771191135734072
bcsstk14,BEST_AVAILABLE_OF_5_LARGER_GRAPHS,SMALLEST_LAST,791,414,0.7706371191135734
bcsstk14,BEST_AVAILABLE_OF_5_LARGER_GRAPHS,SMALLEST_LAST,790,415,0.7700831024930748
bcsstk14,BEST_AVAILABLE_OF_5_LARGER_GRAPHS,SMALLEST_LAST,787,416,0.7695290858725762
bcsstk14,BEST_AVAILABLE_OF_5_LARGER_GRAPHS,SMALLEST_LAST,637,417,0.7689750692520776
bcsstk14,BEST_AVAILABLE_OF_5_LARGER_GRAPHS,SMALLEST_LAST,500,418,0.7684210526315789
bcsstk14,BEST_AVAILABLE_OF_5_LARGER_GRAPHS,SMALLEST_LAST,503,419,0.7678670360110803
bcsstk14,BEST_AVAILABLE_OF_5_LARGER_GRAPHS,SMALLEST_LAST,498,420,0.7673130193905817
bcsstk14,BEST_AVAILABLE_OF_5_LARGER_GRAPHS,SMALLEST_LAST,499,421,0.7667590027700831
bcsstk14,BEST_AVAILABLE_OF_5_LARGER_GRAPHS,SMALLEST_LAST,501,422,0.7662049861495844
bcsstk14,BEST_AVAILABLE_OF_5_LARGER_GRAPHS,SMALLEST_LAST,502,423,0.7656509695290858
bcsstk14,BEST_AVAILABLE_OF_5_LARGER_GRAPHS,SMALLEST_LAST,621,424,0.7650969529085873
bcsstk14,BEST_AVAILABLE_OF_5_LARGER_GRAPHS,SMALLEST_LAST,623,425,0.7645429362880887
bcsstk14,BEST_AVAILABLE_OF_5_LARGER_GRAPHS,SMALLEST_LAST,768,426,0.7639889196675901
bcsstk14,BEST_AVAILABLE_OF_5_LARGER_GRAPHS,SMALLEST_LAST,770,427,0.7634349030470914
bcsstk14,BEST_AVAILABLE_OF_5_LARGER_GRAPHS,SMALLEST_LAST,773,428,0.7628808864265928
bcsstk14,BEST_AVAILABLE_OF_5_LARGER_GRAPHS,SMALLEST_LAST,618,429,0.7623268698060942
bcsstk14,BEST_AVAILABLE_OF_5_LARGER_GRAPHS,SMALLEST_LAST,620,430,0.7617728531855956
bcsstk14,BEST_AVAILABLE_OF_5_LARGER_GRAPHS,SMALLEST_LAST,622,431,0.7612188365650969
bcsstk14,BEST_AVAILABLE_OF_5_LARGER_GRAPHS,SMALLEST_LAST,771,432,0.7606648199445983
bcsstk14,BEST_AVAILABLE_OF_5_LARGER_GRAPHS,SMALLEST_LAST,619,433,0.7601108033240997
bcsstk14,BEST_AVAILABLE_OF_5_LARGER_GRAPHS,SMALLEST_LAST,769,434,0.7595567867036012
bcsstk14,BEST_AVAILABLE_OF_5_LARGER_GRAPHS,SMALLEST_LAST,772,435,0.7590027700831025
bcsstk14,BEST_AVAILABLE_OF_5_LARGER_GRAPHS,SMALLEST_LAST,624,436,0.7584487534626039
bcsstk14,BEST_AVAILABLE_OF_5_LARGER_GRAPHS,SMALLEST_LAST,627,437,0.7578947368421053
bcsstk14,BEST_AVAILABLE_OF_5_LARGER_GRAPHS,SMALLEST_LAST,625,438,0.7573407202216067
bcsstk14,BEST_AVAILABLE_OF_5_LARGER_GRAPHS,SMALLEST_LAST,626,439,0.756786703601108
bcsstk14,BEST_AVAILABLE_OF_5_LARGER_GRAPHS,SMALLEST_LAST,629,440,0.7562326869806094
bcsstk14,BEST_AVAILABLE_OF_5_LARGER_GRAPHS,SMALLEST_LAST,912,441,0.7556786703601108
bcsstk14,BEST_AVAILABLE_OF_5_LARGER_GRAPHS,SMALLEST_LAST,914,442,0.7551246537396122
bcsstk14,BEST_AVAILABLE_OF_5_LARGER_GRAPHS,SMALLEST_LAST,915,443,0.7545706371191135
bcsstk14,BEST_AVAILABLE_OF_5_LARGER_GRAPHS,SMALLEST_LAST,917,444,0.754016620498615
bcsstk14,BEST_AVAILABLE_OF_5_LARGER_GRAPHS,SMALLEST_LAST,913,445,0.7534626038781164
bcsstk14,BEST_AVAILABLE_OF_5_LARGER_GRAPHS,SMALLEST_LAST,774,446,0.7529085872576178
bcsstk14,BEST_AVAILABLE_OF_5_LARGER_GRAPHS,SMALLEST_LAST,776,447,0.7523545706371191
bcsstk14,BEST_AVAILABLE_OF_5_LARGER_GRAPHS,SMALLEST_LAST,777,448,0.7518005540166205
bcsstk14,BEST_AVAILABLE_OF_5_LARGER_GRAPHS,SMALLEST_LAST,779,449,0.7512465373961219
bcsstk14,BEST_AVAILABLE_OF_5_LARGER_GRAPHS,SMALLEST_LAST,906,450,0.7506925207756233
bcsstk14,BEST_AVAILABLE_OF_5_LARGER_GRAPHS,SMALLEST_LAST,908,451,0.7501385041551246
bcsstk14,BEST_AVAILABLE_OF_5_LARGER_GRAPHS,SMALLEST_LAST,909,452,0.749584487534626
bcsstk14,BEST_AVAILABLE_OF_5_LARGER_GRAPHS,SMALLEST_LAST,911,453,0.7490304709141274
bcsstk14,BEST_AVAILABLE_OF_5_LARGER_GRAPHS,SMALLEST_LAST,907,454,0.7484764542936289
bcsstk14,BEST_AVAILABLE_OF_5_LARGER_GRAPHS,SMALLEST_LAST,775,455,0.7479224376731302
bcsstk14,BEST_AVAILABLE_OF_5_LARGER_GRAPHS,SMALLEST_LAST,916,456,0.7473684210526316
bcsstk14,BEST_AVAILABLE_OF_5_LARGER_GRAPHS,SMALLEST_LAST,918,457,0.746814404432133
bcsstk14,BEST_AVAILABLE_OF_5_LARGER_GRAPHS,SMALLEST_LAST,919,458,0.7462603878116344
bcsstk14,BEST_AVAILABLE_OF_5_LARGER_GRAPHS,SMALLEST_LAST,920,459,0.7457063711911357
bcsstk14,BEST_AVAILABLE_OF_5_LARGER_GRAPHS,SMALLEST_LAST,923,460,0.7451523545706371
bcsstk14,BEST_AVAILABLE_OF_5_LARGER_GRAPHS,SMALLEST_LAST,921,461,0.7445983379501385
bcsstk14,BEST_AVAILABLE_OF_5_LARGER_GRAPHS,SMALLEST_LAST,930,462,0.7440443213296399
bcsstk14,BEST_AVAILABLE_OF_5_LARGER_GRAPHS,SMALLEST_LAST,932,463,0.7434903047091412
bcsstk14,BEST_AVAILABLE_OF_5_LARGER_GRAPHS,SMALLEST_LAST,933,464,0.7429362880886426
bcsstk14,BEST_AVAILABLE_OF_5_LARGER_GRAPHS,SMALLEST_LAST,935,465,0.7423822714681441
bcsstk14,BEST_AVAILABLE_OF_5_LARGER_GRAPHS,SMALLEST_LAST,936,466,0.7418282548476455
bcsstk14,BEST_AVAILABLE_OF_5_LARGER_GRAPHS,SMALLEST_LAST,938,467,0.7412742382271468
bcsstk14,BEST_AVAILABLE_OF_5_LARGER_GRAPHS,SMALLEST_LAST,939,468,0.7407202216066482
bcsstk14,BEST_AVAILABLE_OF_5_LARGER_GRAPHS,SMALLEST_LAST,941,469,0.7401662049861496
bcsstk14,BEST_AVAILABLE_OF_5_LARGER_GRAPHS,SMALLEST_LAST,937,470,0.739612188365651
bcsstk14,BEST_AVAILABLE_OF_5_LARGER_GRAPHS,SMALLEST_LAST,1040,471,0.7390581717451523
bcsstk14,BEST_AVAILABLE_OF_5_LARGER_GRAPHS,SMALLEST_LAST,1043,472,0.7385041551246537
bcsstk14,BEST_AVAILABLE_OF_5_LARGER_GRAPHS,SMALLEST_LAST,931,473,0.7379501385041551
bcsstk14,BEST_AVAILABLE_OF_5_LARGER_GRAPHS,SMALLEST_LAST,1038,474,0.7373961218836566
bcsstk14,BEST_AVAILABLE_OF_5_LARGER_GRAPHS,SMALLEST_LAST,1039,475,0.7368421052631579
bcsstk14,BEST_AVAILABLE_OF_5_LARGER_GRAPHS,SMALLEST_LAST,1041,476,0.7362880886426593
bcsstk14,BEST_AVAILABLE_OF_5_LARGER_GRAPHS,SMALLEST_LAST,934,477,0.7357340720221607
bcsstk14,BEST_AVAILABLE_OF_5_LARGER_GRAPHS,SMALLEST_LAST,1128,478,0.7351800554016621
bcsstk14,BEST_AVAILABLE_OF_5_LARGER_GRAPHS,SMALLEST_LAST,1130,479,0.7346260387811634
bcsstk14,BEST_AVAILABLE_OF_5_LARGER_GRAPHS,SMALLEST_LAST,1131,480,0.7340720221606648
bcsstk14,BEST_AVAILABLE_OF_5_LARGER_GRAPHS,SMALLEST_LAST,1133,481,0.7335180055401662
bcsstk14,BEST_AVAILABLE_OF_5_LARGER_GRAPHS,SMALLEST_LAST,1129,482,0.7329639889196676
bcsstk14,BEST_AVAILABLE_OF_5_LARGER_GRAPHS,SMALLEST_LAST,1132,483,0.7324099722991689
bcsstk14,BEST_AVAILABLE_OF_5_LARGER_GRAPHS,SMALLEST_LAST,984,484,0.7318559556786703
bcsstk14,BEST_AVAILABLE_OF_5_LARGER_GRAPHS,SMALLEST_LAST,987,485,0.7313019390581718
bcsstk14,BEST_AVAILABLE_OF_5_LARGER_GRAPHS,SMALLEST_LAST,989,486,0.7307479224376732
bcsstk14,BEST_AVAILABLE_OF_5_LARGER_GRAPHS,SMALLEST_LAST,985,487,0.7301939058171745
bcsstk14,BEST_AVAILABLE_OF_5_LARGER_GRAPHS,SMALLEST_LAST,986,488,0.7296398891966759
bcsstk14,BEST_AVAILABLE_OF_5_LARGER_GRAPHS,SMALLEST_LAST,1121,489,0.7290858725761773
bcsstk14,BEST_AVAILABLE_OF_5_LARGER_GRAPHS,SMALLEST_LAST,1117,490,0.7285318559556787
bcsstk14,BEST_AVAILABLE_OF_5_LARGER_GRAPHS,SMALLEST_LAST,1118,491,0.72797783933518
bcsstk14,BEST_AVAILABLE_OF_5_LARGER_GRAPHS,SMALLEST_LAST,1119,492,0.7274238227146814
bcsstk14,BEST_AVAILABLE_OF_5_LARGER_GRAPHS,SMALLEST_LAST,1116,493,0.7268698060941828
bcsstk14,BEST_AVAILABLE_OF_5_LARGER_GRAPHS,SMALLEST_LAST,1120,494,0.7263157894736842
bcsstk14,BEST_AVAILABLE_OF_5_LARGER_GRAPHS,SMALLEST_LAST,988,495,0.7257617728531855
bcsstk14,BEST_AVAILABLE_OF_5_LARGER_GRAPHS,SMALLEST_LAST,888,496,0.725207756232687
bcsstk14,BEST_AVAILABLE_OF_5_LARGER_GRAPHS,SMALLEST_LAST,890,497,0.7246537396121884
bcsstk14,BEST_AVAILABLE_OF_5_LARGER_GRAPHS,SMALLEST_LAST,891,498,0.7240997229916898
bcsstk14,BEST_AVAILABLE_OF_5_LARGER_GRAPHS,SMALLEST_LAST,893,499,0.7235457063711911
bcsstk14,BEST_AVAILABLE_OF_5_LARGER_GRAPHS,SMALLEST_LAST,889,500,0.7229916897506925
bcsstk14,BEST_AVAILABLE_OF_5_LARGER_GRAPHS,SMALLEST_LAST,859,501,0.7224376731301939
bcsstk14,BEST_AVAILABLE_OF_5_LARGER_GRAPHS,SMALLEST_LAST,892,502,0.7218836565096953
bcsstk14,BEST_AVAILABLE_OF_5_LARGER_GRAPHS,SMALLEST_LAST,858,503,0.7213296398891966
bcsstk14,BEST_AVAILABLE_OF_5_LARGER_GRAPHS,SMALLEST_LAST,860,504,0.720775623268698
bcsstk14,BEST_AVAILABLE_OF_5_LARGER_GRAPHS,SMALLEST_LAST,861,505,0.7202216066481995
bcsstk14,BEST_AVAILABLE_OF_5_LARGER_GRAPHS,SMALLEST_LAST,863,506,0.7196675900277009
bcsstk14,BEST_AVAILABLE_OF_5_LARGER_GRAPHS,SMALLEST_LAST,887,507,0.7191135734072022
bcsstk14,BEST_AVAILABLE_OF_5_LARGER_GRAPHS,SMALLEST_LAST,883,508,0.7185595567867036
bcsstk14,BEST_AVAILABLE_OF_5_LARGER_GRAPHS,SMALLEST_LAST,884,509,0.718005540166205
bcsstk14,BEST_AVAILABLE_OF_5_LARGER_GRAPHS,SMALLEST_LAST,885,510,0.7174515235457064
bcsstk14,BEST_AVAILABLE_OF_5_LARGER_GRAPHS,SMALLEST_LAST,882,511,0.7168975069252077
bcsstk14,BEST_AVAILABLE_OF_5_LARGER_GRAPHS,SMALLEST_LAST,886,512,0.7163434903047091
bcsstk14,BEST_AVAILABLE_OF_5_LARGER_GRAPHS,SMALLEST_LAST,862,513,0.7157894736842105
bcsstk14,BEST_AVAILABLE_OF_5_LARGER_GRAPHS,SMALLEST_LAST,996,514,0.7152354570637119
bcsstk14,BEST_AVAILABLE_OF_5_LARGER_GRAPHS,SMALLEST_LAST,999,515,0.7146814404432132
bcsstk14,BEST_AVAILABLE_OF_5_LARGER_GRAPHS,SMALLEST_LAST,1000,516,0.7141274238227147
bcsstk14,BEST_AVAILABLE_OF_5_LARGER_GRAPHS,SMALLEST_LAST,998,517,0.7135734072022161
bcsstk14,BEST_AVAILABLE_OF_5_LARGER_GRAPHS,SMALLEST_LAST,1001,518,0.7130193905817175
bcsstk14,BEST_AVAILABLE_OF_5_LARGER_GRAPHS,SMALLEST_LAST,997,519,0.7124653739612188
bcsstk14,BEST_AVAILABLE_OF_5_LARGER_GRAPHS,SMALLEST_LAST,1008,520,0.7119113573407202
bcsstk14,BEST_AVAILABLE_OF_5_LARGER_GRAPHS,SMALLEST_LAST,1010,521,0.7113573407202216
bcsstk14,BEST_AVAILABLE_OF_5_LARGER_GRAPHS,SMALLEST_LAST,1011,522,0.710803324099723
bcsstk14,BEST_AVAILABLE_OF_5_LARGER_GRAPHS,SMALLEST_LAST,1012,523,0.7102493074792243
bcsstk14,BEST_AVAILABLE_OF_5_LARGER_GRAPHS,SMALLEST_LAST,1013,524,0.7096952908587257
bcsstk14,BEST_AVAILABLE_OF_5_LARGER_GRAPHS,SMALLEST_LAST,1009,525,0.7091412742382271
bcsstk14,BEST_AVAILABLE_OF_5_LARGER_GRAPHS,SMALLEST_LAST,924,526,0.7085872576177286
bcsstk14,BEST_AVAILABLE_OF_5_LARGER_GRAPHS,SMALLEST_LAST,926,527,0.7080332409972299
bcsstk14,BEST_AVAILABLE_OF_5_LARGER_GRAPHS,SMALLEST_LAST,928,528,0.7074792243767313
bcsstk14,BEST_AVAILABLE_OF_5_LARGER_GRAPHS,SMALLEST_LAST,927,529,0.7069252077562327
bcsstk14,BEST_AVAILABLE_OF_5_LARGER_GRAPHS,SMALLEST_LAST,1014,530,0.7063711911357341
bcsstk14,BEST_AVAILABLE_OF_5_LARGER_GRAPHS,SMALLEST_LAST,1016,531,0.7058171745152355
bcsstk14,BEST_AVAILABLE_OF_5_LARGER_GRAPHS,SMALLEST_LAST,1017,532,0.7052631578947368
bcsstk14,BEST_AVAILABLE_OF_5_LARGER_GRAPHS,SMALLEST_LAST,1019,533,0.7047091412742382
bcsstk14,BEST_AVAILABLE_OF_5_LARGER_GRAPHS,SMALLEST_LAST,925,534,0.7041551246537396
bcsstk14,BEST_AVAILABLE_OF_5_LARGER_GRAPHS,SMALLEST_LAST,929,535,0.703601108033241
bcsstk14,BEST_AVAILABLE_OF_5_LARGER_GRAPHS,SMALLEST_LAST,1015,536,0.7030470914127424
bcsstk14,BEST_AVAILABLE_OF_5_LARGER_GRAPHS,SMALLEST_LAST,1018,537,0.7024930747922438
bcsstk14,BEST_AVAILABLE_OF_5_LARGER_GRAPHS,SMALLEST_LAST,940,538,0.7019390581717452
bcsstk14,BEST_AVAILABLE_OF_5_LARGER_GRAPHS,SMALLEST_LAST,628,539,0.7013850415512466
bcsstk14,BEST_AVAILABLE_OF_5_LARGER_GRAPHS,SMALLEST_LAST,910,540,0.7008310249307479
bcsstk14,BEST_AVAILABLE_OF_5_LARGER_GRAPHS,SMALLEST_LAST,778,541,0.7002770083102493
bcsstk14,BEST_AVAILABLE_OF_5_LARGER_GRAPHS,SMALLEST_LAST,1042,542,0.6997229916897507
bcsstk14,BEST_AVAILABLE_OF_5_LARGER_GRAPHS,SMALLEST_LAST,922,543,0.6991689750692521
bcsstk14,BEST_AVAILABLE_OF_5_LARGER_GRAPHS,SMALLEST_LAST,482,544,0.6986149584487534
bcsstk14,BEST_AVAILABLE_OF_5_LARGER_GRAPHS,SMALLEST_LAST,484,545,0.6980609418282548
bcsstk14,BEST_AVAILABLE_OF_5_LARGER_GRAPHS,SMALLEST_LAST,485,546,0.6975069252077563
bcsstk14,BEST_AVAILABLE_OF_5_LARGER_GRAPHS,SMALLEST_LAST,480,547,0.6969529085872577
bcsstk14,BEST_AVAILABLE_OF_5_LARGER_GRAPHS,SMALLEST_LAST,481,548,0.696398891966759
bcsstk14,BEST_AVAILABLE_OF_5_LARGER_GRAPHS,SMALLEST_LAST,483,549,0.6958448753462604
bcsstk14,BEST_AVAILABLE_OF_5_LARGER_GRAPHS,SMALLEST_LAST,474,550,0.6952908587257618
bcsstk14,BEST_AVAILABLE_OF_5_LARGER_GRAPHS,SMALLEST_LAST,476,551,0.6947368421052632
bcsstk14,BEST_AVAILABLE_OF_5_LARGER_GRAPHS,SMALLEST_LAST,477,552,0.6941828254847645
bcsstk14,BEST_AVAILABLE_OF_5_LARGER_GRAPHS,SMALLEST_LAST,479,553,0.6936288088642659
bcsstk14,BEST_AVAILABLE_OF_5_LARGER_GRAPHS,SMALLEST_LAST,1056,554,0.6930747922437673
bcsstk14,BEST_AVAILABLE_OF_5_LARGER_GRAPHS,SMALLEST_LAST,1058,555,0.6925207756232687
bcsstk14,BEST_AVAILABLE_OF_5_LARGER_GRAPHS,SMALLEST_LAST,1059,556,0.69196675900277
bcsstk14,BEST_AVAILABLE_OF_5_LARGER_GRAPHS,SMALLEST_LAST,1061,557,0.6914127423822715
bcsstk14,BEST_AVAILABLE_OF_5_LARGER_GRAPHS,SMALLEST_LAST,1060,558,0.6908587257617729
bcsstk14,BEST_AVAILABLE_OF_5_LARGER_GRAPHS,SMALLEST_LAST,1057,559,0.6903047091412743
bcsstk14,BEST_AVAILABLE_OF_5_LARGER_GRAPHS,SMALLEST_LAST,1062,560,0.6897506925207756
bcsstk14,BEST_AVAILABLE_OF_5_LARGER_GRAPHS,SMALLEST_LAST,1064,561,0.689196675900277
bcsstk14,BEST_AVAILABLE_OF_5_LARGER_GRAPHS,SMALLEST_LAST,1066,562,0.6886426592797784
bcsstk14,BEST_AVAILABLE_OF_5_LARGER_GRAPHS,SMALLEST_LAST,1067,563,0.6880886426592798
bcsstk14,BEST_AVAILABLE_OF_5_LARGER_GRAPHS,SMALLEST_LAST,1065,564,0.6875346260387811
bcsstk14,BEST_AVAILABLE_OF_5_LARGER_GRAPHS,SMALLEST_LAST,1063,565,0.6869806094182825
bcsstk14,BEST_AVAILABLE_OF_5_LARGER_GRAPHS,SMALLEST_LAST,1044,566,0.686426592797784
bcsstk14,BEST_AVAILABLE_OF_5_LARGER_GRAPHS,SMALLEST_LAST,1046,567,0.6858725761772854
bcsstk14,BEST_AVAILABLE_OF_5_LARGER_GRAPHS,SMALLEST_LAST,1049,568,0.6853185595567867
bcsstk14,BEST_AVAILABLE_OF_5_LARGER_GRAPHS,SMALLEST_LAST,1047,569,0.6847645429362881
bcsstk14,BEST_AVAILABLE_OF_5_LARGER_GRAPHS,SMALLEST_LAST,1045,570,0.6842105263157895
bcsstk14,BEST_AVAILABLE_OF_5_LARGER_GRAPHS,SMALLEST_LAST,1048,571,0.6836565096952909
bcsstk14,BEST_AVAILABLE_OF_5_LARGER_GRAPHS,SMALLEST_LAST,1188,572,0.6831024930747922
bcsstk14,BEST_AVAILABLE_OF_5_LARGER_GRAPHS,SMALLEST_LAST,1189,573,0.6825484764542936
bcsstk14,BEST_AVAILABLE_OF_5_LARGER_GRAPHS,SMALLEST_LAST,1190,574,0.681994459833795
bcsstk14,BEST_AVAILABLE_OF_5_LARGER_GRAPHS,SMALLEST_LAST,1191,575,0.6814404432132964
bcsstk14,BEST_AVAILABLE_OF_5_LARGER_GRAPHS,SMALLEST_LAST,1193,576,0.6808864265927977
bcsstk14,BEST_AVAILABLE_OF_5_LARGER_GRAPHS,SMALLEST_LAST,1192,577,0.6803324099722992
bcsstk14,BEST_AVAILABLE_OF_5_LARGER_GRAPHS,SMALLEST_LAST,1050,578,0.6797783933518006
bcsstk14,BEST_AVAILABLE_OF_5_LARGER_GRAPHS,SMALLEST_LAST,1052,579,0.679224376731302
bcsstk14,BEST_AVAILABLE_OF_5_LARGER_GRAPHS,SMALLEST_LAST,1053,580,0.6786703601108033
bcsstk14,BEST_AVAILABLE_OF_5_LARGER_GRAPHS,SMALLEST_LAST,1055,581,0.6781163434903047
bcsstk14,BEST_AVAILABLE_OF_5_LARGER_GRAPHS,SMALLEST_LAST,1051,582,0.6775623268698061
bcsstk14,BEST_AVAILABLE_OF_5_LARGER_GRAPHS,SMALLEST_LAST,1054,583,0.6770083102493075
bcsstk14,BEST_AVAILABLE_OF_5_LARGER_GRAPHS,SMALLEST_LAST,1032,584,0.6764542936288088
bcsstk14,BEST_AVAILABLE_OF_5_LARGER_GRAPHS,SMALLEST_LAST,1034,585,0.6759002770083102
bcsstk14,BEST_AVAILABLE_OF_5_LARGER_GRAPHS,SMALLEST_LAST,1035,586,0.6753462603878116
bcsstk14,BEST_AVAILABLE_OF_5_LARGER_GRAPHS,SMALLEST_LAST,1037,587,0.6747922437673131
bcsstk14,BEST_AVAILABLE_OF_5_LARGER_GRAPHS,SMALLEST_LAST,1036,588,0.6742382271468144
bcsstk14,BEST_AVAILABLE_OF_5_LARGER_GRAPHS,SMALLEST_LAST,1033,589,0.6736842105263158
bcsstk14,BEST_AVAILABLE_OF_5_LARGER_GRAPHS,SMALLEST_LAST,900,590,0.6731301939058172
bcsstk14,BEST_AVAILABLE_OF_5_LARGER_GRAPHS,SMALLEST_LAST,902,591,0.6725761772853186
bcsstk14,BEST_AVAILABLE_OF_5_LARGER_GRAPHS,SMALLEST_LAST,903,592,0.6720221606648199
bcsstk14,BEST_AVAILABLE_OF_5_LARGER_GRAPHS,SMALLEST_LAST,905,593,0.6714681440443213
bcsstk14,BEST_AVAILABLE_OF_5_LARGER_GRAPHS,SMALLEST_LAST,904,594,0.6709141274238227
bcsstk14,BEST_AVAILABLE_OF_5_LARGER_GRAPHS,SMALLEST_LAST,901,595,0.6703601108033241
bcsstk14,BEST_AVAILABLE_OF_5_LARGER_GRAPHS,SMALLEST_LAST,478,596,0.6698060941828254
bcsstk14,BEST_AVAILABLE_OF_5_LARGER_GRAPHS,SMALLEST_LAST,475,597,0.6692520775623269
bcsstk14,BEST_AVAILABLE_OF_5_LARGER_GRAPHS,SMALLEST_LAST,762,598,0.6686980609418283
bcsstk14,BEST_AVAILABLE_OF_5_LARGER_GRAPHS,SMALLEST_LAST,764,599,0.6681440443213297
bcsstk14,BEST_AVAILABLE_OF_5_LARGER_GRAPHS,SMALLEST_LAST,767,600,0.667590027700831
bcsstk14,BEST_AVAILABLE_OF_5_LARGER_GRAPHS,SMALLEST_LAST,765,601,0.6670360110803324
bcsstk14,BEST_AVAILABLE_OF_5_LARGER_GRAPHS,SMALLEST_LAST,766,602,0.6664819944598338
bcsstk14,BEST_AVAILABLE_OF_5_LARGER_GRAPHS,SMALLEST_LAST,763,603,0.6659279778393352
bcsstk14,BEST_AVAILABLE_OF_5_LARGER_GRAPHS,SMALLEST_LAST,612,604,0.6653739612188365
bcsstk14,BEST_AVAILABLE_OF_5_LARGER_GRAPHS,SMALLEST_LAST,614,605,0.6648199445983379
bcsstk14,BEST_AVAILABLE_OF_5_LARGER_GRAPHS,SMALLEST_LAST,615,606,0.6642659279778393
bcsstk14,BEST_AVAILABLE_OF_5_LARGER_GRAPHS,SMALLEST_LAST,617,607,0.6637119113573408
bcsstk14,BEST_AVAILABLE_OF_5_LARGER_GRAPHS,SMALLEST_LAST,756,608,0.6631578947368421
bcsstk14,BEST_AVAILABLE_OF_5_LARGER_GRAPHS,SMALLEST_LAST,758,609,0.6626038781163435
bcsstk14,BEST_AVAILABLE_OF_5_LARGER_GRAPHS,SMALLEST_LAST,759,610,0.6620498614958449
bcsstk14,BEST_AVAILABLE_OF_5_LARGER_GRAPHS,SMALLEST_LAST,761,611,0.6614958448753463
bcsstk14,BEST_AVAILABLE_OF_5_LARGER_GRAPHS,SMALLEST_LAST,613,612,0.6609418282548476
bcsstk14,BEST_AVAILABLE_OF_5_LARGER_GRAPHS,SMALLEST_LAST,757,613,0.660387811634349
bcsstk14,BEST_AVAILABLE_OF_5_LARGER_GRAPHS,SMALLEST_LAST,1140,614,0.6598337950138504
bcsstk14,BEST_AVAILABLE_OF_5_LARGER_GRAPHS,SMALLEST_LAST,1142,615,0.6592797783933518
bcsstk14,BEST_AVAILABLE_OF_5_LARGER_GRAPHS,SMALLEST_LAST,1145,616,0.6587257617728531
bcsstk14,BEST_AVAILABLE_OF_5_LARGER_GRAPHS,SMALLEST_LAST,1143,617,0.6581717451523545
bcsstk14,BEST_AVAILABLE_OF_5_LARGER_GRAPHS,SMALLEST_LAST,1101,618,0.657617728531856
bcsstk14,BEST_AVAILABLE_OF_5_LARGER_GRAPHS,SMALLEST_LAST,1103,619,0.6570637119113574
bcsstk14,BEST_AVAILABLE_OF_5_LARGER_GRAPHS,SMALLEST_LAST,1098,620,0.6565096952908587
bcsstk14,BEST_AVAILABLE_OF_5_LARGER_GRAPHS,SMALLEST_LAST,1100,621,0.6559556786703601
bcsstk14,BEST_AVAILABLE_OF_5_LARGER_GRAPHS,SMALLEST_LAST,1099,622,0.6554016620498615
bcsstk14,BEST_AVAILABLE_OF_5_LARGER_GRAPHS,SMALLEST_LAST,1102,623,0.6548476454293629
bcsstk14,BEST_AVAILABLE_OF_5_LARGER_GRAPHS,SMALLEST_LAST,1141,624,0.6542936288088642
bcsstk14,BEST_AVAILABLE_OF_5_LARGER_GRAPHS,SMALLEST_LAST,1144,625,0.6537396121883656
bcsstk14,BEST_AVAILABLE_OF_5_LARGER_GRAPHS,SMALLEST_LAST,1146,626,0.653185595567867
bcsstk14,BEST_AVAILABLE_OF_5_LARGER_GRAPHS,SMALLEST_LAST,1149,627,0.6526315789473685
bcsstk14,BEST_AVAILABLE_OF_5_LARGER_GRAPHS,SMALLEST_LAST,1147,628,0.6520775623268698
bcsstk14,BEST_AVAILABLE_OF_5_LARGER_GRAPHS,SMALLEST_LAST,1148,629,0.6515235457063712
bcsstk14,BEST_AVAILABLE_OF_5_LARGER_GRAPHS,SMALLEST_LAST,1151,630,0.6509695290858726
bcsstk14,BEST_AVAILABLE_OF_5_LARGER_GRAPHS,SMALLEST_LAST,1150,631,0.650415512465374
bcsstk14,BEST_AVAILABLE_OF_5_LARGER_GRAPHS,SMALLEST_LAST,1158,632,0.6498614958448753
bcsstk14,BEST_AVAILABLE_OF_5_LARGER_GRAPHS,SMALLEST_LAST,1160,633,0.6493074792243767
bcsstk14,BEST_AVAILABLE_OF_5_LARGER_GRAPHS,SMALLEST_LAST,1159,634,0.6487534626038781
bcsstk14,BEST_AVAILABLE_OF_5_LARGER_GRAPHS,SMALLEST_LAST,1161,635,0.6481994459833795
bcsstk14,BEST_AVAILABLE_OF_5_LARGER_GRAPHS,SMALLEST_LAST,1163,636,0.6476454293628808
bcsstk14,BEST_AVAILABLE_OF_5_LARGER_GRAPHS,SMALLEST_LAST,1162,637,0.6470914127423822
bcsstk14,BEST_AVAILABLE_OF_5_LARGER_GRAPHS,SMALLEST_LAST,1200,638,0.6465373961218837
bcsstk14,BEST_AVAILABLE_OF_5_LARGER_GRAPHS,SMALLEST_LAST,1202,639,0.6459833795013851
bcsstk14,BEST_AVAILABLE_OF_5_LARGER_GRAPHS,SMALLEST_LAST,1203,640,0.6454293628808865
bcsstk14,BEST_AVAILABLE_OF_5_LARGER_GRAPHS,SMALLEST_LAST,1205,641,0.6448753462603878
bcsstk14,BEST_AVAILABLE_OF_5_LARGER_GRAPHS,SMALLEST_LAST,1201,642,0.6443213296398892
bcsstk14,BEST_AVAILABLE_OF_5_LARGER_GRAPHS,SMALLEST_LAST,1204,643,0.6437673130193906
bcsstk14,BEST_AVAILABLE_OF_5_LARGER_GRAPHS,SMALLEST_LAST,1206,644,0.643213296398892
bcsstk14,BEST_AVAILABLE_OF_5_LARGER_GRAPHS,SMALLEST_LAST,1208,645,0.6426592797783933
bcsstk14,BEST_AVAILABLE_OF_5_LARGER_GRAPHS,SMALLEST_LAST,1209,646,0.6421052631578947
bcsstk14,BEST_AVAILABLE_OF_5_LARGER_GRAPHS,SMALLEST_LAST,1211,647,0.6415512465373961
bcsstk14,BEST_AVAILABLE_OF_5_LARGER_GRAPHS,SMALLEST_LAST,1207,648,0.6409972299168976
bcsstk14,BEST_AVAILABLE_OF_5_LARGER_GRAPHS,SMALLEST_LAST,1210,649,0.6404432132963989
bcsstk14,BEST_AVAILABLE_OF_5_LARGER_GRAPHS,SMALLEST_LAST,1215,650,0.6398891966759003
bcsstk14,BEST_AVAILABLE_OF_5_LARGER_GRAPHS,SMALLEST_LAST,1217,651,0.6393351800554017
bcsstk14,BEST_AVAILABLE_OF_5_LARGER_GRAPHS,SMALLEST_LAST,1212,652,0.6387811634349031
bcsstk14,BEST_AVAILABLE_OF_5_LARGER_GRAPHS,SMALLEST_LAST,1214,653,0.6382271468144044
bcsstk14,BEST_AVAILABLE_OF_5_LARGER_GRAPHS,SMALLEST_LAST,1213,654,0.6376731301939058
bcsstk14,BEST_AVAILABLE_OF_5_LARGER_GRAPHS,SMALLEST_LAST,1216,655,0.6371191135734072
bcsstk14,BEST_AVAILABLE_OF_5_LARGER_GRAPHS,SMALLEST_LAST,1338,656,0.6365650969529086
bcsstk14,BEST_AVAILABLE_OF_5_LARGER_GRAPHS,SMALLEST_LAST,1340,657,0.6360110803324099
bcsstk14,BEST_AVAILABLE_OF_5_LARGER_GRAPHS,SMALLEST_LAST,1341,658,0.6354570637119114
bcsstk14,BEST_AVAILABLE_OF_5_LARGER_GRAPHS,SMALLEST_LAST,1343,659,0.6349030470914128
bcsstk14,BEST_AVAILABLE_OF_5_LARGER_GRAPHS,SMALLEST_LAST,1339,660,0.6343490304709142
bcsstk14,BEST_AVAILABLE_OF_5_LARGER_GRAPHS,SMALLEST_LAST,1356,661,0.6337950138504155
bcsstk14,BEST_AVAILABLE_OF_5_LARGER_GRAPHS,SMALLEST_LAST,1358,662,0.6332409972299169
bcsstk14,BEST_AVAILABLE_OF_5_LARGER_GRAPHS,SMALLEST_LAST,1359,663,0.6326869806094183
bcsstk14,BEST_AVAILABLE_OF_5_LARGER_GRAPHS,SMALLEST_LAST,1361,664,0.6321329639889197
bcsstk14,BEST_AVAILABLE_OF_5_LARGER_GRAPHS,SMALLEST_LAST,1362,665,0.631578947368421
bcsstk14,BEST_AVAILABLE_OF_5_LARGER_GRAPHS,SMALLEST_LAST,1363,666,0.6310249307479224
bcsstk14,BEST_AVAILABLE_OF_5_LARGER_GRAPHS,SMALLEST_LAST,1364,667,0.6304709141274238
bcsstk14,BEST_AVAILABLE_OF_5_LARGER_GRAPHS,SMALLEST_LAST,1365,668,0.6299168975069253
bcsstk14,BEST_AVAILABLE_OF_5_LARGER_GRAPHS,SMALLEST_LAST,1367,669,0.6293628808864266
bcsstk14,BEST_AVAILABLE_OF_5_LARGER_GRAPHS,SMALLEST_LAST,1357,670,0.628808864265928
bcsstk14,BEST_AVAILABLE_OF_5_LARGER_GRAPHS,SMALLEST_LAST,1303,671,0.6282548476454294
bcsstk14,BEST_AVAILABLE_OF_5_LARGER_GRAPHS,SMALLEST_LAST,1304,672,0.6277008310249308
bcsstk14,BEST_AVAILABLE_OF_5_LARGER_GRAPHS,SMALLEST_LAST,1307,673,0.6271468144044321
bcsstk14,BEST_AVAILABLE_OF_5_LARGER_GRAPHS,SMALLEST_LAST,1360,674,0.6265927977839335
bcsstk14,BEST_AVAILABLE_OF_5_LARGER_GRAPHS,SMALLEST_LAST,1302,675,0.6260387811634349
bcsstk14,BEST_AVAILABLE_OF_5_LARGER_GRAPHS,SMALLEST_LAST,1305,676,0.6254847645429363
bcsstk14,BEST_AVAILABLE_OF_5_LARGER_GRAPHS,SMALLEST_LAST,1504,677,0.6249307479224376
bcsstk14,BEST_AVAILABLE_OF_5_LARGER_GRAPHS,SMALLEST_LAST,1408,678,0.624376731301939
bcsstk14,BEST_AVAILABLE_OF_5_LARGER_GRAPHS,SMALLEST_LAST,1260,679,0.6238227146814405
bcsstk14,BEST_AVAILABLE_OF_5_LARGER_GRAPHS,SMALLEST_LAST,1262,680,0.6232686980609419
bcsstk14,BEST_AVAILABLE_OF_5_LARGER_GRAPHS,SMALLEST_LAST,1261,681,0.6227146814404432
bcsstk14,BEST_AVAILABLE_OF_5_LARGER_GRAPHS,SMALLEST_LAST,1264,682,0.6221606648199446
bcsstk14,BEST_AVAILABLE_OF_5_LARGER_GRAPHS,SMALLEST_LAST,1265,683,0.621606648199446
bcsstk14,BEST_AVAILABLE_OF_5_LARGER_GRAPHS,SMALLEST_LAST,1266,684,0.6210526315789474
bcsstk14,BEST_AVAILABLE_OF_5_LARGER_GRAPHS,SMALLEST_LAST,1268,685,0.6204986149584487
bcsstk14,BEST_AVAILABLE_OF_5_LARGER_GRAPHS,SMALLEST_LAST,1269,686,0.6199445983379501
bcsstk14,BEST_AVAILABLE_OF_5_LARGER_GRAPHS,SMALLEST_LAST,1271,687,0.6193905817174515
bcsstk14,BEST_AVAILABLE_OF_5_LARGER_GRAPHS,SMALLEST_LAST,1267,688,0.618836565096953
bcsstk14,BEST_AVAILABLE_OF_5_LARGER_GRAPHS,SMALLEST_LAST,1263,689,0.6182825484764543
bcsstk14,BEST_AVAILABLE_OF_5_LARGER_GRAPHS,SMALLEST_LAST,1270,690,0.6177285318559557
bcsstk14,BEST_AVAILABLE_OF_5_LARGER_GRAPHS,SMALLEST_LAST,1410,691,0.6171745152354571
bcsstk14,BEST_AVAILABLE_OF_5_LARGER_GRAPHS,SMALLEST_LAST,1412,692,0.6166204986149585
bcsstk14,BEST_AVAILABLE_OF_5_LARGER_GRAPHS,SMALLEST_LAST,1413,693,0.6160664819944598
bcsstk14,BEST_AVAILABLE_OF_5_LARGER_GRAPHS,SMALLEST_LAST,1415,694,0.6155124653739612
bcsstk14,BEST_AVAILABLE_OF_5_LARGER_GRAPHS,SMALLEST_LAST,1414,695,0.6149584487534626
bcsstk14,BEST_AVAILABLE_OF_5_LARGER_GRAPHS,SMALLEST_LAST,1411,696,0.614404432132964
bcsstk14,BEST_AVAILABLE_OF_5_LARGER_GRAPHS,SMALLEST_LAST,1287,697,0.6138504155124653
bcsstk14,BEST_AVAILABLE_OF_5_LARGER_GRAPHS,SMALLEST_LAST,1284,698,0.6132963988919667
bcsstk14,BEST_AVAILABLE_OF_5_LARGER_GRAPHS,SMALLEST_LAST,1289,699,0.6127423822714682
bcsstk14,BEST_AVAILABLE_OF_5_LARGER_GRAPHS,SMALLEST_LAST,1285,700,0.6121883656509696
bcsstk14,BEST_AVAILABLE_OF_5_LARGER_GRAPHS,SMALLEST_LAST,1286,701,0.6116343490304709
bcsstk14,BEST_AVAILABLE_OF_5_LARGER_GRAPHS,SMALLEST_LAST,1288,702,0.6110803324099723
bcsstk14,BEST_AVAILABLE_OF_5_LARGER_GRAPHS,SMALLEST_LAST,1293,703,0.6105263157894737
bcsstk14,BEST_AVAILABLE_OF_5_LARGER_GRAPHS,SMALLEST_LAST,1290,704,0.6099722991689751
bcsstk14,BEST_AVAILABLE_OF_5_LARGER_GRAPHS,SMALLEST_LAST,1291,705,0.6094182825484764
bcsstk14,BEST_AVAILABLE_OF_5_LARGER_GRAPHS,SMALLEST_LAST,1295,706,0.6088642659279778
bcsstk14,BEST_AVAILABLE_OF_5_LARGER_GRAPHS,SMALLEST_LAST,1292,707,0.6083102493074792
bcsstk14,BEST_AVAILABLE_OF_5_LARGER_GRAPHS,SMALLEST_LAST,1522,708,0.6077562326869806
bcsstk14,BEST_AVAILABLE_OF_5_LARGER_GRAPHS,SMALLEST_LAST,1524,709,0.607202216066482
bcsstk14,BEST_AVAILABLE_OF_5_LARGER_GRAPHS,SMALLEST_LAST,1527,710,0.6066481994459834
bcsstk14,BEST_AVAILABLE_OF_5_LARGER_GRAPHS,SMALLEST_LAST,1529,711,0.6060941828254848
bcsstk14,BEST_AVAILABLE_OF_5_LARGER_GRAPHS,SMALLEST_LAST,1526,712,0.6055401662049862
bcsstk14,BEST_AVAILABLE_OF_5_LARGER_GRAPHS,SMALLEST_LAST,1294,713,0.6049861495844875
bcsstk14,BEST_AVAILABLE_OF_5_LARGER_GRAPHS,SMALLEST_LAST,1416,714,0.6044321329639889
bcsstk14,BEST_AVAILABLE_OF_5_LARGER_GRAPHS,SMALLEST_LAST,1419,715,0.6038781163434903
bcsstk14,BEST_AVAILABLE_OF_5_LARGER_GRAPHS,SMALLEST_LAST,1421,716,0.6033240997229917
bcsstk14,BEST_AVAILABLE_OF_5_LARGER_GRAPHS,SMALLEST_LAST,1418,717,0.602770083102493
bcsstk14,BEST_AVAILABLE_OF_5_LARGER_GRAPHS,SMALLEST_LAST,1306,718,0.6022160664819944
bcsstk14,BEST_AVAILABLE_OF_5_LARGER_GRAPHS,SMALLEST_LAST,1296,719,0.6016620498614959
bcsstk14,BEST_AVAILABLE_OF_5_LARGER_GRAPHS,SMALLEST_LAST,1298,720,0.6011080332409973
bcsstk14,BEST_AVAILABLE_OF_5_LARGER_GRAPHS,SMALLEST_LAST,1300,721,0.6005540166204986
bcsstk14,BEST_AVAILABLE_OF_5_LARGER_GRAPHS,SMALLEST_LAST,1299,722,0.6
bcsstk14,BEST_AVAILABLE_OF_5_LARGER_GRAPHS,SMALLEST_LAST,1301,723,0.5994459833795014
bcsstk14,BEST_AVAILABLE_OF_5_LARGER_GRAPHS,SMALLEST_LAST,1297,724,0.5988919667590028
bcsstk14,BEST_AVAILABLE_OF_5_LARGER_GRAPHS,SMALLEST_LAST,1420,725,0.5983379501385041
bcsstk14,BEST_AVAILABLE_OF_5_LARGER_GRAPHS,SMALLEST_LAST,1417,726,0.5977839335180055
bcsstk14,BEST_AVAILABLE_OF_5_LARGER_GRAPHS,SMALLEST_LAST,1422,727,0.5972299168975069
bcsstk14,BEST_AVAILABLE_OF_5_LARGER_GRAPHS,SMALLEST_LAST,1423,728,0.5966759002770083
bcsstk14,BEST_AVAILABLE_OF_5_LARGER_GRAPHS,SMALLEST_LAST,1425,729,0.5961218836565096
bcsstk14,BEST_AVAILABLE_OF_5_LARGER_GRAPHS,SMALLEST_LAST,1424,730,0.5955678670360111
bcsstk14,BEST_AVAILABLE_OF_5_LARGER_GRAPHS,SMALLEST_LAST,1427,731,0.5950138504155125
bcsstk14,BEST_AVAILABLE_OF_5_LARGER_GRAPHS,SMALLEST_LAST,1426,732,0.5944598337950139
bcsstk14,BEST_AVAILABLE_OF_5_LARGER_GRAPHS,SMALLEST_LAST,1525,733,0.5939058171745152
bcsstk14,BEST_AVAILABLE_OF_5_LARGER_GRAPHS,SMALLEST_LAST,1528,734,0.5933518005540166
bcsstk14,BEST_AVAILABLE_OF_5_LARGER_GRAPHS,SMALLEST_LAST,1530,735,0.592797783933518
bcsstk14,BEST_AVAILABLE_OF_5_LARGER_GRAPHS,SMALLEST_LAST,1532,736,0.5922437673130194
bcsstk14,BEST_AVAILABLE_OF_5_LARGER_GRAPHS,SMALLEST_LAST,1533,737,0.5916897506925207
bcsstk14,BEST_AVAILABLE_OF_5_LARGER_GRAPHS,SMALLEST_LAST,1535,738,0.5911357340720221
bcsstk14,BEST_AVAILABLE_OF_5_LARGER_GRAPHS,SMALLEST_LAST,1531,739,0.5905817174515235
bcsstk14,BEST_AVAILABLE_OF_5_LARGER_GRAPHS,SMALLEST_LAST,1534,740,0.590027700831025
bcsstk14,BEST_AVAILABLE_OF_5_LARGER_GRAPHS,SMALLEST_LAST,1539,741,0.5894736842105263
bcsstk14,BEST_AVAILABLE_OF_5_LARGER_GRAPHS,SMALLEST_LAST,1541,742,0.5889196675900277
bcsstk14,BEST_AVAILABLE_OF_5_LARGER_GRAPHS,SMALLEST_LAST,1536,743,0.5883656509695291
bcsstk14,BEST_AVAILABLE_OF_5_LARGER_GRAPHS,SMALLEST_LAST,1538,744,0.5878116343490305
bcsstk14,BEST_AVAILABLE_OF_5_LARGER_GRAPHS,SMALLEST_LAST,1537,745,0.5872576177285319
bcsstk14,BEST_AVAILABLE_OF_5_LARGER_GRAPHS,SMALLEST_LAST,1540,746,0.5867036011080332
bcsstk14,BEST_AVAILABLE_OF_5_LARGER_GRAPHS,SMALLEST_LAST,1542,747,0.5861495844875346
bcsstk14,BEST_AVAILABLE_OF_5_LARGER_GRAPHS,SMALLEST_LAST,1544,748,0.585595567867036
bcsstk14,BEST_AVAILABLE_OF_5_LARGER_GRAPHS,SMALLEST_LAST,1547,749,0.5850415512465375
bcsstk14,BEST_AVAILABLE_OF_5_LARGER_GRAPHS,SMALLEST_LAST,1543,750,0.5844875346260388
bcsstk14,BEST_AVAILABLE_OF_5_LARGER_GRAPHS,SMALLEST_LAST,1545,751,0.5839335180055402
bcsstk14,BEST_AVAILABLE_OF_5_LARGER_GRAPHS,SMALLEST_LAST,1620,752,0.5833795013850416
bcsstk14,BEST_AVAILABLE_OF_5_LARGER_GRAPHS,SMALLEST_LAST,1621,753,0.582825484764543
bcsstk14,BEST_AVAILABLE_OF_5_LARGER_GRAPHS,SMALLEST_LAST,1622,754,0.5822714681440443
bcsstk14,BEST_AVAILABLE_OF_5_LARGER_GRAPHS,SMALLEST_LAST,1623,755,0.5817174515235457
bcsstk14,BEST_AVAILABLE_OF_5_LARGER_GRAPHS,SMALLEST_LAST,1625,756,0.5811634349030471
bcsstk14,BEST_AVAILABLE_OF_5_LARGER_GRAPHS,SMALLEST_LAST,1626,757,0.5806094182825485
bcsstk14,BEST_AVAILABLE_OF_5_LARGER_GRAPHS,SMALLEST_LAST,1628,758,0.5800554016620498
bcsstk14,BEST_AVAILABLE_OF_5_LARGER_GRAPHS,SMALLEST_LAST,1629,759,0.5795013850415512
bcsstk14,BEST_AVAILABLE_OF_5_LARGER_GRAPHS,SMALLEST_LAST,1631,760,0.5789473684210527
bcsstk14,BEST_AVAILABLE_OF_5_LARGER_GRAPHS,SMALLEST_LAST,1627,761,0.5783933518005541
bcsstk14,BEST_AVAILABLE_OF_5_LARGER_GRAPHS,SMALLEST_LAST,1614,762,0.5778393351800554
bcsstk14,BEST_AVAILABLE_OF_5_LARGER_GRAPHS,SMALLEST_LAST,1615,763,0.5772853185595568
bcsstk14,BEST_AVAILABLE_OF_5_LARGER_GRAPHS,SMALLEST_LAST,1616,764,0.5767313019390582
bcsstk14,BEST_AVAILABLE_OF_5_LARGER_GRAPHS,SMALLEST_LAST,1619,765,0.5761772853185596
bcsstk14,BEST_AVAILABLE_OF_5_LARGER_GRAPHS,SMALLEST_LAST,1624,766,0.5756232686980609
bcsstk14,BEST_AVAILABLE_OF_5_LARGER_GRAPHS,SMALLEST_LAST,1617,767,0.5750692520775623
bcsstk14,BEST_AVAILABLE_OF_5_LARGER_GRAPHS,SMALLEST_LAST,1594,768,0.5745152354570637
bcsstk14,BEST_AVAILABLE_OF_5_LARGER_GRAPHS,SMALLEST_LAST,1606,769,0.5739612188365651
bcsstk14,BEST_AVAILABLE_OF_5_LARGER_GRAPHS,SMALLEST_LAST,1600,770,0.5734072022160664
bcsstk14,BEST_AVAILABLE_OF_5_LARGER_GRAPHS,SMALLEST_LAST,1516,771,0.5728531855955679
bcsstk14,BEST_AVAILABLE_OF_5_LARGER_GRAPHS,SMALLEST_LAST,1376,772,0.5722991689750693
bcsstk14,BEST_AVAILABLE_OF_5_LARGER_GRAPHS,SMALLEST_LAST,1378,773,0.5717451523545707
bcsstk14,BEST_AVAILABLE_OF_5_LARGER_GRAPHS,SMALLEST_LAST,1379,774,0.571191135734072
bcsstk14,BEST_AVAILABLE_OF_5_LARGER_GRAPHS,SMALLEST_LAST,1374,775,0.5706371191135734
bcsstk14,BEST_AVAILABLE_OF_5_LARGER_GRAPHS,SMALLEST_LAST,1375,776,0.5700831024930748
bcsstk14,BEST_AVAILABLE_OF_5_LARGER_GRAPHS,SMALLEST_LAST,1377,777,0.5695290858725762
bcsstk14,BEST_AVAILABLE_OF_5_LARGER_GRAPHS,SMALLEST_LAST,1488,778,0.5689750692520775
bcsstk14,BEST_AVAILABLE_OF_5_LARGER_GRAPHS,SMALLEST_LAST,1490,779,0.5684210526315789
bcsstk14,BEST_AVAILABLE_OF_5_LARGER_GRAPHS,SMALLEST_LAST,1491,780,0.5678670360110804
bcsstk14,BEST_AVAILABLE_OF_5_LARGER_GRAPHS,SMALLEST_LAST,1493,781,0.5673130193905818
bcsstk14,BEST_AVAILABLE_OF_5_LARGER_GRAPHS,SMALLEST_LAST,1492,782,0.5667590027700831
bcsstk14,BEST_AVAILABLE_OF_5_LARGER_GRAPHS,SMALLEST_LAST,1618,783,0.5662049861495845
bcsstk14,BEST_AVAILABLE_OF_5_LARGER_GRAPHS,SMALLEST_LAST,1608,784,0.5656509695290859
bcsstk14,BEST_AVAILABLE_OF_5_LARGER_GRAPHS,SMALLEST_LAST,1610,785,0.5650969529085873
bcsstk14,BEST_AVAILABLE_OF_5_LARGER_GRAPHS,SMALLEST_LAST,1613,786,0.5645429362880886
bcsstk14,BEST_AVAILABLE_OF_5_LARGER_GRAPHS,SMALLEST_LAST,1611,787,0.56398891966759
bcsstk14,BEST_AVAILABLE_OF_5_LARGER_GRAPHS,SMALLEST_LAST,1609,788,0.5634349030470914
bcsstk14,BEST_AVAILABLE_OF_5_LARGER_GRAPHS,SMALLEST_LAST,1612,789,0.5628808864265928
bcsstk14,BEST_AVAILABLE_OF_5_LARGER_GRAPHS,SMALLEST_LAST,1674,790,0.5623268698060941
bcsstk14,BEST_AVAILABLE_OF_5_LARGER_GRAPHS,SMALLEST_LAST,1676,791,0.5617728531855956
bcsstk14,BEST_AVAILABLE_OF_5_LARGER_GRAPHS,SMALLEST_LAST,1677,792,0.561218836565097
bcsstk14,BEST_AVAILABLE_OF_5_LARGER_GRAPHS,SMALLEST_LAST,1679,793,0.5606648199445984
bcsstk14,BEST_AVAILABLE_OF_5_LARGER_GRAPHS,SMALLEST_LAST,1675,794,0.5601108033240997
bcsstk14,BEST_AVAILABLE_OF_5_LARGER_GRAPHS,SMALLEST_LAST,1678,795,0.5595567867036011
bcsstk14,BEST_AVAILABLE_OF_5_LARGER_GRAPHS,SMALLEST_LAST,1668,796,0.5590027700831025
bcsstk14,BEST_AVAILABLE_OF_5_LARGER_GRAPHS,SMALLEST_LAST,1670,797,0.5584487534626039
bcsstk14,BEST_AVAILABLE_OF_5_LARGER_GRAPHS,SMALLEST_LAST,1671,798,0.5578947368421052
bcsstk14,BEST_AVAILABLE_OF_5_LARGER_GRAPHS,SMALLEST_LAST,1673,799,0.5573407202216066
bcsstk14,BEST_AVAILABLE_OF_5_LARGER_GRAPHS,SMALLEST_LAST,1672,800,0.556786703601108
bcsstk14,BEST_AVAILABLE_OF_5_LARGER_GRAPHS,SMALLEST_LAST,1669,801,0.5562326869806095
bcsstk14,BEST_AVAILABLE_OF_5_LARGER_GRAPHS,SMALLEST_LAST,1662,802,0.5556786703601108
bcsstk14,BEST_AVAILABLE_OF_5_LARGER_GRAPHS,SMALLEST_LAST,1664,803,0.5551246537396122
bcsstk14,BEST_AVAILABLE_OF_5_LARGER_GRAPHS,SMALLEST_LAST,1665,804,0.5545706371191136
bcsstk14,BEST_AVAILABLE_OF_5_LARGER_GRAPHS,SMALLEST_LAST,1667,805,0.554016620498615
bcsstk14,BEST_AVAILABLE_OF_5_LARGER_GRAPHS,SMALLEST_LAST,1663,806,0.5534626038781163
bcsstk14,BEST_AVAILABLE_OF_5_LARGER_GRAPHS,SMALLEST_LAST,1666,807,0.5529085872576177
bcsstk14,BEST_AVAILABLE_OF_5_LARGER_GRAPHS,SMALLEST_LAST,1489,808,0.5523545706371191
bcsstk14,BEST_AVAILABLE_OF_5_LARGER_GRAPHS,SMALLEST_LAST,1584,809,0.5518005540166205
bcsstk14,BEST_AVAILABLE_OF_5_LARGER_GRAPHS,SMALLEST_LAST,1586,810,0.5512465373961218
bcsstk14,BEST_AVAILABLE_OF_5_LARGER_GRAPHS,SMALLEST_LAST,1588,811,0.5506925207756233
bcsstk14,BEST_AVAILABLE_OF_5_LARGER_GRAPHS,SMALLEST_LAST,1587,812,0.5501385041551247
bcsstk14,BEST_AVAILABLE_OF_5_LARGER_GRAPHS,SMALLEST_LAST,1589,813,0.5495844875346261
bcsstk14,BEST_AVAILABLE_OF_5_LARGER_GRAPHS,SMALLEST_LAST,1578,814,0.5490304709141274
bcsstk14,BEST_AVAILABLE_OF_5_LARGER_GRAPHS,SMALLEST_LAST,1580,815,0.5484764542936288
bcsstk14,BEST_AVAILABLE_OF_5_LARGER_GRAPHS,SMALLEST_LAST,1581,816,0.5479224376731302
bcsstk14,BEST_AVAILABLE_OF_5_LARGER_GRAPHS,SMALLEST_LAST,1583,817,0.5473684210526316
bcsstk14,BEST_AVAILABLE_OF_5_LARGER_GRAPHS,SMALLEST_LAST,1585,818,0.5468144044321329
bcsstk14,BEST_AVAILABLE_OF_5_LARGER_GRAPHS,SMALLEST_LAST,1656,819,0.5462603878116343
bcsstk14,BEST_AVAILABLE_OF_5_LARGER_GRAPHS,SMALLEST_LAST,1658,820,0.5457063711911357
bcsstk14,BEST_AVAILABLE_OF_5_LARGER_GRAPHS,SMALLEST_LAST,1657,821,0.5451523545706372
bcsstk14,BEST_AVAILABLE_OF_5_LARGER_GRAPHS,SMALLEST_LAST,1661,822,0.5445983379501385
bcsstk14,BEST_AVAILABLE_OF_5_LARGER_GRAPHS,SMALLEST_LAST,1579,823,0.5440443213296399
bcsstk14,BEST_AVAILABLE_OF_5_LARGER_GRAPHS,SMALLEST_LAST,1582,824,0.5434903047091413
bcsstk14,BEST_AVAILABLE_OF_5_LARGER_GRAPHS,SMALLEST_LAST,1659,825,0.5429362880886427
bcsstk14,BEST_AVAILABLE_OF_5_LARGER_GRAPHS,SMALLEST_LAST,880,826,0.542382271468144
bcsstk14,BEST_AVAILABLE_OF_5_LARGER_GRAPHS,SMALLEST_LAST,190,827,0.5418282548476454
bcsstk14,BEST_AVAILABLE_OF_5_LARGER_GRAPHS,SMALLEST_LAST,274,828,0.5412742382271468
bcsstk14,BEST_AVAILABLE_OF_5_LARGER_GRAPHS,SMALLEST_LAST,196,829,0.5407202216066482
bcsstk14,BEST_AVAILABLE_OF_5_LARGER_GRAPHS,SMALLEST_LAST,172,830,0.5401662049861495
bcsstk14,BEST_AVAILABLE_OF_5_LARGER_GRAPHS,SMALLEST_LAST,238,831,0.539612188365651
bcsstk14,BEST_AVAILABLE_OF_5_LARGER_GRAPHS,SMALLEST_LAST,334,832,0.5390581717451524
bcsstk14,BEST_AVAILABLE_OF_5_LARGER_GRAPHS,SMALLEST_LAST,564,833,0.5385041551246538
bcsstk14,BEST_AVAILABLE_OF_5_LARGER_GRAPHS,SMALLEST_LAST,566,834,0.5379501385041551
bcsstk14,BEST_AVAILABLE_OF_5_LARGER_GRAPHS,SMALLEST_LAST,567,835,0.5373961218836565
bcsstk14,BEST_AVAILABLE_OF_5_LARGER_GRAPHS,SMALLEST_LAST,569,836,0.5368421052631579
bcsstk14,BEST_AVAILABLE_OF_5_LARGER_GRAPHS,SMALLEST_LAST,565,837,0.5362880886426593
bcsstk14,BEST_AVAILABLE_OF_5_LARGER_GRAPHS,SMALLEST_LAST,568,838,0.5357340720221606
bcsstk14,BEST_AVAILABLE_OF_5_LARGER_GRAPHS,SMALLEST_LAST,450,839,0.535180055401662
bcsstk14,BEST_AVAILABLE_OF_5_LARGER_GRAPHS,SMALLEST_LAST,452,840,0.5346260387811634
bcsstk14,BEST_AVAILABLE_OF_5_LARGER_GRAPHS,SMALLEST_LAST,426,841,0.5340720221606648
bcsstk14,BEST_AVAILABLE_OF_5_LARGER_GRAPHS,SMALLEST_LAST,428,842,0.5335180055401662
bcsstk14,BEST_AVAILABLE_OF_5_LARGER_GRAPHS,SMALLEST_LAST,429,843,0.5329639889196676
bcsstk14,BEST_AVAILABLE_OF_5_LARGER_GRAPHS,SMALLEST_LAST,431,844,0.532409972299169
bcsstk14,BEST_AVAILABLE_OF_5_LARGER_GRAPHS,SMALLEST_LAST,451,845,0.5318559556786704
bcsstk14,BEST_AVAILABLE_OF_5_LARGER_GRAPHS,SMALLEST_LAST,454,846,0.5313019390581717
bcsstk14,BEST_AVAILABLE_OF_5_LARGER_GRAPHS,SMALLEST_LAST,455,847,0.5307479224376731
bcsstk14,BEST_AVAILABLE_OF_5_LARGER_GRAPHS,SMALLEST_LAST,427,848,0.5301939058171745
bcsstk14,BEST_AVAILABLE_OF_5_LARGER_GRAPHS,SMALLEST_LAST,453,849,0.5296398891966759
bcsstk14,BEST_AVAILABLE_OF_5_LARGER_GRAPHS,SMALLEST_LAST,430,850,0.5290858725761773
bcsstk14,BEST_AVAILABLE_OF_5_LARGER_GRAPHS,SMALLEST_LAST,730,851,0.5285318559556786
bcsstk14,BEST_AVAILABLE_OF_5_LARGER_GRAPHS,SMALLEST_LAST,312,852,0.52797783933518
bcsstk14,BEST_AVAILABLE_OF_5_LARGER_GRAPHS,SMALLEST_LAST,314,853,0.5274238227146815
bcsstk14,BEST_AVAILABLE_OF_5_LARGER_GRAPHS,SMALLEST_LAST,315,854,0.5268698060941829
bcsstk14,BEST_AVAILABLE_OF_5_LARGER_GRAPHS,SMALLEST_LAST,317,855,0.5263157894736842
bcsstk14,BEST_AVAILABLE_OF_5_LARGER_GRAPHS,SMALLEST_LAST,316,856,0.5257617728531856
bcsstk14,BEST_AVAILABLE_OF_5_LARGER_GRAPHS,SMALLEST_LAST,313,857,0.525207756232687
bcsstk14,BEST_AVAILABLE_OF_5_LARGER_GRAPHS,SMALLEST_LAST,423,858,0.5246537396121884
bcsstk14,BEST_AVAILABLE_OF_5_LARGER_GRAPHS,SMALLEST_LAST,425,859,0.5240997229916897
bcsstk14,BEST_AVAILABLE_OF_5_LARGER_GRAPHS,SMALLEST_LAST,420,860,0.5235457063711911
bcsstk14,BEST_AVAILABLE_OF_5_LARGER_GRAPHS,SMALLEST_LAST,422,861,0.5229916897506925
bcsstk14,BEST_AVAILABLE_OF_5_LARGER_GRAPHS,SMALLEST_LAST,424,862,0.522437673130194
bcsstk14,BEST_AVAILABLE_OF_5_LARGER_GRAPHS,SMALLEST_LAST,421,863,0.5218836565096953
bcsstk14,BEST_AVAILABLE_OF_5_LARGER_GRAPHS,SMALLEST_LAST,732,864,0.5213296398891967
bcsstk14,BEST_AVAILABLE_OF_5_LARGER_GRAPHS,SMALLEST_LAST,734,865,0.5207756232686981
bcsstk14,BEST_AVAILABLE_OF_5_LARGER_GRAPHS,SMALLEST_LAST,735,866,0.5202216066481995
bcsstk14,BEST_AVAILABLE_OF_5_LARGER_GRAPHS,SMALLEST_LAST,737,867,0.5196675900277008
bcsstk14,BEST_AVAILABLE_OF_5_LARGER_GRAPHS,SMALLEST_LAST,736,868,0.5191135734072022
bcsstk14,BEST_AVAILABLE_OF_5_LARGER_GRAPHS,SMALLEST_LAST,733,869,0.5185595567867036
bcsstk14,BEST_AVAILABLE_OF_5_LARGER_GRAPHS,SMALLEST_LAST,693,870,0.518005540166205
bcsstk14,BEST_AVAILABLE_OF_5_LARGER_GRAPHS,SMALLEST_LAST,695,871,0.5174515235457063
bcsstk14,BEST_AVAILABLE_OF_5_LARGER_GRAPHS,SMALLEST_LAST,690,872,0.5168975069252078
bcsstk14,BEST_AVAILABLE_OF_5_LARGER_GRAPHS,SMALLEST_LAST,692,873,0.5163434903047092
bcsstk14,BEST_AVAILABLE_OF_5_LARGER_GRAPHS,SMALLEST_LAST,691,874,0.5157894736842106
bcsstk14,BEST_AVAILABLE_OF_5_LARGER_GRAPHS,SMALLEST_LAST,694,875,0.5152354570637119
bcsstk14,BEST_AVAILABLE_OF_5_LARGER_GRAPHS,SMALLEST_LAST,570,876,0.5146814404432133
bcsstk14,BEST_AVAILABLE_OF_5_LARGER_GRAPHS,SMALLEST_LAST,573,877,0.5141274238227147
bcsstk14,BEST_AVAILABLE_OF_5_LARGER_GRAPHS,SMALLEST_LAST,571,878,0.5135734072022161
bcsstk14,BEST_AVAILABLE_OF_5_LARGER_GRAPHS,SMALLEST_LAST,572,879,0.5130193905817174
bcsstk14,BEST_AVAILABLE_OF_5_LARGER_GRAPHS,SMALLEST_LAST,574,880,0.5124653739612188
bcsstk14,BEST_AVAILABLE_OF_5_LARGER_GRAPHS,SMALLEST_LAST,575,881,0.5119113573407202
bcsstk14,BEST_AVAILABLE_OF_5_LARGER_GRAPHS,SMALLEST_LAST,585,882,0.5113573407202217
bcsstk14,BEST_AVAILABLE_OF_5_LARGER_GRAPHS,SMALLEST_LAST,587,883,0.510803324099723
bcsstk14,BEST_AVAILABLE_OF_5_LARGER_GRAPHS,SMALLEST_LAST,582,884,0.5102493074792244
bcsstk14,BEST_AVAILABLE_OF_5_LARGER_GRAPHS,SMALLEST_LAST,584,885,0.5096952908587258
bcsstk14,BEST_AVAILABLE_OF_5_LARGER_GRAPHS,SMALLEST_LAST,583,886,0.5091412742382272
bcsstk14,BEST_AVAILABLE_OF_5_LARGER_GRAPHS,SMALLEST_LAST,586,887,0.5085872576177285
bcsstk14,BEST_AVAILABLE_OF_5_LARGER_GRAPHS,SMALLEST_LAST,588,888,0.5080332409972299
bcsstk14,BEST_AVAILABLE_OF_5_LARGER_GRAPHS,SMALLEST_LAST,590,889,0.5074792243767313
bcsstk14,BEST_AVAILABLE_OF_5_LARGER_GRAPHS,SMALLEST_LAST,591,890,0.5069252077562327
bcsstk14,BEST_AVAILABLE_OF_5_LARGER_GRAPHS,SMALLEST_LAST,593,891,0.506371191135734
bcsstk14,BEST_AVAILABLE_OF_5_LARGER_GRAPHS,SMALLEST_LAST,592,892,0.5058171745152354
bcsstk14,BEST_AVAILABLE_OF_5_LARGER_GRAPHS,SMALLEST_LAST,589,893,0.5052631578947369
bcsstk14,BEST_AVAILABLE_OF_5_LARGER_GRAPHS,SMALLEST_LAST,814,894,0.5047091412742383
bcsstk14,BEST_AVAILABLE_OF_5_LARGER_GRAPHS,SMALLEST_LAST,792,895,0.5041551246537396
bcsstk14,BEST_AVAILABLE_OF_5_LARGER_GRAPHS,SMALLEST_LAST,794,896,0.503601108033241
bcsstk14,BEST_AVAILABLE_OF_5_LARGER_GRAPHS,SMALLEST_LAST,796,897,0.5030470914127424
bcsstk14,BEST_AVAILABLE_OF_5_LARGER_GRAPHS,SMALLEST_LAST,797,898,0.5024930747922438
bcsstk14,BEST_AVAILABLE_OF_5_LARGER_GRAPHS,SMALLEST_LAST,795,899,0.5019390581717451
bcsstk14,BEST_AVAILABLE_OF_5_LARGER_GRAPHS,SMALLEST_LAST,793,900,0.5013850415512465
bcsstk14,BEST_AVAILABLE_OF_5_LARGER_GRAPHS,SMALLEST_LAST,642,901,0.5008310249307479
bcsstk14,BEST_AVAILABLE_OF_5_LARGER_GRAPHS,SMALLEST_LAST,644,902,0.5002770083102493
bcsstk14,BEST_AVAILABLE_OF_5_LARGER_GRAPHS,SMALLEST_LAST,647,903,0.4997229916897507
bcsstk14,BEST_AVAILABLE_OF_5_LARGER_GRAPHS,SMALLEST_LAST,645,904,0.49916897506925206
bcsstk14,BEST_AVAILABLE_OF_5_LARGER_GRAPHS,SMALLEST_LAST,643,905,0.4986149584487535
bcsstk14,BEST_AVAILABLE_OF_5_LARGER_GRAPHS,SMALLEST_LAST,646,906,0.49806094182825483
bcsstk14,BEST_AVAILABLE_OF_5_LARGER_GRAPHS,SMALLEST_LAST,504,907,0.49750692520775625
bcsstk14,BEST_AVAILABLE_OF_5_LARGER_GRAPHS,SMALLEST_LAST,506,908,0.4969529085872576
bcsstk14,BEST_AVAILABLE_OF_5_LARGER_GRAPHS,SMALLEST_LAST,507,909,0.496398891966759
bcsstk14,BEST_AVAILABLE_OF_5_LARGER_GRAPHS,SMALLEST_LAST,509,910,0.49584487534626037
bcsstk14,BEST_AVAILABLE_OF_5_LARGER_GRAPHS,SMALLEST_LAST,505,911,0.4952908587257618
bcsstk14,BEST_AVAILABLE_OF_5_LARGER_GRAPHS,SMALLEST_LAST,444,912,0.49473684210526314
bcsstk14,BEST_AVAILABLE_OF_5_LARGER_GRAPHS,SMALLEST_LAST,445,913,0.49418282548476455
bcsstk14,BEST_AVAILABLE_OF_5_LARGER_GRAPHS,SMALLEST_LAST,446,914,0.4936288088642659
bcsstk14,BEST_AVAILABLE_OF_5_LARGER_GRAPHS,SMALLEST_LAST,447,915,0.4930747922437673
bcsstk14,BEST_AVAILABLE_OF_5_LARGER_GRAPHS,SMALLEST_LAST,449,916,0.4925207756232687
bcsstk14,BEST_AVAILABLE_OF_5_LARGER_GRAPHS,SMALLEST_LAST,508,917,0.4919667590027701
bcsstk14,BEST_AVAILABLE_OF_5_LARGER_GRAPHS,SMALLEST_LAST,511,918,0.49141274238227145
bcsstk14,BEST_AVAILABLE_OF_5_LARGER_GRAPHS,SMALLEST_LAST,512,919,0.49085872576177286
bcsstk14,BEST_AVAILABLE_OF_5_LARGER_GRAPHS,SMALLEST_LAST,515,920,0.4903047091412742
bcsstk14,BEST_AVAILABLE_OF_5_LARGER_GRAPHS,SMALLEST_LAST,510,921,0.48975069252077563
bcsstk14,BEST_AVAILABLE_OF_5_LARGER_GRAPHS,SMALLEST_LAST,513,922,0.489196675900277
bcsstk14,BEST_AVAILABLE_OF_5_LARGER_GRAPHS,SMALLEST_LAST,654,923,0.4886426592797784
bcsstk14,BEST_AVAILABLE_OF_5_LARGER_GRAPHS,SMALLEST_LAST,656,924,0.48808864265927976
bcsstk14,BEST_AVAILABLE_OF_5_LARGER_GRAPHS,SMALLEST_LAST,657,925,0.48753462603878117
bcsstk14,BEST_AVAILABLE_OF_5_LARGER_GRAPHS,SMALLEST_LAST,659,926,0.48698060941828253
bcsstk14,BEST_AVAILABLE_OF_5_LARGER_GRAPHS,SMALLEST_LAST,528,927,0.48642659279778394
bcsstk14,BEST_AVAILABLE_OF_5_LARGER_GRAPHS,SMALLEST_LAST,530,928,0.4858725761772853
bcsstk14,BEST_AVAILABLE_OF_5_LARGER_GRAPHS,SMALLEST_LAST,531,929,0.4853185595567867
bcsstk14,BEST_AVAILABLE_OF_5_LARGER_GRAPHS,SMALLEST_LAST,533,930,0.48476454293628807
bcsstk14,BEST_AVAILABLE_OF_5_LARGER_GRAPHS,SMALLEST_LAST,529,931,0.4842105263157895
bcsstk14,BEST_AVAILABLE_OF_5_LARGER_GRAPHS,SMALLEST_LAST,655,932,0.48365650969529084
bcsstk14,BEST_AVAILABLE_OF_5_LARGER_GRAPHS,SMALLEST_LAST,660,933,0.48310249307479225
bcsstk14,BEST_AVAILABLE_OF_5_LARGER_GRAPHS,SMALLEST_LAST,661,934,0.4825484764542936
bcsstk14,BEST_AVAILABLE_OF_5_LARGER_GRAPHS,SMALLEST_LAST,662,935,0.481994459833795
bcsstk14,BEST_AVAILABLE_OF_5_LARGER_GRAPHS,SMALLEST_LAST,663,936,0.4814404432132964
bcsstk14,BEST_AVAILABLE_OF_5_LARGER_GRAPHS,SMALLEST_LAST,665,937,0.4808864265927978
bcsstk14,BEST_AVAILABLE_OF_5_LARGER_GRAPHS,SMALLEST_LAST,658,938,0.48033240997229915
bcsstk14,BEST_AVAILABLE_OF_5_LARGER_GRAPHS,SMALLEST_LAST,532,939,0.47977839335180056
bcsstk14,BEST_AVAILABLE_OF_5_LARGER_GRAPHS,SMALLEST_LAST,664,940,0.4792243767313019
bcsstk14,BEST_AVAILABLE_OF_5_LARGER_GRAPHS,SMALLEST_LAST,946,941,0.47867036011080333
bcsstk14,BEST_AVAILABLE_OF_5_LARGER_GRAPHS,SMALLEST_LAST,804,942,0.4781163434903047
bcsstk14,BEST_AVAILABLE_OF_5_LARGER_GRAPHS,SMALLEST_LAST,806,943,0.4775623268698061
bcsstk14,BEST_AVAILABLE_OF_5_LARGER_GRAPHS,SMALLEST_LAST,807,944,0.47700831024930745
bcsstk14,BEST_AVAILABLE_OF_5_LARGER_GRAPHS,SMALLEST_LAST,808,945,0.47645429362880887
bcsstk14,BEST_AVAILABLE_OF_5_LARGER_GRAPHS,SMALLEST_LAST,809,946,0.4759002770083102
bcsstk14,BEST_AVAILABLE_OF_5_LARGER_GRAPHS,SMALLEST_LAST,805,947,0.47534626038781164
bcsstk14,BEST_AVAILABLE_OF_5_LARGER_GRAPHS,SMALLEST_LAST,798,948,0.474792243767313
bcsstk14,BEST_AVAILABLE_OF_5_LARGER_GRAPHS,SMALLEST_LAST,800,949,0.4742382271468144
bcsstk14,BEST_AVAILABLE_OF_5_LARGER_GRAPHS,SMALLEST_LAST,801,950,0.47368421052631576
bcsstk14,BEST_AVAILABLE_OF_5_LARGER_GRAPHS,SMALLEST_LAST,803,951,0.4731301939058172
bcsstk14,BEST_AVAILABLE_OF_5_LARGER_GRAPHS,SMALLEST_LAST,799,952,0.47257617728531853
bcsstk14,BEST_AVAILABLE_OF_5_LARGER_GRAPHS,SMALLEST_LAST,802,953,0.47202216066481995
bcsstk14,BEST_AVAILABLE_OF_5_LARGER_GRAPHS,SMALLEST_LAST,648,954,0.4714681440443213
bcsstk14,BEST_AVAILABLE_OF_5_LARGER_GRAPHS,SMALLEST_LAST,650,955,0.4709141274238227
bcsstk14,BEST_AVAILABLE_OF_5_LARGER_GRAPHS,SMALLEST_LAST,651,956,0.4703601108033241
bcsstk14,BEST_AVAILABLE_OF_5_LARGER_GRAPHS,SMALLEST_LAST,652,957,0.4698060941828255
bcsstk14,BEST_AVAILABLE_OF_5_LARGER_GRAPHS,SMALLEST_LAST,653,958,0.4692520775623269
bcsstk14,BEST_AVAILABLE_OF_5_LARGER_GRAPHS,SMALLEST_LAST,649,959,0.46869806094182825
bcsstk14,BEST_AVAILABLE_OF_5_LARGER_GRAPHS,SMALLEST_LAST,522,960,0.46814404432132967
bcsstk14,BEST_AVAILABLE_OF_5_LARGER_GRAPHS,SMALLEST_LAST,524,961,0.467590027700831
bcsstk14,BEST_AVAILABLE_OF_5_LARGER_GRAPHS,SMALLEST_LAST,525,962,0.46703601108033244
bcsstk14,BEST_AVAILABLE_OF_5_LARGER_GRAPHS,SMALLEST_LAST,527,963,0.4664819944598338
bcsstk14,BEST_AVAILABLE_OF_5_LARGER_GRAPHS,SMALLEST_LAST,523,964,0.4659279778393352
bcsstk14,BEST_AVAILABLE_OF_5_LARGER_GRAPHS,SMALLEST_LAST,526,965,0.46537396121883656
bcsstk14,BEST_AVAILABLE_OF_5_LARGER_GRAPHS,SMALLEST_LAST,514,966,0.464819944598338
bcsstk14,BEST_AVAILABLE_OF_5_LARGER_GRAPHS,SMALLEST_LAST,402,967,0.46426592797783933
bcsstk14,BEST_AVAILABLE_OF_5_LARGER_GRAPHS,SMALLEST_LAST,404,968,0.46371191135734074
bcsstk14,BEST_AVAILABLE_OF_5_LARGER_GRAPHS,SMALLEST_LAST,405,969,0.4631578947368421
bcsstk14,BEST_AVAILABLE_OF_5_LARGER_GRAPHS,SMALLEST_LAST,406,970,0.4626038781163435
bcsstk14,BEST_AVAILABLE_OF_5_LARGER_GRAPHS,SMALLEST_LAST,407,971,0.46204986149584487
bcsstk14,BEST_AVAILABLE_OF_5_LARGER_GRAPHS,SMALLEST_LAST,403,972,0.4614958448753463
bcsstk14,BEST_AVAILABLE_OF_5_LARGER_GRAPHS,SMALLEST_LAST,396,973,0.46094182825484764
bcsstk14,BEST_AVAILABLE_OF_5_LARGER_GRAPHS,SMALLEST_LAST,398,974,0.46038781163434905
bcsstk14,BEST_AVAILABLE_OF_5_LARGER_GRAPHS,SMALLEST_LAST,399,975,0.4598337950138504
bcsstk14,BEST_AVAILABLE_OF_5_LARGER_GRAPHS,SMALLEST_LAST,401,976,0.4592797783933518
bcsstk14,BEST_AVAILABLE_OF_5_LARGER_GRAPHS,SMALLEST_LAST,397,977,0.4587257617728532
bcsstk14,BEST_AVAILABLE_OF_5_LARGER_GRAPHS,SMALLEST_LAST,384,978,0.4581717451523546
bcsstk14,BEST_AVAILABLE_OF_5_LARGER_GRAPHS,SMALLEST_LAST,386,979,0.45761772853185595
bcsstk14,BEST_AVAILABLE_OF_5_LARGER_GRAPHS,SMALLEST_LAST,387,980,0.45706371191135736
bcsstk14,BEST_AVAILABLE_OF_5_LARGER_GRAPHS,SMALLEST_LAST,389,981,0.4565096952908587
bcsstk14,BEST_AVAILABLE_OF_5_LARGER_GRAPHS,SMALLEST_LAST,385,982,0.45595567867036013
bcsstk14,BEST_AVAILABLE_OF_5_LARGER_GRAPHS,SMALLEST_LAST,388,983,0.4554016620498615
bcsstk14,BEST_AVAILABLE_OF_5_LARGER_GRAPHS,SMALLEST_LAST,372,984,0.4548476454293629
bcsstk14,BEST_AVAILABLE_OF_5_LARGER_GRAPHS,SMALLEST_LAST,374,985,0.45429362880886426
bcsstk14,BEST_AVAILABLE_OF_5_LARGER_GRAPHS,SMALLEST_LAST,375,986,0.45373961218836567
bcsstk14,BEST_AVAILABLE_OF_5_LARGER_GRAPHS,SMALLEST_LAST,376,987,0.45318559556786703
bcsstk14,BEST_AVAILABLE_OF_5_LARGER_GRAPHS,SMALLEST_LAST,377,988,0.45263157894736844
bcsstk14,BEST_AVAILABLE_OF_5_LARGER_GRAPHS,SMALLEST_LAST,432,989,0.4520775623268698
bcsstk14,BEST_AVAILABLE_OF_5_LARGER_GRAPHS,SMALLEST_LAST,433,990,0.4515235457063712
bcsstk14,BEST_AVAILABLE_OF_5_LARGER_GRAPHS,SMALLEST_LAST,434,991,0.45096952908587257
bcsstk14,BEST_AVAILABLE_OF_5_LARGER_GRAPHS,SMALLEST_LAST,435,992,0.450415512465374
bcsstk14,BEST_AVAILABLE_OF_5_LARGER_GRAPHS,SMALLEST_LAST,437,993,0.44986149584487534
bcsstk14,BEST_AVAILABLE_OF_5_LARGER_GRAPHS,SMALLEST_LAST,436,994,0.44930747922437675
bcsstk14,BEST_AVAILABLE_OF_5_LARGER_GRAPHS,SMALLEST_LAST,318,995,0.4487534626038781
bcsstk14,BEST_AVAILABLE_OF_5_LARGER_GRAPHS,SMALLEST_LAST,320,996,0.4481994459833795
bcsstk14,BEST_AVAILABLE_OF_5_LARGER_GRAPHS,SMALLEST_LAST,321,997,0.4476454293628809
bcsstk14,BEST_AVAILABLE_OF_5_LARGER_GRAPHS,SMALLEST_LAST,323,998,0.4470914127423823
bcsstk14,BEST_AVAILABLE_OF_5_LARGER_GRAPHS,SMALLEST_LAST,373,999,0.44653739612188365
bcsstk14,BEST_AVAILABLE_OF_5_LARGER_GRAPHS,SMALLEST_LAST,322,1000,0.44598337950138506
bcsstk14,BEST_AVAILABLE_OF_5_LARGER_GRAPHS,SMALLEST_LAST,319,1001,0.4454293628808864
bcsstk14,BEST_AVAILABLE_OF_5_LARGER_GRAPHS,SMALLEST_LAST,448,1002,0.4448753462603878
bcsstk14,BEST_AVAILABLE_OF_5_LARGER_GRAPHS,SMALLEST_LAST,438,1003,0.4443213296398892
bcsstk14,BEST_AVAILABLE_OF_5_LARGER_GRAPHS,SMALLEST_LAST,440,1004,0.4437673130193906
bcsstk14,BEST_AVAILABLE_OF_5_LARGER_GRAPHS,SMALLEST_LAST,442,1005,0.44321329639889195
bcsstk14,BEST_AVAILABLE_OF_5_LARGER_GRAPHS,SMALLEST_LAST,441,1006,0.44265927977839337
bcsstk14,BEST_AVAILABLE_OF_5_LARGER_GRAPHS,SMALLEST_LAST,443,1007,0.4421052631578947
bcsstk14,BEST_AVAILABLE_OF_5_LARGER_GRAPHS,SMALLEST_LAST,439,1008,0.44155124653739614
bcsstk14,BEST_AVAILABLE_OF_5_LARGER_GRAPHS,SMALLEST_LAST,324,1009,0.4409972299168975
bcsstk14,BEST_AVAILABLE_OF_5_LARGER_GRAPHS,SMALLEST_LAST,325,1010,0.4404432132963989
bcsstk14,BEST_AVAILABLE_OF_5_LARGER_GRAPHS,SMALLEST_LAST,327,1011,0.43988919667590026
bcsstk14,BEST_AVAILABLE_OF_5_LARGER_GRAPHS,SMALLEST_LAST,326,1012,0.4393351800554017
bcsstk14,BEST_AVAILABLE_OF_5_LARGER_GRAPHS,SMALLEST_LAST,329,1013,0.43878116343490303
bcsstk14,BEST_AVAILABLE_OF_5_LARGER_GRAPHS,SMALLEST_LAST,328,1014,0.43822714681440444
bcsstk14,BEST_AVAILABLE_OF_5_LARGER_GRAPHS,SMALLEST_LAST,378,1015,0.4376731301939058
bcsstk14,BEST_AVAILABLE_OF_5_LARGER_GRAPHS,SMALLEST_LAST,381,1016,0.4371191135734072
bcsstk14,BEST_AVAILABLE_OF_5_LARGER_GRAPHS,SMALLEST_LAST,380,1017,0.43656509695290857
bcsstk14,BEST_AVAILABLE_OF_5_LARGER_GRAPHS,SMALLEST_LAST,383,1018,0.43601108033241
bcsstk14,BEST_AVAILABLE_OF_5_LARGER_GRAPHS,SMALLEST_LAST,382,1019,0.43545706371191134
bcsstk14,BEST_AVAILABLE_OF_5_LARGER_GRAPHS,SMALLEST_LAST,379,1020,0.43490304709141275
bcsstk14,BEST_AVAILABLE_OF_5_LARGER_GRAPHS,SMALLEST_LAST,216,1021,0.4343490304709141
bcsstk14,BEST_AVAILABLE_OF_5_LARGER_GRAPHS,SMALLEST_LAST,218,1022,0.4337950138504155
bcsstk14,BEST_AVAILABLE_OF_5_LARGER_GRAPHS,SMALLEST_LAST,219,1023,0.4332409972299169
bcsstk14,BEST_AVAILABLE_OF_5_LARGER_GRAPHS,SMALLEST_LAST,221,1024,0.4326869806094183
bcsstk14,BEST_AVAILABLE_OF_5_LARGER_GRAPHS,SMALLEST_LAST,217,1025,0.43213296398891965
bcsstk14,BEST_AVAILABLE_OF_5_LARGER_GRAPHS,SMALLEST_LAST,220,1026,0.43157894736842106
bcsstk14,BEST_AVAILABLE_OF_5_LARGER_GRAPHS,SMALLEST_LAST,222,1027,0.4310249307479224
bcsstk14,BEST_AVAILABLE_OF_5_LARGER_GRAPHS,SMALLEST_LAST,224,1028,0.43047091412742383
bcsstk14,BEST_AVAILABLE_OF_5_LARGER_GRAPHS,SMALLEST_LAST,225,1029,0.4299168975069252
bcsstk14,BEST_AVAILABLE_OF_5_LARGER_GRAPHS,SMALLEST_LAST,227,1030,0.4293628808864266
bcsstk14,BEST_AVAILABLE_OF_5_LARGER_GRAPHS,SMALLEST_LAST,223,1031,0.42880886426592796
bcsstk14,BEST_AVAILABLE_OF_5_LARGER_GRAPHS,SMALLEST_LAST,226,1032,0.42825484764542937
bcsstk14,BEST_AVAILABLE_OF_5_LARGER_GRAPHS,SMALLEST_LAST,297,1033,0.4277008310249307
bcsstk14,BEST_AVAILABLE_OF_5_LARGER_GRAPHS,SMALLEST_LAST,294,1034,0.42714681440443214
bcsstk14,BEST_AVAILABLE_OF_5_LARGER_GRAPHS,SMALLEST_LAST,299,1035,0.4265927977839335
bcsstk14,BEST_AVAILABLE_OF_5_LARGER_GRAPHS,SMALLEST_LAST,295,1036,0.4260387811634349
bcsstk14,BEST_AVAILABLE_OF_5_LARGER_GRAPHS,SMALLEST_LAST,296,1037,0.42548476454293627
bcsstk14,BEST_AVAILABLE_OF_5_LARGER_GRAPHS,SMALLEST_LAST,298,1038,0.4249307479224377
bcsstk14,BEST_AVAILABLE_OF_5_LARGER_GRAPHS,SMALLEST_LAST,230,1039,0.42437673130193904
bcsstk14,BEST_AVAILABLE_OF_5_LARGER_GRAPHS,SMALLEST_LAST,231,1040,0.42382271468144045
bcsstk14,BEST_AVAILABLE_OF_5_LARGER_GRAPHS,SMALLEST_LAST,233,1041,0.4232686980609418
bcsstk14,BEST_AVAILABLE_OF_5_LARGER_GRAPHS,SMALLEST_LAST,228,1042,0.4227146814404432
bcsstk14,BEST_AVAILABLE_OF_5_LARGER_GRAPHS,SMALLEST_LAST,229,1043,0.4221606648199446
bcsstk14,BEST_AVAILABLE_OF_5_LARGER_GRAPHS,SMALLEST_LAST,144,1044,0.421606648199446
bcsstk14,BEST_AVAILABLE_OF_5_LARGER_GRAPHS,SMALLEST_LAST,145,1045,0.42105263157894735
bcsstk14,BEST_AVAILABLE_OF_5_LARGER_GRAPHS,SMALLEST_LAST,146,1046,0.42049861495844876
bcsstk14,BEST_AVAILABLE_OF_5_LARGER_GRAPHS,SMALLEST_LAST,147,1047,0.4199445983379501
bcsstk14,BEST_AVAILABLE_OF_5_LARGER_GRAPHS,SMALLEST_LAST,149,1048,0.4193905817174515
bcsstk14,BEST_AVAILABLE_OF_5_LARGER_GRAPHS,SMALLEST_LAST,150,1049,0.4188365650969529
bcsstk14,BEST_AVAILABLE_OF_5_LARGER_GRAPHS,SMALLEST_LAST,152,1050,0.4182825484764543
bcsstk14,BEST_AVAILABLE_OF_5_LARGER_GRAPHS,SMALLEST_LAST,153,1051,0.41772853185595565
bcsstk14,BEST_AVAILABLE_OF_5_LARGER_GRAPHS,SMALLEST_LAST,155,1052,0.41717451523545707
bcsstk14,BEST_AVAILABLE_OF_5_LARGER_GRAPHS,SMALLEST_LAST,151,1053,0.4166204986149584
bcsstk14,BEST_AVAILABLE_OF_5_LARGER_GRAPHS,SMALLEST_LAST,157,1054,0.41606648199445984
bcsstk14,BEST_AVAILABLE_OF_5_LARGER_GRAPHS,SMALLEST_LAST,158,1055,0.4155124653739612
bcsstk14,BEST_AVAILABLE_OF_5_LARGER_GRAPHS,SMALLEST_LAST,159,1056,0.4149584487534626
bcsstk14,BEST_AVAILABLE_OF_5_LARGER_GRAPHS,SMALLEST_LAST,161,1057,0.41440443213296396
bcsstk14,BEST_AVAILABLE_OF_5_LARGER_GRAPHS,SMALLEST_LAST,148,1058,0.4138504155124654
bcsstk14,BEST_AVAILABLE_OF_5_LARGER_GRAPHS,SMALLEST_LAST,156,1059,0.41329639889196673
bcsstk14,BEST_AVAILABLE_OF_5_LARGER_GRAPHS,SMALLEST_LAST,160,1060,0.41274238227146814
bcsstk14,BEST_AVAILABLE_OF_5_LARGER_GRAPHS,SMALLEST_LAST,162,1061,0.4121883656509695
bcsstk14,BEST_AVAILABLE_OF_5_LARGER_GRAPHS,SMALLEST_LAST,164,1062,0.4116343490304709
bcsstk14,BEST_AVAILABLE_OF_5_LARGER_GRAPHS,SMALLEST_LAST,167,1063,0.4110803324099723
bcsstk14,BEST_AVAILABLE_OF_5_LARGER_GRAPHS,SMALLEST_LAST,165,1064,0.4105263157894737
bcsstk14,BEST_AVAILABLE_OF_5_LARGER_GRAPHS,SMALLEST_LAST,163,1065,0.4099722991689751
bcsstk14,BEST_AVAILABLE_OF_5_LARGER_GRAPHS,SMALLEST_LAST,166,1066,0.40941828254847645
bcsstk14,BEST_AVAILABLE_OF_5_LARGER_GRAPHS,SMALLEST_LAST,108,1067,0.40886426592797787
bcsstk14,BEST_AVAILABLE_OF_5_LARGER_GRAPHS,SMALLEST_LAST,110,1068,0.4083102493074792
bcsstk14,BEST_AVAILABLE_OF_5_LARGER_GRAPHS,SMALLEST_LAST,111,1069,0.40775623268698064
bcsstk14,BEST_AVAILABLE_OF_5_LARGER_GRAPHS,SMALLEST_LAST,113,1070,0.407202216066482
bcsstk14,BEST_AVAILABLE_OF_5_LARGER_GRAPHS,SMALLEST_LAST,109,1071,0.4066481994459834
bcsstk14,BEST_AVAILABLE_OF_5_LARGER_GRAPHS,SMALLEST_LAST,112,1072,0.40609418282548476
bcsstk14,BEST_AVAILABLE_OF_5_LARGER_GRAPHS,SMALLEST_LAST,126,1073,0.4055401662049862
bcsstk14,BEST_AVAILABLE_OF_5_LARGER_GRAPHS,SMALLEST_LAST,128,1074,0.40498614958448753
bcsstk14,BEST_AVAILABLE_OF_5_LARGER_GRAPHS,SMALLEST_LAST,129,1075,0.40443213296398894
bcsstk14,BEST_AVAILABLE_OF_5_LARGER_GRAPHS,SMALLEST_LAST,131,1076,0.4038781163434903
bcsstk14,BEST_AVAILABLE_OF_5_LARGER_GRAPHS,SMALLEST_LAST,127,1077,0.4033240997229917
bcsstk14,BEST_AVAILABLE_OF_5_LARGER_GRAPHS,SMALLEST_LAST,130,1078,0.40277008310249307
bcsstk14,BEST_AVAILABLE_OF_5_LARGER_GRAPHS,SMALLEST_LAST,120,1079,0.4022160664819945
bcsstk14,BEST_AVAILABLE_OF_5_LARGER_GRAPHS,SMALLEST_LAST,122,1080,0.40166204986149584
bcsstk14,BEST_AVAILABLE_OF_5_LARGER_GRAPHS,SMALLEST_LAST,123,1081,0.40110803324099725
bcsstk14,BEST_AVAILABLE_OF_5_LARGER_GRAPHS,SMALLEST_LAST,125,1082,0.4005540166204986
bcsstk14,BEST_AVAILABLE_OF_5_LARGER_GRAPHS,SMALLEST_LAST,348,1083,0.4
bcsstk14,BEST_AVAILABLE_OF_5_LARGER_GRAPHS,SMALLEST_LAST,350,1084,0.3994459833795014
bcsstk14,BEST_AVAILABLE_OF_5_LARGER_GRAPHS,SMALLEST_LAST,351,1085,0.3988919667590028
bcsstk14,BEST_AVAILABLE_OF_5_LARGER_GRAPHS,SMALLEST_LAST,353,1086,0.39833795013850415
bcsstk14,BEST_AVAILABLE_OF_5_LARGER_GRAPHS,SMALLEST_LAST,352,1087,0.39778393351800556
bcsstk14,BEST_AVAILABLE_OF_5_LARGER_GRAPHS,SMALLEST_LAST,349,1088,0.3972299168975069
bcsstk14,BEST_AVAILABLE_OF_5_LARGER_GRAPHS,SMALLEST_LAST,121,1089,0.39667590027700833
bcsstk14,BEST_AVAILABLE_OF_5_LARGER_GRAPHS,SMALLEST_LAST,124,1090,0.3961218836565097
bcsstk14,BEST_AVAILABLE_OF_5_LARGER_GRAPHS,SMALLEST_LAST,258,1091,0.3955678670360111
bcsstk14,BEST_AVAILABLE_OF_5_LARGER_GRAPHS,SMALLEST_LAST,260,1092,0.39501385041551246
bcsstk14,BEST_AVAILABLE_OF_5_LARGER_GRAPHS,SMALLEST_LAST,261,1093,0.39445983379501387
bcsstk14,BEST_AVAILABLE_OF_5_LARGER_GRAPHS,SMALLEST_LAST,263,1094,0.3939058171745152
bcsstk14,BEST_AVAILABLE_OF_5_LARGER_GRAPHS,SMALLEST_LAST,262,1095,0.39335180055401664
bcsstk14,BEST_AVAILABLE_OF_5_LARGER_GRAPHS,SMALLEST_LAST,259,1096,0.392797783933518
bcsstk14,BEST_AVAILABLE_OF_5_LARGER_GRAPHS,SMALLEST_LAST,180,1097,0.3922437673130194
bcsstk14,BEST_AVAILABLE_OF_5_LARGER_GRAPHS,SMALLEST_LAST,182,1098,0.39168975069252077
bcsstk14,BEST_AVAILABLE_OF_5_LARGER_GRAPHS,SMALLEST_LAST,183,1099,0.3911357340720222
bcsstk14,BEST_AVAILABLE_OF_5_LARGER_GRAPHS,SMALLEST_LAST,185,1100,0.39058171745152354
bcsstk14,BEST_AVAILABLE_OF_5_LARGER_GRAPHS,SMALLEST_LAST,252,1101,0.39002770083102495
bcsstk14,BEST_AVAILABLE_OF_5_LARGER_GRAPHS,SMALLEST_LAST,254,1102,0.3894736842105263
bcsstk14,BEST_AVAILABLE_OF_5_LARGER_GRAPHS,SMALLEST_LAST,255,1103,0.3889196675900277
bcsstk14,BEST_AVAILABLE_OF_5_LARGER_GRAPHS,SMALLEST_LAST,257,1104,0.3883656509695291
bcsstk14,BEST_AVAILABLE_OF_5_LARGER_GRAPHS,SMALLEST_LAST,181,1105,0.3878116343490305
bcsstk14,BEST_AVAILABLE_OF_5_LARGER_GRAPHS,SMALLEST_LAST,253,1106,0.38725761772853184
bcsstk14,BEST_AVAILABLE_OF_5_LARGER_GRAPHS,SMALLEST_LAST,256,1107,0.38670360110803326
bcsstk14,BEST_AVAILABLE_OF_5_LARGER_GRAPHS,SMALLEST_LAST,964,1108,0.3861495844875346
bcsstk14,BEST_AVAILABLE_OF_5_LARGER_GRAPHS,SMALLEST_LAST,1222,1109,0.385595567867036
bcsstk14,BEST_AVAILABLE_OF_5_LARGER_GRAPHS,SMALLEST_LAST,1072,1110,0.3850415512465374
bcsstk14,BEST_AVAILABLE_OF_5_LARGER_GRAPHS,SMALLEST_LAST,822,1111,0.3844875346260388
bcsstk14,BEST_AVAILABLE_OF_5_LARGER_GRAPHS,SMALLEST_LAST,824,1112,0.38393351800554015
bcsstk14,BEST_AVAILABLE_OF_5_LARGER_GRAPHS,SMALLEST_LAST,825,1113,0.38337950138504157
bcsstk14,BEST_AVAILABLE_OF_5_LARGER_GRAPHS,SMALLEST_LAST,827,1114,0.3828254847645429
bcsstk14,BEST_AVAILABLE_OF_5_LARGER_GRAPHS,SMALLEST_LAST,823,1115,0.38227146814404434
bcsstk14,BEST_AVAILABLE_OF_5_LARGER_GRAPHS,SMALLEST_LAST,826,1116,0.3817174515235457
bcsstk14,BEST_AVAILABLE_OF_5_LARGER_GRAPHS,SMALLEST_LAST,966,1117,0.3811634349030471
bcsstk14,BEST_AVAILABLE_OF_5_LARGER_GRAPHS,SMALLEST_LAST,968,1118,0.38060941828254846
bcsstk14,BEST_AVAILABLE_OF_5_LARGER_GRAPHS,SMALLEST_LAST,969,1119,0.3800554016620499
bcsstk14,BEST_AVAILABLE_OF_5_LARGER_GRAPHS,SMALLEST_LAST,971,1120,0.37950138504155123
bcsstk14,BEST_AVAILABLE_OF_5_LARGER_GRAPHS,SMALLEST_LAST,970,1121,0.37894736842105264
bcsstk14,BEST_AVAILABLE_OF_5_LARGER_GRAPHS,SMALLEST_LAST,1368,1122,0.378393351800554
bcsstk14,BEST_AVAILABLE_OF_5_LARGER_GRAPHS,SMALLEST_LAST,1370,1123,0.3778393351800554
bcsstk14,BEST_AVAILABLE_OF_5_LARGER_GRAPHS,SMALLEST_LAST,1371,1124,0.37728531855955677
bcsstk14,BEST_AVAILABLE_OF_5_LARGER_GRAPHS,SMALLEST_LAST,1373,1125,0.3767313019390582
bcsstk14,BEST_AVAILABLE_OF_5_LARGER_GRAPHS,SMALLEST_LAST,1372,1126,0.37617728531855954
bcsstk14,BEST_AVAILABLE_OF_5_LARGER_GRAPHS,SMALLEST_LAST,1369,1127,0.37562326869806095
bcsstk14,BEST_AVAILABLE_OF_5_LARGER_GRAPHS,SMALLEST_LAST,967,1128,0.3750692520775623
bcsstk14,BEST_AVAILABLE_OF_5_LARGER_GRAPHS,SMALLEST_LAST,1104,1129,0.3745152354570637
bcsstk14,BEST_AVAILABLE_OF_5_LARGER_GRAPHS,SMALLEST_LAST,1106,1130,0.3739612188365651
bcsstk14,BEST_AVAILABLE_OF_5_LARGER_GRAPHS,SMALLEST_LAST,1109,1131,0.3734072022160665
bcsstk14,BEST_AVAILABLE_OF_5_LARGER_GRAPHS,SMALLEST_LAST,1107,1132,0.37285318559556785
bcsstk14,BEST_AVAILABLE_OF_5_LARGER_GRAPHS,SMALLEST_LAST,1108,1133,0.37229916897506926
bcsstk14,BEST_AVAILABLE_OF_5_LARGER_GRAPHS,SMALLEST_LAST,1105,1134,0.3717451523545706
bcsstk14,BEST_AVAILABLE_OF_5_LARGER_GRAPHS,SMALLEST_LAST,1086,1135,0.37119113573407203
bcsstk14,BEST_AVAILABLE_OF_5_LARGER_GRAPHS,SMALLEST_LAST,1088,1136,0.3706371191135734
bcsstk14,BEST_AVAILABLE_OF_5_LARGER_GRAPHS,SMALLEST_LAST,1089,1137,0.3700831024930748
bcsstk14,BEST_AVAILABLE_OF_5_LARGER_GRAPHS,SMALLEST_LAST,1091,1138,0.36952908587257616
bcsstk14,BEST_AVAILABLE_OF_5_LARGER_GRAPHS,SMALLEST_LAST,1236,1139,0.36897506925207757
bcsstk14,BEST_AVAILABLE_OF_5_LARGER_GRAPHS,SMALLEST_LAST,1238,1140,0.3684210526315789
bcsstk14,BEST_AVAILABLE_OF_5_LARGER_GRAPHS,SMALLEST_LAST,1239,1141,0.36786703601108034
bcsstk14,BEST_AVAILABLE_OF_5_LARGER_GRAPHS,SMALLEST_LAST,1241,1142,0.3673130193905817
bcsstk14,BEST_AVAILABLE_OF_5_LARGER_GRAPHS,SMALLEST_LAST,1087,1143,0.3667590027700831
bcsstk14,BEST_AVAILABLE_OF_5_LARGER_GRAPHS,SMALLEST_LAST,1237,1144,0.36620498614958447
bcsstk14,BEST_AVAILABLE_OF_5_LARGER_GRAPHS,SMALLEST_LAST,1090,1145,0.3656509695290859
bcsstk14,BEST_AVAILABLE_OF_5_LARGER_GRAPHS,SMALLEST_LAST,1240,1146,0.36509695290858724
bcsstk14,BEST_AVAILABLE_OF_5_LARGER_GRAPHS,SMALLEST_LAST,184,1147,0.36454293628808865
bcsstk14,BEST_AVAILABLE_OF_5_LARGER_GRAPHS,SMALLEST_LAST,400,1148,0.36398891966759
bcsstk14,BEST_AVAILABLE_OF_5_LARGER_GRAPHS,SMALLEST_LAST,232,1149,0.3634349030470914
bcsstk14,BEST_AVAILABLE_OF_5_LARGER_GRAPHS,SMALLEST_LAST,154,1150,0.3628808864265928
bcsstk14,BEST_AVAILABLE_OF_5_LARGER_GRAPHS,SMALLEST_LAST,102,1151,0.3623268698060942
bcsstk14,BEST_AVAILABLE_OF_5_LARGER_GRAPHS,SMALLEST_LAST,104,1152,0.36177285318559554
bcsstk14,BEST_AVAILABLE_OF_5_LARGER_GRAPHS,SMALLEST_LAST,105,1153,0.36121883656509696
bcsstk14,BEST_AVAILABLE_OF_5_LARGER_GRAPHS,SMALLEST_LAST,106,1154,0.3606648199445983
bcsstk14,BEST_AVAILABLE_OF_5_LARGER_GRAPHS,SMALLEST_LAST,107,1155,0.3601108033240997
bcsstk14,BEST_AVAILABLE_OF_5_LARGER_GRAPHS,SMALLEST_LAST,282,1156,0.3595567867036011
bcsstk14,BEST_AVAILABLE_OF_5_LARGER_GRAPHS,SMALLEST_LAST,284,1157,0.3590027700831025
bcsstk14,BEST_AVAILABLE_OF_5_LARGER_GRAPHS,SMALLEST_LAST,285,1158,0.35844875346260385
bcsstk14,BEST_AVAILABLE_OF_5_LARGER_GRAPHS,SMALLEST_LAST,287,1159,0.35789473684210527
bcsstk14,BEST_AVAILABLE_OF_5_LARGER_GRAPHS,SMALLEST_LAST,283,1160,0.3573407202216066
bcsstk14,BEST_AVAILABLE_OF_5_LARGER_GRAPHS,SMALLEST_LAST,286,1161,0.35678670360110804
bcsstk14,BEST_AVAILABLE_OF_5_LARGER_GRAPHS,SMALLEST_LAST,103,1162,0.3562326869806094
bcsstk14,BEST_AVAILABLE_OF_5_LARGER_GRAPHS,SMALLEST_LAST,96,1163,0.3556786703601108
bcsstk14,BEST_AVAILABLE_OF_5_LARGER_GRAPHS,SMALLEST_LAST,98,1164,0.35512465373961216
bcsstk14,BEST_AVAILABLE_OF_5_LARGER_GRAPHS,SMALLEST_LAST,99,1165,0.3545706371191136
bcsstk14,BEST_AVAILABLE_OF_5_LARGER_GRAPHS,SMALLEST_LAST,101,1166,0.35401662049861493
bcsstk14,BEST_AVAILABLE_OF_5_LARGER_GRAPHS,SMALLEST_LAST,100,1167,0.35346260387811634
bcsstk14,BEST_AVAILABLE_OF_5_LARGER_GRAPHS,SMALLEST_LAST,97,1168,0.35290858725761776
bcsstk14,BEST_AVAILABLE_OF_5_LARGER_GRAPHS,SMALLEST_LAST,210,1169,0.3523545706371191
bcsstk14,BEST_AVAILABLE_OF_5_LARGER_GRAPHS,SMALLEST_LAST,212,1170,0.3518005540166205
bcsstk14,BEST_AVAILABLE_OF_5_LARGER_GRAPHS,SMALLEST_LAST,214,1171,0.3512465373961219
bcsstk14,BEST_AVAILABLE_OF_5_LARGER_GRAPHS,SMALLEST_LAST,213,1172,0.3506925207756233
bcsstk14,BEST_AVAILABLE_OF_5_LARGER_GRAPHS,SMALLEST_LAST,215,1173,0.35013850415512465
bcsstk14,BEST_AVAILABLE_OF_5_LARGER_GRAPHS,SMALLEST_LAST,211,1174,0.34958448753462606
bcsstk14,BEST_AVAILABLE_OF_5_LARGER_GRAPHS,SMALLEST_LAST,138,1175,0.3490304709141274
bcsstk14,BEST_AVAILABLE_OF_5_LARGER_GRAPHS,SMALLEST_LAST,140,1176,0.34847645429362883
bcsstk14,BEST_AVAILABLE_OF_5_LARGER_GRAPHS,SMALLEST_LAST,204,1177,0.3479224376731302
bcsstk14,BEST_AVAILABLE_OF_5_LARGER_GRAPHS,SMALLEST_LAST,206,1178,0.3473684210526316
bcsstk14,BEST_AVAILABLE_OF_5_LARGER_GRAPHS,SMALLEST_LAST,207,1179,0.34681440443213296
bcsstk14,BEST_AVAILABLE_OF_5_LARGER_GRAPHS,SMALLEST_LAST,209,1180,0.3462603878116344
bcsstk14,BEST_AVAILABLE_OF_5_LARGER_GRAPHS,SMALLEST_LAST,139,1181,0.34570637119113573
bcsstk14,BEST_AVAILABLE_OF_5_LARGER_GRAPHS,SMALLEST_LAST,141,1182,0.34515235457063714
bcsstk14,BEST_AVAILABLE_OF_5_LARGER_GRAPHS,SMALLEST_LAST,143,1183,0.3445983379501385
bcsstk14,BEST_AVAILABLE_OF_5_LARGER_GRAPHS,SMALLEST_LAST,205,1184,0.3440443213296399
bcsstk14,BEST_AVAILABLE_OF_5_LARGER_GRAPHS,SMALLEST_LAST,142,1185,0.34349030470914127
bcsstk14,BEST_AVAILABLE_OF_5_LARGER_GRAPHS,SMALLEST_LAST,208,1186,0.3429362880886427
bcsstk14,BEST_AVAILABLE_OF_5_LARGER_GRAPHS,SMALLEST_LAST,1680,1187,0.34238227146814404
bcsstk14,BEST_AVAILABLE_OF_5_LARGER_GRAPHS,SMALLEST_LAST,1682,1188,0.34182825484764545
bcsstk14,BEST_AVAILABLE_OF_5_LARGER_GRAPHS,SMALLEST_LAST,1683,1189,0.3412742382271468
bcsstk14,BEST_AVAILABLE_OF_5_LARGER_GRAPHS,SMALLEST_LAST,1684,1190,0.3407202216066482
bcsstk14,BEST_AVAILABLE_OF_5_LARGER_GRAPHS,SMALLEST_LAST,1685,1191,0.3401662049861496
bcsstk14,BEST_AVAILABLE_OF_5_LARGER_GRAPHS,SMALLEST_LAST,1630,1192,0.339612188365651
bcsstk14,BEST_AVAILABLE_OF_5_LARGER_GRAPHS,SMALLEST_LAST,1546,1193,0.33905817174515235
bcsstk14,BEST_AVAILABLE_OF_5_LARGER_GRAPHS,SMALLEST_LAST,1428,1194,0.33850415512465376
bcsstk14,BEST_AVAILABLE_OF_5_LARGER_GRAPHS,SMALLEST_LAST,1431,1195,0.3379501385041551
bcsstk14,BEST_AVAILABLE_OF_5_LARGER_GRAPHS,SMALLEST_LAST,1432,1196,0.33739612188365653
bcsstk14,BEST_AVAILABLE_OF_5_LARGER_GRAPHS,SMALLEST_LAST,1429,1197,0.3368421052631579
bcsstk14,BEST_AVAILABLE_OF_5_LARGER_GRAPHS,SMALLEST_LAST,1430,1198,0.3362880886426593
bcsstk14,BEST_AVAILABLE_OF_5_LARGER_GRAPHS,SMALLEST_LAST,1433,1199,0.33573407202216066
bcsstk14,BEST_AVAILABLE_OF_5_LARGER_GRAPHS,SMALLEST_LAST,1554,1200,0.33518005540166207
bcsstk14,BEST_AVAILABLE_OF_5_LARGER_GRAPHS,SMALLEST_LAST,1556,1201,0.3346260387811634
bcsstk14,BEST_AVAILABLE_OF_5_LARGER_GRAPHS,SMALLEST_LAST,1557,1202,0.33407202216066484
bcsstk14,BEST_AVAILABLE_OF_5_LARGER_GRAPHS,SMALLEST_LAST,1559,1203,0.3335180055401662
bcsstk14,BEST_AVAILABLE_OF_5_LARGER_GRAPHS,SMALLEST_LAST,1558,1204,0.3329639889196676
bcsstk14,BEST_AVAILABLE_OF_5_LARGER_GRAPHS,SMALLEST_LAST,1555,1205,0.33240997229916897
bcsstk14,BEST_AVAILABLE_OF_5_LARGER_GRAPHS,SMALLEST_LAST,1681,1206,0.3318559556786704
bcsstk14,BEST_AVAILABLE_OF_5_LARGER_GRAPHS,SMALLEST_LAST,1686,1207,0.33130193905817173
bcsstk14,BEST_AVAILABLE_OF_5_LARGER_GRAPHS,SMALLEST_LAST,1688,1208,0.33074792243767315
bcsstk14,BEST_AVAILABLE_OF_5_LARGER_GRAPHS,SMALLEST_LAST,1689,1209,0.3301939058171745
bcsstk14,BEST_AVAILABLE_OF_5_LARGER_GRAPHS,SMALLEST_LAST,1691,1210,0.3296398891966759
bcsstk14,BEST_AVAILABLE_OF_5_LARGER_GRAPHS,SMALLEST_LAST,1690,1211,0.3290858725761773
bcsstk14,BEST_AVAILABLE_OF_5_LARGER_GRAPHS,SMALLEST_LAST,1687,1212,0.3285318559556787
bcsstk14,BEST_AVAILABLE_OF_5_LARGER_GRAPHS,SMALLEST_LAST,1632,1213,0.32797783933518004
bcsstk14,BEST_AVAILABLE_OF_5_LARGER_GRAPHS,SMALLEST_LAST,1634,1214,0.32742382271468146
bcsstk14,BEST_AVAILABLE_OF_5_LARGER_GRAPHS,SMALLEST_LAST,1636,1215,0.3268698060941828
bcsstk14,BEST_AVAILABLE_OF_5_LARGER_GRAPHS,SMALLEST_LAST,1635,1216,0.3263157894736842
bcsstk14,BEST_AVAILABLE_OF_5_LARGER_GRAPHS,SMALLEST_LAST,1637,1217,0.3257617728531856
bcsstk14,BEST_AVAILABLE_OF_5_LARGER_GRAPHS,SMALLEST_LAST,1633,1218,0.325207756232687
bcsstk14,BEST_AVAILABLE_OF_5_LARGER_GRAPHS,SMALLEST_LAST,1638,1219,0.32465373961218835
bcsstk14,BEST_AVAILABLE_OF_5_LARGER_GRAPHS,SMALLEST_LAST,1640,1220,0.32409972299168976
bcsstk14,BEST_AVAILABLE_OF_5_LARGER_GRAPHS,SMALLEST_LAST,1641,1221,0.3235457063711911
bcsstk14,BEST_AVAILABLE_OF_5_LARGER_GRAPHS,SMALLEST_LAST,1643,1222,0.32299168975069253
bcsstk14,BEST_AVAILABLE_OF_5_LARGER_GRAPHS,SMALLEST_LAST,1692,1223,0.3224376731301939
bcsstk14,BEST_AVAILABLE_OF_5_LARGER_GRAPHS,SMALLEST_LAST,1694,1224,0.3218836565096953
bcsstk14,BEST_AVAILABLE_OF_5_LARGER_GRAPHS,SMALLEST_LAST,1693,1225,0.32132963988919666
bcsstk14,BEST_AVAILABLE_OF_5_LARGER_GRAPHS,SMALLEST_LAST,1695,1226,0.3207756232686981
bcsstk14,BEST_AVAILABLE_OF_5_LARGER_GRAPHS,SMALLEST_LAST,1639,1227,0.32022160664819943
bcsstk14,BEST_AVAILABLE_OF_5_LARGER_GRAPHS,SMALLEST_LAST,1697,1228,0.31966759002770084
bcsstk14,BEST_AVAILABLE_OF_5_LARGER_GRAPHS,SMALLEST_LAST,1696,1229,0.3191135734072022
bcsstk14,BEST_AVAILABLE_OF_5_LARGER_GRAPHS,SMALLEST_LAST,1642,1230,0.3185595567867036
bcsstk14,BEST_AVAILABLE_OF_5_LARGER_GRAPHS,SMALLEST_LAST,760,1231,0.31800554016620497
bcsstk14,BEST_AVAILABLE_OF_5_LARGER_GRAPHS,SMALLEST_LAST,616,1232,0.3174515235457064
bcsstk14,BEST_AVAILABLE_OF_5_LARGER_GRAPHS,SMALLEST_LAST,1342,1233,0.31689750692520774
bcsstk14,BEST_AVAILABLE_OF_5_LARGER_GRAPHS,SMALLEST_LAST,1366,1234,0.31634349030470915
bcsstk14,BEST_AVAILABLE_OF_5_LARGER_GRAPHS,SMALLEST_LAST,1194,1235,0.3157894736842105
bcsstk14,BEST_AVAILABLE_OF_5_LARGER_GRAPHS,SMALLEST_LAST,1196,1236,0.3152354570637119
bcsstk14,BEST_AVAILABLE_OF_5_LARGER_GRAPHS,SMALLEST_LAST,1197,1237,0.3146814404432133
bcsstk14,BEST_AVAILABLE_OF_5_LARGER_GRAPHS,SMALLEST_LAST,1198,1238,0.3141274238227147
bcsstk14,BEST_AVAILABLE_OF_5_LARGER_GRAPHS,SMALLEST_LAST,1199,1239,0.31357340720221605
bcsstk14,BEST_AVAILABLE_OF_5_LARGER_GRAPHS,SMALLEST_LAST,1195,1240,0.31301939058171746
bcsstk14,BEST_AVAILABLE_OF_5_LARGER_GRAPHS,SMALLEST_LAST,1350,1241,0.3124653739612188
bcsstk14,BEST_AVAILABLE_OF_5_LARGER_GRAPHS,SMALLEST_LAST,1352,1242,0.31191135734072023
bcsstk14,BEST_AVAILABLE_OF_5_LARGER_GRAPHS,SMALLEST_LAST,1353,1243,0.3113573407202216
bcsstk14,BEST_AVAILABLE_OF_5_LARGER_GRAPHS,SMALLEST_LAST,1355,1244,0.310803324099723
bcsstk14,BEST_AVAILABLE_OF_5_LARGER_GRAPHS,SMALLEST_LAST,1354,1245,0.31024930747922436
bcsstk14,BEST_AVAILABLE_OF_5_LARGER_GRAPHS,SMALLEST_LAST,1351,1246,0.30969529085872577
bcsstk14,BEST_AVAILABLE_OF_5_LARGER_GRAPHS,SMALLEST_LAST,1464,1247,0.3091412742382271
bcsstk14,BEST_AVAILABLE_OF_5_LARGER_GRAPHS,SMALLEST_LAST,1466,1248,0.30858725761772854
bcsstk14,BEST_AVAILABLE_OF_5_LARGER_GRAPHS,SMALLEST_LAST,1467,1249,0.3080332409972299
bcsstk14,BEST_AVAILABLE_OF_5_LARGER_GRAPHS,SMALLEST_LAST,1469,1250,0.3074792243767313
bcsstk14,BEST_AVAILABLE_OF_5_LARGER_GRAPHS,SMALLEST_LAST,1468,1251,0.30692520775623267
bcsstk14,BEST_AVAILABLE_OF_5_LARGER_GRAPHS,SMALLEST_LAST,1465,1252,0.3063711911357341
bcsstk14,BEST_AVAILABLE_OF_5_LARGER_GRAPHS,SMALLEST_LAST,1446,1253,0.30581717451523543
bcsstk14,BEST_AVAILABLE_OF_5_LARGER_GRAPHS,SMALLEST_LAST,1448,1254,0.30526315789473685
bcsstk14,BEST_AVAILABLE_OF_5_LARGER_GRAPHS,SMALLEST_LAST,1449,1255,0.3047091412742382
bcsstk14,BEST_AVAILABLE_OF_5_LARGER_GRAPHS,SMALLEST_LAST,1450,1256,0.3041551246537396
bcsstk14,BEST_AVAILABLE_OF_5_LARGER_GRAPHS,SMALLEST_LAST,1451,1257,0.303601108033241
bcsstk14,BEST_AVAILABLE_OF_5_LARGER_GRAPHS,SMALLEST_LAST,1447,1258,0.3030470914127424
bcsstk14,BEST_AVAILABLE_OF_5_LARGER_GRAPHS,SMALLEST_LAST,1452,1259,0.30249307479224374
bcsstk14,BEST_AVAILABLE_OF_5_LARGER_GRAPHS,SMALLEST_LAST,1454,1260,0.30193905817174516
bcsstk14,BEST_AVAILABLE_OF_5_LARGER_GRAPHS,SMALLEST_LAST,1455,1261,0.3013850415512465
bcsstk14,BEST_AVAILABLE_OF_5_LARGER_GRAPHS,SMALLEST_LAST,1457,1262,0.3008310249307479
bcsstk14,BEST_AVAILABLE_OF_5_LARGER_GRAPHS,SMALLEST_LAST,1470,1263,0.3002770083102493
bcsstk14,BEST_AVAILABLE_OF_5_LARGER_GRAPHS,SMALLEST_LAST,1472,1264,0.2997229916897507
bcsstk14,BEST_AVAILABLE_OF_5_LARGER_GRAPHS,SMALLEST_LAST,1453,1265,0.29916897506925205
bcsstk14,BEST_AVAILABLE_OF_5_LARGER_GRAPHS,SMALLEST_LAST,1471,1266,0.29861495844875346
bcsstk14,BEST_AVAILABLE_OF_5_LARGER_GRAPHS,SMALLEST_LAST,1473,1267,0.2980609418282548
bcsstk14,BEST_AVAILABLE_OF_5_LARGER_GRAPHS,SMALLEST_LAST,1475,1268,0.29750692520775623
bcsstk14,BEST_AVAILABLE_OF_5_LARGER_GRAPHS,SMALLEST_LAST,1474,1269,0.2969529085872576
bcsstk14,BEST_AVAILABLE_OF_5_LARGER_GRAPHS,SMALLEST_LAST,1456,1270,0.296398891966759
bcsstk14,BEST_AVAILABLE_OF_5_LARGER_GRAPHS,SMALLEST_LAST,1660,1271,0.29584487534626036
bcsstk14,BEST_AVAILABLE_OF_5_LARGER_GRAPHS,SMALLEST_LAST,1179,1272,0.2952908587257618
bcsstk14,BEST_AVAILABLE_OF_5_LARGER_GRAPHS,SMALLEST_LAST,1181,1273,0.29473684210526313
bcsstk14,BEST_AVAILABLE_OF_5_LARGER_GRAPHS,SMALLEST_LAST,1177,1274,0.29418282548476454
bcsstk14,BEST_AVAILABLE_OF_5_LARGER_GRAPHS,SMALLEST_LAST,1178,1275,0.29362880886426596
bcsstk14,BEST_AVAILABLE_OF_5_LARGER_GRAPHS,SMALLEST_LAST,1176,1276,0.2930747922437673
bcsstk14,BEST_AVAILABLE_OF_5_LARGER_GRAPHS,SMALLEST_LAST,1719,1277,0.2925207756232687
bcsstk14,BEST_AVAILABLE_OF_5_LARGER_GRAPHS,SMALLEST_LAST,1721,1278,0.2919667590027701
bcsstk14,BEST_AVAILABLE_OF_5_LARGER_GRAPHS,SMALLEST_LAST,1716,1279,0.2914127423822715
bcsstk14,BEST_AVAILABLE_OF_5_LARGER_GRAPHS,SMALLEST_LAST,1718,1280,0.29085872576177285
bcsstk14,BEST_AVAILABLE_OF_5_LARGER_GRAPHS,SMALLEST_LAST,1720,1281,0.29030470914127426
bcsstk14,BEST_AVAILABLE_OF_5_LARGER_GRAPHS,SMALLEST_LAST,1717,1282,0.2897506925207756
bcsstk14,BEST_AVAILABLE_OF_5_LARGER_GRAPHS,SMALLEST_LAST,1722,1283,0.28919667590027703
bcsstk14,BEST_AVAILABLE_OF_5_LARGER_GRAPHS,SMALLEST_LAST,1724,1284,0.2886426592797784
bcsstk14,BEST_AVAILABLE_OF_5_LARGER_GRAPHS,SMALLEST_LAST,1725,1285,0.2880886426592798
bcsstk14,BEST_AVAILABLE_OF_5_LARGER_GRAPHS,SMALLEST_LAST,1727,1286,0.28753462603878116
bcsstk14,BEST_AVAILABLE_OF_5_LARGER_GRAPHS,SMALLEST_LAST,1728,1287,0.2869806094182826
bcsstk14,BEST_AVAILABLE_OF_5_LARGER_GRAPHS,SMALLEST_LAST,1730,1288,0.28642659279778393
bcsstk14,BEST_AVAILABLE_OF_5_LARGER_GRAPHS,SMALLEST_LAST,1731,1289,0.28587257617728534
bcsstk14,BEST_AVAILABLE_OF_5_LARGER_GRAPHS,SMALLEST_LAST,1726,1290,0.2853185595567867
bcsstk14,BEST_AVAILABLE_OF_5_LARGER_GRAPHS,SMALLEST_LAST,1733,1291,0.2847645429362881
bcsstk14,BEST_AVAILABLE_OF_5_LARGER_GRAPHS,SMALLEST_LAST,1729,1292,0.28421052631578947
bcsstk14,BEST_AVAILABLE_OF_5_LARGER_GRAPHS,SMALLEST_LAST,1732,1293,0.2836565096952909
bcsstk14,BEST_AVAILABLE_OF_5_LARGER_GRAPHS,SMALLEST_LAST,1740,1294,0.28310249307479224
bcsstk14,BEST_AVAILABLE_OF_5_LARGER_GRAPHS,SMALLEST_LAST,1742,1295,0.28254847645429365
bcsstk14,BEST_AVAILABLE_OF_5_LARGER_GRAPHS,SMALLEST_LAST,1743,1296,0.281994459833795
bcsstk14,BEST_AVAILABLE_OF_5_LARGER_GRAPHS,SMALLEST_LAST,1745,1297,0.2814404432132964
bcsstk14,BEST_AVAILABLE_OF_5_LARGER_GRAPHS,SMALLEST_LAST,1741,1298,0.2808864265927978
bcsstk14,BEST_AVAILABLE_OF_5_LARGER_GRAPHS,SMALLEST_LAST,1744,1299,0.2803324099722992
bcsstk14,BEST_AVAILABLE_OF_5_LARGER_GRAPHS,SMALLEST_LAST,93,1300,0.27977839335180055
bcsstk14,BEST_AVAILABLE_OF_5_LARGER_GRAPHS,SMALLEST_LAST,95,1301,0.27922437673130196
bcsstk14,BEST_AVAILABLE_OF_5_LARGER_GRAPHS,SMALLEST_LAST,90,1302,0.2786703601108033
bcsstk14,BEST_AVAILABLE_OF_5_LARGER_GRAPHS,SMALLEST_LAST,92,1303,0.27811634349030473
bcsstk14,BEST_AVAILABLE_OF_5_LARGER_GRAPHS,SMALLEST_LAST,91,1304,0.2775623268698061
bcsstk14,BEST_AVAILABLE_OF_5_LARGER_GRAPHS,SMALLEST_LAST,94,1305,0.2770083102493075
bcsstk14,BEST_AVAILABLE_OF_5_LARGER_GRAPHS,SMALLEST_LAST,60,1306,0.27645429362880886
bcsstk14,BEST_AVAILABLE_OF_5_LARGER_GRAPHS,SMALLEST_LAST,62,1307,0.27590027700831027
bcsstk14,BEST_AVAILABLE_OF_5_LARGER_GRAPHS,SMALLEST_LAST,63,1308,0.2753462603878116
bcsstk14,BEST_AVAILABLE_OF_5_LARGER_GRAPHS,SMALLEST_LAST,65,1309,0.27479224376731304
bcsstk14,BEST_AVAILABLE_OF_5_LARGER_GRAPHS,SMALLEST_LAST,66,1310,0.2742382271468144
bcsstk14,BEST_AVAILABLE_OF_5_LARGER_GRAPHS,SMALLEST_LAST,69,1311,0.2736842105263158
bcsstk14,BEST_AVAILABLE_OF_5_LARGER_GRAPHS,SMALLEST_LAST,71,1312,0.27313019390581716
bcsstk14,BEST_AVAILABLE_OF_5_LARGER_GRAPHS,SMALLEST_LAST,61,1313,0.2725761772853186
bcsstk14,BEST_AVAILABLE_OF_5_LARGER_GRAPHS,SMALLEST_LAST,68,1314,0.27202216066481993
bcsstk14,BEST_AVAILABLE_OF_5_LARGER_GRAPHS,SMALLEST_LAST,64,1315,0.27146814404432135
bcsstk14,BEST_AVAILABLE_OF_5_LARGER_GRAPHS,SMALLEST_LAST,67,1316,0.2709141274238227
bcsstk14,BEST_AVAILABLE_OF_5_LARGER_GRAPHS,SMALLEST_LAST,70,1317,0.2703601108033241
bcsstk14,BEST_AVAILABLE_OF_5_LARGER_GRAPHS,SMALLEST_LAST,78,1318,0.2698060941828255
bcsstk14,BEST_AVAILABLE_OF_5_LARGER_GRAPHS,SMALLEST_LAST,80,1319,0.2692520775623269
bcsstk14,BEST_AVAILABLE_OF_5_LARGER_GRAPHS,SMALLEST_LAST,82,1320,0.26869806094182824
bcsstk14,BEST_AVAILABLE_OF_5_LARGER_GRAPHS,SMALLEST_LAST,83,1321,0.26814404432132966
bcsstk14,BEST_AVAILABLE_OF_5_LARGER_GRAPHS,SMALLEST_LAST,81,1322,0.267590027700831
bcsstk14,BEST_AVAILABLE_OF_5_LARGER_GRAPHS,SMALLEST_LAST,79,1323,0.2670360110803324
bcsstk14,BEST_AVAILABLE_OF_5_LARGER_GRAPHS,SMALLEST_LAST,72,1324,0.2664819944598338
bcsstk14,BEST_AVAILABLE_OF_5_LARGER_GRAPHS,SMALLEST_LAST,74,1325,0.2659279778393352
bcsstk14,BEST_AVAILABLE_OF_5_LARGER_GRAPHS,SMALLEST_LAST,75,1326,0.26537396121883655
bcsstk14,BEST_AVAILABLE_OF_5_LARGER_GRAPHS,SMALLEST_LAST,77,1327,0.26481994459833796
bcsstk14,BEST_AVAILABLE_OF_5_LARGER_GRAPHS,SMALLEST_LAST,73,1328,0.2642659279778393
bcsstk14,BEST_AVAILABLE_OF_5_LARGER_GRAPHS,SMALLEST_LAST,76,1329,0.26371191135734073
bcsstk14,BEST_AVAILABLE_OF_5_LARGER_GRAPHS,SMALLEST_LAST,36,1330,0.2631578947368421
bcsstk14,BEST_AVAILABLE_OF_5_LARGER_GRAPHS,SMALLEST_LAST,38,1331,0.2626038781163435
bcsstk14,BEST_AVAILABLE_OF_5_LARGER_GRAPHS,SMALLEST_LAST,39,1332,0.26204986149584486
bcsstk14,BEST_AVAILABLE_OF_5_LARGER_GRAPHS,SMALLEST_LAST,41,1333,0.2614958448753463
bcsstk14,BEST_AVAILABLE_OF_5_LARGER_GRAPHS,SMALLEST_LAST,42,1334,0.26094182825484763
bcsstk14,BEST_AVAILABLE_OF_5_LARGER_GRAPHS,SMALLEST_LAST,44,1335,0.26038781163434904
bcsstk14,BEST_AVAILABLE_OF_5_LARGER_GRAPHS,SMALLEST_LAST,45,1336,0.2598337950138504
bcsstk14,BEST_AVAILABLE_OF_5_LARGER_GRAPHS,SMALLEST_LAST,47,1337,0.2592797783933518
bcsstk14,BEST_AVAILABLE_OF_5_LARGER_GRAPHS,SMALLEST_LAST,43,1338,0.25872576177285317
bcsstk14,BEST_AVAILABLE_OF_5_LARGER_GRAPHS,SMALLEST_LAST,46,1339,0.2581717451523546
bcsstk14,BEST_AVAILABLE_OF_5_LARGER_GRAPHS,SMALLEST_LAST,30,1340,0.25761772853185594
bcsstk14,BEST_AVAILABLE_OF_5_LARGER_GRAPHS,SMALLEST_LAST,31,1341,0.25706371191135735
bcsstk14,BEST_AVAILABLE_OF_5_LARGER_GRAPHS,SMALLEST_LAST,32,1342,0.2565096952908587
bcsstk14,BEST_AVAILABLE_OF_5_LARGER_GRAPHS,SMALLEST_LAST,33,1343,0.2559556786703601
bcsstk14,BEST_AVAILABLE_OF_5_LARGER_GRAPHS,SMALLEST_LAST,35,1344,0.2554016620498615
bcsstk14,BEST_AVAILABLE_OF_5_LARGER_GRAPHS,SMALLEST_LAST,51,1345,0.2548476454293629
bcsstk14,BEST_AVAILABLE_OF_5_LARGER_GRAPHS,SMALLEST_LAST,53,1346,0.25429362880886425
bcsstk14,BEST_AVAILABLE_OF_5_LARGER_GRAPHS,SMALLEST_LAST,18,1347,0.25373961218836566
bcsstk14,BEST_AVAILABLE_OF_5_LARGER_GRAPHS,SMALLEST_LAST,20,1348,0.253185595567867
bcsstk14,BEST_AVAILABLE_OF_5_LARGER_GRAPHS,SMALLEST_LAST,21,1349,0.25263157894736843
bcsstk14,BEST_AVAILABLE_OF_5_LARGER_GRAPHS,SMALLEST_LAST,23,1350,0.2520775623268698
bcsstk14,BEST_AVAILABLE_OF_5_LARGER_GRAPHS,SMALLEST_LAST,48,1351,0.2515235457063712
bcsstk14,BEST_AVAILABLE_OF_5_LARGER_GRAPHS,SMALLEST_LAST,49,1352,0.25096952908587256
bcsstk14,BEST_AVAILABLE_OF_5_LARGER_GRAPHS,SMALLEST_LAST,50,1353,0.25041551246537397
bcsstk14,BEST_AVAILABLE_OF_5_LARGER_GRAPHS,SMALLEST_LAST,52,1354,0.24986149584487535
bcsstk14,BEST_AVAILABLE_OF_5_LARGER_GRAPHS,SMALLEST_LAST,19,1355,0.24930747922437674
bcsstk14,BEST_AVAILABLE_OF_5_LARGER_GRAPHS,SMALLEST_LAST,675,1356,0.24875346260387812
bcsstk14,BEST_AVAILABLE_OF_5_LARGER_GRAPHS,SMALLEST_LAST,677,1357,0.2481994459833795
bcsstk14,BEST_AVAILABLE_OF_5_LARGER_GRAPHS,SMALLEST_LAST,672,1358,0.2476454293628809
bcsstk14,BEST_AVAILABLE_OF_5_LARGER_GRAPHS,SMALLEST_LAST,674,1359,0.24709141274238228
bcsstk14,BEST_AVAILABLE_OF_5_LARGER_GRAPHS,SMALLEST_LAST,673,1360,0.24653739612188366
bcsstk14,BEST_AVAILABLE_OF_5_LARGER_GRAPHS,SMALLEST_LAST,676,1361,0.24598337950138505
bcsstk14,BEST_AVAILABLE_OF_5_LARGER_GRAPHS,SMALLEST_LAST,540,1362,0.24542936288088643
bcsstk14,BEST_AVAILABLE_OF_5_LARGER_GRAPHS,SMALLEST_LAST,542,1363,0.24487534626038782
bcsstk14,BEST_AVAILABLE_OF_5_LARGER_GRAPHS,SMALLEST_LAST,543,1364,0.2443213296398892
bcsstk14,BEST_AVAILABLE_OF_5_LARGER_GRAPHS,SMALLEST_LAST,545,1365,0.24376731301939059
bcsstk14,BEST_AVAILABLE_OF_5_LARGER_GRAPHS,SMALLEST_LAST,666,1366,0.24321329639889197
bcsstk14,BEST_AVAILABLE_OF_5_LARGER_GRAPHS,SMALLEST_LAST,668,1367,0.24265927977839336
bcsstk14,BEST_AVAILABLE_OF_5_LARGER_GRAPHS,SMALLEST_LAST,669,1368,0.24210526315789474
bcsstk14,BEST_AVAILABLE_OF_5_LARGER_GRAPHS,SMALLEST_LAST,667,1369,0.24155124653739612
bcsstk14,BEST_AVAILABLE_OF_5_LARGER_GRAPHS,SMALLEST_LAST,671,1370,0.2409972299168975
bcsstk14,BEST_AVAILABLE_OF_5_LARGER_GRAPHS,SMALLEST_LAST,816,1371,0.2404432132963989
bcsstk14,BEST_AVAILABLE_OF_5_LARGER_GRAPHS,SMALLEST_LAST,818,1372,0.23988919667590028
bcsstk14,BEST_AVAILABLE_OF_5_LARGER_GRAPHS,SMALLEST_LAST,819,1373,0.23933518005540166
bcsstk14,BEST_AVAILABLE_OF_5_LARGER_GRAPHS,SMALLEST_LAST,821,1374,0.23878116343490305
bcsstk14,BEST_AVAILABLE_OF_5_LARGER_GRAPHS,SMALLEST_LAST,670,1375,0.23822714681440443
bcsstk14,BEST_AVAILABLE_OF_5_LARGER_GRAPHS,SMALLEST_LAST,541,1376,0.23767313019390582
bcsstk14,BEST_AVAILABLE_OF_5_LARGER_GRAPHS,SMALLEST_LAST,544,1377,0.2371191135734072
bcsstk14,BEST_AVAILABLE_OF_5_LARGER_GRAPHS,SMALLEST_LAST,516,1378,0.2365650969529086
bcsstk14,BEST_AVAILABLE_OF_5_LARGER_GRAPHS,SMALLEST_LAST,518,1379,0.23601108033240997
bcsstk14,BEST_AVAILABLE_OF_5_LARGER_GRAPHS,SMALLEST_LAST,517,1380,0.23545706371191136
bcsstk14,BEST_AVAILABLE_OF_5_LARGER_GRAPHS,SMALLEST_LAST,519,1381,0.23490304709141274
bcsstk14,BEST_AVAILABLE_OF_5_LARGER_GRAPHS,SMALLEST_LAST,521,1382,0.23434903047091413
bcsstk14,BEST_AVAILABLE_OF_5_LARGER_GRAPHS,SMALLEST_LAST,817,1383,0.2337950138504155
bcsstk14,BEST_AVAILABLE_OF_5_LARGER_GRAPHS,SMALLEST_LAST,820,1384,0.2332409972299169
bcsstk14,BEST_AVAILABLE_OF_5_LARGER_GRAPHS,SMALLEST_LAST,954,1385,0.23268698060941828
bcsstk14,BEST_AVAILABLE_OF_5_LARGER_GRAPHS,SMALLEST_LAST,955,1386,0.23213296398891967
bcsstk14,BEST_AVAILABLE_OF_5_LARGER_GRAPHS,SMALLEST_LAST,956,1387,0.23157894736842105
bcsstk14,BEST_AVAILABLE_OF_5_LARGER_GRAPHS,SMALLEST_LAST,957,1388,0.23102493074792244
bcsstk14,BEST_AVAILABLE_OF_5_LARGER_GRAPHS,SMALLEST_LAST,959,1389,0.23047091412742382
bcsstk14,BEST_AVAILABLE_OF_5_LARGER_GRAPHS,SMALLEST_LAST,1180,1390,0.2299168975069252
bcsstk14,BEST_AVAILABLE_OF_5_LARGER_GRAPHS,SMALLEST_LAST,1026,1391,0.2293628808864266
bcsstk14,BEST_AVAILABLE_OF_5_LARGER_GRAPHS,SMALLEST_LAST,1028,1392,0.22880886426592797
bcsstk14,BEST_AVAILABLE_OF_5_LARGER_GRAPHS,SMALLEST_LAST,1029,1393,0.22825484764542936
bcsstk14,BEST_AVAILABLE_OF_5_LARGER_GRAPHS,SMALLEST_LAST,1031,1394,0.22770083102493074
bcsstk14,BEST_AVAILABLE_OF_5_LARGER_GRAPHS,SMALLEST_LAST,1182,1395,0.22714681440443213
bcsstk14,BEST_AVAILABLE_OF_5_LARGER_GRAPHS,SMALLEST_LAST,1185,1396,0.22659279778393351
bcsstk14,BEST_AVAILABLE_OF_5_LARGER_GRAPHS,SMALLEST_LAST,1187,1397,0.2260387811634349
bcsstk14,BEST_AVAILABLE_OF_5_LARGER_GRAPHS,SMALLEST_LAST,1183,1398,0.22548476454293628
bcsstk14,BEST_AVAILABLE_OF_5_LARGER_GRAPHS,SMALLEST_LAST,1184,1399,0.22493074792243767
bcsstk14,BEST_AVAILABLE_OF_5_LARGER_GRAPHS,SMALLEST_LAST,1326,1400,0.22437673130193905
bcsstk14,BEST_AVAILABLE_OF_5_LARGER_GRAPHS,SMALLEST_LAST,1328,1401,0.22382271468144044
bcsstk14,BEST_AVAILABLE_OF_5_LARGER_GRAPHS,SMALLEST_LAST,1329,1402,0.22326869806094182
bcsstk14,BEST_AVAILABLE_OF_5_LARGER_GRAPHS,SMALLEST_LAST,1331,1403,0.2227146814404432
bcsstk14,BEST_AVAILABLE_OF_5_LARGER_GRAPHS,SMALLEST_LAST,1186,1404,0.2221606648199446
bcsstk14,BEST_AVAILABLE_OF_5_LARGER_GRAPHS,SMALLEST_LAST,1330,1405,0.22160664819944598
bcsstk14,BEST_AVAILABLE_OF_5_LARGER_GRAPHS,SMALLEST_LAST,1327,1406,0.22105263157894736
bcsstk14,BEST_AVAILABLE_OF_5_LARGER_GRAPHS,SMALLEST_LAST,54,1407,0.22049861495844875
bcsstk14,BEST_AVAILABLE_OF_5_LARGER_GRAPHS,SMALLEST_LAST,56,1408,0.21994459833795013
bcsstk14,BEST_AVAILABLE_OF_5_LARGER_GRAPHS,SMALLEST_LAST,55,1409,0.21939058171745152
bcsstk14,BEST_AVAILABLE_OF_5_LARGER_GRAPHS,SMALLEST_LAST,59,1410,0.2188365650969529
bcsstk14,BEST_AVAILABLE_OF_5_LARGER_GRAPHS,SMALLEST_LAST,57,1411,0.21828254847645429
bcsstk14,BEST_AVAILABLE_OF_5_LARGER_GRAPHS,SMALLEST_LAST,40,1412,0.21772853185595567
bcsstk14,BEST_AVAILABLE_OF_5_LARGER_GRAPHS,SMALLEST_LAST,34,1413,0.21717451523545706
bcsstk14,BEST_AVAILABLE_OF_5_LARGER_GRAPHS,SMALLEST_LAST,22,1414,0.21662049861495844
bcsstk14,BEST_AVAILABLE_OF_5_LARGER_GRAPHS,SMALLEST_LAST,12,1415,0.21606648199445982
bcsstk14,BEST_AVAILABLE_OF_5_LARGER_GRAPHS,SMALLEST_LAST,14,1416,0.2155124653739612
bcsstk14,BEST_AVAILABLE_OF_5_LARGER_GRAPHS,SMALLEST_LAST,15,1417,0.2149584487534626
bcsstk14,BEST_AVAILABLE_OF_5_LARGER_GRAPHS,SMALLEST_LAST,17,1418,0.21440443213296398
bcsstk14,BEST_AVAILABLE_OF_5_LARGER_GRAPHS,SMALLEST_LAST,16,1419,0.21385041551246536
bcsstk14,BEST_AVAILABLE_OF_5_LARGER_GRAPHS,SMALLEST_LAST,1723,1420,0.21329639889196675
bcsstk14,BEST_AVAILABLE_OF_5_LARGER_GRAPHS,SMALLEST_LAST,1758,1421,0.21274238227146813
bcsstk14,BEST_AVAILABLE_OF_5_LARGER_GRAPHS,SMALLEST_LAST,1760,1422,0.21218836565096952
bcsstk14,BEST_AVAILABLE_OF_5_LARGER_GRAPHS,SMALLEST_LAST,1761,1423,0.2116343490304709
bcsstk14,BEST_AVAILABLE_OF_5_LARGER_GRAPHS,SMALLEST_LAST,1763,1424,0.2110803324099723
bcsstk14,BEST_AVAILABLE_OF_5_LARGER_GRAPHS,SMALLEST_LAST,1759,1425,0.21052631578947367
bcsstk14,BEST_AVAILABLE_OF_5_LARGER_GRAPHS,SMALLEST_LAST,1762,1426,0.20997229916897506
bcsstk14,BEST_AVAILABLE_OF_5_LARGER_GRAPHS,SMALLEST_LAST,1764,1427,0.20941828254847644
bcsstk14,BEST_AVAILABLE_OF_5_LARGER_GRAPHS,SMALLEST_LAST,1766,1428,0.20886426592797783
bcsstk14,BEST_AVAILABLE_OF_5_LARGER_GRAPHS,SMALLEST_LAST,1767,1429,0.2083102493074792
bcsstk14,BEST_AVAILABLE_OF_5_LARGER_GRAPHS,SMALLEST_LAST,1768,1430,0.2077562326869806
bcsstk14,BEST_AVAILABLE_OF_5_LARGER_GRAPHS,SMALLEST_LAST,1769,1431,0.20720221606648198
bcsstk14,BEST_AVAILABLE_OF_5_LARGER_GRAPHS,SMALLEST_LAST,1765,1432,0.20664819944598337
bcsstk14,BEST_AVAILABLE_OF_5_LARGER_GRAPHS,SMALLEST_LAST,1770,1433,0.20609418282548475
bcsstk14,BEST_AVAILABLE_OF_5_LARGER_GRAPHS,SMALLEST_LAST,1771,1434,0.20554016620498616
bcsstk14,BEST_AVAILABLE_OF_5_LARGER_GRAPHS,SMALLEST_LAST,1772,1435,0.20498614958448755
bcsstk14,BEST_AVAILABLE_OF_5_LARGER_GRAPHS,SMALLEST_LAST,1773,1436,0.20443213296398893
bcsstk14,BEST_AVAILABLE_OF_5_LARGER_GRAPHS,SMALLEST_LAST,1775,1437,0.20387811634349032
bcsstk14,BEST_AVAILABLE_OF_5_LARGER_GRAPHS,SMALLEST_LAST,1788,1438,0.2033240997229917
bcsstk14,BEST_AVAILABLE_OF_5_LARGER_GRAPHS,SMALLEST_LAST,1790,1439,0.2027700831024931
bcsstk14,BEST_AVAILABLE_OF_5_LARGER_GRAPHS,SMALLEST_LAST,1791,1440,0.20221606648199447
bcsstk14,BEST_AVAILABLE_OF_5_LARGER_GRAPHS,SMALLEST_LAST,1793,1441,0.20166204986149586
bcsstk14,BEST_AVAILABLE_OF_5_LARGER_GRAPHS,SMALLEST_LAST,1789,1442,0.20110803324099724
bcsstk14,BEST_AVAILABLE_OF_5_LARGER_GRAPHS,SMALLEST_LAST,1710,1443,0.20055401662049863
bcsstk14,BEST_AVAILABLE_OF_5_LARGER_GRAPHS,SMALLEST_LAST,1712,1444,0.2
bcsstk14,BEST_AVAILABLE_OF_5_LARGER_GRAPHS,SMALLEST_LAST,1715,1445,0.1994459833795014
bcsstk14,BEST_AVAILABLE_OF_5_LARGER_GRAPHS,SMALLEST_LAST,1713,1446,0.19889196675900278
bcsstk14,BEST_AVAILABLE_OF_5_LARGER_GRAPHS,SMALLEST_LAST,1711,1447,0.19833795013850417
bcsstk14,BEST_AVAILABLE_OF_5_LARGER_GRAPHS,SMALLEST_LAST,1027,1448,0.19778393351800555
bcsstk14,BEST_AVAILABLE_OF_5_LARGER_GRAPHS,SMALLEST_LAST,1030,1449,0.19722991689750694
bcsstk14,BEST_AVAILABLE_OF_5_LARGER_GRAPHS,SMALLEST_LAST,894,1450,0.19667590027700832
bcsstk14,BEST_AVAILABLE_OF_5_LARGER_GRAPHS,SMALLEST_LAST,896,1451,0.1961218836565097
bcsstk14,BEST_AVAILABLE_OF_5_LARGER_GRAPHS,SMALLEST_LAST,895,1452,0.1955678670360111
bcsstk14,BEST_AVAILABLE_OF_5_LARGER_GRAPHS,SMALLEST_LAST,897,1453,0.19501385041551247
bcsstk14,BEST_AVAILABLE_OF_5_LARGER_GRAPHS,SMALLEST_LAST,898,1454,0.19445983379501386
bcsstk14,BEST_AVAILABLE_OF_5_LARGER_GRAPHS,SMALLEST_LAST,899,1455,0.19390581717451524
bcsstk14,BEST_AVAILABLE_OF_5_LARGER_GRAPHS,SMALLEST_LAST,1774,1456,0.19335180055401663
bcsstk14,BEST_AVAILABLE_OF_5_LARGER_GRAPHS,SMALLEST_LAST,13,1457,0.192797783933518
bcsstk14,BEST_AVAILABLE_OF_5_LARGER_GRAPHS,SMALLEST_LAST,684,1458,0.1922437673130194
bcsstk14,BEST_AVAILABLE_OF_5_LARGER_GRAPHS,SMALLEST_LAST,686,1459,0.19168975069252078
bcsstk14,BEST_AVAILABLE_OF_5_LARGER_GRAPHS,SMALLEST_LAST,687,1460,0.19113573407202217
bcsstk14,BEST_AVAILABLE_OF_5_LARGER_GRAPHS,SMALLEST_LAST,689,1461,0.19058171745152355
bcsstk14,BEST_AVAILABLE_OF_5_LARGER_GRAPHS,SMALLEST_LAST,685,1462,0.19002770083102494
bcsstk14,BEST_AVAILABLE_OF_5_LARGER_GRAPHS,SMALLEST_LAST,688,1463,0.18947368421052632
bcsstk14,BEST_AVAILABLE_OF_5_LARGER_GRAPHS,SMALLEST_LAST,534,1464,0.1889196675900277
bcsstk14,BEST_AVAILABLE_OF_5_LARGER_GRAPHS,SMALLEST_LAST,535,1465,0.1883656509695291
bcsstk14,BEST_AVAILABLE_OF_5_LARGER_GRAPHS,SMALLEST_LAST,536,1466,0.18781163434903048
bcsstk14,BEST_AVAILABLE_OF_5_LARGER_GRAPHS,SMALLEST_LAST,537,1467,0.18725761772853186
bcsstk14,BEST_AVAILABLE_OF_5_LARGER_GRAPHS,SMALLEST_LAST,539,1468,0.18670360110803325
bcsstk14,BEST_AVAILABLE_OF_5_LARGER_GRAPHS,SMALLEST_LAST,552,1469,0.18614958448753463
bcsstk14,BEST_AVAILABLE_OF_5_LARGER_GRAPHS,SMALLEST_LAST,554,1470,0.18559556786703602
bcsstk14,BEST_AVAILABLE_OF_5_LARGER_GRAPHS,SMALLEST_LAST,555,1471,0.1850415512465374
bcsstk14,BEST_AVAILABLE_OF_5_LARGER_GRAPHS,SMALLEST_LAST,557,1472,0.18448753462603878
bcsstk14,BEST_AVAILABLE_OF_5_LARGER_GRAPHS,SMALLEST_LAST,558,1473,0.18393351800554017
bcsstk14,BEST_AVAILABLE_OF_5_LARGER_GRAPHS,SMALLEST_LAST,559,1474,0.18337950138504155
bcsstk14,BEST_AVAILABLE_OF_5_LARGER_GRAPHS,SMALLEST_LAST,560,1475,0.18282548476454294
bcsstk14,BEST_AVAILABLE_OF_5_LARGER_GRAPHS,SMALLEST_LAST,561,1476,0.18227146814404432
bcsstk14,BEST_AVAILABLE_OF_5_LARGER_GRAPHS,SMALLEST_LAST,563,1477,0.1817174515235457
bcsstk14,BEST_AVAILABLE_OF_5_LARGER_GRAPHS,SMALLEST_LAST,562,1478,0.1811634349030471
bcsstk14,BEST_AVAILABLE_OF_5_LARGER_GRAPHS,SMALLEST_LAST,553,1479,0.18060941828254848
bcsstk14,BEST_AVAILABLE_OF_5_LARGER_GRAPHS,SMALLEST_LAST,1170,1480,0.18005540166204986
bcsstk14,BEST_AVAILABLE_OF_5_LARGER_GRAPHS,SMALLEST_LAST,1172,1481,0.17950138504155125
bcsstk14,BEST_AVAILABLE_OF_5_LARGER_GRAPHS,SMALLEST_LAST,1173,1482,0.17894736842105263
bcsstk14,BEST_AVAILABLE_OF_5_LARGER_GRAPHS,SMALLEST_LAST,1175,1483,0.17839335180055402
bcsstk14,BEST_AVAILABLE_OF_5_LARGER_GRAPHS,SMALLEST_LAST,1171,1484,0.1778393351800554
bcsstk14,BEST_AVAILABLE_OF_5_LARGER_GRAPHS,SMALLEST_LAST,1174,1485,0.1772853185595568
bcsstk14,BEST_AVAILABLE_OF_5_LARGER_GRAPHS,SMALLEST_LAST,1333,1486,0.17673130193905817
bcsstk14,BEST_AVAILABLE_OF_5_LARGER_GRAPHS,SMALLEST_LAST,1335,1487,0.17617728531855956
bcsstk14,BEST_AVAILABLE_OF_5_LARGER_GRAPHS,SMALLEST_LAST,1337,1488,0.17562326869806094
bcsstk14,BEST_AVAILABLE_OF_5_LARGER_GRAPHS,SMALLEST_LAST,1321,1489,0.17506925207756233
bcsstk14,BEST_AVAILABLE_OF_5_LARGER_GRAPHS,SMALLEST_LAST,1323,1490,0.1745152354570637
bcsstk14,BEST_AVAILABLE_OF_5_LARGER_GRAPHS,SMALLEST_LAST,1325,1491,0.1739612188365651
bcsstk14,BEST_AVAILABLE_OF_5_LARGER_GRAPHS,SMALLEST_LAST,1314,1492,0.17340720221606648
bcsstk14,BEST_AVAILABLE_OF_5_LARGER_GRAPHS,SMALLEST_LAST,1316,1493,0.17285318559556787
bcsstk14,BEST_AVAILABLE_OF_5_LARGER_GRAPHS,SMALLEST_LAST,1317,1494,0.17229916897506925
bcsstk14,BEST_AVAILABLE_OF_5_LARGER_GRAPHS,SMALLEST_LAST,1319,1495,0.17174515235457063
bcsstk14,BEST_AVAILABLE_OF_5_LARGER_GRAPHS,SMALLEST_LAST,1320,1496,0.17119113573407202
bcsstk14,BEST_AVAILABLE_OF_5_LARGER_GRAPHS,SMALLEST_LAST,1322,1497,0.1706371191135734
bcsstk14,BEST_AVAILABLE_OF_5_LARGER_GRAPHS,SMALLEST_LAST,1332,1498,0.1700831024930748
bcsstk14,BEST_AVAILABLE_OF_5_LARGER_GRAPHS,SMALLEST_LAST,1334,1499,0.16952908587257617
bcsstk14,BEST_AVAILABLE_OF_5_LARGER_GRAPHS,SMALLEST_LAST,1324,1500,0.16897506925207756
bcsstk14,BEST_AVAILABLE_OF_5_LARGER_GRAPHS,SMALLEST_LAST,1315,1501,0.16842105263157894
bcsstk14,BEST_AVAILABLE_OF_5_LARGER_GRAPHS,SMALLEST_LAST,1734,1502,0.16786703601108033
bcsstk14,BEST_AVAILABLE_OF_5_LARGER_GRAPHS,SMALLEST_LAST,1736,1503,0.1673130193905817
bcsstk14,BEST_AVAILABLE_OF_5_LARGER_GRAPHS,SMALLEST_LAST,1735,1504,0.1667590027700831
bcsstk14,BEST_AVAILABLE_OF_5_LARGER_GRAPHS,SMALLEST_LAST,1739,1505,0.16620498614958448
bcsstk14,BEST_AVAILABLE_OF_5_LARGER_GRAPHS,SMALLEST_LAST,1737,1506,0.16565096952908587
bcsstk14,BEST_AVAILABLE_OF_5_LARGER_GRAPHS,SMALLEST_LAST,1738,1507,0.16509695290858725
bcsstk14,BEST_AVAILABLE_OF_5_LARGER_GRAPHS,SMALLEST_LAST,1344,1508,0.16454293628808864
bcsstk14,BEST_AVAILABLE_OF_5_LARGER_GRAPHS,SMALLEST_LAST,1346,1509,0.16398891966759002
bcsstk14,BEST_AVAILABLE_OF_5_LARGER_GRAPHS,SMALLEST_LAST,1345,1510,0.1634349030470914
bcsstk14,BEST_AVAILABLE_OF_5_LARGER_GRAPHS,SMALLEST_LAST,1349,1511,0.1628808864265928
bcsstk14,BEST_AVAILABLE_OF_5_LARGER_GRAPHS,SMALLEST_LAST,1347,1512,0.16232686980609418
bcsstk14,BEST_AVAILABLE_OF_5_LARGER_GRAPHS,SMALLEST_LAST,538,1513,0.16177285318559556
bcsstk14,BEST_AVAILABLE_OF_5_LARGER_GRAPHS,SMALLEST_LAST,556,1514,0.16121883656509695
bcsstk14,BEST_AVAILABLE_OF_5_LARGER_GRAPHS,SMALLEST_LAST,1336,1515,0.16066481994459833
bcsstk14,BEST_AVAILABLE_OF_5_LARGER_GRAPHS,SMALLEST_LAST,1318,1516,0.16011080332409972
bcsstk14,BEST_AVAILABLE_OF_5_LARGER_GRAPHS,SMALLEST_LAST,392,1517,0.1595567867036011
bcsstk14,BEST_AVAILABLE_OF_5_LARGER_GRAPHS,SMALLEST_LAST,393,1518,0.15900277008310248
bcsstk14,BEST_AVAILABLE_OF_5_LARGER_GRAPHS,SMALLEST_LAST,390,1519,0.15844875346260387
bcsstk14,BEST_AVAILABLE_OF_5_LARGER_GRAPHS,SMALLEST_LAST,395,1520,0.15789473684210525
bcsstk14,BEST_AVAILABLE_OF_5_LARGER_GRAPHS,SMALLEST_LAST,394,1521,0.15734072022160664
bcsstk14,BEST_AVAILABLE_OF_5_LARGER_GRAPHS,SMALLEST_LAST,306,1522,0.15678670360110802
bcsstk14,BEST_AVAILABLE_OF_5_LARGER_GRAPHS,SMALLEST_LAST,311,1523,0.1562326869806094
bcsstk14,BEST_AVAILABLE_OF_5_LARGER_GRAPHS,SMALLEST_LAST,308,1524,0.1556786703601108
bcsstk14,BEST_AVAILABLE_OF_5_LARGER_GRAPHS,SMALLEST_LAST,310,1525,0.15512465373961218
bcsstk14,BEST_AVAILABLE_OF_5_LARGER_GRAPHS,SMALLEST_LAST,309,1526,0.15457063711911356
bcsstk14,BEST_AVAILABLE_OF_5_LARGER_GRAPHS,SMALLEST_LAST,1348,1527,0.15401662049861495
bcsstk14,BEST_AVAILABLE_OF_5_LARGER_GRAPHS,SMALLEST_LAST,1458,1528,0.15346260387811633
bcsstk14,BEST_AVAILABLE_OF_5_LARGER_GRAPHS,SMALLEST_LAST,1460,1529,0.15290858725761772
bcsstk14,BEST_AVAILABLE_OF_5_LARGER_GRAPHS,SMALLEST_LAST,1461,1530,0.1523545706371191
bcsstk14,BEST_AVAILABLE_OF_5_LARGER_GRAPHS,SMALLEST_LAST,1463,1531,0.1518005540166205
bcsstk14,BEST_AVAILABLE_OF_5_LARGER_GRAPHS,SMALLEST_LAST,1462,1532,0.15124653739612187
bcsstk14,BEST_AVAILABLE_OF_5_LARGER_GRAPHS,SMALLEST_LAST,1560,1533,0.15069252077562326
bcsstk14,BEST_AVAILABLE_OF_5_LARGER_GRAPHS,SMALLEST_LAST,1564,1534,0.15013850415512464
bcsstk14,BEST_AVAILABLE_OF_5_LARGER_GRAPHS,SMALLEST_LAST,1565,1535,0.14958448753462603
bcsstk14,BEST_AVAILABLE_OF_5_LARGER_GRAPHS,SMALLEST_LAST,1563,1536,0.1490304709141274
bcsstk14,BEST_AVAILABLE_OF_5_LARGER_GRAPHS,SMALLEST_LAST,1562,1537,0.1484764542936288
bcsstk14,BEST_AVAILABLE_OF_5_LARGER_GRAPHS,SMALLEST_LAST,958,1538,0.14792243767313018
bcsstk14,BEST_AVAILABLE_OF_5_LARGER_GRAPHS,SMALLEST_LAST,1080,1539,0.14736842105263157
bcsstk14,BEST_AVAILABLE_OF_5_LARGER_GRAPHS,SMALLEST_LAST,1082,1540,0.14681440443213298
bcsstk14,BEST_AVAILABLE_OF_5_LARGER_GRAPHS,SMALLEST_LAST,1083,1541,0.14626038781163436
bcsstk14,BEST_AVAILABLE_OF_5_LARGER_GRAPHS,SMALLEST_LAST,1085,1542,0.14570637119113575
bcsstk14,BEST_AVAILABLE_OF_5_LARGER_GRAPHS,SMALLEST_LAST,1084,1543,0.14515235457063713
bcsstk14,BEST_AVAILABLE_OF_5_LARGER_GRAPHS,SMALLEST_LAST,1232,1544,0.14459833795013852
bcsstk14,BEST_AVAILABLE_OF_5_LARGER_GRAPHS,SMALLEST_LAST,1233,1545,0.1440443213296399
bcsstk14,BEST_AVAILABLE_OF_5_LARGER_GRAPHS,SMALLEST_LAST,1234,1546,0.1434903047091413
bcsstk14,BEST_AVAILABLE_OF_5_LARGER_GRAPHS,SMALLEST_LAST,1230,1547,0.14293628808864267
bcsstk14,BEST_AVAILABLE_OF_5_LARGER_GRAPHS,SMALLEST_LAST,1235,1548,0.14238227146814406
bcsstk14,BEST_AVAILABLE_OF_5_LARGER_GRAPHS,SMALLEST_LAST,1382,1549,0.14182825484764544
bcsstk14,BEST_AVAILABLE_OF_5_LARGER_GRAPHS,SMALLEST_LAST,1383,1550,0.14127423822714683
bcsstk14,BEST_AVAILABLE_OF_5_LARGER_GRAPHS,SMALLEST_LAST,1385,1551,0.1407202216066482
bcsstk14,BEST_AVAILABLE_OF_5_LARGER_GRAPHS,SMALLEST_LAST,1478,1552,0.1401662049861496
bcsstk14,BEST_AVAILABLE_OF_5_LARGER_GRAPHS,SMALLEST_LAST,1479,1553,0.13961218836565098
bcsstk14,BEST_AVAILABLE_OF_5_LARGER_GRAPHS,SMALLEST_LAST,1481,1554,0.13905817174515236
bcsstk14,BEST_AVAILABLE_OF_5_LARGER_GRAPHS,SMALLEST_LAST,1477,1555,0.13850415512465375
bcsstk14,BEST_AVAILABLE_OF_5_LARGER_GRAPHS,SMALLEST_LAST,1714,1556,0.13795013850415513
bcsstk14,BEST_AVAILABLE_OF_5_LARGER_GRAPHS,SMALLEST_LAST,1706,1557,0.13739612188365652
bcsstk14,BEST_AVAILABLE_OF_5_LARGER_GRAPHS,SMALLEST_LAST,1707,1558,0.1368421052631579
bcsstk14,BEST_AVAILABLE_OF_5_LARGER_GRAPHS,SMALLEST_LAST,1709,1559,0.1362880886426593
bcsstk14,BEST_AVAILABLE_OF_5_LARGER_GRAPHS,SMALLEST_LAST,1708,1560,0.13573407202216067
bcsstk14,BEST_AVAILABLE_OF_5_LARGER_GRAPHS,SMALLEST_LAST,1652,1561,0.13518005540166206
bcsstk14,BEST_AVAILABLE_OF_5_LARGER_GRAPHS,SMALLEST_LAST,1653,1562,0.13462603878116344
bcsstk14,BEST_AVAILABLE_OF_5_LARGER_GRAPHS,SMALLEST_LAST,1654,1563,0.13407202216066483
bcsstk14,BEST_AVAILABLE_OF_5_LARGER_GRAPHS,SMALLEST_LAST,1574,1564,0.1335180055401662
bcsstk14,BEST_AVAILABLE_OF_5_LARGER_GRAPHS,SMALLEST_LAST,1575,1565,0.1329639889196676
bcsstk14,BEST_AVAILABLE_OF_5_LARGER_GRAPHS,SMALLEST_LAST,1650,1566,0.13240997229916898
bcsstk14,BEST_AVAILABLE_OF_5_LARGER_GRAPHS,SMALLEST_LAST,1655,1567,0.13185595567867037
bcsstk14,BEST_AVAILABLE_OF_5_LARGER_GRAPHS,SMALLEST_LAST,1577,1568,0.13130193905817175
bcsstk14,BEST_AVAILABLE_OF_5_LARGER_GRAPHS,SMALLEST_LAST,1576,1569,0.13074792243767314
bcsstk14,BEST_AVAILABLE_OF_5_LARGER_GRAPHS,SMALLEST_LAST,1476,1570,0.13019390581717452
bcsstk14,BEST_AVAILABLE_OF_5_LARGER_GRAPHS,SMALLEST_LAST,1480,1571,0.1296398891966759
bcsstk14,BEST_AVAILABLE_OF_5_LARGER_GRAPHS,SMALLEST_LAST,1384,1572,0.1290858725761773
bcsstk14,BEST_AVAILABLE_OF_5_LARGER_GRAPHS,SMALLEST_LAST,1231,1573,0.12853185595567868
bcsstk14,BEST_AVAILABLE_OF_5_LARGER_GRAPHS,SMALLEST_LAST,1746,1574,0.12797783933518006
bcsstk14,BEST_AVAILABLE_OF_5_LARGER_GRAPHS,SMALLEST_LAST,1749,1575,0.12742382271468145
bcsstk14,BEST_AVAILABLE_OF_5_LARGER_GRAPHS,SMALLEST_LAST,1751,1576,0.12686980609418283
bcsstk14,BEST_AVAILABLE_OF_5_LARGER_GRAPHS,SMALLEST_LAST,1750,1577,0.12631578947368421
bcsstk14,BEST_AVAILABLE_OF_5_LARGER_GRAPHS,SMALLEST_LAST,1698,1578,0.1257617728531856
bcsstk14,BEST_AVAILABLE_OF_5_LARGER_GRAPHS,SMALLEST_LAST,1702,1579,0.12520775623268698
bcsstk14,BEST_AVAILABLE_OF_5_LARGER_GRAPHS,SMALLEST_LAST,1703,1580,0.12465373961218837
bcsstk14,BEST_AVAILABLE_OF_5_LARGER_GRAPHS,SMALLEST_LAST,1548,1581,0.12409972299168975
bcsstk14,BEST_AVAILABLE_OF_5_LARGER_GRAPHS,SMALLEST_LAST,1644,1582,0.12354570637119114
bcsstk14,BEST_AVAILABLE_OF_5_LARGER_GRAPHS,SMALLEST_LAST,1648,1583,0.12299168975069252
bcsstk14,BEST_AVAILABLE_OF_5_LARGER_GRAPHS,SMALLEST_LAST,1649,1584,0.12243767313019391
bcsstk14,BEST_AVAILABLE_OF_5_LARGER_GRAPHS,SMALLEST_LAST,1700,1585,0.12188365650969529
bcsstk14,BEST_AVAILABLE_OF_5_LARGER_GRAPHS,SMALLEST_LAST,1701,1586,0.12132963988919668
bcsstk14,BEST_AVAILABLE_OF_5_LARGER_GRAPHS,SMALLEST_LAST,1647,1587,0.12077562326869806
bcsstk14,BEST_AVAILABLE_OF_5_LARGER_GRAPHS,SMALLEST_LAST,1551,1588,0.12022160664819945
bcsstk14,BEST_AVAILABLE_OF_5_LARGER_GRAPHS,SMALLEST_LAST,1553,1589,0.11966759002770083
bcsstk14,BEST_AVAILABLE_OF_5_LARGER_GRAPHS,SMALLEST_LAST,1549,1590,0.11911357340720222
bcsstk14,BEST_AVAILABLE_OF_5_LARGER_GRAPHS,SMALLEST_LAST,1561,1591,0.1185595567867036
bcsstk14,BEST_AVAILABLE_OF_5_LARGER_GRAPHS,SMALLEST_LAST,1569,1592,0.11800554016620499
bcsstk14,BEST_AVAILABLE_OF_5_LARGER_GRAPHS,SMALLEST_LAST,1566,1593,0.11745152354570637
bcsstk14,BEST_AVAILABLE_OF_5_LARGER_GRAPHS,SMALLEST_LAST,1571,1594,0.11689750692520776
bcsstk14,BEST_AVAILABLE_OF_5_LARGER_GRAPHS,SMALLEST_LAST,1550,1595,0.11634349030470914
bcsstk14,BEST_AVAILABLE_OF_5_LARGER_GRAPHS,SMALLEST_LAST,1570,1596,0.11578947368421053
bcsstk14,BEST_AVAILABLE_OF_5_LARGER_GRAPHS,SMALLEST_LAST,1552,1597,0.11523545706371191
bcsstk14,BEST_AVAILABLE_OF_5_LARGER_GRAPHS,SMALLEST_LAST,26,1598,0.1146814404432133
bcsstk14,BEST_AVAILABLE_OF_5_LARGER_GRAPHS,SMALLEST_LAST,27,1599,0.11412742382271468
bcsstk14,BEST_AVAILABLE_OF_5_LARGER_GRAPHS,SMALLEST_LAST,24,1600,0.11357340720221606
bcsstk14,BEST_AVAILABLE_OF_5_LARGER_GRAPHS,SMALLEST_LAST,29,1601,0.11301939058171745
bcsstk14,BEST_AVAILABLE_OF_5_LARGER_GRAPHS,SMALLEST_LAST,58,1602,0.11246537396121883
bcsstk14,BEST_AVAILABLE_OF_5_LARGER_GRAPHS,SMALLEST_LAST,28,1603,0.11191135734072022
bcsstk14,BEST_AVAILABLE_OF_5_LARGER_GRAPHS,SMALLEST_LAST,6,1604,0.1113573407202216
bcsstk14,BEST_AVAILABLE_OF_5_LARGER_GRAPHS,SMALLEST_LAST,10,1605,0.11080332409972299
bcsstk14,BEST_AVAILABLE_OF_5_LARGER_GRAPHS,SMALLEST_LAST,11,1606,0.11024930747922437
bcsstk14,BEST_AVAILABLE_OF_5_LARGER_GRAPHS,SMALLEST_LAST,9,1607,0.10969529085872576
bcsstk14,BEST_AVAILABLE_OF_5_LARGER_GRAPHS,SMALLEST_LAST,8,1608,0.10914127423822714
bcsstk14,BEST_AVAILABLE_OF_5_LARGER_GRAPHS,SMALLEST_LAST,828,1609,0.10858725761772853
bcsstk14,BEST_AVAILABLE_OF_5_LARGER_GRAPHS,SMALLEST_LAST,830,1610,0.10803324099722991
bcsstk14,BEST_AVAILABLE_OF_5_LARGER_GRAPHS,SMALLEST_LAST,831,1611,0.1074792243767313
bcsstk14,BEST_AVAILABLE_OF_5_LARGER_GRAPHS,SMALLEST_LAST,833,1612,0.10692520775623268
bcsstk14,BEST_AVAILABLE_OF_5_LARGER_GRAPHS,SMALLEST_LAST,832,1613,0.10637119113573407
bcsstk14,BEST_AVAILABLE_OF_5_LARGER_GRAPHS,SMALLEST_LAST,680,1614,0.10581717451523545
bcsstk14,BEST_AVAILABLE_OF_5_LARGER_GRAPHS,SMALLEST_LAST,681,1615,0.10526315789473684
bcsstk14,BEST_AVAILABLE_OF_5_LARGER_GRAPHS,SMALLEST_LAST,678,1616,0.10470914127423822
bcsstk14,BEST_AVAILABLE_OF_5_LARGER_GRAPHS,SMALLEST_LAST,683,1617,0.1041551246537396
bcsstk14,BEST_AVAILABLE_OF_5_LARGER_GRAPHS,SMALLEST_LAST,682,1618,0.10360110803324099
bcsstk14,BEST_AVAILABLE_OF_5_LARGER_GRAPHS,SMALLEST_LAST,520,1619,0.10304709141274238
bcsstk14,BEST_AVAILABLE_OF_5_LARGER_GRAPHS,SMALLEST_LAST,408,1620,0.10249307479224377
bcsstk14,BEST_AVAILABLE_OF_5_LARGER_GRAPHS,SMALLEST_LAST,410,1621,0.10193905817174516
bcsstk14,BEST_AVAILABLE_OF_5_LARGER_GRAPHS,SMALLEST_LAST,411,1622,0.10138504155124654
bcsstk14,BEST_AVAILABLE_OF_5_LARGER_GRAPHS,SMALLEST_LAST,413,1623,0.10083102493074793
bcsstk14,BEST_AVAILABLE_OF_5_LARGER_GRAPHS,SMALLEST_LAST,412,1624,0.10027700831024931
bcsstk14,BEST_AVAILABLE_OF_5_LARGER_GRAPHS,SMALLEST_LAST,414,1625,0.0997229916897507
bcsstk14,BEST_AVAILABLE_OF_5_LARGER_GRAPHS,SMALLEST_LAST,418,1626,0.09916897506925208
bcsstk14,BEST_AVAILABLE_OF_5_LARGER_GRAPHS,SMALLEST_LAST,419,1627,0.09861495844875347
bcsstk14,BEST_AVAILABLE_OF_5_LARGER_GRAPHS,SMALLEST_LAST,417,1628,0.09806094182825485
bcsstk14,BEST_AVAILABLE_OF_5_LARGER_GRAPHS,SMALLEST_LAST,416,1629,0.09750692520775624
bcsstk14,BEST_AVAILABLE_OF_5_LARGER_GRAPHS,SMALLEST_LAST,1020,1630,0.09695290858725762
bcsstk14,BEST_AVAILABLE_OF_5_LARGER_GRAPHS,SMALLEST_LAST,1022,1631,0.096398891966759
bcsstk14,BEST_AVAILABLE_OF_5_LARGER_GRAPHS,SMALLEST_LAST,1023,1632,0.09584487534626039
bcsstk14,BEST_AVAILABLE_OF_5_LARGER_GRAPHS,SMALLEST_LAST,1025,1633,0.09529085872576178
bcsstk14,BEST_AVAILABLE_OF_5_LARGER_GRAPHS,SMALLEST_LAST,1024,1634,0.09473684210526316
bcsstk14,BEST_AVAILABLE_OF_5_LARGER_GRAPHS,SMALLEST_LAST,1166,1635,0.09418282548476455
bcsstk14,BEST_AVAILABLE_OF_5_LARGER_GRAPHS,SMALLEST_LAST,1167,1636,0.09362880886426593
bcsstk14,BEST_AVAILABLE_OF_5_LARGER_GRAPHS,SMALLEST_LAST,1164,1637,0.09307479224376732
bcsstk14,BEST_AVAILABLE_OF_5_LARGER_GRAPHS,SMALLEST_LAST,1169,1638,0.0925207756232687
bcsstk14,BEST_AVAILABLE_OF_5_LARGER_GRAPHS,SMALLEST_LAST,1168,1639,0.09196675900277008
bcsstk14,BEST_AVAILABLE_OF_5_LARGER_GRAPHS,SMALLEST_LAST,1440,1640,0.09141274238227147
bcsstk14,BEST_AVAILABLE_OF_5_LARGER_GRAPHS,SMALLEST_LAST,1442,1641,0.09085872576177285
bcsstk14,BEST_AVAILABLE_OF_5_LARGER_GRAPHS,SMALLEST_LAST,1443,1642,0.09030470914127424
bcsstk14,BEST_AVAILABLE_OF_5_LARGER_GRAPHS,SMALLEST_LAST,1445,1643,0.08975069252077562
bcsstk14,BEST_AVAILABLE_OF_5_LARGER_GRAPHS,SMALLEST_LAST,1444,1644,0.08919667590027701
bcsstk14,BEST_AVAILABLE_OF_5_LARGER_GRAPHS,SMALLEST_LAST,1434,1645,0.0886426592797784
bcsstk14,BEST_AVAILABLE_OF_5_LARGER_GRAPHS,SMALLEST_LAST,1438,1646,0.08808864265927978
bcsstk14,BEST_AVAILABLE_OF_5_LARGER_GRAPHS,SMALLEST_LAST,1439,1647,0.08753462603878116
bcsstk14,BEST_AVAILABLE_OF_5_LARGER_GRAPHS,SMALLEST_LAST,1437,1648,0.08698060941828255
bcsstk14,BEST_AVAILABLE_OF_5_LARGER_GRAPHS,SMALLEST_LAST,1436,1649,0.08642659279778393
bcsstk14,BEST_AVAILABLE_OF_5_LARGER_GRAPHS,SMALLEST_LAST,1752,1650,0.08587257617728532
bcsstk14,BEST_AVAILABLE_OF_5_LARGER_GRAPHS,SMALLEST_LAST,1754,1651,0.0853185595567867
bcsstk14,BEST_AVAILABLE_OF_5_LARGER_GRAPHS,SMALLEST_LAST,1755,1652,0.08476454293628809
bcsstk14,BEST_AVAILABLE_OF_5_LARGER_GRAPHS,SMALLEST_LAST,1757,1653,0.08421052631578947
bcsstk14,BEST_AVAILABLE_OF_5_LARGER_GRAPHS,SMALLEST_LAST,1756,1654,0.08365650969529086
bcsstk14,BEST_AVAILABLE_OF_5_LARGER_GRAPHS,SMALLEST_LAST,1792,1655,0.08310249307479224
bcsstk14,BEST_AVAILABLE_OF_5_LARGER_GRAPHS,SMALLEST_LAST,1784,1656,0.08254847645429363
bcsstk14,BEST_AVAILABLE_OF_5_LARGER_GRAPHS,SMALLEST_LAST,1785,1657,0.08199445983379501
bcsstk14,BEST_AVAILABLE_OF_5_LARGER_GRAPHS,SMALLEST_LAST,1782,1658,0.0814404432132964
bcsstk14,BEST_AVAILABLE_OF_5_LARGER_GRAPHS,SMALLEST_LAST,1787,1659,0.08088642659279778
bcsstk14,BEST_AVAILABLE_OF_5_LARGER_GRAPHS,SMALLEST_LAST,1786,1660,0.08033240997229917
bcsstk14,BEST_AVAILABLE_OF_5_LARGER_GRAPHS,SMALLEST_LAST,1776,1661,0.07977839335180055
bcsstk14,BEST_AVAILABLE_OF_5_LARGER_GRAPHS,SMALLEST_LAST,1778,1662,0.07922437673130193
bcsstk14,BEST_AVAILABLE_OF_5_LARGER_GRAPHS,SMALLEST_LAST,1779,1663,0.07867036011080332
bcsstk14,BEST_AVAILABLE_OF_5_LARGER_GRAPHS,SMALLEST_LAST,1781,1664,0.0781163434903047
bcsstk14,BEST_AVAILABLE_OF_5_LARGER_GRAPHS,SMALLEST_LAST,1780,1665,0.07756232686980609
bcsstk14,BEST_AVAILABLE_OF_5_LARGER_GRAPHS,SMALLEST_LAST,1794,1666,0.07700831024930747
bcsstk14,BEST_AVAILABLE_OF_5_LARGER_GRAPHS,SMALLEST_LAST,1798,1667,0.07645429362880886
bcsstk14,BEST_AVAILABLE_OF_5_LARGER_GRAPHS,SMALLEST_LAST,1799,1668,0.07590027700831024
bcsstk14,BEST_AVAILABLE_OF_5_LARGER_GRAPHS,SMALLEST_LAST,1797,1669,0.07534626038781163
bcsstk14,BEST_AVAILABLE_OF_5_LARGER_GRAPHS,SMALLEST_LAST,1796,1670,0.07479224376731301
bcsstk14,BEST_AVAILABLE_OF_5_LARGER_GRAPHS,SMALLEST_LAST,750,1671,0.0742382271468144
bcsstk14,BEST_AVAILABLE_OF_5_LARGER_GRAPHS,SMALLEST_LAST,752,1672,0.07368421052631578
bcsstk14,BEST_AVAILABLE_OF_5_LARGER_GRAPHS,SMALLEST_LAST,753,1673,0.07313019390581718
bcsstk14,BEST_AVAILABLE_OF_5_LARGER_GRAPHS,SMALLEST_LAST,755,1674,0.07257617728531857
bcsstk14,BEST_AVAILABLE_OF_5_LARGER_GRAPHS,SMALLEST_LAST,754,1675,0.07202216066481995
bcsstk14,BEST_AVAILABLE_OF_5_LARGER_GRAPHS,SMALLEST_LAST,608,1676,0.07146814404432134
bcsstk14,BEST_AVAILABLE_OF_5_LARGER_GRAPHS,SMALLEST_LAST,609,1677,0.07091412742382272
bcsstk14,BEST_AVAILABLE_OF_5_LARGER_GRAPHS,SMALLEST_LAST,610,1678,0.0703601108033241
bcsstk14,BEST_AVAILABLE_OF_5_LARGER_GRAPHS,SMALLEST_LAST,606,1679,0.06980609418282549
bcsstk14,BEST_AVAILABLE_OF_5_LARGER_GRAPHS,SMALLEST_LAST,611,1680,0.06925207756232687
bcsstk14,BEST_AVAILABLE_OF_5_LARGER_GRAPHS,SMALLEST_LAST,607,1681,0.06869806094182826
bcsstk14,BEST_AVAILABLE_OF_5_LARGER_GRAPHS,SMALLEST_LAST,347,1682,0.06814404432132964
bcsstk14,BEST_AVAILABLE_OF_5_LARGER_GRAPHS,SMALLEST_LAST,344,1683,0.06759002770083103
bcsstk14,BEST_AVAILABLE_OF_5_LARGER_GRAPHS,SMALLEST_LAST,470,1684,0.06703601108033241
bcsstk14,BEST_AVAILABLE_OF_5_LARGER_GRAPHS,SMALLEST_LAST,473,1685,0.0664819944598338
bcsstk14,BEST_AVAILABLE_OF_5_LARGER_GRAPHS,SMALLEST_LAST,471,1686,0.06592797783933518
bcsstk14,BEST_AVAILABLE_OF_5_LARGER_GRAPHS,SMALLEST_LAST,345,1687,0.06537396121883657
bcsstk14,BEST_AVAILABLE_OF_5_LARGER_GRAPHS,SMALLEST_LAST,116,1688,0.06481994459833795
bcsstk14,BEST_AVAILABLE_OF_5_LARGER_GRAPHS,SMALLEST_LAST,117,1689,0.06426592797783934
bcsstk14,BEST_AVAILABLE_OF_5_LARGER_GRAPHS,SMALLEST_LAST,119,1690,0.06371191135734072
bcsstk14,BEST_AVAILABLE_OF_5_LARGER_GRAPHS,SMALLEST_LAST,118,1691,0.06315789473684211
bcsstk14,BEST_AVAILABLE_OF_5_LARGER_GRAPHS,SMALLEST_LAST,176,1692,0.06260387811634349
bcsstk14,BEST_AVAILABLE_OF_5_LARGER_GRAPHS,SMALLEST_LAST,177,1693,0.06204986149584488
bcsstk14,BEST_AVAILABLE_OF_5_LARGER_GRAPHS,SMALLEST_LAST,178,1694,0.06149584487534626
bcsstk14,BEST_AVAILABLE_OF_5_LARGER_GRAPHS,SMALLEST_LAST,248,1695,0.060941828254847646
bcsstk14,BEST_AVAILABLE_OF_5_LARGER_GRAPHS,SMALLEST_LAST,249,1696,0.06038781163434903
bcsstk14,BEST_AVAILABLE_OF_5_LARGER_GRAPHS,SMALLEST_LAST,250,1697,0.059833795013850416
bcsstk14,BEST_AVAILABLE_OF_5_LARGER_GRAPHS,SMALLEST_LAST,342,1698,0.0592797783933518
bcsstk14,BEST_AVAILABLE_OF_5_LARGER_GRAPHS,SMALLEST_LAST,472,1699,0.058725761772853186
bcsstk14,BEST_AVAILABLE_OF_5_LARGER_GRAPHS,SMALLEST_LAST,346,1700,0.05817174515235457
bcsstk14,BEST_AVAILABLE_OF_5_LARGER_GRAPHS,SMALLEST_LAST,343,1701,0.057617728531855955
bcsstk14,BEST_AVAILABLE_OF_5_LARGER_GRAPHS,SMALLEST_LAST,251,1702,0.05706371191135734
bcsstk14,BEST_AVAILABLE_OF_5_LARGER_GRAPHS,SMALLEST_LAST,174,1703,0.056509695290858725
bcsstk14,BEST_AVAILABLE_OF_5_LARGER_GRAPHS,SMALLEST_LAST,179,1704,0.05595567867036011
bcsstk14,BEST_AVAILABLE_OF_5_LARGER_GRAPHS,SMALLEST_LAST,84,1705,0.055401662049861494
bcsstk14,BEST_AVAILABLE_OF_5_LARGER_GRAPHS,SMALLEST_LAST,87,1706,0.05484764542936288
bcsstk14,BEST_AVAILABLE_OF_5_LARGER_GRAPHS,SMALLEST_LAST,89,1707,0.054293628808864264
bcsstk14,BEST_AVAILABLE_OF_5_LARGER_GRAPHS,SMALLEST_LAST,88,1708,0.05373961218836565
bcsstk14,BEST_AVAILABLE_OF_5_LARGER_GRAPHS,SMALLEST_LAST,132,1709,0.05318559556786703
bcsstk14,BEST_AVAILABLE_OF_5_LARGER_GRAPHS,SMALLEST_LAST,136,1710,0.05263157894736842
bcsstk14,BEST_AVAILABLE_OF_5_LARGER_GRAPHS,SMALLEST_LAST,137,1711,0.0520775623268698
bcsstk14,BEST_AVAILABLE_OF_5_LARGER_GRAPHS,SMALLEST_LAST,198,1712,0.05152354570637119
bcsstk14,BEST_AVAILABLE_OF_5_LARGER_GRAPHS,SMALLEST_LAST,203,1713,0.05096952908587258
bcsstk14,BEST_AVAILABLE_OF_5_LARGER_GRAPHS,SMALLEST_LAST,202,1714,0.050415512465373964
bcsstk14,BEST_AVAILABLE_OF_5_LARGER_GRAPHS,SMALLEST_LAST,276,1715,0.04986149584487535
bcsstk14,BEST_AVAILABLE_OF_5_LARGER_GRAPHS,SMALLEST_LAST,281,1716,0.049307479224376734
bcsstk14,BEST_AVAILABLE_OF_5_LARGER_GRAPHS,SMALLEST_LAST,300,1717,0.04875346260387812
bcsstk14,BEST_AVAILABLE_OF_5_LARGER_GRAPHS,SMALLEST_LAST,305,1718,0.0481994459833795
bcsstk14,BEST_AVAILABLE_OF_5_LARGER_GRAPHS,SMALLEST_LAST,307,1719,0.04764542936288089
bcsstk14,BEST_AVAILABLE_OF_5_LARGER_GRAPHS,SMALLEST_LAST,303,1720,0.04709141274238227
bcsstk14,BEST_AVAILABLE_OF_5_LARGER_GRAPHS,SMALLEST_LAST,279,1721,0.04653739612188366
bcsstk14,BEST_AVAILABLE_OF_5_LARGER_GRAPHS,SMALLEST_LAST,278,1722,0.04598337950138504
bcsstk14,BEST_AVAILABLE_OF_5_LARGER_GRAPHS,SMALLEST_LAST,304,1723,0.04542936288088643
bcsstk14,BEST_AVAILABLE_OF_5_LARGER_GRAPHS,SMALLEST_LAST,280,1724,0.04487534626038781
bcsstk14,BEST_AVAILABLE_OF_5_LARGER_GRAPHS,SMALLEST_LAST,277,1725,0.0443213296398892
bcsstk14,BEST_AVAILABLE_OF_5_LARGER_GRAPHS,SMALLEST_LAST,201,1726,0.04376731301939058
bcsstk14,BEST_AVAILABLE_OF_5_LARGER_GRAPHS,SMALLEST_LAST,134,1727,0.043213296398891966
bcsstk14,BEST_AVAILABLE_OF_5_LARGER_GRAPHS,SMALLEST_LAST,135,1728,0.04265927977839335
bcsstk14,BEST_AVAILABLE_OF_5_LARGER_GRAPHS,SMALLEST_LAST,133,1729,0.042105263157894736
bcsstk14,BEST_AVAILABLE_OF_5_LARGER_GRAPHS,SMALLEST_LAST,175,1730,0.04155124653739612
bcsstk14,BEST_AVAILABLE_OF_5_LARGER_GRAPHS,SMALLEST_LAST,1651,1731,0.040997229916897505
bcsstk14,BEST_AVAILABLE_OF_5_LARGER_GRAPHS,SMALLEST_LAST,1699,1732,0.04044321329639889
bcsstk14,BEST_AVAILABLE_OF_5_LARGER_GRAPHS,SMALLEST_LAST,1795,1733,0.039889196675900275
bcsstk14,BEST_AVAILABLE_OF_5_LARGER_GRAPHS,SMALLEST_LAST,1783,1734,0.03933518005540166
bcsstk14,BEST_AVAILABLE_OF_5_LARGER_GRAPHS,SMALLEST_LAST,1435,1735,0.038781163434903045
bcsstk14,BEST_AVAILABLE_OF_5_LARGER_GRAPHS,SMALLEST_LAST,1165,1736,0.03822714681440443
bcsstk14,BEST_AVAILABLE_OF_5_LARGER_GRAPHS,SMALLEST_LAST,415,1737,0.037673130193905814
bcsstk14,BEST_AVAILABLE_OF_5_LARGER_GRAPHS,SMALLEST_LAST,679,1738,0.0371191135734072
bcsstk14,BEST_AVAILABLE_OF_5_LARGER_GRAPHS,SMALLEST_LAST,7,1739,0.03656509695290859
bcsstk14,BEST_AVAILABLE_OF_5_LARGER_GRAPHS,SMALLEST_LAST,0,1740,0.036011080332409975
bcsstk14,BEST_AVAILABLE_OF_5_LARGER_GRAPHS,SMALLEST_LAST,2,1741,0.03545706371191136
bcsstk14,BEST_AVAILABLE_OF_5_LARGER_GRAPHS,SMALLEST_LAST,3,1742,0.034903047091412745
bcsstk14,BEST_AVAILABLE_OF_5_LARGER_GRAPHS,SMALLEST_LAST,5,1743,0.03434903047091413
bcsstk14,BEST_AVAILABLE_OF_5_LARGER_GRAPHS,SMALLEST_LAST,4,1744,0.033795013850415515
bcsstk14,BEST_AVAILABLE_OF_5_LARGER_GRAPHS,SMALLEST_LAST,546,1745,0.0332409972299169
bcsstk14,BEST_AVAILABLE_OF_5_LARGER_GRAPHS,SMALLEST_LAST,548,1746,0.032686980609418284
bcsstk14,BEST_AVAILABLE_OF_5_LARGER_GRAPHS,SMALLEST_LAST,549,1747,0.03213296398891967
bcsstk14,BEST_AVAILABLE_OF_5_LARGER_GRAPHS,SMALLEST_LAST,551,1748,0.031578947368421054
bcsstk14,BEST_AVAILABLE_OF_5_LARGER_GRAPHS,SMALLEST_LAST,550,1749,0.03102493074792244
bcsstk14,BEST_AVAILABLE_OF_5_LARGER_GRAPHS,SMALLEST_LAST,1308,1750,0.030470914127423823
bcsstk14,BEST_AVAILABLE_OF_5_LARGER_GRAPHS,SMALLEST_LAST,1310,1751,0.029916897506925208
bcsstk14,BEST_AVAILABLE_OF_5_LARGER_GRAPHS,SMALLEST_LAST,1311,1752,0.029362880886426593
bcsstk14,BEST_AVAILABLE_OF_5_LARGER_GRAPHS,SMALLEST_LAST,1313,1753,0.028808864265927978
bcsstk14,BEST_AVAILABLE_OF_5_LARGER_GRAPHS,SMALLEST_LAST,1312,1754,0.028254847645429362
bcsstk14,BEST_AVAILABLE_OF_5_LARGER_GRAPHS,SMALLEST_LAST,1800,1755,0.027700831024930747
bcsstk14,BEST_AVAILABLE_OF_5_LARGER_GRAPHS,SMALLEST_LAST,1802,1756,0.027146814404432132
bcsstk14,BEST_AVAILABLE_OF_5_LARGER_GRAPHS,SMALLEST_LAST,1803,1757,0.026592797783933517
bcsstk14,BEST_AVAILABLE_OF_5_LARGER_GRAPHS,SMALLEST_LAST,1805,1758,0.0260387811634349
bcsstk14,BEST_AVAILABLE_OF_5_LARGER_GRAPHS,SMALLEST_LAST,1804,1759,0.02548476454293629
bcsstk14,BEST_AVAILABLE_OF_5_LARGER_GRAPHS,SMALLEST_LAST,852,1760,0.024930747922437674
bcsstk14,BEST_AVAILABLE_OF_5_LARGER_GRAPHS,SMALLEST_LAST,856,1761,0.02437673130193906
bcsstk14,BEST_AVAILABLE_OF_5_LARGER_GRAPHS,SMALLEST_LAST,854,1762,0.023822714681440444
bcsstk14,BEST_AVAILABLE_OF_5_LARGER_GRAPHS,SMALLEST_LAST,853,1763,0.02326869806094183
bcsstk14,BEST_AVAILABLE_OF_5_LARGER_GRAPHS,SMALLEST_LAST,855,1764,0.022714681440443214
bcsstk14,BEST_AVAILABLE_OF_5_LARGER_GRAPHS,SMALLEST_LAST,857,1765,0.0221606648199446
bcsstk14,BEST_AVAILABLE_OF_5_LARGER_GRAPHS,SMALLEST_LAST,1,1766,0.021606648199445983
bcsstk14,BEST_AVAILABLE_OF_5_LARGER_GRAPHS,SMALLEST_LAST,25,1767,0.021052631578947368
bcsstk14,BEST_AVAILABLE_OF_5_LARGER_GRAPHS,SMALLEST_LAST,37,1768,0.020498614958448753
bcsstk14,BEST_AVAILABLE_OF_5_LARGER_GRAPHS,SMALLEST_LAST,85,1769,0.019944598337950138
bcsstk14,BEST_AVAILABLE_OF_5_LARGER_GRAPHS,SMALLEST_LAST,86,1770,0.019390581717451522
bcsstk14,BEST_AVAILABLE_OF_5_LARGER_GRAPHS,SMALLEST_LAST,114,1771,0.018836565096952907
bcsstk14,BEST_AVAILABLE_OF_5_LARGER_GRAPHS,SMALLEST_LAST,115,1772,0.018282548476454295
bcsstk14,BEST_AVAILABLE_OF_5_LARGER_GRAPHS,SMALLEST_LAST,199,1773,0.01772853185595568
bcsstk14,BEST_AVAILABLE_OF_5_LARGER_GRAPHS,SMALLEST_LAST,200,1774,0.017174515235457065
bcsstk14,BEST_AVAILABLE_OF_5_LARGER_GRAPHS,SMALLEST_LAST,246,1775,0.01662049861495845
bcsstk14,BEST_AVAILABLE_OF_5_LARGER_GRAPHS,SMALLEST_LAST,247,1776,0.016066481994459834
bcsstk14,BEST_AVAILABLE_OF_5_LARGER_GRAPHS,SMALLEST_LAST,301,1777,0.01551246537396122
bcsstk14,BEST_AVAILABLE_OF_5_LARGER_GRAPHS,SMALLEST_LAST,302,1778,0.014958448753462604
bcsstk14,BEST_AVAILABLE_OF_5_LARGER_GRAPHS,SMALLEST_LAST,391,1779,0.014404432132963989
bcsstk14,BEST_AVAILABLE_OF_5_LARGER_GRAPHS,SMALLEST_LAST,409,1780,0.013850415512465374
bcsstk14,BEST_AVAILABLE_OF_5_LARGER_GRAPHS,SMALLEST_LAST,468,1781,0.013296398891966758
bcsstk14,BEST_AVAILABLE_OF_5_LARGER_GRAPHS,SMALLEST_LAST,469,1782,0.012742382271468145
bcsstk14,BEST_AVAILABLE_OF_5_LARGER_GRAPHS,SMALLEST_LAST,547,1783,0.01218836565096953
bcsstk14,BEST_AVAILABLE_OF_5_LARGER_GRAPHS,SMALLEST_LAST,751,1784,0.011634349030470914
bcsstk14,BEST_AVAILABLE_OF_5_LARGER_GRAPHS,SMALLEST_LAST,829,1785,0.0110803324099723
bcsstk14,BEST_AVAILABLE_OF_5_LARGER_GRAPHS,SMALLEST_LAST,1021,1786,0.010526315789473684
bcsstk14,BEST_AVAILABLE_OF_5_LARGER_GRAPHS,SMALLEST_LAST,1081,1787,0.009972299168975069
bcsstk14,BEST_AVAILABLE_OF_5_LARGER_GRAPHS,SMALLEST_LAST,1309,1788,0.009418282548476454
bcsstk14,BEST_AVAILABLE_OF_5_LARGER_GRAPHS,SMALLEST_LAST,1380,1789,0.00886426592797784
bcsstk14,BEST_AVAILABLE_OF_5_LARGER_GRAPHS,SMALLEST_LAST,1381,1790,0.008310249307479225
bcsstk14,BEST_AVAILABLE_OF_5_LARGER_GRAPHS,SMALLEST_LAST,1441,1791,0.00775623268698061
bcsstk14,BEST_AVAILABLE_OF_5_LARGER_GRAPHS,SMALLEST_LAST,1459,1792,0.007202216066481994
bcsstk14,BEST_AVAILABLE_OF_5_LARGER_GRAPHS,SMALLEST_LAST,1567,1793,0.006648199445983379
bcsstk14,BEST_AVAILABLE_OF_5_LARGER_GRAPHS,SMALLEST_LAST,1568,1794,0.006094182825484765
bcsstk14,BEST_AVAILABLE_OF_5_LARGER_GRAPHS,SMALLEST_LAST,1572,1795,0.00554016620498615
bcsstk14,BEST_AVAILABLE_OF_5_LARGER_GRAPHS,SMALLEST_LAST,1573,1796,0.004986149584487534
bcsstk14,BEST_AVAILABLE_OF_5_LARGER_GRAPHS,SMALLEST_LAST,1645,1797,0.00443213296398892
bcsstk14,BEST_AVAILABLE_OF_5_LARGER_GRAPHS,SMALLEST_LAST,1646,1798,0.003878116343490305
bcsstk14,BEST_AVAILABLE_OF_5_LARGER_GRAPHS,SMALLEST_LAST,1704,1799,0.0033240997229916896
bcsstk14,BEST_AVAILABLE_OF_5_LARGER_GRAPHS,SMALLEST_LAST,1705,1800,0.002770083102493075
bcsstk14,BEST_AVAILABLE_OF_5_LARGER_GRAPHS,SMALLEST_LAST,1747,1801,0.00221606648199446
bcsstk14,BEST_AVAILABLE_OF_5_LARGER_GRAPHS,SMALLEST_LAST,1748,1802,0.0016620498614958448
bcsstk14,BEST_AVAILABLE_OF_5_LARGER_GRAPHS,SMALLEST_LAST,1753,1803,0.00110803324099723
bcsstk14,BEST_AVAILABLE_OF_5_LARGER_GRAPHS,SMALLEST_LAST,1777,1804,0.000554016620498615
bcsstk14,BEST_AVAILABLE_OF_5_LARGER_GRAPHS,SMALLEST_LAST,1801,1805,0.0
bcsstk15,BEST_AVAILABLE_OF_5_LARGER_GRAPHS,INCIDENCE_DEGREE,1197,0,1.0
bcsstk15,BEST_AVAILABLE_OF_5_LARGER_GRAPHS,INCIDENCE_DEGREE,1571,1,0.9997466430200151
bcsstk15,BEST_AVAILABLE_OF_5_LARGER_GRAPHS,INCIDENCE_DEGREE,1569,2,0.9994932860400304
bcsstk15,BEST_AVAILABLE_OF_5_LARGER_GRAPHS,INCIDENCE_DEGREE,1567,3,0.9992399290600456
bcsstk15,BEST_AVAILABLE_OF_5_LARGER_GRAPHS,INCIDENCE_DEGREE,1553,4,0.9989865720800608
bcsstk15,BEST_AVAILABLE_OF_5_LARGER_GRAPHS,INCIDENCE_DEGREE,1551,5,0.998733215100076
bcsstk15,BEST_AVAILABLE_OF_5_LARGER_GRAPHS,INCIDENCE_DEGREE,1549,6,0.9984798581200912
bcsstk15,BEST_AVAILABLE_OF_5_LARGER_GRAPHS,INCIDENCE_DEGREE,1217,7,0.9982265011401064
bcsstk15,BEST_AVAILABLE_OF_5_LARGER_GRAPHS,INCIDENCE_DEGREE,1215,8,0.9979731441601216
bcsstk15,BEST_AVAILABLE_OF_5_LARGER_GRAPHS,INCIDENCE_DEGREE,1213,9,0.9977197871801368
bcsstk15,BEST_AVAILABLE_OF_5_LARGER_GRAPHS,INCIDENCE_DEGREE,1199,10,0.997466430200152
bcsstk15,BEST_AVAILABLE_OF_5_LARGER_GRAPHS,INCIDENCE_DEGREE,1195,11,0.9972130732201672
bcsstk15,BEST_AVAILABLE_OF_5_LARGER_GRAPHS,INCIDENCE_DEGREE,1535,12,0.9969597162401824
bcsstk15,BEST_AVAILABLE_OF_5_LARGER_GRAPHS,INCIDENCE_DEGREE,1913,13,0.9967063592601976
bcsstk15,BEST_AVAILABLE_OF_5_LARGER_GRAPHS,INCIDENCE_DEGREE,1911,14,0.9964530022802128
bcsstk15,BEST_AVAILABLE_OF_5_LARGER_GRAPHS,INCIDENCE_DEGREE,1909,15,0.996199645300228
bcsstk15,BEST_AVAILABLE_OF_5_LARGER_GRAPHS,INCIDENCE_DEGREE,1533,16,0.9959462883202432
bcsstk15,BEST_AVAILABLE_OF_5_LARGER_GRAPHS,INCIDENCE_DEGREE,1531,17,0.9956929313402584
bcsstk15,BEST_AVAILABLE_OF_5_LARGER_GRAPHS,INCIDENCE_DEGREE,1889,18,0.9954395743602736
bcsstk15,BEST_AVAILABLE_OF_5_LARGER_GRAPHS,INCIDENCE_DEGREE,1887,19,0.9951862173802888
bcsstk15,BEST_AVAILABLE_OF_5_LARGER_GRAPHS,INCIDENCE_DEGREE,1885,20,0.994932860400304
bcsstk15,BEST_AVAILABLE_OF_5_LARGER_GRAPHS,INCIDENCE_DEGREE,1181,21,0.9946795034203192
bcsstk15,BEST_AVAILABLE_OF_5_LARGER_GRAPHS,INCIDENCE_DEGREE,1179,22,0.9944261464403344
bcsstk15,BEST_AVAILABLE_OF_5_LARGER_GRAPHS,INCIDENCE_DEGREE,1177,23,0.9941727894603496
bcsstk15,BEST_AVAILABLE_OF_5_LARGER_GRAPHS,INCIDENCE_DEGREE,1931,24,0.9939194324803649
bcsstk15,BEST_AVAILABLE_OF_5_LARGER_GRAPHS,INCIDENCE_DEGREE,1929,25,0.99366607550038
bcsstk15,BEST_AVAILABLE_OF_5_LARGER_GRAPHS,INCIDENCE_DEGREE,1927,26,0.9934127185203953
bcsstk15,BEST_AVAILABLE_OF_5_LARGER_GRAPHS,INCIDENCE_DEGREE,2225,27,0.9931593615404104
bcsstk15,BEST_AVAILABLE_OF_5_LARGER_GRAPHS,INCIDENCE_DEGREE,2223,28,0.9929060045604257
bcsstk15,BEST_AVAILABLE_OF_5_LARGER_GRAPHS,INCIDENCE_DEGREE,2221,29,0.9926526475804408
bcsstk15,BEST_AVAILABLE_OF_5_LARGER_GRAPHS,INCIDENCE_DEGREE,2255,30,0.9923992906004561
bcsstk15,BEST_AVAILABLE_OF_5_LARGER_GRAPHS,INCIDENCE_DEGREE,2253,31,0.9921459336204712
bcsstk15,BEST_AVAILABLE_OF_5_LARGER_GRAPHS,INCIDENCE_DEGREE,2251,32,0.9918925766404865
bcsstk15,BEST_AVAILABLE_OF_5_LARGER_GRAPHS,INCIDENCE_DEGREE,1949,33,0.9916392196605016
bcsstk15,BEST_AVAILABLE_OF_5_LARGER_GRAPHS,INCIDENCE_DEGREE,1947,34,0.9913858626805169
bcsstk15,BEST_AVAILABLE_OF_5_LARGER_GRAPHS,INCIDENCE_DEGREE,1945,35,0.991132505700532
bcsstk15,BEST_AVAILABLE_OF_5_LARGER_GRAPHS,INCIDENCE_DEGREE,1589,36,0.9908791487205473
bcsstk15,BEST_AVAILABLE_OF_5_LARGER_GRAPHS,INCIDENCE_DEGREE,1587,37,0.9906257917405624
bcsstk15,BEST_AVAILABLE_OF_5_LARGER_GRAPHS,INCIDENCE_DEGREE,1585,38,0.9903724347605777
bcsstk15,BEST_AVAILABLE_OF_5_LARGER_GRAPHS,INCIDENCE_DEGREE,1235,39,0.9901190777805928
bcsstk15,BEST_AVAILABLE_OF_5_LARGER_GRAPHS,INCIDENCE_DEGREE,1233,40,0.9898657208006081
bcsstk15,BEST_AVAILABLE_OF_5_LARGER_GRAPHS,INCIDENCE_DEGREE,1231,41,0.9896123638206232
bcsstk15,BEST_AVAILABLE_OF_5_LARGER_GRAPHS,INCIDENCE_DEGREE,1601,42,0.9893590068406385
bcsstk15,BEST_AVAILABLE_OF_5_LARGER_GRAPHS,INCIDENCE_DEGREE,1599,43,0.9891056498606536
bcsstk15,BEST_AVAILABLE_OF_5_LARGER_GRAPHS,INCIDENCE_DEGREE,1597,44,0.9888522928806689
bcsstk15,BEST_AVAILABLE_OF_5_LARGER_GRAPHS,INCIDENCE_DEGREE,1961,45,0.988598935900684
bcsstk15,BEST_AVAILABLE_OF_5_LARGER_GRAPHS,INCIDENCE_DEGREE,2273,46,0.9883455789206993
bcsstk15,BEST_AVAILABLE_OF_5_LARGER_GRAPHS,INCIDENCE_DEGREE,2271,47,0.9880922219407144
bcsstk15,BEST_AVAILABLE_OF_5_LARGER_GRAPHS,INCIDENCE_DEGREE,2269,48,0.9878388649607297
bcsstk15,BEST_AVAILABLE_OF_5_LARGER_GRAPHS,INCIDENCE_DEGREE,1959,49,0.9875855079807448
bcsstk15,BEST_AVAILABLE_OF_5_LARGER_GRAPHS,INCIDENCE_DEGREE,1957,50,0.9873321510007601
bcsstk15,BEST_AVAILABLE_OF_5_LARGER_GRAPHS,INCIDENCE_DEGREE,2285,51,0.9870787940207753
bcsstk15,BEST_AVAILABLE_OF_5_LARGER_GRAPHS,INCIDENCE_DEGREE,2283,52,0.9868254370407905
bcsstk15,BEST_AVAILABLE_OF_5_LARGER_GRAPHS,INCIDENCE_DEGREE,2281,53,0.9865720800608057
bcsstk15,BEST_AVAILABLE_OF_5_LARGER_GRAPHS,INCIDENCE_DEGREE,2591,54,0.9863187230808209
bcsstk15,BEST_AVAILABLE_OF_5_LARGER_GRAPHS,INCIDENCE_DEGREE,2589,55,0.9860653661008361
bcsstk15,BEST_AVAILABLE_OF_5_LARGER_GRAPHS,INCIDENCE_DEGREE,2587,56,0.9858120091208513
bcsstk15,BEST_AVAILABLE_OF_5_LARGER_GRAPHS,INCIDENCE_DEGREE,2561,57,0.9855586521408665
bcsstk15,BEST_AVAILABLE_OF_5_LARGER_GRAPHS,INCIDENCE_DEGREE,2559,58,0.9853052951608817
bcsstk15,BEST_AVAILABLE_OF_5_LARGER_GRAPHS,INCIDENCE_DEGREE,2557,59,0.9850519381808969
bcsstk15,BEST_AVAILABLE_OF_5_LARGER_GRAPHS,INCIDENCE_DEGREE,2357,60,0.9847985812009121
bcsstk15,BEST_AVAILABLE_OF_5_LARGER_GRAPHS,INCIDENCE_DEGREE,2355,61,0.9845452242209273
bcsstk15,BEST_AVAILABLE_OF_5_LARGER_GRAPHS,INCIDENCE_DEGREE,2353,62,0.9842918672409425
bcsstk15,BEST_AVAILABLE_OF_5_LARGER_GRAPHS,INCIDENCE_DEGREE,2033,63,0.9840385102609577
bcsstk15,BEST_AVAILABLE_OF_5_LARGER_GRAPHS,INCIDENCE_DEGREE,2031,64,0.9837851532809729
bcsstk15,BEST_AVAILABLE_OF_5_LARGER_GRAPHS,INCIDENCE_DEGREE,2029,65,0.9835317963009881
bcsstk15,BEST_AVAILABLE_OF_5_LARGER_GRAPHS,INCIDENCE_DEGREE,2087,66,0.9832784393210033
bcsstk15,BEST_AVAILABLE_OF_5_LARGER_GRAPHS,INCIDENCE_DEGREE,2085,67,0.9830250823410185
bcsstk15,BEST_AVAILABLE_OF_5_LARGER_GRAPHS,INCIDENCE_DEGREE,2083,68,0.9827717253610337
bcsstk15,BEST_AVAILABLE_OF_5_LARGER_GRAPHS,INCIDENCE_DEGREE,2423,69,0.9825183683810489
bcsstk15,BEST_AVAILABLE_OF_5_LARGER_GRAPHS,INCIDENCE_DEGREE,2675,70,0.9822650114010641
bcsstk15,BEST_AVAILABLE_OF_5_LARGER_GRAPHS,INCIDENCE_DEGREE,2673,71,0.9820116544210793
bcsstk15,BEST_AVAILABLE_OF_5_LARGER_GRAPHS,INCIDENCE_DEGREE,2671,72,0.9817582974410946
bcsstk15,BEST_AVAILABLE_OF_5_LARGER_GRAPHS,INCIDENCE_DEGREE,2421,73,0.9815049404611097
bcsstk15,BEST_AVAILABLE_OF_5_LARGER_GRAPHS,INCIDENCE_DEGREE,2419,74,0.981251583481125
bcsstk15,BEST_AVAILABLE_OF_5_LARGER_GRAPHS,INCIDENCE_DEGREE,2099,75,0.9809982265011401
bcsstk15,BEST_AVAILABLE_OF_5_LARGER_GRAPHS,INCIDENCE_DEGREE,2097,76,0.9807448695211554
bcsstk15,BEST_AVAILABLE_OF_5_LARGER_GRAPHS,INCIDENCE_DEGREE,2095,77,0.9804915125411705
bcsstk15,BEST_AVAILABLE_OF_5_LARGER_GRAPHS,INCIDENCE_DEGREE,2429,78,0.9802381555611858
bcsstk15,BEST_AVAILABLE_OF_5_LARGER_GRAPHS,INCIDENCE_DEGREE,2427,79,0.9799847985812009
bcsstk15,BEST_AVAILABLE_OF_5_LARGER_GRAPHS,INCIDENCE_DEGREE,2425,80,0.9797314416012162
bcsstk15,BEST_AVAILABLE_OF_5_LARGER_GRAPHS,INCIDENCE_DEGREE,2729,81,0.9794780846212313
bcsstk15,BEST_AVAILABLE_OF_5_LARGER_GRAPHS,INCIDENCE_DEGREE,2867,82,0.9792247276412465
bcsstk15,BEST_AVAILABLE_OF_5_LARGER_GRAPHS,INCIDENCE_DEGREE,2865,83,0.9789713706612617
bcsstk15,BEST_AVAILABLE_OF_5_LARGER_GRAPHS,INCIDENCE_DEGREE,2863,84,0.9787180136812769
bcsstk15,BEST_AVAILABLE_OF_5_LARGER_GRAPHS,INCIDENCE_DEGREE,2727,85,0.9784646567012921
bcsstk15,BEST_AVAILABLE_OF_5_LARGER_GRAPHS,INCIDENCE_DEGREE,2725,86,0.9782112997213073
bcsstk15,BEST_AVAILABLE_OF_5_LARGER_GRAPHS,INCIDENCE_DEGREE,2599,87,0.9779579427413225
bcsstk15,BEST_AVAILABLE_OF_5_LARGER_GRAPHS,INCIDENCE_DEGREE,2603,88,0.9777045857613377
bcsstk15,BEST_AVAILABLE_OF_5_LARGER_GRAPHS,INCIDENCE_DEGREE,2601,89,0.9774512287813529
bcsstk15,BEST_AVAILABLE_OF_5_LARGER_GRAPHS,INCIDENCE_DEGREE,2885,90,0.9771978718013681
bcsstk15,BEST_AVAILABLE_OF_5_LARGER_GRAPHS,INCIDENCE_DEGREE,2957,91,0.9769445148213833
bcsstk15,BEST_AVAILABLE_OF_5_LARGER_GRAPHS,INCIDENCE_DEGREE,2955,92,0.9766911578413985
bcsstk15,BEST_AVAILABLE_OF_5_LARGER_GRAPHS,INCIDENCE_DEGREE,2953,93,0.9764378008614137
bcsstk15,BEST_AVAILABLE_OF_5_LARGER_GRAPHS,INCIDENCE_DEGREE,2883,94,0.9761844438814289
bcsstk15,BEST_AVAILABLE_OF_5_LARGER_GRAPHS,INCIDENCE_DEGREE,2881,95,0.9759310869014441
bcsstk15,BEST_AVAILABLE_OF_5_LARGER_GRAPHS,INCIDENCE_DEGREE,3149,96,0.9756777299214593
bcsstk15,BEST_AVAILABLE_OF_5_LARGER_GRAPHS,INCIDENCE_DEGREE,3147,97,0.9754243729414745
bcsstk15,BEST_AVAILABLE_OF_5_LARGER_GRAPHS,INCIDENCE_DEGREE,3145,98,0.9751710159614897
bcsstk15,BEST_AVAILABLE_OF_5_LARGER_GRAPHS,INCIDENCE_DEGREE,2993,99,0.974917658981505
bcsstk15,BEST_AVAILABLE_OF_5_LARGER_GRAPHS,INCIDENCE_DEGREE,2991,100,0.9746643020015201
bcsstk15,BEST_AVAILABLE_OF_5_LARGER_GRAPHS,INCIDENCE_DEGREE,2989,101,0.9744109450215354
bcsstk15,BEST_AVAILABLE_OF_5_LARGER_GRAPHS,INCIDENCE_DEGREE,2735,102,0.9741575880415505
bcsstk15,BEST_AVAILABLE_OF_5_LARGER_GRAPHS,INCIDENCE_DEGREE,2733,103,0.9739042310615658
bcsstk15,BEST_AVAILABLE_OF_5_LARGER_GRAPHS,INCIDENCE_DEGREE,2731,104,0.9736508740815809
bcsstk15,BEST_AVAILABLE_OF_5_LARGER_GRAPHS,INCIDENCE_DEGREE,2447,105,0.9733975171015962
bcsstk15,BEST_AVAILABLE_OF_5_LARGER_GRAPHS,INCIDENCE_DEGREE,2445,106,0.9731441601216113
bcsstk15,BEST_AVAILABLE_OF_5_LARGER_GRAPHS,INCIDENCE_DEGREE,2443,107,0.9728908031416266
bcsstk15,BEST_AVAILABLE_OF_5_LARGER_GRAPHS,INCIDENCE_DEGREE,2117,108,0.9726374461616417
bcsstk15,BEST_AVAILABLE_OF_5_LARGER_GRAPHS,INCIDENCE_DEGREE,2115,109,0.972384089181657
bcsstk15,BEST_AVAILABLE_OF_5_LARGER_GRAPHS,INCIDENCE_DEGREE,2113,110,0.9721307322016721
bcsstk15,BEST_AVAILABLE_OF_5_LARGER_GRAPHS,INCIDENCE_DEGREE,2129,111,0.9718773752216874
bcsstk15,BEST_AVAILABLE_OF_5_LARGER_GRAPHS,INCIDENCE_DEGREE,2127,112,0.9716240182417025
bcsstk15,BEST_AVAILABLE_OF_5_LARGER_GRAPHS,INCIDENCE_DEGREE,2125,113,0.9713706612617178
bcsstk15,BEST_AVAILABLE_OF_5_LARGER_GRAPHS,INCIDENCE_DEGREE,2453,114,0.9711173042817329
bcsstk15,BEST_AVAILABLE_OF_5_LARGER_GRAPHS,INCIDENCE_DEGREE,2747,115,0.9708639473017482
bcsstk15,BEST_AVAILABLE_OF_5_LARGER_GRAPHS,INCIDENCE_DEGREE,2745,116,0.9706105903217633
bcsstk15,BEST_AVAILABLE_OF_5_LARGER_GRAPHS,INCIDENCE_DEGREE,2743,117,0.9703572333417786
bcsstk15,BEST_AVAILABLE_OF_5_LARGER_GRAPHS,INCIDENCE_DEGREE,2451,118,0.9701038763617937
bcsstk15,BEST_AVAILABLE_OF_5_LARGER_GRAPHS,INCIDENCE_DEGREE,2449,119,0.969850519381809
bcsstk15,BEST_AVAILABLE_OF_5_LARGER_GRAPHS,INCIDENCE_DEGREE,2135,120,0.9695971624018241
bcsstk15,BEST_AVAILABLE_OF_5_LARGER_GRAPHS,INCIDENCE_DEGREE,2133,121,0.9693438054218394
bcsstk15,BEST_AVAILABLE_OF_5_LARGER_GRAPHS,INCIDENCE_DEGREE,2131,122,0.9690904484418545
bcsstk15,BEST_AVAILABLE_OF_5_LARGER_GRAPHS,INCIDENCE_DEGREE,2999,123,0.9688370914618698
bcsstk15,BEST_AVAILABLE_OF_5_LARGER_GRAPHS,INCIDENCE_DEGREE,3227,124,0.968583734481885
bcsstk15,BEST_AVAILABLE_OF_5_LARGER_GRAPHS,INCIDENCE_DEGREE,3225,125,0.9683303775019002
bcsstk15,BEST_AVAILABLE_OF_5_LARGER_GRAPHS,INCIDENCE_DEGREE,3223,126,0.9680770205219154
bcsstk15,BEST_AVAILABLE_OF_5_LARGER_GRAPHS,INCIDENCE_DEGREE,2997,127,0.9678236635419306
bcsstk15,BEST_AVAILABLE_OF_5_LARGER_GRAPHS,INCIDENCE_DEGREE,2995,128,0.9675703065619458
bcsstk15,BEST_AVAILABLE_OF_5_LARGER_GRAPHS,INCIDENCE_DEGREE,3257,129,0.967316949581961
bcsstk15,BEST_AVAILABLE_OF_5_LARGER_GRAPHS,INCIDENCE_DEGREE,3255,130,0.9670635926019762
bcsstk15,BEST_AVAILABLE_OF_5_LARGER_GRAPHS,INCIDENCE_DEGREE,3253,131,0.9668102356219914
bcsstk15,BEST_AVAILABLE_OF_5_LARGER_GRAPHS,INCIDENCE_DEGREE,3011,132,0.9665568786420066
bcsstk15,BEST_AVAILABLE_OF_5_LARGER_GRAPHS,INCIDENCE_DEGREE,3009,133,0.9663035216620218
bcsstk15,BEST_AVAILABLE_OF_5_LARGER_GRAPHS,INCIDENCE_DEGREE,3007,134,0.966050164682037
bcsstk15,BEST_AVAILABLE_OF_5_LARGER_GRAPHS,INCIDENCE_DEGREE,2753,135,0.9657968077020522
bcsstk15,BEST_AVAILABLE_OF_5_LARGER_GRAPHS,INCIDENCE_DEGREE,2751,136,0.9655434507220674
bcsstk15,BEST_AVAILABLE_OF_5_LARGER_GRAPHS,INCIDENCE_DEGREE,2749,137,0.9652900937420826
bcsstk15,BEST_AVAILABLE_OF_5_LARGER_GRAPHS,INCIDENCE_DEGREE,2459,138,0.9650367367620978
bcsstk15,BEST_AVAILABLE_OF_5_LARGER_GRAPHS,INCIDENCE_DEGREE,2457,139,0.964783379782113
bcsstk15,BEST_AVAILABLE_OF_5_LARGER_GRAPHS,INCIDENCE_DEGREE,2455,140,0.9645300228021282
bcsstk15,BEST_AVAILABLE_OF_5_LARGER_GRAPHS,INCIDENCE_DEGREE,2759,141,0.9642766658221434
bcsstk15,BEST_AVAILABLE_OF_5_LARGER_GRAPHS,INCIDENCE_DEGREE,2757,142,0.9640233088421586
bcsstk15,BEST_AVAILABLE_OF_5_LARGER_GRAPHS,INCIDENCE_DEGREE,2755,143,0.9637699518621738
bcsstk15,BEST_AVAILABLE_OF_5_LARGER_GRAPHS,INCIDENCE_DEGREE,3017,144,0.963516594882189
bcsstk15,BEST_AVAILABLE_OF_5_LARGER_GRAPHS,INCIDENCE_DEGREE,3263,145,0.9632632379022043
bcsstk15,BEST_AVAILABLE_OF_5_LARGER_GRAPHS,INCIDENCE_DEGREE,3261,146,0.9630098809222194
bcsstk15,BEST_AVAILABLE_OF_5_LARGER_GRAPHS,INCIDENCE_DEGREE,3259,147,0.9627565239422347
bcsstk15,BEST_AVAILABLE_OF_5_LARGER_GRAPHS,INCIDENCE_DEGREE,3015,148,0.9625031669622498
bcsstk15,BEST_AVAILABLE_OF_5_LARGER_GRAPHS,INCIDENCE_DEGREE,3013,149,0.9622498099822651
bcsstk15,BEST_AVAILABLE_OF_5_LARGER_GRAPHS,INCIDENCE_DEGREE,3275,150,0.9619964530022802
bcsstk15,BEST_AVAILABLE_OF_5_LARGER_GRAPHS,INCIDENCE_DEGREE,3273,151,0.9617430960222955
bcsstk15,BEST_AVAILABLE_OF_5_LARGER_GRAPHS,INCIDENCE_DEGREE,3271,152,0.9614897390423106
bcsstk15,BEST_AVAILABLE_OF_5_LARGER_GRAPHS,INCIDENCE_DEGREE,3023,153,0.9612363820623259
bcsstk15,BEST_AVAILABLE_OF_5_LARGER_GRAPHS,INCIDENCE_DEGREE,3021,154,0.960983025082341
bcsstk15,BEST_AVAILABLE_OF_5_LARGER_GRAPHS,INCIDENCE_DEGREE,3019,155,0.9607296681023563
bcsstk15,BEST_AVAILABLE_OF_5_LARGER_GRAPHS,INCIDENCE_DEGREE,3281,156,0.9604763111223714
bcsstk15,BEST_AVAILABLE_OF_5_LARGER_GRAPHS,INCIDENCE_DEGREE,3279,157,0.9602229541423867
bcsstk15,BEST_AVAILABLE_OF_5_LARGER_GRAPHS,INCIDENCE_DEGREE,3277,158,0.9599695971624018
bcsstk15,BEST_AVAILABLE_OF_5_LARGER_GRAPHS,INCIDENCE_DEGREE,2765,159,0.9597162401824171
bcsstk15,BEST_AVAILABLE_OF_5_LARGER_GRAPHS,INCIDENCE_DEGREE,2763,160,0.9594628832024322
bcsstk15,BEST_AVAILABLE_OF_5_LARGER_GRAPHS,INCIDENCE_DEGREE,2761,161,0.9592095262224475
bcsstk15,BEST_AVAILABLE_OF_5_LARGER_GRAPHS,INCIDENCE_DEGREE,2465,162,0.9589561692424626
bcsstk15,BEST_AVAILABLE_OF_5_LARGER_GRAPHS,INCIDENCE_DEGREE,2463,163,0.9587028122624778
bcsstk15,BEST_AVAILABLE_OF_5_LARGER_GRAPHS,INCIDENCE_DEGREE,2461,164,0.958449455282493
bcsstk15,BEST_AVAILABLE_OF_5_LARGER_GRAPHS,INCIDENCE_DEGREE,2153,165,0.9581960983025082
bcsstk15,BEST_AVAILABLE_OF_5_LARGER_GRAPHS,INCIDENCE_DEGREE,2151,166,0.9579427413225234
bcsstk15,BEST_AVAILABLE_OF_5_LARGER_GRAPHS,INCIDENCE_DEGREE,2149,167,0.9576893843425386
bcsstk15,BEST_AVAILABLE_OF_5_LARGER_GRAPHS,INCIDENCE_DEGREE,2159,168,0.9574360273625538
bcsstk15,BEST_AVAILABLE_OF_5_LARGER_GRAPHS,INCIDENCE_DEGREE,2471,169,0.957182670382569
bcsstk15,BEST_AVAILABLE_OF_5_LARGER_GRAPHS,INCIDENCE_DEGREE,2469,170,0.9569293134025842
bcsstk15,BEST_AVAILABLE_OF_5_LARGER_GRAPHS,INCIDENCE_DEGREE,2467,171,0.9566759564225994
bcsstk15,BEST_AVAILABLE_OF_5_LARGER_GRAPHS,INCIDENCE_DEGREE,2157,172,0.9564225994426147
bcsstk15,BEST_AVAILABLE_OF_5_LARGER_GRAPHS,INCIDENCE_DEGREE,2155,173,0.9561692424626298
bcsstk15,BEST_AVAILABLE_OF_5_LARGER_GRAPHS,INCIDENCE_DEGREE,2141,174,0.9559158854826451
bcsstk15,BEST_AVAILABLE_OF_5_LARGER_GRAPHS,INCIDENCE_DEGREE,2139,175,0.9556625285026602
bcsstk15,BEST_AVAILABLE_OF_5_LARGER_GRAPHS,INCIDENCE_DEGREE,2137,176,0.9554091715226755
bcsstk15,BEST_AVAILABLE_OF_5_LARGER_GRAPHS,INCIDENCE_DEGREE,1817,177,0.9551558145426906
bcsstk15,BEST_AVAILABLE_OF_5_LARGER_GRAPHS,INCIDENCE_DEGREE,2165,178,0.9549024575627059
bcsstk15,BEST_AVAILABLE_OF_5_LARGER_GRAPHS,INCIDENCE_DEGREE,2163,179,0.954649100582721
bcsstk15,BEST_AVAILABLE_OF_5_LARGER_GRAPHS,INCIDENCE_DEGREE,2161,180,0.9543957436027363
bcsstk15,BEST_AVAILABLE_OF_5_LARGER_GRAPHS,INCIDENCE_DEGREE,1815,181,0.9541423866227514
bcsstk15,BEST_AVAILABLE_OF_5_LARGER_GRAPHS,INCIDENCE_DEGREE,1813,182,0.9538890296427667
bcsstk15,BEST_AVAILABLE_OF_5_LARGER_GRAPHS,INCIDENCE_DEGREE,1823,183,0.9536356726627818
bcsstk15,BEST_AVAILABLE_OF_5_LARGER_GRAPHS,INCIDENCE_DEGREE,1821,184,0.9533823156827971
bcsstk15,BEST_AVAILABLE_OF_5_LARGER_GRAPHS,INCIDENCE_DEGREE,1819,185,0.9531289587028122
bcsstk15,BEST_AVAILABLE_OF_5_LARGER_GRAPHS,INCIDENCE_DEGREE,2171,186,0.9528756017228275
bcsstk15,BEST_AVAILABLE_OF_5_LARGER_GRAPHS,INCIDENCE_DEGREE,2477,187,0.9526222447428426
bcsstk15,BEST_AVAILABLE_OF_5_LARGER_GRAPHS,INCIDENCE_DEGREE,2475,188,0.9523688877628579
bcsstk15,BEST_AVAILABLE_OF_5_LARGER_GRAPHS,INCIDENCE_DEGREE,2473,189,0.952115530782873
bcsstk15,BEST_AVAILABLE_OF_5_LARGER_GRAPHS,INCIDENCE_DEGREE,2169,190,0.9518621738028883
bcsstk15,BEST_AVAILABLE_OF_5_LARGER_GRAPHS,INCIDENCE_DEGREE,2167,191,0.9516088168229034
bcsstk15,BEST_AVAILABLE_OF_5_LARGER_GRAPHS,INCIDENCE_DEGREE,2777,192,0.9513554598429187
bcsstk15,BEST_AVAILABLE_OF_5_LARGER_GRAPHS,INCIDENCE_DEGREE,2775,193,0.9511021028629338
bcsstk15,BEST_AVAILABLE_OF_5_LARGER_GRAPHS,INCIDENCE_DEGREE,2773,194,0.9508487458829491
bcsstk15,BEST_AVAILABLE_OF_5_LARGER_GRAPHS,INCIDENCE_DEGREE,3041,195,0.9505953889029642
bcsstk15,BEST_AVAILABLE_OF_5_LARGER_GRAPHS,INCIDENCE_DEGREE,3039,196,0.9503420319229795
bcsstk15,BEST_AVAILABLE_OF_5_LARGER_GRAPHS,INCIDENCE_DEGREE,3037,197,0.9500886749429946
bcsstk15,BEST_AVAILABLE_OF_5_LARGER_GRAPHS,INCIDENCE_DEGREE,3293,198,0.9498353179630099
bcsstk15,BEST_AVAILABLE_OF_5_LARGER_GRAPHS,INCIDENCE_DEGREE,3291,199,0.949581960983025
bcsstk15,BEST_AVAILABLE_OF_5_LARGER_GRAPHS,INCIDENCE_DEGREE,3289,200,0.9493286040030403
bcsstk15,BEST_AVAILABLE_OF_5_LARGER_GRAPHS,INCIDENCE_DEGREE,3047,201,0.9490752470230555
bcsstk15,BEST_AVAILABLE_OF_5_LARGER_GRAPHS,INCIDENCE_DEGREE,3045,202,0.9488218900430707
bcsstk15,BEST_AVAILABLE_OF_5_LARGER_GRAPHS,INCIDENCE_DEGREE,3043,203,0.9485685330630859
bcsstk15,BEST_AVAILABLE_OF_5_LARGER_GRAPHS,INCIDENCE_DEGREE,2783,204,0.9483151760831011
bcsstk15,BEST_AVAILABLE_OF_5_LARGER_GRAPHS,INCIDENCE_DEGREE,2781,205,0.9480618191031163
bcsstk15,BEST_AVAILABLE_OF_5_LARGER_GRAPHS,INCIDENCE_DEGREE,2779,206,0.9478084621231315
bcsstk15,BEST_AVAILABLE_OF_5_LARGER_GRAPHS,INCIDENCE_DEGREE,2483,207,0.9475551051431467
bcsstk15,BEST_AVAILABLE_OF_5_LARGER_GRAPHS,INCIDENCE_DEGREE,2481,208,0.9473017481631619
bcsstk15,BEST_AVAILABLE_OF_5_LARGER_GRAPHS,INCIDENCE_DEGREE,2479,209,0.9470483911831771
bcsstk15,BEST_AVAILABLE_OF_5_LARGER_GRAPHS,INCIDENCE_DEGREE,2771,210,0.9467950342031923
bcsstk15,BEST_AVAILABLE_OF_5_LARGER_GRAPHS,INCIDENCE_DEGREE,2769,211,0.9465416772232075
bcsstk15,BEST_AVAILABLE_OF_5_LARGER_GRAPHS,INCIDENCE_DEGREE,2767,212,0.9462883202432227
bcsstk15,BEST_AVAILABLE_OF_5_LARGER_GRAPHS,INCIDENCE_DEGREE,3035,213,0.9460349632632379
bcsstk15,BEST_AVAILABLE_OF_5_LARGER_GRAPHS,INCIDENCE_DEGREE,3311,214,0.9457816062832531
bcsstk15,BEST_AVAILABLE_OF_5_LARGER_GRAPHS,INCIDENCE_DEGREE,3309,215,0.9455282493032683
bcsstk15,BEST_AVAILABLE_OF_5_LARGER_GRAPHS,INCIDENCE_DEGREE,3307,216,0.9452748923232835
bcsstk15,BEST_AVAILABLE_OF_5_LARGER_GRAPHS,INCIDENCE_DEGREE,3033,217,0.9450215353432987
bcsstk15,BEST_AVAILABLE_OF_5_LARGER_GRAPHS,INCIDENCE_DEGREE,3031,218,0.944768178363314
bcsstk15,BEST_AVAILABLE_OF_5_LARGER_GRAPHS,INCIDENCE_DEGREE,3305,219,0.9445148213833291
bcsstk15,BEST_AVAILABLE_OF_5_LARGER_GRAPHS,INCIDENCE_DEGREE,3303,220,0.9442614644033444
bcsstk15,BEST_AVAILABLE_OF_5_LARGER_GRAPHS,INCIDENCE_DEGREE,3301,221,0.9440081074233595
bcsstk15,BEST_AVAILABLE_OF_5_LARGER_GRAPHS,INCIDENCE_DEGREE,3029,222,0.9437547504433748
bcsstk15,BEST_AVAILABLE_OF_5_LARGER_GRAPHS,INCIDENCE_DEGREE,3027,223,0.9435013934633899
bcsstk15,BEST_AVAILABLE_OF_5_LARGER_GRAPHS,INCIDENCE_DEGREE,3025,224,0.9432480364834052
bcsstk15,BEST_AVAILABLE_OF_5_LARGER_GRAPHS,INCIDENCE_DEGREE,3299,225,0.9429946795034203
bcsstk15,BEST_AVAILABLE_OF_5_LARGER_GRAPHS,INCIDENCE_DEGREE,3297,226,0.9427413225234356
bcsstk15,BEST_AVAILABLE_OF_5_LARGER_GRAPHS,INCIDENCE_DEGREE,3295,227,0.9424879655434507
bcsstk15,BEST_AVAILABLE_OF_5_LARGER_GRAPHS,INCIDENCE_DEGREE,3005,228,0.942234608563466
bcsstk15,BEST_AVAILABLE_OF_5_LARGER_GRAPHS,INCIDENCE_DEGREE,3003,229,0.9419812515834811
bcsstk15,BEST_AVAILABLE_OF_5_LARGER_GRAPHS,INCIDENCE_DEGREE,3001,230,0.9417278946034964
bcsstk15,BEST_AVAILABLE_OF_5_LARGER_GRAPHS,INCIDENCE_DEGREE,2741,231,0.9414745376235115
bcsstk15,BEST_AVAILABLE_OF_5_LARGER_GRAPHS,INCIDENCE_DEGREE,2739,232,0.9412211806435268
bcsstk15,BEST_AVAILABLE_OF_5_LARGER_GRAPHS,INCIDENCE_DEGREE,2737,233,0.9409678236635419
bcsstk15,BEST_AVAILABLE_OF_5_LARGER_GRAPHS,INCIDENCE_DEGREE,2441,234,0.9407144666835572
bcsstk15,BEST_AVAILABLE_OF_5_LARGER_GRAPHS,INCIDENCE_DEGREE,2439,235,0.9404611097035723
bcsstk15,BEST_AVAILABLE_OF_5_LARGER_GRAPHS,INCIDENCE_DEGREE,2437,236,0.9402077527235876
bcsstk15,BEST_AVAILABLE_OF_5_LARGER_GRAPHS,INCIDENCE_DEGREE,2111,237,0.9399543957436027
bcsstk15,BEST_AVAILABLE_OF_5_LARGER_GRAPHS,INCIDENCE_DEGREE,2109,238,0.939701038763618
bcsstk15,BEST_AVAILABLE_OF_5_LARGER_GRAPHS,INCIDENCE_DEGREE,2107,239,0.9394476817836331
bcsstk15,BEST_AVAILABLE_OF_5_LARGER_GRAPHS,INCIDENCE_DEGREE,2435,240,0.9391943248036484
bcsstk15,BEST_AVAILABLE_OF_5_LARGER_GRAPHS,INCIDENCE_DEGREE,2433,241,0.9389409678236635
bcsstk15,BEST_AVAILABLE_OF_5_LARGER_GRAPHS,INCIDENCE_DEGREE,2431,242,0.9386876108436787
bcsstk15,BEST_AVAILABLE_OF_5_LARGER_GRAPHS,INCIDENCE_DEGREE,2723,243,0.938434253863694
bcsstk15,BEST_AVAILABLE_OF_5_LARGER_GRAPHS,INCIDENCE_DEGREE,2987,244,0.9381808968837091
bcsstk15,BEST_AVAILABLE_OF_5_LARGER_GRAPHS,INCIDENCE_DEGREE,2985,245,0.9379275399037243
bcsstk15,BEST_AVAILABLE_OF_5_LARGER_GRAPHS,INCIDENCE_DEGREE,2983,246,0.9376741829237395
bcsstk15,BEST_AVAILABLE_OF_5_LARGER_GRAPHS,INCIDENCE_DEGREE,2721,247,0.9374208259437548
bcsstk15,BEST_AVAILABLE_OF_5_LARGER_GRAPHS,INCIDENCE_DEGREE,2719,248,0.9371674689637699
bcsstk15,BEST_AVAILABLE_OF_5_LARGER_GRAPHS,INCIDENCE_DEGREE,2951,249,0.9369141119837852
bcsstk15,BEST_AVAILABLE_OF_5_LARGER_GRAPHS,INCIDENCE_DEGREE,2949,250,0.9366607550038003
bcsstk15,BEST_AVAILABLE_OF_5_LARGER_GRAPHS,INCIDENCE_DEGREE,2947,251,0.9364073980238156
bcsstk15,BEST_AVAILABLE_OF_5_LARGER_GRAPHS,INCIDENCE_DEGREE,3221,252,0.9361540410438307
bcsstk15,BEST_AVAILABLE_OF_5_LARGER_GRAPHS,INCIDENCE_DEGREE,3251,253,0.935900684063846
bcsstk15,BEST_AVAILABLE_OF_5_LARGER_GRAPHS,INCIDENCE_DEGREE,3249,254,0.9356473270838611
bcsstk15,BEST_AVAILABLE_OF_5_LARGER_GRAPHS,INCIDENCE_DEGREE,3247,255,0.9353939701038764
bcsstk15,BEST_AVAILABLE_OF_5_LARGER_GRAPHS,INCIDENCE_DEGREE,3219,256,0.9351406131238915
bcsstk15,BEST_AVAILABLE_OF_5_LARGER_GRAPHS,INCIDENCE_DEGREE,3217,257,0.9348872561439068
bcsstk15,BEST_AVAILABLE_OF_5_LARGER_GRAPHS,INCIDENCE_DEGREE,3269,258,0.9346338991639219
bcsstk15,BEST_AVAILABLE_OF_5_LARGER_GRAPHS,INCIDENCE_DEGREE,3267,259,0.9343805421839372
bcsstk15,BEST_AVAILABLE_OF_5_LARGER_GRAPHS,INCIDENCE_DEGREE,3265,260,0.9341271852039523
bcsstk15,BEST_AVAILABLE_OF_5_LARGER_GRAPHS,INCIDENCE_DEGREE,3287,261,0.9338738282239676
bcsstk15,BEST_AVAILABLE_OF_5_LARGER_GRAPHS,INCIDENCE_DEGREE,3285,262,0.9336204712439827
bcsstk15,BEST_AVAILABLE_OF_5_LARGER_GRAPHS,INCIDENCE_DEGREE,3283,263,0.933367114263998
bcsstk15,BEST_AVAILABLE_OF_5_LARGER_GRAPHS,INCIDENCE_DEGREE,3083,264,0.9331137572840131
bcsstk15,BEST_AVAILABLE_OF_5_LARGER_GRAPHS,INCIDENCE_DEGREE,3081,265,0.9328604003040284
bcsstk15,BEST_AVAILABLE_OF_5_LARGER_GRAPHS,INCIDENCE_DEGREE,3079,266,0.9326070433240435
bcsstk15,BEST_AVAILABLE_OF_5_LARGER_GRAPHS,INCIDENCE_DEGREE,1243,267,0.9323536863440588
bcsstk15,BEST_AVAILABLE_OF_5_LARGER_GRAPHS,INCIDENCE_DEGREE,1247,268,0.9321003293640739
bcsstk15,BEST_AVAILABLE_OF_5_LARGER_GRAPHS,INCIDENCE_DEGREE,1245,269,0.9318469723840892
bcsstk15,BEST_AVAILABLE_OF_5_LARGER_GRAPHS,INCIDENCE_DEGREE,887,270,0.9315936154041043
bcsstk15,BEST_AVAILABLE_OF_5_LARGER_GRAPHS,INCIDENCE_DEGREE,1073,271,0.9313402584241196
bcsstk15,BEST_AVAILABLE_OF_5_LARGER_GRAPHS,INCIDENCE_DEGREE,1071,272,0.9310869014441348
bcsstk15,BEST_AVAILABLE_OF_5_LARGER_GRAPHS,INCIDENCE_DEGREE,1069,273,0.93083354446415
bcsstk15,BEST_AVAILABLE_OF_5_LARGER_GRAPHS,INCIDENCE_DEGREE,885,274,0.9305801874841652
bcsstk15,BEST_AVAILABLE_OF_5_LARGER_GRAPHS,INCIDENCE_DEGREE,883,275,0.9303268305041804
bcsstk15,BEST_AVAILABLE_OF_5_LARGER_GRAPHS,INCIDENCE_DEGREE,899,276,0.9300734735241956
bcsstk15,BEST_AVAILABLE_OF_5_LARGER_GRAPHS,INCIDENCE_DEGREE,897,277,0.9298201165442108
bcsstk15,BEST_AVAILABLE_OF_5_LARGER_GRAPHS,INCIDENCE_DEGREE,895,278,0.929566759564226
bcsstk15,BEST_AVAILABLE_OF_5_LARGER_GRAPHS,INCIDENCE_DEGREE,773,279,0.9293134025842412
bcsstk15,BEST_AVAILABLE_OF_5_LARGER_GRAPHS,INCIDENCE_DEGREE,771,280,0.9290600456042564
bcsstk15,BEST_AVAILABLE_OF_5_LARGER_GRAPHS,INCIDENCE_DEGREE,769,281,0.9288066886242716
bcsstk15,BEST_AVAILABLE_OF_5_LARGER_GRAPHS,INCIDENCE_DEGREE,1085,282,0.9285533316442868
bcsstk15,BEST_AVAILABLE_OF_5_LARGER_GRAPHS,INCIDENCE_DEGREE,1415,283,0.928299974664302
bcsstk15,BEST_AVAILABLE_OF_5_LARGER_GRAPHS,INCIDENCE_DEGREE,1413,284,0.9280466176843172
bcsstk15,BEST_AVAILABLE_OF_5_LARGER_GRAPHS,INCIDENCE_DEGREE,1411,285,0.9277932607043324
bcsstk15,BEST_AVAILABLE_OF_5_LARGER_GRAPHS,INCIDENCE_DEGREE,1083,286,0.9275399037243476
bcsstk15,BEST_AVAILABLE_OF_5_LARGER_GRAPHS,INCIDENCE_DEGREE,1081,287,0.9272865467443628
bcsstk15,BEST_AVAILABLE_OF_5_LARGER_GRAPHS,INCIDENCE_DEGREE,1427,288,0.927033189764378
bcsstk15,BEST_AVAILABLE_OF_5_LARGER_GRAPHS,INCIDENCE_DEGREE,1457,289,0.9267798327843932
bcsstk15,BEST_AVAILABLE_OF_5_LARGER_GRAPHS,INCIDENCE_DEGREE,1455,290,0.9265264758044084
bcsstk15,BEST_AVAILABLE_OF_5_LARGER_GRAPHS,INCIDENCE_DEGREE,1453,291,0.9262731188244236
bcsstk15,BEST_AVAILABLE_OF_5_LARGER_GRAPHS,INCIDENCE_DEGREE,1425,292,0.9260197618444388
bcsstk15,BEST_AVAILABLE_OF_5_LARGER_GRAPHS,INCIDENCE_DEGREE,1423,293,0.925766404864454
bcsstk15,BEST_AVAILABLE_OF_5_LARGER_GRAPHS,INCIDENCE_DEGREE,1835,294,0.9255130478844692
bcsstk15,BEST_AVAILABLE_OF_5_LARGER_GRAPHS,INCIDENCE_DEGREE,1833,295,0.9252596909044845
bcsstk15,BEST_AVAILABLE_OF_5_LARGER_GRAPHS,INCIDENCE_DEGREE,1831,296,0.9250063339244996
bcsstk15,BEST_AVAILABLE_OF_5_LARGER_GRAPHS,INCIDENCE_DEGREE,1451,297,0.9247529769445149
bcsstk15,BEST_AVAILABLE_OF_5_LARGER_GRAPHS,INCIDENCE_DEGREE,1449,298,0.92449961996453
bcsstk15,BEST_AVAILABLE_OF_5_LARGER_GRAPHS,INCIDENCE_DEGREE,1447,299,0.9242462629845453
bcsstk15,BEST_AVAILABLE_OF_5_LARGER_GRAPHS,INCIDENCE_DEGREE,1853,300,0.9239929060045604
bcsstk15,BEST_AVAILABLE_OF_5_LARGER_GRAPHS,INCIDENCE_DEGREE,1851,301,0.9237395490245757
bcsstk15,BEST_AVAILABLE_OF_5_LARGER_GRAPHS,INCIDENCE_DEGREE,1849,302,0.9234861920445908
bcsstk15,BEST_AVAILABLE_OF_5_LARGER_GRAPHS,INCIDENCE_DEGREE,1847,303,0.9232328350646061
bcsstk15,BEST_AVAILABLE_OF_5_LARGER_GRAPHS,INCIDENCE_DEGREE,1845,304,0.9229794780846212
bcsstk15,BEST_AVAILABLE_OF_5_LARGER_GRAPHS,INCIDENCE_DEGREE,1439,305,0.9227261211046365
bcsstk15,BEST_AVAILABLE_OF_5_LARGER_GRAPHS,INCIDENCE_DEGREE,1437,306,0.9224727641246516
bcsstk15,BEST_AVAILABLE_OF_5_LARGER_GRAPHS,INCIDENCE_DEGREE,1435,307,0.9222194071446669
bcsstk15,BEST_AVAILABLE_OF_5_LARGER_GRAPHS,INCIDENCE_DEGREE,1843,308,0.921966050164682
bcsstk15,BEST_AVAILABLE_OF_5_LARGER_GRAPHS,INCIDENCE_DEGREE,1095,309,0.9217126931846973
bcsstk15,BEST_AVAILABLE_OF_5_LARGER_GRAPHS,INCIDENCE_DEGREE,1097,310,0.9214593362047124
bcsstk15,BEST_AVAILABLE_OF_5_LARGER_GRAPHS,INCIDENCE_DEGREE,1093,311,0.9212059792247277
bcsstk15,BEST_AVAILABLE_OF_5_LARGER_GRAPHS,INCIDENCE_DEGREE,1433,312,0.9209526222447428
bcsstk15,BEST_AVAILABLE_OF_5_LARGER_GRAPHS,INCIDENCE_DEGREE,1431,313,0.9206992652647581
bcsstk15,BEST_AVAILABLE_OF_5_LARGER_GRAPHS,INCIDENCE_DEGREE,1429,314,0.9204459082847732
bcsstk15,BEST_AVAILABLE_OF_5_LARGER_GRAPHS,INCIDENCE_DEGREE,1841,315,0.9201925513047885
bcsstk15,BEST_AVAILABLE_OF_5_LARGER_GRAPHS,INCIDENCE_DEGREE,2177,316,0.9199391943248036
bcsstk15,BEST_AVAILABLE_OF_5_LARGER_GRAPHS,INCIDENCE_DEGREE,2175,317,0.9196858373448189
bcsstk15,BEST_AVAILABLE_OF_5_LARGER_GRAPHS,INCIDENCE_DEGREE,2173,318,0.919432480364834
bcsstk15,BEST_AVAILABLE_OF_5_LARGER_GRAPHS,INCIDENCE_DEGREE,1839,319,0.9191791233848493
bcsstk15,BEST_AVAILABLE_OF_5_LARGER_GRAPHS,INCIDENCE_DEGREE,1837,320,0.9189257664048645
bcsstk15,BEST_AVAILABLE_OF_5_LARGER_GRAPHS,INCIDENCE_DEGREE,1859,321,0.9186724094248797
bcsstk15,BEST_AVAILABLE_OF_5_LARGER_GRAPHS,INCIDENCE_DEGREE,1857,322,0.9184190524448949
bcsstk15,BEST_AVAILABLE_OF_5_LARGER_GRAPHS,INCIDENCE_DEGREE,1855,323,0.91816569546491
bcsstk15,BEST_AVAILABLE_OF_5_LARGER_GRAPHS,INCIDENCE_DEGREE,1475,324,0.9179123384849253
bcsstk15,BEST_AVAILABLE_OF_5_LARGER_GRAPHS,INCIDENCE_DEGREE,1473,325,0.9176589815049404
bcsstk15,BEST_AVAILABLE_OF_5_LARGER_GRAPHS,INCIDENCE_DEGREE,1471,326,0.9174056245249557
bcsstk15,BEST_AVAILABLE_OF_5_LARGER_GRAPHS,INCIDENCE_DEGREE,1481,327,0.9171522675449708
bcsstk15,BEST_AVAILABLE_OF_5_LARGER_GRAPHS,INCIDENCE_DEGREE,1479,328,0.9168989105649861
bcsstk15,BEST_AVAILABLE_OF_5_LARGER_GRAPHS,INCIDENCE_DEGREE,1477,329,0.9166455535850012
bcsstk15,BEST_AVAILABLE_OF_5_LARGER_GRAPHS,INCIDENCE_DEGREE,1421,330,0.9163921966050165
bcsstk15,BEST_AVAILABLE_OF_5_LARGER_GRAPHS,INCIDENCE_DEGREE,1419,331,0.9161388396250316
bcsstk15,BEST_AVAILABLE_OF_5_LARGER_GRAPHS,INCIDENCE_DEGREE,1417,332,0.9158854826450469
bcsstk15,BEST_AVAILABLE_OF_5_LARGER_GRAPHS,INCIDENCE_DEGREE,1091,333,0.915632125665062
bcsstk15,BEST_AVAILABLE_OF_5_LARGER_GRAPHS,INCIDENCE_DEGREE,1089,334,0.9153787686850773
bcsstk15,BEST_AVAILABLE_OF_5_LARGER_GRAPHS,INCIDENCE_DEGREE,1087,335,0.9151254117050924
bcsstk15,BEST_AVAILABLE_OF_5_LARGER_GRAPHS,INCIDENCE_DEGREE,785,336,0.9148720547251077
bcsstk15,BEST_AVAILABLE_OF_5_LARGER_GRAPHS,INCIDENCE_DEGREE,783,337,0.9146186977451228
bcsstk15,BEST_AVAILABLE_OF_5_LARGER_GRAPHS,INCIDENCE_DEGREE,781,338,0.9143653407651381
bcsstk15,BEST_AVAILABLE_OF_5_LARGER_GRAPHS,INCIDENCE_DEGREE,599,339,0.9141119837851532
bcsstk15,BEST_AVAILABLE_OF_5_LARGER_GRAPHS,INCIDENCE_DEGREE,597,340,0.9138586268051685
bcsstk15,BEST_AVAILABLE_OF_5_LARGER_GRAPHS,INCIDENCE_DEGREE,595,341,0.9136052698251836
bcsstk15,BEST_AVAILABLE_OF_5_LARGER_GRAPHS,INCIDENCE_DEGREE,533,342,0.9133519128451989
bcsstk15,BEST_AVAILABLE_OF_5_LARGER_GRAPHS,INCIDENCE_DEGREE,779,343,0.913098555865214
bcsstk15,BEST_AVAILABLE_OF_5_LARGER_GRAPHS,INCIDENCE_DEGREE,777,344,0.9128451988852293
bcsstk15,BEST_AVAILABLE_OF_5_LARGER_GRAPHS,INCIDENCE_DEGREE,775,345,0.9125918419052444
bcsstk15,BEST_AVAILABLE_OF_5_LARGER_GRAPHS,INCIDENCE_DEGREE,531,346,0.9123384849252597
bcsstk15,BEST_AVAILABLE_OF_5_LARGER_GRAPHS,INCIDENCE_DEGREE,529,347,0.9120851279452749
bcsstk15,BEST_AVAILABLE_OF_5_LARGER_GRAPHS,INCIDENCE_DEGREE,1079,348,0.9118317709652901
bcsstk15,BEST_AVAILABLE_OF_5_LARGER_GRAPHS,INCIDENCE_DEGREE,1077,349,0.9115784139853053
bcsstk15,BEST_AVAILABLE_OF_5_LARGER_GRAPHS,INCIDENCE_DEGREE,1075,350,0.9113250570053205
bcsstk15,BEST_AVAILABLE_OF_5_LARGER_GRAPHS,INCIDENCE_DEGREE,1115,351,0.9110717000253357
bcsstk15,BEST_AVAILABLE_OF_5_LARGER_GRAPHS,INCIDENCE_DEGREE,1113,352,0.9108183430453509
bcsstk15,BEST_AVAILABLE_OF_5_LARGER_GRAPHS,INCIDENCE_DEGREE,1111,353,0.9105649860653661
bcsstk15,BEST_AVAILABLE_OF_5_LARGER_GRAPHS,INCIDENCE_DEGREE,1127,354,0.9103116290853813
bcsstk15,BEST_AVAILABLE_OF_5_LARGER_GRAPHS,INCIDENCE_DEGREE,1125,355,0.9100582721053965
bcsstk15,BEST_AVAILABLE_OF_5_LARGER_GRAPHS,INCIDENCE_DEGREE,1123,356,0.9098049151254117
bcsstk15,BEST_AVAILABLE_OF_5_LARGER_GRAPHS,INCIDENCE_DEGREE,1067,357,0.9095515581454269
bcsstk15,BEST_AVAILABLE_OF_5_LARGER_GRAPHS,INCIDENCE_DEGREE,1065,358,0.9092982011654421
bcsstk15,BEST_AVAILABLE_OF_5_LARGER_GRAPHS,INCIDENCE_DEGREE,1063,359,0.9090448441854573
bcsstk15,BEST_AVAILABLE_OF_5_LARGER_GRAPHS,INCIDENCE_DEGREE,767,360,0.9087914872054725
bcsstk15,BEST_AVAILABLE_OF_5_LARGER_GRAPHS,INCIDENCE_DEGREE,765,361,0.9085381302254877
bcsstk15,BEST_AVAILABLE_OF_5_LARGER_GRAPHS,INCIDENCE_DEGREE,763,362,0.9082847732455029
bcsstk15,BEST_AVAILABLE_OF_5_LARGER_GRAPHS,INCIDENCE_DEGREE,527,363,0.9080314162655181
bcsstk15,BEST_AVAILABLE_OF_5_LARGER_GRAPHS,INCIDENCE_DEGREE,525,364,0.9077780592855333
bcsstk15,BEST_AVAILABLE_OF_5_LARGER_GRAPHS,INCIDENCE_DEGREE,523,365,0.9075247023055485
bcsstk15,BEST_AVAILABLE_OF_5_LARGER_GRAPHS,INCIDENCE_DEGREE,521,366,0.9072713453255637
bcsstk15,BEST_AVAILABLE_OF_5_LARGER_GRAPHS,INCIDENCE_DEGREE,761,367,0.9070179883455789
bcsstk15,BEST_AVAILABLE_OF_5_LARGER_GRAPHS,INCIDENCE_DEGREE,759,368,0.9067646313655942
bcsstk15,BEST_AVAILABLE_OF_5_LARGER_GRAPHS,INCIDENCE_DEGREE,757,369,0.9065112743856093
bcsstk15,BEST_AVAILABLE_OF_5_LARGER_GRAPHS,INCIDENCE_DEGREE,519,370,0.9062579174056246
bcsstk15,BEST_AVAILABLE_OF_5_LARGER_GRAPHS,INCIDENCE_DEGREE,517,371,0.9060045604256397
bcsstk15,BEST_AVAILABLE_OF_5_LARGER_GRAPHS,INCIDENCE_DEGREE,515,372,0.905751203445655
bcsstk15,BEST_AVAILABLE_OF_5_LARGER_GRAPHS,INCIDENCE_DEGREE,513,373,0.9054978464656701
bcsstk15,BEST_AVAILABLE_OF_5_LARGER_GRAPHS,INCIDENCE_DEGREE,511,374,0.9052444894856854
bcsstk15,BEST_AVAILABLE_OF_5_LARGER_GRAPHS,INCIDENCE_DEGREE,755,375,0.9049911325057005
bcsstk15,BEST_AVAILABLE_OF_5_LARGER_GRAPHS,INCIDENCE_DEGREE,797,376,0.9047377755257158
bcsstk15,BEST_AVAILABLE_OF_5_LARGER_GRAPHS,INCIDENCE_DEGREE,795,377,0.9044844185457309
bcsstk15,BEST_AVAILABLE_OF_5_LARGER_GRAPHS,INCIDENCE_DEGREE,793,378,0.9042310615657462
bcsstk15,BEST_AVAILABLE_OF_5_LARGER_GRAPHS,INCIDENCE_DEGREE,753,379,0.9039777045857613
bcsstk15,BEST_AVAILABLE_OF_5_LARGER_GRAPHS,INCIDENCE_DEGREE,751,380,0.9037243476057766
bcsstk15,BEST_AVAILABLE_OF_5_LARGER_GRAPHS,INCIDENCE_DEGREE,809,381,0.9034709906257917
bcsstk15,BEST_AVAILABLE_OF_5_LARGER_GRAPHS,INCIDENCE_DEGREE,807,382,0.903217633645807
bcsstk15,BEST_AVAILABLE_OF_5_LARGER_GRAPHS,INCIDENCE_DEGREE,805,383,0.9029642766658221
bcsstk15,BEST_AVAILABLE_OF_5_LARGER_GRAPHS,INCIDENCE_DEGREE,821,384,0.9027109196858374
bcsstk15,BEST_AVAILABLE_OF_5_LARGER_GRAPHS,INCIDENCE_DEGREE,819,385,0.9024575627058525
bcsstk15,BEST_AVAILABLE_OF_5_LARGER_GRAPHS,INCIDENCE_DEGREE,817,386,0.9022042057258678
bcsstk15,BEST_AVAILABLE_OF_5_LARGER_GRAPHS,INCIDENCE_DEGREE,569,387,0.9019508487458829
bcsstk15,BEST_AVAILABLE_OF_5_LARGER_GRAPHS,INCIDENCE_DEGREE,567,388,0.9016974917658982
bcsstk15,BEST_AVAILABLE_OF_5_LARGER_GRAPHS,INCIDENCE_DEGREE,565,389,0.9014441347859133
bcsstk15,BEST_AVAILABLE_OF_5_LARGER_GRAPHS,INCIDENCE_DEGREE,557,390,0.9011907778059286
bcsstk15,BEST_AVAILABLE_OF_5_LARGER_GRAPHS,INCIDENCE_DEGREE,555,391,0.9009374208259437
bcsstk15,BEST_AVAILABLE_OF_5_LARGER_GRAPHS,INCIDENCE_DEGREE,553,392,0.900684063845959
bcsstk15,BEST_AVAILABLE_OF_5_LARGER_GRAPHS,INCIDENCE_DEGREE,545,393,0.9004307068659742
bcsstk15,BEST_AVAILABLE_OF_5_LARGER_GRAPHS,INCIDENCE_DEGREE,543,394,0.9001773498859894
bcsstk15,BEST_AVAILABLE_OF_5_LARGER_GRAPHS,INCIDENCE_DEGREE,541,395,0.8999239929060046
bcsstk15,BEST_AVAILABLE_OF_5_LARGER_GRAPHS,INCIDENCE_DEGREE,509,396,0.8996706359260198
bcsstk15,BEST_AVAILABLE_OF_5_LARGER_GRAPHS,INCIDENCE_DEGREE,507,397,0.899417278946035
bcsstk15,BEST_AVAILABLE_OF_5_LARGER_GRAPHS,INCIDENCE_DEGREE,505,398,0.8991639219660502
bcsstk15,BEST_AVAILABLE_OF_5_LARGER_GRAPHS,INCIDENCE_DEGREE,503,399,0.8989105649860654
bcsstk15,BEST_AVAILABLE_OF_5_LARGER_GRAPHS,INCIDENCE_DEGREE,501,400,0.8986572080060806
bcsstk15,BEST_AVAILABLE_OF_5_LARGER_GRAPHS,INCIDENCE_DEGREE,581,401,0.8984038510260958
bcsstk15,BEST_AVAILABLE_OF_5_LARGER_GRAPHS,INCIDENCE_DEGREE,579,402,0.898150494046111
bcsstk15,BEST_AVAILABLE_OF_5_LARGER_GRAPHS,INCIDENCE_DEGREE,577,403,0.8978971370661262
bcsstk15,BEST_AVAILABLE_OF_5_LARGER_GRAPHS,INCIDENCE_DEGREE,816,404,0.8976437800861413
bcsstk15,BEST_AVAILABLE_OF_5_LARGER_GRAPHS,INCIDENCE_DEGREE,1122,405,0.8973904231061566
bcsstk15,BEST_AVAILABLE_OF_5_LARGER_GRAPHS,INCIDENCE_DEGREE,1112,406,0.8971370661261717
bcsstk15,BEST_AVAILABLE_OF_5_LARGER_GRAPHS,INCIDENCE_DEGREE,1110,407,0.896883709146187
bcsstk15,BEST_AVAILABLE_OF_5_LARGER_GRAPHS,INCIDENCE_DEGREE,1476,408,0.8966303521662021
bcsstk15,BEST_AVAILABLE_OF_5_LARGER_GRAPHS,INCIDENCE_DEGREE,1472,409,0.8963769951862174
bcsstk15,BEST_AVAILABLE_OF_5_LARGER_GRAPHS,INCIDENCE_DEGREE,1470,410,0.8961236382062325
bcsstk15,BEST_AVAILABLE_OF_5_LARGER_GRAPHS,INCIDENCE_DEGREE,1114,411,0.8958702812262478
bcsstk15,BEST_AVAILABLE_OF_5_LARGER_GRAPHS,INCIDENCE_DEGREE,1474,412,0.8956169242462629
bcsstk15,BEST_AVAILABLE_OF_5_LARGER_GRAPHS,INCIDENCE_DEGREE,1126,413,0.8953635672662782
bcsstk15,BEST_AVAILABLE_OF_5_LARGER_GRAPHS,INCIDENCE_DEGREE,1124,414,0.8951102102862933
bcsstk15,BEST_AVAILABLE_OF_5_LARGER_GRAPHS,INCIDENCE_DEGREE,1480,415,0.8948568533063086
bcsstk15,BEST_AVAILABLE_OF_5_LARGER_GRAPHS,INCIDENCE_DEGREE,1478,416,0.8946034963263237
bcsstk15,BEST_AVAILABLE_OF_5_LARGER_GRAPHS,INCIDENCE_DEGREE,1854,417,0.894350139346339
bcsstk15,BEST_AVAILABLE_OF_5_LARGER_GRAPHS,INCIDENCE_DEGREE,1858,418,0.8940967823663541
bcsstk15,BEST_AVAILABLE_OF_5_LARGER_GRAPHS,INCIDENCE_DEGREE,1856,419,0.8938434253863694
bcsstk15,BEST_AVAILABLE_OF_5_LARGER_GRAPHS,INCIDENCE_DEGREE,1838,420,0.8935900684063846
bcsstk15,BEST_AVAILABLE_OF_5_LARGER_GRAPHS,INCIDENCE_DEGREE,1836,421,0.8933367114263998
bcsstk15,BEST_AVAILABLE_OF_5_LARGER_GRAPHS,INCIDENCE_DEGREE,2172,422,0.893083354446415
bcsstk15,BEST_AVAILABLE_OF_5_LARGER_GRAPHS,INCIDENCE_DEGREE,2176,423,0.8928299974664302
bcsstk15,BEST_AVAILABLE_OF_5_LARGER_GRAPHS,INCIDENCE_DEGREE,2174,424,0.8925766404864454
bcsstk15,BEST_AVAILABLE_OF_5_LARGER_GRAPHS,INCIDENCE_DEGREE,1842,425,0.8923232835064606
bcsstk15,BEST_AVAILABLE_OF_5_LARGER_GRAPHS,INCIDENCE_DEGREE,1844,426,0.8920699265264758
bcsstk15,BEST_AVAILABLE_OF_5_LARGER_GRAPHS,INCIDENCE_DEGREE,1840,427,0.891816569546491
bcsstk15,BEST_AVAILABLE_OF_5_LARGER_GRAPHS,INCIDENCE_DEGREE,1846,428,0.8915632125665062
bcsstk15,BEST_AVAILABLE_OF_5_LARGER_GRAPHS,INCIDENCE_DEGREE,1428,429,0.8913098555865214
bcsstk15,BEST_AVAILABLE_OF_5_LARGER_GRAPHS,INCIDENCE_DEGREE,1418,430,0.8910564986065366
bcsstk15,BEST_AVAILABLE_OF_5_LARGER_GRAPHS,INCIDENCE_DEGREE,1416,431,0.8908031416265518
bcsstk15,BEST_AVAILABLE_OF_5_LARGER_GRAPHS,INCIDENCE_DEGREE,1430,432,0.890549784646567
bcsstk15,BEST_AVAILABLE_OF_5_LARGER_GRAPHS,INCIDENCE_DEGREE,1420,433,0.8902964276665822
bcsstk15,BEST_AVAILABLE_OF_5_LARGER_GRAPHS,INCIDENCE_DEGREE,1432,434,0.8900430706865974
bcsstk15,BEST_AVAILABLE_OF_5_LARGER_GRAPHS,INCIDENCE_DEGREE,1436,435,0.8897897137066126
bcsstk15,BEST_AVAILABLE_OF_5_LARGER_GRAPHS,INCIDENCE_DEGREE,1434,436,0.8895363567266278
bcsstk15,BEST_AVAILABLE_OF_5_LARGER_GRAPHS,INCIDENCE_DEGREE,1438,437,0.889282999746643
bcsstk15,BEST_AVAILABLE_OF_5_LARGER_GRAPHS,INCIDENCE_DEGREE,1086,438,0.8890296427666582
bcsstk15,BEST_AVAILABLE_OF_5_LARGER_GRAPHS,INCIDENCE_DEGREE,1074,439,0.8887762857866734
bcsstk15,BEST_AVAILABLE_OF_5_LARGER_GRAPHS,INCIDENCE_DEGREE,1088,440,0.8885229288066886
bcsstk15,BEST_AVAILABLE_OF_5_LARGER_GRAPHS,INCIDENCE_DEGREE,1076,441,0.8882695718267039
bcsstk15,BEST_AVAILABLE_OF_5_LARGER_GRAPHS,INCIDENCE_DEGREE,1062,442,0.888016214846719
bcsstk15,BEST_AVAILABLE_OF_5_LARGER_GRAPHS,INCIDENCE_DEGREE,1064,443,0.8877628578667343
bcsstk15,BEST_AVAILABLE_OF_5_LARGER_GRAPHS,INCIDENCE_DEGREE,806,444,0.8875095008867494
bcsstk15,BEST_AVAILABLE_OF_5_LARGER_GRAPHS,INCIDENCE_DEGREE,804,445,0.8872561439067647
bcsstk15,BEST_AVAILABLE_OF_5_LARGER_GRAPHS,INCIDENCE_DEGREE,818,446,0.8870027869267798
bcsstk15,BEST_AVAILABLE_OF_5_LARGER_GRAPHS,INCIDENCE_DEGREE,820,447,0.8867494299467951
bcsstk15,BEST_AVAILABLE_OF_5_LARGER_GRAPHS,INCIDENCE_DEGREE,1119,448,0.8864960729668102
bcsstk15,BEST_AVAILABLE_OF_5_LARGER_GRAPHS,INCIDENCE_DEGREE,1467,449,0.8862427159868255
bcsstk15,BEST_AVAILABLE_OF_5_LARGER_GRAPHS,INCIDENCE_DEGREE,1468,450,0.8859893590068406
bcsstk15,BEST_AVAILABLE_OF_5_LARGER_GRAPHS,INCIDENCE_DEGREE,1466,451,0.8857360020268559
bcsstk15,BEST_AVAILABLE_OF_5_LARGER_GRAPHS,INCIDENCE_DEGREE,1120,452,0.885482645046871
bcsstk15,BEST_AVAILABLE_OF_5_LARGER_GRAPHS,INCIDENCE_DEGREE,1118,453,0.8852292880668863
bcsstk15,BEST_AVAILABLE_OF_5_LARGER_GRAPHS,INCIDENCE_DEGREE,1116,454,0.8849759310869014
bcsstk15,BEST_AVAILABLE_OF_5_LARGER_GRAPHS,INCIDENCE_DEGREE,1464,455,0.8847225741069167
bcsstk15,BEST_AVAILABLE_OF_5_LARGER_GRAPHS,INCIDENCE_DEGREE,1465,456,0.8844692171269318
bcsstk15,BEST_AVAILABLE_OF_5_LARGER_GRAPHS,INCIDENCE_DEGREE,1117,457,0.8842158601469471
bcsstk15,BEST_AVAILABLE_OF_5_LARGER_GRAPHS,INCIDENCE_DEGREE,814,458,0.8839625031669622
bcsstk15,BEST_AVAILABLE_OF_5_LARGER_GRAPHS,INCIDENCE_DEGREE,813,459,0.8837091461869775
bcsstk15,BEST_AVAILABLE_OF_5_LARGER_GRAPHS,INCIDENCE_DEGREE,812,460,0.8834557892069926
bcsstk15,BEST_AVAILABLE_OF_5_LARGER_GRAPHS,INCIDENCE_DEGREE,1121,461,0.8832024322270079
bcsstk15,BEST_AVAILABLE_OF_5_LARGER_GRAPHS,INCIDENCE_DEGREE,811,462,0.882949075247023
bcsstk15,BEST_AVAILABLE_OF_5_LARGER_GRAPHS,INCIDENCE_DEGREE,810,463,0.8826957182670383
bcsstk15,BEST_AVAILABLE_OF_5_LARGER_GRAPHS,INCIDENCE_DEGREE,1469,464,0.8824423612870534
bcsstk15,BEST_AVAILABLE_OF_5_LARGER_GRAPHS,INCIDENCE_DEGREE,1828,465,0.8821890043070687
bcsstk15,BEST_AVAILABLE_OF_5_LARGER_GRAPHS,INCIDENCE_DEGREE,1827,466,0.8819356473270838
bcsstk15,BEST_AVAILABLE_OF_5_LARGER_GRAPHS,INCIDENCE_DEGREE,1826,467,0.8816822903470991
bcsstk15,BEST_AVAILABLE_OF_5_LARGER_GRAPHS,INCIDENCE_DEGREE,1825,468,0.8814289333671143
bcsstk15,BEST_AVAILABLE_OF_5_LARGER_GRAPHS,INCIDENCE_DEGREE,815,469,0.8811755763871295
bcsstk15,BEST_AVAILABLE_OF_5_LARGER_GRAPHS,INCIDENCE_DEGREE,578,470,0.8809222194071447
bcsstk15,BEST_AVAILABLE_OF_5_LARGER_GRAPHS,INCIDENCE_DEGREE,580,471,0.8806688624271599
bcsstk15,BEST_AVAILABLE_OF_5_LARGER_GRAPHS,INCIDENCE_DEGREE,576,472,0.8804155054471751
bcsstk15,BEST_AVAILABLE_OF_5_LARGER_GRAPHS,INCIDENCE_DEGREE,574,473,0.8801621484671903
bcsstk15,BEST_AVAILABLE_OF_5_LARGER_GRAPHS,INCIDENCE_DEGREE,571,474,0.8799087914872055
bcsstk15,BEST_AVAILABLE_OF_5_LARGER_GRAPHS,INCIDENCE_DEGREE,573,475,0.8796554345072207
bcsstk15,BEST_AVAILABLE_OF_5_LARGER_GRAPHS,INCIDENCE_DEGREE,572,476,0.8794020775272359
bcsstk15,BEST_AVAILABLE_OF_5_LARGER_GRAPHS,INCIDENCE_DEGREE,566,477,0.8791487205472511
bcsstk15,BEST_AVAILABLE_OF_5_LARGER_GRAPHS,INCIDENCE_DEGREE,575,478,0.8788953635672663
bcsstk15,BEST_AVAILABLE_OF_5_LARGER_GRAPHS,INCIDENCE_DEGREE,568,479,0.8786420065872815
bcsstk15,BEST_AVAILABLE_OF_5_LARGER_GRAPHS,INCIDENCE_DEGREE,570,480,0.8783886496072967
bcsstk15,BEST_AVAILABLE_OF_5_LARGER_GRAPHS,INCIDENCE_DEGREE,564,481,0.8781352926273119
bcsstk15,BEST_AVAILABLE_OF_5_LARGER_GRAPHS,INCIDENCE_DEGREE,794,482,0.8778819356473271
bcsstk15,BEST_AVAILABLE_OF_5_LARGER_GRAPHS,INCIDENCE_DEGREE,792,483,0.8776285786673423
bcsstk15,BEST_AVAILABLE_OF_5_LARGER_GRAPHS,INCIDENCE_DEGREE,554,484,0.8773752216873575
bcsstk15,BEST_AVAILABLE_OF_5_LARGER_GRAPHS,INCIDENCE_DEGREE,808,485,0.8771218647073726
bcsstk15,BEST_AVAILABLE_OF_5_LARGER_GRAPHS,INCIDENCE_DEGREE,365,486,0.8768685077273879
bcsstk15,BEST_AVAILABLE_OF_5_LARGER_GRAPHS,INCIDENCE_DEGREE,364,487,0.876615150747403
bcsstk15,BEST_AVAILABLE_OF_5_LARGER_GRAPHS,INCIDENCE_DEGREE,556,488,0.8763617937674183
bcsstk15,BEST_AVAILABLE_OF_5_LARGER_GRAPHS,INCIDENCE_DEGREE,552,489,0.8761084367874334
bcsstk15,BEST_AVAILABLE_OF_5_LARGER_GRAPHS,INCIDENCE_DEGREE,360,490,0.8758550798074487
bcsstk15,BEST_AVAILABLE_OF_5_LARGER_GRAPHS,INCIDENCE_DEGREE,352,491,0.8756017228274638
bcsstk15,BEST_AVAILABLE_OF_5_LARGER_GRAPHS,INCIDENCE_DEGREE,362,492,0.8753483658474791
bcsstk15,BEST_AVAILABLE_OF_5_LARGER_GRAPHS,INCIDENCE_DEGREE,361,493,0.8750950088674943
bcsstk15,BEST_AVAILABLE_OF_5_LARGER_GRAPHS,INCIDENCE_DEGREE,353,494,0.8748416518875095
bcsstk15,BEST_AVAILABLE_OF_5_LARGER_GRAPHS,INCIDENCE_DEGREE,544,495,0.8745882949075247
bcsstk15,BEST_AVAILABLE_OF_5_LARGER_GRAPHS,INCIDENCE_DEGREE,348,496,0.8743349379275399
bcsstk15,BEST_AVAILABLE_OF_5_LARGER_GRAPHS,INCIDENCE_DEGREE,540,497,0.8740815809475551
bcsstk15,BEST_AVAILABLE_OF_5_LARGER_GRAPHS,INCIDENCE_DEGREE,752,498,0.8738282239675703
bcsstk15,BEST_AVAILABLE_OF_5_LARGER_GRAPHS,INCIDENCE_DEGREE,542,499,0.8735748669875855
bcsstk15,BEST_AVAILABLE_OF_5_LARGER_GRAPHS,INCIDENCE_DEGREE,750,500,0.8733215100076007
bcsstk15,BEST_AVAILABLE_OF_5_LARGER_GRAPHS,INCIDENCE_DEGREE,758,501,0.8730681530276159
bcsstk15,BEST_AVAILABLE_OF_5_LARGER_GRAPHS,INCIDENCE_DEGREE,756,502,0.8728147960476311
bcsstk15,BEST_AVAILABLE_OF_5_LARGER_GRAPHS,INCIDENCE_DEGREE,764,503,0.8725614390676463
bcsstk15,BEST_AVAILABLE_OF_5_LARGER_GRAPHS,INCIDENCE_DEGREE,762,504,0.8723080820876615
bcsstk15,BEST_AVAILABLE_OF_5_LARGER_GRAPHS,INCIDENCE_DEGREE,510,505,0.8720547251076767
bcsstk15,BEST_AVAILABLE_OF_5_LARGER_GRAPHS,INCIDENCE_DEGREE,504,506,0.8718013681276919
bcsstk15,BEST_AVAILABLE_OF_5_LARGER_GRAPHS,INCIDENCE_DEGREE,512,507,0.8715480111477071
bcsstk15,BEST_AVAILABLE_OF_5_LARGER_GRAPHS,INCIDENCE_DEGREE,516,508,0.8712946541677223
bcsstk15,BEST_AVAILABLE_OF_5_LARGER_GRAPHS,INCIDENCE_DEGREE,506,509,0.8710412971877375
bcsstk15,BEST_AVAILABLE_OF_5_LARGER_GRAPHS,INCIDENCE_DEGREE,514,510,0.8707879402077527
bcsstk15,BEST_AVAILABLE_OF_5_LARGER_GRAPHS,INCIDENCE_DEGREE,518,511,0.8705345832277679
bcsstk15,BEST_AVAILABLE_OF_5_LARGER_GRAPHS,INCIDENCE_DEGREE,776,512,0.8702812262477831
bcsstk15,BEST_AVAILABLE_OF_5_LARGER_GRAPHS,INCIDENCE_DEGREE,774,513,0.8700278692677983
bcsstk15,BEST_AVAILABLE_OF_5_LARGER_GRAPHS,INCIDENCE_DEGREE,1092,514,0.8697745122878136
bcsstk15,BEST_AVAILABLE_OF_5_LARGER_GRAPHS,INCIDENCE_DEGREE,1094,515,0.8695211553078287
bcsstk15,BEST_AVAILABLE_OF_5_LARGER_GRAPHS,INCIDENCE_DEGREE,1090,516,0.869267798327844
bcsstk15,BEST_AVAILABLE_OF_5_LARGER_GRAPHS,INCIDENCE_DEGREE,1078,517,0.8690144413478591
bcsstk15,BEST_AVAILABLE_OF_5_LARGER_GRAPHS,INCIDENCE_DEGREE,520,518,0.8687610843678744
bcsstk15,BEST_AVAILABLE_OF_5_LARGER_GRAPHS,INCIDENCE_DEGREE,766,519,0.8685077273878895
bcsstk15,BEST_AVAILABLE_OF_5_LARGER_GRAPHS,INCIDENCE_DEGREE,522,520,0.8682543704079048
bcsstk15,BEST_AVAILABLE_OF_5_LARGER_GRAPHS,INCIDENCE_DEGREE,778,521,0.8680010134279199
bcsstk15,BEST_AVAILABLE_OF_5_LARGER_GRAPHS,INCIDENCE_DEGREE,782,522,0.8677476564479352
bcsstk15,BEST_AVAILABLE_OF_5_LARGER_GRAPHS,INCIDENCE_DEGREE,780,523,0.8674942994679503
bcsstk15,BEST_AVAILABLE_OF_5_LARGER_GRAPHS,INCIDENCE_DEGREE,524,524,0.8672409424879656
bcsstk15,BEST_AVAILABLE_OF_5_LARGER_GRAPHS,INCIDENCE_DEGREE,526,525,0.8669875855079807
bcsstk15,BEST_AVAILABLE_OF_5_LARGER_GRAPHS,INCIDENCE_DEGREE,528,526,0.866734228527996
bcsstk15,BEST_AVAILABLE_OF_5_LARGER_GRAPHS,INCIDENCE_DEGREE,530,527,0.8664808715480111
bcsstk15,BEST_AVAILABLE_OF_5_LARGER_GRAPHS,INCIDENCE_DEGREE,532,528,0.8662275145680264
bcsstk15,BEST_AVAILABLE_OF_5_LARGER_GRAPHS,INCIDENCE_DEGREE,508,529,0.8659741575880415
bcsstk15,BEST_AVAILABLE_OF_5_LARGER_GRAPHS,INCIDENCE_DEGREE,754,530,0.8657208006080568
bcsstk15,BEST_AVAILABLE_OF_5_LARGER_GRAPHS,INCIDENCE_DEGREE,796,531,0.8654674436280719
bcsstk15,BEST_AVAILABLE_OF_5_LARGER_GRAPHS,INCIDENCE_DEGREE,1066,532,0.8652140866480872
bcsstk15,BEST_AVAILABLE_OF_5_LARGER_GRAPHS,INCIDENCE_DEGREE,760,533,0.8649607296681023
bcsstk15,BEST_AVAILABLE_OF_5_LARGER_GRAPHS,INCIDENCE_DEGREE,369,534,0.8647073726881176
bcsstk15,BEST_AVAILABLE_OF_5_LARGER_GRAPHS,INCIDENCE_DEGREE,315,535,0.8644540157081327
bcsstk15,BEST_AVAILABLE_OF_5_LARGER_GRAPHS,INCIDENCE_DEGREE,370,536,0.864200658728148
bcsstk15,BEST_AVAILABLE_OF_5_LARGER_GRAPHS,INCIDENCE_DEGREE,368,537,0.8639473017481631
bcsstk15,BEST_AVAILABLE_OF_5_LARGER_GRAPHS,INCIDENCE_DEGREE,316,538,0.8636939447681784
bcsstk15,BEST_AVAILABLE_OF_5_LARGER_GRAPHS,INCIDENCE_DEGREE,314,539,0.8634405877881935
bcsstk15,BEST_AVAILABLE_OF_5_LARGER_GRAPHS,INCIDENCE_DEGREE,312,540,0.8631872308082088
bcsstk15,BEST_AVAILABLE_OF_5_LARGER_GRAPHS,INCIDENCE_DEGREE,366,541,0.862933873828224
bcsstk15,BEST_AVAILABLE_OF_5_LARGER_GRAPHS,INCIDENCE_DEGREE,367,542,0.8626805168482392
bcsstk15,BEST_AVAILABLE_OF_5_LARGER_GRAPHS,INCIDENCE_DEGREE,313,543,0.8624271598682544
bcsstk15,BEST_AVAILABLE_OF_5_LARGER_GRAPHS,INCIDENCE_DEGREE,310,544,0.8621738028882696
bcsstk15,BEST_AVAILABLE_OF_5_LARGER_GRAPHS,INCIDENCE_DEGREE,309,545,0.8619204459082848
bcsstk15,BEST_AVAILABLE_OF_5_LARGER_GRAPHS,INCIDENCE_DEGREE,308,546,0.8616670889283
bcsstk15,BEST_AVAILABLE_OF_5_LARGER_GRAPHS,INCIDENCE_DEGREE,502,547,0.8614137319483152
bcsstk15,BEST_AVAILABLE_OF_5_LARGER_GRAPHS,INCIDENCE_DEGREE,317,548,0.8611603749683304
bcsstk15,BEST_AVAILABLE_OF_5_LARGER_GRAPHS,INCIDENCE_DEGREE,307,549,0.8609070179883456
bcsstk15,BEST_AVAILABLE_OF_5_LARGER_GRAPHS,INCIDENCE_DEGREE,306,550,0.8606536610083608
bcsstk15,BEST_AVAILABLE_OF_5_LARGER_GRAPHS,INCIDENCE_DEGREE,328,551,0.860400304028376
bcsstk15,BEST_AVAILABLE_OF_5_LARGER_GRAPHS,INCIDENCE_DEGREE,340,552,0.8601469470483912
bcsstk15,BEST_AVAILABLE_OF_5_LARGER_GRAPHS,INCIDENCE_DEGREE,341,553,0.8598935900684064
bcsstk15,BEST_AVAILABLE_OF_5_LARGER_GRAPHS,INCIDENCE_DEGREE,336,554,0.8596402330884216
bcsstk15,BEST_AVAILABLE_OF_5_LARGER_GRAPHS,INCIDENCE_DEGREE,329,555,0.8593868761084368
bcsstk15,BEST_AVAILABLE_OF_5_LARGER_GRAPHS,INCIDENCE_DEGREE,324,556,0.859133519128452
bcsstk15,BEST_AVAILABLE_OF_5_LARGER_GRAPHS,INCIDENCE_DEGREE,325,557,0.8588801621484672
bcsstk15,BEST_AVAILABLE_OF_5_LARGER_GRAPHS,INCIDENCE_DEGREE,311,558,0.8586268051684824
bcsstk15,BEST_AVAILABLE_OF_5_LARGER_GRAPHS,INCIDENCE_DEGREE,326,559,0.8583734481884976
bcsstk15,BEST_AVAILABLE_OF_5_LARGER_GRAPHS,INCIDENCE_DEGREE,327,560,0.8581200912085128
bcsstk15,BEST_AVAILABLE_OF_5_LARGER_GRAPHS,INCIDENCE_DEGREE,610,561,0.857866734228528
bcsstk15,BEST_AVAILABLE_OF_5_LARGER_GRAPHS,INCIDENCE_DEGREE,609,562,0.8576133772485433
bcsstk15,BEST_AVAILABLE_OF_5_LARGER_GRAPHS,INCIDENCE_DEGREE,608,563,0.8573600202685584
bcsstk15,BEST_AVAILABLE_OF_5_LARGER_GRAPHS,INCIDENCE_DEGREE,371,564,0.8571066632885735
bcsstk15,BEST_AVAILABLE_OF_5_LARGER_GRAPHS,INCIDENCE_DEGREE,607,565,0.8568533063085888
bcsstk15,BEST_AVAILABLE_OF_5_LARGER_GRAPHS,INCIDENCE_DEGREE,606,566,0.856599949328604
bcsstk15,BEST_AVAILABLE_OF_5_LARGER_GRAPHS,INCIDENCE_DEGREE,611,567,0.8563465923486192
bcsstk15,BEST_AVAILABLE_OF_5_LARGER_GRAPHS,INCIDENCE_DEGREE,594,568,0.8560932353686344
bcsstk15,BEST_AVAILABLE_OF_5_LARGER_GRAPHS,INCIDENCE_DEGREE,598,569,0.8558398783886496
bcsstk15,BEST_AVAILABLE_OF_5_LARGER_GRAPHS,INCIDENCE_DEGREE,596,570,0.8555865214086648
bcsstk15,BEST_AVAILABLE_OF_5_LARGER_GRAPHS,INCIDENCE_DEGREE,768,571,0.85533316442868
bcsstk15,BEST_AVAILABLE_OF_5_LARGER_GRAPHS,INCIDENCE_DEGREE,770,572,0.8550798074486952
bcsstk15,BEST_AVAILABLE_OF_5_LARGER_GRAPHS,INCIDENCE_DEGREE,1082,573,0.8548264504687104
bcsstk15,BEST_AVAILABLE_OF_5_LARGER_GRAPHS,INCIDENCE_DEGREE,1080,574,0.8545730934887256
bcsstk15,BEST_AVAILABLE_OF_5_LARGER_GRAPHS,INCIDENCE_DEGREE,1424,575,0.8543197365087408
bcsstk15,BEST_AVAILABLE_OF_5_LARGER_GRAPHS,INCIDENCE_DEGREE,1422,576,0.854066379528756
bcsstk15,BEST_AVAILABLE_OF_5_LARGER_GRAPHS,INCIDENCE_DEGREE,1832,577,0.8538130225487712
bcsstk15,BEST_AVAILABLE_OF_5_LARGER_GRAPHS,INCIDENCE_DEGREE,1830,578,0.8535596655687864
bcsstk15,BEST_AVAILABLE_OF_5_LARGER_GRAPHS,INCIDENCE_DEGREE,1850,579,0.8533063085888016
bcsstk15,BEST_AVAILABLE_OF_5_LARGER_GRAPHS,INCIDENCE_DEGREE,1848,580,0.8530529516088168
bcsstk15,BEST_AVAILABLE_OF_5_LARGER_GRAPHS,INCIDENCE_DEGREE,1852,581,0.852799594628832
bcsstk15,BEST_AVAILABLE_OF_5_LARGER_GRAPHS,INCIDENCE_DEGREE,1096,582,0.8525462376488472
bcsstk15,BEST_AVAILABLE_OF_5_LARGER_GRAPHS,INCIDENCE_DEGREE,784,583,0.8522928806688624
bcsstk15,BEST_AVAILABLE_OF_5_LARGER_GRAPHS,INCIDENCE_DEGREE,772,584,0.8520395236888776
bcsstk15,BEST_AVAILABLE_OF_5_LARGER_GRAPHS,INCIDENCE_DEGREE,1084,585,0.8517861667088928
bcsstk15,BEST_AVAILABLE_OF_5_LARGER_GRAPHS,INCIDENCE_DEGREE,1426,586,0.851532809728908
bcsstk15,BEST_AVAILABLE_OF_5_LARGER_GRAPHS,INCIDENCE_DEGREE,894,587,0.8512794527489232
bcsstk15,BEST_AVAILABLE_OF_5_LARGER_GRAPHS,INCIDENCE_DEGREE,910,588,0.8510260957689384
bcsstk15,BEST_AVAILABLE_OF_5_LARGER_GRAPHS,INCIDENCE_DEGREE,909,589,0.8507727387889537
bcsstk15,BEST_AVAILABLE_OF_5_LARGER_GRAPHS,INCIDENCE_DEGREE,908,590,0.8505193818089688
bcsstk15,BEST_AVAILABLE_OF_5_LARGER_GRAPHS,INCIDENCE_DEGREE,907,591,0.8502660248289841
bcsstk15,BEST_AVAILABLE_OF_5_LARGER_GRAPHS,INCIDENCE_DEGREE,906,592,0.8500126678489992
bcsstk15,BEST_AVAILABLE_OF_5_LARGER_GRAPHS,INCIDENCE_DEGREE,898,593,0.8497593108690145
bcsstk15,BEST_AVAILABLE_OF_5_LARGER_GRAPHS,INCIDENCE_DEGREE,896,594,0.8495059538890296
bcsstk15,BEST_AVAILABLE_OF_5_LARGER_GRAPHS,INCIDENCE_DEGREE,884,595,0.8492525969090449
bcsstk15,BEST_AVAILABLE_OF_5_LARGER_GRAPHS,INCIDENCE_DEGREE,882,596,0.84899923992906
bcsstk15,BEST_AVAILABLE_OF_5_LARGER_GRAPHS,INCIDENCE_DEGREE,1242,597,0.8487458829490753
bcsstk15,BEST_AVAILABLE_OF_5_LARGER_GRAPHS,INCIDENCE_DEGREE,1246,598,0.8484925259690904
bcsstk15,BEST_AVAILABLE_OF_5_LARGER_GRAPHS,INCIDENCE_DEGREE,1244,599,0.8482391689891057
bcsstk15,BEST_AVAILABLE_OF_5_LARGER_GRAPHS,INCIDENCE_DEGREE,1258,600,0.8479858120091208
bcsstk15,BEST_AVAILABLE_OF_5_LARGER_GRAPHS,INCIDENCE_DEGREE,1257,601,0.8477324550291361
bcsstk15,BEST_AVAILABLE_OF_5_LARGER_GRAPHS,INCIDENCE_DEGREE,1256,602,0.8474790980491512
bcsstk15,BEST_AVAILABLE_OF_5_LARGER_GRAPHS,INCIDENCE_DEGREE,911,603,0.8472257410691665
bcsstk15,BEST_AVAILABLE_OF_5_LARGER_GRAPHS,INCIDENCE_DEGREE,1255,604,0.8469723840891816
bcsstk15,BEST_AVAILABLE_OF_5_LARGER_GRAPHS,INCIDENCE_DEGREE,1254,605,0.8467190271091969
bcsstk15,BEST_AVAILABLE_OF_5_LARGER_GRAPHS,INCIDENCE_DEGREE,1070,606,0.846465670129212
bcsstk15,BEST_AVAILABLE_OF_5_LARGER_GRAPHS,INCIDENCE_DEGREE,1068,607,0.8462123131492273
bcsstk15,BEST_AVAILABLE_OF_5_LARGER_GRAPHS,INCIDENCE_DEGREE,1412,608,0.8459589561692424
bcsstk15,BEST_AVAILABLE_OF_5_LARGER_GRAPHS,INCIDENCE_DEGREE,1410,609,0.8457055991892577
bcsstk15,BEST_AVAILABLE_OF_5_LARGER_GRAPHS,INCIDENCE_DEGREE,1454,610,0.8454522422092728
bcsstk15,BEST_AVAILABLE_OF_5_LARGER_GRAPHS,INCIDENCE_DEGREE,1452,611,0.8451988852292881
bcsstk15,BEST_AVAILABLE_OF_5_LARGER_GRAPHS,INCIDENCE_DEGREE,1230,612,0.8449455282493032
bcsstk15,BEST_AVAILABLE_OF_5_LARGER_GRAPHS,INCIDENCE_DEGREE,1596,613,0.8446921712693185
bcsstk15,BEST_AVAILABLE_OF_5_LARGER_GRAPHS,INCIDENCE_DEGREE,1232,614,0.8444388142893337
bcsstk15,BEST_AVAILABLE_OF_5_LARGER_GRAPHS,INCIDENCE_DEGREE,1598,615,0.8441854573093489
bcsstk15,BEST_AVAILABLE_OF_5_LARGER_GRAPHS,INCIDENCE_DEGREE,1600,616,0.843932100329364
bcsstk15,BEST_AVAILABLE_OF_5_LARGER_GRAPHS,INCIDENCE_DEGREE,1612,617,0.8436787433493793
bcsstk15,BEST_AVAILABLE_OF_5_LARGER_GRAPHS,INCIDENCE_DEGREE,1611,618,0.8434253863693945
bcsstk15,BEST_AVAILABLE_OF_5_LARGER_GRAPHS,INCIDENCE_DEGREE,1610,619,0.8431720293894097
bcsstk15,BEST_AVAILABLE_OF_5_LARGER_GRAPHS,INCIDENCE_DEGREE,1259,620,0.8429186724094249
bcsstk15,BEST_AVAILABLE_OF_5_LARGER_GRAPHS,INCIDENCE_DEGREE,1609,621,0.8426653154294401
bcsstk15,BEST_AVAILABLE_OF_5_LARGER_GRAPHS,INCIDENCE_DEGREE,1608,622,0.8424119584494553
bcsstk15,BEST_AVAILABLE_OF_5_LARGER_GRAPHS,INCIDENCE_DEGREE,1956,623,0.8421586014694705
bcsstk15,BEST_AVAILABLE_OF_5_LARGER_GRAPHS,INCIDENCE_DEGREE,1960,624,0.8419052444894857
bcsstk15,BEST_AVAILABLE_OF_5_LARGER_GRAPHS,INCIDENCE_DEGREE,1972,625,0.8416518875095009
bcsstk15,BEST_AVAILABLE_OF_5_LARGER_GRAPHS,INCIDENCE_DEGREE,1971,626,0.8413985305295161
bcsstk15,BEST_AVAILABLE_OF_5_LARGER_GRAPHS,INCIDENCE_DEGREE,1958,627,0.8411451735495313
bcsstk15,BEST_AVAILABLE_OF_5_LARGER_GRAPHS,INCIDENCE_DEGREE,1970,628,0.8408918165695465
bcsstk15,BEST_AVAILABLE_OF_5_LARGER_GRAPHS,INCIDENCE_DEGREE,1613,629,0.8406384595895617
bcsstk15,BEST_AVAILABLE_OF_5_LARGER_GRAPHS,INCIDENCE_DEGREE,1969,630,0.8403851026095769
bcsstk15,BEST_AVAILABLE_OF_5_LARGER_GRAPHS,INCIDENCE_DEGREE,1968,631,0.8401317456295921
bcsstk15,BEST_AVAILABLE_OF_5_LARGER_GRAPHS,INCIDENCE_DEGREE,1584,632,0.8398783886496073
bcsstk15,BEST_AVAILABLE_OF_5_LARGER_GRAPHS,INCIDENCE_DEGREE,1586,633,0.8396250316696225
bcsstk15,BEST_AVAILABLE_OF_5_LARGER_GRAPHS,INCIDENCE_DEGREE,1214,634,0.8393716746896377
bcsstk15,BEST_AVAILABLE_OF_5_LARGER_GRAPHS,INCIDENCE_DEGREE,1212,635,0.839118317709653
bcsstk15,BEST_AVAILABLE_OF_5_LARGER_GRAPHS,INCIDENCE_DEGREE,1196,636,0.8388649607296681
bcsstk15,BEST_AVAILABLE_OF_5_LARGER_GRAPHS,INCIDENCE_DEGREE,1194,637,0.8386116037496834
bcsstk15,BEST_AVAILABLE_OF_5_LARGER_GRAPHS,INCIDENCE_DEGREE,1446,638,0.8383582467696985
bcsstk15,BEST_AVAILABLE_OF_5_LARGER_GRAPHS,INCIDENCE_DEGREE,1448,639,0.8381048897897138
bcsstk15,BEST_AVAILABLE_OF_5_LARGER_GRAPHS,INCIDENCE_DEGREE,1568,640,0.8378515328097289
bcsstk15,BEST_AVAILABLE_OF_5_LARGER_GRAPHS,INCIDENCE_DEGREE,1566,641,0.8375981758297442
bcsstk15,BEST_AVAILABLE_OF_5_LARGER_GRAPHS,INCIDENCE_DEGREE,1944,642,0.8373448188497593
bcsstk15,BEST_AVAILABLE_OF_5_LARGER_GRAPHS,INCIDENCE_DEGREE,2280,643,0.8370914618697746
bcsstk15,BEST_AVAILABLE_OF_5_LARGER_GRAPHS,INCIDENCE_DEGREE,1946,644,0.8368381048897897
bcsstk15,BEST_AVAILABLE_OF_5_LARGER_GRAPHS,INCIDENCE_DEGREE,2282,645,0.8365847479098049
bcsstk15,BEST_AVAILABLE_OF_5_LARGER_GRAPHS,INCIDENCE_DEGREE,2284,646,0.8363313909298201
bcsstk15,BEST_AVAILABLE_OF_5_LARGER_GRAPHS,INCIDENCE_DEGREE,2296,647,0.8360780339498353
bcsstk15,BEST_AVAILABLE_OF_5_LARGER_GRAPHS,INCIDENCE_DEGREE,2295,648,0.8358246769698505
bcsstk15,BEST_AVAILABLE_OF_5_LARGER_GRAPHS,INCIDENCE_DEGREE,2294,649,0.8355713199898657
bcsstk15,BEST_AVAILABLE_OF_5_LARGER_GRAPHS,INCIDENCE_DEGREE,1973,650,0.8353179630098809
bcsstk15,BEST_AVAILABLE_OF_5_LARGER_GRAPHS,INCIDENCE_DEGREE,2293,651,0.8350646060298961
bcsstk15,BEST_AVAILABLE_OF_5_LARGER_GRAPHS,INCIDENCE_DEGREE,2292,652,0.8348112490499113
bcsstk15,BEST_AVAILABLE_OF_5_LARGER_GRAPHS,INCIDENCE_DEGREE,2598,653,0.8345578920699265
bcsstk15,BEST_AVAILABLE_OF_5_LARGER_GRAPHS,INCIDENCE_DEGREE,2602,654,0.8343045350899417
bcsstk15,BEST_AVAILABLE_OF_5_LARGER_GRAPHS,INCIDENCE_DEGREE,2614,655,0.8340511781099569
bcsstk15,BEST_AVAILABLE_OF_5_LARGER_GRAPHS,INCIDENCE_DEGREE,2613,656,0.8337978211299721
bcsstk15,BEST_AVAILABLE_OF_5_LARGER_GRAPHS,INCIDENCE_DEGREE,2600,657,0.8335444641499873
bcsstk15,BEST_AVAILABLE_OF_5_LARGER_GRAPHS,INCIDENCE_DEGREE,2612,658,0.8332911071700025
bcsstk15,BEST_AVAILABLE_OF_5_LARGER_GRAPHS,INCIDENCE_DEGREE,2297,659,0.8330377501900177
bcsstk15,BEST_AVAILABLE_OF_5_LARGER_GRAPHS,INCIDENCE_DEGREE,2611,660,0.832784393210033
bcsstk15,BEST_AVAILABLE_OF_5_LARGER_GRAPHS,INCIDENCE_DEGREE,2610,661,0.8325310362300481
bcsstk15,BEST_AVAILABLE_OF_5_LARGER_GRAPHS,INCIDENCE_DEGREE,2268,662,0.8322776792500634
bcsstk15,BEST_AVAILABLE_OF_5_LARGER_GRAPHS,INCIDENCE_DEGREE,2270,663,0.8320243222700785
bcsstk15,BEST_AVAILABLE_OF_5_LARGER_GRAPHS,INCIDENCE_DEGREE,1928,664,0.8317709652900938
bcsstk15,BEST_AVAILABLE_OF_5_LARGER_GRAPHS,INCIDENCE_DEGREE,1926,665,0.8315176083101089
bcsstk15,BEST_AVAILABLE_OF_5_LARGER_GRAPHS,INCIDENCE_DEGREE,2615,666,0.8312642513301242
bcsstk15,BEST_AVAILABLE_OF_5_LARGER_GRAPHS,INCIDENCE_DEGREE,2884,667,0.8310108943501393
bcsstk15,BEST_AVAILABLE_OF_5_LARGER_GRAPHS,INCIDENCE_DEGREE,2880,668,0.8307575373701546
bcsstk15,BEST_AVAILABLE_OF_5_LARGER_GRAPHS,INCIDENCE_DEGREE,2896,669,0.8305041803901697
bcsstk15,BEST_AVAILABLE_OF_5_LARGER_GRAPHS,INCIDENCE_DEGREE,2895,670,0.830250823410185
bcsstk15,BEST_AVAILABLE_OF_5_LARGER_GRAPHS,INCIDENCE_DEGREE,2894,671,0.8299974664302001
bcsstk15,BEST_AVAILABLE_OF_5_LARGER_GRAPHS,INCIDENCE_DEGREE,2882,672,0.8297441094502154
bcsstk15,BEST_AVAILABLE_OF_5_LARGER_GRAPHS,INCIDENCE_DEGREE,2892,673,0.8294907524702305
bcsstk15,BEST_AVAILABLE_OF_5_LARGER_GRAPHS,INCIDENCE_DEGREE,2893,674,0.8292373954902458
bcsstk15,BEST_AVAILABLE_OF_5_LARGER_GRAPHS,INCIDENCE_DEGREE,2586,675,0.8289840385102609
bcsstk15,BEST_AVAILABLE_OF_5_LARGER_GRAPHS,INCIDENCE_DEGREE,2588,676,0.8287306815302762
bcsstk15,BEST_AVAILABLE_OF_5_LARGER_GRAPHS,INCIDENCE_DEGREE,2252,677,0.8284773245502913
bcsstk15,BEST_AVAILABLE_OF_5_LARGER_GRAPHS,INCIDENCE_DEGREE,2250,678,0.8282239675703066
bcsstk15,BEST_AVAILABLE_OF_5_LARGER_GRAPHS,INCIDENCE_DEGREE,3148,679,0.8279706105903217
bcsstk15,BEST_AVAILABLE_OF_5_LARGER_GRAPHS,INCIDENCE_DEGREE,3144,680,0.827717253610337
bcsstk15,BEST_AVAILABLE_OF_5_LARGER_GRAPHS,INCIDENCE_DEGREE,3166,681,0.8274638966303521
bcsstk15,BEST_AVAILABLE_OF_5_LARGER_GRAPHS,INCIDENCE_DEGREE,3165,682,0.8272105396503674
bcsstk15,BEST_AVAILABLE_OF_5_LARGER_GRAPHS,INCIDENCE_DEGREE,3146,683,0.8269571826703825
bcsstk15,BEST_AVAILABLE_OF_5_LARGER_GRAPHS,INCIDENCE_DEGREE,3164,684,0.8267038256903978
bcsstk15,BEST_AVAILABLE_OF_5_LARGER_GRAPHS,INCIDENCE_DEGREE,2897,685,0.8264504687104129
bcsstk15,BEST_AVAILABLE_OF_5_LARGER_GRAPHS,INCIDENCE_DEGREE,3163,686,0.8261971117304282
bcsstk15,BEST_AVAILABLE_OF_5_LARGER_GRAPHS,INCIDENCE_DEGREE,3162,687,0.8259437547504433
bcsstk15,BEST_AVAILABLE_OF_5_LARGER_GRAPHS,INCIDENCE_DEGREE,2862,688,0.8256903977704586
bcsstk15,BEST_AVAILABLE_OF_5_LARGER_GRAPHS,INCIDENCE_DEGREE,2864,689,0.8254370407904738
bcsstk15,BEST_AVAILABLE_OF_5_LARGER_GRAPHS,INCIDENCE_DEGREE,2558,690,0.825183683810489
bcsstk15,BEST_AVAILABLE_OF_5_LARGER_GRAPHS,INCIDENCE_DEGREE,2556,691,0.8249303268305042
bcsstk15,BEST_AVAILABLE_OF_5_LARGER_GRAPHS,INCIDENCE_DEGREE,3167,692,0.8246769698505194
bcsstk15,BEST_AVAILABLE_OF_5_LARGER_GRAPHS,INCIDENCE_DEGREE,3226,693,0.8244236128705346
bcsstk15,BEST_AVAILABLE_OF_5_LARGER_GRAPHS,INCIDENCE_DEGREE,3222,694,0.8241702558905498
bcsstk15,BEST_AVAILABLE_OF_5_LARGER_GRAPHS,INCIDENCE_DEGREE,3400,695,0.823916898910565
bcsstk15,BEST_AVAILABLE_OF_5_LARGER_GRAPHS,INCIDENCE_DEGREE,3399,696,0.8236635419305802
bcsstk15,BEST_AVAILABLE_OF_5_LARGER_GRAPHS,INCIDENCE_DEGREE,3398,697,0.8234101849505954
bcsstk15,BEST_AVAILABLE_OF_5_LARGER_GRAPHS,INCIDENCE_DEGREE,3224,698,0.8231568279706106
bcsstk15,BEST_AVAILABLE_OF_5_LARGER_GRAPHS,INCIDENCE_DEGREE,3396,699,0.8229034709906258
bcsstk15,BEST_AVAILABLE_OF_5_LARGER_GRAPHS,INCIDENCE_DEGREE,3397,700,0.822650114010641
bcsstk15,BEST_AVAILABLE_OF_5_LARGER_GRAPHS,INCIDENCE_DEGREE,2952,701,0.8223967570306562
bcsstk15,BEST_AVAILABLE_OF_5_LARGER_GRAPHS,INCIDENCE_DEGREE,2954,702,0.8221434000506714
bcsstk15,BEST_AVAILABLE_OF_5_LARGER_GRAPHS,INCIDENCE_DEGREE,2672,703,0.8218900430706866
bcsstk15,BEST_AVAILABLE_OF_5_LARGER_GRAPHS,INCIDENCE_DEGREE,2670,704,0.8216366860907018
bcsstk15,BEST_AVAILABLE_OF_5_LARGER_GRAPHS,INCIDENCE_DEGREE,3401,705,0.821383329110717
bcsstk15,BEST_AVAILABLE_OF_5_LARGER_GRAPHS,INCIDENCE_DEGREE,3256,706,0.8211299721307322
bcsstk15,BEST_AVAILABLE_OF_5_LARGER_GRAPHS,INCIDENCE_DEGREE,3252,707,0.8208766151507474
bcsstk15,BEST_AVAILABLE_OF_5_LARGER_GRAPHS,INCIDENCE_DEGREE,3466,708,0.8206232581707626
bcsstk15,BEST_AVAILABLE_OF_5_LARGER_GRAPHS,INCIDENCE_DEGREE,3465,709,0.8203699011907778
bcsstk15,BEST_AVAILABLE_OF_5_LARGER_GRAPHS,INCIDENCE_DEGREE,3464,710,0.820116544210793
bcsstk15,BEST_AVAILABLE_OF_5_LARGER_GRAPHS,INCIDENCE_DEGREE,3254,711,0.8198631872308082
bcsstk15,BEST_AVAILABLE_OF_5_LARGER_GRAPHS,INCIDENCE_DEGREE,3462,712,0.8196098302508235
bcsstk15,BEST_AVAILABLE_OF_5_LARGER_GRAPHS,INCIDENCE_DEGREE,3463,713,0.8193564732708386
bcsstk15,BEST_AVAILABLE_OF_5_LARGER_GRAPHS,INCIDENCE_DEGREE,2988,714,0.8191031162908539
bcsstk15,BEST_AVAILABLE_OF_5_LARGER_GRAPHS,INCIDENCE_DEGREE,2990,715,0.818849759310869
bcsstk15,BEST_AVAILABLE_OF_5_LARGER_GRAPHS,INCIDENCE_DEGREE,2726,716,0.8185964023308843
bcsstk15,BEST_AVAILABLE_OF_5_LARGER_GRAPHS,INCIDENCE_DEGREE,2724,717,0.8183430453508994
bcsstk15,BEST_AVAILABLE_OF_5_LARGER_GRAPHS,INCIDENCE_DEGREE,3467,718,0.8180896883709147
bcsstk15,BEST_AVAILABLE_OF_5_LARGER_GRAPHS,INCIDENCE_DEGREE,3262,719,0.8178363313909298
bcsstk15,BEST_AVAILABLE_OF_5_LARGER_GRAPHS,INCIDENCE_DEGREE,3258,720,0.8175829744109451
bcsstk15,BEST_AVAILABLE_OF_5_LARGER_GRAPHS,INCIDENCE_DEGREE,3496,721,0.8173296174309602
bcsstk15,BEST_AVAILABLE_OF_5_LARGER_GRAPHS,INCIDENCE_DEGREE,3495,722,0.8170762604509755
bcsstk15,BEST_AVAILABLE_OF_5_LARGER_GRAPHS,INCIDENCE_DEGREE,3494,723,0.8168229034709906
bcsstk15,BEST_AVAILABLE_OF_5_LARGER_GRAPHS,INCIDENCE_DEGREE,3260,724,0.8165695464910059
bcsstk15,BEST_AVAILABLE_OF_5_LARGER_GRAPHS,INCIDENCE_DEGREE,3492,725,0.816316189511021
bcsstk15,BEST_AVAILABLE_OF_5_LARGER_GRAPHS,INCIDENCE_DEGREE,3493,726,0.8160628325310362
bcsstk15,BEST_AVAILABLE_OF_5_LARGER_GRAPHS,INCIDENCE_DEGREE,2994,727,0.8158094755510514
bcsstk15,BEST_AVAILABLE_OF_5_LARGER_GRAPHS,INCIDENCE_DEGREE,2996,728,0.8155561185710666
bcsstk15,BEST_AVAILABLE_OF_5_LARGER_GRAPHS,INCIDENCE_DEGREE,2732,729,0.8153027615910818
bcsstk15,BEST_AVAILABLE_OF_5_LARGER_GRAPHS,INCIDENCE_DEGREE,2730,730,0.815049404611097
bcsstk15,BEST_AVAILABLE_OF_5_LARGER_GRAPHS,INCIDENCE_DEGREE,3274,731,0.8147960476311122
bcsstk15,BEST_AVAILABLE_OF_5_LARGER_GRAPHS,INCIDENCE_DEGREE,3497,732,0.8145426906511274
bcsstk15,BEST_AVAILABLE_OF_5_LARGER_GRAPHS,INCIDENCE_DEGREE,1198,733,0.8142893336711426
bcsstk15,BEST_AVAILABLE_OF_5_LARGER_GRAPHS,INCIDENCE_DEGREE,1414,734,0.8140359766911578
bcsstk15,BEST_AVAILABLE_OF_5_LARGER_GRAPHS,INCIDENCE_DEGREE,1456,735,0.813782619711173
bcsstk15,BEST_AVAILABLE_OF_5_LARGER_GRAPHS,INCIDENCE_DEGREE,1834,736,0.8135292627311882
bcsstk15,BEST_AVAILABLE_OF_5_LARGER_GRAPHS,INCIDENCE_DEGREE,1550,737,0.8132759057512035
bcsstk15,BEST_AVAILABLE_OF_5_LARGER_GRAPHS,INCIDENCE_DEGREE,1548,738,0.8130225487712186
bcsstk15,BEST_AVAILABLE_OF_5_LARGER_GRAPHS,INCIDENCE_DEGREE,1176,739,0.8127691917912339
bcsstk15,BEST_AVAILABLE_OF_5_LARGER_GRAPHS,INCIDENCE_DEGREE,1072,740,0.812515834811249
bcsstk15,BEST_AVAILABLE_OF_5_LARGER_GRAPHS,INCIDENCE_DEGREE,886,741,0.8122624778312643
bcsstk15,BEST_AVAILABLE_OF_5_LARGER_GRAPHS,INCIDENCE_DEGREE,350,742,0.8120091208512794
bcsstk15,BEST_AVAILABLE_OF_5_LARGER_GRAPHS,INCIDENCE_DEGREE,349,743,0.8117557638712947
bcsstk15,BEST_AVAILABLE_OF_5_LARGER_GRAPHS,INCIDENCE_DEGREE,338,744,0.8115024068913098
bcsstk15,BEST_AVAILABLE_OF_5_LARGER_GRAPHS,INCIDENCE_DEGREE,337,745,0.8112490499113251
bcsstk15,BEST_AVAILABLE_OF_5_LARGER_GRAPHS,INCIDENCE_DEGREE,1216,746,0.8109956929313402
bcsstk15,BEST_AVAILABLE_OF_5_LARGER_GRAPHS,INCIDENCE_DEGREE,1234,747,0.8107423359513555
bcsstk15,BEST_AVAILABLE_OF_5_LARGER_GRAPHS,INCIDENCE_DEGREE,1588,748,0.8104889789713706
bcsstk15,BEST_AVAILABLE_OF_5_LARGER_GRAPHS,INCIDENCE_DEGREE,1948,749,0.8102356219913859
bcsstk15,BEST_AVAILABLE_OF_5_LARGER_GRAPHS,INCIDENCE_DEGREE,2272,750,0.809982265011401
bcsstk15,BEST_AVAILABLE_OF_5_LARGER_GRAPHS,INCIDENCE_DEGREE,2590,751,0.8097289080314163
bcsstk15,BEST_AVAILABLE_OF_5_LARGER_GRAPHS,INCIDENCE_DEGREE,2866,752,0.8094755510514314
bcsstk15,BEST_AVAILABLE_OF_5_LARGER_GRAPHS,INCIDENCE_DEGREE,2956,753,0.8092221940714467
bcsstk15,BEST_AVAILABLE_OF_5_LARGER_GRAPHS,INCIDENCE_DEGREE,2992,754,0.8089688370914618
bcsstk15,BEST_AVAILABLE_OF_5_LARGER_GRAPHS,INCIDENCE_DEGREE,1570,755,0.8087154801114771
bcsstk15,BEST_AVAILABLE_OF_5_LARGER_GRAPHS,INCIDENCE_DEGREE,1178,756,0.8084621231314922
bcsstk15,BEST_AVAILABLE_OF_5_LARGER_GRAPHS,INCIDENCE_DEGREE,1450,757,0.8082087661515075
bcsstk15,BEST_AVAILABLE_OF_5_LARGER_GRAPHS,INCIDENCE_DEGREE,1444,758,0.8079554091715226
bcsstk15,BEST_AVAILABLE_OF_5_LARGER_GRAPHS,INCIDENCE_DEGREE,1824,759,0.8077020521915379
bcsstk15,BEST_AVAILABLE_OF_5_LARGER_GRAPHS,INCIDENCE_DEGREE,1443,760,0.807448695211553
bcsstk15,BEST_AVAILABLE_OF_5_LARGER_GRAPHS,INCIDENCE_DEGREE,1442,761,0.8071953382315683
bcsstk15,BEST_AVAILABLE_OF_5_LARGER_GRAPHS,INCIDENCE_DEGREE,1441,762,0.8069419812515835
bcsstk15,BEST_AVAILABLE_OF_5_LARGER_GRAPHS,INCIDENCE_DEGREE,1180,763,0.8066886242715987
bcsstk15,BEST_AVAILABLE_OF_5_LARGER_GRAPHS,INCIDENCE_DEGREE,1530,764,0.8064352672916139
bcsstk15,BEST_AVAILABLE_OF_5_LARGER_GRAPHS,INCIDENCE_DEGREE,1910,765,0.8061819103116291
bcsstk15,BEST_AVAILABLE_OF_5_LARGER_GRAPHS,INCIDENCE_DEGREE,1908,766,0.8059285533316443
bcsstk15,BEST_AVAILABLE_OF_5_LARGER_GRAPHS,INCIDENCE_DEGREE,1532,767,0.8056751963516595
bcsstk15,BEST_AVAILABLE_OF_5_LARGER_GRAPHS,INCIDENCE_DEGREE,1829,768,0.8054218393716747
bcsstk15,BEST_AVAILABLE_OF_5_LARGER_GRAPHS,INCIDENCE_DEGREE,1440,769,0.8051684823916899
bcsstk15,BEST_AVAILABLE_OF_5_LARGER_GRAPHS,INCIDENCE_DEGREE,1162,770,0.8049151254117051
bcsstk15,BEST_AVAILABLE_OF_5_LARGER_GRAPHS,INCIDENCE_DEGREE,1161,771,0.8046617684317203
bcsstk15,BEST_AVAILABLE_OF_5_LARGER_GRAPHS,INCIDENCE_DEGREE,1160,772,0.8044084114517355
bcsstk15,BEST_AVAILABLE_OF_5_LARGER_GRAPHS,INCIDENCE_DEGREE,1534,773,0.8041550544717507
bcsstk15,BEST_AVAILABLE_OF_5_LARGER_GRAPHS,INCIDENCE_DEGREE,1159,774,0.8039016974917659
bcsstk15,BEST_AVAILABLE_OF_5_LARGER_GRAPHS,INCIDENCE_DEGREE,1445,775,0.8036483405117811
bcsstk15,BEST_AVAILABLE_OF_5_LARGER_GRAPHS,INCIDENCE_DEGREE,1158,776,0.8033949835317963
bcsstk15,BEST_AVAILABLE_OF_5_LARGER_GRAPHS,INCIDENCE_DEGREE,1884,777,0.8031416265518115
bcsstk15,BEST_AVAILABLE_OF_5_LARGER_GRAPHS,INCIDENCE_DEGREE,2222,778,0.8028882695718267
bcsstk15,BEST_AVAILABLE_OF_5_LARGER_GRAPHS,INCIDENCE_DEGREE,2220,779,0.8026349125918419
bcsstk15,BEST_AVAILABLE_OF_5_LARGER_GRAPHS,INCIDENCE_DEGREE,1886,780,0.8023815556118571
bcsstk15,BEST_AVAILABLE_OF_5_LARGER_GRAPHS,INCIDENCE_DEGREE,1510,781,0.8021281986318723
bcsstk15,BEST_AVAILABLE_OF_5_LARGER_GRAPHS,INCIDENCE_DEGREE,1509,782,0.8018748416518875
bcsstk15,BEST_AVAILABLE_OF_5_LARGER_GRAPHS,INCIDENCE_DEGREE,1508,783,0.8016214846719028
bcsstk15,BEST_AVAILABLE_OF_5_LARGER_GRAPHS,INCIDENCE_DEGREE,1888,784,0.8013681276919179
bcsstk15,BEST_AVAILABLE_OF_5_LARGER_GRAPHS,INCIDENCE_DEGREE,1507,785,0.8011147707119332
bcsstk15,BEST_AVAILABLE_OF_5_LARGER_GRAPHS,INCIDENCE_DEGREE,1506,786,0.8008614137319483
bcsstk15,BEST_AVAILABLE_OF_5_LARGER_GRAPHS,INCIDENCE_DEGREE,1163,787,0.8006080567519636
bcsstk15,BEST_AVAILABLE_OF_5_LARGER_GRAPHS,INCIDENCE_DEGREE,2028,788,0.8003546997719787
bcsstk15,BEST_AVAILABLE_OF_5_LARGER_GRAPHS,INCIDENCE_DEGREE,2354,789,0.800101342791994
bcsstk15,BEST_AVAILABLE_OF_5_LARGER_GRAPHS,INCIDENCE_DEGREE,2352,790,0.7998479858120091
bcsstk15,BEST_AVAILABLE_OF_5_LARGER_GRAPHS,INCIDENCE_DEGREE,2030,791,0.7995946288320244
bcsstk15,BEST_AVAILABLE_OF_5_LARGER_GRAPHS,INCIDENCE_DEGREE,1666,792,0.7993412718520395
bcsstk15,BEST_AVAILABLE_OF_5_LARGER_GRAPHS,INCIDENCE_DEGREE,1665,793,0.7990879148720548
bcsstk15,BEST_AVAILABLE_OF_5_LARGER_GRAPHS,INCIDENCE_DEGREE,1664,794,0.7988345578920699
bcsstk15,BEST_AVAILABLE_OF_5_LARGER_GRAPHS,INCIDENCE_DEGREE,2032,795,0.7985812009120852
bcsstk15,BEST_AVAILABLE_OF_5_LARGER_GRAPHS,INCIDENCE_DEGREE,1663,796,0.7983278439321003
bcsstk15,BEST_AVAILABLE_OF_5_LARGER_GRAPHS,INCIDENCE_DEGREE,1662,797,0.7980744869521156
bcsstk15,BEST_AVAILABLE_OF_5_LARGER_GRAPHS,INCIDENCE_DEGREE,1511,798,0.7978211299721307
bcsstk15,BEST_AVAILABLE_OF_5_LARGER_GRAPHS,INCIDENCE_DEGREE,2082,799,0.797567772992146
bcsstk15,BEST_AVAILABLE_OF_5_LARGER_GRAPHS,INCIDENCE_DEGREE,2420,800,0.7973144160121611
bcsstk15,BEST_AVAILABLE_OF_5_LARGER_GRAPHS,INCIDENCE_DEGREE,2418,801,0.7970610590321764
bcsstk15,BEST_AVAILABLE_OF_5_LARGER_GRAPHS,INCIDENCE_DEGREE,2084,802,0.7968077020521915
bcsstk15,BEST_AVAILABLE_OF_5_LARGER_GRAPHS,INCIDENCE_DEGREE,1726,803,0.7965543450722068
bcsstk15,BEST_AVAILABLE_OF_5_LARGER_GRAPHS,INCIDENCE_DEGREE,1725,804,0.7963009880922219
bcsstk15,BEST_AVAILABLE_OF_5_LARGER_GRAPHS,INCIDENCE_DEGREE,1724,805,0.7960476311122372
bcsstk15,BEST_AVAILABLE_OF_5_LARGER_GRAPHS,INCIDENCE_DEGREE,2086,806,0.7957942741322523
bcsstk15,BEST_AVAILABLE_OF_5_LARGER_GRAPHS,INCIDENCE_DEGREE,1723,807,0.7955409171522675
bcsstk15,BEST_AVAILABLE_OF_5_LARGER_GRAPHS,INCIDENCE_DEGREE,1722,808,0.7952875601722827
bcsstk15,BEST_AVAILABLE_OF_5_LARGER_GRAPHS,INCIDENCE_DEGREE,1667,809,0.7950342031922979
bcsstk15,BEST_AVAILABLE_OF_5_LARGER_GRAPHS,INCIDENCE_DEGREE,2094,810,0.7947808462123132
bcsstk15,BEST_AVAILABLE_OF_5_LARGER_GRAPHS,INCIDENCE_DEGREE,2426,811,0.7945274892323283
bcsstk15,BEST_AVAILABLE_OF_5_LARGER_GRAPHS,INCIDENCE_DEGREE,2424,812,0.7942741322523436
bcsstk15,BEST_AVAILABLE_OF_5_LARGER_GRAPHS,INCIDENCE_DEGREE,2096,813,0.7940207752723587
bcsstk15,BEST_AVAILABLE_OF_5_LARGER_GRAPHS,INCIDENCE_DEGREE,1738,814,0.793767418292374
bcsstk15,BEST_AVAILABLE_OF_5_LARGER_GRAPHS,INCIDENCE_DEGREE,1737,815,0.7935140613123891
bcsstk15,BEST_AVAILABLE_OF_5_LARGER_GRAPHS,INCIDENCE_DEGREE,1736,816,0.7932607043324044
bcsstk15,BEST_AVAILABLE_OF_5_LARGER_GRAPHS,INCIDENCE_DEGREE,2098,817,0.7930073473524195
bcsstk15,BEST_AVAILABLE_OF_5_LARGER_GRAPHS,INCIDENCE_DEGREE,1735,818,0.7927539903724348
bcsstk15,BEST_AVAILABLE_OF_5_LARGER_GRAPHS,INCIDENCE_DEGREE,1734,819,0.7925006333924499
bcsstk15,BEST_AVAILABLE_OF_5_LARGER_GRAPHS,INCIDENCE_DEGREE,1727,820,0.7922472764124652
bcsstk15,BEST_AVAILABLE_OF_5_LARGER_GRAPHS,INCIDENCE_DEGREE,2112,821,0.7919939194324803
bcsstk15,BEST_AVAILABLE_OF_5_LARGER_GRAPHS,INCIDENCE_DEGREE,1353,822,0.7917405624524956
bcsstk15,BEST_AVAILABLE_OF_5_LARGER_GRAPHS,INCIDENCE_DEGREE,1347,823,0.7914872054725107
bcsstk15,BEST_AVAILABLE_OF_5_LARGER_GRAPHS,INCIDENCE_DEGREE,1354,824,0.791233848492526
bcsstk15,BEST_AVAILABLE_OF_5_LARGER_GRAPHS,INCIDENCE_DEGREE,1352,825,0.7909804915125411
bcsstk15,BEST_AVAILABLE_OF_5_LARGER_GRAPHS,INCIDENCE_DEGREE,1348,826,0.7907271345325564
bcsstk15,BEST_AVAILABLE_OF_5_LARGER_GRAPHS,INCIDENCE_DEGREE,1346,827,0.7904737775525715
bcsstk15,BEST_AVAILABLE_OF_5_LARGER_GRAPHS,INCIDENCE_DEGREE,1311,828,0.7902204205725868
bcsstk15,BEST_AVAILABLE_OF_5_LARGER_GRAPHS,INCIDENCE_DEGREE,1312,829,0.7899670635926019
bcsstk15,BEST_AVAILABLE_OF_5_LARGER_GRAPHS,INCIDENCE_DEGREE,1310,830,0.7897137066126172
bcsstk15,BEST_AVAILABLE_OF_5_LARGER_GRAPHS,INCIDENCE_DEGREE,1345,831,0.7894603496326323
bcsstk15,BEST_AVAILABLE_OF_5_LARGER_GRAPHS,INCIDENCE_DEGREE,1344,832,0.7892069926526476
bcsstk15,BEST_AVAILABLE_OF_5_LARGER_GRAPHS,INCIDENCE_DEGREE,1350,833,0.7889536356726627
bcsstk15,BEST_AVAILABLE_OF_5_LARGER_GRAPHS,INCIDENCE_DEGREE,1351,834,0.788700278692678
bcsstk15,BEST_AVAILABLE_OF_5_LARGER_GRAPHS,INCIDENCE_DEGREE,1308,835,0.7884469217126931
bcsstk15,BEST_AVAILABLE_OF_5_LARGER_GRAPHS,INCIDENCE_DEGREE,1309,836,0.7881935647327084
bcsstk15,BEST_AVAILABLE_OF_5_LARGER_GRAPHS,INCIDENCE_DEGREE,1349,837,0.7879402077527236
bcsstk15,BEST_AVAILABLE_OF_5_LARGER_GRAPHS,INCIDENCE_DEGREE,1144,838,0.7876868507727388
bcsstk15,BEST_AVAILABLE_OF_5_LARGER_GRAPHS,INCIDENCE_DEGREE,1143,839,0.787433493792754
bcsstk15,BEST_AVAILABLE_OF_5_LARGER_GRAPHS,INCIDENCE_DEGREE,1142,840,0.7871801368127692
bcsstk15,BEST_AVAILABLE_OF_5_LARGER_GRAPHS,INCIDENCE_DEGREE,1313,841,0.7869267798327844
bcsstk15,BEST_AVAILABLE_OF_5_LARGER_GRAPHS,INCIDENCE_DEGREE,1141,842,0.7866734228527996
bcsstk15,BEST_AVAILABLE_OF_5_LARGER_GRAPHS,INCIDENCE_DEGREE,1140,843,0.7864200658728148
bcsstk15,BEST_AVAILABLE_OF_5_LARGER_GRAPHS,INCIDENCE_DEGREE,1396,844,0.78616670889283
bcsstk15,BEST_AVAILABLE_OF_5_LARGER_GRAPHS,INCIDENCE_DEGREE,1395,845,0.7859133519128452
bcsstk15,BEST_AVAILABLE_OF_5_LARGER_GRAPHS,INCIDENCE_DEGREE,1394,846,0.7856599949328604
bcsstk15,BEST_AVAILABLE_OF_5_LARGER_GRAPHS,INCIDENCE_DEGREE,1392,847,0.7854066379528756
bcsstk15,BEST_AVAILABLE_OF_5_LARGER_GRAPHS,INCIDENCE_DEGREE,1393,848,0.7851532809728908
bcsstk15,BEST_AVAILABLE_OF_5_LARGER_GRAPHS,INCIDENCE_DEGREE,1145,849,0.784899923992906
bcsstk15,BEST_AVAILABLE_OF_5_LARGER_GRAPHS,INCIDENCE_DEGREE,1408,850,0.7846465670129212
bcsstk15,BEST_AVAILABLE_OF_5_LARGER_GRAPHS,INCIDENCE_DEGREE,1407,851,0.7843932100329364
bcsstk15,BEST_AVAILABLE_OF_5_LARGER_GRAPHS,INCIDENCE_DEGREE,1406,852,0.7841398530529516
bcsstk15,BEST_AVAILABLE_OF_5_LARGER_GRAPHS,INCIDENCE_DEGREE,1405,853,0.7838864960729668
bcsstk15,BEST_AVAILABLE_OF_5_LARGER_GRAPHS,INCIDENCE_DEGREE,1404,854,0.783633139092982
bcsstk15,BEST_AVAILABLE_OF_5_LARGER_GRAPHS,INCIDENCE_DEGREE,1397,855,0.7833797821129972
bcsstk15,BEST_AVAILABLE_OF_5_LARGER_GRAPHS,INCIDENCE_DEGREE,1402,856,0.7831264251330124
bcsstk15,BEST_AVAILABLE_OF_5_LARGER_GRAPHS,INCIDENCE_DEGREE,1401,857,0.7828730681530276
bcsstk15,BEST_AVAILABLE_OF_5_LARGER_GRAPHS,INCIDENCE_DEGREE,1400,858,0.7826197111730429
bcsstk15,BEST_AVAILABLE_OF_5_LARGER_GRAPHS,INCIDENCE_DEGREE,1409,859,0.782366354193058
bcsstk15,BEST_AVAILABLE_OF_5_LARGER_GRAPHS,INCIDENCE_DEGREE,1399,860,0.7821129972130733
bcsstk15,BEST_AVAILABLE_OF_5_LARGER_GRAPHS,INCIDENCE_DEGREE,1398,861,0.7818596402330884
bcsstk15,BEST_AVAILABLE_OF_5_LARGER_GRAPHS,INCIDENCE_DEGREE,1108,862,0.7816062832531037
bcsstk15,BEST_AVAILABLE_OF_5_LARGER_GRAPHS,INCIDENCE_DEGREE,1107,863,0.7813529262731188
bcsstk15,BEST_AVAILABLE_OF_5_LARGER_GRAPHS,INCIDENCE_DEGREE,1106,864,0.7810995692931341
bcsstk15,BEST_AVAILABLE_OF_5_LARGER_GRAPHS,INCIDENCE_DEGREE,1403,865,0.7808462123131492
bcsstk15,BEST_AVAILABLE_OF_5_LARGER_GRAPHS,INCIDENCE_DEGREE,1105,866,0.7805928553331645
bcsstk15,BEST_AVAILABLE_OF_5_LARGER_GRAPHS,INCIDENCE_DEGREE,1104,867,0.7803394983531796
bcsstk15,BEST_AVAILABLE_OF_5_LARGER_GRAPHS,INCIDENCE_DEGREE,802,868,0.7800861413731949
bcsstk15,BEST_AVAILABLE_OF_5_LARGER_GRAPHS,INCIDENCE_DEGREE,801,869,0.77983278439321
bcsstk15,BEST_AVAILABLE_OF_5_LARGER_GRAPHS,INCIDENCE_DEGREE,800,870,0.7795794274132253
bcsstk15,BEST_AVAILABLE_OF_5_LARGER_GRAPHS,INCIDENCE_DEGREE,1109,871,0.7793260704332404
bcsstk15,BEST_AVAILABLE_OF_5_LARGER_GRAPHS,INCIDENCE_DEGREE,799,872,0.7790727134532557
bcsstk15,BEST_AVAILABLE_OF_5_LARGER_GRAPHS,INCIDENCE_DEGREE,798,873,0.7788193564732708
bcsstk15,BEST_AVAILABLE_OF_5_LARGER_GRAPHS,INCIDENCE_DEGREE,562,874,0.7785659994932861
bcsstk15,BEST_AVAILABLE_OF_5_LARGER_GRAPHS,INCIDENCE_DEGREE,559,875,0.7783126425133012
bcsstk15,BEST_AVAILABLE_OF_5_LARGER_GRAPHS,INCIDENCE_DEGREE,803,876,0.7780592855333165
bcsstk15,BEST_AVAILABLE_OF_5_LARGER_GRAPHS,INCIDENCE_DEGREE,560,877,0.7778059285533316
bcsstk15,BEST_AVAILABLE_OF_5_LARGER_GRAPHS,INCIDENCE_DEGREE,563,878,0.7775525715733469
bcsstk15,BEST_AVAILABLE_OF_5_LARGER_GRAPHS,INCIDENCE_DEGREE,561,879,0.777299214593362
bcsstk15,BEST_AVAILABLE_OF_5_LARGER_GRAPHS,INCIDENCE_DEGREE,558,880,0.7770458576133773
bcsstk15,BEST_AVAILABLE_OF_5_LARGER_GRAPHS,INCIDENCE_DEGREE,359,881,0.7767925006333924
bcsstk15,BEST_AVAILABLE_OF_5_LARGER_GRAPHS,INCIDENCE_DEGREE,358,882,0.7765391436534077
bcsstk15,BEST_AVAILABLE_OF_5_LARGER_GRAPHS,INCIDENCE_DEGREE,354,883,0.7762857866734229
bcsstk15,BEST_AVAILABLE_OF_5_LARGER_GRAPHS,INCIDENCE_DEGREE,191,884,0.7760324296934381
bcsstk15,BEST_AVAILABLE_OF_5_LARGER_GRAPHS,INCIDENCE_DEGREE,190,885,0.7757790727134533
bcsstk15,BEST_AVAILABLE_OF_5_LARGER_GRAPHS,INCIDENCE_DEGREE,186,886,0.7755257157334685
bcsstk15,BEST_AVAILABLE_OF_5_LARGER_GRAPHS,INCIDENCE_DEGREE,179,887,0.7752723587534837
bcsstk15,BEST_AVAILABLE_OF_5_LARGER_GRAPHS,INCIDENCE_DEGREE,178,888,0.7750190017734988
bcsstk15,BEST_AVAILABLE_OF_5_LARGER_GRAPHS,INCIDENCE_DEGREE,174,889,0.7747656447935141
bcsstk15,BEST_AVAILABLE_OF_5_LARGER_GRAPHS,INCIDENCE_DEGREE,166,890,0.7745122878135292
bcsstk15,BEST_AVAILABLE_OF_5_LARGER_GRAPHS,INCIDENCE_DEGREE,162,891,0.7742589308335445
bcsstk15,BEST_AVAILABLE_OF_5_LARGER_GRAPHS,INCIDENCE_DEGREE,167,892,0.7740055738535596
bcsstk15,BEST_AVAILABLE_OF_5_LARGER_GRAPHS,INCIDENCE_DEGREE,154,893,0.7737522168735749
bcsstk15,BEST_AVAILABLE_OF_5_LARGER_GRAPHS,INCIDENCE_DEGREE,153,894,0.77349885989359
bcsstk15,BEST_AVAILABLE_OF_5_LARGER_GRAPHS,INCIDENCE_DEGREE,163,895,0.7732455029136053
bcsstk15,BEST_AVAILABLE_OF_5_LARGER_GRAPHS,INCIDENCE_DEGREE,152,896,0.7729921459336204
bcsstk15,BEST_AVAILABLE_OF_5_LARGER_GRAPHS,INCIDENCE_DEGREE,164,897,0.7727387889536357
bcsstk15,BEST_AVAILABLE_OF_5_LARGER_GRAPHS,INCIDENCE_DEGREE,165,898,0.7724854319736508
bcsstk15,BEST_AVAILABLE_OF_5_LARGER_GRAPHS,INCIDENCE_DEGREE,151,899,0.7722320749936661
bcsstk15,BEST_AVAILABLE_OF_5_LARGER_GRAPHS,INCIDENCE_DEGREE,150,900,0.7719787180136812
bcsstk15,BEST_AVAILABLE_OF_5_LARGER_GRAPHS,INCIDENCE_DEGREE,196,901,0.7717253610336965
bcsstk15,BEST_AVAILABLE_OF_5_LARGER_GRAPHS,INCIDENCE_DEGREE,195,902,0.7714720040537116
bcsstk15,BEST_AVAILABLE_OF_5_LARGER_GRAPHS,INCIDENCE_DEGREE,194,903,0.7712186470737269
bcsstk15,BEST_AVAILABLE_OF_5_LARGER_GRAPHS,INCIDENCE_DEGREE,192,904,0.770965290093742
bcsstk15,BEST_AVAILABLE_OF_5_LARGER_GRAPHS,INCIDENCE_DEGREE,193,905,0.7707119331137573
bcsstk15,BEST_AVAILABLE_OF_5_LARGER_GRAPHS,INCIDENCE_DEGREE,155,906,0.7704585761337724
bcsstk15,BEST_AVAILABLE_OF_5_LARGER_GRAPHS,INCIDENCE_DEGREE,382,907,0.7702052191537877
bcsstk15,BEST_AVAILABLE_OF_5_LARGER_GRAPHS,INCIDENCE_DEGREE,381,908,0.7699518621738028
bcsstk15,BEST_AVAILABLE_OF_5_LARGER_GRAPHS,INCIDENCE_DEGREE,380,909,0.7696985051938181
bcsstk15,BEST_AVAILABLE_OF_5_LARGER_GRAPHS,INCIDENCE_DEGREE,378,910,0.7694451482138333
bcsstk15,BEST_AVAILABLE_OF_5_LARGER_GRAPHS,INCIDENCE_DEGREE,379,911,0.7691917912338485
bcsstk15,BEST_AVAILABLE_OF_5_LARGER_GRAPHS,INCIDENCE_DEGREE,197,912,0.7689384342538637
bcsstk15,BEST_AVAILABLE_OF_5_LARGER_GRAPHS,INCIDENCE_DEGREE,622,913,0.7686850772738789
bcsstk15,BEST_AVAILABLE_OF_5_LARGER_GRAPHS,INCIDENCE_DEGREE,621,914,0.7684317202938941
bcsstk15,BEST_AVAILABLE_OF_5_LARGER_GRAPHS,INCIDENCE_DEGREE,620,915,0.7681783633139093
bcsstk15,BEST_AVAILABLE_OF_5_LARGER_GRAPHS,INCIDENCE_DEGREE,618,916,0.7679250063339245
bcsstk15,BEST_AVAILABLE_OF_5_LARGER_GRAPHS,INCIDENCE_DEGREE,619,917,0.7676716493539397
bcsstk15,BEST_AVAILABLE_OF_5_LARGER_GRAPHS,INCIDENCE_DEGREE,383,918,0.7674182923739549
bcsstk15,BEST_AVAILABLE_OF_5_LARGER_GRAPHS,INCIDENCE_DEGREE,922,919,0.7671649353939701
bcsstk15,BEST_AVAILABLE_OF_5_LARGER_GRAPHS,INCIDENCE_DEGREE,921,920,0.7669115784139853
bcsstk15,BEST_AVAILABLE_OF_5_LARGER_GRAPHS,INCIDENCE_DEGREE,920,921,0.7666582214340005
bcsstk15,BEST_AVAILABLE_OF_5_LARGER_GRAPHS,INCIDENCE_DEGREE,918,922,0.7664048644540157
bcsstk15,BEST_AVAILABLE_OF_5_LARGER_GRAPHS,INCIDENCE_DEGREE,919,923,0.7661515074740309
bcsstk15,BEST_AVAILABLE_OF_5_LARGER_GRAPHS,INCIDENCE_DEGREE,623,924,0.7658981504940461
bcsstk15,BEST_AVAILABLE_OF_5_LARGER_GRAPHS,INCIDENCE_DEGREE,1270,925,0.7656447935140613
bcsstk15,BEST_AVAILABLE_OF_5_LARGER_GRAPHS,INCIDENCE_DEGREE,1269,926,0.7653914365340765
bcsstk15,BEST_AVAILABLE_OF_5_LARGER_GRAPHS,INCIDENCE_DEGREE,1268,927,0.7651380795540917
bcsstk15,BEST_AVAILABLE_OF_5_LARGER_GRAPHS,INCIDENCE_DEGREE,1266,928,0.7648847225741069
bcsstk15,BEST_AVAILABLE_OF_5_LARGER_GRAPHS,INCIDENCE_DEGREE,1267,929,0.7646313655941221
bcsstk15,BEST_AVAILABLE_OF_5_LARGER_GRAPHS,INCIDENCE_DEGREE,923,930,0.7643780086141373
bcsstk15,BEST_AVAILABLE_OF_5_LARGER_GRAPHS,INCIDENCE_DEGREE,1624,931,0.7641246516341526
bcsstk15,BEST_AVAILABLE_OF_5_LARGER_GRAPHS,INCIDENCE_DEGREE,1623,932,0.7638712946541677
bcsstk15,BEST_AVAILABLE_OF_5_LARGER_GRAPHS,INCIDENCE_DEGREE,1622,933,0.763617937674183
bcsstk15,BEST_AVAILABLE_OF_5_LARGER_GRAPHS,INCIDENCE_DEGREE,1620,934,0.7633645806941981
bcsstk15,BEST_AVAILABLE_OF_5_LARGER_GRAPHS,INCIDENCE_DEGREE,1621,935,0.7631112237142134
bcsstk15,BEST_AVAILABLE_OF_5_LARGER_GRAPHS,INCIDENCE_DEGREE,1271,936,0.7628578667342285
bcsstk15,BEST_AVAILABLE_OF_5_LARGER_GRAPHS,INCIDENCE_DEGREE,1984,937,0.7626045097542438
bcsstk15,BEST_AVAILABLE_OF_5_LARGER_GRAPHS,INCIDENCE_DEGREE,1983,938,0.7623511527742589
bcsstk15,BEST_AVAILABLE_OF_5_LARGER_GRAPHS,INCIDENCE_DEGREE,1982,939,0.7620977957942742
bcsstk15,BEST_AVAILABLE_OF_5_LARGER_GRAPHS,INCIDENCE_DEGREE,1980,940,0.7618444388142893
bcsstk15,BEST_AVAILABLE_OF_5_LARGER_GRAPHS,INCIDENCE_DEGREE,1981,941,0.7615910818343046
bcsstk15,BEST_AVAILABLE_OF_5_LARGER_GRAPHS,INCIDENCE_DEGREE,1625,942,0.7613377248543197
bcsstk15,BEST_AVAILABLE_OF_5_LARGER_GRAPHS,INCIDENCE_DEGREE,2308,943,0.761084367874335
bcsstk15,BEST_AVAILABLE_OF_5_LARGER_GRAPHS,INCIDENCE_DEGREE,2307,944,0.7608310108943501
bcsstk15,BEST_AVAILABLE_OF_5_LARGER_GRAPHS,INCIDENCE_DEGREE,2306,945,0.7605776539143654
bcsstk15,BEST_AVAILABLE_OF_5_LARGER_GRAPHS,INCIDENCE_DEGREE,2304,946,0.7603242969343805
bcsstk15,BEST_AVAILABLE_OF_5_LARGER_GRAPHS,INCIDENCE_DEGREE,2305,947,0.7600709399543958
bcsstk15,BEST_AVAILABLE_OF_5_LARGER_GRAPHS,INCIDENCE_DEGREE,1985,948,0.7598175829744109
bcsstk15,BEST_AVAILABLE_OF_5_LARGER_GRAPHS,INCIDENCE_DEGREE,2626,949,0.7595642259944262
bcsstk15,BEST_AVAILABLE_OF_5_LARGER_GRAPHS,INCIDENCE_DEGREE,2625,950,0.7593108690144413
bcsstk15,BEST_AVAILABLE_OF_5_LARGER_GRAPHS,INCIDENCE_DEGREE,2624,951,0.7590575120344566
bcsstk15,BEST_AVAILABLE_OF_5_LARGER_GRAPHS,INCIDENCE_DEGREE,2622,952,0.7588041550544717
bcsstk15,BEST_AVAILABLE_OF_5_LARGER_GRAPHS,INCIDENCE_DEGREE,2623,953,0.758550798074487
bcsstk15,BEST_AVAILABLE_OF_5_LARGER_GRAPHS,INCIDENCE_DEGREE,2309,954,0.7582974410945021
bcsstk15,BEST_AVAILABLE_OF_5_LARGER_GRAPHS,INCIDENCE_DEGREE,2908,955,0.7580440841145174
bcsstk15,BEST_AVAILABLE_OF_5_LARGER_GRAPHS,INCIDENCE_DEGREE,2907,956,0.7577907271345325
bcsstk15,BEST_AVAILABLE_OF_5_LARGER_GRAPHS,INCIDENCE_DEGREE,2906,957,0.7575373701545478
bcsstk15,BEST_AVAILABLE_OF_5_LARGER_GRAPHS,INCIDENCE_DEGREE,2904,958,0.757284013174563
bcsstk15,BEST_AVAILABLE_OF_5_LARGER_GRAPHS,INCIDENCE_DEGREE,2905,959,0.7570306561945782
bcsstk15,BEST_AVAILABLE_OF_5_LARGER_GRAPHS,INCIDENCE_DEGREE,2627,960,0.7567772992145934
bcsstk15,BEST_AVAILABLE_OF_5_LARGER_GRAPHS,INCIDENCE_DEGREE,3178,961,0.7565239422346086
bcsstk15,BEST_AVAILABLE_OF_5_LARGER_GRAPHS,INCIDENCE_DEGREE,3177,962,0.7562705852546238
bcsstk15,BEST_AVAILABLE_OF_5_LARGER_GRAPHS,INCIDENCE_DEGREE,3176,963,0.756017228274639
bcsstk15,BEST_AVAILABLE_OF_5_LARGER_GRAPHS,INCIDENCE_DEGREE,3174,964,0.7557638712946542
bcsstk15,BEST_AVAILABLE_OF_5_LARGER_GRAPHS,INCIDENCE_DEGREE,3175,965,0.7555105143146694
bcsstk15,BEST_AVAILABLE_OF_5_LARGER_GRAPHS,INCIDENCE_DEGREE,2909,966,0.7552571573346846
bcsstk15,BEST_AVAILABLE_OF_5_LARGER_GRAPHS,INCIDENCE_DEGREE,3418,967,0.7550038003546997
bcsstk15,BEST_AVAILABLE_OF_5_LARGER_GRAPHS,INCIDENCE_DEGREE,3417,968,0.754750443374715
bcsstk15,BEST_AVAILABLE_OF_5_LARGER_GRAPHS,INCIDENCE_DEGREE,3416,969,0.7544970863947301
bcsstk15,BEST_AVAILABLE_OF_5_LARGER_GRAPHS,INCIDENCE_DEGREE,3414,970,0.7542437294147454
bcsstk15,BEST_AVAILABLE_OF_5_LARGER_GRAPHS,INCIDENCE_DEGREE,3415,971,0.7539903724347605
bcsstk15,BEST_AVAILABLE_OF_5_LARGER_GRAPHS,INCIDENCE_DEGREE,3179,972,0.7537370154547758
bcsstk15,BEST_AVAILABLE_OF_5_LARGER_GRAPHS,INCIDENCE_DEGREE,3604,973,0.7534836584747909
bcsstk15,BEST_AVAILABLE_OF_5_LARGER_GRAPHS,INCIDENCE_DEGREE,3603,974,0.7532303014948062
bcsstk15,BEST_AVAILABLE_OF_5_LARGER_GRAPHS,INCIDENCE_DEGREE,3602,975,0.7529769445148213
bcsstk15,BEST_AVAILABLE_OF_5_LARGER_GRAPHS,INCIDENCE_DEGREE,3600,976,0.7527235875348366
bcsstk15,BEST_AVAILABLE_OF_5_LARGER_GRAPHS,INCIDENCE_DEGREE,3601,977,0.7524702305548517
bcsstk15,BEST_AVAILABLE_OF_5_LARGER_GRAPHS,INCIDENCE_DEGREE,3419,978,0.752216873574867
bcsstk15,BEST_AVAILABLE_OF_5_LARGER_GRAPHS,INCIDENCE_DEGREE,3605,979,0.7519635165948821
bcsstk15,BEST_AVAILABLE_OF_5_LARGER_GRAPHS,INCIDENCE_DEGREE,3658,980,0.7517101596148974
bcsstk15,BEST_AVAILABLE_OF_5_LARGER_GRAPHS,INCIDENCE_DEGREE,3657,981,0.7514568026349125
bcsstk15,BEST_AVAILABLE_OF_5_LARGER_GRAPHS,INCIDENCE_DEGREE,3656,982,0.7512034456549278
bcsstk15,BEST_AVAILABLE_OF_5_LARGER_GRAPHS,INCIDENCE_DEGREE,3655,983,0.750950088674943
bcsstk15,BEST_AVAILABLE_OF_5_LARGER_GRAPHS,INCIDENCE_DEGREE,3654,984,0.7506967316949582
bcsstk15,BEST_AVAILABLE_OF_5_LARGER_GRAPHS,INCIDENCE_DEGREE,3508,985,0.7504433747149734
bcsstk15,BEST_AVAILABLE_OF_5_LARGER_GRAPHS,INCIDENCE_DEGREE,3507,986,0.7501900177349886
bcsstk15,BEST_AVAILABLE_OF_5_LARGER_GRAPHS,INCIDENCE_DEGREE,3506,987,0.7499366607550038
bcsstk15,BEST_AVAILABLE_OF_5_LARGER_GRAPHS,INCIDENCE_DEGREE,3505,988,0.749683303775019
bcsstk15,BEST_AVAILABLE_OF_5_LARGER_GRAPHS,INCIDENCE_DEGREE,3272,989,0.7494299467950342
bcsstk15,BEST_AVAILABLE_OF_5_LARGER_GRAPHS,INCIDENCE_DEGREE,3270,990,0.7491765898150494
bcsstk15,BEST_AVAILABLE_OF_5_LARGER_GRAPHS,INCIDENCE_DEGREE,3504,991,0.7489232328350646
bcsstk15,BEST_AVAILABLE_OF_5_LARGER_GRAPHS,INCIDENCE_DEGREE,3280,992,0.7486698758550798
bcsstk15,BEST_AVAILABLE_OF_5_LARGER_GRAPHS,INCIDENCE_DEGREE,3276,993,0.748416518875095
bcsstk15,BEST_AVAILABLE_OF_5_LARGER_GRAPHS,INCIDENCE_DEGREE,3278,994,0.7481631618951102
bcsstk15,BEST_AVAILABLE_OF_5_LARGER_GRAPHS,INCIDENCE_DEGREE,3006,995,0.7479098049151254
bcsstk15,BEST_AVAILABLE_OF_5_LARGER_GRAPHS,INCIDENCE_DEGREE,3008,996,0.7476564479351406
bcsstk15,BEST_AVAILABLE_OF_5_LARGER_GRAPHS,INCIDENCE_DEGREE,3012,997,0.7474030909551558
bcsstk15,BEST_AVAILABLE_OF_5_LARGER_GRAPHS,INCIDENCE_DEGREE,3014,998,0.747149733975171
bcsstk15,BEST_AVAILABLE_OF_5_LARGER_GRAPHS,INCIDENCE_DEGREE,2742,999,0.7468963769951862
bcsstk15,BEST_AVAILABLE_OF_5_LARGER_GRAPHS,INCIDENCE_DEGREE,2744,1000,0.7466430200152014
bcsstk15,BEST_AVAILABLE_OF_5_LARGER_GRAPHS,INCIDENCE_DEGREE,2750,1001,0.7463896630352166
bcsstk15,BEST_AVAILABLE_OF_5_LARGER_GRAPHS,INCIDENCE_DEGREE,2748,1002,0.7461363060552318
bcsstk15,BEST_AVAILABLE_OF_5_LARGER_GRAPHS,INCIDENCE_DEGREE,2450,1003,0.745882949075247
bcsstk15,BEST_AVAILABLE_OF_5_LARGER_GRAPHS,INCIDENCE_DEGREE,2448,1004,0.7456295920952623
bcsstk15,BEST_AVAILABLE_OF_5_LARGER_GRAPHS,INCIDENCE_DEGREE,2444,1005,0.7453762351152774
bcsstk15,BEST_AVAILABLE_OF_5_LARGER_GRAPHS,INCIDENCE_DEGREE,2442,1006,0.7451228781352927
bcsstk15,BEST_AVAILABLE_OF_5_LARGER_GRAPHS,INCIDENCE_DEGREE,2124,1007,0.7448695211553078
bcsstk15,BEST_AVAILABLE_OF_5_LARGER_GRAPHS,INCIDENCE_DEGREE,2114,1008,0.7446161641753231
bcsstk15,BEST_AVAILABLE_OF_5_LARGER_GRAPHS,INCIDENCE_DEGREE,1750,1009,0.7443628071953382
bcsstk15,BEST_AVAILABLE_OF_5_LARGER_GRAPHS,INCIDENCE_DEGREE,2116,1010,0.7441094502153535
bcsstk15,BEST_AVAILABLE_OF_5_LARGER_GRAPHS,INCIDENCE_DEGREE,1749,1011,0.7438560932353686
bcsstk15,BEST_AVAILABLE_OF_5_LARGER_GRAPHS,INCIDENCE_DEGREE,1748,1012,0.7436027362553839
bcsstk15,BEST_AVAILABLE_OF_5_LARGER_GRAPHS,INCIDENCE_DEGREE,1360,1013,0.743349379275399
bcsstk15,BEST_AVAILABLE_OF_5_LARGER_GRAPHS,INCIDENCE_DEGREE,1359,1014,0.7430960222954143
bcsstk15,BEST_AVAILABLE_OF_5_LARGER_GRAPHS,INCIDENCE_DEGREE,1358,1015,0.7428426653154294
bcsstk15,BEST_AVAILABLE_OF_5_LARGER_GRAPHS,INCIDENCE_DEGREE,1355,1016,0.7425893083354447
bcsstk15,BEST_AVAILABLE_OF_5_LARGER_GRAPHS,INCIDENCE_DEGREE,1739,1017,0.7423359513554598
bcsstk15,BEST_AVAILABLE_OF_5_LARGER_GRAPHS,INCIDENCE_DEGREE,1747,1018,0.7420825943754751
bcsstk15,BEST_AVAILABLE_OF_5_LARGER_GRAPHS,INCIDENCE_DEGREE,1357,1019,0.7418292373954902
bcsstk15,BEST_AVAILABLE_OF_5_LARGER_GRAPHS,INCIDENCE_DEGREE,1356,1020,0.7415758804155055
bcsstk15,BEST_AVAILABLE_OF_5_LARGER_GRAPHS,INCIDENCE_DEGREE,1746,1021,0.7413225234355206
bcsstk15,BEST_AVAILABLE_OF_5_LARGER_GRAPHS,INCIDENCE_DEGREE,1361,1022,0.7410691664555359
bcsstk15,BEST_AVAILABLE_OF_5_LARGER_GRAPHS,INCIDENCE_DEGREE,1366,1023,0.740815809475551
bcsstk15,BEST_AVAILABLE_OF_5_LARGER_GRAPHS,INCIDENCE_DEGREE,1365,1024,0.7405624524955663
bcsstk15,BEST_AVAILABLE_OF_5_LARGER_GRAPHS,INCIDENCE_DEGREE,1762,1025,0.7403090955155814
bcsstk15,BEST_AVAILABLE_OF_5_LARGER_GRAPHS,INCIDENCE_DEGREE,1364,1026,0.7400557385355967
bcsstk15,BEST_AVAILABLE_OF_5_LARGER_GRAPHS,INCIDENCE_DEGREE,1761,1027,0.7398023815556118
bcsstk15,BEST_AVAILABLE_OF_5_LARGER_GRAPHS,INCIDENCE_DEGREE,1760,1028,0.7395490245756271
bcsstk15,BEST_AVAILABLE_OF_5_LARGER_GRAPHS,INCIDENCE_DEGREE,2126,1029,0.7392956675956422
bcsstk15,BEST_AVAILABLE_OF_5_LARGER_GRAPHS,INCIDENCE_DEGREE,1751,1030,0.7390423106156575
bcsstk15,BEST_AVAILABLE_OF_5_LARGER_GRAPHS,INCIDENCE_DEGREE,1759,1031,0.7387889536356727
bcsstk15,BEST_AVAILABLE_OF_5_LARGER_GRAPHS,INCIDENCE_DEGREE,1363,1032,0.7385355966556879
bcsstk15,BEST_AVAILABLE_OF_5_LARGER_GRAPHS,INCIDENCE_DEGREE,1362,1033,0.7382822396757031
bcsstk15,BEST_AVAILABLE_OF_5_LARGER_GRAPHS,INCIDENCE_DEGREE,1758,1034,0.7380288826957183
bcsstk15,BEST_AVAILABLE_OF_5_LARGER_GRAPHS,INCIDENCE_DEGREE,2128,1035,0.7377755257157335
bcsstk15,BEST_AVAILABLE_OF_5_LARGER_GRAPHS,INCIDENCE_DEGREE,2130,1036,0.7375221687357487
bcsstk15,BEST_AVAILABLE_OF_5_LARGER_GRAPHS,INCIDENCE_DEGREE,1367,1037,0.7372688117557639
bcsstk15,BEST_AVAILABLE_OF_5_LARGER_GRAPHS,INCIDENCE_DEGREE,1372,1038,0.7370154547757791
bcsstk15,BEST_AVAILABLE_OF_5_LARGER_GRAPHS,INCIDENCE_DEGREE,1371,1039,0.7367620977957943
bcsstk15,BEST_AVAILABLE_OF_5_LARGER_GRAPHS,INCIDENCE_DEGREE,1774,1040,0.7365087408158095
bcsstk15,BEST_AVAILABLE_OF_5_LARGER_GRAPHS,INCIDENCE_DEGREE,1370,1041,0.7362553838358247
bcsstk15,BEST_AVAILABLE_OF_5_LARGER_GRAPHS,INCIDENCE_DEGREE,1773,1042,0.7360020268558399
bcsstk15,BEST_AVAILABLE_OF_5_LARGER_GRAPHS,INCIDENCE_DEGREE,1772,1043,0.7357486698758551
bcsstk15,BEST_AVAILABLE_OF_5_LARGER_GRAPHS,INCIDENCE_DEGREE,1763,1044,0.7354953128958703
bcsstk15,BEST_AVAILABLE_OF_5_LARGER_GRAPHS,INCIDENCE_DEGREE,1771,1045,0.7352419559158855
bcsstk15,BEST_AVAILABLE_OF_5_LARGER_GRAPHS,INCIDENCE_DEGREE,1369,1046,0.7349885989359007
bcsstk15,BEST_AVAILABLE_OF_5_LARGER_GRAPHS,INCIDENCE_DEGREE,1368,1047,0.7347352419559159
bcsstk15,BEST_AVAILABLE_OF_5_LARGER_GRAPHS,INCIDENCE_DEGREE,1770,1048,0.734481884975931
bcsstk15,BEST_AVAILABLE_OF_5_LARGER_GRAPHS,INCIDENCE_DEGREE,2132,1049,0.7342285279959463
bcsstk15,BEST_AVAILABLE_OF_5_LARGER_GRAPHS,INCIDENCE_DEGREE,2134,1050,0.7339751710159614
bcsstk15,BEST_AVAILABLE_OF_5_LARGER_GRAPHS,INCIDENCE_DEGREE,1373,1051,0.7337218140359767
bcsstk15,BEST_AVAILABLE_OF_5_LARGER_GRAPHS,INCIDENCE_DEGREE,1378,1052,0.7334684570559918
bcsstk15,BEST_AVAILABLE_OF_5_LARGER_GRAPHS,INCIDENCE_DEGREE,1377,1053,0.7332151000760071
bcsstk15,BEST_AVAILABLE_OF_5_LARGER_GRAPHS,INCIDENCE_DEGREE,1792,1054,0.7329617430960222
bcsstk15,BEST_AVAILABLE_OF_5_LARGER_GRAPHS,INCIDENCE_DEGREE,1376,1055,0.7327083861160375
bcsstk15,BEST_AVAILABLE_OF_5_LARGER_GRAPHS,INCIDENCE_DEGREE,1791,1056,0.7324550291360526
bcsstk15,BEST_AVAILABLE_OF_5_LARGER_GRAPHS,INCIDENCE_DEGREE,1790,1057,0.7322016721560679
bcsstk15,BEST_AVAILABLE_OF_5_LARGER_GRAPHS,INCIDENCE_DEGREE,1775,1058,0.731948315176083
bcsstk15,BEST_AVAILABLE_OF_5_LARGER_GRAPHS,INCIDENCE_DEGREE,1789,1059,0.7316949581960983
bcsstk15,BEST_AVAILABLE_OF_5_LARGER_GRAPHS,INCIDENCE_DEGREE,1375,1060,0.7314416012161135
bcsstk15,BEST_AVAILABLE_OF_5_LARGER_GRAPHS,INCIDENCE_DEGREE,1374,1061,0.7311882442361287
bcsstk15,BEST_AVAILABLE_OF_5_LARGER_GRAPHS,INCIDENCE_DEGREE,1788,1062,0.7309348872561439
bcsstk15,BEST_AVAILABLE_OF_5_LARGER_GRAPHS,INCIDENCE_DEGREE,2136,1063,0.7306815302761591
bcsstk15,BEST_AVAILABLE_OF_5_LARGER_GRAPHS,INCIDENCE_DEGREE,2140,1064,0.7304281732961743
bcsstk15,BEST_AVAILABLE_OF_5_LARGER_GRAPHS,INCIDENCE_DEGREE,2138,1065,0.7301748163161895
bcsstk15,BEST_AVAILABLE_OF_5_LARGER_GRAPHS,INCIDENCE_DEGREE,1379,1066,0.7299214593362047
bcsstk15,BEST_AVAILABLE_OF_5_LARGER_GRAPHS,INCIDENCE_DEGREE,1384,1067,0.7296681023562199
bcsstk15,BEST_AVAILABLE_OF_5_LARGER_GRAPHS,INCIDENCE_DEGREE,1383,1068,0.7294147453762351
bcsstk15,BEST_AVAILABLE_OF_5_LARGER_GRAPHS,INCIDENCE_DEGREE,1786,1069,0.7291613883962503
bcsstk15,BEST_AVAILABLE_OF_5_LARGER_GRAPHS,INCIDENCE_DEGREE,1382,1070,0.7289080314162655
bcsstk15,BEST_AVAILABLE_OF_5_LARGER_GRAPHS,INCIDENCE_DEGREE,1785,1071,0.7286546744362807
bcsstk15,BEST_AVAILABLE_OF_5_LARGER_GRAPHS,INCIDENCE_DEGREE,1784,1072,0.7284013174562959
bcsstk15,BEST_AVAILABLE_OF_5_LARGER_GRAPHS,INCIDENCE_DEGREE,1793,1073,0.7281479604763111
bcsstk15,BEST_AVAILABLE_OF_5_LARGER_GRAPHS,INCIDENCE_DEGREE,1783,1074,0.7278946034963263
bcsstk15,BEST_AVAILABLE_OF_5_LARGER_GRAPHS,INCIDENCE_DEGREE,1381,1075,0.7276412465163415
bcsstk15,BEST_AVAILABLE_OF_5_LARGER_GRAPHS,INCIDENCE_DEGREE,1380,1076,0.7273878895363567
bcsstk15,BEST_AVAILABLE_OF_5_LARGER_GRAPHS,INCIDENCE_DEGREE,1782,1077,0.727134532556372
bcsstk15,BEST_AVAILABLE_OF_5_LARGER_GRAPHS,INCIDENCE_DEGREE,1385,1078,0.7268811755763871
bcsstk15,BEST_AVAILABLE_OF_5_LARGER_GRAPHS,INCIDENCE_DEGREE,1720,1079,0.7266278185964024
bcsstk15,BEST_AVAILABLE_OF_5_LARGER_GRAPHS,INCIDENCE_DEGREE,1719,1080,0.7263744616164175
bcsstk15,BEST_AVAILABLE_OF_5_LARGER_GRAPHS,INCIDENCE_DEGREE,1718,1081,0.7261211046364328
bcsstk15,BEST_AVAILABLE_OF_5_LARGER_GRAPHS,INCIDENCE_DEGREE,1717,1082,0.7258677476564479
bcsstk15,BEST_AVAILABLE_OF_5_LARGER_GRAPHS,INCIDENCE_DEGREE,1716,1083,0.7256143906764632
bcsstk15,BEST_AVAILABLE_OF_5_LARGER_GRAPHS,INCIDENCE_DEGREE,1787,1084,0.7253610336964783
bcsstk15,BEST_AVAILABLE_OF_5_LARGER_GRAPHS,INCIDENCE_DEGREE,1721,1085,0.7251076767164936
bcsstk15,BEST_AVAILABLE_OF_5_LARGER_GRAPHS,INCIDENCE_DEGREE,3509,1086,0.7248543197365087
bcsstk15,BEST_AVAILABLE_OF_5_LARGER_GRAPHS,INCIDENCE_DEGREE,3688,1087,0.724600962756524
bcsstk15,BEST_AVAILABLE_OF_5_LARGER_GRAPHS,INCIDENCE_DEGREE,3687,1088,0.7243476057765391
bcsstk15,BEST_AVAILABLE_OF_5_LARGER_GRAPHS,INCIDENCE_DEGREE,3659,1089,0.7240942487965544
bcsstk15,BEST_AVAILABLE_OF_5_LARGER_GRAPHS,INCIDENCE_DEGREE,3686,1090,0.7238408918165695
bcsstk15,BEST_AVAILABLE_OF_5_LARGER_GRAPHS,INCIDENCE_DEGREE,3685,1091,0.7235875348365848
bcsstk15,BEST_AVAILABLE_OF_5_LARGER_GRAPHS,INCIDENCE_DEGREE,3684,1092,0.7233341778565999
bcsstk15,BEST_AVAILABLE_OF_5_LARGER_GRAPHS,INCIDENCE_DEGREE,3689,1093,0.7230808208766152
bcsstk15,BEST_AVAILABLE_OF_5_LARGER_GRAPHS,INCIDENCE_DEGREE,3519,1094,0.7228274638966303
bcsstk15,BEST_AVAILABLE_OF_5_LARGER_GRAPHS,INCIDENCE_DEGREE,3520,1095,0.7225741069166456
bcsstk15,BEST_AVAILABLE_OF_5_LARGER_GRAPHS,INCIDENCE_DEGREE,3292,1096,0.7223207499366607
bcsstk15,BEST_AVAILABLE_OF_5_LARGER_GRAPHS,INCIDENCE_DEGREE,3518,1097,0.722067392956676
bcsstk15,BEST_AVAILABLE_OF_5_LARGER_GRAPHS,INCIDENCE_DEGREE,3517,1098,0.7218140359766911
bcsstk15,BEST_AVAILABLE_OF_5_LARGER_GRAPHS,INCIDENCE_DEGREE,3516,1099,0.7215606789967064
bcsstk15,BEST_AVAILABLE_OF_5_LARGER_GRAPHS,INCIDENCE_DEGREE,3306,1100,0.7213073220167215
bcsstk15,BEST_AVAILABLE_OF_5_LARGER_GRAPHS,INCIDENCE_DEGREE,3290,1101,0.7210539650367368
bcsstk15,BEST_AVAILABLE_OF_5_LARGER_GRAPHS,INCIDENCE_DEGREE,3288,1102,0.720800608056752
bcsstk15,BEST_AVAILABLE_OF_5_LARGER_GRAPHS,INCIDENCE_DEGREE,3310,1103,0.7205472510767672
bcsstk15,BEST_AVAILABLE_OF_5_LARGER_GRAPHS,INCIDENCE_DEGREE,3308,1104,0.7202938940967824
bcsstk15,BEST_AVAILABLE_OF_5_LARGER_GRAPHS,INCIDENCE_DEGREE,3018,1105,0.7200405371167976
bcsstk15,BEST_AVAILABLE_OF_5_LARGER_GRAPHS,INCIDENCE_DEGREE,3020,1106,0.7197871801368128
bcsstk15,BEST_AVAILABLE_OF_5_LARGER_GRAPHS,INCIDENCE_DEGREE,3036,1107,0.719533823156828
bcsstk15,BEST_AVAILABLE_OF_5_LARGER_GRAPHS,INCIDENCE_DEGREE,3038,1108,0.7192804661768432
bcsstk15,BEST_AVAILABLE_OF_5_LARGER_GRAPHS,INCIDENCE_DEGREE,2754,1109,0.7190271091968584
bcsstk15,BEST_AVAILABLE_OF_5_LARGER_GRAPHS,INCIDENCE_DEGREE,2756,1110,0.7187737522168736
bcsstk15,BEST_AVAILABLE_OF_5_LARGER_GRAPHS,INCIDENCE_DEGREE,2762,1111,0.7185203952368888
bcsstk15,BEST_AVAILABLE_OF_5_LARGER_GRAPHS,INCIDENCE_DEGREE,2760,1112,0.718267038256904
bcsstk15,BEST_AVAILABLE_OF_5_LARGER_GRAPHS,INCIDENCE_DEGREE,2456,1113,0.7180136812769192
bcsstk15,BEST_AVAILABLE_OF_5_LARGER_GRAPHS,INCIDENCE_DEGREE,2454,1114,0.7177603242969344
bcsstk15,BEST_AVAILABLE_OF_5_LARGER_GRAPHS,INCIDENCE_DEGREE,2150,1115,0.7175069673169496
bcsstk15,BEST_AVAILABLE_OF_5_LARGER_GRAPHS,INCIDENCE_DEGREE,2148,1116,0.7172536103369648
bcsstk15,BEST_AVAILABLE_OF_5_LARGER_GRAPHS,INCIDENCE_DEGREE,2462,1117,0.71700025335698
bcsstk15,BEST_AVAILABLE_OF_5_LARGER_GRAPHS,INCIDENCE_DEGREE,2460,1118,0.7167468963769952
bcsstk15,BEST_AVAILABLE_OF_5_LARGER_GRAPHS,INCIDENCE_DEGREE,2452,1119,0.7164935393970104
bcsstk15,BEST_AVAILABLE_OF_5_LARGER_GRAPHS,INCIDENCE_DEGREE,2458,1120,0.7162401824170256
bcsstk15,BEST_AVAILABLE_OF_5_LARGER_GRAPHS,INCIDENCE_DEGREE,2152,1121,0.7159868254370408
bcsstk15,BEST_AVAILABLE_OF_5_LARGER_GRAPHS,INCIDENCE_DEGREE,2156,1122,0.715733468457056
bcsstk15,BEST_AVAILABLE_OF_5_LARGER_GRAPHS,INCIDENCE_DEGREE,2154,1123,0.7154801114770712
bcsstk15,BEST_AVAILABLE_OF_5_LARGER_GRAPHS,INCIDENCE_DEGREE,1812,1124,0.7152267544970864
bcsstk15,BEST_AVAILABLE_OF_5_LARGER_GRAPHS,INCIDENCE_DEGREE,1814,1125,0.7149733975171016
bcsstk15,BEST_AVAILABLE_OF_5_LARGER_GRAPHS,INCIDENCE_DEGREE,1816,1126,0.7147200405371168
bcsstk15,BEST_AVAILABLE_OF_5_LARGER_GRAPHS,INCIDENCE_DEGREE,2074,1127,0.714466683557132
bcsstk15,BEST_AVAILABLE_OF_5_LARGER_GRAPHS,INCIDENCE_DEGREE,2073,1128,0.7142133265771472
bcsstk15,BEST_AVAILABLE_OF_5_LARGER_GRAPHS,INCIDENCE_DEGREE,2072,1129,0.7139599695971623
bcsstk15,BEST_AVAILABLE_OF_5_LARGER_GRAPHS,INCIDENCE_DEGREE,2071,1130,0.7137066126171776
bcsstk15,BEST_AVAILABLE_OF_5_LARGER_GRAPHS,INCIDENCE_DEGREE,1820,1131,0.7134532556371928
bcsstk15,BEST_AVAILABLE_OF_5_LARGER_GRAPHS,INCIDENCE_DEGREE,1822,1132,0.713199898657208
bcsstk15,BEST_AVAILABLE_OF_5_LARGER_GRAPHS,INCIDENCE_DEGREE,1818,1133,0.7129465416772232
bcsstk15,BEST_AVAILABLE_OF_5_LARGER_GRAPHS,INCIDENCE_DEGREE,2160,1134,0.7126931846972384
bcsstk15,BEST_AVAILABLE_OF_5_LARGER_GRAPHS,INCIDENCE_DEGREE,2468,1135,0.7124398277172536
bcsstk15,BEST_AVAILABLE_OF_5_LARGER_GRAPHS,INCIDENCE_DEGREE,2466,1136,0.7121864707372688
bcsstk15,BEST_AVAILABLE_OF_5_LARGER_GRAPHS,INCIDENCE_DEGREE,2162,1137,0.711933113757284
bcsstk15,BEST_AVAILABLE_OF_5_LARGER_GRAPHS,INCIDENCE_DEGREE,2774,1138,0.7116797567772992
bcsstk15,BEST_AVAILABLE_OF_5_LARGER_GRAPHS,INCIDENCE_DEGREE,2772,1139,0.7114263997973144
bcsstk15,BEST_AVAILABLE_OF_5_LARGER_GRAPHS,INCIDENCE_DEGREE,3042,1140,0.7111730428173296
bcsstk15,BEST_AVAILABLE_OF_5_LARGER_GRAPHS,INCIDENCE_DEGREE,3300,1141,0.7109196858373448
bcsstk15,BEST_AVAILABLE_OF_5_LARGER_GRAPHS,INCIDENCE_DEGREE,3044,1142,0.71066632885736
bcsstk15,BEST_AVAILABLE_OF_5_LARGER_GRAPHS,INCIDENCE_DEGREE,3302,1143,0.7104129718773752
bcsstk15,BEST_AVAILABLE_OF_5_LARGER_GRAPHS,INCIDENCE_DEGREE,3304,1144,0.7101596148973904
bcsstk15,BEST_AVAILABLE_OF_5_LARGER_GRAPHS,INCIDENCE_DEGREE,3526,1145,0.7099062579174056
bcsstk15,BEST_AVAILABLE_OF_5_LARGER_GRAPHS,INCIDENCE_DEGREE,3525,1146,0.7096529009374208
bcsstk15,BEST_AVAILABLE_OF_5_LARGER_GRAPHS,INCIDENCE_DEGREE,3700,1147,0.709399543957436
bcsstk15,BEST_AVAILABLE_OF_5_LARGER_GRAPHS,INCIDENCE_DEGREE,3699,1148,0.7091461869774512
bcsstk15,BEST_AVAILABLE_OF_5_LARGER_GRAPHS,INCIDENCE_DEGREE,3524,1149,0.7088928299974664
bcsstk15,BEST_AVAILABLE_OF_5_LARGER_GRAPHS,INCIDENCE_DEGREE,3521,1150,0.7086394730174816
bcsstk15,BEST_AVAILABLE_OF_5_LARGER_GRAPHS,INCIDENCE_DEGREE,3698,1151,0.7083861160374968
bcsstk15,BEST_AVAILABLE_OF_5_LARGER_GRAPHS,INCIDENCE_DEGREE,3523,1152,0.708132759057512
bcsstk15,BEST_AVAILABLE_OF_5_LARGER_GRAPHS,INCIDENCE_DEGREE,3522,1153,0.7078794020775272
bcsstk15,BEST_AVAILABLE_OF_5_LARGER_GRAPHS,INCIDENCE_DEGREE,3697,1154,0.7076260450975425
bcsstk15,BEST_AVAILABLE_OF_5_LARGER_GRAPHS,INCIDENCE_DEGREE,3696,1155,0.7073726881175576
bcsstk15,BEST_AVAILABLE_OF_5_LARGER_GRAPHS,INCIDENCE_DEGREE,3294,1156,0.7071193311375729
bcsstk15,BEST_AVAILABLE_OF_5_LARGER_GRAPHS,INCIDENCE_DEGREE,3298,1157,0.706865974157588
bcsstk15,BEST_AVAILABLE_OF_5_LARGER_GRAPHS,INCIDENCE_DEGREE,3514,1158,0.7066126171776033
bcsstk15,BEST_AVAILABLE_OF_5_LARGER_GRAPHS,INCIDENCE_DEGREE,3527,1159,0.7063592601976184
bcsstk15,BEST_AVAILABLE_OF_5_LARGER_GRAPHS,INCIDENCE_DEGREE,3513,1160,0.7061059032176337
bcsstk15,BEST_AVAILABLE_OF_5_LARGER_GRAPHS,INCIDENCE_DEGREE,3706,1161,0.7058525462376488
bcsstk15,BEST_AVAILABLE_OF_5_LARGER_GRAPHS,INCIDENCE_DEGREE,3705,1162,0.7055991892576641
bcsstk15,BEST_AVAILABLE_OF_5_LARGER_GRAPHS,INCIDENCE_DEGREE,3512,1163,0.7053458322776792
bcsstk15,BEST_AVAILABLE_OF_5_LARGER_GRAPHS,INCIDENCE_DEGREE,3704,1164,0.7050924752976945
bcsstk15,BEST_AVAILABLE_OF_5_LARGER_GRAPHS,INCIDENCE_DEGREE,3701,1165,0.7048391183177096
bcsstk15,BEST_AVAILABLE_OF_5_LARGER_GRAPHS,INCIDENCE_DEGREE,3296,1166,0.7045857613377249
bcsstk15,BEST_AVAILABLE_OF_5_LARGER_GRAPHS,INCIDENCE_DEGREE,3510,1167,0.70433240435774
bcsstk15,BEST_AVAILABLE_OF_5_LARGER_GRAPHS,INCIDENCE_DEGREE,3511,1168,0.7040790473777553
bcsstk15,BEST_AVAILABLE_OF_5_LARGER_GRAPHS,INCIDENCE_DEGREE,3703,1169,0.7038256903977704
bcsstk15,BEST_AVAILABLE_OF_5_LARGER_GRAPHS,INCIDENCE_DEGREE,3702,1170,0.7035723334177857
bcsstk15,BEST_AVAILABLE_OF_5_LARGER_GRAPHS,INCIDENCE_DEGREE,3515,1171,0.7033189764378008
bcsstk15,BEST_AVAILABLE_OF_5_LARGER_GRAPHS,INCIDENCE_DEGREE,3030,1172,0.7030656194578161
bcsstk15,BEST_AVAILABLE_OF_5_LARGER_GRAPHS,INCIDENCE_DEGREE,3032,1173,0.7028122624778312
bcsstk15,BEST_AVAILABLE_OF_5_LARGER_GRAPHS,INCIDENCE_DEGREE,2780,1174,0.7025589054978465
bcsstk15,BEST_AVAILABLE_OF_5_LARGER_GRAPHS,INCIDENCE_DEGREE,2778,1175,0.7023055485178616
bcsstk15,BEST_AVAILABLE_OF_5_LARGER_GRAPHS,INCIDENCE_DEGREE,2474,1176,0.7020521915378769
bcsstk15,BEST_AVAILABLE_OF_5_LARGER_GRAPHS,INCIDENCE_DEGREE,2472,1177,0.701798834557892
bcsstk15,BEST_AVAILABLE_OF_5_LARGER_GRAPHS,INCIDENCE_DEGREE,2168,1178,0.7015454775779073
bcsstk15,BEST_AVAILABLE_OF_5_LARGER_GRAPHS,INCIDENCE_DEGREE,2166,1179,0.7012921205979225
bcsstk15,BEST_AVAILABLE_OF_5_LARGER_GRAPHS,INCIDENCE_DEGREE,2110,1180,0.7010387636179377
bcsstk15,BEST_AVAILABLE_OF_5_LARGER_GRAPHS,INCIDENCE_DEGREE,2108,1181,0.7007854066379529
bcsstk15,BEST_AVAILABLE_OF_5_LARGER_GRAPHS,INCIDENCE_DEGREE,2106,1182,0.7005320496579681
bcsstk15,BEST_AVAILABLE_OF_5_LARGER_GRAPHS,INCIDENCE_DEGREE,2070,1183,0.7002786926779833
bcsstk15,BEST_AVAILABLE_OF_5_LARGER_GRAPHS,INCIDENCE_DEGREE,2080,1184,0.7000253356979985
bcsstk15,BEST_AVAILABLE_OF_5_LARGER_GRAPHS,INCIDENCE_DEGREE,2079,1185,0.6997719787180137
bcsstk15,BEST_AVAILABLE_OF_5_LARGER_GRAPHS,INCIDENCE_DEGREE,2078,1186,0.6995186217380289
bcsstk15,BEST_AVAILABLE_OF_5_LARGER_GRAPHS,INCIDENCE_DEGREE,2416,1187,0.6992652647580441
bcsstk15,BEST_AVAILABLE_OF_5_LARGER_GRAPHS,INCIDENCE_DEGREE,2415,1188,0.6990119077780593
bcsstk15,BEST_AVAILABLE_OF_5_LARGER_GRAPHS,INCIDENCE_DEGREE,2430,1189,0.6987585507980745
bcsstk15,BEST_AVAILABLE_OF_5_LARGER_GRAPHS,INCIDENCE_DEGREE,2414,1190,0.6985051938180897
bcsstk15,BEST_AVAILABLE_OF_5_LARGER_GRAPHS,INCIDENCE_DEGREE,2075,1191,0.6982518368381049
bcsstk15,BEST_AVAILABLE_OF_5_LARGER_GRAPHS,INCIDENCE_DEGREE,2413,1192,0.6979984798581201
bcsstk15,BEST_AVAILABLE_OF_5_LARGER_GRAPHS,INCIDENCE_DEGREE,2077,1193,0.6977451228781353
bcsstk15,BEST_AVAILABLE_OF_5_LARGER_GRAPHS,INCIDENCE_DEGREE,2076,1194,0.6974917658981505
bcsstk15,BEST_AVAILABLE_OF_5_LARGER_GRAPHS,INCIDENCE_DEGREE,2412,1195,0.6972384089181657
bcsstk15,BEST_AVAILABLE_OF_5_LARGER_GRAPHS,INCIDENCE_DEGREE,2434,1196,0.6969850519381809
bcsstk15,BEST_AVAILABLE_OF_5_LARGER_GRAPHS,INCIDENCE_DEGREE,2432,1197,0.6967316949581961
bcsstk15,BEST_AVAILABLE_OF_5_LARGER_GRAPHS,INCIDENCE_DEGREE,2436,1198,0.6964783379782113
bcsstk15,BEST_AVAILABLE_OF_5_LARGER_GRAPHS,INCIDENCE_DEGREE,2438,1199,0.6962249809982265
bcsstk15,BEST_AVAILABLE_OF_5_LARGER_GRAPHS,INCIDENCE_DEGREE,2718,1200,0.6959716240182418
bcsstk15,BEST_AVAILABLE_OF_5_LARGER_GRAPHS,INCIDENCE_DEGREE,2738,1201,0.6957182670382569
bcsstk15,BEST_AVAILABLE_OF_5_LARGER_GRAPHS,INCIDENCE_DEGREE,2736,1202,0.6954649100582722
bcsstk15,BEST_AVAILABLE_OF_5_LARGER_GRAPHS,INCIDENCE_DEGREE,2480,1203,0.6952115530782873
bcsstk15,BEST_AVAILABLE_OF_5_LARGER_GRAPHS,INCIDENCE_DEGREE,2478,1204,0.6949581960983026
bcsstk15,BEST_AVAILABLE_OF_5_LARGER_GRAPHS,INCIDENCE_DEGREE,2720,1205,0.6947048391183177
bcsstk15,BEST_AVAILABLE_OF_5_LARGER_GRAPHS,INCIDENCE_DEGREE,2722,1206,0.694451482138333
bcsstk15,BEST_AVAILABLE_OF_5_LARGER_GRAPHS,INCIDENCE_DEGREE,2740,1207,0.6941981251583481
bcsstk15,BEST_AVAILABLE_OF_5_LARGER_GRAPHS,INCIDENCE_DEGREE,2766,1208,0.6939447681783634
bcsstk15,BEST_AVAILABLE_OF_5_LARGER_GRAPHS,INCIDENCE_DEGREE,2768,1209,0.6936914111983785
bcsstk15,BEST_AVAILABLE_OF_5_LARGER_GRAPHS,INCIDENCE_DEGREE,2440,1210,0.6934380542183937
bcsstk15,BEST_AVAILABLE_OF_5_LARGER_GRAPHS,INCIDENCE_DEGREE,2081,1211,0.6931846972384089
bcsstk15,BEST_AVAILABLE_OF_5_LARGER_GRAPHS,INCIDENCE_DEGREE,2482,1212,0.6929313402584241
bcsstk15,BEST_AVAILABLE_OF_5_LARGER_GRAPHS,INCIDENCE_DEGREE,2170,1213,0.6926779832784393
bcsstk15,BEST_AVAILABLE_OF_5_LARGER_GRAPHS,INCIDENCE_DEGREE,2476,1214,0.6924246262984545
bcsstk15,BEST_AVAILABLE_OF_5_LARGER_GRAPHS,INCIDENCE_DEGREE,2164,1215,0.6921712693184697
bcsstk15,BEST_AVAILABLE_OF_5_LARGER_GRAPHS,INCIDENCE_DEGREE,2470,1216,0.6919179123384849
bcsstk15,BEST_AVAILABLE_OF_5_LARGER_GRAPHS,INCIDENCE_DEGREE,2464,1217,0.6916645553585001
bcsstk15,BEST_AVAILABLE_OF_5_LARGER_GRAPHS,INCIDENCE_DEGREE,3024,1218,0.6914111983785153
bcsstk15,BEST_AVAILABLE_OF_5_LARGER_GRAPHS,INCIDENCE_DEGREE,3026,1219,0.6911578413985305
bcsstk15,BEST_AVAILABLE_OF_5_LARGER_GRAPHS,INCIDENCE_DEGREE,2667,1220,0.6909044844185457
bcsstk15,BEST_AVAILABLE_OF_5_LARGER_GRAPHS,INCIDENCE_DEGREE,2668,1221,0.6906511274385609
bcsstk15,BEST_AVAILABLE_OF_5_LARGER_GRAPHS,INCIDENCE_DEGREE,2666,1222,0.6903977704585761
bcsstk15,BEST_AVAILABLE_OF_5_LARGER_GRAPHS,INCIDENCE_DEGREE,2417,1223,0.6901444134785913
bcsstk15,BEST_AVAILABLE_OF_5_LARGER_GRAPHS,INCIDENCE_DEGREE,2350,1224,0.6898910564986065
bcsstk15,BEST_AVAILABLE_OF_5_LARGER_GRAPHS,INCIDENCE_DEGREE,2349,1225,0.6896376995186217
bcsstk15,BEST_AVAILABLE_OF_5_LARGER_GRAPHS,INCIDENCE_DEGREE,2348,1226,0.6893843425386369
bcsstk15,BEST_AVAILABLE_OF_5_LARGER_GRAPHS,INCIDENCE_DEGREE,2665,1227,0.6891309855586522
bcsstk15,BEST_AVAILABLE_OF_5_LARGER_GRAPHS,INCIDENCE_DEGREE,2664,1228,0.6888776285786673
bcsstk15,BEST_AVAILABLE_OF_5_LARGER_GRAPHS,INCIDENCE_DEGREE,2347,1229,0.6886242715986826
bcsstk15,BEST_AVAILABLE_OF_5_LARGER_GRAPHS,INCIDENCE_DEGREE,2346,1230,0.6883709146186977
bcsstk15,BEST_AVAILABLE_OF_5_LARGER_GRAPHS,INCIDENCE_DEGREE,2946,1231,0.688117557638713
bcsstk15,BEST_AVAILABLE_OF_5_LARGER_GRAPHS,INCIDENCE_DEGREE,2950,1232,0.6878642006587281
bcsstk15,BEST_AVAILABLE_OF_5_LARGER_GRAPHS,INCIDENCE_DEGREE,2948,1233,0.6876108436787434
bcsstk15,BEST_AVAILABLE_OF_5_LARGER_GRAPHS,INCIDENCE_DEGREE,2984,1234,0.6873574866987585
bcsstk15,BEST_AVAILABLE_OF_5_LARGER_GRAPHS,INCIDENCE_DEGREE,2982,1235,0.6871041297187738
bcsstk15,BEST_AVAILABLE_OF_5_LARGER_GRAPHS,INCIDENCE_DEGREE,3002,1236,0.6868507727387889
bcsstk15,BEST_AVAILABLE_OF_5_LARGER_GRAPHS,INCIDENCE_DEGREE,3000,1237,0.6865974157588042
bcsstk15,BEST_AVAILABLE_OF_5_LARGER_GRAPHS,INCIDENCE_DEGREE,2824,1238,0.6863440587788193
bcsstk15,BEST_AVAILABLE_OF_5_LARGER_GRAPHS,INCIDENCE_DEGREE,2823,1239,0.6860907017988346
bcsstk15,BEST_AVAILABLE_OF_5_LARGER_GRAPHS,INCIDENCE_DEGREE,2822,1240,0.6858373448188497
bcsstk15,BEST_AVAILABLE_OF_5_LARGER_GRAPHS,INCIDENCE_DEGREE,2669,1241,0.685583987838865
bcsstk15,BEST_AVAILABLE_OF_5_LARGER_GRAPHS,INCIDENCE_DEGREE,2530,1242,0.6853306308588801
bcsstk15,BEST_AVAILABLE_OF_5_LARGER_GRAPHS,INCIDENCE_DEGREE,2529,1243,0.6850772738788954
bcsstk15,BEST_AVAILABLE_OF_5_LARGER_GRAPHS,INCIDENCE_DEGREE,2528,1244,0.6848239168989105
bcsstk15,BEST_AVAILABLE_OF_5_LARGER_GRAPHS,INCIDENCE_DEGREE,2351,1245,0.6845705599189258
bcsstk15,BEST_AVAILABLE_OF_5_LARGER_GRAPHS,INCIDENCE_DEGREE,2821,1246,0.6843172029389409
bcsstk15,BEST_AVAILABLE_OF_5_LARGER_GRAPHS,INCIDENCE_DEGREE,2820,1247,0.6840638459589562
bcsstk15,BEST_AVAILABLE_OF_5_LARGER_GRAPHS,INCIDENCE_DEGREE,2527,1248,0.6838104889789713
bcsstk15,BEST_AVAILABLE_OF_5_LARGER_GRAPHS,INCIDENCE_DEGREE,2526,1249,0.6835571319989866
bcsstk15,BEST_AVAILABLE_OF_5_LARGER_GRAPHS,INCIDENCE_DEGREE,2825,1250,0.6833037750190017
bcsstk15,BEST_AVAILABLE_OF_5_LARGER_GRAPHS,INCIDENCE_DEGREE,3080,1251,0.683050418039017
bcsstk15,BEST_AVAILABLE_OF_5_LARGER_GRAPHS,INCIDENCE_DEGREE,3218,1252,0.6827970610590322
bcsstk15,BEST_AVAILABLE_OF_5_LARGER_GRAPHS,INCIDENCE_DEGREE,3248,1253,0.6825437040790474
bcsstk15,BEST_AVAILABLE_OF_5_LARGER_GRAPHS,INCIDENCE_DEGREE,3266,1254,0.6822903470990626
bcsstk15,BEST_AVAILABLE_OF_5_LARGER_GRAPHS,INCIDENCE_DEGREE,3091,1255,0.6820369901190778
bcsstk15,BEST_AVAILABLE_OF_5_LARGER_GRAPHS,INCIDENCE_DEGREE,3078,1256,0.681783633139093
bcsstk15,BEST_AVAILABLE_OF_5_LARGER_GRAPHS,INCIDENCE_DEGREE,3094,1257,0.6815302761591082
bcsstk15,BEST_AVAILABLE_OF_5_LARGER_GRAPHS,INCIDENCE_DEGREE,3082,1258,0.6812769191791234
bcsstk15,BEST_AVAILABLE_OF_5_LARGER_GRAPHS,INCIDENCE_DEGREE,3216,1259,0.6810235621991386
bcsstk15,BEST_AVAILABLE_OF_5_LARGER_GRAPHS,INCIDENCE_DEGREE,3092,1260,0.6807702052191538
bcsstk15,BEST_AVAILABLE_OF_5_LARGER_GRAPHS,INCIDENCE_DEGREE,3093,1261,0.680516848239169
bcsstk15,BEST_AVAILABLE_OF_5_LARGER_GRAPHS,INCIDENCE_DEGREE,3095,1262,0.6802634912591842
bcsstk15,BEST_AVAILABLE_OF_5_LARGER_GRAPHS,INCIDENCE_DEGREE,3220,1263,0.6800101342791994
bcsstk15,BEST_AVAILABLE_OF_5_LARGER_GRAPHS,INCIDENCE_DEGREE,3246,1264,0.6797567772992146
bcsstk15,BEST_AVAILABLE_OF_5_LARGER_GRAPHS,INCIDENCE_DEGREE,3090,1265,0.6795034203192298
bcsstk15,BEST_AVAILABLE_OF_5_LARGER_GRAPHS,INCIDENCE_DEGREE,3250,1266,0.679250063339245
bcsstk15,BEST_AVAILABLE_OF_5_LARGER_GRAPHS,INCIDENCE_DEGREE,3347,1267,0.6789967063592602
bcsstk15,BEST_AVAILABLE_OF_5_LARGER_GRAPHS,INCIDENCE_DEGREE,3346,1268,0.6787433493792754
bcsstk15,BEST_AVAILABLE_OF_5_LARGER_GRAPHS,INCIDENCE_DEGREE,3342,1269,0.6784899923992906
bcsstk15,BEST_AVAILABLE_OF_5_LARGER_GRAPHS,INCIDENCE_DEGREE,3264,1270,0.6782366354193058
bcsstk15,BEST_AVAILABLE_OF_5_LARGER_GRAPHS,INCIDENCE_DEGREE,3286,1271,0.677983278439321
bcsstk15,BEST_AVAILABLE_OF_5_LARGER_GRAPHS,INCIDENCE_DEGREE,3282,1272,0.6777299214593362
bcsstk15,BEST_AVAILABLE_OF_5_LARGER_GRAPHS,INCIDENCE_DEGREE,3502,1273,0.6774765644793515
bcsstk15,BEST_AVAILABLE_OF_5_LARGER_GRAPHS,INCIDENCE_DEGREE,3268,1274,0.6772232074993666
bcsstk15,BEST_AVAILABLE_OF_5_LARGER_GRAPHS,INCIDENCE_DEGREE,3499,1275,0.6769698505193819
bcsstk15,BEST_AVAILABLE_OF_5_LARGER_GRAPHS,INCIDENCE_DEGREE,3503,1276,0.676716493539397
bcsstk15,BEST_AVAILABLE_OF_5_LARGER_GRAPHS,INCIDENCE_DEGREE,3500,1277,0.6764631365594123
bcsstk15,BEST_AVAILABLE_OF_5_LARGER_GRAPHS,INCIDENCE_DEGREE,3501,1278,0.6762097795794274
bcsstk15,BEST_AVAILABLE_OF_5_LARGER_GRAPHS,INCIDENCE_DEGREE,3498,1279,0.6759564225994427
bcsstk15,BEST_AVAILABLE_OF_5_LARGER_GRAPHS,INCIDENCE_DEGREE,3491,1280,0.6757030656194578
bcsstk15,BEST_AVAILABLE_OF_5_LARGER_GRAPHS,INCIDENCE_DEGREE,3490,1281,0.6754497086394731
bcsstk15,BEST_AVAILABLE_OF_5_LARGER_GRAPHS,INCIDENCE_DEGREE,3460,1282,0.6751963516594882
bcsstk15,BEST_AVAILABLE_OF_5_LARGER_GRAPHS,INCIDENCE_DEGREE,3461,1283,0.6749429946795035
bcsstk15,BEST_AVAILABLE_OF_5_LARGER_GRAPHS,INCIDENCE_DEGREE,3486,1284,0.6746896376995186
bcsstk15,BEST_AVAILABLE_OF_5_LARGER_GRAPHS,INCIDENCE_DEGREE,3456,1285,0.6744362807195339
bcsstk15,BEST_AVAILABLE_OF_5_LARGER_GRAPHS,INCIDENCE_DEGREE,3694,1286,0.674182923739549
bcsstk15,BEST_AVAILABLE_OF_5_LARGER_GRAPHS,INCIDENCE_DEGREE,3707,1287,0.6739295667595643
bcsstk15,BEST_AVAILABLE_OF_5_LARGER_GRAPHS,INCIDENCE_DEGREE,3693,1288,0.6736762097795794
bcsstk15,BEST_AVAILABLE_OF_5_LARGER_GRAPHS,INCIDENCE_DEGREE,3692,1289,0.6734228527995946
bcsstk15,BEST_AVAILABLE_OF_5_LARGER_GRAPHS,INCIDENCE_DEGREE,3691,1290,0.6731694958196098
bcsstk15,BEST_AVAILABLE_OF_5_LARGER_GRAPHS,INCIDENCE_DEGREE,3682,1291,0.672916138839625
bcsstk15,BEST_AVAILABLE_OF_5_LARGER_GRAPHS,INCIDENCE_DEGREE,3690,1292,0.6726627818596402
bcsstk15,BEST_AVAILABLE_OF_5_LARGER_GRAPHS,INCIDENCE_DEGREE,2830,1293,0.6724094248796554
bcsstk15,BEST_AVAILABLE_OF_5_LARGER_GRAPHS,INCIDENCE_DEGREE,2829,1294,0.6721560678996706
bcsstk15,BEST_AVAILABLE_OF_5_LARGER_GRAPHS,INCIDENCE_DEGREE,2828,1295,0.6719027109196858
bcsstk15,BEST_AVAILABLE_OF_5_LARGER_GRAPHS,INCIDENCE_DEGREE,2531,1296,0.671649353939701
bcsstk15,BEST_AVAILABLE_OF_5_LARGER_GRAPHS,INCIDENCE_DEGREE,2827,1297,0.6713959969597162
bcsstk15,BEST_AVAILABLE_OF_5_LARGER_GRAPHS,INCIDENCE_DEGREE,3106,1298,0.6711426399797314
bcsstk15,BEST_AVAILABLE_OF_5_LARGER_GRAPHS,INCIDENCE_DEGREE,2826,1299,0.6708892829997466
bcsstk15,BEST_AVAILABLE_OF_5_LARGER_GRAPHS,INCIDENCE_DEGREE,3102,1300,0.6706359260197619
bcsstk15,BEST_AVAILABLE_OF_5_LARGER_GRAPHS,INCIDENCE_DEGREE,2758,1301,0.670382569039777
bcsstk15,BEST_AVAILABLE_OF_5_LARGER_GRAPHS,INCIDENCE_DEGREE,3016,1302,0.6701292120597923
bcsstk15,BEST_AVAILABLE_OF_5_LARGER_GRAPHS,INCIDENCE_DEGREE,3022,1303,0.6698758550798074
bcsstk15,BEST_AVAILABLE_OF_5_LARGER_GRAPHS,INCIDENCE_DEGREE,3040,1304,0.6696224980998227
bcsstk15,BEST_AVAILABLE_OF_5_LARGER_GRAPHS,INCIDENCE_DEGREE,2776,1305,0.6693691411198378
bcsstk15,BEST_AVAILABLE_OF_5_LARGER_GRAPHS,INCIDENCE_DEGREE,2764,1306,0.6691157841398531
bcsstk15,BEST_AVAILABLE_OF_5_LARGER_GRAPHS,INCIDENCE_DEGREE,2782,1307,0.6688624271598682
bcsstk15,BEST_AVAILABLE_OF_5_LARGER_GRAPHS,INCIDENCE_DEGREE,3046,1308,0.6686090701798835
bcsstk15,BEST_AVAILABLE_OF_5_LARGER_GRAPHS,INCIDENCE_DEGREE,2752,1309,0.6683557131998986
bcsstk15,BEST_AVAILABLE_OF_5_LARGER_GRAPHS,INCIDENCE_DEGREE,3010,1310,0.6681023562199139
bcsstk15,BEST_AVAILABLE_OF_5_LARGER_GRAPHS,INCIDENCE_DEGREE,2998,1311,0.667848999239929
bcsstk15,BEST_AVAILABLE_OF_5_LARGER_GRAPHS,INCIDENCE_DEGREE,2746,1312,0.6675956422599443
bcsstk15,BEST_AVAILABLE_OF_5_LARGER_GRAPHS,INCIDENCE_DEGREE,3678,1313,0.6673422852799594
bcsstk15,BEST_AVAILABLE_OF_5_LARGER_GRAPHS,INCIDENCE_DEGREE,2986,1314,0.6670889282999747
bcsstk15,BEST_AVAILABLE_OF_5_LARGER_GRAPHS,INCIDENCE_DEGREE,2158,1315,0.6668355713199898
bcsstk15,BEST_AVAILABLE_OF_5_LARGER_GRAPHS,INCIDENCE_DEGREE,355,1316,0.6665822143400051
bcsstk15,BEST_AVAILABLE_OF_5_LARGER_GRAPHS,INCIDENCE_DEGREE,356,1317,0.6663288573600202
bcsstk15,BEST_AVAILABLE_OF_5_LARGER_GRAPHS,INCIDENCE_DEGREE,363,1318,0.6660755003800355
bcsstk15,BEST_AVAILABLE_OF_5_LARGER_GRAPHS,INCIDENCE_DEGREE,175,1319,0.6658221434000506
bcsstk15,BEST_AVAILABLE_OF_5_LARGER_GRAPHS,INCIDENCE_DEGREE,188,1320,0.6655687864200659
bcsstk15,BEST_AVAILABLE_OF_5_LARGER_GRAPHS,INCIDENCE_DEGREE,187,1321,0.665315429440081
bcsstk15,BEST_AVAILABLE_OF_5_LARGER_GRAPHS,INCIDENCE_DEGREE,176,1322,0.6650620724600963
bcsstk15,BEST_AVAILABLE_OF_5_LARGER_GRAPHS,INCIDENCE_DEGREE,339,1323,0.6648087154801114
bcsstk15,BEST_AVAILABLE_OF_5_LARGER_GRAPHS,INCIDENCE_DEGREE,351,1324,0.6645553585001267
bcsstk15,BEST_AVAILABLE_OF_5_LARGER_GRAPHS,INCIDENCE_DEGREE,2770,1325,0.6643020015201418
bcsstk15,BEST_AVAILABLE_OF_5_LARGER_GRAPHS,INCIDENCE_DEGREE,3034,1326,0.6640486445401571
bcsstk15,BEST_AVAILABLE_OF_5_LARGER_GRAPHS,INCIDENCE_DEGREE,3028,1327,0.6637952875601723
bcsstk15,BEST_AVAILABLE_OF_5_LARGER_GRAPHS,INCIDENCE_DEGREE,3004,1328,0.6635419305801875
bcsstk15,BEST_AVAILABLE_OF_5_LARGER_GRAPHS,INCIDENCE_DEGREE,3344,1329,0.6632885736002027
bcsstk15,BEST_AVAILABLE_OF_5_LARGER_GRAPHS,INCIDENCE_DEGREE,3343,1330,0.6630352166202179
bcsstk15,BEST_AVAILABLE_OF_5_LARGER_GRAPHS,INCIDENCE_DEGREE,3104,1331,0.6627818596402331
bcsstk15,BEST_AVAILABLE_OF_5_LARGER_GRAPHS,INCIDENCE_DEGREE,3103,1332,0.6625285026602483
bcsstk15,BEST_AVAILABLE_OF_5_LARGER_GRAPHS,INCIDENCE_DEGREE,3107,1333,0.6622751456802635
bcsstk15,BEST_AVAILABLE_OF_5_LARGER_GRAPHS,INCIDENCE_DEGREE,3105,1334,0.6620217887002787
bcsstk15,BEST_AVAILABLE_OF_5_LARGER_GRAPHS,INCIDENCE_DEGREE,3359,1335,0.6617684317202939
bcsstk15,BEST_AVAILABLE_OF_5_LARGER_GRAPHS,INCIDENCE_DEGREE,3358,1336,0.6615150747403091
bcsstk15,BEST_AVAILABLE_OF_5_LARGER_GRAPHS,INCIDENCE_DEGREE,3354,1337,0.6612617177603243
bcsstk15,BEST_AVAILABLE_OF_5_LARGER_GRAPHS,INCIDENCE_DEGREE,2831,1338,0.6610083607803395
bcsstk15,BEST_AVAILABLE_OF_5_LARGER_GRAPHS,INCIDENCE_DEGREE,3458,1339,0.6607550038003547
bcsstk15,BEST_AVAILABLE_OF_5_LARGER_GRAPHS,INCIDENCE_DEGREE,3562,1340,0.6605016468203699
bcsstk15,BEST_AVAILABLE_OF_5_LARGER_GRAPHS,INCIDENCE_DEGREE,3563,1341,0.6602482898403851
bcsstk15,BEST_AVAILABLE_OF_5_LARGER_GRAPHS,INCIDENCE_DEGREE,3558,1342,0.6599949328604003
bcsstk15,BEST_AVAILABLE_OF_5_LARGER_GRAPHS,INCIDENCE_DEGREE,3653,1343,0.6597415758804155
bcsstk15,BEST_AVAILABLE_OF_5_LARGER_GRAPHS,INCIDENCE_DEGREE,3652,1344,0.6594882189004307
bcsstk15,BEST_AVAILABLE_OF_5_LARGER_GRAPHS,INCIDENCE_DEGREE,3648,1345,0.6592348619204459
bcsstk15,BEST_AVAILABLE_OF_5_LARGER_GRAPHS,INCIDENCE_DEGREE,3683,1346,0.6589815049404611
bcsstk15,BEST_AVAILABLE_OF_5_LARGER_GRAPHS,INCIDENCE_DEGREE,3680,1347,0.6587281479604763
bcsstk15,BEST_AVAILABLE_OF_5_LARGER_GRAPHS,INCIDENCE_DEGREE,3679,1348,0.6584747909804916
bcsstk15,BEST_AVAILABLE_OF_5_LARGER_GRAPHS,INCIDENCE_DEGREE,3488,1349,0.6582214340005067
bcsstk15,BEST_AVAILABLE_OF_5_LARGER_GRAPHS,INCIDENCE_DEGREE,3487,1350,0.657968077020522
bcsstk15,BEST_AVAILABLE_OF_5_LARGER_GRAPHS,INCIDENCE_DEGREE,3457,1351,0.6577147200405371
bcsstk15,BEST_AVAILABLE_OF_5_LARGER_GRAPHS,INCIDENCE_DEGREE,3681,1352,0.6574613630605524
bcsstk15,BEST_AVAILABLE_OF_5_LARGER_GRAPHS,INCIDENCE_DEGREE,3695,1353,0.6572080060805675
bcsstk15,BEST_AVAILABLE_OF_5_LARGER_GRAPHS,INCIDENCE_DEGREE,3649,1354,0.6569546491005828
bcsstk15,BEST_AVAILABLE_OF_5_LARGER_GRAPHS,INCIDENCE_DEGREE,3650,1355,0.6567012921205979
bcsstk15,BEST_AVAILABLE_OF_5_LARGER_GRAPHS,INCIDENCE_DEGREE,3489,1356,0.6564479351406132
bcsstk15,BEST_AVAILABLE_OF_5_LARGER_GRAPHS,INCIDENCE_DEGREE,3459,1357,0.6561945781606283
bcsstk15,BEST_AVAILABLE_OF_5_LARGER_GRAPHS,INCIDENCE_DEGREE,3560,1358,0.6559412211806436
bcsstk15,BEST_AVAILABLE_OF_5_LARGER_GRAPHS,INCIDENCE_DEGREE,3559,1359,0.6556878642006587
bcsstk15,BEST_AVAILABLE_OF_5_LARGER_GRAPHS,INCIDENCE_DEGREE,3355,1360,0.655434507220674
bcsstk15,BEST_AVAILABLE_OF_5_LARGER_GRAPHS,INCIDENCE_DEGREE,3356,1361,0.6551811502406891
bcsstk15,BEST_AVAILABLE_OF_5_LARGER_GRAPHS,INCIDENCE_DEGREE,3825,1362,0.6549277932607044
bcsstk15,BEST_AVAILABLE_OF_5_LARGER_GRAPHS,INCIDENCE_DEGREE,3837,1363,0.6546744362807195
bcsstk15,BEST_AVAILABLE_OF_5_LARGER_GRAPHS,INCIDENCE_DEGREE,3838,1364,0.6544210793007348
bcsstk15,BEST_AVAILABLE_OF_5_LARGER_GRAPHS,INCIDENCE_DEGREE,3836,1365,0.6541677223207499
bcsstk15,BEST_AVAILABLE_OF_5_LARGER_GRAPHS,INCIDENCE_DEGREE,3831,1366,0.6539143653407652
bcsstk15,BEST_AVAILABLE_OF_5_LARGER_GRAPHS,INCIDENCE_DEGREE,3832,1367,0.6536610083607803
bcsstk15,BEST_AVAILABLE_OF_5_LARGER_GRAPHS,INCIDENCE_DEGREE,3830,1368,0.6534076513807956
bcsstk15,BEST_AVAILABLE_OF_5_LARGER_GRAPHS,INCIDENCE_DEGREE,3807,1369,0.6531542944008107
bcsstk15,BEST_AVAILABLE_OF_5_LARGER_GRAPHS,INCIDENCE_DEGREE,3808,1370,0.6529009374208259
bcsstk15,BEST_AVAILABLE_OF_5_LARGER_GRAPHS,INCIDENCE_DEGREE,3806,1371,0.6526475804408411
bcsstk15,BEST_AVAILABLE_OF_5_LARGER_GRAPHS,INCIDENCE_DEGREE,3829,1372,0.6523942234608563
bcsstk15,BEST_AVAILABLE_OF_5_LARGER_GRAPHS,INCIDENCE_DEGREE,3828,1373,0.6521408664808716
bcsstk15,BEST_AVAILABLE_OF_5_LARGER_GRAPHS,INCIDENCE_DEGREE,3835,1374,0.6518875095008867
bcsstk15,BEST_AVAILABLE_OF_5_LARGER_GRAPHS,INCIDENCE_DEGREE,3834,1375,0.651634152520902
bcsstk15,BEST_AVAILABLE_OF_5_LARGER_GRAPHS,INCIDENCE_DEGREE,3826,1376,0.6513807955409171
bcsstk15,BEST_AVAILABLE_OF_5_LARGER_GRAPHS,INCIDENCE_DEGREE,3824,1377,0.6511274385609324
bcsstk15,BEST_AVAILABLE_OF_5_LARGER_GRAPHS,INCIDENCE_DEGREE,3822,1378,0.6508740815809475
bcsstk15,BEST_AVAILABLE_OF_5_LARGER_GRAPHS,INCIDENCE_DEGREE,3823,1379,0.6506207246009628
bcsstk15,BEST_AVAILABLE_OF_5_LARGER_GRAPHS,INCIDENCE_DEGREE,3839,1380,0.6503673676209779
bcsstk15,BEST_AVAILABLE_OF_5_LARGER_GRAPHS,INCIDENCE_DEGREE,3833,1381,0.6501140106409932
bcsstk15,BEST_AVAILABLE_OF_5_LARGER_GRAPHS,INCIDENCE_DEGREE,3805,1382,0.6498606536610083
bcsstk15,BEST_AVAILABLE_OF_5_LARGER_GRAPHS,INCIDENCE_DEGREE,3804,1383,0.6496072966810236
bcsstk15,BEST_AVAILABLE_OF_5_LARGER_GRAPHS,INCIDENCE_DEGREE,3772,1384,0.6493539397010387
bcsstk15,BEST_AVAILABLE_OF_5_LARGER_GRAPHS,INCIDENCE_DEGREE,3771,1385,0.649100582721054
bcsstk15,BEST_AVAILABLE_OF_5_LARGER_GRAPHS,INCIDENCE_DEGREE,3770,1386,0.6488472257410691
bcsstk15,BEST_AVAILABLE_OF_5_LARGER_GRAPHS,INCIDENCE_DEGREE,3809,1387,0.6485938687610844
bcsstk15,BEST_AVAILABLE_OF_5_LARGER_GRAPHS,INCIDENCE_DEGREE,3769,1388,0.6483405117810995
bcsstk15,BEST_AVAILABLE_OF_5_LARGER_GRAPHS,INCIDENCE_DEGREE,3768,1389,0.6480871548011148
bcsstk15,BEST_AVAILABLE_OF_5_LARGER_GRAPHS,INCIDENCE_DEGREE,3622,1390,0.6478337978211299
bcsstk15,BEST_AVAILABLE_OF_5_LARGER_GRAPHS,INCIDENCE_DEGREE,3621,1391,0.6475804408411452
bcsstk15,BEST_AVAILABLE_OF_5_LARGER_GRAPHS,INCIDENCE_DEGREE,3620,1392,0.6473270838611603
bcsstk15,BEST_AVAILABLE_OF_5_LARGER_GRAPHS,INCIDENCE_DEGREE,3773,1393,0.6470737268811756
bcsstk15,BEST_AVAILABLE_OF_5_LARGER_GRAPHS,INCIDENCE_DEGREE,3619,1394,0.6468203699011907
bcsstk15,BEST_AVAILABLE_OF_5_LARGER_GRAPHS,INCIDENCE_DEGREE,3618,1395,0.646567012921206
bcsstk15,BEST_AVAILABLE_OF_5_LARGER_GRAPHS,INCIDENCE_DEGREE,3430,1396,0.6463136559412211
bcsstk15,BEST_AVAILABLE_OF_5_LARGER_GRAPHS,INCIDENCE_DEGREE,3429,1397,0.6460602989612364
bcsstk15,BEST_AVAILABLE_OF_5_LARGER_GRAPHS,INCIDENCE_DEGREE,3428,1398,0.6458069419812515
bcsstk15,BEST_AVAILABLE_OF_5_LARGER_GRAPHS,INCIDENCE_DEGREE,3623,1399,0.6455535850012668
bcsstk15,BEST_AVAILABLE_OF_5_LARGER_GRAPHS,INCIDENCE_DEGREE,3427,1400,0.645300228021282
bcsstk15,BEST_AVAILABLE_OF_5_LARGER_GRAPHS,INCIDENCE_DEGREE,3426,1401,0.6450468710412972
bcsstk15,BEST_AVAILABLE_OF_5_LARGER_GRAPHS,INCIDENCE_DEGREE,3190,1402,0.6447935140613124
bcsstk15,BEST_AVAILABLE_OF_5_LARGER_GRAPHS,INCIDENCE_DEGREE,3189,1403,0.6445401570813276
bcsstk15,BEST_AVAILABLE_OF_5_LARGER_GRAPHS,INCIDENCE_DEGREE,3188,1404,0.6442868001013428
bcsstk15,BEST_AVAILABLE_OF_5_LARGER_GRAPHS,INCIDENCE_DEGREE,3431,1405,0.644033443121358
bcsstk15,BEST_AVAILABLE_OF_5_LARGER_GRAPHS,INCIDENCE_DEGREE,3187,1406,0.6437800861413732
bcsstk15,BEST_AVAILABLE_OF_5_LARGER_GRAPHS,INCIDENCE_DEGREE,3186,1407,0.6435267291613884
bcsstk15,BEST_AVAILABLE_OF_5_LARGER_GRAPHS,INCIDENCE_DEGREE,2920,1408,0.6432733721814036
bcsstk15,BEST_AVAILABLE_OF_5_LARGER_GRAPHS,INCIDENCE_DEGREE,2919,1409,0.6430200152014188
bcsstk15,BEST_AVAILABLE_OF_5_LARGER_GRAPHS,INCIDENCE_DEGREE,2918,1410,0.642766658221434
bcsstk15,BEST_AVAILABLE_OF_5_LARGER_GRAPHS,INCIDENCE_DEGREE,3191,1411,0.6425133012414492
bcsstk15,BEST_AVAILABLE_OF_5_LARGER_GRAPHS,INCIDENCE_DEGREE,2917,1412,0.6422599442614644
bcsstk15,BEST_AVAILABLE_OF_5_LARGER_GRAPHS,INCIDENCE_DEGREE,2916,1413,0.6420065872814796
bcsstk15,BEST_AVAILABLE_OF_5_LARGER_GRAPHS,INCIDENCE_DEGREE,2638,1414,0.6417532303014948
bcsstk15,BEST_AVAILABLE_OF_5_LARGER_GRAPHS,INCIDENCE_DEGREE,2637,1415,0.64149987332151
bcsstk15,BEST_AVAILABLE_OF_5_LARGER_GRAPHS,INCIDENCE_DEGREE,2636,1416,0.6412465163415252
bcsstk15,BEST_AVAILABLE_OF_5_LARGER_GRAPHS,INCIDENCE_DEGREE,2921,1417,0.6409931593615404
bcsstk15,BEST_AVAILABLE_OF_5_LARGER_GRAPHS,INCIDENCE_DEGREE,2635,1418,0.6407398023815556
bcsstk15,BEST_AVAILABLE_OF_5_LARGER_GRAPHS,INCIDENCE_DEGREE,2634,1419,0.6404864454015708
bcsstk15,BEST_AVAILABLE_OF_5_LARGER_GRAPHS,INCIDENCE_DEGREE,2320,1420,0.640233088421586
bcsstk15,BEST_AVAILABLE_OF_5_LARGER_GRAPHS,INCIDENCE_DEGREE,2319,1421,0.6399797314416013
bcsstk15,BEST_AVAILABLE_OF_5_LARGER_GRAPHS,INCIDENCE_DEGREE,2318,1422,0.6397263744616164
bcsstk15,BEST_AVAILABLE_OF_5_LARGER_GRAPHS,INCIDENCE_DEGREE,2639,1423,0.6394730174816317
bcsstk15,BEST_AVAILABLE_OF_5_LARGER_GRAPHS,INCIDENCE_DEGREE,2317,1424,0.6392196605016468
bcsstk15,BEST_AVAILABLE_OF_5_LARGER_GRAPHS,INCIDENCE_DEGREE,2316,1425,0.6389663035216621
bcsstk15,BEST_AVAILABLE_OF_5_LARGER_GRAPHS,INCIDENCE_DEGREE,1996,1426,0.6387129465416772
bcsstk15,BEST_AVAILABLE_OF_5_LARGER_GRAPHS,INCIDENCE_DEGREE,1995,1427,0.6384595895616925
bcsstk15,BEST_AVAILABLE_OF_5_LARGER_GRAPHS,INCIDENCE_DEGREE,1994,1428,0.6382062325817076
bcsstk15,BEST_AVAILABLE_OF_5_LARGER_GRAPHS,INCIDENCE_DEGREE,2321,1429,0.6379528756017229
bcsstk15,BEST_AVAILABLE_OF_5_LARGER_GRAPHS,INCIDENCE_DEGREE,1993,1430,0.637699518621738
bcsstk15,BEST_AVAILABLE_OF_5_LARGER_GRAPHS,INCIDENCE_DEGREE,1992,1431,0.6374461616417533
bcsstk15,BEST_AVAILABLE_OF_5_LARGER_GRAPHS,INCIDENCE_DEGREE,1636,1432,0.6371928046617684
bcsstk15,BEST_AVAILABLE_OF_5_LARGER_GRAPHS,INCIDENCE_DEGREE,1635,1433,0.6369394476817837
bcsstk15,BEST_AVAILABLE_OF_5_LARGER_GRAPHS,INCIDENCE_DEGREE,1634,1434,0.6366860907017988
bcsstk15,BEST_AVAILABLE_OF_5_LARGER_GRAPHS,INCIDENCE_DEGREE,1997,1435,0.6364327337218141
bcsstk15,BEST_AVAILABLE_OF_5_LARGER_GRAPHS,INCIDENCE_DEGREE,1633,1436,0.6361793767418292
bcsstk15,BEST_AVAILABLE_OF_5_LARGER_GRAPHS,INCIDENCE_DEGREE,1632,1437,0.6359260197618445
bcsstk15,BEST_AVAILABLE_OF_5_LARGER_GRAPHS,INCIDENCE_DEGREE,1282,1438,0.6356726627818596
bcsstk15,BEST_AVAILABLE_OF_5_LARGER_GRAPHS,INCIDENCE_DEGREE,1281,1439,0.6354193058018749
bcsstk15,BEST_AVAILABLE_OF_5_LARGER_GRAPHS,INCIDENCE_DEGREE,1280,1440,0.63516594882189
bcsstk15,BEST_AVAILABLE_OF_5_LARGER_GRAPHS,INCIDENCE_DEGREE,1637,1441,0.6349125918419053
bcsstk15,BEST_AVAILABLE_OF_5_LARGER_GRAPHS,INCIDENCE_DEGREE,1279,1442,0.6346592348619204
bcsstk15,BEST_AVAILABLE_OF_5_LARGER_GRAPHS,INCIDENCE_DEGREE,1278,1443,0.6344058778819357
bcsstk15,BEST_AVAILABLE_OF_5_LARGER_GRAPHS,INCIDENCE_DEGREE,934,1444,0.6341525209019508
bcsstk15,BEST_AVAILABLE_OF_5_LARGER_GRAPHS,INCIDENCE_DEGREE,933,1445,0.6338991639219661
bcsstk15,BEST_AVAILABLE_OF_5_LARGER_GRAPHS,INCIDENCE_DEGREE,932,1446,0.6336458069419812
bcsstk15,BEST_AVAILABLE_OF_5_LARGER_GRAPHS,INCIDENCE_DEGREE,1283,1447,0.6333924499619965
bcsstk15,BEST_AVAILABLE_OF_5_LARGER_GRAPHS,INCIDENCE_DEGREE,931,1448,0.6331390929820117
bcsstk15,BEST_AVAILABLE_OF_5_LARGER_GRAPHS,INCIDENCE_DEGREE,930,1449,0.6328857360020269
bcsstk15,BEST_AVAILABLE_OF_5_LARGER_GRAPHS,INCIDENCE_DEGREE,634,1450,0.6326323790220421
bcsstk15,BEST_AVAILABLE_OF_5_LARGER_GRAPHS,INCIDENCE_DEGREE,633,1451,0.6323790220420572
bcsstk15,BEST_AVAILABLE_OF_5_LARGER_GRAPHS,INCIDENCE_DEGREE,632,1452,0.6321256650620725
bcsstk15,BEST_AVAILABLE_OF_5_LARGER_GRAPHS,INCIDENCE_DEGREE,935,1453,0.6318723080820876
bcsstk15,BEST_AVAILABLE_OF_5_LARGER_GRAPHS,INCIDENCE_DEGREE,631,1454,0.6316189511021029
bcsstk15,BEST_AVAILABLE_OF_5_LARGER_GRAPHS,INCIDENCE_DEGREE,630,1455,0.631365594122118
bcsstk15,BEST_AVAILABLE_OF_5_LARGER_GRAPHS,INCIDENCE_DEGREE,400,1456,0.6311122371421333
bcsstk15,BEST_AVAILABLE_OF_5_LARGER_GRAPHS,INCIDENCE_DEGREE,399,1457,0.6308588801621484
bcsstk15,BEST_AVAILABLE_OF_5_LARGER_GRAPHS,INCIDENCE_DEGREE,398,1458,0.6306055231821637
bcsstk15,BEST_AVAILABLE_OF_5_LARGER_GRAPHS,INCIDENCE_DEGREE,635,1459,0.6303521662021788
bcsstk15,BEST_AVAILABLE_OF_5_LARGER_GRAPHS,INCIDENCE_DEGREE,397,1460,0.6300988092221941
bcsstk15,BEST_AVAILABLE_OF_5_LARGER_GRAPHS,INCIDENCE_DEGREE,396,1461,0.6298454522422092
bcsstk15,BEST_AVAILABLE_OF_5_LARGER_GRAPHS,INCIDENCE_DEGREE,214,1462,0.6295920952622245
bcsstk15,BEST_AVAILABLE_OF_5_LARGER_GRAPHS,INCIDENCE_DEGREE,213,1463,0.6293387382822396
bcsstk15,BEST_AVAILABLE_OF_5_LARGER_GRAPHS,INCIDENCE_DEGREE,212,1464,0.6290853813022549
bcsstk15,BEST_AVAILABLE_OF_5_LARGER_GRAPHS,INCIDENCE_DEGREE,401,1465,0.62883202432227
bcsstk15,BEST_AVAILABLE_OF_5_LARGER_GRAPHS,INCIDENCE_DEGREE,211,1466,0.6285786673422853
bcsstk15,BEST_AVAILABLE_OF_5_LARGER_GRAPHS,INCIDENCE_DEGREE,210,1467,0.6283253103623004
bcsstk15,BEST_AVAILABLE_OF_5_LARGER_GRAPHS,INCIDENCE_DEGREE,64,1468,0.6280719533823157
bcsstk15,BEST_AVAILABLE_OF_5_LARGER_GRAPHS,INCIDENCE_DEGREE,63,1469,0.6278185964023308
bcsstk15,BEST_AVAILABLE_OF_5_LARGER_GRAPHS,INCIDENCE_DEGREE,62,1470,0.6275652394223461
bcsstk15,BEST_AVAILABLE_OF_5_LARGER_GRAPHS,INCIDENCE_DEGREE,215,1471,0.6273118824423612
bcsstk15,BEST_AVAILABLE_OF_5_LARGER_GRAPHS,INCIDENCE_DEGREE,61,1472,0.6270585254623765
bcsstk15,BEST_AVAILABLE_OF_5_LARGER_GRAPHS,INCIDENCE_DEGREE,60,1473,0.6268051684823917
bcsstk15,BEST_AVAILABLE_OF_5_LARGER_GRAPHS,INCIDENCE_DEGREE,46,1474,0.6265518115024069
bcsstk15,BEST_AVAILABLE_OF_5_LARGER_GRAPHS,INCIDENCE_DEGREE,3802,1475,0.626298454522422
bcsstk15,BEST_AVAILABLE_OF_5_LARGER_GRAPHS,INCIDENCE_DEGREE,3799,1476,0.6260450975424373
bcsstk15,BEST_AVAILABLE_OF_5_LARGER_GRAPHS,INCIDENCE_DEGREE,3827,1477,0.6257917405624525
bcsstk15,BEST_AVAILABLE_OF_5_LARGER_GRAPHS,INCIDENCE_DEGREE,3800,1478,0.6255383835824677
bcsstk15,BEST_AVAILABLE_OF_5_LARGER_GRAPHS,INCIDENCE_DEGREE,3803,1479,0.6252850266024829
bcsstk15,BEST_AVAILABLE_OF_5_LARGER_GRAPHS,INCIDENCE_DEGREE,3801,1480,0.6250316696224981
bcsstk15,BEST_AVAILABLE_OF_5_LARGER_GRAPHS,INCIDENCE_DEGREE,3798,1481,0.6247783126425133
bcsstk15,BEST_AVAILABLE_OF_5_LARGER_GRAPHS,INCIDENCE_DEGREE,3743,1482,0.6245249556625285
bcsstk15,BEST_AVAILABLE_OF_5_LARGER_GRAPHS,INCIDENCE_DEGREE,3742,1483,0.6242715986825437
bcsstk15,BEST_AVAILABLE_OF_5_LARGER_GRAPHS,INCIDENCE_DEGREE,43,1484,0.6240182417025589
bcsstk15,BEST_AVAILABLE_OF_5_LARGER_GRAPHS,INCIDENCE_DEGREE,65,1485,0.6237648847225741
bcsstk15,BEST_AVAILABLE_OF_5_LARGER_GRAPHS,INCIDENCE_DEGREE,44,1486,0.6235115277425893
bcsstk15,BEST_AVAILABLE_OF_5_LARGER_GRAPHS,INCIDENCE_DEGREE,47,1487,0.6232581707626045
bcsstk15,BEST_AVAILABLE_OF_5_LARGER_GRAPHS,INCIDENCE_DEGREE,45,1488,0.6230048137826197
bcsstk15,BEST_AVAILABLE_OF_5_LARGER_GRAPHS,INCIDENCE_DEGREE,42,1489,0.6227514568026349
bcsstk15,BEST_AVAILABLE_OF_5_LARGER_GRAPHS,INCIDENCE_DEGREE,59,1490,0.6224980998226501
bcsstk15,BEST_AVAILABLE_OF_5_LARGER_GRAPHS,INCIDENCE_DEGREE,58,1491,0.6222447428426653
bcsstk15,BEST_AVAILABLE_OF_5_LARGER_GRAPHS,INCIDENCE_DEGREE,54,1492,0.6219913858626805
bcsstk15,BEST_AVAILABLE_OF_5_LARGER_GRAPHS,INCIDENCE_DEGREE,3738,1493,0.6217380288826957
bcsstk15,BEST_AVAILABLE_OF_5_LARGER_GRAPHS,INCIDENCE_DEGREE,3575,1494,0.621484671902711
bcsstk15,BEST_AVAILABLE_OF_5_LARGER_GRAPHS,INCIDENCE_DEGREE,3574,1495,0.6212313149227261
bcsstk15,BEST_AVAILABLE_OF_5_LARGER_GRAPHS,INCIDENCE_DEGREE,3570,1496,0.6209779579427414
bcsstk15,BEST_AVAILABLE_OF_5_LARGER_GRAPHS,INCIDENCE_DEGREE,3739,1497,0.6207246009627565
bcsstk15,BEST_AVAILABLE_OF_5_LARGER_GRAPHS,INCIDENCE_DEGREE,3740,1498,0.6204712439827718
bcsstk15,BEST_AVAILABLE_OF_5_LARGER_GRAPHS,INCIDENCE_DEGREE,3651,1499,0.6202178870027869
bcsstk15,BEST_AVAILABLE_OF_5_LARGER_GRAPHS,INCIDENCE_DEGREE,185,1500,0.6199645300228022
bcsstk15,BEST_AVAILABLE_OF_5_LARGER_GRAPHS,INCIDENCE_DEGREE,184,1501,0.6197111730428173
bcsstk15,BEST_AVAILABLE_OF_5_LARGER_GRAPHS,INCIDENCE_DEGREE,180,1502,0.6194578160628326
bcsstk15,BEST_AVAILABLE_OF_5_LARGER_GRAPHS,INCIDENCE_DEGREE,347,1503,0.6192044590828477
bcsstk15,BEST_AVAILABLE_OF_5_LARGER_GRAPHS,INCIDENCE_DEGREE,346,1504,0.618951102102863
bcsstk15,BEST_AVAILABLE_OF_5_LARGER_GRAPHS,INCIDENCE_DEGREE,342,1505,0.6186977451228781
bcsstk15,BEST_AVAILABLE_OF_5_LARGER_GRAPHS,INCIDENCE_DEGREE,550,1506,0.6184443881428934
bcsstk15,BEST_AVAILABLE_OF_5_LARGER_GRAPHS,INCIDENCE_DEGREE,789,1507,0.6181910311629085
bcsstk15,BEST_AVAILABLE_OF_5_LARGER_GRAPHS,INCIDENCE_DEGREE,1041,1508,0.6179376741829238
bcsstk15,BEST_AVAILABLE_OF_5_LARGER_GRAPHS,INCIDENCE_DEGREE,790,1509,0.6176843172029389
bcsstk15,BEST_AVAILABLE_OF_5_LARGER_GRAPHS,INCIDENCE_DEGREE,788,1510,0.6174309602229542
bcsstk15,BEST_AVAILABLE_OF_5_LARGER_GRAPHS,INCIDENCE_DEGREE,1042,1511,0.6171776032429693
bcsstk15,BEST_AVAILABLE_OF_5_LARGER_GRAPHS,INCIDENCE_DEGREE,1040,1512,0.6169242462629846
bcsstk15,BEST_AVAILABLE_OF_5_LARGER_GRAPHS,INCIDENCE_DEGREE,1053,1513,0.6166708892829997
bcsstk15,BEST_AVAILABLE_OF_5_LARGER_GRAPHS,INCIDENCE_DEGREE,1054,1514,0.616417532303015
bcsstk15,BEST_AVAILABLE_OF_5_LARGER_GRAPHS,INCIDENCE_DEGREE,1052,1515,0.6161641753230301
bcsstk15,BEST_AVAILABLE_OF_5_LARGER_GRAPHS,INCIDENCE_DEGREE,1039,1516,0.6159108183430454
bcsstk15,BEST_AVAILABLE_OF_5_LARGER_GRAPHS,INCIDENCE_DEGREE,1038,1517,0.6156574613630605
bcsstk15,BEST_AVAILABLE_OF_5_LARGER_GRAPHS,INCIDENCE_DEGREE,786,1518,0.6154041043830758
bcsstk15,BEST_AVAILABLE_OF_5_LARGER_GRAPHS,INCIDENCE_DEGREE,787,1519,0.615150747403091
bcsstk15,BEST_AVAILABLE_OF_5_LARGER_GRAPHS,INCIDENCE_DEGREE,551,1520,0.6148973904231062
bcsstk15,BEST_AVAILABLE_OF_5_LARGER_GRAPHS,INCIDENCE_DEGREE,547,1521,0.6146440334431214
bcsstk15,BEST_AVAILABLE_OF_5_LARGER_GRAPHS,INCIDENCE_DEGREE,546,1522,0.6143906764631366
bcsstk15,BEST_AVAILABLE_OF_5_LARGER_GRAPHS,INCIDENCE_DEGREE,548,1523,0.6141373194831518
bcsstk15,BEST_AVAILABLE_OF_5_LARGER_GRAPHS,INCIDENCE_DEGREE,549,1524,0.613883962503167
bcsstk15,BEST_AVAILABLE_OF_5_LARGER_GRAPHS,INCIDENCE_DEGREE,791,1525,0.6136306055231822
bcsstk15,BEST_AVAILABLE_OF_5_LARGER_GRAPHS,INCIDENCE_DEGREE,1043,1526,0.6133772485431974
bcsstk15,BEST_AVAILABLE_OF_5_LARGER_GRAPHS,INCIDENCE_DEGREE,1051,1527,0.6131238915632126
bcsstk15,BEST_AVAILABLE_OF_5_LARGER_GRAPHS,INCIDENCE_DEGREE,1050,1528,0.6128705345832278
bcsstk15,BEST_AVAILABLE_OF_5_LARGER_GRAPHS,INCIDENCE_DEGREE,1060,1529,0.612617177603243
bcsstk15,BEST_AVAILABLE_OF_5_LARGER_GRAPHS,INCIDENCE_DEGREE,1059,1530,0.6123638206232582
bcsstk15,BEST_AVAILABLE_OF_5_LARGER_GRAPHS,INCIDENCE_DEGREE,1058,1531,0.6121104636432734
bcsstk15,BEST_AVAILABLE_OF_5_LARGER_GRAPHS,INCIDENCE_DEGREE,1057,1532,0.6118571066632885
bcsstk15,BEST_AVAILABLE_OF_5_LARGER_GRAPHS,INCIDENCE_DEGREE,1056,1533,0.6116037496833038
bcsstk15,BEST_AVAILABLE_OF_5_LARGER_GRAPHS,INCIDENCE_DEGREE,1055,1534,0.6113503927033189
bcsstk15,BEST_AVAILABLE_OF_5_LARGER_GRAPHS,INCIDENCE_DEGREE,1048,1535,0.6110970357233342
bcsstk15,BEST_AVAILABLE_OF_5_LARGER_GRAPHS,INCIDENCE_DEGREE,1047,1536,0.6108436787433493
bcsstk15,BEST_AVAILABLE_OF_5_LARGER_GRAPHS,INCIDENCE_DEGREE,1046,1537,0.6105903217633646
bcsstk15,BEST_AVAILABLE_OF_5_LARGER_GRAPHS,INCIDENCE_DEGREE,1061,1538,0.6103369647833797
bcsstk15,BEST_AVAILABLE_OF_5_LARGER_GRAPHS,INCIDENCE_DEGREE,1045,1539,0.610083607803395
bcsstk15,BEST_AVAILABLE_OF_5_LARGER_GRAPHS,INCIDENCE_DEGREE,1044,1540,0.6098302508234101
bcsstk15,BEST_AVAILABLE_OF_5_LARGER_GRAPHS,INCIDENCE_DEGREE,1036,1541,0.6095768938434254
bcsstk15,BEST_AVAILABLE_OF_5_LARGER_GRAPHS,INCIDENCE_DEGREE,1035,1542,0.6093235368634405
bcsstk15,BEST_AVAILABLE_OF_5_LARGER_GRAPHS,INCIDENCE_DEGREE,1034,1543,0.6090701798834558
bcsstk15,BEST_AVAILABLE_OF_5_LARGER_GRAPHS,INCIDENCE_DEGREE,1049,1544,0.6088168229034709
bcsstk15,BEST_AVAILABLE_OF_5_LARGER_GRAPHS,INCIDENCE_DEGREE,1033,1545,0.6085634659234862
bcsstk15,BEST_AVAILABLE_OF_5_LARGER_GRAPHS,INCIDENCE_DEGREE,1032,1546,0.6083101089435013
bcsstk15,BEST_AVAILABLE_OF_5_LARGER_GRAPHS,INCIDENCE_DEGREE,964,1547,0.6080567519635166
bcsstk15,BEST_AVAILABLE_OF_5_LARGER_GRAPHS,INCIDENCE_DEGREE,963,1548,0.6078033949835318
bcsstk15,BEST_AVAILABLE_OF_5_LARGER_GRAPHS,INCIDENCE_DEGREE,962,1549,0.607550038003547
bcsstk15,BEST_AVAILABLE_OF_5_LARGER_GRAPHS,INCIDENCE_DEGREE,1037,1550,0.6072966810235622
bcsstk15,BEST_AVAILABLE_OF_5_LARGER_GRAPHS,INCIDENCE_DEGREE,961,1551,0.6070433240435774
bcsstk15,BEST_AVAILABLE_OF_5_LARGER_GRAPHS,INCIDENCE_DEGREE,960,1552,0.6067899670635926
bcsstk15,BEST_AVAILABLE_OF_5_LARGER_GRAPHS,INCIDENCE_DEGREE,970,1553,0.6065366100836078
bcsstk15,BEST_AVAILABLE_OF_5_LARGER_GRAPHS,INCIDENCE_DEGREE,969,1554,0.606283253103623
bcsstk15,BEST_AVAILABLE_OF_5_LARGER_GRAPHS,INCIDENCE_DEGREE,968,1555,0.6060298961236382
bcsstk15,BEST_AVAILABLE_OF_5_LARGER_GRAPHS,INCIDENCE_DEGREE,966,1556,0.6057765391436534
bcsstk15,BEST_AVAILABLE_OF_5_LARGER_GRAPHS,INCIDENCE_DEGREE,967,1557,0.6055231821636686
bcsstk15,BEST_AVAILABLE_OF_5_LARGER_GRAPHS,INCIDENCE_DEGREE,965,1558,0.6052698251836838
bcsstk15,BEST_AVAILABLE_OF_5_LARGER_GRAPHS,INCIDENCE_DEGREE,976,1559,0.605016468203699
bcsstk15,BEST_AVAILABLE_OF_5_LARGER_GRAPHS,INCIDENCE_DEGREE,975,1560,0.6047631112237142
bcsstk15,BEST_AVAILABLE_OF_5_LARGER_GRAPHS,INCIDENCE_DEGREE,974,1561,0.6045097542437294
bcsstk15,BEST_AVAILABLE_OF_5_LARGER_GRAPHS,INCIDENCE_DEGREE,972,1562,0.6042563972637446
bcsstk15,BEST_AVAILABLE_OF_5_LARGER_GRAPHS,INCIDENCE_DEGREE,973,1563,0.6040030402837598
bcsstk15,BEST_AVAILABLE_OF_5_LARGER_GRAPHS,INCIDENCE_DEGREE,971,1564,0.603749683303775
bcsstk15,BEST_AVAILABLE_OF_5_LARGER_GRAPHS,INCIDENCE_DEGREE,982,1565,0.6034963263237902
bcsstk15,BEST_AVAILABLE_OF_5_LARGER_GRAPHS,INCIDENCE_DEGREE,981,1566,0.6032429693438054
bcsstk15,BEST_AVAILABLE_OF_5_LARGER_GRAPHS,INCIDENCE_DEGREE,980,1567,0.6029896123638206
bcsstk15,BEST_AVAILABLE_OF_5_LARGER_GRAPHS,INCIDENCE_DEGREE,978,1568,0.6027362553838358
bcsstk15,BEST_AVAILABLE_OF_5_LARGER_GRAPHS,INCIDENCE_DEGREE,979,1569,0.602482898403851
bcsstk15,BEST_AVAILABLE_OF_5_LARGER_GRAPHS,INCIDENCE_DEGREE,977,1570,0.6022295414238662
bcsstk15,BEST_AVAILABLE_OF_5_LARGER_GRAPHS,INCIDENCE_DEGREE,988,1571,0.6019761844438815
bcsstk15,BEST_AVAILABLE_OF_5_LARGER_GRAPHS,INCIDENCE_DEGREE,987,1572,0.6017228274638966
bcsstk15,BEST_AVAILABLE_OF_5_LARGER_GRAPHS,INCIDENCE_DEGREE,986,1573,0.6014694704839119
bcsstk15,BEST_AVAILABLE_OF_5_LARGER_GRAPHS,INCIDENCE_DEGREE,984,1574,0.601216113503927
bcsstk15,BEST_AVAILABLE_OF_5_LARGER_GRAPHS,INCIDENCE_DEGREE,985,1575,0.6009627565239423
bcsstk15,BEST_AVAILABLE_OF_5_LARGER_GRAPHS,INCIDENCE_DEGREE,983,1576,0.6007093995439574
bcsstk15,BEST_AVAILABLE_OF_5_LARGER_GRAPHS,INCIDENCE_DEGREE,1138,1577,0.6004560425639727
bcsstk15,BEST_AVAILABLE_OF_5_LARGER_GRAPHS,INCIDENCE_DEGREE,1137,1578,0.6002026855839878
bcsstk15,BEST_AVAILABLE_OF_5_LARGER_GRAPHS,INCIDENCE_DEGREE,1136,1579,0.5999493286040031
bcsstk15,BEST_AVAILABLE_OF_5_LARGER_GRAPHS,INCIDENCE_DEGREE,1134,1580,0.5996959716240182
bcsstk15,BEST_AVAILABLE_OF_5_LARGER_GRAPHS,INCIDENCE_DEGREE,1135,1581,0.5994426146440335
bcsstk15,BEST_AVAILABLE_OF_5_LARGER_GRAPHS,INCIDENCE_DEGREE,989,1582,0.5991892576640486
bcsstk15,BEST_AVAILABLE_OF_5_LARGER_GRAPHS,INCIDENCE_DEGREE,1492,1583,0.5989359006840639
bcsstk15,BEST_AVAILABLE_OF_5_LARGER_GRAPHS,INCIDENCE_DEGREE,1491,1584,0.598682543704079
bcsstk15,BEST_AVAILABLE_OF_5_LARGER_GRAPHS,INCIDENCE_DEGREE,1490,1585,0.5984291867240943
bcsstk15,BEST_AVAILABLE_OF_5_LARGER_GRAPHS,INCIDENCE_DEGREE,1488,1586,0.5981758297441094
bcsstk15,BEST_AVAILABLE_OF_5_LARGER_GRAPHS,INCIDENCE_DEGREE,1489,1587,0.5979224727641247
bcsstk15,BEST_AVAILABLE_OF_5_LARGER_GRAPHS,INCIDENCE_DEGREE,1139,1588,0.5976691157841398
bcsstk15,BEST_AVAILABLE_OF_5_LARGER_GRAPHS,INCIDENCE_DEGREE,1504,1589,0.5974157588041551
bcsstk15,BEST_AVAILABLE_OF_5_LARGER_GRAPHS,INCIDENCE_DEGREE,1503,1590,0.5971624018241702
bcsstk15,BEST_AVAILABLE_OF_5_LARGER_GRAPHS,INCIDENCE_DEGREE,1502,1591,0.5969090448441855
bcsstk15,BEST_AVAILABLE_OF_5_LARGER_GRAPHS,INCIDENCE_DEGREE,1500,1592,0.5966556878642006
bcsstk15,BEST_AVAILABLE_OF_5_LARGER_GRAPHS,INCIDENCE_DEGREE,1501,1593,0.5964023308842159
bcsstk15,BEST_AVAILABLE_OF_5_LARGER_GRAPHS,INCIDENCE_DEGREE,1493,1594,0.596148973904231
bcsstk15,BEST_AVAILABLE_OF_5_LARGER_GRAPHS,INCIDENCE_DEGREE,1714,1595,0.5958956169242463
bcsstk15,BEST_AVAILABLE_OF_5_LARGER_GRAPHS,INCIDENCE_DEGREE,1713,1596,0.5956422599442615
bcsstk15,BEST_AVAILABLE_OF_5_LARGER_GRAPHS,INCIDENCE_DEGREE,1712,1597,0.5953889029642767
bcsstk15,BEST_AVAILABLE_OF_5_LARGER_GRAPHS,INCIDENCE_DEGREE,1710,1598,0.5951355459842919
bcsstk15,BEST_AVAILABLE_OF_5_LARGER_GRAPHS,INCIDENCE_DEGREE,1711,1599,0.5948821890043071
bcsstk15,BEST_AVAILABLE_OF_5_LARGER_GRAPHS,INCIDENCE_DEGREE,1505,1600,0.5946288320243223
bcsstk15,BEST_AVAILABLE_OF_5_LARGER_GRAPHS,INCIDENCE_DEGREE,2026,1601,0.5943754750443375
bcsstk15,BEST_AVAILABLE_OF_5_LARGER_GRAPHS,INCIDENCE_DEGREE,2025,1602,0.5941221180643527
bcsstk15,BEST_AVAILABLE_OF_5_LARGER_GRAPHS,INCIDENCE_DEGREE,2024,1603,0.5938687610843679
bcsstk15,BEST_AVAILABLE_OF_5_LARGER_GRAPHS,INCIDENCE_DEGREE,2023,1604,0.5936154041043831
bcsstk15,BEST_AVAILABLE_OF_5_LARGER_GRAPHS,INCIDENCE_DEGREE,2022,1605,0.5933620471243983
bcsstk15,BEST_AVAILABLE_OF_5_LARGER_GRAPHS,INCIDENCE_DEGREE,1715,1606,0.5931086901444135
bcsstk15,BEST_AVAILABLE_OF_5_LARGER_GRAPHS,INCIDENCE_DEGREE,2206,1607,0.5928553331644287
bcsstk15,BEST_AVAILABLE_OF_5_LARGER_GRAPHS,INCIDENCE_DEGREE,2205,1608,0.5926019761844439
bcsstk15,BEST_AVAILABLE_OF_5_LARGER_GRAPHS,INCIDENCE_DEGREE,2204,1609,0.5923486192044591
bcsstk15,BEST_AVAILABLE_OF_5_LARGER_GRAPHS,INCIDENCE_DEGREE,2027,1610,0.5920952622244743
bcsstk15,BEST_AVAILABLE_OF_5_LARGER_GRAPHS,INCIDENCE_DEGREE,2203,1611,0.5918419052444895
bcsstk15,BEST_AVAILABLE_OF_5_LARGER_GRAPHS,INCIDENCE_DEGREE,2202,1612,0.5915885482645047
bcsstk15,BEST_AVAILABLE_OF_5_LARGER_GRAPHS,INCIDENCE_DEGREE,2536,1613,0.5913351912845198
bcsstk15,BEST_AVAILABLE_OF_5_LARGER_GRAPHS,INCIDENCE_DEGREE,2535,1614,0.5910818343045351
bcsstk15,BEST_AVAILABLE_OF_5_LARGER_GRAPHS,INCIDENCE_DEGREE,2534,1615,0.5908284773245502
bcsstk15,BEST_AVAILABLE_OF_5_LARGER_GRAPHS,INCIDENCE_DEGREE,2532,1616,0.5905751203445655
bcsstk15,BEST_AVAILABLE_OF_5_LARGER_GRAPHS,INCIDENCE_DEGREE,2533,1617,0.5903217633645806
bcsstk15,BEST_AVAILABLE_OF_5_LARGER_GRAPHS,INCIDENCE_DEGREE,2207,1618,0.5900684063845959
bcsstk15,BEST_AVAILABLE_OF_5_LARGER_GRAPHS,INCIDENCE_DEGREE,2836,1619,0.589815049404611
bcsstk15,BEST_AVAILABLE_OF_5_LARGER_GRAPHS,INCIDENCE_DEGREE,2835,1620,0.5895616924246263
bcsstk15,BEST_AVAILABLE_OF_5_LARGER_GRAPHS,INCIDENCE_DEGREE,2834,1621,0.5893083354446415
bcsstk15,BEST_AVAILABLE_OF_5_LARGER_GRAPHS,INCIDENCE_DEGREE,2832,1622,0.5890549784646567
bcsstk15,BEST_AVAILABLE_OF_5_LARGER_GRAPHS,INCIDENCE_DEGREE,2833,1623,0.5888016214846719
bcsstk15,BEST_AVAILABLE_OF_5_LARGER_GRAPHS,INCIDENCE_DEGREE,2537,1624,0.5885482645046871
bcsstk15,BEST_AVAILABLE_OF_5_LARGER_GRAPHS,INCIDENCE_DEGREE,3118,1625,0.5882949075247023
bcsstk15,BEST_AVAILABLE_OF_5_LARGER_GRAPHS,INCIDENCE_DEGREE,3115,1626,0.5880415505447175
bcsstk15,BEST_AVAILABLE_OF_5_LARGER_GRAPHS,INCIDENCE_DEGREE,3116,1627,0.5877881935647327
bcsstk15,BEST_AVAILABLE_OF_5_LARGER_GRAPHS,INCIDENCE_DEGREE,2837,1628,0.5875348365847479
bcsstk15,BEST_AVAILABLE_OF_5_LARGER_GRAPHS,INCIDENCE_DEGREE,3119,1629,0.5872814796047631
bcsstk15,BEST_AVAILABLE_OF_5_LARGER_GRAPHS,INCIDENCE_DEGREE,3117,1630,0.5870281226247783
bcsstk15,BEST_AVAILABLE_OF_5_LARGER_GRAPHS,INCIDENCE_DEGREE,3371,1631,0.5867747656447935
bcsstk15,BEST_AVAILABLE_OF_5_LARGER_GRAPHS,INCIDENCE_DEGREE,3370,1632,0.5865214086648087
bcsstk15,BEST_AVAILABLE_OF_5_LARGER_GRAPHS,INCIDENCE_DEGREE,3114,1633,0.5862680516848239
bcsstk15,BEST_AVAILABLE_OF_5_LARGER_GRAPHS,INCIDENCE_DEGREE,3366,1634,0.5860146947048391
bcsstk15,BEST_AVAILABLE_OF_5_LARGER_GRAPHS,INCIDENCE_DEGREE,343,1635,0.5857613377248543
bcsstk15,BEST_AVAILABLE_OF_5_LARGER_GRAPHS,INCIDENCE_DEGREE,344,1636,0.5855079807448695
bcsstk15,BEST_AVAILABLE_OF_5_LARGER_GRAPHS,INCIDENCE_DEGREE,357,1637,0.5852546237648847
bcsstk15,BEST_AVAILABLE_OF_5_LARGER_GRAPHS,INCIDENCE_DEGREE,55,1638,0.5850012667848999
bcsstk15,BEST_AVAILABLE_OF_5_LARGER_GRAPHS,INCIDENCE_DEGREE,182,1639,0.5847479098049151
bcsstk15,BEST_AVAILABLE_OF_5_LARGER_GRAPHS,INCIDENCE_DEGREE,181,1640,0.5844945528249303
bcsstk15,BEST_AVAILABLE_OF_5_LARGER_GRAPHS,INCIDENCE_DEGREE,56,1641,0.5842411958449455
bcsstk15,BEST_AVAILABLE_OF_5_LARGER_GRAPHS,INCIDENCE_DEGREE,177,1642,0.5839878388649608
bcsstk15,BEST_AVAILABLE_OF_5_LARGER_GRAPHS,INCIDENCE_DEGREE,189,1643,0.5837344818849759
bcsstk15,BEST_AVAILABLE_OF_5_LARGER_GRAPHS,INCIDENCE_DEGREE,735,1644,0.5834811249049912
bcsstk15,BEST_AVAILABLE_OF_5_LARGER_GRAPHS,INCIDENCE_DEGREE,741,1645,0.5832277679250063
bcsstk15,BEST_AVAILABLE_OF_5_LARGER_GRAPHS,INCIDENCE_DEGREE,747,1646,0.5829744109450216
bcsstk15,BEST_AVAILABLE_OF_5_LARGER_GRAPHS,INCIDENCE_DEGREE,742,1647,0.5827210539650367
bcsstk15,BEST_AVAILABLE_OF_5_LARGER_GRAPHS,INCIDENCE_DEGREE,740,1648,0.582467696985052
bcsstk15,BEST_AVAILABLE_OF_5_LARGER_GRAPHS,INCIDENCE_DEGREE,748,1649,0.5822143400050671
bcsstk15,BEST_AVAILABLE_OF_5_LARGER_GRAPHS,INCIDENCE_DEGREE,746,1650,0.5819609830250824
bcsstk15,BEST_AVAILABLE_OF_5_LARGER_GRAPHS,INCIDENCE_DEGREE,825,1651,0.5817076260450975
bcsstk15,BEST_AVAILABLE_OF_5_LARGER_GRAPHS,INCIDENCE_DEGREE,826,1652,0.5814542690651128
bcsstk15,BEST_AVAILABLE_OF_5_LARGER_GRAPHS,INCIDENCE_DEGREE,824,1653,0.5812009120851279
bcsstk15,BEST_AVAILABLE_OF_5_LARGER_GRAPHS,INCIDENCE_DEGREE,745,1654,0.5809475551051432
bcsstk15,BEST_AVAILABLE_OF_5_LARGER_GRAPHS,INCIDENCE_DEGREE,744,1655,0.5806941981251583
bcsstk15,BEST_AVAILABLE_OF_5_LARGER_GRAPHS,INCIDENCE_DEGREE,822,1656,0.5804408411451736
bcsstk15,BEST_AVAILABLE_OF_5_LARGER_GRAPHS,INCIDENCE_DEGREE,823,1657,0.5801874841651887
bcsstk15,BEST_AVAILABLE_OF_5_LARGER_GRAPHS,INCIDENCE_DEGREE,1150,1658,0.579934127185204
bcsstk15,BEST_AVAILABLE_OF_5_LARGER_GRAPHS,INCIDENCE_DEGREE,1149,1659,0.5796807702052191
bcsstk15,BEST_AVAILABLE_OF_5_LARGER_GRAPHS,INCIDENCE_DEGREE,1148,1660,0.5794274132252344
bcsstk15,BEST_AVAILABLE_OF_5_LARGER_GRAPHS,INCIDENCE_DEGREE,1146,1661,0.5791740562452495
bcsstk15,BEST_AVAILABLE_OF_5_LARGER_GRAPHS,INCIDENCE_DEGREE,1147,1662,0.5789206992652648
bcsstk15,BEST_AVAILABLE_OF_5_LARGER_GRAPHS,INCIDENCE_DEGREE,1156,1663,0.5786673422852799
bcsstk15,BEST_AVAILABLE_OF_5_LARGER_GRAPHS,INCIDENCE_DEGREE,1155,1664,0.5784139853052952
bcsstk15,BEST_AVAILABLE_OF_5_LARGER_GRAPHS,INCIDENCE_DEGREE,1154,1665,0.5781606283253103
bcsstk15,BEST_AVAILABLE_OF_5_LARGER_GRAPHS,INCIDENCE_DEGREE,1152,1666,0.5779072713453256
bcsstk15,BEST_AVAILABLE_OF_5_LARGER_GRAPHS,INCIDENCE_DEGREE,1153,1667,0.5776539143653407
bcsstk15,BEST_AVAILABLE_OF_5_LARGER_GRAPHS,INCIDENCE_DEGREE,1318,1668,0.577400557385356
bcsstk15,BEST_AVAILABLE_OF_5_LARGER_GRAPHS,INCIDENCE_DEGREE,1317,1669,0.5771472004053712
bcsstk15,BEST_AVAILABLE_OF_5_LARGER_GRAPHS,INCIDENCE_DEGREE,1316,1670,0.5768938434253864
bcsstk15,BEST_AVAILABLE_OF_5_LARGER_GRAPHS,INCIDENCE_DEGREE,1314,1671,0.5766404864454016
bcsstk15,BEST_AVAILABLE_OF_5_LARGER_GRAPHS,INCIDENCE_DEGREE,1315,1672,0.5763871294654168
bcsstk15,BEST_AVAILABLE_OF_5_LARGER_GRAPHS,INCIDENCE_DEGREE,1324,1673,0.576133772485432
bcsstk15,BEST_AVAILABLE_OF_5_LARGER_GRAPHS,INCIDENCE_DEGREE,1323,1674,0.5758804155054472
bcsstk15,BEST_AVAILABLE_OF_5_LARGER_GRAPHS,INCIDENCE_DEGREE,1322,1675,0.5756270585254624
bcsstk15,BEST_AVAILABLE_OF_5_LARGER_GRAPHS,INCIDENCE_DEGREE,1320,1676,0.5753737015454776
bcsstk15,BEST_AVAILABLE_OF_5_LARGER_GRAPHS,INCIDENCE_DEGREE,1321,1677,0.5751203445654928
bcsstk15,BEST_AVAILABLE_OF_5_LARGER_GRAPHS,INCIDENCE_DEGREE,1330,1678,0.574866987585508
bcsstk15,BEST_AVAILABLE_OF_5_LARGER_GRAPHS,INCIDENCE_DEGREE,1329,1679,0.5746136306055232
bcsstk15,BEST_AVAILABLE_OF_5_LARGER_GRAPHS,INCIDENCE_DEGREE,1328,1680,0.5743602736255384
bcsstk15,BEST_AVAILABLE_OF_5_LARGER_GRAPHS,INCIDENCE_DEGREE,1326,1681,0.5741069166455536
bcsstk15,BEST_AVAILABLE_OF_5_LARGER_GRAPHS,INCIDENCE_DEGREE,1327,1682,0.5738535596655688
bcsstk15,BEST_AVAILABLE_OF_5_LARGER_GRAPHS,INCIDENCE_DEGREE,1336,1683,0.573600202685584
bcsstk15,BEST_AVAILABLE_OF_5_LARGER_GRAPHS,INCIDENCE_DEGREE,1335,1684,0.5733468457055992
bcsstk15,BEST_AVAILABLE_OF_5_LARGER_GRAPHS,INCIDENCE_DEGREE,1334,1685,0.5730934887256144
bcsstk15,BEST_AVAILABLE_OF_5_LARGER_GRAPHS,INCIDENCE_DEGREE,1332,1686,0.5728401317456296
bcsstk15,BEST_AVAILABLE_OF_5_LARGER_GRAPHS,INCIDENCE_DEGREE,1333,1687,0.5725867747656448
bcsstk15,BEST_AVAILABLE_OF_5_LARGER_GRAPHS,INCIDENCE_DEGREE,1342,1688,0.57233341778566
bcsstk15,BEST_AVAILABLE_OF_5_LARGER_GRAPHS,INCIDENCE_DEGREE,1341,1689,0.5720800608056752
bcsstk15,BEST_AVAILABLE_OF_5_LARGER_GRAPHS,INCIDENCE_DEGREE,1340,1690,0.5718267038256905
bcsstk15,BEST_AVAILABLE_OF_5_LARGER_GRAPHS,INCIDENCE_DEGREE,1338,1691,0.5715733468457056
bcsstk15,BEST_AVAILABLE_OF_5_LARGER_GRAPHS,INCIDENCE_DEGREE,1339,1692,0.5713199898657207
bcsstk15,BEST_AVAILABLE_OF_5_LARGER_GRAPHS,INCIDENCE_DEGREE,1498,1693,0.571066632885736
bcsstk15,BEST_AVAILABLE_OF_5_LARGER_GRAPHS,INCIDENCE_DEGREE,1497,1694,0.5708132759057511
bcsstk15,BEST_AVAILABLE_OF_5_LARGER_GRAPHS,INCIDENCE_DEGREE,1496,1695,0.5705599189257664
bcsstk15,BEST_AVAILABLE_OF_5_LARGER_GRAPHS,INCIDENCE_DEGREE,1494,1696,0.5703065619457816
bcsstk15,BEST_AVAILABLE_OF_5_LARGER_GRAPHS,INCIDENCE_DEGREE,1495,1697,0.5700532049657968
bcsstk15,BEST_AVAILABLE_OF_5_LARGER_GRAPHS,INCIDENCE_DEGREE,1864,1698,0.569799847985812
bcsstk15,BEST_AVAILABLE_OF_5_LARGER_GRAPHS,INCIDENCE_DEGREE,1863,1699,0.5695464910058272
bcsstk15,BEST_AVAILABLE_OF_5_LARGER_GRAPHS,INCIDENCE_DEGREE,1862,1700,0.5692931340258424
bcsstk15,BEST_AVAILABLE_OF_5_LARGER_GRAPHS,INCIDENCE_DEGREE,1860,1701,0.5690397770458576
bcsstk15,BEST_AVAILABLE_OF_5_LARGER_GRAPHS,INCIDENCE_DEGREE,1861,1702,0.5687864200658728
bcsstk15,BEST_AVAILABLE_OF_5_LARGER_GRAPHS,INCIDENCE_DEGREE,1876,1703,0.568533063085888
bcsstk15,BEST_AVAILABLE_OF_5_LARGER_GRAPHS,INCIDENCE_DEGREE,1875,1704,0.5682797061059032
bcsstk15,BEST_AVAILABLE_OF_5_LARGER_GRAPHS,INCIDENCE_DEGREE,1874,1705,0.5680263491259184
bcsstk15,BEST_AVAILABLE_OF_5_LARGER_GRAPHS,INCIDENCE_DEGREE,1872,1706,0.5677729921459336
bcsstk15,BEST_AVAILABLE_OF_5_LARGER_GRAPHS,INCIDENCE_DEGREE,1873,1707,0.5675196351659488
bcsstk15,BEST_AVAILABLE_OF_5_LARGER_GRAPHS,INCIDENCE_DEGREE,1882,1708,0.567266278185964
bcsstk15,BEST_AVAILABLE_OF_5_LARGER_GRAPHS,INCIDENCE_DEGREE,1881,1709,0.5670129212059792
bcsstk15,BEST_AVAILABLE_OF_5_LARGER_GRAPHS,INCIDENCE_DEGREE,1880,1710,0.5667595642259944
bcsstk15,BEST_AVAILABLE_OF_5_LARGER_GRAPHS,INCIDENCE_DEGREE,1879,1711,0.5665062072460096
bcsstk15,BEST_AVAILABLE_OF_5_LARGER_GRAPHS,INCIDENCE_DEGREE,1878,1712,0.5662528502660248
bcsstk15,BEST_AVAILABLE_OF_5_LARGER_GRAPHS,INCIDENCE_DEGREE,2212,1713,0.56599949328604
bcsstk15,BEST_AVAILABLE_OF_5_LARGER_GRAPHS,INCIDENCE_DEGREE,2211,1714,0.5657461363060552
bcsstk15,BEST_AVAILABLE_OF_5_LARGER_GRAPHS,INCIDENCE_DEGREE,2210,1715,0.5654927793260704
bcsstk15,BEST_AVAILABLE_OF_5_LARGER_GRAPHS,INCIDENCE_DEGREE,1883,1716,0.5652394223460856
bcsstk15,BEST_AVAILABLE_OF_5_LARGER_GRAPHS,INCIDENCE_DEGREE,1877,1717,0.5649860653661009
bcsstk15,BEST_AVAILABLE_OF_5_LARGER_GRAPHS,INCIDENCE_DEGREE,1865,1718,0.564732708386116
bcsstk15,BEST_AVAILABLE_OF_5_LARGER_GRAPHS,INCIDENCE_DEGREE,1499,1719,0.5644793514061313
bcsstk15,BEST_AVAILABLE_OF_5_LARGER_GRAPHS,INCIDENCE_DEGREE,1343,1720,0.5642259944261464
bcsstk15,BEST_AVAILABLE_OF_5_LARGER_GRAPHS,INCIDENCE_DEGREE,1337,1721,0.5639726374461617
bcsstk15,BEST_AVAILABLE_OF_5_LARGER_GRAPHS,INCIDENCE_DEGREE,1331,1722,0.5637192804661768
bcsstk15,BEST_AVAILABLE_OF_5_LARGER_GRAPHS,INCIDENCE_DEGREE,1325,1723,0.5634659234861921
bcsstk15,BEST_AVAILABLE_OF_5_LARGER_GRAPHS,INCIDENCE_DEGREE,1319,1724,0.5632125665062072
bcsstk15,BEST_AVAILABLE_OF_5_LARGER_GRAPHS,INCIDENCE_DEGREE,1157,1725,0.5629592095262225
bcsstk15,BEST_AVAILABLE_OF_5_LARGER_GRAPHS,INCIDENCE_DEGREE,1151,1726,0.5627058525462376
bcsstk15,BEST_AVAILABLE_OF_5_LARGER_GRAPHS,INCIDENCE_DEGREE,827,1727,0.5624524955662529
bcsstk15,BEST_AVAILABLE_OF_5_LARGER_GRAPHS,INCIDENCE_DEGREE,749,1728,0.562199138586268
bcsstk15,BEST_AVAILABLE_OF_5_LARGER_GRAPHS,INCIDENCE_DEGREE,739,1729,0.5619457816062833
bcsstk15,BEST_AVAILABLE_OF_5_LARGER_GRAPHS,INCIDENCE_DEGREE,738,1730,0.5616924246262984
bcsstk15,BEST_AVAILABLE_OF_5_LARGER_GRAPHS,INCIDENCE_DEGREE,736,1731,0.5614390676463137
bcsstk15,BEST_AVAILABLE_OF_5_LARGER_GRAPHS,INCIDENCE_DEGREE,734,1732,0.5611857106663288
bcsstk15,BEST_AVAILABLE_OF_5_LARGER_GRAPHS,INCIDENCE_DEGREE,743,1733,0.5609323536863441
bcsstk15,BEST_AVAILABLE_OF_5_LARGER_GRAPHS,INCIDENCE_DEGREE,733,1734,0.5606789967063592
bcsstk15,BEST_AVAILABLE_OF_5_LARGER_GRAPHS,INCIDENCE_DEGREE,732,1735,0.5604256397263745
bcsstk15,BEST_AVAILABLE_OF_5_LARGER_GRAPHS,INCIDENCE_DEGREE,730,1736,0.5601722827463896
bcsstk15,BEST_AVAILABLE_OF_5_LARGER_GRAPHS,INCIDENCE_DEGREE,729,1737,0.5599189257664049
bcsstk15,BEST_AVAILABLE_OF_5_LARGER_GRAPHS,INCIDENCE_DEGREE,728,1738,0.55966556878642
bcsstk15,BEST_AVAILABLE_OF_5_LARGER_GRAPHS,INCIDENCE_DEGREE,737,1739,0.5594122118064353
bcsstk15,BEST_AVAILABLE_OF_5_LARGER_GRAPHS,INCIDENCE_DEGREE,727,1740,0.5591588548264504
bcsstk15,BEST_AVAILABLE_OF_5_LARGER_GRAPHS,INCIDENCE_DEGREE,726,1741,0.5589054978464657
bcsstk15,BEST_AVAILABLE_OF_5_LARGER_GRAPHS,INCIDENCE_DEGREE,538,1742,0.5586521408664809
bcsstk15,BEST_AVAILABLE_OF_5_LARGER_GRAPHS,INCIDENCE_DEGREE,2208,1743,0.5583987838864961
bcsstk15,BEST_AVAILABLE_OF_5_LARGER_GRAPHS,INCIDENCE_DEGREE,2209,1744,0.5581454269065113
bcsstk15,BEST_AVAILABLE_OF_5_LARGER_GRAPHS,INCIDENCE_DEGREE,2542,1745,0.5578920699265265
bcsstk15,BEST_AVAILABLE_OF_5_LARGER_GRAPHS,INCIDENCE_DEGREE,2541,1746,0.5576387129465417
bcsstk15,BEST_AVAILABLE_OF_5_LARGER_GRAPHS,INCIDENCE_DEGREE,2540,1747,0.5573853559665569
bcsstk15,BEST_AVAILABLE_OF_5_LARGER_GRAPHS,INCIDENCE_DEGREE,2538,1748,0.5571319989865721
bcsstk15,BEST_AVAILABLE_OF_5_LARGER_GRAPHS,INCIDENCE_DEGREE,2539,1749,0.5568786420065873
bcsstk15,BEST_AVAILABLE_OF_5_LARGER_GRAPHS,INCIDENCE_DEGREE,2213,1750,0.5566252850266025
bcsstk15,BEST_AVAILABLE_OF_5_LARGER_GRAPHS,INCIDENCE_DEGREE,2848,1751,0.5563719280466177
bcsstk15,BEST_AVAILABLE_OF_5_LARGER_GRAPHS,INCIDENCE_DEGREE,2847,1752,0.5561185710666329
bcsstk15,BEST_AVAILABLE_OF_5_LARGER_GRAPHS,INCIDENCE_DEGREE,2846,1753,0.5558652140866481
bcsstk15,BEST_AVAILABLE_OF_5_LARGER_GRAPHS,INCIDENCE_DEGREE,2844,1754,0.5556118571066633
bcsstk15,BEST_AVAILABLE_OF_5_LARGER_GRAPHS,INCIDENCE_DEGREE,2845,1755,0.5553585001266785
bcsstk15,BEST_AVAILABLE_OF_5_LARGER_GRAPHS,INCIDENCE_DEGREE,2543,1756,0.5551051431466937
bcsstk15,BEST_AVAILABLE_OF_5_LARGER_GRAPHS,INCIDENCE_DEGREE,3130,1757,0.5548517861667089
bcsstk15,BEST_AVAILABLE_OF_5_LARGER_GRAPHS,INCIDENCE_DEGREE,535,1758,0.5545984291867241
bcsstk15,BEST_AVAILABLE_OF_5_LARGER_GRAPHS,INCIDENCE_DEGREE,731,1759,0.5543450722067393
bcsstk15,BEST_AVAILABLE_OF_5_LARGER_GRAPHS,INCIDENCE_DEGREE,536,1760,0.5540917152267545
bcsstk15,BEST_AVAILABLE_OF_5_LARGER_GRAPHS,INCIDENCE_DEGREE,539,1761,0.5538383582467697
bcsstk15,BEST_AVAILABLE_OF_5_LARGER_GRAPHS,INCIDENCE_DEGREE,537,1762,0.5535850012667849
bcsstk15,BEST_AVAILABLE_OF_5_LARGER_GRAPHS,INCIDENCE_DEGREE,534,1763,0.5533316442868002
bcsstk15,BEST_AVAILABLE_OF_5_LARGER_GRAPHS,INCIDENCE_DEGREE,335,1764,0.5530782873068153
bcsstk15,BEST_AVAILABLE_OF_5_LARGER_GRAPHS,INCIDENCE_DEGREE,334,1765,0.5528249303268306
bcsstk15,BEST_AVAILABLE_OF_5_LARGER_GRAPHS,INCIDENCE_DEGREE,330,1766,0.5525715733468457
bcsstk15,BEST_AVAILABLE_OF_5_LARGER_GRAPHS,INCIDENCE_DEGREE,2849,1767,0.552318216366861
bcsstk15,BEST_AVAILABLE_OF_5_LARGER_GRAPHS,INCIDENCE_DEGREE,3131,1768,0.5520648593868761
bcsstk15,BEST_AVAILABLE_OF_5_LARGER_GRAPHS,INCIDENCE_DEGREE,3129,1769,0.5518115024068914
bcsstk15,BEST_AVAILABLE_OF_5_LARGER_GRAPHS,INCIDENCE_DEGREE,3127,1770,0.5515581454269065
bcsstk15,BEST_AVAILABLE_OF_5_LARGER_GRAPHS,INCIDENCE_DEGREE,3128,1771,0.5513047884469218
bcsstk15,BEST_AVAILABLE_OF_5_LARGER_GRAPHS,INCIDENCE_DEGREE,3126,1772,0.5510514314669369
bcsstk15,BEST_AVAILABLE_OF_5_LARGER_GRAPHS,INCIDENCE_DEGREE,3383,1773,0.5507980744869521
bcsstk15,BEST_AVAILABLE_OF_5_LARGER_GRAPHS,INCIDENCE_DEGREE,3367,1774,0.5505447175069673
bcsstk15,BEST_AVAILABLE_OF_5_LARGER_GRAPHS,INCIDENCE_DEGREE,3368,1775,0.5502913605269825
bcsstk15,BEST_AVAILABLE_OF_5_LARGER_GRAPHS,INCIDENCE_DEGREE,3382,1776,0.5500380035469977
bcsstk15,BEST_AVAILABLE_OF_5_LARGER_GRAPHS,INCIDENCE_DEGREE,3378,1777,0.5497846465670129
bcsstk15,BEST_AVAILABLE_OF_5_LARGER_GRAPHS,INCIDENCE_DEGREE,3572,1778,0.5495312895870281
bcsstk15,BEST_AVAILABLE_OF_5_LARGER_GRAPHS,INCIDENCE_DEGREE,3571,1779,0.5492779326070433
bcsstk15,BEST_AVAILABLE_OF_5_LARGER_GRAPHS,INCIDENCE_DEGREE,3587,1780,0.5490245756270585
bcsstk15,BEST_AVAILABLE_OF_5_LARGER_GRAPHS,INCIDENCE_DEGREE,3586,1781,0.5487712186470737
bcsstk15,BEST_AVAILABLE_OF_5_LARGER_GRAPHS,INCIDENCE_DEGREE,3582,1782,0.5485178616670889
bcsstk15,BEST_AVAILABLE_OF_5_LARGER_GRAPHS,INCIDENCE_DEGREE,3755,1783,0.5482645046871041
bcsstk15,BEST_AVAILABLE_OF_5_LARGER_GRAPHS,INCIDENCE_DEGREE,3754,1784,0.5480111477071193
bcsstk15,BEST_AVAILABLE_OF_5_LARGER_GRAPHS,INCIDENCE_DEGREE,3750,1785,0.5477577907271345
bcsstk15,BEST_AVAILABLE_OF_5_LARGER_GRAPHS,INCIDENCE_DEGREE,3862,1786,0.5475044337471497
bcsstk15,BEST_AVAILABLE_OF_5_LARGER_GRAPHS,INCIDENCE_DEGREE,3897,1787,0.5472510767671649
bcsstk15,BEST_AVAILABLE_OF_5_LARGER_GRAPHS,INCIDENCE_DEGREE,3921,1788,0.5469977197871801
bcsstk15,BEST_AVAILABLE_OF_5_LARGER_GRAPHS,INCIDENCE_DEGREE,3898,1789,0.5467443628071953
bcsstk15,BEST_AVAILABLE_OF_5_LARGER_GRAPHS,INCIDENCE_DEGREE,3896,1790,0.5464910058272106
bcsstk15,BEST_AVAILABLE_OF_5_LARGER_GRAPHS,INCIDENCE_DEGREE,3922,1791,0.5462376488472257
bcsstk15,BEST_AVAILABLE_OF_5_LARGER_GRAPHS,INCIDENCE_DEGREE,3920,1792,0.545984291867241
bcsstk15,BEST_AVAILABLE_OF_5_LARGER_GRAPHS,INCIDENCE_DEGREE,3903,1793,0.5457309348872561
bcsstk15,BEST_AVAILABLE_OF_5_LARGER_GRAPHS,INCIDENCE_DEGREE,3904,1794,0.5454775779072714
bcsstk15,BEST_AVAILABLE_OF_5_LARGER_GRAPHS,INCIDENCE_DEGREE,3902,1795,0.5452242209272865
bcsstk15,BEST_AVAILABLE_OF_5_LARGER_GRAPHS,INCIDENCE_DEGREE,3919,1796,0.5449708639473018
bcsstk15,BEST_AVAILABLE_OF_5_LARGER_GRAPHS,INCIDENCE_DEGREE,3918,1797,0.5447175069673169
bcsstk15,BEST_AVAILABLE_OF_5_LARGER_GRAPHS,INCIDENCE_DEGREE,3894,1798,0.5444641499873322
bcsstk15,BEST_AVAILABLE_OF_5_LARGER_GRAPHS,INCIDENCE_DEGREE,3895,1799,0.5442107930073473
bcsstk15,BEST_AVAILABLE_OF_5_LARGER_GRAPHS,INCIDENCE_DEGREE,3863,1800,0.5439574360273626
bcsstk15,BEST_AVAILABLE_OF_5_LARGER_GRAPHS,INCIDENCE_DEGREE,3859,1801,0.5437040790473777
bcsstk15,BEST_AVAILABLE_OF_5_LARGER_GRAPHS,INCIDENCE_DEGREE,3858,1802,0.543450722067393
bcsstk15,BEST_AVAILABLE_OF_5_LARGER_GRAPHS,INCIDENCE_DEGREE,3860,1803,0.5431973650874081
bcsstk15,BEST_AVAILABLE_OF_5_LARGER_GRAPHS,INCIDENCE_DEGREE,3861,1804,0.5429440081074234
bcsstk15,BEST_AVAILABLE_OF_5_LARGER_GRAPHS,INCIDENCE_DEGREE,3899,1805,0.5426906511274385
bcsstk15,BEST_AVAILABLE_OF_5_LARGER_GRAPHS,INCIDENCE_DEGREE,3923,1806,0.5424372941474538
bcsstk15,BEST_AVAILABLE_OF_5_LARGER_GRAPHS,INCIDENCE_DEGREE,3901,1807,0.5421839371674689
bcsstk15,BEST_AVAILABLE_OF_5_LARGER_GRAPHS,INCIDENCE_DEGREE,3900,1808,0.5419305801874842
bcsstk15,BEST_AVAILABLE_OF_5_LARGER_GRAPHS,INCIDENCE_DEGREE,3880,1809,0.5416772232074993
bcsstk15,BEST_AVAILABLE_OF_5_LARGER_GRAPHS,INCIDENCE_DEGREE,3879,1810,0.5414238662275146
bcsstk15,BEST_AVAILABLE_OF_5_LARGER_GRAPHS,INCIDENCE_DEGREE,3878,1811,0.5411705092475297
bcsstk15,BEST_AVAILABLE_OF_5_LARGER_GRAPHS,INCIDENCE_DEGREE,3905,1812,0.540917152267545
bcsstk15,BEST_AVAILABLE_OF_5_LARGER_GRAPHS,INCIDENCE_DEGREE,3877,1813,0.5406637952875601
bcsstk15,BEST_AVAILABLE_OF_5_LARGER_GRAPHS,INCIDENCE_DEGREE,3876,1814,0.5404104383075754
bcsstk15,BEST_AVAILABLE_OF_5_LARGER_GRAPHS,INCIDENCE_DEGREE,3784,1815,0.5401570813275905
bcsstk15,BEST_AVAILABLE_OF_5_LARGER_GRAPHS,INCIDENCE_DEGREE,3783,1816,0.5399037243476058
bcsstk15,BEST_AVAILABLE_OF_5_LARGER_GRAPHS,INCIDENCE_DEGREE,3782,1817,0.539650367367621
bcsstk15,BEST_AVAILABLE_OF_5_LARGER_GRAPHS,INCIDENCE_DEGREE,3881,1818,0.5393970103876362
bcsstk15,BEST_AVAILABLE_OF_5_LARGER_GRAPHS,INCIDENCE_DEGREE,3781,1819,0.5391436534076514
bcsstk15,BEST_AVAILABLE_OF_5_LARGER_GRAPHS,INCIDENCE_DEGREE,3780,1820,0.5388902964276666
bcsstk15,BEST_AVAILABLE_OF_5_LARGER_GRAPHS,INCIDENCE_DEGREE,3634,1821,0.5386369394476818
bcsstk15,BEST_AVAILABLE_OF_5_LARGER_GRAPHS,INCIDENCE_DEGREE,3633,1822,0.538383582467697
bcsstk15,BEST_AVAILABLE_OF_5_LARGER_GRAPHS,INCIDENCE_DEGREE,3632,1823,0.5381302254877122
bcsstk15,BEST_AVAILABLE_OF_5_LARGER_GRAPHS,INCIDENCE_DEGREE,3785,1824,0.5378768685077274
bcsstk15,BEST_AVAILABLE_OF_5_LARGER_GRAPHS,INCIDENCE_DEGREE,3631,1825,0.5376235115277426
bcsstk15,BEST_AVAILABLE_OF_5_LARGER_GRAPHS,INCIDENCE_DEGREE,3630,1826,0.5373701545477578
bcsstk15,BEST_AVAILABLE_OF_5_LARGER_GRAPHS,INCIDENCE_DEGREE,3442,1827,0.537116797567773
bcsstk15,BEST_AVAILABLE_OF_5_LARGER_GRAPHS,INCIDENCE_DEGREE,3441,1828,0.5368634405877882
bcsstk15,BEST_AVAILABLE_OF_5_LARGER_GRAPHS,INCIDENCE_DEGREE,3440,1829,0.5366100836078034
bcsstk15,BEST_AVAILABLE_OF_5_LARGER_GRAPHS,INCIDENCE_DEGREE,3635,1830,0.5363567266278186
bcsstk15,BEST_AVAILABLE_OF_5_LARGER_GRAPHS,INCIDENCE_DEGREE,3439,1831,0.5361033696478338
bcsstk15,BEST_AVAILABLE_OF_5_LARGER_GRAPHS,INCIDENCE_DEGREE,3438,1832,0.535850012667849
bcsstk15,BEST_AVAILABLE_OF_5_LARGER_GRAPHS,INCIDENCE_DEGREE,3202,1833,0.5355966556878642
bcsstk15,BEST_AVAILABLE_OF_5_LARGER_GRAPHS,INCIDENCE_DEGREE,3201,1834,0.5353432987078794
bcsstk15,BEST_AVAILABLE_OF_5_LARGER_GRAPHS,INCIDENCE_DEGREE,3200,1835,0.5350899417278946
bcsstk15,BEST_AVAILABLE_OF_5_LARGER_GRAPHS,INCIDENCE_DEGREE,3443,1836,0.5348365847479098
bcsstk15,BEST_AVAILABLE_OF_5_LARGER_GRAPHS,INCIDENCE_DEGREE,3199,1837,0.534583227767925
bcsstk15,BEST_AVAILABLE_OF_5_LARGER_GRAPHS,INCIDENCE_DEGREE,3198,1838,0.5343298707879403
bcsstk15,BEST_AVAILABLE_OF_5_LARGER_GRAPHS,INCIDENCE_DEGREE,2932,1839,0.5340765138079554
bcsstk15,BEST_AVAILABLE_OF_5_LARGER_GRAPHS,INCIDENCE_DEGREE,2931,1840,0.5338231568279707
bcsstk15,BEST_AVAILABLE_OF_5_LARGER_GRAPHS,INCIDENCE_DEGREE,2930,1841,0.5335697998479858
bcsstk15,BEST_AVAILABLE_OF_5_LARGER_GRAPHS,INCIDENCE_DEGREE,3203,1842,0.5333164428680011
bcsstk15,BEST_AVAILABLE_OF_5_LARGER_GRAPHS,INCIDENCE_DEGREE,2929,1843,0.5330630858880162
bcsstk15,BEST_AVAILABLE_OF_5_LARGER_GRAPHS,INCIDENCE_DEGREE,2928,1844,0.5328097289080315
bcsstk15,BEST_AVAILABLE_OF_5_LARGER_GRAPHS,INCIDENCE_DEGREE,2650,1845,0.5325563719280466
bcsstk15,BEST_AVAILABLE_OF_5_LARGER_GRAPHS,INCIDENCE_DEGREE,2649,1846,0.5323030149480619
bcsstk15,BEST_AVAILABLE_OF_5_LARGER_GRAPHS,INCIDENCE_DEGREE,2648,1847,0.532049657968077
bcsstk15,BEST_AVAILABLE_OF_5_LARGER_GRAPHS,INCIDENCE_DEGREE,2933,1848,0.5317963009880923
bcsstk15,BEST_AVAILABLE_OF_5_LARGER_GRAPHS,INCIDENCE_DEGREE,2647,1849,0.5315429440081074
bcsstk15,BEST_AVAILABLE_OF_5_LARGER_GRAPHS,INCIDENCE_DEGREE,2646,1850,0.5312895870281227
bcsstk15,BEST_AVAILABLE_OF_5_LARGER_GRAPHS,INCIDENCE_DEGREE,2332,1851,0.5310362300481378
bcsstk15,BEST_AVAILABLE_OF_5_LARGER_GRAPHS,INCIDENCE_DEGREE,2331,1852,0.5307828730681531
bcsstk15,BEST_AVAILABLE_OF_5_LARGER_GRAPHS,INCIDENCE_DEGREE,2330,1853,0.5305295160881682
bcsstk15,BEST_AVAILABLE_OF_5_LARGER_GRAPHS,INCIDENCE_DEGREE,2651,1854,0.5302761591081834
bcsstk15,BEST_AVAILABLE_OF_5_LARGER_GRAPHS,INCIDENCE_DEGREE,2329,1855,0.5300228021281986
bcsstk15,BEST_AVAILABLE_OF_5_LARGER_GRAPHS,INCIDENCE_DEGREE,2328,1856,0.5297694451482138
bcsstk15,BEST_AVAILABLE_OF_5_LARGER_GRAPHS,INCIDENCE_DEGREE,2008,1857,0.529516088168229
bcsstk15,BEST_AVAILABLE_OF_5_LARGER_GRAPHS,INCIDENCE_DEGREE,2007,1858,0.5292627311882442
bcsstk15,BEST_AVAILABLE_OF_5_LARGER_GRAPHS,INCIDENCE_DEGREE,2006,1859,0.5290093742082594
bcsstk15,BEST_AVAILABLE_OF_5_LARGER_GRAPHS,INCIDENCE_DEGREE,2333,1860,0.5287560172282746
bcsstk15,BEST_AVAILABLE_OF_5_LARGER_GRAPHS,INCIDENCE_DEGREE,2005,1861,0.5285026602482898
bcsstk15,BEST_AVAILABLE_OF_5_LARGER_GRAPHS,INCIDENCE_DEGREE,2004,1862,0.528249303268305
bcsstk15,BEST_AVAILABLE_OF_5_LARGER_GRAPHS,INCIDENCE_DEGREE,1648,1863,0.5279959462883203
bcsstk15,BEST_AVAILABLE_OF_5_LARGER_GRAPHS,INCIDENCE_DEGREE,1647,1864,0.5277425893083354
bcsstk15,BEST_AVAILABLE_OF_5_LARGER_GRAPHS,INCIDENCE_DEGREE,1646,1865,0.5274892323283507
bcsstk15,BEST_AVAILABLE_OF_5_LARGER_GRAPHS,INCIDENCE_DEGREE,2009,1866,0.5272358753483658
bcsstk15,BEST_AVAILABLE_OF_5_LARGER_GRAPHS,INCIDENCE_DEGREE,1645,1867,0.5269825183683811
bcsstk15,BEST_AVAILABLE_OF_5_LARGER_GRAPHS,INCIDENCE_DEGREE,1644,1868,0.5267291613883962
bcsstk15,BEST_AVAILABLE_OF_5_LARGER_GRAPHS,INCIDENCE_DEGREE,1294,1869,0.5264758044084115
bcsstk15,BEST_AVAILABLE_OF_5_LARGER_GRAPHS,INCIDENCE_DEGREE,1293,1870,0.5262224474284266
bcsstk15,BEST_AVAILABLE_OF_5_LARGER_GRAPHS,INCIDENCE_DEGREE,1292,1871,0.5259690904484419
bcsstk15,BEST_AVAILABLE_OF_5_LARGER_GRAPHS,INCIDENCE_DEGREE,1649,1872,0.525715733468457
bcsstk15,BEST_AVAILABLE_OF_5_LARGER_GRAPHS,INCIDENCE_DEGREE,1291,1873,0.5254623764884723
bcsstk15,BEST_AVAILABLE_OF_5_LARGER_GRAPHS,INCIDENCE_DEGREE,1290,1874,0.5252090195084874
bcsstk15,BEST_AVAILABLE_OF_5_LARGER_GRAPHS,INCIDENCE_DEGREE,946,1875,0.5249556625285027
bcsstk15,BEST_AVAILABLE_OF_5_LARGER_GRAPHS,INCIDENCE_DEGREE,945,1876,0.5247023055485178
bcsstk15,BEST_AVAILABLE_OF_5_LARGER_GRAPHS,INCIDENCE_DEGREE,944,1877,0.5244489485685331
bcsstk15,BEST_AVAILABLE_OF_5_LARGER_GRAPHS,INCIDENCE_DEGREE,1295,1878,0.5241955915885482
bcsstk15,BEST_AVAILABLE_OF_5_LARGER_GRAPHS,INCIDENCE_DEGREE,943,1879,0.5239422346085635
bcsstk15,BEST_AVAILABLE_OF_5_LARGER_GRAPHS,INCIDENCE_DEGREE,942,1880,0.5236888776285786
bcsstk15,BEST_AVAILABLE_OF_5_LARGER_GRAPHS,INCIDENCE_DEGREE,646,1881,0.5234355206485939
bcsstk15,BEST_AVAILABLE_OF_5_LARGER_GRAPHS,INCIDENCE_DEGREE,645,1882,0.523182163668609
bcsstk15,BEST_AVAILABLE_OF_5_LARGER_GRAPHS,INCIDENCE_DEGREE,644,1883,0.5229288066886243
bcsstk15,BEST_AVAILABLE_OF_5_LARGER_GRAPHS,INCIDENCE_DEGREE,947,1884,0.5226754497086394
bcsstk15,BEST_AVAILABLE_OF_5_LARGER_GRAPHS,INCIDENCE_DEGREE,643,1885,0.5224220927286547
bcsstk15,BEST_AVAILABLE_OF_5_LARGER_GRAPHS,INCIDENCE_DEGREE,642,1886,0.5221687357486698
bcsstk15,BEST_AVAILABLE_OF_5_LARGER_GRAPHS,INCIDENCE_DEGREE,412,1887,0.5219153787686851
bcsstk15,BEST_AVAILABLE_OF_5_LARGER_GRAPHS,INCIDENCE_DEGREE,411,1888,0.5216620217887002
bcsstk15,BEST_AVAILABLE_OF_5_LARGER_GRAPHS,INCIDENCE_DEGREE,410,1889,0.5214086648087155
bcsstk15,BEST_AVAILABLE_OF_5_LARGER_GRAPHS,INCIDENCE_DEGREE,647,1890,0.5211553078287307
bcsstk15,BEST_AVAILABLE_OF_5_LARGER_GRAPHS,INCIDENCE_DEGREE,409,1891,0.5209019508487459
bcsstk15,BEST_AVAILABLE_OF_5_LARGER_GRAPHS,INCIDENCE_DEGREE,408,1892,0.5206485938687611
bcsstk15,BEST_AVAILABLE_OF_5_LARGER_GRAPHS,INCIDENCE_DEGREE,226,1893,0.5203952368887763
bcsstk15,BEST_AVAILABLE_OF_5_LARGER_GRAPHS,INCIDENCE_DEGREE,225,1894,0.5201418799087915
bcsstk15,BEST_AVAILABLE_OF_5_LARGER_GRAPHS,INCIDENCE_DEGREE,224,1895,0.5198885229288067
bcsstk15,BEST_AVAILABLE_OF_5_LARGER_GRAPHS,INCIDENCE_DEGREE,413,1896,0.5196351659488219
bcsstk15,BEST_AVAILABLE_OF_5_LARGER_GRAPHS,INCIDENCE_DEGREE,223,1897,0.5193818089688371
bcsstk15,BEST_AVAILABLE_OF_5_LARGER_GRAPHS,INCIDENCE_DEGREE,222,1898,0.5191284519888523
bcsstk15,BEST_AVAILABLE_OF_5_LARGER_GRAPHS,INCIDENCE_DEGREE,76,1899,0.5188750950088675
bcsstk15,BEST_AVAILABLE_OF_5_LARGER_GRAPHS,INCIDENCE_DEGREE,75,1900,0.5186217380288827
bcsstk15,BEST_AVAILABLE_OF_5_LARGER_GRAPHS,INCIDENCE_DEGREE,74,1901,0.5183683810488979
bcsstk15,BEST_AVAILABLE_OF_5_LARGER_GRAPHS,INCIDENCE_DEGREE,227,1902,0.5181150240689131
bcsstk15,BEST_AVAILABLE_OF_5_LARGER_GRAPHS,INCIDENCE_DEGREE,73,1903,0.5178616670889283
bcsstk15,BEST_AVAILABLE_OF_5_LARGER_GRAPHS,INCIDENCE_DEGREE,72,1904,0.5176083101089435
bcsstk15,BEST_AVAILABLE_OF_5_LARGER_GRAPHS,INCIDENCE_DEGREE,4,1905,0.5173549531289587
bcsstk15,BEST_AVAILABLE_OF_5_LARGER_GRAPHS,INCIDENCE_DEGREE,1,1906,0.5171015961489739
bcsstk15,BEST_AVAILABLE_OF_5_LARGER_GRAPHS,INCIDENCE_DEGREE,77,1907,0.5168482391689891
bcsstk15,BEST_AVAILABLE_OF_5_LARGER_GRAPHS,INCIDENCE_DEGREE,2,1908,0.5165948821890043
bcsstk15,BEST_AVAILABLE_OF_5_LARGER_GRAPHS,INCIDENCE_DEGREE,5,1909,0.5163415252090195
bcsstk15,BEST_AVAILABLE_OF_5_LARGER_GRAPHS,INCIDENCE_DEGREE,3,1910,0.5160881682290347
bcsstk15,BEST_AVAILABLE_OF_5_LARGER_GRAPHS,INCIDENCE_DEGREE,0,1911,0.51583481124905
bcsstk15,BEST_AVAILABLE_OF_5_LARGER_GRAPHS,INCIDENCE_DEGREE,53,1912,0.5155814542690651
bcsstk15,BEST_AVAILABLE_OF_5_LARGER_GRAPHS,INCIDENCE_DEGREE,52,1913,0.5153280972890804
bcsstk15,BEST_AVAILABLE_OF_5_LARGER_GRAPHS,INCIDENCE_DEGREE,173,1914,0.5150747403090955
bcsstk15,BEST_AVAILABLE_OF_5_LARGER_GRAPHS,INCIDENCE_DEGREE,172,1915,0.5148213833291108
bcsstk15,BEST_AVAILABLE_OF_5_LARGER_GRAPHS,INCIDENCE_DEGREE,168,1916,0.5145680263491259
bcsstk15,BEST_AVAILABLE_OF_5_LARGER_GRAPHS,INCIDENCE_DEGREE,48,1917,0.5143146693691412
bcsstk15,BEST_AVAILABLE_OF_5_LARGER_GRAPHS,INCIDENCE_DEGREE,331,1918,0.5140613123891563
bcsstk15,BEST_AVAILABLE_OF_5_LARGER_GRAPHS,INCIDENCE_DEGREE,332,1919,0.5138079554091716
bcsstk15,BEST_AVAILABLE_OF_5_LARGER_GRAPHS,INCIDENCE_DEGREE,345,1920,0.5135545984291867
bcsstk15,BEST_AVAILABLE_OF_5_LARGER_GRAPHS,INCIDENCE_DEGREE,49,1921,0.513301241449202
bcsstk15,BEST_AVAILABLE_OF_5_LARGER_GRAPHS,INCIDENCE_DEGREE,170,1922,0.5130478844692171
bcsstk15,BEST_AVAILABLE_OF_5_LARGER_GRAPHS,INCIDENCE_DEGREE,169,1923,0.5127945274892324
bcsstk15,BEST_AVAILABLE_OF_5_LARGER_GRAPHS,INCIDENCE_DEGREE,50,1924,0.5125411705092475
bcsstk15,BEST_AVAILABLE_OF_5_LARGER_GRAPHS,INCIDENCE_DEGREE,57,1925,0.5122878135292628
bcsstk15,BEST_AVAILABLE_OF_5_LARGER_GRAPHS,INCIDENCE_DEGREE,183,1926,0.5120344565492779
bcsstk15,BEST_AVAILABLE_OF_5_LARGER_GRAPHS,INCIDENCE_DEGREE,3561,1927,0.5117810995692932
bcsstk15,BEST_AVAILABLE_OF_5_LARGER_GRAPHS,INCIDENCE_DEGREE,3751,1928,0.5115277425893083
bcsstk15,BEST_AVAILABLE_OF_5_LARGER_GRAPHS,INCIDENCE_DEGREE,3752,1929,0.5112743856093236
bcsstk15,BEST_AVAILABLE_OF_5_LARGER_GRAPHS,INCIDENCE_DEGREE,3741,1930,0.5110210286293387
bcsstk15,BEST_AVAILABLE_OF_5_LARGER_GRAPHS,INCIDENCE_DEGREE,3379,1931,0.510767671649354
bcsstk15,BEST_AVAILABLE_OF_5_LARGER_GRAPHS,INCIDENCE_DEGREE,3584,1932,0.5105143146693691
bcsstk15,BEST_AVAILABLE_OF_5_LARGER_GRAPHS,INCIDENCE_DEGREE,3583,1933,0.5102609576893844
bcsstk15,BEST_AVAILABLE_OF_5_LARGER_GRAPHS,INCIDENCE_DEGREE,3380,1934,0.5100076007093995
bcsstk15,BEST_AVAILABLE_OF_5_LARGER_GRAPHS,INCIDENCE_DEGREE,3573,1935,0.5097542437294147
bcsstk15,BEST_AVAILABLE_OF_5_LARGER_GRAPHS,INCIDENCE_DEGREE,3369,1936,0.50950088674943
bcsstk15,BEST_AVAILABLE_OF_5_LARGER_GRAPHS,INCIDENCE_DEGREE,495,1937,0.5092475297694451
bcsstk15,BEST_AVAILABLE_OF_5_LARGER_GRAPHS,INCIDENCE_DEGREE,585,1938,0.5089941727894604
bcsstk15,BEST_AVAILABLE_OF_5_LARGER_GRAPHS,INCIDENCE_DEGREE,837,1939,0.5087408158094755
bcsstk15,BEST_AVAILABLE_OF_5_LARGER_GRAPHS,INCIDENCE_DEGREE,586,1940,0.5084874588294908
bcsstk15,BEST_AVAILABLE_OF_5_LARGER_GRAPHS,INCIDENCE_DEGREE,584,1941,0.5082341018495059
bcsstk15,BEST_AVAILABLE_OF_5_LARGER_GRAPHS,INCIDENCE_DEGREE,838,1942,0.5079807448695212
bcsstk15,BEST_AVAILABLE_OF_5_LARGER_GRAPHS,INCIDENCE_DEGREE,836,1943,0.5077273878895363
bcsstk15,BEST_AVAILABLE_OF_5_LARGER_GRAPHS,INCIDENCE_DEGREE,1173,1944,0.5074740309095516
bcsstk15,BEST_AVAILABLE_OF_5_LARGER_GRAPHS,INCIDENCE_DEGREE,1174,1945,0.5072206739295667
bcsstk15,BEST_AVAILABLE_OF_5_LARGER_GRAPHS,INCIDENCE_DEGREE,1172,1946,0.506967316949582
bcsstk15,BEST_AVAILABLE_OF_5_LARGER_GRAPHS,INCIDENCE_DEGREE,835,1947,0.5067139599695971
bcsstk15,BEST_AVAILABLE_OF_5_LARGER_GRAPHS,INCIDENCE_DEGREE,834,1948,0.5064606029896124
bcsstk15,BEST_AVAILABLE_OF_5_LARGER_GRAPHS,INCIDENCE_DEGREE,583,1949,0.5062072460096275
bcsstk15,BEST_AVAILABLE_OF_5_LARGER_GRAPHS,INCIDENCE_DEGREE,582,1950,0.5059538890296428
bcsstk15,BEST_AVAILABLE_OF_5_LARGER_GRAPHS,INCIDENCE_DEGREE,496,1951,0.5057005320496579
bcsstk15,BEST_AVAILABLE_OF_5_LARGER_GRAPHS,INCIDENCE_DEGREE,494,1952,0.5054471750696732
bcsstk15,BEST_AVAILABLE_OF_5_LARGER_GRAPHS,INCIDENCE_DEGREE,587,1953,0.5051938180896883
bcsstk15,BEST_AVAILABLE_OF_5_LARGER_GRAPHS,INCIDENCE_DEGREE,839,1954,0.5049404611097036
bcsstk15,BEST_AVAILABLE_OF_5_LARGER_GRAPHS,INCIDENCE_DEGREE,1171,1955,0.5046871041297187
bcsstk15,BEST_AVAILABLE_OF_5_LARGER_GRAPHS,INCIDENCE_DEGREE,1170,1956,0.504433747149734
bcsstk15,BEST_AVAILABLE_OF_5_LARGER_GRAPHS,INCIDENCE_DEGREE,1522,1957,0.5041803901697491
bcsstk15,BEST_AVAILABLE_OF_5_LARGER_GRAPHS,INCIDENCE_DEGREE,1521,1958,0.5039270331897644
bcsstk15,BEST_AVAILABLE_OF_5_LARGER_GRAPHS,INCIDENCE_DEGREE,1520,1959,0.5036736762097795
bcsstk15,BEST_AVAILABLE_OF_5_LARGER_GRAPHS,INCIDENCE_DEGREE,1518,1960,0.5034203192297948
bcsstk15,BEST_AVAILABLE_OF_5_LARGER_GRAPHS,INCIDENCE_DEGREE,1519,1961,0.50316696224981
bcsstk15,BEST_AVAILABLE_OF_5_LARGER_GRAPHS,INCIDENCE_DEGREE,1175,1962,0.5029136052698252
bcsstk15,BEST_AVAILABLE_OF_5_LARGER_GRAPHS,INCIDENCE_DEGREE,1528,1963,0.5026602482898404
bcsstk15,BEST_AVAILABLE_OF_5_LARGER_GRAPHS,INCIDENCE_DEGREE,1527,1964,0.5024068913098556
bcsstk15,BEST_AVAILABLE_OF_5_LARGER_GRAPHS,INCIDENCE_DEGREE,1526,1965,0.5021535343298708
bcsstk15,BEST_AVAILABLE_OF_5_LARGER_GRAPHS,INCIDENCE_DEGREE,1524,1966,0.501900177349886
bcsstk15,BEST_AVAILABLE_OF_5_LARGER_GRAPHS,INCIDENCE_DEGREE,1525,1967,0.5016468203699012
bcsstk15,BEST_AVAILABLE_OF_5_LARGER_GRAPHS,INCIDENCE_DEGREE,1523,1968,0.5013934633899164
bcsstk15,BEST_AVAILABLE_OF_5_LARGER_GRAPHS,INCIDENCE_DEGREE,1678,1969,0.5011401064099316
bcsstk15,BEST_AVAILABLE_OF_5_LARGER_GRAPHS,INCIDENCE_DEGREE,1677,1970,0.5008867494299468
bcsstk15,BEST_AVAILABLE_OF_5_LARGER_GRAPHS,INCIDENCE_DEGREE,1676,1971,0.500633392449962
bcsstk15,BEST_AVAILABLE_OF_5_LARGER_GRAPHS,INCIDENCE_DEGREE,1674,1972,0.5003800354699772
bcsstk15,BEST_AVAILABLE_OF_5_LARGER_GRAPHS,INCIDENCE_DEGREE,1675,1973,0.5001266784899924
bcsstk15,BEST_AVAILABLE_OF_5_LARGER_GRAPHS,INCIDENCE_DEGREE,1529,1974,0.4998733215100076
bcsstk15,BEST_AVAILABLE_OF_5_LARGER_GRAPHS,INCIDENCE_DEGREE,1684,1975,0.4996199645300228
bcsstk15,BEST_AVAILABLE_OF_5_LARGER_GRAPHS,INCIDENCE_DEGREE,1683,1976,0.499366607550038
bcsstk15,BEST_AVAILABLE_OF_5_LARGER_GRAPHS,INCIDENCE_DEGREE,1682,1977,0.4991132505700532
bcsstk15,BEST_AVAILABLE_OF_5_LARGER_GRAPHS,INCIDENCE_DEGREE,1680,1978,0.4988598935900684
bcsstk15,BEST_AVAILABLE_OF_5_LARGER_GRAPHS,INCIDENCE_DEGREE,1681,1979,0.4986065366100836
bcsstk15,BEST_AVAILABLE_OF_5_LARGER_GRAPHS,INCIDENCE_DEGREE,1679,1980,0.4983531796300988
bcsstk15,BEST_AVAILABLE_OF_5_LARGER_GRAPHS,INCIDENCE_DEGREE,1690,1981,0.498099822650114
bcsstk15,BEST_AVAILABLE_OF_5_LARGER_GRAPHS,INCIDENCE_DEGREE,1689,1982,0.4978464656701292
bcsstk15,BEST_AVAILABLE_OF_5_LARGER_GRAPHS,INCIDENCE_DEGREE,1688,1983,0.4975931086901444
bcsstk15,BEST_AVAILABLE_OF_5_LARGER_GRAPHS,INCIDENCE_DEGREE,1686,1984,0.4973397517101596
bcsstk15,BEST_AVAILABLE_OF_5_LARGER_GRAPHS,INCIDENCE_DEGREE,1687,1985,0.4970863947301748
bcsstk15,BEST_AVAILABLE_OF_5_LARGER_GRAPHS,INCIDENCE_DEGREE,1685,1986,0.49683303775019
bcsstk15,BEST_AVAILABLE_OF_5_LARGER_GRAPHS,INCIDENCE_DEGREE,1696,1987,0.4965796807702052
bcsstk15,BEST_AVAILABLE_OF_5_LARGER_GRAPHS,INCIDENCE_DEGREE,1695,1988,0.4963263237902204
bcsstk15,BEST_AVAILABLE_OF_5_LARGER_GRAPHS,INCIDENCE_DEGREE,1694,1989,0.4960729668102356
bcsstk15,BEST_AVAILABLE_OF_5_LARGER_GRAPHS,INCIDENCE_DEGREE,1692,1990,0.4958196098302508
bcsstk15,BEST_AVAILABLE_OF_5_LARGER_GRAPHS,INCIDENCE_DEGREE,1693,1991,0.495566252850266
bcsstk15,BEST_AVAILABLE_OF_5_LARGER_GRAPHS,INCIDENCE_DEGREE,1691,1992,0.4953128958702812
bcsstk15,BEST_AVAILABLE_OF_5_LARGER_GRAPHS,INCIDENCE_DEGREE,1702,1993,0.4950595388902964
bcsstk15,BEST_AVAILABLE_OF_5_LARGER_GRAPHS,INCIDENCE_DEGREE,1701,1994,0.4948061819103116
bcsstk15,BEST_AVAILABLE_OF_5_LARGER_GRAPHS,INCIDENCE_DEGREE,1700,1995,0.4945528249303268
bcsstk15,BEST_AVAILABLE_OF_5_LARGER_GRAPHS,INCIDENCE_DEGREE,1698,1996,0.494299467950342
bcsstk15,BEST_AVAILABLE_OF_5_LARGER_GRAPHS,INCIDENCE_DEGREE,1699,1997,0.4940461109703572
bcsstk15,BEST_AVAILABLE_OF_5_LARGER_GRAPHS,INCIDENCE_DEGREE,1697,1998,0.4937927539903724
bcsstk15,BEST_AVAILABLE_OF_5_LARGER_GRAPHS,INCIDENCE_DEGREE,1870,1999,0.4935393970103876
bcsstk15,BEST_AVAILABLE_OF_5_LARGER_GRAPHS,INCIDENCE_DEGREE,1869,2000,0.49328604003040283
bcsstk15,BEST_AVAILABLE_OF_5_LARGER_GRAPHS,INCIDENCE_DEGREE,1868,2001,0.49303268305041803
bcsstk15,BEST_AVAILABLE_OF_5_LARGER_GRAPHS,INCIDENCE_DEGREE,1866,2002,0.49277932607043323
bcsstk15,BEST_AVAILABLE_OF_5_LARGER_GRAPHS,INCIDENCE_DEGREE,1867,2003,0.49252596909044843
bcsstk15,BEST_AVAILABLE_OF_5_LARGER_GRAPHS,INCIDENCE_DEGREE,1703,2004,0.49227261211046364
bcsstk15,BEST_AVAILABLE_OF_5_LARGER_GRAPHS,INCIDENCE_DEGREE,2188,2005,0.49201925513047884
bcsstk15,BEST_AVAILABLE_OF_5_LARGER_GRAPHS,INCIDENCE_DEGREE,2187,2006,0.49176589815049404
bcsstk15,BEST_AVAILABLE_OF_5_LARGER_GRAPHS,INCIDENCE_DEGREE,2186,2007,0.49151254117050924
bcsstk15,BEST_AVAILABLE_OF_5_LARGER_GRAPHS,INCIDENCE_DEGREE,2184,2008,0.49125918419052444
bcsstk15,BEST_AVAILABLE_OF_5_LARGER_GRAPHS,INCIDENCE_DEGREE,2185,2009,0.49100582721053965
bcsstk15,BEST_AVAILABLE_OF_5_LARGER_GRAPHS,INCIDENCE_DEGREE,1871,2010,0.49075247023055485
bcsstk15,BEST_AVAILABLE_OF_5_LARGER_GRAPHS,INCIDENCE_DEGREE,2200,2011,0.49049911325057005
bcsstk15,BEST_AVAILABLE_OF_5_LARGER_GRAPHS,INCIDENCE_DEGREE,2199,2012,0.49024575627058525
bcsstk15,BEST_AVAILABLE_OF_5_LARGER_GRAPHS,INCIDENCE_DEGREE,2198,2013,0.48999239929060046
bcsstk15,BEST_AVAILABLE_OF_5_LARGER_GRAPHS,INCIDENCE_DEGREE,2197,2014,0.48973904231061566
bcsstk15,BEST_AVAILABLE_OF_5_LARGER_GRAPHS,INCIDENCE_DEGREE,2196,2015,0.48948568533063086
bcsstk15,BEST_AVAILABLE_OF_5_LARGER_GRAPHS,INCIDENCE_DEGREE,2189,2016,0.48923232835064606
bcsstk15,BEST_AVAILABLE_OF_5_LARGER_GRAPHS,INCIDENCE_DEGREE,2218,2017,0.48897897137066126
bcsstk15,BEST_AVAILABLE_OF_5_LARGER_GRAPHS,INCIDENCE_DEGREE,2217,2018,0.48872561439067647
bcsstk15,BEST_AVAILABLE_OF_5_LARGER_GRAPHS,INCIDENCE_DEGREE,2216,2019,0.48847225741069167
bcsstk15,BEST_AVAILABLE_OF_5_LARGER_GRAPHS,INCIDENCE_DEGREE,2201,2020,0.48821890043070687
bcsstk15,BEST_AVAILABLE_OF_5_LARGER_GRAPHS,INCIDENCE_DEGREE,2215,2021,0.4879655434507221
bcsstk15,BEST_AVAILABLE_OF_5_LARGER_GRAPHS,INCIDENCE_DEGREE,2214,2022,0.4877121864707373
bcsstk15,BEST_AVAILABLE_OF_5_LARGER_GRAPHS,INCIDENCE_DEGREE,2554,2023,0.4874588294907525
bcsstk15,BEST_AVAILABLE_OF_5_LARGER_GRAPHS,INCIDENCE_DEGREE,2553,2024,0.4872054725107677
bcsstk15,BEST_AVAILABLE_OF_5_LARGER_GRAPHS,INCIDENCE_DEGREE,2552,2025,0.4869521155307829
bcsstk15,BEST_AVAILABLE_OF_5_LARGER_GRAPHS,INCIDENCE_DEGREE,2550,2026,0.4866987585507981
bcsstk15,BEST_AVAILABLE_OF_5_LARGER_GRAPHS,INCIDENCE_DEGREE,2551,2027,0.4864454015708133
bcsstk15,BEST_AVAILABLE_OF_5_LARGER_GRAPHS,INCIDENCE_DEGREE,2219,2028,0.4861920445908285
bcsstk15,BEST_AVAILABLE_OF_5_LARGER_GRAPHS,INCIDENCE_DEGREE,2860,2029,0.4859386876108437
bcsstk15,BEST_AVAILABLE_OF_5_LARGER_GRAPHS,INCIDENCE_DEGREE,2859,2030,0.4856853306308589
bcsstk15,BEST_AVAILABLE_OF_5_LARGER_GRAPHS,INCIDENCE_DEGREE,2858,2031,0.4854319736508741
bcsstk15,BEST_AVAILABLE_OF_5_LARGER_GRAPHS,INCIDENCE_DEGREE,2856,2032,0.4851786166708893
bcsstk15,BEST_AVAILABLE_OF_5_LARGER_GRAPHS,INCIDENCE_DEGREE,2857,2033,0.4849252596909045
bcsstk15,BEST_AVAILABLE_OF_5_LARGER_GRAPHS,INCIDENCE_DEGREE,2555,2034,0.4846719027109197
bcsstk15,BEST_AVAILABLE_OF_5_LARGER_GRAPHS,INCIDENCE_DEGREE,3142,2035,0.4844185457309349
bcsstk15,BEST_AVAILABLE_OF_5_LARGER_GRAPHS,INCIDENCE_DEGREE,492,2036,0.4841651887509501
bcsstk15,BEST_AVAILABLE_OF_5_LARGER_GRAPHS,INCIDENCE_DEGREE,493,2037,0.4839118317709653
bcsstk15,BEST_AVAILABLE_OF_5_LARGER_GRAPHS,INCIDENCE_DEGREE,490,2038,0.4836584747909805
bcsstk15,BEST_AVAILABLE_OF_5_LARGER_GRAPHS,INCIDENCE_DEGREE,489,2039,0.4834051178109957
bcsstk15,BEST_AVAILABLE_OF_5_LARGER_GRAPHS,INCIDENCE_DEGREE,488,2040,0.4831517608310109
bcsstk15,BEST_AVAILABLE_OF_5_LARGER_GRAPHS,INCIDENCE_DEGREE,497,2041,0.4828984038510261
bcsstk15,BEST_AVAILABLE_OF_5_LARGER_GRAPHS,INCIDENCE_DEGREE,487,2042,0.4826450468710413
bcsstk15,BEST_AVAILABLE_OF_5_LARGER_GRAPHS,INCIDENCE_DEGREE,486,2043,0.4823916898910565
bcsstk15,BEST_AVAILABLE_OF_5_LARGER_GRAPHS,INCIDENCE_DEGREE,484,2044,0.4821383329110717
bcsstk15,BEST_AVAILABLE_OF_5_LARGER_GRAPHS,INCIDENCE_DEGREE,483,2045,0.4818849759310869
bcsstk15,BEST_AVAILABLE_OF_5_LARGER_GRAPHS,INCIDENCE_DEGREE,482,2046,0.4816316189511021
bcsstk15,BEST_AVAILABLE_OF_5_LARGER_GRAPHS,INCIDENCE_DEGREE,491,2047,0.4813782619711173
bcsstk15,BEST_AVAILABLE_OF_5_LARGER_GRAPHS,INCIDENCE_DEGREE,481,2048,0.48112490499113253
bcsstk15,BEST_AVAILABLE_OF_5_LARGER_GRAPHS,INCIDENCE_DEGREE,480,2049,0.48087154801114773
bcsstk15,BEST_AVAILABLE_OF_5_LARGER_GRAPHS,INCIDENCE_DEGREE,478,2050,0.48061819103116293
bcsstk15,BEST_AVAILABLE_OF_5_LARGER_GRAPHS,INCIDENCE_DEGREE,475,2051,0.48036483405117814
bcsstk15,BEST_AVAILABLE_OF_5_LARGER_GRAPHS,INCIDENCE_DEGREE,485,2052,0.48011147707119334
bcsstk15,BEST_AVAILABLE_OF_5_LARGER_GRAPHS,INCIDENCE_DEGREE,476,2053,0.47985812009120854
bcsstk15,BEST_AVAILABLE_OF_5_LARGER_GRAPHS,INCIDENCE_DEGREE,479,2054,0.47960476311122374
bcsstk15,BEST_AVAILABLE_OF_5_LARGER_GRAPHS,INCIDENCE_DEGREE,477,2055,0.4793514061312389
bcsstk15,BEST_AVAILABLE_OF_5_LARGER_GRAPHS,INCIDENCE_DEGREE,474,2056,0.4790980491512541
bcsstk15,BEST_AVAILABLE_OF_5_LARGER_GRAPHS,INCIDENCE_DEGREE,323,2057,0.4788446921712693
bcsstk15,BEST_AVAILABLE_OF_5_LARGER_GRAPHS,INCIDENCE_DEGREE,322,2058,0.4785913351912845
bcsstk15,BEST_AVAILABLE_OF_5_LARGER_GRAPHS,INCIDENCE_DEGREE,3139,2059,0.4783379782112997
bcsstk15,BEST_AVAILABLE_OF_5_LARGER_GRAPHS,INCIDENCE_DEGREE,3140,2060,0.4780846212313149
bcsstk15,BEST_AVAILABLE_OF_5_LARGER_GRAPHS,INCIDENCE_DEGREE,2861,2061,0.4778312642513301
bcsstk15,BEST_AVAILABLE_OF_5_LARGER_GRAPHS,INCIDENCE_DEGREE,3143,2062,0.4775779072713453
bcsstk15,BEST_AVAILABLE_OF_5_LARGER_GRAPHS,INCIDENCE_DEGREE,3141,2063,0.4773245502913605
bcsstk15,BEST_AVAILABLE_OF_5_LARGER_GRAPHS,INCIDENCE_DEGREE,3138,2064,0.4770711933113757
bcsstk15,BEST_AVAILABLE_OF_5_LARGER_GRAPHS,INCIDENCE_DEGREE,3395,2065,0.4768178363313909
bcsstk15,BEST_AVAILABLE_OF_5_LARGER_GRAPHS,INCIDENCE_DEGREE,3394,2066,0.4765644793514061
bcsstk15,BEST_AVAILABLE_OF_5_LARGER_GRAPHS,INCIDENCE_DEGREE,3390,2067,0.4763111223714213
bcsstk15,BEST_AVAILABLE_OF_5_LARGER_GRAPHS,INCIDENCE_DEGREE,318,2068,0.4760577653914365
bcsstk15,BEST_AVAILABLE_OF_5_LARGER_GRAPHS,INCIDENCE_DEGREE,161,2069,0.4758044084114517
bcsstk15,BEST_AVAILABLE_OF_5_LARGER_GRAPHS,INCIDENCE_DEGREE,160,2070,0.4755510514314669
bcsstk15,BEST_AVAILABLE_OF_5_LARGER_GRAPHS,INCIDENCE_DEGREE,156,2071,0.4752976944514821
bcsstk15,BEST_AVAILABLE_OF_5_LARGER_GRAPHS,INCIDENCE_DEGREE,41,2072,0.4750443374714973
bcsstk15,BEST_AVAILABLE_OF_5_LARGER_GRAPHS,INCIDENCE_DEGREE,40,2073,0.4747909804915125
bcsstk15,BEST_AVAILABLE_OF_5_LARGER_GRAPHS,INCIDENCE_DEGREE,36,2074,0.47453762351152773
bcsstk15,BEST_AVAILABLE_OF_5_LARGER_GRAPHS,INCIDENCE_DEGREE,16,2075,0.47428426653154293
bcsstk15,BEST_AVAILABLE_OF_5_LARGER_GRAPHS,INCIDENCE_DEGREE,87,2076,0.47403090955155813
bcsstk15,BEST_AVAILABLE_OF_5_LARGER_GRAPHS,INCIDENCE_DEGREE,237,2077,0.47377755257157333
bcsstk15,BEST_AVAILABLE_OF_5_LARGER_GRAPHS,INCIDENCE_DEGREE,88,2078,0.47352419559158854
bcsstk15,BEST_AVAILABLE_OF_5_LARGER_GRAPHS,INCIDENCE_DEGREE,86,2079,0.47327083861160374
bcsstk15,BEST_AVAILABLE_OF_5_LARGER_GRAPHS,INCIDENCE_DEGREE,238,2080,0.47301748163161894
bcsstk15,BEST_AVAILABLE_OF_5_LARGER_GRAPHS,INCIDENCE_DEGREE,236,2081,0.47276412465163414
bcsstk15,BEST_AVAILABLE_OF_5_LARGER_GRAPHS,INCIDENCE_DEGREE,423,2082,0.47251076767164935
bcsstk15,BEST_AVAILABLE_OF_5_LARGER_GRAPHS,INCIDENCE_DEGREE,424,2083,0.47225741069166455
bcsstk15,BEST_AVAILABLE_OF_5_LARGER_GRAPHS,INCIDENCE_DEGREE,422,2084,0.47200405371167975
bcsstk15,BEST_AVAILABLE_OF_5_LARGER_GRAPHS,INCIDENCE_DEGREE,235,2085,0.47175069673169495
bcsstk15,BEST_AVAILABLE_OF_5_LARGER_GRAPHS,INCIDENCE_DEGREE,234,2086,0.47149733975171015
bcsstk15,BEST_AVAILABLE_OF_5_LARGER_GRAPHS,INCIDENCE_DEGREE,84,2087,0.47124398277172536
bcsstk15,BEST_AVAILABLE_OF_5_LARGER_GRAPHS,INCIDENCE_DEGREE,85,2088,0.47099062579174056
bcsstk15,BEST_AVAILABLE_OF_5_LARGER_GRAPHS,INCIDENCE_DEGREE,17,2089,0.47073726881175576
bcsstk15,BEST_AVAILABLE_OF_5_LARGER_GRAPHS,INCIDENCE_DEGREE,13,2090,0.47048391183177096
bcsstk15,BEST_AVAILABLE_OF_5_LARGER_GRAPHS,INCIDENCE_DEGREE,12,2091,0.47023055485178616
bcsstk15,BEST_AVAILABLE_OF_5_LARGER_GRAPHS,INCIDENCE_DEGREE,14,2092,0.46997719787180137
bcsstk15,BEST_AVAILABLE_OF_5_LARGER_GRAPHS,INCIDENCE_DEGREE,15,2093,0.46972384089181657
bcsstk15,BEST_AVAILABLE_OF_5_LARGER_GRAPHS,INCIDENCE_DEGREE,89,2094,0.46947048391183177
bcsstk15,BEST_AVAILABLE_OF_5_LARGER_GRAPHS,INCIDENCE_DEGREE,239,2095,0.469217126931847
bcsstk15,BEST_AVAILABLE_OF_5_LARGER_GRAPHS,INCIDENCE_DEGREE,421,2096,0.4689637699518622
bcsstk15,BEST_AVAILABLE_OF_5_LARGER_GRAPHS,INCIDENCE_DEGREE,420,2097,0.4687104129718774
bcsstk15,BEST_AVAILABLE_OF_5_LARGER_GRAPHS,INCIDENCE_DEGREE,658,2098,0.4684570559918926
bcsstk15,BEST_AVAILABLE_OF_5_LARGER_GRAPHS,INCIDENCE_DEGREE,657,2099,0.4682036990119078
bcsstk15,BEST_AVAILABLE_OF_5_LARGER_GRAPHS,INCIDENCE_DEGREE,656,2100,0.467950342031923
bcsstk15,BEST_AVAILABLE_OF_5_LARGER_GRAPHS,INCIDENCE_DEGREE,654,2101,0.4676969850519382
bcsstk15,BEST_AVAILABLE_OF_5_LARGER_GRAPHS,INCIDENCE_DEGREE,655,2102,0.4674436280719534
bcsstk15,BEST_AVAILABLE_OF_5_LARGER_GRAPHS,INCIDENCE_DEGREE,425,2103,0.4671902710919686
bcsstk15,BEST_AVAILABLE_OF_5_LARGER_GRAPHS,INCIDENCE_DEGREE,958,2104,0.4669369141119838
bcsstk15,BEST_AVAILABLE_OF_5_LARGER_GRAPHS,INCIDENCE_DEGREE,957,2105,0.466683557131999
bcsstk15,BEST_AVAILABLE_OF_5_LARGER_GRAPHS,INCIDENCE_DEGREE,956,2106,0.4664302001520142
bcsstk15,BEST_AVAILABLE_OF_5_LARGER_GRAPHS,INCIDENCE_DEGREE,954,2107,0.4661768431720294
bcsstk15,BEST_AVAILABLE_OF_5_LARGER_GRAPHS,INCIDENCE_DEGREE,955,2108,0.4659234861920446
bcsstk15,BEST_AVAILABLE_OF_5_LARGER_GRAPHS,INCIDENCE_DEGREE,659,2109,0.4656701292120598
bcsstk15,BEST_AVAILABLE_OF_5_LARGER_GRAPHS,INCIDENCE_DEGREE,1306,2110,0.465416772232075
bcsstk15,BEST_AVAILABLE_OF_5_LARGER_GRAPHS,INCIDENCE_DEGREE,1305,2111,0.4651634152520902
bcsstk15,BEST_AVAILABLE_OF_5_LARGER_GRAPHS,INCIDENCE_DEGREE,1304,2112,0.4649100582721054
bcsstk15,BEST_AVAILABLE_OF_5_LARGER_GRAPHS,INCIDENCE_DEGREE,1302,2113,0.4646567012921206
bcsstk15,BEST_AVAILABLE_OF_5_LARGER_GRAPHS,INCIDENCE_DEGREE,1303,2114,0.4644033443121358
bcsstk15,BEST_AVAILABLE_OF_5_LARGER_GRAPHS,INCIDENCE_DEGREE,959,2115,0.464149987332151
bcsstk15,BEST_AVAILABLE_OF_5_LARGER_GRAPHS,INCIDENCE_DEGREE,1660,2116,0.4638966303521662
bcsstk15,BEST_AVAILABLE_OF_5_LARGER_GRAPHS,INCIDENCE_DEGREE,1659,2117,0.4636432733721814
bcsstk15,BEST_AVAILABLE_OF_5_LARGER_GRAPHS,INCIDENCE_DEGREE,1658,2118,0.4633899163921966
bcsstk15,BEST_AVAILABLE_OF_5_LARGER_GRAPHS,INCIDENCE_DEGREE,1656,2119,0.4631365594122118
bcsstk15,BEST_AVAILABLE_OF_5_LARGER_GRAPHS,INCIDENCE_DEGREE,1657,2120,0.462883202432227
bcsstk15,BEST_AVAILABLE_OF_5_LARGER_GRAPHS,INCIDENCE_DEGREE,1307,2121,0.4626298454522422
bcsstk15,BEST_AVAILABLE_OF_5_LARGER_GRAPHS,INCIDENCE_DEGREE,2020,2122,0.46237648847225743
bcsstk15,BEST_AVAILABLE_OF_5_LARGER_GRAPHS,INCIDENCE_DEGREE,2019,2123,0.46212313149227263
bcsstk15,BEST_AVAILABLE_OF_5_LARGER_GRAPHS,INCIDENCE_DEGREE,2018,2124,0.46186977451228783
bcsstk15,BEST_AVAILABLE_OF_5_LARGER_GRAPHS,INCIDENCE_DEGREE,2016,2125,0.46161641753230304
bcsstk15,BEST_AVAILABLE_OF_5_LARGER_GRAPHS,INCIDENCE_DEGREE,2017,2126,0.46136306055231824
bcsstk15,BEST_AVAILABLE_OF_5_LARGER_GRAPHS,INCIDENCE_DEGREE,1661,2127,0.46110970357233344
bcsstk15,BEST_AVAILABLE_OF_5_LARGER_GRAPHS,INCIDENCE_DEGREE,2344,2128,0.46085634659234864
bcsstk15,BEST_AVAILABLE_OF_5_LARGER_GRAPHS,INCIDENCE_DEGREE,2343,2129,0.46060298961236384
bcsstk15,BEST_AVAILABLE_OF_5_LARGER_GRAPHS,INCIDENCE_DEGREE,2342,2130,0.46034963263237905
bcsstk15,BEST_AVAILABLE_OF_5_LARGER_GRAPHS,INCIDENCE_DEGREE,2340,2131,0.46009627565239425
bcsstk15,BEST_AVAILABLE_OF_5_LARGER_GRAPHS,INCIDENCE_DEGREE,2341,2132,0.45984291867240945
bcsstk15,BEST_AVAILABLE_OF_5_LARGER_GRAPHS,INCIDENCE_DEGREE,2021,2133,0.45958956169242465
bcsstk15,BEST_AVAILABLE_OF_5_LARGER_GRAPHS,INCIDENCE_DEGREE,2662,2134,0.45933620471243986
bcsstk15,BEST_AVAILABLE_OF_5_LARGER_GRAPHS,INCIDENCE_DEGREE,2661,2135,0.459082847732455
bcsstk15,BEST_AVAILABLE_OF_5_LARGER_GRAPHS,INCIDENCE_DEGREE,2660,2136,0.4588294907524702
bcsstk15,BEST_AVAILABLE_OF_5_LARGER_GRAPHS,INCIDENCE_DEGREE,2658,2137,0.4585761337724854
bcsstk15,BEST_AVAILABLE_OF_5_LARGER_GRAPHS,INCIDENCE_DEGREE,2659,2138,0.4583227767925006
bcsstk15,BEST_AVAILABLE_OF_5_LARGER_GRAPHS,INCIDENCE_DEGREE,2345,2139,0.4580694198125158
bcsstk15,BEST_AVAILABLE_OF_5_LARGER_GRAPHS,INCIDENCE_DEGREE,2944,2140,0.457816062832531
bcsstk15,BEST_AVAILABLE_OF_5_LARGER_GRAPHS,INCIDENCE_DEGREE,2943,2141,0.4575627058525462
bcsstk15,BEST_AVAILABLE_OF_5_LARGER_GRAPHS,INCIDENCE_DEGREE,2942,2142,0.4573093488725614
bcsstk15,BEST_AVAILABLE_OF_5_LARGER_GRAPHS,INCIDENCE_DEGREE,2940,2143,0.4570559918925766
bcsstk15,BEST_AVAILABLE_OF_5_LARGER_GRAPHS,INCIDENCE_DEGREE,2941,2144,0.4568026349125918
bcsstk15,BEST_AVAILABLE_OF_5_LARGER_GRAPHS,INCIDENCE_DEGREE,2663,2145,0.456549277932607
bcsstk15,BEST_AVAILABLE_OF_5_LARGER_GRAPHS,INCIDENCE_DEGREE,3214,2146,0.4562959209526222
bcsstk15,BEST_AVAILABLE_OF_5_LARGER_GRAPHS,INCIDENCE_DEGREE,3213,2147,0.4560425639726374
bcsstk15,BEST_AVAILABLE_OF_5_LARGER_GRAPHS,INCIDENCE_DEGREE,3212,2148,0.45578920699265263
bcsstk15,BEST_AVAILABLE_OF_5_LARGER_GRAPHS,INCIDENCE_DEGREE,3210,2149,0.45553585001266783
bcsstk15,BEST_AVAILABLE_OF_5_LARGER_GRAPHS,INCIDENCE_DEGREE,3211,2150,0.45528249303268303
bcsstk15,BEST_AVAILABLE_OF_5_LARGER_GRAPHS,INCIDENCE_DEGREE,2945,2151,0.45502913605269824
bcsstk15,BEST_AVAILABLE_OF_5_LARGER_GRAPHS,INCIDENCE_DEGREE,3454,2152,0.45477577907271344
bcsstk15,BEST_AVAILABLE_OF_5_LARGER_GRAPHS,INCIDENCE_DEGREE,3453,2153,0.45452242209272864
bcsstk15,BEST_AVAILABLE_OF_5_LARGER_GRAPHS,INCIDENCE_DEGREE,3452,2154,0.45426906511274384
bcsstk15,BEST_AVAILABLE_OF_5_LARGER_GRAPHS,INCIDENCE_DEGREE,3450,2155,0.45401570813275904
bcsstk15,BEST_AVAILABLE_OF_5_LARGER_GRAPHS,INCIDENCE_DEGREE,3451,2156,0.45376235115277425
bcsstk15,BEST_AVAILABLE_OF_5_LARGER_GRAPHS,INCIDENCE_DEGREE,3215,2157,0.45350899417278945
bcsstk15,BEST_AVAILABLE_OF_5_LARGER_GRAPHS,INCIDENCE_DEGREE,3646,2158,0.45325563719280465
bcsstk15,BEST_AVAILABLE_OF_5_LARGER_GRAPHS,INCIDENCE_DEGREE,3645,2159,0.45300228021281985
bcsstk15,BEST_AVAILABLE_OF_5_LARGER_GRAPHS,INCIDENCE_DEGREE,3644,2160,0.45274892323283505
bcsstk15,BEST_AVAILABLE_OF_5_LARGER_GRAPHS,INCIDENCE_DEGREE,3642,2161,0.45249556625285026
bcsstk15,BEST_AVAILABLE_OF_5_LARGER_GRAPHS,INCIDENCE_DEGREE,3643,2162,0.45224220927286546
bcsstk15,BEST_AVAILABLE_OF_5_LARGER_GRAPHS,INCIDENCE_DEGREE,3455,2163,0.45198885229288066
bcsstk15,BEST_AVAILABLE_OF_5_LARGER_GRAPHS,INCIDENCE_DEGREE,3796,2164,0.45173549531289586
bcsstk15,BEST_AVAILABLE_OF_5_LARGER_GRAPHS,INCIDENCE_DEGREE,3795,2165,0.45148213833291106
bcsstk15,BEST_AVAILABLE_OF_5_LARGER_GRAPHS,INCIDENCE_DEGREE,3794,2166,0.45122878135292627
bcsstk15,BEST_AVAILABLE_OF_5_LARGER_GRAPHS,INCIDENCE_DEGREE,3792,2167,0.45097542437294147
bcsstk15,BEST_AVAILABLE_OF_5_LARGER_GRAPHS,INCIDENCE_DEGREE,3793,2168,0.45072206739295667
bcsstk15,BEST_AVAILABLE_OF_5_LARGER_GRAPHS,INCIDENCE_DEGREE,3647,2169,0.4504687104129719
bcsstk15,BEST_AVAILABLE_OF_5_LARGER_GRAPHS,INCIDENCE_DEGREE,3892,2170,0.4502153534329871
bcsstk15,BEST_AVAILABLE_OF_5_LARGER_GRAPHS,INCIDENCE_DEGREE,3891,2171,0.4499619964530023
bcsstk15,BEST_AVAILABLE_OF_5_LARGER_GRAPHS,INCIDENCE_DEGREE,3890,2172,0.4497086394730175
bcsstk15,BEST_AVAILABLE_OF_5_LARGER_GRAPHS,INCIDENCE_DEGREE,3888,2173,0.4494552824930327
bcsstk15,BEST_AVAILABLE_OF_5_LARGER_GRAPHS,INCIDENCE_DEGREE,3889,2174,0.4492019255130479
bcsstk15,BEST_AVAILABLE_OF_5_LARGER_GRAPHS,INCIDENCE_DEGREE,3797,2175,0.4489485685330631
bcsstk15,BEST_AVAILABLE_OF_5_LARGER_GRAPHS,INCIDENCE_DEGREE,3940,2176,0.4486952115530783
bcsstk15,BEST_AVAILABLE_OF_5_LARGER_GRAPHS,INCIDENCE_DEGREE,3939,2177,0.4484418545730935
bcsstk15,BEST_AVAILABLE_OF_5_LARGER_GRAPHS,INCIDENCE_DEGREE,3938,2178,0.4481884975931087
bcsstk15,BEST_AVAILABLE_OF_5_LARGER_GRAPHS,INCIDENCE_DEGREE,3936,2179,0.4479351406131239
bcsstk15,BEST_AVAILABLE_OF_5_LARGER_GRAPHS,INCIDENCE_DEGREE,3937,2180,0.4476817836331391
bcsstk15,BEST_AVAILABLE_OF_5_LARGER_GRAPHS,INCIDENCE_DEGREE,3893,2181,0.4474284266531543
bcsstk15,BEST_AVAILABLE_OF_5_LARGER_GRAPHS,INCIDENCE_DEGREE,3946,2182,0.4471750696731695
bcsstk15,BEST_AVAILABLE_OF_5_LARGER_GRAPHS,INCIDENCE_DEGREE,3945,2183,0.4469217126931847
bcsstk15,BEST_AVAILABLE_OF_5_LARGER_GRAPHS,INCIDENCE_DEGREE,3944,2184,0.4466683557131999
bcsstk15,BEST_AVAILABLE_OF_5_LARGER_GRAPHS,INCIDENCE_DEGREE,3942,2185,0.4464149987332151
bcsstk15,BEST_AVAILABLE_OF_5_LARGER_GRAPHS,INCIDENCE_DEGREE,3943,2186,0.4461616417532303
bcsstk15,BEST_AVAILABLE_OF_5_LARGER_GRAPHS,INCIDENCE_DEGREE,3941,2187,0.4459082847732455
bcsstk15,BEST_AVAILABLE_OF_5_LARGER_GRAPHS,INCIDENCE_DEGREE,3933,2188,0.4456549277932607
bcsstk15,BEST_AVAILABLE_OF_5_LARGER_GRAPHS,INCIDENCE_DEGREE,3934,2189,0.4454015708132759
bcsstk15,BEST_AVAILABLE_OF_5_LARGER_GRAPHS,INCIDENCE_DEGREE,3932,2190,0.4451482138332911
bcsstk15,BEST_AVAILABLE_OF_5_LARGER_GRAPHS,INCIDENCE_DEGREE,3947,2191,0.4448948568533063
bcsstk15,BEST_AVAILABLE_OF_5_LARGER_GRAPHS,INCIDENCE_DEGREE,3931,2192,0.4446414998733215
bcsstk15,BEST_AVAILABLE_OF_5_LARGER_GRAPHS,INCIDENCE_DEGREE,3930,2193,0.4443881428933367
bcsstk15,BEST_AVAILABLE_OF_5_LARGER_GRAPHS,INCIDENCE_DEGREE,3874,2194,0.4441347859133519
bcsstk15,BEST_AVAILABLE_OF_5_LARGER_GRAPHS,INCIDENCE_DEGREE,3871,2195,0.44388142893336713
bcsstk15,BEST_AVAILABLE_OF_5_LARGER_GRAPHS,INCIDENCE_DEGREE,3935,2196,0.44362807195338233
bcsstk15,BEST_AVAILABLE_OF_5_LARGER_GRAPHS,INCIDENCE_DEGREE,3872,2197,0.44337471497339753
bcsstk15,BEST_AVAILABLE_OF_5_LARGER_GRAPHS,INCIDENCE_DEGREE,3875,2198,0.44312135799341273
bcsstk15,BEST_AVAILABLE_OF_5_LARGER_GRAPHS,INCIDENCE_DEGREE,3873,2199,0.44286800101342794
bcsstk15,BEST_AVAILABLE_OF_5_LARGER_GRAPHS,INCIDENCE_DEGREE,3870,2200,0.44261464403344314
bcsstk15,BEST_AVAILABLE_OF_5_LARGER_GRAPHS,INCIDENCE_DEGREE,3767,2201,0.44236128705345834
bcsstk15,BEST_AVAILABLE_OF_5_LARGER_GRAPHS,INCIDENCE_DEGREE,3766,2202,0.44210793007347354
bcsstk15,BEST_AVAILABLE_OF_5_LARGER_GRAPHS,INCIDENCE_DEGREE,3599,2203,0.44185457309348874
bcsstk15,BEST_AVAILABLE_OF_5_LARGER_GRAPHS,INCIDENCE_DEGREE,3598,2204,0.44160121611350395
bcsstk15,BEST_AVAILABLE_OF_5_LARGER_GRAPHS,INCIDENCE_DEGREE,3762,2205,0.44134785913351915
bcsstk15,BEST_AVAILABLE_OF_5_LARGER_GRAPHS,INCIDENCE_DEGREE,3594,2206,0.44109450215353435
bcsstk15,BEST_AVAILABLE_OF_5_LARGER_GRAPHS,INCIDENCE_DEGREE,3763,2207,0.44084114517354955
bcsstk15,BEST_AVAILABLE_OF_5_LARGER_GRAPHS,INCIDENCE_DEGREE,3764,2208,0.44058778819356476
bcsstk15,BEST_AVAILABLE_OF_5_LARGER_GRAPHS,INCIDENCE_DEGREE,3753,2209,0.44033443121357996
bcsstk15,BEST_AVAILABLE_OF_5_LARGER_GRAPHS,INCIDENCE_DEGREE,3391,2210,0.44008107423359516
bcsstk15,BEST_AVAILABLE_OF_5_LARGER_GRAPHS,INCIDENCE_DEGREE,3596,2211,0.43982771725361036
bcsstk15,BEST_AVAILABLE_OF_5_LARGER_GRAPHS,INCIDENCE_DEGREE,3595,2212,0.43957436027362556
bcsstk15,BEST_AVAILABLE_OF_5_LARGER_GRAPHS,INCIDENCE_DEGREE,3392,2213,0.43932100329364077
bcsstk15,BEST_AVAILABLE_OF_5_LARGER_GRAPHS,INCIDENCE_DEGREE,3381,2214,0.43906764631365597
bcsstk15,BEST_AVAILABLE_OF_5_LARGER_GRAPHS,INCIDENCE_DEGREE,3585,2215,0.43881428933367117
bcsstk15,BEST_AVAILABLE_OF_5_LARGER_GRAPHS,INCIDENCE_DEGREE,37,2216,0.4385609323536863
bcsstk15,BEST_AVAILABLE_OF_5_LARGER_GRAPHS,INCIDENCE_DEGREE,38,2217,0.4383075753737015
bcsstk15,BEST_AVAILABLE_OF_5_LARGER_GRAPHS,INCIDENCE_DEGREE,51,2218,0.4380542183937167
bcsstk15,BEST_AVAILABLE_OF_5_LARGER_GRAPHS,INCIDENCE_DEGREE,319,2219,0.4378008614137319
bcsstk15,BEST_AVAILABLE_OF_5_LARGER_GRAPHS,INCIDENCE_DEGREE,320,2220,0.4375475044337471
bcsstk15,BEST_AVAILABLE_OF_5_LARGER_GRAPHS,INCIDENCE_DEGREE,158,2221,0.4372941474537623
bcsstk15,BEST_AVAILABLE_OF_5_LARGER_GRAPHS,INCIDENCE_DEGREE,157,2222,0.43704079047377753
bcsstk15,BEST_AVAILABLE_OF_5_LARGER_GRAPHS,INCIDENCE_DEGREE,171,2223,0.43678743349379273
bcsstk15,BEST_AVAILABLE_OF_5_LARGER_GRAPHS,INCIDENCE_DEGREE,333,2224,0.43653407651380793
bcsstk15,BEST_AVAILABLE_OF_5_LARGER_GRAPHS,INCIDENCE_DEGREE,3927,2225,0.43628071953382314
bcsstk15,BEST_AVAILABLE_OF_5_LARGER_GRAPHS,INCIDENCE_DEGREE,3915,2226,0.43602736255383834
bcsstk15,BEST_AVAILABLE_OF_5_LARGER_GRAPHS,INCIDENCE_DEGREE,3928,2227,0.43577400557385354
bcsstk15,BEST_AVAILABLE_OF_5_LARGER_GRAPHS,INCIDENCE_DEGREE,3916,2228,0.43552064859386874
bcsstk15,BEST_AVAILABLE_OF_5_LARGER_GRAPHS,INCIDENCE_DEGREE,3914,2229,0.43526729161388394
bcsstk15,BEST_AVAILABLE_OF_5_LARGER_GRAPHS,INCIDENCE_DEGREE,3926,2230,0.43501393463389915
bcsstk15,BEST_AVAILABLE_OF_5_LARGER_GRAPHS,INCIDENCE_DEGREE,3909,2231,0.43476057765391435
bcsstk15,BEST_AVAILABLE_OF_5_LARGER_GRAPHS,INCIDENCE_DEGREE,3910,2232,0.43450722067392955
bcsstk15,BEST_AVAILABLE_OF_5_LARGER_GRAPHS,INCIDENCE_DEGREE,3908,2233,0.43425386369394475
bcsstk15,BEST_AVAILABLE_OF_5_LARGER_GRAPHS,INCIDENCE_DEGREE,3925,2234,0.43400050671395995
bcsstk15,BEST_AVAILABLE_OF_5_LARGER_GRAPHS,INCIDENCE_DEGREE,3924,2235,0.43374714973397516
bcsstk15,BEST_AVAILABLE_OF_5_LARGER_GRAPHS,INCIDENCE_DEGREE,3912,2236,0.43349379275399036
bcsstk15,BEST_AVAILABLE_OF_5_LARGER_GRAPHS,INCIDENCE_DEGREE,3913,2237,0.43324043577400556
bcsstk15,BEST_AVAILABLE_OF_5_LARGER_GRAPHS,INCIDENCE_DEGREE,3886,2238,0.43298707879402076
bcsstk15,BEST_AVAILABLE_OF_5_LARGER_GRAPHS,INCIDENCE_DEGREE,3885,2239,0.43273372181403597
bcsstk15,BEST_AVAILABLE_OF_5_LARGER_GRAPHS,INCIDENCE_DEGREE,3884,2240,0.43248036483405117
bcsstk15,BEST_AVAILABLE_OF_5_LARGER_GRAPHS,INCIDENCE_DEGREE,3882,2241,0.43222700785406637
bcsstk15,BEST_AVAILABLE_OF_5_LARGER_GRAPHS,INCIDENCE_DEGREE,3883,2242,0.43197365087408157
bcsstk15,BEST_AVAILABLE_OF_5_LARGER_GRAPHS,INCIDENCE_DEGREE,3917,2243,0.4317202938940968
bcsstk15,BEST_AVAILABLE_OF_5_LARGER_GRAPHS,INCIDENCE_DEGREE,3929,2244,0.431466936914112
bcsstk15,BEST_AVAILABLE_OF_5_LARGER_GRAPHS,INCIDENCE_DEGREE,3907,2245,0.4312135799341272
bcsstk15,BEST_AVAILABLE_OF_5_LARGER_GRAPHS,INCIDENCE_DEGREE,3906,2246,0.4309602229541424
bcsstk15,BEST_AVAILABLE_OF_5_LARGER_GRAPHS,INCIDENCE_DEGREE,3868,2247,0.4307068659741576
bcsstk15,BEST_AVAILABLE_OF_5_LARGER_GRAPHS,INCIDENCE_DEGREE,3789,2248,0.4304535089941728
bcsstk15,BEST_AVAILABLE_OF_5_LARGER_GRAPHS,INCIDENCE_DEGREE,3790,2249,0.430200152014188
bcsstk15,BEST_AVAILABLE_OF_5_LARGER_GRAPHS,INCIDENCE_DEGREE,3788,2250,0.4299467950342032
bcsstk15,BEST_AVAILABLE_OF_5_LARGER_GRAPHS,INCIDENCE_DEGREE,3887,2251,0.4296934380542184
bcsstk15,BEST_AVAILABLE_OF_5_LARGER_GRAPHS,INCIDENCE_DEGREE,3787,2252,0.4294400810742336
bcsstk15,BEST_AVAILABLE_OF_5_LARGER_GRAPHS,INCIDENCE_DEGREE,3786,2253,0.4291867240942488
bcsstk15,BEST_AVAILABLE_OF_5_LARGER_GRAPHS,INCIDENCE_DEGREE,3640,2254,0.428933367114264
bcsstk15,BEST_AVAILABLE_OF_5_LARGER_GRAPHS,INCIDENCE_DEGREE,3639,2255,0.4286800101342792
bcsstk15,BEST_AVAILABLE_OF_5_LARGER_GRAPHS,INCIDENCE_DEGREE,3638,2256,0.4284266531542944
bcsstk15,BEST_AVAILABLE_OF_5_LARGER_GRAPHS,INCIDENCE_DEGREE,3791,2257,0.4281732961743096
bcsstk15,BEST_AVAILABLE_OF_5_LARGER_GRAPHS,INCIDENCE_DEGREE,3637,2258,0.4279199391943248
bcsstk15,BEST_AVAILABLE_OF_5_LARGER_GRAPHS,INCIDENCE_DEGREE,3636,2259,0.42766658221434
bcsstk15,BEST_AVAILABLE_OF_5_LARGER_GRAPHS,INCIDENCE_DEGREE,3448,2260,0.4274132252343552
bcsstk15,BEST_AVAILABLE_OF_5_LARGER_GRAPHS,INCIDENCE_DEGREE,3447,2261,0.4271598682543704
bcsstk15,BEST_AVAILABLE_OF_5_LARGER_GRAPHS,INCIDENCE_DEGREE,3446,2262,0.4269065112743856
bcsstk15,BEST_AVAILABLE_OF_5_LARGER_GRAPHS,INCIDENCE_DEGREE,3641,2263,0.4266531542944008
bcsstk15,BEST_AVAILABLE_OF_5_LARGER_GRAPHS,INCIDENCE_DEGREE,3445,2264,0.426399797314416
bcsstk15,BEST_AVAILABLE_OF_5_LARGER_GRAPHS,INCIDENCE_DEGREE,3444,2265,0.4261464403344312
bcsstk15,BEST_AVAILABLE_OF_5_LARGER_GRAPHS,INCIDENCE_DEGREE,3208,2266,0.4258930833544464
bcsstk15,BEST_AVAILABLE_OF_5_LARGER_GRAPHS,INCIDENCE_DEGREE,3207,2267,0.4256397263744616
bcsstk15,BEST_AVAILABLE_OF_5_LARGER_GRAPHS,INCIDENCE_DEGREE,3206,2268,0.4253863693944768
bcsstk15,BEST_AVAILABLE_OF_5_LARGER_GRAPHS,INCIDENCE_DEGREE,3449,2269,0.42513301241449203
bcsstk15,BEST_AVAILABLE_OF_5_LARGER_GRAPHS,INCIDENCE_DEGREE,3205,2270,0.42487965543450723
bcsstk15,BEST_AVAILABLE_OF_5_LARGER_GRAPHS,INCIDENCE_DEGREE,3204,2271,0.42462629845452243
bcsstk15,BEST_AVAILABLE_OF_5_LARGER_GRAPHS,INCIDENCE_DEGREE,2938,2272,0.42437294147453763
bcsstk15,BEST_AVAILABLE_OF_5_LARGER_GRAPHS,INCIDENCE_DEGREE,2937,2273,0.42411958449455284
bcsstk15,BEST_AVAILABLE_OF_5_LARGER_GRAPHS,INCIDENCE_DEGREE,2936,2274,0.42386622751456804
bcsstk15,BEST_AVAILABLE_OF_5_LARGER_GRAPHS,INCIDENCE_DEGREE,3209,2275,0.42361287053458324
bcsstk15,BEST_AVAILABLE_OF_5_LARGER_GRAPHS,INCIDENCE_DEGREE,2935,2276,0.42335951355459844
bcsstk15,BEST_AVAILABLE_OF_5_LARGER_GRAPHS,INCIDENCE_DEGREE,2934,2277,0.42310615657461365
bcsstk15,BEST_AVAILABLE_OF_5_LARGER_GRAPHS,INCIDENCE_DEGREE,2656,2278,0.42285279959462885
bcsstk15,BEST_AVAILABLE_OF_5_LARGER_GRAPHS,INCIDENCE_DEGREE,2655,2279,0.42259944261464405
bcsstk15,BEST_AVAILABLE_OF_5_LARGER_GRAPHS,INCIDENCE_DEGREE,2654,2280,0.42234608563465925
bcsstk15,BEST_AVAILABLE_OF_5_LARGER_GRAPHS,INCIDENCE_DEGREE,2939,2281,0.42209272865467445
bcsstk15,BEST_AVAILABLE_OF_5_LARGER_GRAPHS,INCIDENCE_DEGREE,2653,2282,0.42183937167468966
bcsstk15,BEST_AVAILABLE_OF_5_LARGER_GRAPHS,INCIDENCE_DEGREE,2652,2283,0.42158601469470486
bcsstk15,BEST_AVAILABLE_OF_5_LARGER_GRAPHS,INCIDENCE_DEGREE,2338,2284,0.42133265771472006
bcsstk15,BEST_AVAILABLE_OF_5_LARGER_GRAPHS,INCIDENCE_DEGREE,2337,2285,0.42107930073473526
bcsstk15,BEST_AVAILABLE_OF_5_LARGER_GRAPHS,INCIDENCE_DEGREE,2336,2286,0.42082594375475046
bcsstk15,BEST_AVAILABLE_OF_5_LARGER_GRAPHS,INCIDENCE_DEGREE,2657,2287,0.42057258677476567
bcsstk15,BEST_AVAILABLE_OF_5_LARGER_GRAPHS,INCIDENCE_DEGREE,2335,2288,0.42031922979478087
bcsstk15,BEST_AVAILABLE_OF_5_LARGER_GRAPHS,INCIDENCE_DEGREE,2334,2289,0.42006587281479607
bcsstk15,BEST_AVAILABLE_OF_5_LARGER_GRAPHS,INCIDENCE_DEGREE,2014,2290,0.4198125158348113
bcsstk15,BEST_AVAILABLE_OF_5_LARGER_GRAPHS,INCIDENCE_DEGREE,2013,2291,0.4195591588548265
bcsstk15,BEST_AVAILABLE_OF_5_LARGER_GRAPHS,INCIDENCE_DEGREE,2012,2292,0.4193058018748417
bcsstk15,BEST_AVAILABLE_OF_5_LARGER_GRAPHS,INCIDENCE_DEGREE,2339,2293,0.4190524448948569
bcsstk15,BEST_AVAILABLE_OF_5_LARGER_GRAPHS,INCIDENCE_DEGREE,2011,2294,0.4187990879148721
bcsstk15,BEST_AVAILABLE_OF_5_LARGER_GRAPHS,INCIDENCE_DEGREE,2010,2295,0.4185457309348873
bcsstk15,BEST_AVAILABLE_OF_5_LARGER_GRAPHS,INCIDENCE_DEGREE,1654,2296,0.41829237395490243
bcsstk15,BEST_AVAILABLE_OF_5_LARGER_GRAPHS,INCIDENCE_DEGREE,1653,2297,0.41803901697491763
bcsstk15,BEST_AVAILABLE_OF_5_LARGER_GRAPHS,INCIDENCE_DEGREE,1652,2298,0.41778565999493283
bcsstk15,BEST_AVAILABLE_OF_5_LARGER_GRAPHS,INCIDENCE_DEGREE,2015,2299,0.41753230301494804
bcsstk15,BEST_AVAILABLE_OF_5_LARGER_GRAPHS,INCIDENCE_DEGREE,1651,2300,0.41727894603496324
bcsstk15,BEST_AVAILABLE_OF_5_LARGER_GRAPHS,INCIDENCE_DEGREE,1650,2301,0.41702558905497844
bcsstk15,BEST_AVAILABLE_OF_5_LARGER_GRAPHS,INCIDENCE_DEGREE,1300,2302,0.41677223207499364
bcsstk15,BEST_AVAILABLE_OF_5_LARGER_GRAPHS,INCIDENCE_DEGREE,1299,2303,0.41651887509500884
bcsstk15,BEST_AVAILABLE_OF_5_LARGER_GRAPHS,INCIDENCE_DEGREE,1298,2304,0.41626551811502405
bcsstk15,BEST_AVAILABLE_OF_5_LARGER_GRAPHS,INCIDENCE_DEGREE,1655,2305,0.41601216113503925
bcsstk15,BEST_AVAILABLE_OF_5_LARGER_GRAPHS,INCIDENCE_DEGREE,1297,2306,0.41575880415505445
bcsstk15,BEST_AVAILABLE_OF_5_LARGER_GRAPHS,INCIDENCE_DEGREE,1296,2307,0.41550544717506965
bcsstk15,BEST_AVAILABLE_OF_5_LARGER_GRAPHS,INCIDENCE_DEGREE,952,2308,0.41525209019508486
bcsstk15,BEST_AVAILABLE_OF_5_LARGER_GRAPHS,INCIDENCE_DEGREE,951,2309,0.41499873321510006
bcsstk15,BEST_AVAILABLE_OF_5_LARGER_GRAPHS,INCIDENCE_DEGREE,950,2310,0.41474537623511526
bcsstk15,BEST_AVAILABLE_OF_5_LARGER_GRAPHS,INCIDENCE_DEGREE,1301,2311,0.41449201925513046
bcsstk15,BEST_AVAILABLE_OF_5_LARGER_GRAPHS,INCIDENCE_DEGREE,949,2312,0.41423866227514566
bcsstk15,BEST_AVAILABLE_OF_5_LARGER_GRAPHS,INCIDENCE_DEGREE,948,2313,0.41398530529516087
bcsstk15,BEST_AVAILABLE_OF_5_LARGER_GRAPHS,INCIDENCE_DEGREE,652,2314,0.41373194831517607
bcsstk15,BEST_AVAILABLE_OF_5_LARGER_GRAPHS,INCIDENCE_DEGREE,651,2315,0.41347859133519127
bcsstk15,BEST_AVAILABLE_OF_5_LARGER_GRAPHS,INCIDENCE_DEGREE,650,2316,0.41322523435520647
bcsstk15,BEST_AVAILABLE_OF_5_LARGER_GRAPHS,INCIDENCE_DEGREE,953,2317,0.4129718773752217
bcsstk15,BEST_AVAILABLE_OF_5_LARGER_GRAPHS,INCIDENCE_DEGREE,649,2318,0.4127185203952369
bcsstk15,BEST_AVAILABLE_OF_5_LARGER_GRAPHS,INCIDENCE_DEGREE,648,2319,0.4124651634152521
bcsstk15,BEST_AVAILABLE_OF_5_LARGER_GRAPHS,INCIDENCE_DEGREE,418,2320,0.4122118064352673
bcsstk15,BEST_AVAILABLE_OF_5_LARGER_GRAPHS,INCIDENCE_DEGREE,417,2321,0.4119584494552825
bcsstk15,BEST_AVAILABLE_OF_5_LARGER_GRAPHS,INCIDENCE_DEGREE,416,2322,0.4117050924752977
bcsstk15,BEST_AVAILABLE_OF_5_LARGER_GRAPHS,INCIDENCE_DEGREE,653,2323,0.4114517354953129
bcsstk15,BEST_AVAILABLE_OF_5_LARGER_GRAPHS,INCIDENCE_DEGREE,415,2324,0.4111983785153281
bcsstk15,BEST_AVAILABLE_OF_5_LARGER_GRAPHS,INCIDENCE_DEGREE,414,2325,0.4109450215353433
bcsstk15,BEST_AVAILABLE_OF_5_LARGER_GRAPHS,INCIDENCE_DEGREE,232,2326,0.4106916645553585
bcsstk15,BEST_AVAILABLE_OF_5_LARGER_GRAPHS,INCIDENCE_DEGREE,231,2327,0.4104383075753737
bcsstk15,BEST_AVAILABLE_OF_5_LARGER_GRAPHS,INCIDENCE_DEGREE,230,2328,0.4101849505953889
bcsstk15,BEST_AVAILABLE_OF_5_LARGER_GRAPHS,INCIDENCE_DEGREE,419,2329,0.4099315936154041
bcsstk15,BEST_AVAILABLE_OF_5_LARGER_GRAPHS,INCIDENCE_DEGREE,229,2330,0.4096782366354193
bcsstk15,BEST_AVAILABLE_OF_5_LARGER_GRAPHS,INCIDENCE_DEGREE,228,2331,0.4094248796554345
bcsstk15,BEST_AVAILABLE_OF_5_LARGER_GRAPHS,INCIDENCE_DEGREE,82,2332,0.4091715226754497
bcsstk15,BEST_AVAILABLE_OF_5_LARGER_GRAPHS,INCIDENCE_DEGREE,81,2333,0.4089181656954649
bcsstk15,BEST_AVAILABLE_OF_5_LARGER_GRAPHS,INCIDENCE_DEGREE,80,2334,0.4086648087154801
bcsstk15,BEST_AVAILABLE_OF_5_LARGER_GRAPHS,INCIDENCE_DEGREE,233,2335,0.4084114517354953
bcsstk15,BEST_AVAILABLE_OF_5_LARGER_GRAPHS,INCIDENCE_DEGREE,79,2336,0.4081580947555105
bcsstk15,BEST_AVAILABLE_OF_5_LARGER_GRAPHS,INCIDENCE_DEGREE,78,2337,0.4079047377755257
bcsstk15,BEST_AVAILABLE_OF_5_LARGER_GRAPHS,INCIDENCE_DEGREE,10,2338,0.4076513807955409
bcsstk15,BEST_AVAILABLE_OF_5_LARGER_GRAPHS,INCIDENCE_DEGREE,7,2339,0.4073980238155561
bcsstk15,BEST_AVAILABLE_OF_5_LARGER_GRAPHS,INCIDENCE_DEGREE,83,2340,0.4071446668355713
bcsstk15,BEST_AVAILABLE_OF_5_LARGER_GRAPHS,INCIDENCE_DEGREE,8,2341,0.4068913098555865
bcsstk15,BEST_AVAILABLE_OF_5_LARGER_GRAPHS,INCIDENCE_DEGREE,11,2342,0.4066379528756017
bcsstk15,BEST_AVAILABLE_OF_5_LARGER_GRAPHS,INCIDENCE_DEGREE,9,2343,0.40638459589561693
bcsstk15,BEST_AVAILABLE_OF_5_LARGER_GRAPHS,INCIDENCE_DEGREE,6,2344,0.40613123891563213
bcsstk15,BEST_AVAILABLE_OF_5_LARGER_GRAPHS,INCIDENCE_DEGREE,35,2345,0.40587788193564733
bcsstk15,BEST_AVAILABLE_OF_5_LARGER_GRAPHS,INCIDENCE_DEGREE,34,2346,0.40562452495566254
bcsstk15,BEST_AVAILABLE_OF_5_LARGER_GRAPHS,INCIDENCE_DEGREE,3865,2347,0.40537116797567774
bcsstk15,BEST_AVAILABLE_OF_5_LARGER_GRAPHS,INCIDENCE_DEGREE,3911,2348,0.40511781099569294
bcsstk15,BEST_AVAILABLE_OF_5_LARGER_GRAPHS,INCIDENCE_DEGREE,3866,2349,0.40486445401570814
bcsstk15,BEST_AVAILABLE_OF_5_LARGER_GRAPHS,INCIDENCE_DEGREE,3869,2350,0.40461109703572334
bcsstk15,BEST_AVAILABLE_OF_5_LARGER_GRAPHS,INCIDENCE_DEGREE,3867,2351,0.40435774005573855
bcsstk15,BEST_AVAILABLE_OF_5_LARGER_GRAPHS,INCIDENCE_DEGREE,3864,2352,0.40410438307575375
bcsstk15,BEST_AVAILABLE_OF_5_LARGER_GRAPHS,INCIDENCE_DEGREE,3761,2353,0.40385102609576895
bcsstk15,BEST_AVAILABLE_OF_5_LARGER_GRAPHS,INCIDENCE_DEGREE,3760,2354,0.40359766911578415
bcsstk15,BEST_AVAILABLE_OF_5_LARGER_GRAPHS,INCIDENCE_DEGREE,3756,2355,0.40334431213579935
bcsstk15,BEST_AVAILABLE_OF_5_LARGER_GRAPHS,INCIDENCE_DEGREE,30,2356,0.40309095515581456
bcsstk15,BEST_AVAILABLE_OF_5_LARGER_GRAPHS,INCIDENCE_DEGREE,149,2357,0.40283759817582976
bcsstk15,BEST_AVAILABLE_OF_5_LARGER_GRAPHS,INCIDENCE_DEGREE,148,2358,0.40258424119584496
bcsstk15,BEST_AVAILABLE_OF_5_LARGER_GRAPHS,INCIDENCE_DEGREE,144,2359,0.40233088421586016
bcsstk15,BEST_AVAILABLE_OF_5_LARGER_GRAPHS,INCIDENCE_DEGREE,293,2360,0.40207752723587536
bcsstk15,BEST_AVAILABLE_OF_5_LARGER_GRAPHS,INCIDENCE_DEGREE,292,2361,0.40182417025589057
bcsstk15,BEST_AVAILABLE_OF_5_LARGER_GRAPHS,INCIDENCE_DEGREE,288,2362,0.40157081327590577
bcsstk15,BEST_AVAILABLE_OF_5_LARGER_GRAPHS,INCIDENCE_DEGREE,298,2363,0.40131745629592097
bcsstk15,BEST_AVAILABLE_OF_5_LARGER_GRAPHS,INCIDENCE_DEGREE,303,2364,0.4010640993159362
bcsstk15,BEST_AVAILABLE_OF_5_LARGER_GRAPHS,INCIDENCE_DEGREE,453,2365,0.4008107423359514
bcsstk15,BEST_AVAILABLE_OF_5_LARGER_GRAPHS,INCIDENCE_DEGREE,304,2366,0.4005573853559666
bcsstk15,BEST_AVAILABLE_OF_5_LARGER_GRAPHS,INCIDENCE_DEGREE,302,2367,0.4003040283759818
bcsstk15,BEST_AVAILABLE_OF_5_LARGER_GRAPHS,INCIDENCE_DEGREE,454,2368,0.400050671395997
bcsstk15,BEST_AVAILABLE_OF_5_LARGER_GRAPHS,INCIDENCE_DEGREE,452,2369,0.3997973144160122
bcsstk15,BEST_AVAILABLE_OF_5_LARGER_GRAPHS,INCIDENCE_DEGREE,663,2370,0.3995439574360274
bcsstk15,BEST_AVAILABLE_OF_5_LARGER_GRAPHS,INCIDENCE_DEGREE,664,2371,0.3992906004560426
bcsstk15,BEST_AVAILABLE_OF_5_LARGER_GRAPHS,INCIDENCE_DEGREE,662,2372,0.3990372434760578
bcsstk15,BEST_AVAILABLE_OF_5_LARGER_GRAPHS,INCIDENCE_DEGREE,451,2373,0.398783886496073
bcsstk15,BEST_AVAILABLE_OF_5_LARGER_GRAPHS,INCIDENCE_DEGREE,450,2374,0.3985305295160882
bcsstk15,BEST_AVAILABLE_OF_5_LARGER_GRAPHS,INCIDENCE_DEGREE,300,2375,0.3982771725361034
bcsstk15,BEST_AVAILABLE_OF_5_LARGER_GRAPHS,INCIDENCE_DEGREE,301,2376,0.3980238155561186
bcsstk15,BEST_AVAILABLE_OF_5_LARGER_GRAPHS,INCIDENCE_DEGREE,299,2377,0.39777045857613375
bcsstk15,BEST_AVAILABLE_OF_5_LARGER_GRAPHS,INCIDENCE_DEGREE,295,2378,0.39751710159614895
bcsstk15,BEST_AVAILABLE_OF_5_LARGER_GRAPHS,INCIDENCE_DEGREE,294,2379,0.39726374461616415
bcsstk15,BEST_AVAILABLE_OF_5_LARGER_GRAPHS,INCIDENCE_DEGREE,296,2380,0.39701038763617935
bcsstk15,BEST_AVAILABLE_OF_5_LARGER_GRAPHS,INCIDENCE_DEGREE,297,2381,0.39675703065619455
bcsstk15,BEST_AVAILABLE_OF_5_LARGER_GRAPHS,INCIDENCE_DEGREE,305,2382,0.39650367367620976
bcsstk15,BEST_AVAILABLE_OF_5_LARGER_GRAPHS,INCIDENCE_DEGREE,455,2383,0.39625031669622496
bcsstk15,BEST_AVAILABLE_OF_5_LARGER_GRAPHS,INCIDENCE_DEGREE,661,2384,0.39599695971624016
bcsstk15,BEST_AVAILABLE_OF_5_LARGER_GRAPHS,INCIDENCE_DEGREE,660,2385,0.39574360273625536
bcsstk15,BEST_AVAILABLE_OF_5_LARGER_GRAPHS,INCIDENCE_DEGREE,670,2386,0.39549024575627056
bcsstk15,BEST_AVAILABLE_OF_5_LARGER_GRAPHS,INCIDENCE_DEGREE,669,2387,0.39523688877628577
bcsstk15,BEST_AVAILABLE_OF_5_LARGER_GRAPHS,INCIDENCE_DEGREE,668,2388,0.39498353179630097
bcsstk15,BEST_AVAILABLE_OF_5_LARGER_GRAPHS,INCIDENCE_DEGREE,667,2389,0.39473017481631617
bcsstk15,BEST_AVAILABLE_OF_5_LARGER_GRAPHS,INCIDENCE_DEGREE,666,2390,0.3944768178363314
bcsstk15,BEST_AVAILABLE_OF_5_LARGER_GRAPHS,INCIDENCE_DEGREE,665,2391,0.3942234608563466
bcsstk15,BEST_AVAILABLE_OF_5_LARGER_GRAPHS,INCIDENCE_DEGREE,850,2392,0.3939701038763618
bcsstk15,BEST_AVAILABLE_OF_5_LARGER_GRAPHS,INCIDENCE_DEGREE,849,2393,0.393716746896377
bcsstk15,BEST_AVAILABLE_OF_5_LARGER_GRAPHS,INCIDENCE_DEGREE,848,2394,0.3934633899163922
bcsstk15,BEST_AVAILABLE_OF_5_LARGER_GRAPHS,INCIDENCE_DEGREE,671,2395,0.3932100329364074
bcsstk15,BEST_AVAILABLE_OF_5_LARGER_GRAPHS,INCIDENCE_DEGREE,847,2396,0.3929566759564226
bcsstk15,BEST_AVAILABLE_OF_5_LARGER_GRAPHS,INCIDENCE_DEGREE,846,2397,0.3927033189764378
bcsstk15,BEST_AVAILABLE_OF_5_LARGER_GRAPHS,INCIDENCE_DEGREE,1192,2398,0.392449961996453
bcsstk15,BEST_AVAILABLE_OF_5_LARGER_GRAPHS,INCIDENCE_DEGREE,1191,2399,0.3921966050164682
bcsstk15,BEST_AVAILABLE_OF_5_LARGER_GRAPHS,INCIDENCE_DEGREE,1190,2400,0.3919432480364834
bcsstk15,BEST_AVAILABLE_OF_5_LARGER_GRAPHS,INCIDENCE_DEGREE,1188,2401,0.3916898910564986
bcsstk15,BEST_AVAILABLE_OF_5_LARGER_GRAPHS,INCIDENCE_DEGREE,1189,2402,0.3914365340765138
bcsstk15,BEST_AVAILABLE_OF_5_LARGER_GRAPHS,INCIDENCE_DEGREE,851,2403,0.391183177096529
bcsstk15,BEST_AVAILABLE_OF_5_LARGER_GRAPHS,INCIDENCE_DEGREE,1546,2404,0.3909298201165442
bcsstk15,BEST_AVAILABLE_OF_5_LARGER_GRAPHS,INCIDENCE_DEGREE,1545,2405,0.3906764631365594
bcsstk15,BEST_AVAILABLE_OF_5_LARGER_GRAPHS,INCIDENCE_DEGREE,1544,2406,0.3904231061565746
bcsstk15,BEST_AVAILABLE_OF_5_LARGER_GRAPHS,INCIDENCE_DEGREE,1542,2407,0.3901697491765898
bcsstk15,BEST_AVAILABLE_OF_5_LARGER_GRAPHS,INCIDENCE_DEGREE,1543,2408,0.389916392196605
bcsstk15,BEST_AVAILABLE_OF_5_LARGER_GRAPHS,INCIDENCE_DEGREE,1193,2409,0.3896630352166202
bcsstk15,BEST_AVAILABLE_OF_5_LARGER_GRAPHS,INCIDENCE_DEGREE,1900,2410,0.3894096782366354
bcsstk15,BEST_AVAILABLE_OF_5_LARGER_GRAPHS,INCIDENCE_DEGREE,1899,2411,0.3891563212566506
bcsstk15,BEST_AVAILABLE_OF_5_LARGER_GRAPHS,INCIDENCE_DEGREE,1898,2412,0.3889029642766658
bcsstk15,BEST_AVAILABLE_OF_5_LARGER_GRAPHS,INCIDENCE_DEGREE,1896,2413,0.388649607296681
bcsstk15,BEST_AVAILABLE_OF_5_LARGER_GRAPHS,INCIDENCE_DEGREE,1897,2414,0.3883962503166962
bcsstk15,BEST_AVAILABLE_OF_5_LARGER_GRAPHS,INCIDENCE_DEGREE,1547,2415,0.3881428933367114
bcsstk15,BEST_AVAILABLE_OF_5_LARGER_GRAPHS,INCIDENCE_DEGREE,1906,2416,0.3878895363567266
bcsstk15,BEST_AVAILABLE_OF_5_LARGER_GRAPHS,INCIDENCE_DEGREE,1905,2417,0.38763617937674183
bcsstk15,BEST_AVAILABLE_OF_5_LARGER_GRAPHS,INCIDENCE_DEGREE,1904,2418,0.38738282239675703
bcsstk15,BEST_AVAILABLE_OF_5_LARGER_GRAPHS,INCIDENCE_DEGREE,1902,2419,0.38712946541677223
bcsstk15,BEST_AVAILABLE_OF_5_LARGER_GRAPHS,INCIDENCE_DEGREE,1903,2420,0.38687610843678744
bcsstk15,BEST_AVAILABLE_OF_5_LARGER_GRAPHS,INCIDENCE_DEGREE,1901,2421,0.38662275145680264
bcsstk15,BEST_AVAILABLE_OF_5_LARGER_GRAPHS,INCIDENCE_DEGREE,2044,2422,0.38636939447681784
bcsstk15,BEST_AVAILABLE_OF_5_LARGER_GRAPHS,INCIDENCE_DEGREE,2043,2423,0.38611603749683304
bcsstk15,BEST_AVAILABLE_OF_5_LARGER_GRAPHS,INCIDENCE_DEGREE,2042,2424,0.38586268051684824
bcsstk15,BEST_AVAILABLE_OF_5_LARGER_GRAPHS,INCIDENCE_DEGREE,2040,2425,0.38560932353686345
bcsstk15,BEST_AVAILABLE_OF_5_LARGER_GRAPHS,INCIDENCE_DEGREE,2041,2426,0.38535596655687865
bcsstk15,BEST_AVAILABLE_OF_5_LARGER_GRAPHS,INCIDENCE_DEGREE,1907,2427,0.38510260957689385
bcsstk15,BEST_AVAILABLE_OF_5_LARGER_GRAPHS,INCIDENCE_DEGREE,2050,2428,0.38484925259690905
bcsstk15,BEST_AVAILABLE_OF_5_LARGER_GRAPHS,INCIDENCE_DEGREE,2049,2429,0.38459589561692425
bcsstk15,BEST_AVAILABLE_OF_5_LARGER_GRAPHS,INCIDENCE_DEGREE,2048,2430,0.38434253863693946
bcsstk15,BEST_AVAILABLE_OF_5_LARGER_GRAPHS,INCIDENCE_DEGREE,2046,2431,0.38408918165695466
bcsstk15,BEST_AVAILABLE_OF_5_LARGER_GRAPHS,INCIDENCE_DEGREE,2047,2432,0.38383582467696986
bcsstk15,BEST_AVAILABLE_OF_5_LARGER_GRAPHS,INCIDENCE_DEGREE,2045,2433,0.38358246769698506
bcsstk15,BEST_AVAILABLE_OF_5_LARGER_GRAPHS,INCIDENCE_DEGREE,2056,2434,0.38332911071700027
bcsstk15,BEST_AVAILABLE_OF_5_LARGER_GRAPHS,INCIDENCE_DEGREE,2055,2435,0.38307575373701547
bcsstk15,BEST_AVAILABLE_OF_5_LARGER_GRAPHS,INCIDENCE_DEGREE,2054,2436,0.38282239675703067
bcsstk15,BEST_AVAILABLE_OF_5_LARGER_GRAPHS,INCIDENCE_DEGREE,2052,2437,0.38256903977704587
bcsstk15,BEST_AVAILABLE_OF_5_LARGER_GRAPHS,INCIDENCE_DEGREE,2053,2438,0.3823156827970611
bcsstk15,BEST_AVAILABLE_OF_5_LARGER_GRAPHS,INCIDENCE_DEGREE,2051,2439,0.3820623258170763
bcsstk15,BEST_AVAILABLE_OF_5_LARGER_GRAPHS,INCIDENCE_DEGREE,2062,2440,0.3818089688370915
bcsstk15,BEST_AVAILABLE_OF_5_LARGER_GRAPHS,INCIDENCE_DEGREE,2061,2441,0.3815556118571067
bcsstk15,BEST_AVAILABLE_OF_5_LARGER_GRAPHS,INCIDENCE_DEGREE,2060,2442,0.3813022548771219
bcsstk15,BEST_AVAILABLE_OF_5_LARGER_GRAPHS,INCIDENCE_DEGREE,2058,2443,0.3810488978971371
bcsstk15,BEST_AVAILABLE_OF_5_LARGER_GRAPHS,INCIDENCE_DEGREE,2059,2444,0.3807955409171523
bcsstk15,BEST_AVAILABLE_OF_5_LARGER_GRAPHS,INCIDENCE_DEGREE,2057,2445,0.3805421839371675
bcsstk15,BEST_AVAILABLE_OF_5_LARGER_GRAPHS,INCIDENCE_DEGREE,2068,2446,0.3802888269571827
bcsstk15,BEST_AVAILABLE_OF_5_LARGER_GRAPHS,INCIDENCE_DEGREE,2067,2447,0.3800354699771979
bcsstk15,BEST_AVAILABLE_OF_5_LARGER_GRAPHS,INCIDENCE_DEGREE,2066,2448,0.3797821129972131
bcsstk15,BEST_AVAILABLE_OF_5_LARGER_GRAPHS,INCIDENCE_DEGREE,2064,2449,0.3795287560172283
bcsstk15,BEST_AVAILABLE_OF_5_LARGER_GRAPHS,INCIDENCE_DEGREE,2065,2450,0.3792753990372435
bcsstk15,BEST_AVAILABLE_OF_5_LARGER_GRAPHS,INCIDENCE_DEGREE,2063,2451,0.3790220420572587
bcsstk15,BEST_AVAILABLE_OF_5_LARGER_GRAPHS,INCIDENCE_DEGREE,2194,2452,0.3787686850772739
bcsstk15,BEST_AVAILABLE_OF_5_LARGER_GRAPHS,INCIDENCE_DEGREE,2193,2453,0.3785153280972891
bcsstk15,BEST_AVAILABLE_OF_5_LARGER_GRAPHS,INCIDENCE_DEGREE,2192,2454,0.3782619711173043
bcsstk15,BEST_AVAILABLE_OF_5_LARGER_GRAPHS,INCIDENCE_DEGREE,2190,2455,0.3780086141373195
bcsstk15,BEST_AVAILABLE_OF_5_LARGER_GRAPHS,INCIDENCE_DEGREE,2191,2456,0.3777552571573347
bcsstk15,BEST_AVAILABLE_OF_5_LARGER_GRAPHS,INCIDENCE_DEGREE,2069,2457,0.37750190017734986
bcsstk15,BEST_AVAILABLE_OF_5_LARGER_GRAPHS,INCIDENCE_DEGREE,2518,2458,0.37724854319736506
bcsstk15,BEST_AVAILABLE_OF_5_LARGER_GRAPHS,INCIDENCE_DEGREE,2517,2459,0.37699518621738026
bcsstk15,BEST_AVAILABLE_OF_5_LARGER_GRAPHS,INCIDENCE_DEGREE,2516,2460,0.37674182923739546
bcsstk15,BEST_AVAILABLE_OF_5_LARGER_GRAPHS,INCIDENCE_DEGREE,2515,2461,0.37648847225741067
bcsstk15,BEST_AVAILABLE_OF_5_LARGER_GRAPHS,INCIDENCE_DEGREE,2514,2462,0.37623511527742587
bcsstk15,BEST_AVAILABLE_OF_5_LARGER_GRAPHS,INCIDENCE_DEGREE,2195,2463,0.37598175829744107
bcsstk15,BEST_AVAILABLE_OF_5_LARGER_GRAPHS,INCIDENCE_DEGREE,2524,2464,0.3757284013174563
bcsstk15,BEST_AVAILABLE_OF_5_LARGER_GRAPHS,INCIDENCE_DEGREE,2523,2465,0.3754750443374715
bcsstk15,BEST_AVAILABLE_OF_5_LARGER_GRAPHS,INCIDENCE_DEGREE,2522,2466,0.3752216873574867
bcsstk15,BEST_AVAILABLE_OF_5_LARGER_GRAPHS,INCIDENCE_DEGREE,2519,2467,0.3749683303775019
bcsstk15,BEST_AVAILABLE_OF_5_LARGER_GRAPHS,INCIDENCE_DEGREE,2521,2468,0.3747149733975171
bcsstk15,BEST_AVAILABLE_OF_5_LARGER_GRAPHS,INCIDENCE_DEGREE,2520,2469,0.3744616164175323
bcsstk15,BEST_AVAILABLE_OF_5_LARGER_GRAPHS,INCIDENCE_DEGREE,2548,2470,0.3742082594375475
bcsstk15,BEST_AVAILABLE_OF_5_LARGER_GRAPHS,INCIDENCE_DEGREE,2547,2471,0.3739549024575627
bcsstk15,BEST_AVAILABLE_OF_5_LARGER_GRAPHS,INCIDENCE_DEGREE,2546,2472,0.3737015454775779
bcsstk15,BEST_AVAILABLE_OF_5_LARGER_GRAPHS,INCIDENCE_DEGREE,2544,2473,0.3734481884975931
bcsstk15,BEST_AVAILABLE_OF_5_LARGER_GRAPHS,INCIDENCE_DEGREE,2545,2474,0.3731948315176083
bcsstk15,BEST_AVAILABLE_OF_5_LARGER_GRAPHS,INCIDENCE_DEGREE,2525,2475,0.3729414745376235
bcsstk15,BEST_AVAILABLE_OF_5_LARGER_GRAPHS,INCIDENCE_DEGREE,2854,2476,0.3726881175576387
bcsstk15,BEST_AVAILABLE_OF_5_LARGER_GRAPHS,INCIDENCE_DEGREE,2853,2477,0.3724347605776539
bcsstk15,BEST_AVAILABLE_OF_5_LARGER_GRAPHS,INCIDENCE_DEGREE,2852,2478,0.3721814035976691
bcsstk15,BEST_AVAILABLE_OF_5_LARGER_GRAPHS,INCIDENCE_DEGREE,2850,2479,0.3719280466176843
bcsstk15,BEST_AVAILABLE_OF_5_LARGER_GRAPHS,INCIDENCE_DEGREE,2851,2480,0.3716746896376995
bcsstk15,BEST_AVAILABLE_OF_5_LARGER_GRAPHS,INCIDENCE_DEGREE,2549,2481,0.3714213326577147
bcsstk15,BEST_AVAILABLE_OF_5_LARGER_GRAPHS,INCIDENCE_DEGREE,3136,2482,0.3711679756777299
bcsstk15,BEST_AVAILABLE_OF_5_LARGER_GRAPHS,INCIDENCE_DEGREE,3133,2483,0.3709146186977451
bcsstk15,BEST_AVAILABLE_OF_5_LARGER_GRAPHS,INCIDENCE_DEGREE,3134,2484,0.3706612617177603
bcsstk15,BEST_AVAILABLE_OF_5_LARGER_GRAPHS,INCIDENCE_DEGREE,2855,2485,0.3704079047377755
bcsstk15,BEST_AVAILABLE_OF_5_LARGER_GRAPHS,INCIDENCE_DEGREE,3137,2486,0.3701545477577907
bcsstk15,BEST_AVAILABLE_OF_5_LARGER_GRAPHS,INCIDENCE_DEGREE,3135,2487,0.3699011907778059
bcsstk15,BEST_AVAILABLE_OF_5_LARGER_GRAPHS,INCIDENCE_DEGREE,3132,2488,0.3696478337978211
bcsstk15,BEST_AVAILABLE_OF_5_LARGER_GRAPHS,INCIDENCE_DEGREE,3389,2489,0.3693944768178363
bcsstk15,BEST_AVAILABLE_OF_5_LARGER_GRAPHS,INCIDENCE_DEGREE,3388,2490,0.36914111983785153
bcsstk15,BEST_AVAILABLE_OF_5_LARGER_GRAPHS,INCIDENCE_DEGREE,3593,2491,0.36888776285786673
bcsstk15,BEST_AVAILABLE_OF_5_LARGER_GRAPHS,INCIDENCE_DEGREE,3592,2492,0.36863440587788193
bcsstk15,BEST_AVAILABLE_OF_5_LARGER_GRAPHS,INCIDENCE_DEGREE,3588,2493,0.36838104889789713
bcsstk15,BEST_AVAILABLE_OF_5_LARGER_GRAPHS,INCIDENCE_DEGREE,3384,2494,0.36812769191791234
bcsstk15,BEST_AVAILABLE_OF_5_LARGER_GRAPHS,INCIDENCE_DEGREE,3757,2495,0.36787433493792754
bcsstk15,BEST_AVAILABLE_OF_5_LARGER_GRAPHS,INCIDENCE_DEGREE,3758,2496,0.36762097795794274
bcsstk15,BEST_AVAILABLE_OF_5_LARGER_GRAPHS,INCIDENCE_DEGREE,3765,2497,0.36736762097795794
bcsstk15,BEST_AVAILABLE_OF_5_LARGER_GRAPHS,INCIDENCE_DEGREE,3385,2498,0.36711426399797314
bcsstk15,BEST_AVAILABLE_OF_5_LARGER_GRAPHS,INCIDENCE_DEGREE,3590,2499,0.36686090701798835
bcsstk15,BEST_AVAILABLE_OF_5_LARGER_GRAPHS,INCIDENCE_DEGREE,3589,2500,0.36660755003800355
bcsstk15,BEST_AVAILABLE_OF_5_LARGER_GRAPHS,INCIDENCE_DEGREE,3386,2501,0.36635419305801875
bcsstk15,BEST_AVAILABLE_OF_5_LARGER_GRAPHS,INCIDENCE_DEGREE,3393,2502,0.36610083607803395
bcsstk15,BEST_AVAILABLE_OF_5_LARGER_GRAPHS,INCIDENCE_DEGREE,3597,2503,0.36584747909804916
bcsstk15,BEST_AVAILABLE_OF_5_LARGER_GRAPHS,INCIDENCE_DEGREE,289,2504,0.36559412211806436
bcsstk15,BEST_AVAILABLE_OF_5_LARGER_GRAPHS,INCIDENCE_DEGREE,290,2505,0.36534076513807956
bcsstk15,BEST_AVAILABLE_OF_5_LARGER_GRAPHS,INCIDENCE_DEGREE,321,2506,0.36508740815809476
bcsstk15,BEST_AVAILABLE_OF_5_LARGER_GRAPHS,INCIDENCE_DEGREE,31,2507,0.36483405117810996
bcsstk15,BEST_AVAILABLE_OF_5_LARGER_GRAPHS,INCIDENCE_DEGREE,146,2508,0.36458069419812517
bcsstk15,BEST_AVAILABLE_OF_5_LARGER_GRAPHS,INCIDENCE_DEGREE,145,2509,0.36432733721814037
bcsstk15,BEST_AVAILABLE_OF_5_LARGER_GRAPHS,INCIDENCE_DEGREE,32,2510,0.36407398023815557
bcsstk15,BEST_AVAILABLE_OF_5_LARGER_GRAPHS,INCIDENCE_DEGREE,39,2511,0.36382062325817077
bcsstk15,BEST_AVAILABLE_OF_5_LARGER_GRAPHS,INCIDENCE_DEGREE,159,2512,0.363567266278186
bcsstk15,BEST_AVAILABLE_OF_5_LARGER_GRAPHS,INCIDENCE_DEGREE,2811,2513,0.3633139092982012
bcsstk15,BEST_AVAILABLE_OF_5_LARGER_GRAPHS,INCIDENCE_DEGREE,2817,2514,0.3630605523182164
bcsstk15,BEST_AVAILABLE_OF_5_LARGER_GRAPHS,INCIDENCE_DEGREE,2841,2515,0.3628071953382316
bcsstk15,BEST_AVAILABLE_OF_5_LARGER_GRAPHS,INCIDENCE_DEGREE,2818,2516,0.3625538383582468
bcsstk15,BEST_AVAILABLE_OF_5_LARGER_GRAPHS,INCIDENCE_DEGREE,2816,2517,0.362300481378262
bcsstk15,BEST_AVAILABLE_OF_5_LARGER_GRAPHS,INCIDENCE_DEGREE,2842,2518,0.3620471243982772
bcsstk15,BEST_AVAILABLE_OF_5_LARGER_GRAPHS,INCIDENCE_DEGREE,2840,2519,0.3617937674182924
bcsstk15,BEST_AVAILABLE_OF_5_LARGER_GRAPHS,INCIDENCE_DEGREE,2812,2520,0.3615404104383076
bcsstk15,BEST_AVAILABLE_OF_5_LARGER_GRAPHS,INCIDENCE_DEGREE,2810,2521,0.3612870534583228
bcsstk15,BEST_AVAILABLE_OF_5_LARGER_GRAPHS,INCIDENCE_DEGREE,2815,2522,0.361033696478338
bcsstk15,BEST_AVAILABLE_OF_5_LARGER_GRAPHS,INCIDENCE_DEGREE,2814,2523,0.3607803394983532
bcsstk15,BEST_AVAILABLE_OF_5_LARGER_GRAPHS,INCIDENCE_DEGREE,2838,2524,0.3605269825183684
bcsstk15,BEST_AVAILABLE_OF_5_LARGER_GRAPHS,INCIDENCE_DEGREE,2839,2525,0.3602736255383836
bcsstk15,BEST_AVAILABLE_OF_5_LARGER_GRAPHS,INCIDENCE_DEGREE,3124,2526,0.3600202685583988
bcsstk15,BEST_AVAILABLE_OF_5_LARGER_GRAPHS,INCIDENCE_DEGREE,2808,2527,0.359766911578414
bcsstk15,BEST_AVAILABLE_OF_5_LARGER_GRAPHS,INCIDENCE_DEGREE,2809,2528,0.3595135545984292
bcsstk15,BEST_AVAILABLE_OF_5_LARGER_GRAPHS,INCIDENCE_DEGREE,2819,2529,0.3592601976184444
bcsstk15,BEST_AVAILABLE_OF_5_LARGER_GRAPHS,INCIDENCE_DEGREE,2512,2530,0.3590068406384596
bcsstk15,BEST_AVAILABLE_OF_5_LARGER_GRAPHS,INCIDENCE_DEGREE,2511,2531,0.3587534836584748
bcsstk15,BEST_AVAILABLE_OF_5_LARGER_GRAPHS,INCIDENCE_DEGREE,2510,2532,0.35850012667849
bcsstk15,BEST_AVAILABLE_OF_5_LARGER_GRAPHS,INCIDENCE_DEGREE,2813,2533,0.3582467696985052
bcsstk15,BEST_AVAILABLE_OF_5_LARGER_GRAPHS,INCIDENCE_DEGREE,2509,2534,0.3579934127185204
bcsstk15,BEST_AVAILABLE_OF_5_LARGER_GRAPHS,INCIDENCE_DEGREE,2508,2535,0.3577400557385356
bcsstk15,BEST_AVAILABLE_OF_5_LARGER_GRAPHS,INCIDENCE_DEGREE,2513,2536,0.3574866987585508
bcsstk15,BEST_AVAILABLE_OF_5_LARGER_GRAPHS,INCIDENCE_DEGREE,2404,2537,0.357233341778566
bcsstk15,BEST_AVAILABLE_OF_5_LARGER_GRAPHS,INCIDENCE_DEGREE,2403,2538,0.3569799847985812
bcsstk15,BEST_AVAILABLE_OF_5_LARGER_GRAPHS,INCIDENCE_DEGREE,2402,2539,0.3567266278185964
bcsstk15,BEST_AVAILABLE_OF_5_LARGER_GRAPHS,INCIDENCE_DEGREE,2401,2540,0.3564732708386116
bcsstk15,BEST_AVAILABLE_OF_5_LARGER_GRAPHS,INCIDENCE_DEGREE,2400,2541,0.3562199138586268
bcsstk15,BEST_AVAILABLE_OF_5_LARGER_GRAPHS,INCIDENCE_DEGREE,2398,2542,0.355966556878642
bcsstk15,BEST_AVAILABLE_OF_5_LARGER_GRAPHS,INCIDENCE_DEGREE,2397,2543,0.3557131998986572
bcsstk15,BEST_AVAILABLE_OF_5_LARGER_GRAPHS,INCIDENCE_DEGREE,2396,2544,0.3554598429186724
bcsstk15,BEST_AVAILABLE_OF_5_LARGER_GRAPHS,INCIDENCE_DEGREE,2405,2545,0.3552064859386876
bcsstk15,BEST_AVAILABLE_OF_5_LARGER_GRAPHS,INCIDENCE_DEGREE,2395,2546,0.3549531289587028
bcsstk15,BEST_AVAILABLE_OF_5_LARGER_GRAPHS,INCIDENCE_DEGREE,2394,2547,0.354699771978718
bcsstk15,BEST_AVAILABLE_OF_5_LARGER_GRAPHS,INCIDENCE_DEGREE,2386,2548,0.3544464149987332
bcsstk15,BEST_AVAILABLE_OF_5_LARGER_GRAPHS,INCIDENCE_DEGREE,2385,2549,0.3541930580187484
bcsstk15,BEST_AVAILABLE_OF_5_LARGER_GRAPHS,INCIDENCE_DEGREE,2384,2550,0.3539397010387636
bcsstk15,BEST_AVAILABLE_OF_5_LARGER_GRAPHS,INCIDENCE_DEGREE,2399,2551,0.3536863440587788
bcsstk15,BEST_AVAILABLE_OF_5_LARGER_GRAPHS,INCIDENCE_DEGREE,2383,2552,0.353432987078794
bcsstk15,BEST_AVAILABLE_OF_5_LARGER_GRAPHS,INCIDENCE_DEGREE,2382,2553,0.3531796300988092
bcsstk15,BEST_AVAILABLE_OF_5_LARGER_GRAPHS,INCIDENCE_DEGREE,2374,2554,0.3529262731188244
bcsstk15,BEST_AVAILABLE_OF_5_LARGER_GRAPHS,INCIDENCE_DEGREE,2373,2555,0.3526729161388396
bcsstk15,BEST_AVAILABLE_OF_5_LARGER_GRAPHS,INCIDENCE_DEGREE,2372,2556,0.3524195591588548
bcsstk15,BEST_AVAILABLE_OF_5_LARGER_GRAPHS,INCIDENCE_DEGREE,2387,2557,0.35216620217887
bcsstk15,BEST_AVAILABLE_OF_5_LARGER_GRAPHS,INCIDENCE_DEGREE,2371,2558,0.3519128451988852
bcsstk15,BEST_AVAILABLE_OF_5_LARGER_GRAPHS,INCIDENCE_DEGREE,2370,2559,0.3516594882189004
bcsstk15,BEST_AVAILABLE_OF_5_LARGER_GRAPHS,INCIDENCE_DEGREE,2362,2560,0.3514061312389156
bcsstk15,BEST_AVAILABLE_OF_5_LARGER_GRAPHS,INCIDENCE_DEGREE,2361,2561,0.3511527742589308
bcsstk15,BEST_AVAILABLE_OF_5_LARGER_GRAPHS,INCIDENCE_DEGREE,2360,2562,0.350899417278946
bcsstk15,BEST_AVAILABLE_OF_5_LARGER_GRAPHS,INCIDENCE_DEGREE,2375,2563,0.3506460602989612
bcsstk15,BEST_AVAILABLE_OF_5_LARGER_GRAPHS,INCIDENCE_DEGREE,2359,2564,0.35039270331897643
bcsstk15,BEST_AVAILABLE_OF_5_LARGER_GRAPHS,INCIDENCE_DEGREE,2358,2565,0.35013934633899163
bcsstk15,BEST_AVAILABLE_OF_5_LARGER_GRAPHS,INCIDENCE_DEGREE,2242,2566,0.34988598935900683
bcsstk15,BEST_AVAILABLE_OF_5_LARGER_GRAPHS,INCIDENCE_DEGREE,2241,2567,0.34963263237902203
bcsstk15,BEST_AVAILABLE_OF_5_LARGER_GRAPHS,INCIDENCE_DEGREE,2240,2568,0.34937927539903724
bcsstk15,BEST_AVAILABLE_OF_5_LARGER_GRAPHS,INCIDENCE_DEGREE,2363,2569,0.34912591841905244
bcsstk15,BEST_AVAILABLE_OF_5_LARGER_GRAPHS,INCIDENCE_DEGREE,2239,2570,0.34887256143906764
bcsstk15,BEST_AVAILABLE_OF_5_LARGER_GRAPHS,INCIDENCE_DEGREE,2238,2571,0.34861920445908284
bcsstk15,BEST_AVAILABLE_OF_5_LARGER_GRAPHS,INCIDENCE_DEGREE,2230,2572,0.34836584747909805
bcsstk15,BEST_AVAILABLE_OF_5_LARGER_GRAPHS,INCIDENCE_DEGREE,2229,2573,0.34811249049911325
bcsstk15,BEST_AVAILABLE_OF_5_LARGER_GRAPHS,INCIDENCE_DEGREE,2228,2574,0.34785913351912845
bcsstk15,BEST_AVAILABLE_OF_5_LARGER_GRAPHS,INCIDENCE_DEGREE,2243,2575,0.34760577653914365
bcsstk15,BEST_AVAILABLE_OF_5_LARGER_GRAPHS,INCIDENCE_DEGREE,2227,2576,0.34735241955915885
bcsstk15,BEST_AVAILABLE_OF_5_LARGER_GRAPHS,INCIDENCE_DEGREE,2226,2577,0.34709906257917406
bcsstk15,BEST_AVAILABLE_OF_5_LARGER_GRAPHS,INCIDENCE_DEGREE,1918,2578,0.34684570559918926
bcsstk15,BEST_AVAILABLE_OF_5_LARGER_GRAPHS,INCIDENCE_DEGREE,1917,2579,0.34659234861920446
bcsstk15,BEST_AVAILABLE_OF_5_LARGER_GRAPHS,INCIDENCE_DEGREE,1916,2580,0.34633899163921966
bcsstk15,BEST_AVAILABLE_OF_5_LARGER_GRAPHS,INCIDENCE_DEGREE,2231,2581,0.34608563465923486
bcsstk15,BEST_AVAILABLE_OF_5_LARGER_GRAPHS,INCIDENCE_DEGREE,1915,2582,0.34583227767925007
bcsstk15,BEST_AVAILABLE_OF_5_LARGER_GRAPHS,INCIDENCE_DEGREE,1914,2583,0.34557892069926527
bcsstk15,BEST_AVAILABLE_OF_5_LARGER_GRAPHS,INCIDENCE_DEGREE,1558,2584,0.34532556371928047
bcsstk15,BEST_AVAILABLE_OF_5_LARGER_GRAPHS,INCIDENCE_DEGREE,1557,2585,0.3450722067392957
bcsstk15,BEST_AVAILABLE_OF_5_LARGER_GRAPHS,INCIDENCE_DEGREE,1556,2586,0.3448188497593109
bcsstk15,BEST_AVAILABLE_OF_5_LARGER_GRAPHS,INCIDENCE_DEGREE,1919,2587,0.3445654927793261
bcsstk15,BEST_AVAILABLE_OF_5_LARGER_GRAPHS,INCIDENCE_DEGREE,1555,2588,0.3443121357993413
bcsstk15,BEST_AVAILABLE_OF_5_LARGER_GRAPHS,INCIDENCE_DEGREE,1554,2589,0.3440587788193565
bcsstk15,BEST_AVAILABLE_OF_5_LARGER_GRAPHS,INCIDENCE_DEGREE,1204,2590,0.3438054218393717
bcsstk15,BEST_AVAILABLE_OF_5_LARGER_GRAPHS,INCIDENCE_DEGREE,1203,2591,0.3435520648593869
bcsstk15,BEST_AVAILABLE_OF_5_LARGER_GRAPHS,INCIDENCE_DEGREE,1202,2592,0.3432987078794021
bcsstk15,BEST_AVAILABLE_OF_5_LARGER_GRAPHS,INCIDENCE_DEGREE,1559,2593,0.3430453508994173
bcsstk15,BEST_AVAILABLE_OF_5_LARGER_GRAPHS,INCIDENCE_DEGREE,1201,2594,0.3427919939194325
bcsstk15,BEST_AVAILABLE_OF_5_LARGER_GRAPHS,INCIDENCE_DEGREE,1200,2595,0.3425386369394477
bcsstk15,BEST_AVAILABLE_OF_5_LARGER_GRAPHS,INCIDENCE_DEGREE,856,2596,0.3422852799594629
bcsstk15,BEST_AVAILABLE_OF_5_LARGER_GRAPHS,INCIDENCE_DEGREE,855,2597,0.3420319229794781
bcsstk15,BEST_AVAILABLE_OF_5_LARGER_GRAPHS,INCIDENCE_DEGREE,854,2598,0.3417785659994933
bcsstk15,BEST_AVAILABLE_OF_5_LARGER_GRAPHS,INCIDENCE_DEGREE,1205,2599,0.3415252090195085
bcsstk15,BEST_AVAILABLE_OF_5_LARGER_GRAPHS,INCIDENCE_DEGREE,853,2600,0.3412718520395237
bcsstk15,BEST_AVAILABLE_OF_5_LARGER_GRAPHS,INCIDENCE_DEGREE,852,2601,0.3410184950595389
bcsstk15,BEST_AVAILABLE_OF_5_LARGER_GRAPHS,INCIDENCE_DEGREE,994,2602,0.3407651380795541
bcsstk15,BEST_AVAILABLE_OF_5_LARGER_GRAPHS,INCIDENCE_DEGREE,993,2603,0.3405117810995693
bcsstk15,BEST_AVAILABLE_OF_5_LARGER_GRAPHS,INCIDENCE_DEGREE,992,2604,0.3402584241195845
bcsstk15,BEST_AVAILABLE_OF_5_LARGER_GRAPHS,INCIDENCE_DEGREE,857,2605,0.3400050671395997
bcsstk15,BEST_AVAILABLE_OF_5_LARGER_GRAPHS,INCIDENCE_DEGREE,991,2606,0.3397517101596149
bcsstk15,BEST_AVAILABLE_OF_5_LARGER_GRAPHS,INCIDENCE_DEGREE,990,2607,0.3394983531796301
bcsstk15,BEST_AVAILABLE_OF_5_LARGER_GRAPHS,INCIDENCE_DEGREE,995,2608,0.3392449961996453
bcsstk15,BEST_AVAILABLE_OF_5_LARGER_GRAPHS,INCIDENCE_DEGREE,706,2609,0.3389916392196605
bcsstk15,BEST_AVAILABLE_OF_5_LARGER_GRAPHS,INCIDENCE_DEGREE,705,2610,0.3387382822396757
bcsstk15,BEST_AVAILABLE_OF_5_LARGER_GRAPHS,INCIDENCE_DEGREE,704,2611,0.3384849252596909
bcsstk15,BEST_AVAILABLE_OF_5_LARGER_GRAPHS,INCIDENCE_DEGREE,703,2612,0.33823156827970613
bcsstk15,BEST_AVAILABLE_OF_5_LARGER_GRAPHS,INCIDENCE_DEGREE,702,2613,0.33797821129972133
bcsstk15,BEST_AVAILABLE_OF_5_LARGER_GRAPHS,INCIDENCE_DEGREE,466,2614,0.33772485431973653
bcsstk15,BEST_AVAILABLE_OF_5_LARGER_GRAPHS,INCIDENCE_DEGREE,465,2615,0.33747149733975174
bcsstk15,BEST_AVAILABLE_OF_5_LARGER_GRAPHS,INCIDENCE_DEGREE,464,2616,0.33721814035976694
bcsstk15,BEST_AVAILABLE_OF_5_LARGER_GRAPHS,INCIDENCE_DEGREE,707,2617,0.33696478337978214
bcsstk15,BEST_AVAILABLE_OF_5_LARGER_GRAPHS,INCIDENCE_DEGREE,463,2618,0.3367114263997973
bcsstk15,BEST_AVAILABLE_OF_5_LARGER_GRAPHS,INCIDENCE_DEGREE,462,2619,0.3364580694198125
bcsstk15,BEST_AVAILABLE_OF_5_LARGER_GRAPHS,INCIDENCE_DEGREE,280,2620,0.3362047124398277
bcsstk15,BEST_AVAILABLE_OF_5_LARGER_GRAPHS,INCIDENCE_DEGREE,279,2621,0.3359513554598429
bcsstk15,BEST_AVAILABLE_OF_5_LARGER_GRAPHS,INCIDENCE_DEGREE,278,2622,0.3356979984798581
bcsstk15,BEST_AVAILABLE_OF_5_LARGER_GRAPHS,INCIDENCE_DEGREE,467,2623,0.3354446414998733
bcsstk15,BEST_AVAILABLE_OF_5_LARGER_GRAPHS,INCIDENCE_DEGREE,277,2624,0.3351912845198885
bcsstk15,BEST_AVAILABLE_OF_5_LARGER_GRAPHS,INCIDENCE_DEGREE,276,2625,0.3349379275399037
bcsstk15,BEST_AVAILABLE_OF_5_LARGER_GRAPHS,INCIDENCE_DEGREE,142,2626,0.3346845705599189
bcsstk15,BEST_AVAILABLE_OF_5_LARGER_GRAPHS,INCIDENCE_DEGREE,139,2627,0.3344312135799341
bcsstk15,BEST_AVAILABLE_OF_5_LARGER_GRAPHS,INCIDENCE_DEGREE,281,2628,0.3341778565999493
bcsstk15,BEST_AVAILABLE_OF_5_LARGER_GRAPHS,INCIDENCE_DEGREE,140,2629,0.3339244996199645
bcsstk15,BEST_AVAILABLE_OF_5_LARGER_GRAPHS,INCIDENCE_DEGREE,143,2630,0.3336711426399797
bcsstk15,BEST_AVAILABLE_OF_5_LARGER_GRAPHS,INCIDENCE_DEGREE,141,2631,0.3334177856599949
bcsstk15,BEST_AVAILABLE_OF_5_LARGER_GRAPHS,INCIDENCE_DEGREE,138,2632,0.3331644286800101
bcsstk15,BEST_AVAILABLE_OF_5_LARGER_GRAPHS,INCIDENCE_DEGREE,137,2633,0.3329110717000253
bcsstk15,BEST_AVAILABLE_OF_5_LARGER_GRAPHS,INCIDENCE_DEGREE,136,2634,0.3326577147200405
bcsstk15,BEST_AVAILABLE_OF_5_LARGER_GRAPHS,INCIDENCE_DEGREE,3121,2635,0.3324043577400557
bcsstk15,BEST_AVAILABLE_OF_5_LARGER_GRAPHS,INCIDENCE_DEGREE,3122,2636,0.3321510007600709
bcsstk15,BEST_AVAILABLE_OF_5_LARGER_GRAPHS,INCIDENCE_DEGREE,2843,2637,0.3318976437800861
bcsstk15,BEST_AVAILABLE_OF_5_LARGER_GRAPHS,INCIDENCE_DEGREE,3125,2638,0.33164428680010133
bcsstk15,BEST_AVAILABLE_OF_5_LARGER_GRAPHS,INCIDENCE_DEGREE,3123,2639,0.33139092982011653
bcsstk15,BEST_AVAILABLE_OF_5_LARGER_GRAPHS,INCIDENCE_DEGREE,3120,2640,0.33113757284013173
bcsstk15,BEST_AVAILABLE_OF_5_LARGER_GRAPHS,INCIDENCE_DEGREE,3377,2641,0.33088421586014694
bcsstk15,BEST_AVAILABLE_OF_5_LARGER_GRAPHS,INCIDENCE_DEGREE,3376,2642,0.33063085888016214
bcsstk15,BEST_AVAILABLE_OF_5_LARGER_GRAPHS,INCIDENCE_DEGREE,3372,2643,0.33037750190017734
bcsstk15,BEST_AVAILABLE_OF_5_LARGER_GRAPHS,INCIDENCE_DEGREE,132,2644,0.33012414492019254
bcsstk15,BEST_AVAILABLE_OF_5_LARGER_GRAPHS,INCIDENCE_DEGREE,131,2645,0.32987078794020774
bcsstk15,BEST_AVAILABLE_OF_5_LARGER_GRAPHS,INCIDENCE_DEGREE,130,2646,0.32961743096022295
bcsstk15,BEST_AVAILABLE_OF_5_LARGER_GRAPHS,INCIDENCE_DEGREE,126,2647,0.32936407398023815
bcsstk15,BEST_AVAILABLE_OF_5_LARGER_GRAPHS,INCIDENCE_DEGREE,29,2648,0.32911071700025335
bcsstk15,BEST_AVAILABLE_OF_5_LARGER_GRAPHS,INCIDENCE_DEGREE,28,2649,0.32885736002026855
bcsstk15,BEST_AVAILABLE_OF_5_LARGER_GRAPHS,INCIDENCE_DEGREE,24,2650,0.32860400304028375
bcsstk15,BEST_AVAILABLE_OF_5_LARGER_GRAPHS,INCIDENCE_DEGREE,22,2651,0.32835064606029896
bcsstk15,BEST_AVAILABLE_OF_5_LARGER_GRAPHS,INCIDENCE_DEGREE,69,2652,0.32809728908031416
bcsstk15,BEST_AVAILABLE_OF_5_LARGER_GRAPHS,INCIDENCE_DEGREE,219,2653,0.32784393210032936
bcsstk15,BEST_AVAILABLE_OF_5_LARGER_GRAPHS,INCIDENCE_DEGREE,70,2654,0.32759057512034456
bcsstk15,BEST_AVAILABLE_OF_5_LARGER_GRAPHS,INCIDENCE_DEGREE,68,2655,0.32733721814035976
bcsstk15,BEST_AVAILABLE_OF_5_LARGER_GRAPHS,INCIDENCE_DEGREE,220,2656,0.32708386116037497
bcsstk15,BEST_AVAILABLE_OF_5_LARGER_GRAPHS,INCIDENCE_DEGREE,218,2657,0.32683050418039017
bcsstk15,BEST_AVAILABLE_OF_5_LARGER_GRAPHS,INCIDENCE_DEGREE,405,2658,0.32657714720040537
bcsstk15,BEST_AVAILABLE_OF_5_LARGER_GRAPHS,INCIDENCE_DEGREE,406,2659,0.3263237902204206
bcsstk15,BEST_AVAILABLE_OF_5_LARGER_GRAPHS,INCIDENCE_DEGREE,404,2660,0.3260704332404358
bcsstk15,BEST_AVAILABLE_OF_5_LARGER_GRAPHS,INCIDENCE_DEGREE,217,2661,0.325817076260451
bcsstk15,BEST_AVAILABLE_OF_5_LARGER_GRAPHS,INCIDENCE_DEGREE,216,2662,0.3255637192804662
bcsstk15,BEST_AVAILABLE_OF_5_LARGER_GRAPHS,INCIDENCE_DEGREE,66,2663,0.3253103623004814
bcsstk15,BEST_AVAILABLE_OF_5_LARGER_GRAPHS,INCIDENCE_DEGREE,67,2664,0.3250570053204966
bcsstk15,BEST_AVAILABLE_OF_5_LARGER_GRAPHS,INCIDENCE_DEGREE,23,2665,0.3248036483405118
bcsstk15,BEST_AVAILABLE_OF_5_LARGER_GRAPHS,INCIDENCE_DEGREE,19,2666,0.324550291360527
bcsstk15,BEST_AVAILABLE_OF_5_LARGER_GRAPHS,INCIDENCE_DEGREE,18,2667,0.3242969343805422
bcsstk15,BEST_AVAILABLE_OF_5_LARGER_GRAPHS,INCIDENCE_DEGREE,20,2668,0.3240435774005574
bcsstk15,BEST_AVAILABLE_OF_5_LARGER_GRAPHS,INCIDENCE_DEGREE,21,2669,0.3237902204205726
bcsstk15,BEST_AVAILABLE_OF_5_LARGER_GRAPHS,INCIDENCE_DEGREE,71,2670,0.3235368634405878
bcsstk15,BEST_AVAILABLE_OF_5_LARGER_GRAPHS,INCIDENCE_DEGREE,221,2671,0.323283506460603
bcsstk15,BEST_AVAILABLE_OF_5_LARGER_GRAPHS,INCIDENCE_DEGREE,403,2672,0.3230301494806182
bcsstk15,BEST_AVAILABLE_OF_5_LARGER_GRAPHS,INCIDENCE_DEGREE,402,2673,0.3227767925006334
bcsstk15,BEST_AVAILABLE_OF_5_LARGER_GRAPHS,INCIDENCE_DEGREE,640,2674,0.3225234355206486
bcsstk15,BEST_AVAILABLE_OF_5_LARGER_GRAPHS,INCIDENCE_DEGREE,639,2675,0.3222700785406638
bcsstk15,BEST_AVAILABLE_OF_5_LARGER_GRAPHS,INCIDENCE_DEGREE,638,2676,0.322016721560679
bcsstk15,BEST_AVAILABLE_OF_5_LARGER_GRAPHS,INCIDENCE_DEGREE,636,2677,0.3217633645806942
bcsstk15,BEST_AVAILABLE_OF_5_LARGER_GRAPHS,INCIDENCE_DEGREE,637,2678,0.3215100076007094
bcsstk15,BEST_AVAILABLE_OF_5_LARGER_GRAPHS,INCIDENCE_DEGREE,407,2679,0.3212566506207246
bcsstk15,BEST_AVAILABLE_OF_5_LARGER_GRAPHS,INCIDENCE_DEGREE,940,2680,0.3210032936407398
bcsstk15,BEST_AVAILABLE_OF_5_LARGER_GRAPHS,INCIDENCE_DEGREE,939,2681,0.320749936660755
bcsstk15,BEST_AVAILABLE_OF_5_LARGER_GRAPHS,INCIDENCE_DEGREE,938,2682,0.3204965796807702
bcsstk15,BEST_AVAILABLE_OF_5_LARGER_GRAPHS,INCIDENCE_DEGREE,641,2683,0.3202432227007854
bcsstk15,BEST_AVAILABLE_OF_5_LARGER_GRAPHS,INCIDENCE_DEGREE,937,2684,0.3199898657208006
bcsstk15,BEST_AVAILABLE_OF_5_LARGER_GRAPHS,INCIDENCE_DEGREE,936,2685,0.31973650874081583
bcsstk15,BEST_AVAILABLE_OF_5_LARGER_GRAPHS,INCIDENCE_DEGREE,1288,2686,0.31948315176083103
bcsstk15,BEST_AVAILABLE_OF_5_LARGER_GRAPHS,INCIDENCE_DEGREE,1287,2687,0.31922979478084623
bcsstk15,BEST_AVAILABLE_OF_5_LARGER_GRAPHS,INCIDENCE_DEGREE,1286,2688,0.31897643780086143
bcsstk15,BEST_AVAILABLE_OF_5_LARGER_GRAPHS,INCIDENCE_DEGREE,1284,2689,0.31872308082087664
bcsstk15,BEST_AVAILABLE_OF_5_LARGER_GRAPHS,INCIDENCE_DEGREE,1285,2690,0.31846972384089184
bcsstk15,BEST_AVAILABLE_OF_5_LARGER_GRAPHS,INCIDENCE_DEGREE,941,2691,0.31821636686090704
bcsstk15,BEST_AVAILABLE_OF_5_LARGER_GRAPHS,INCIDENCE_DEGREE,1642,2692,0.31796300988092224
bcsstk15,BEST_AVAILABLE_OF_5_LARGER_GRAPHS,INCIDENCE_DEGREE,1641,2693,0.31770965290093744
bcsstk15,BEST_AVAILABLE_OF_5_LARGER_GRAPHS,INCIDENCE_DEGREE,1640,2694,0.31745629592095265
bcsstk15,BEST_AVAILABLE_OF_5_LARGER_GRAPHS,INCIDENCE_DEGREE,1638,2695,0.31720293894096785
bcsstk15,BEST_AVAILABLE_OF_5_LARGER_GRAPHS,INCIDENCE_DEGREE,1639,2696,0.31694958196098305
bcsstk15,BEST_AVAILABLE_OF_5_LARGER_GRAPHS,INCIDENCE_DEGREE,1289,2697,0.31669622498099825
bcsstk15,BEST_AVAILABLE_OF_5_LARGER_GRAPHS,INCIDENCE_DEGREE,2002,2698,0.31644286800101346
bcsstk15,BEST_AVAILABLE_OF_5_LARGER_GRAPHS,INCIDENCE_DEGREE,2001,2699,0.3161895110210286
bcsstk15,BEST_AVAILABLE_OF_5_LARGER_GRAPHS,INCIDENCE_DEGREE,2000,2700,0.3159361540410438
bcsstk15,BEST_AVAILABLE_OF_5_LARGER_GRAPHS,INCIDENCE_DEGREE,1998,2701,0.315682797061059
bcsstk15,BEST_AVAILABLE_OF_5_LARGER_GRAPHS,INCIDENCE_DEGREE,1999,2702,0.3154294400810742
bcsstk15,BEST_AVAILABLE_OF_5_LARGER_GRAPHS,INCIDENCE_DEGREE,1643,2703,0.3151760831010894
bcsstk15,BEST_AVAILABLE_OF_5_LARGER_GRAPHS,INCIDENCE_DEGREE,2326,2704,0.3149227261211046
bcsstk15,BEST_AVAILABLE_OF_5_LARGER_GRAPHS,INCIDENCE_DEGREE,2325,2705,0.3146693691411198
bcsstk15,BEST_AVAILABLE_OF_5_LARGER_GRAPHS,INCIDENCE_DEGREE,2324,2706,0.314416012161135
bcsstk15,BEST_AVAILABLE_OF_5_LARGER_GRAPHS,INCIDENCE_DEGREE,2322,2707,0.3141626551811502
bcsstk15,BEST_AVAILABLE_OF_5_LARGER_GRAPHS,INCIDENCE_DEGREE,2323,2708,0.3139092982011654
bcsstk15,BEST_AVAILABLE_OF_5_LARGER_GRAPHS,INCIDENCE_DEGREE,2003,2709,0.3136559412211806
bcsstk15,BEST_AVAILABLE_OF_5_LARGER_GRAPHS,INCIDENCE_DEGREE,2644,2710,0.3134025842411958
bcsstk15,BEST_AVAILABLE_OF_5_LARGER_GRAPHS,INCIDENCE_DEGREE,2643,2711,0.313149227261211
bcsstk15,BEST_AVAILABLE_OF_5_LARGER_GRAPHS,INCIDENCE_DEGREE,2642,2712,0.31289587028122623
bcsstk15,BEST_AVAILABLE_OF_5_LARGER_GRAPHS,INCIDENCE_DEGREE,2640,2713,0.31264251330124143
bcsstk15,BEST_AVAILABLE_OF_5_LARGER_GRAPHS,INCIDENCE_DEGREE,2641,2714,0.31238915632125663
bcsstk15,BEST_AVAILABLE_OF_5_LARGER_GRAPHS,INCIDENCE_DEGREE,2327,2715,0.31213579934127184
bcsstk15,BEST_AVAILABLE_OF_5_LARGER_GRAPHS,INCIDENCE_DEGREE,2926,2716,0.31188244236128704
bcsstk15,BEST_AVAILABLE_OF_5_LARGER_GRAPHS,INCIDENCE_DEGREE,2925,2717,0.31162908538130224
bcsstk15,BEST_AVAILABLE_OF_5_LARGER_GRAPHS,INCIDENCE_DEGREE,2924,2718,0.31137572840131744
bcsstk15,BEST_AVAILABLE_OF_5_LARGER_GRAPHS,INCIDENCE_DEGREE,2922,2719,0.31112237142133264
bcsstk15,BEST_AVAILABLE_OF_5_LARGER_GRAPHS,INCIDENCE_DEGREE,2923,2720,0.31086901444134785
bcsstk15,BEST_AVAILABLE_OF_5_LARGER_GRAPHS,INCIDENCE_DEGREE,2645,2721,0.31061565746136305
bcsstk15,BEST_AVAILABLE_OF_5_LARGER_GRAPHS,INCIDENCE_DEGREE,3196,2722,0.31036230048137825
bcsstk15,BEST_AVAILABLE_OF_5_LARGER_GRAPHS,INCIDENCE_DEGREE,3195,2723,0.31010894350139345
bcsstk15,BEST_AVAILABLE_OF_5_LARGER_GRAPHS,INCIDENCE_DEGREE,3194,2724,0.30985558652140865
bcsstk15,BEST_AVAILABLE_OF_5_LARGER_GRAPHS,INCIDENCE_DEGREE,3192,2725,0.30960222954142386
bcsstk15,BEST_AVAILABLE_OF_5_LARGER_GRAPHS,INCIDENCE_DEGREE,3193,2726,0.30934887256143906
bcsstk15,BEST_AVAILABLE_OF_5_LARGER_GRAPHS,INCIDENCE_DEGREE,2927,2727,0.30909551558145426
bcsstk15,BEST_AVAILABLE_OF_5_LARGER_GRAPHS,INCIDENCE_DEGREE,3436,2728,0.30884215860146946
bcsstk15,BEST_AVAILABLE_OF_5_LARGER_GRAPHS,INCIDENCE_DEGREE,3435,2729,0.30858880162148467
bcsstk15,BEST_AVAILABLE_OF_5_LARGER_GRAPHS,INCIDENCE_DEGREE,3434,2730,0.30833544464149987
bcsstk15,BEST_AVAILABLE_OF_5_LARGER_GRAPHS,INCIDENCE_DEGREE,3432,2731,0.30808208766151507
bcsstk15,BEST_AVAILABLE_OF_5_LARGER_GRAPHS,INCIDENCE_DEGREE,3433,2732,0.30782873068153027
bcsstk15,BEST_AVAILABLE_OF_5_LARGER_GRAPHS,INCIDENCE_DEGREE,3197,2733,0.3075753737015455
bcsstk15,BEST_AVAILABLE_OF_5_LARGER_GRAPHS,INCIDENCE_DEGREE,3628,2734,0.3073220167215607
bcsstk15,BEST_AVAILABLE_OF_5_LARGER_GRAPHS,INCIDENCE_DEGREE,3627,2735,0.3070686597415759
bcsstk15,BEST_AVAILABLE_OF_5_LARGER_GRAPHS,INCIDENCE_DEGREE,3626,2736,0.3068153027615911
bcsstk15,BEST_AVAILABLE_OF_5_LARGER_GRAPHS,INCIDENCE_DEGREE,3624,2737,0.3065619457816063
bcsstk15,BEST_AVAILABLE_OF_5_LARGER_GRAPHS,INCIDENCE_DEGREE,3625,2738,0.3063085888016215
bcsstk15,BEST_AVAILABLE_OF_5_LARGER_GRAPHS,INCIDENCE_DEGREE,3437,2739,0.3060552318216367
bcsstk15,BEST_AVAILABLE_OF_5_LARGER_GRAPHS,INCIDENCE_DEGREE,3778,2740,0.3058018748416519
bcsstk15,BEST_AVAILABLE_OF_5_LARGER_GRAPHS,INCIDENCE_DEGREE,3777,2741,0.3055485178616671
bcsstk15,BEST_AVAILABLE_OF_5_LARGER_GRAPHS,INCIDENCE_DEGREE,3776,2742,0.3052951608816823
bcsstk15,BEST_AVAILABLE_OF_5_LARGER_GRAPHS,INCIDENCE_DEGREE,3774,2743,0.3050418039016975
bcsstk15,BEST_AVAILABLE_OF_5_LARGER_GRAPHS,INCIDENCE_DEGREE,3775,2744,0.3047884469217127
bcsstk15,BEST_AVAILABLE_OF_5_LARGER_GRAPHS,INCIDENCE_DEGREE,3629,2745,0.3045350899417279
bcsstk15,BEST_AVAILABLE_OF_5_LARGER_GRAPHS,INCIDENCE_DEGREE,3820,2746,0.3042817329617431
bcsstk15,BEST_AVAILABLE_OF_5_LARGER_GRAPHS,INCIDENCE_DEGREE,3819,2747,0.3040283759817583
bcsstk15,BEST_AVAILABLE_OF_5_LARGER_GRAPHS,INCIDENCE_DEGREE,3818,2748,0.3037750190017735
bcsstk15,BEST_AVAILABLE_OF_5_LARGER_GRAPHS,INCIDENCE_DEGREE,3816,2749,0.3035216620217887
bcsstk15,BEST_AVAILABLE_OF_5_LARGER_GRAPHS,INCIDENCE_DEGREE,3817,2750,0.3032683050418039
bcsstk15,BEST_AVAILABLE_OF_5_LARGER_GRAPHS,INCIDENCE_DEGREE,3779,2751,0.3030149480618191
bcsstk15,BEST_AVAILABLE_OF_5_LARGER_GRAPHS,INCIDENCE_DEGREE,3850,2752,0.3027615910818343
bcsstk15,BEST_AVAILABLE_OF_5_LARGER_GRAPHS,INCIDENCE_DEGREE,3849,2753,0.3025082341018495
bcsstk15,BEST_AVAILABLE_OF_5_LARGER_GRAPHS,INCIDENCE_DEGREE,3848,2754,0.3022548771218647
bcsstk15,BEST_AVAILABLE_OF_5_LARGER_GRAPHS,INCIDENCE_DEGREE,3821,2755,0.3020015201418799
bcsstk15,BEST_AVAILABLE_OF_5_LARGER_GRAPHS,INCIDENCE_DEGREE,3847,2756,0.3017481631618951
bcsstk15,BEST_AVAILABLE_OF_5_LARGER_GRAPHS,INCIDENCE_DEGREE,3846,2757,0.3014948061819103
bcsstk15,BEST_AVAILABLE_OF_5_LARGER_GRAPHS,INCIDENCE_DEGREE,3856,2758,0.3012414492019255
bcsstk15,BEST_AVAILABLE_OF_5_LARGER_GRAPHS,INCIDENCE_DEGREE,3855,2759,0.30098809222194073
bcsstk15,BEST_AVAILABLE_OF_5_LARGER_GRAPHS,INCIDENCE_DEGREE,3854,2760,0.30073473524195593
bcsstk15,BEST_AVAILABLE_OF_5_LARGER_GRAPHS,INCIDENCE_DEGREE,3852,2761,0.30048137826197113
bcsstk15,BEST_AVAILABLE_OF_5_LARGER_GRAPHS,INCIDENCE_DEGREE,3853,2762,0.30022802128198633
bcsstk15,BEST_AVAILABLE_OF_5_LARGER_GRAPHS,INCIDENCE_DEGREE,3851,2763,0.29997466430200154
bcsstk15,BEST_AVAILABLE_OF_5_LARGER_GRAPHS,INCIDENCE_DEGREE,3843,2764,0.29972130732201674
bcsstk15,BEST_AVAILABLE_OF_5_LARGER_GRAPHS,INCIDENCE_DEGREE,3844,2765,0.29946795034203194
bcsstk15,BEST_AVAILABLE_OF_5_LARGER_GRAPHS,INCIDENCE_DEGREE,3842,2766,0.29921459336204714
bcsstk15,BEST_AVAILABLE_OF_5_LARGER_GRAPHS,INCIDENCE_DEGREE,3857,2767,0.29896123638206235
bcsstk15,BEST_AVAILABLE_OF_5_LARGER_GRAPHS,INCIDENCE_DEGREE,3841,2768,0.29870787940207755
bcsstk15,BEST_AVAILABLE_OF_5_LARGER_GRAPHS,INCIDENCE_DEGREE,3840,2769,0.29845452242209275
bcsstk15,BEST_AVAILABLE_OF_5_LARGER_GRAPHS,INCIDENCE_DEGREE,3814,2770,0.29820116544210795
bcsstk15,BEST_AVAILABLE_OF_5_LARGER_GRAPHS,INCIDENCE_DEGREE,3811,2771,0.29794780846212315
bcsstk15,BEST_AVAILABLE_OF_5_LARGER_GRAPHS,INCIDENCE_DEGREE,3845,2772,0.29769445148213836
bcsstk15,BEST_AVAILABLE_OF_5_LARGER_GRAPHS,INCIDENCE_DEGREE,3812,2773,0.29744109450215356
bcsstk15,BEST_AVAILABLE_OF_5_LARGER_GRAPHS,INCIDENCE_DEGREE,3815,2774,0.29718773752216876
bcsstk15,BEST_AVAILABLE_OF_5_LARGER_GRAPHS,INCIDENCE_DEGREE,3813,2775,0.29693438054218396
bcsstk15,BEST_AVAILABLE_OF_5_LARGER_GRAPHS,INCIDENCE_DEGREE,3810,2776,0.29668102356219916
bcsstk15,BEST_AVAILABLE_OF_5_LARGER_GRAPHS,INCIDENCE_DEGREE,3749,2777,0.29642766658221437
bcsstk15,BEST_AVAILABLE_OF_5_LARGER_GRAPHS,INCIDENCE_DEGREE,3748,2778,0.29617430960222957
bcsstk15,BEST_AVAILABLE_OF_5_LARGER_GRAPHS,INCIDENCE_DEGREE,3581,2779,0.29592095262224477
bcsstk15,BEST_AVAILABLE_OF_5_LARGER_GRAPHS,INCIDENCE_DEGREE,3580,2780,0.2956675956422599
bcsstk15,BEST_AVAILABLE_OF_5_LARGER_GRAPHS,INCIDENCE_DEGREE,3744,2781,0.2954142386622751
bcsstk15,BEST_AVAILABLE_OF_5_LARGER_GRAPHS,INCIDENCE_DEGREE,3576,2782,0.2951608816822903
bcsstk15,BEST_AVAILABLE_OF_5_LARGER_GRAPHS,INCIDENCE_DEGREE,3745,2783,0.2949075247023055
bcsstk15,BEST_AVAILABLE_OF_5_LARGER_GRAPHS,INCIDENCE_DEGREE,3746,2784,0.2946541677223207
bcsstk15,BEST_AVAILABLE_OF_5_LARGER_GRAPHS,INCIDENCE_DEGREE,3759,2785,0.2944008107423359
bcsstk15,BEST_AVAILABLE_OF_5_LARGER_GRAPHS,INCIDENCE_DEGREE,3373,2786,0.29414745376235113
bcsstk15,BEST_AVAILABLE_OF_5_LARGER_GRAPHS,INCIDENCE_DEGREE,3578,2787,0.29389409678236633
bcsstk15,BEST_AVAILABLE_OF_5_LARGER_GRAPHS,INCIDENCE_DEGREE,3577,2788,0.29364073980238153
bcsstk15,BEST_AVAILABLE_OF_5_LARGER_GRAPHS,INCIDENCE_DEGREE,3374,2789,0.29338738282239674
bcsstk15,BEST_AVAILABLE_OF_5_LARGER_GRAPHS,INCIDENCE_DEGREE,3387,2790,0.29313402584241194
bcsstk15,BEST_AVAILABLE_OF_5_LARGER_GRAPHS,INCIDENCE_DEGREE,3591,2791,0.29288066886242714
bcsstk15,BEST_AVAILABLE_OF_5_LARGER_GRAPHS,INCIDENCE_DEGREE,25,2792,0.29262731188244234
bcsstk15,BEST_AVAILABLE_OF_5_LARGER_GRAPHS,INCIDENCE_DEGREE,26,2793,0.29237395490245754
bcsstk15,BEST_AVAILABLE_OF_5_LARGER_GRAPHS,INCIDENCE_DEGREE,33,2794,0.29212059792247275
bcsstk15,BEST_AVAILABLE_OF_5_LARGER_GRAPHS,INCIDENCE_DEGREE,133,2795,0.29186724094248795
bcsstk15,BEST_AVAILABLE_OF_5_LARGER_GRAPHS,INCIDENCE_DEGREE,134,2796,0.29161388396250315
bcsstk15,BEST_AVAILABLE_OF_5_LARGER_GRAPHS,INCIDENCE_DEGREE,128,2797,0.29136052698251835
bcsstk15,BEST_AVAILABLE_OF_5_LARGER_GRAPHS,INCIDENCE_DEGREE,127,2798,0.29110717000253356
bcsstk15,BEST_AVAILABLE_OF_5_LARGER_GRAPHS,INCIDENCE_DEGREE,147,2799,0.29085381302254876
bcsstk15,BEST_AVAILABLE_OF_5_LARGER_GRAPHS,INCIDENCE_DEGREE,291,2800,0.29060045604256396
bcsstk15,BEST_AVAILABLE_OF_5_LARGER_GRAPHS,INCIDENCE_DEGREE,1930,2801,0.29034709906257916
bcsstk15,BEST_AVAILABLE_OF_5_LARGER_GRAPHS,INCIDENCE_DEGREE,2254,2802,0.29009374208259436
bcsstk15,BEST_AVAILABLE_OF_5_LARGER_GRAPHS,INCIDENCE_DEGREE,2560,2803,0.28984038510260957
bcsstk15,BEST_AVAILABLE_OF_5_LARGER_GRAPHS,INCIDENCE_DEGREE,2674,2804,0.28958702812262477
bcsstk15,BEST_AVAILABLE_OF_5_LARGER_GRAPHS,INCIDENCE_DEGREE,2728,2805,0.28933367114263997
bcsstk15,BEST_AVAILABLE_OF_5_LARGER_GRAPHS,INCIDENCE_DEGREE,2734,2806,0.28908031416265517
bcsstk15,BEST_AVAILABLE_OF_5_LARGER_GRAPHS,INCIDENCE_DEGREE,2313,2807,0.2888269571826704
bcsstk15,BEST_AVAILABLE_OF_5_LARGER_GRAPHS,INCIDENCE_DEGREE,2631,2808,0.2885736002026856
bcsstk15,BEST_AVAILABLE_OF_5_LARGER_GRAPHS,INCIDENCE_DEGREE,2913,2809,0.2883202432227008
bcsstk15,BEST_AVAILABLE_OF_5_LARGER_GRAPHS,INCIDENCE_DEGREE,2632,2810,0.288066886242716
bcsstk15,BEST_AVAILABLE_OF_5_LARGER_GRAPHS,INCIDENCE_DEGREE,2630,2811,0.2878135292627312
bcsstk15,BEST_AVAILABLE_OF_5_LARGER_GRAPHS,INCIDENCE_DEGREE,2914,2812,0.2875601722827464
bcsstk15,BEST_AVAILABLE_OF_5_LARGER_GRAPHS,INCIDENCE_DEGREE,2912,2813,0.2873068153027616
bcsstk15,BEST_AVAILABLE_OF_5_LARGER_GRAPHS,INCIDENCE_DEGREE,3183,2814,0.2870534583227768
bcsstk15,BEST_AVAILABLE_OF_5_LARGER_GRAPHS,INCIDENCE_DEGREE,3184,2815,0.286800101342792
bcsstk15,BEST_AVAILABLE_OF_5_LARGER_GRAPHS,INCIDENCE_DEGREE,3182,2816,0.2865467443628072
bcsstk15,BEST_AVAILABLE_OF_5_LARGER_GRAPHS,INCIDENCE_DEGREE,2910,2817,0.2862933873828224
bcsstk15,BEST_AVAILABLE_OF_5_LARGER_GRAPHS,INCIDENCE_DEGREE,3180,2818,0.2860400304028376
bcsstk15,BEST_AVAILABLE_OF_5_LARGER_GRAPHS,INCIDENCE_DEGREE,2628,2819,0.2857866734228528
bcsstk15,BEST_AVAILABLE_OF_5_LARGER_GRAPHS,INCIDENCE_DEGREE,2314,2820,0.285533316442868
bcsstk15,BEST_AVAILABLE_OF_5_LARGER_GRAPHS,INCIDENCE_DEGREE,2312,2821,0.2852799594628832
bcsstk15,BEST_AVAILABLE_OF_5_LARGER_GRAPHS,INCIDENCE_DEGREE,2310,2822,0.2850266024828984
bcsstk15,BEST_AVAILABLE_OF_5_LARGER_GRAPHS,INCIDENCE_DEGREE,2633,2823,0.2847732455029136
bcsstk15,BEST_AVAILABLE_OF_5_LARGER_GRAPHS,INCIDENCE_DEGREE,2915,2824,0.2845198885229288
bcsstk15,BEST_AVAILABLE_OF_5_LARGER_GRAPHS,INCIDENCE_DEGREE,2911,2825,0.284266531542944
bcsstk15,BEST_AVAILABLE_OF_5_LARGER_GRAPHS,INCIDENCE_DEGREE,2629,2826,0.2840131745629592
bcsstk15,BEST_AVAILABLE_OF_5_LARGER_GRAPHS,INCIDENCE_DEGREE,1988,2827,0.2837598175829744
bcsstk15,BEST_AVAILABLE_OF_5_LARGER_GRAPHS,INCIDENCE_DEGREE,1990,2828,0.2835064606029896
bcsstk15,BEST_AVAILABLE_OF_5_LARGER_GRAPHS,INCIDENCE_DEGREE,1989,2829,0.2832531036230048
bcsstk15,BEST_AVAILABLE_OF_5_LARGER_GRAPHS,INCIDENCE_DEGREE,2315,2830,0.28299974664302
bcsstk15,BEST_AVAILABLE_OF_5_LARGER_GRAPHS,INCIDENCE_DEGREE,1986,2831,0.2827463896630352
bcsstk15,BEST_AVAILABLE_OF_5_LARGER_GRAPHS,INCIDENCE_DEGREE,2311,2832,0.2824930326830504
bcsstk15,BEST_AVAILABLE_OF_5_LARGER_GRAPHS,INCIDENCE_DEGREE,1628,2833,0.28223967570306563
bcsstk15,BEST_AVAILABLE_OF_5_LARGER_GRAPHS,INCIDENCE_DEGREE,1630,2834,0.28198631872308083
bcsstk15,BEST_AVAILABLE_OF_5_LARGER_GRAPHS,INCIDENCE_DEGREE,1629,2835,0.28173296174309603
bcsstk15,BEST_AVAILABLE_OF_5_LARGER_GRAPHS,INCIDENCE_DEGREE,1991,2836,0.28147960476311124
bcsstk15,BEST_AVAILABLE_OF_5_LARGER_GRAPHS,INCIDENCE_DEGREE,1626,2837,0.28122624778312644
bcsstk15,BEST_AVAILABLE_OF_5_LARGER_GRAPHS,INCIDENCE_DEGREE,1987,2838,0.28097289080314164
bcsstk15,BEST_AVAILABLE_OF_5_LARGER_GRAPHS,INCIDENCE_DEGREE,1274,2839,0.28071953382315684
bcsstk15,BEST_AVAILABLE_OF_5_LARGER_GRAPHS,INCIDENCE_DEGREE,1276,2840,0.28046617684317204
bcsstk15,BEST_AVAILABLE_OF_5_LARGER_GRAPHS,INCIDENCE_DEGREE,1275,2841,0.28021281986318725
bcsstk15,BEST_AVAILABLE_OF_5_LARGER_GRAPHS,INCIDENCE_DEGREE,1631,2842,0.27995946288320245
bcsstk15,BEST_AVAILABLE_OF_5_LARGER_GRAPHS,INCIDENCE_DEGREE,1272,2843,0.27970610590321765
bcsstk15,BEST_AVAILABLE_OF_5_LARGER_GRAPHS,INCIDENCE_DEGREE,1627,2844,0.27945274892323285
bcsstk15,BEST_AVAILABLE_OF_5_LARGER_GRAPHS,INCIDENCE_DEGREE,3423,2845,0.27919939194324805
bcsstk15,BEST_AVAILABLE_OF_5_LARGER_GRAPHS,INCIDENCE_DEGREE,3424,2846,0.27894603496326326
bcsstk15,BEST_AVAILABLE_OF_5_LARGER_GRAPHS,INCIDENCE_DEGREE,3422,2847,0.27869267798327846
bcsstk15,BEST_AVAILABLE_OF_5_LARGER_GRAPHS,INCIDENCE_DEGREE,3420,2848,0.27843932100329366
bcsstk15,BEST_AVAILABLE_OF_5_LARGER_GRAPHS,INCIDENCE_DEGREE,3185,2849,0.27818596402330886
bcsstk15,BEST_AVAILABLE_OF_5_LARGER_GRAPHS,INCIDENCE_DEGREE,3181,2850,0.27793260704332406
bcsstk15,BEST_AVAILABLE_OF_5_LARGER_GRAPHS,INCIDENCE_DEGREE,3608,2851,0.27767925006333927
bcsstk15,BEST_AVAILABLE_OF_5_LARGER_GRAPHS,INCIDENCE_DEGREE,3610,2852,0.27742589308335447
bcsstk15,BEST_AVAILABLE_OF_5_LARGER_GRAPHS,INCIDENCE_DEGREE,3609,2853,0.27717253610336967
bcsstk15,BEST_AVAILABLE_OF_5_LARGER_GRAPHS,INCIDENCE_DEGREE,3606,2854,0.2769191791233849
bcsstk15,BEST_AVAILABLE_OF_5_LARGER_GRAPHS,INCIDENCE_DEGREE,3425,2855,0.2766658221434001
bcsstk15,BEST_AVAILABLE_OF_5_LARGER_GRAPHS,INCIDENCE_DEGREE,3421,2856,0.2764124651634153
bcsstk15,BEST_AVAILABLE_OF_5_LARGER_GRAPHS,INCIDENCE_DEGREE,3611,2857,0.2761591081834305
bcsstk15,BEST_AVAILABLE_OF_5_LARGER_GRAPHS,INCIDENCE_DEGREE,3607,2858,0.2759057512034457
bcsstk15,BEST_AVAILABLE_OF_5_LARGER_GRAPHS,INCIDENCE_DEGREE,3615,2859,0.2756523942234609
bcsstk15,BEST_AVAILABLE_OF_5_LARGER_GRAPHS,INCIDENCE_DEGREE,3616,2860,0.27539903724347603
bcsstk15,BEST_AVAILABLE_OF_5_LARGER_GRAPHS,INCIDENCE_DEGREE,3612,2861,0.27514568026349123
bcsstk15,BEST_AVAILABLE_OF_5_LARGER_GRAPHS,INCIDENCE_DEGREE,3614,2862,0.27489232328350643
bcsstk15,BEST_AVAILABLE_OF_5_LARGER_GRAPHS,INCIDENCE_DEGREE,3617,2863,0.27463896630352164
bcsstk15,BEST_AVAILABLE_OF_5_LARGER_GRAPHS,INCIDENCE_DEGREE,1277,2864,0.27438560932353684
bcsstk15,BEST_AVAILABLE_OF_5_LARGER_GRAPHS,INCIDENCE_DEGREE,1273,2865,0.27413225234355204
bcsstk15,BEST_AVAILABLE_OF_5_LARGER_GRAPHS,INCIDENCE_DEGREE,927,2866,0.27387889536356724
bcsstk15,BEST_AVAILABLE_OF_5_LARGER_GRAPHS,INCIDENCE_DEGREE,928,2867,0.27362553838358245
bcsstk15,BEST_AVAILABLE_OF_5_LARGER_GRAPHS,INCIDENCE_DEGREE,924,2868,0.27337218140359765
bcsstk15,BEST_AVAILABLE_OF_5_LARGER_GRAPHS,INCIDENCE_DEGREE,926,2869,0.27311882442361285
bcsstk15,BEST_AVAILABLE_OF_5_LARGER_GRAPHS,INCIDENCE_DEGREE,929,2870,0.27286546744362805
bcsstk15,BEST_AVAILABLE_OF_5_LARGER_GRAPHS,INCIDENCE_DEGREE,925,2871,0.27261211046364325
bcsstk15,BEST_AVAILABLE_OF_5_LARGER_GRAPHS,INCIDENCE_DEGREE,471,2872,0.27235875348365846
bcsstk15,BEST_AVAILABLE_OF_5_LARGER_GRAPHS,INCIDENCE_DEGREE,285,2873,0.27210539650367366
bcsstk15,BEST_AVAILABLE_OF_5_LARGER_GRAPHS,INCIDENCE_DEGREE,472,2874,0.27185203952368886
bcsstk15,BEST_AVAILABLE_OF_5_LARGER_GRAPHS,INCIDENCE_DEGREE,470,2875,0.27159868254370406
bcsstk15,BEST_AVAILABLE_OF_5_LARGER_GRAPHS,INCIDENCE_DEGREE,286,2876,0.27134532556371926
bcsstk15,BEST_AVAILABLE_OF_5_LARGER_GRAPHS,INCIDENCE_DEGREE,284,2877,0.27109196858373447
bcsstk15,BEST_AVAILABLE_OF_5_LARGER_GRAPHS,INCIDENCE_DEGREE,468,2878,0.27083861160374967
bcsstk15,BEST_AVAILABLE_OF_5_LARGER_GRAPHS,INCIDENCE_DEGREE,282,2879,0.27058525462376487
bcsstk15,BEST_AVAILABLE_OF_5_LARGER_GRAPHS,INCIDENCE_DEGREE,124,2880,0.2703318976437801
bcsstk15,BEST_AVAILABLE_OF_5_LARGER_GRAPHS,INCIDENCE_DEGREE,122,2881,0.2700785406637953
bcsstk15,BEST_AVAILABLE_OF_5_LARGER_GRAPHS,INCIDENCE_DEGREE,120,2882,0.2698251836838105
bcsstk15,BEST_AVAILABLE_OF_5_LARGER_GRAPHS,INCIDENCE_DEGREE,287,2883,0.2695718267038257
bcsstk15,BEST_AVAILABLE_OF_5_LARGER_GRAPHS,INCIDENCE_DEGREE,125,2884,0.2693184697238409
bcsstk15,BEST_AVAILABLE_OF_5_LARGER_GRAPHS,INCIDENCE_DEGREE,123,2885,0.2690651127438561
bcsstk15,BEST_AVAILABLE_OF_5_LARGER_GRAPHS,INCIDENCE_DEGREE,121,2886,0.2688117557638713
bcsstk15,BEST_AVAILABLE_OF_5_LARGER_GRAPHS,INCIDENCE_DEGREE,119,2887,0.2685583987838865
bcsstk15,BEST_AVAILABLE_OF_5_LARGER_GRAPHS,INCIDENCE_DEGREE,283,2888,0.2683050418039017
bcsstk15,BEST_AVAILABLE_OF_5_LARGER_GRAPHS,INCIDENCE_DEGREE,114,2889,0.2680516848239169
bcsstk15,BEST_AVAILABLE_OF_5_LARGER_GRAPHS,INCIDENCE_DEGREE,118,2890,0.2677983278439321
bcsstk15,BEST_AVAILABLE_OF_5_LARGER_GRAPHS,INCIDENCE_DEGREE,116,2891,0.2675449708639473
bcsstk15,BEST_AVAILABLE_OF_5_LARGER_GRAPHS,INCIDENCE_DEGREE,115,2892,0.2672916138839625
bcsstk15,BEST_AVAILABLE_OF_5_LARGER_GRAPHS,INCIDENCE_DEGREE,117,2893,0.2670382569039777
bcsstk15,BEST_AVAILABLE_OF_5_LARGER_GRAPHS,INCIDENCE_DEGREE,113,2894,0.2667848999239929
bcsstk15,BEST_AVAILABLE_OF_5_LARGER_GRAPHS,INCIDENCE_DEGREE,112,2895,0.2665315429440081
bcsstk15,BEST_AVAILABLE_OF_5_LARGER_GRAPHS,INCIDENCE_DEGREE,108,2896,0.2662781859640233
bcsstk15,BEST_AVAILABLE_OF_5_LARGER_GRAPHS,INCIDENCE_DEGREE,110,2897,0.2660248289840385
bcsstk15,BEST_AVAILABLE_OF_5_LARGER_GRAPHS,INCIDENCE_DEGREE,106,2898,0.2657714720040537
bcsstk15,BEST_AVAILABLE_OF_5_LARGER_GRAPHS,INCIDENCE_DEGREE,102,2899,0.2655181150240689
bcsstk15,BEST_AVAILABLE_OF_5_LARGER_GRAPHS,INCIDENCE_DEGREE,107,2900,0.2652647580440841
bcsstk15,BEST_AVAILABLE_OF_5_LARGER_GRAPHS,INCIDENCE_DEGREE,109,2901,0.2650114010640993
bcsstk15,BEST_AVAILABLE_OF_5_LARGER_GRAPHS,INCIDENCE_DEGREE,275,2902,0.2647580440841145
bcsstk15,BEST_AVAILABLE_OF_5_LARGER_GRAPHS,INCIDENCE_DEGREE,273,2903,0.2645046871041297
bcsstk15,BEST_AVAILABLE_OF_5_LARGER_GRAPHS,INCIDENCE_DEGREE,473,2904,0.2642513301241449
bcsstk15,BEST_AVAILABLE_OF_5_LARGER_GRAPHS,INCIDENCE_DEGREE,469,2905,0.2639979731441601
bcsstk15,BEST_AVAILABLE_OF_5_LARGER_GRAPHS,INCIDENCE_DEGREE,271,2906,0.2637446161641753
bcsstk15,BEST_AVAILABLE_OF_5_LARGER_GRAPHS,INCIDENCE_DEGREE,111,2907,0.26349125918419053
bcsstk15,BEST_AVAILABLE_OF_5_LARGER_GRAPHS,INCIDENCE_DEGREE,104,2908,0.26323790220420573
bcsstk15,BEST_AVAILABLE_OF_5_LARGER_GRAPHS,INCIDENCE_DEGREE,94,2909,0.26298454522422093
bcsstk15,BEST_AVAILABLE_OF_5_LARGER_GRAPHS,INCIDENCE_DEGREE,99,2910,0.26273118824423614
bcsstk15,BEST_AVAILABLE_OF_5_LARGER_GRAPHS,INCIDENCE_DEGREE,98,2911,0.26247783126425134
bcsstk15,BEST_AVAILABLE_OF_5_LARGER_GRAPHS,INCIDENCE_DEGREE,96,2912,0.26222447428426654
bcsstk15,BEST_AVAILABLE_OF_5_LARGER_GRAPHS,INCIDENCE_DEGREE,92,2913,0.26197111730428174
bcsstk15,BEST_AVAILABLE_OF_5_LARGER_GRAPHS,INCIDENCE_DEGREE,90,2914,0.26171776032429694
bcsstk15,BEST_AVAILABLE_OF_5_LARGER_GRAPHS,INCIDENCE_DEGREE,100,2915,0.26146440334431215
bcsstk15,BEST_AVAILABLE_OF_5_LARGER_GRAPHS,INCIDENCE_DEGREE,95,2916,0.26121104636432735
bcsstk15,BEST_AVAILABLE_OF_5_LARGER_GRAPHS,INCIDENCE_DEGREE,93,2917,0.26095768938434255
bcsstk15,BEST_AVAILABLE_OF_5_LARGER_GRAPHS,INCIDENCE_DEGREE,103,2918,0.26070433240435775
bcsstk15,BEST_AVAILABLE_OF_5_LARGER_GRAPHS,INCIDENCE_DEGREE,91,2919,0.26045097542437295
bcsstk15,BEST_AVAILABLE_OF_5_LARGER_GRAPHS,INCIDENCE_DEGREE,105,2920,0.26019761844438816
bcsstk15,BEST_AVAILABLE_OF_5_LARGER_GRAPHS,INCIDENCE_DEGREE,101,2921,0.25994426146440336
bcsstk15,BEST_AVAILABLE_OF_5_LARGER_GRAPHS,INCIDENCE_DEGREE,97,2922,0.25969090448441856
bcsstk15,BEST_AVAILABLE_OF_5_LARGER_GRAPHS,INCIDENCE_DEGREE,201,2923,0.25943754750443376
bcsstk15,BEST_AVAILABLE_OF_5_LARGER_GRAPHS,INCIDENCE_DEGREE,202,2924,0.25918419052444897
bcsstk15,BEST_AVAILABLE_OF_5_LARGER_GRAPHS,INCIDENCE_DEGREE,200,2925,0.25893083354446417
bcsstk15,BEST_AVAILABLE_OF_5_LARGER_GRAPHS,INCIDENCE_DEGREE,198,2926,0.25867747656447937
bcsstk15,BEST_AVAILABLE_OF_5_LARGER_GRAPHS,INCIDENCE_DEGREE,245,2927,0.25842411958449457
bcsstk15,BEST_AVAILABLE_OF_5_LARGER_GRAPHS,INCIDENCE_DEGREE,243,2928,0.2581707626045098
bcsstk15,BEST_AVAILABLE_OF_5_LARGER_GRAPHS,INCIDENCE_DEGREE,267,2929,0.257917405624525
bcsstk15,BEST_AVAILABLE_OF_5_LARGER_GRAPHS,INCIDENCE_DEGREE,269,2930,0.2576640486445402
bcsstk15,BEST_AVAILABLE_OF_5_LARGER_GRAPHS,INCIDENCE_DEGREE,241,2931,0.2574106916645554
bcsstk15,BEST_AVAILABLE_OF_5_LARGER_GRAPHS,INCIDENCE_DEGREE,265,2932,0.2571573346845706
bcsstk15,BEST_AVAILABLE_OF_5_LARGER_GRAPHS,INCIDENCE_DEGREE,203,2933,0.2569039777045858
bcsstk15,BEST_AVAILABLE_OF_5_LARGER_GRAPHS,INCIDENCE_DEGREE,199,2934,0.256650620724601
bcsstk15,BEST_AVAILABLE_OF_5_LARGER_GRAPHS,INCIDENCE_DEGREE,272,2935,0.2563972637446162
bcsstk15,BEST_AVAILABLE_OF_5_LARGER_GRAPHS,INCIDENCE_DEGREE,270,2936,0.2561439067646314
bcsstk15,BEST_AVAILABLE_OF_5_LARGER_GRAPHS,INCIDENCE_DEGREE,461,2937,0.2558905497846466
bcsstk15,BEST_AVAILABLE_OF_5_LARGER_GRAPHS,INCIDENCE_DEGREE,717,2938,0.2556371928046618
bcsstk15,BEST_AVAILABLE_OF_5_LARGER_GRAPHS,INCIDENCE_DEGREE,459,2939,0.255383835824677
bcsstk15,BEST_AVAILABLE_OF_5_LARGER_GRAPHS,INCIDENCE_DEGREE,457,2940,0.2551304788446922
bcsstk15,BEST_AVAILABLE_OF_5_LARGER_GRAPHS,INCIDENCE_DEGREE,240,2941,0.25487712186470735
bcsstk15,BEST_AVAILABLE_OF_5_LARGER_GRAPHS,INCIDENCE_DEGREE,242,2942,0.25462376488472255
bcsstk15,BEST_AVAILABLE_OF_5_LARGER_GRAPHS,INCIDENCE_DEGREE,266,2943,0.25437040790473775
bcsstk15,BEST_AVAILABLE_OF_5_LARGER_GRAPHS,INCIDENCE_DEGREE,264,2944,0.25411705092475295
bcsstk15,BEST_AVAILABLE_OF_5_LARGER_GRAPHS,INCIDENCE_DEGREE,251,2945,0.25386369394476815
bcsstk15,BEST_AVAILABLE_OF_5_LARGER_GRAPHS,INCIDENCE_DEGREE,249,2946,0.25361033696478336
bcsstk15,BEST_AVAILABLE_OF_5_LARGER_GRAPHS,INCIDENCE_DEGREE,207,2947,0.25335697998479856
bcsstk15,BEST_AVAILABLE_OF_5_LARGER_GRAPHS,INCIDENCE_DEGREE,247,2948,0.25310362300481376
bcsstk15,BEST_AVAILABLE_OF_5_LARGER_GRAPHS,INCIDENCE_DEGREE,431,2949,0.25285026602482896
bcsstk15,BEST_AVAILABLE_OF_5_LARGER_GRAPHS,INCIDENCE_DEGREE,429,2950,0.25259690904484416
bcsstk15,BEST_AVAILABLE_OF_5_LARGER_GRAPHS,INCIDENCE_DEGREE,427,2951,0.25234355206485937
bcsstk15,BEST_AVAILABLE_OF_5_LARGER_GRAPHS,INCIDENCE_DEGREE,456,2952,0.25209019508487457
bcsstk15,BEST_AVAILABLE_OF_5_LARGER_GRAPHS,INCIDENCE_DEGREE,714,2953,0.25183683810488977
bcsstk15,BEST_AVAILABLE_OF_5_LARGER_GRAPHS,INCIDENCE_DEGREE,719,2954,0.251583481124905
bcsstk15,BEST_AVAILABLE_OF_5_LARGER_GRAPHS,INCIDENCE_DEGREE,718,2955,0.2513301241449202
bcsstk15,BEST_AVAILABLE_OF_5_LARGER_GRAPHS,INCIDENCE_DEGREE,716,2956,0.2510767671649354
bcsstk15,BEST_AVAILABLE_OF_5_LARGER_GRAPHS,INCIDENCE_DEGREE,458,2957,0.2508234101849506
bcsstk15,BEST_AVAILABLE_OF_5_LARGER_GRAPHS,INCIDENCE_DEGREE,715,2958,0.2505700532049658
bcsstk15,BEST_AVAILABLE_OF_5_LARGER_GRAPHS,INCIDENCE_DEGREE,204,2959,0.250316696224981
bcsstk15,BEST_AVAILABLE_OF_5_LARGER_GRAPHS,INCIDENCE_DEGREE,209,2960,0.2500633392449962
bcsstk15,BEST_AVAILABLE_OF_5_LARGER_GRAPHS,INCIDENCE_DEGREE,208,2961,0.2498099822650114
bcsstk15,BEST_AVAILABLE_OF_5_LARGER_GRAPHS,INCIDENCE_DEGREE,206,2962,0.2495566252850266
bcsstk15,BEST_AVAILABLE_OF_5_LARGER_GRAPHS,INCIDENCE_DEGREE,246,2963,0.2493032683050418
bcsstk15,BEST_AVAILABLE_OF_5_LARGER_GRAPHS,INCIDENCE_DEGREE,248,2964,0.249049911325057
bcsstk15,BEST_AVAILABLE_OF_5_LARGER_GRAPHS,INCIDENCE_DEGREE,205,2965,0.2487965543450722
bcsstk15,BEST_AVAILABLE_OF_5_LARGER_GRAPHS,INCIDENCE_DEGREE,257,2966,0.2485431973650874
bcsstk15,BEST_AVAILABLE_OF_5_LARGER_GRAPHS,INCIDENCE_DEGREE,255,2967,0.2482898403851026
bcsstk15,BEST_AVAILABLE_OF_5_LARGER_GRAPHS,INCIDENCE_DEGREE,253,2968,0.2480364834051178
bcsstk15,BEST_AVAILABLE_OF_5_LARGER_GRAPHS,INCIDENCE_DEGREE,387,2969,0.247783126425133
bcsstk15,BEST_AVAILABLE_OF_5_LARGER_GRAPHS,INCIDENCE_DEGREE,426,2970,0.2475297694451482
bcsstk15,BEST_AVAILABLE_OF_5_LARGER_GRAPHS,INCIDENCE_DEGREE,428,2971,0.2472764124651634
bcsstk15,BEST_AVAILABLE_OF_5_LARGER_GRAPHS,INCIDENCE_DEGREE,135,2972,0.2470230554851786
bcsstk15,BEST_AVAILABLE_OF_5_LARGER_GRAPHS,INCIDENCE_DEGREE,129,2973,0.2467696985051938
bcsstk15,BEST_AVAILABLE_OF_5_LARGER_GRAPHS,INCIDENCE_DEGREE,27,2974,0.24651634152520902
bcsstk15,BEST_AVAILABLE_OF_5_LARGER_GRAPHS,INCIDENCE_DEGREE,437,2975,0.24626298454522422
bcsstk15,BEST_AVAILABLE_OF_5_LARGER_GRAPHS,INCIDENCE_DEGREE,435,2976,0.24600962756523942
bcsstk15,BEST_AVAILABLE_OF_5_LARGER_GRAPHS,INCIDENCE_DEGREE,433,2977,0.24575627058525462
bcsstk15,BEST_AVAILABLE_OF_5_LARGER_GRAPHS,INCIDENCE_DEGREE,713,2978,0.24550291360526982
bcsstk15,BEST_AVAILABLE_OF_5_LARGER_GRAPHS,INCIDENCE_DEGREE,711,2979,0.24524955662528503
bcsstk15,BEST_AVAILABLE_OF_5_LARGER_GRAPHS,INCIDENCE_DEGREE,1023,2980,0.24499619964530023
bcsstk15,BEST_AVAILABLE_OF_5_LARGER_GRAPHS,INCIDENCE_DEGREE,460,2981,0.24474284266531543
bcsstk15,BEST_AVAILABLE_OF_5_LARGER_GRAPHS,INCIDENCE_DEGREE,708,2982,0.24448948568533063
bcsstk15,BEST_AVAILABLE_OF_5_LARGER_GRAPHS,INCIDENCE_DEGREE,710,2983,0.24423612870534583
bcsstk15,BEST_AVAILABLE_OF_5_LARGER_GRAPHS,INCIDENCE_DEGREE,675,2984,0.24398277172536104
bcsstk15,BEST_AVAILABLE_OF_5_LARGER_GRAPHS,INCIDENCE_DEGREE,677,2985,0.24372941474537624
bcsstk15,BEST_AVAILABLE_OF_5_LARGER_GRAPHS,INCIDENCE_DEGREE,709,2986,0.24347605776539144
bcsstk15,BEST_AVAILABLE_OF_5_LARGER_GRAPHS,INCIDENCE_DEGREE,673,2987,0.24322270078540664
bcsstk15,BEST_AVAILABLE_OF_5_LARGER_GRAPHS,INCIDENCE_DEGREE,712,2988,0.24296934380542184
bcsstk15,BEST_AVAILABLE_OF_5_LARGER_GRAPHS,INCIDENCE_DEGREE,1022,2989,0.24271598682543705
bcsstk15,BEST_AVAILABLE_OF_5_LARGER_GRAPHS,INCIDENCE_DEGREE,1024,2990,0.24246262984545225
bcsstk15,BEST_AVAILABLE_OF_5_LARGER_GRAPHS,INCIDENCE_DEGREE,1020,2991,0.24220927286546745
bcsstk15,BEST_AVAILABLE_OF_5_LARGER_GRAPHS,INCIDENCE_DEGREE,1390,2992,0.24195591588548265
bcsstk15,BEST_AVAILABLE_OF_5_LARGER_GRAPHS,INCIDENCE_DEGREE,1388,2993,0.24170255890549786
bcsstk15,BEST_AVAILABLE_OF_5_LARGER_GRAPHS,INCIDENCE_DEGREE,1389,2994,0.24144920192551306
bcsstk15,BEST_AVAILABLE_OF_5_LARGER_GRAPHS,INCIDENCE_DEGREE,1007,2995,0.24119584494552826
bcsstk15,BEST_AVAILABLE_OF_5_LARGER_GRAPHS,INCIDENCE_DEGREE,1005,2996,0.24094248796554346
bcsstk15,BEST_AVAILABLE_OF_5_LARGER_GRAPHS,INCIDENCE_DEGREE,1025,2997,0.24068913098555866
bcsstk15,BEST_AVAILABLE_OF_5_LARGER_GRAPHS,INCIDENCE_DEGREE,1021,2998,0.24043577400557387
bcsstk15,BEST_AVAILABLE_OF_5_LARGER_GRAPHS,INCIDENCE_DEGREE,1391,2999,0.24018241702558907
bcsstk15,BEST_AVAILABLE_OF_5_LARGER_GRAPHS,INCIDENCE_DEGREE,1387,3000,0.23992906004560427
bcsstk15,BEST_AVAILABLE_OF_5_LARGER_GRAPHS,INCIDENCE_DEGREE,1386,3001,0.23967570306561944
bcsstk15,BEST_AVAILABLE_OF_5_LARGER_GRAPHS,INCIDENCE_DEGREE,1003,3002,0.23942234608563465
bcsstk15,BEST_AVAILABLE_OF_5_LARGER_GRAPHS,INCIDENCE_DEGREE,274,3003,0.23916898910564985
bcsstk15,BEST_AVAILABLE_OF_5_LARGER_GRAPHS,INCIDENCE_DEGREE,252,3004,0.23891563212566505
bcsstk15,BEST_AVAILABLE_OF_5_LARGER_GRAPHS,INCIDENCE_DEGREE,254,3005,0.23866227514568025
bcsstk15,BEST_AVAILABLE_OF_5_LARGER_GRAPHS,INCIDENCE_DEGREE,386,3006,0.23840891816569545
bcsstk15,BEST_AVAILABLE_OF_5_LARGER_GRAPHS,INCIDENCE_DEGREE,388,3007,0.23815556118571066
bcsstk15,BEST_AVAILABLE_OF_5_LARGER_GRAPHS,INCIDENCE_DEGREE,384,3008,0.23790220420572586
bcsstk15,BEST_AVAILABLE_OF_5_LARGER_GRAPHS,INCIDENCE_DEGREE,263,3009,0.23764884722574106
bcsstk15,BEST_AVAILABLE_OF_5_LARGER_GRAPHS,INCIDENCE_DEGREE,385,3010,0.23739549024575626
bcsstk15,BEST_AVAILABLE_OF_5_LARGER_GRAPHS,INCIDENCE_DEGREE,261,3011,0.23714213326577147
bcsstk15,BEST_AVAILABLE_OF_5_LARGER_GRAPHS,INCIDENCE_DEGREE,389,3012,0.23688877628578667
bcsstk15,BEST_AVAILABLE_OF_5_LARGER_GRAPHS,INCIDENCE_DEGREE,259,3013,0.23663541930580187
bcsstk15,BEST_AVAILABLE_OF_5_LARGER_GRAPHS,INCIDENCE_DEGREE,393,3014,0.23638206232581707
bcsstk15,BEST_AVAILABLE_OF_5_LARGER_GRAPHS,INCIDENCE_DEGREE,395,3015,0.23612870534583227
bcsstk15,BEST_AVAILABLE_OF_5_LARGER_GRAPHS,INCIDENCE_DEGREE,628,3016,0.23587534836584748
bcsstk15,BEST_AVAILABLE_OF_5_LARGER_GRAPHS,INCIDENCE_DEGREE,627,3017,0.23562199138586268
bcsstk15,BEST_AVAILABLE_OF_5_LARGER_GRAPHS,INCIDENCE_DEGREE,394,3018,0.23536863440587788
bcsstk15,BEST_AVAILABLE_OF_5_LARGER_GRAPHS,INCIDENCE_DEGREE,626,3019,0.23511527742589308
bcsstk15,BEST_AVAILABLE_OF_5_LARGER_GRAPHS,INCIDENCE_DEGREE,392,3020,0.23486192044590828
bcsstk15,BEST_AVAILABLE_OF_5_LARGER_GRAPHS,INCIDENCE_DEGREE,390,3021,0.2346085634659235
bcsstk15,BEST_AVAILABLE_OF_5_LARGER_GRAPHS,INCIDENCE_DEGREE,624,3022,0.2343552064859387
bcsstk15,BEST_AVAILABLE_OF_5_LARGER_GRAPHS,INCIDENCE_DEGREE,391,3023,0.2341018495059539
bcsstk15,BEST_AVAILABLE_OF_5_LARGER_GRAPHS,INCIDENCE_DEGREE,629,3024,0.2338484925259691
bcsstk15,BEST_AVAILABLE_OF_5_LARGER_GRAPHS,INCIDENCE_DEGREE,377,3025,0.2335951355459843
bcsstk15,BEST_AVAILABLE_OF_5_LARGER_GRAPHS,INCIDENCE_DEGREE,625,3026,0.2333417785659995
bcsstk15,BEST_AVAILABLE_OF_5_LARGER_GRAPHS,INCIDENCE_DEGREE,375,3027,0.2330884215860147
bcsstk15,BEST_AVAILABLE_OF_5_LARGER_GRAPHS,INCIDENCE_DEGREE,443,3028,0.2328350646060299
bcsstk15,BEST_AVAILABLE_OF_5_LARGER_GRAPHS,INCIDENCE_DEGREE,441,3029,0.2325817076260451
bcsstk15,BEST_AVAILABLE_OF_5_LARGER_GRAPHS,INCIDENCE_DEGREE,439,3030,0.2323283506460603
bcsstk15,BEST_AVAILABLE_OF_5_LARGER_GRAPHS,INCIDENCE_DEGREE,373,3031,0.2320749936660755
bcsstk15,BEST_AVAILABLE_OF_5_LARGER_GRAPHS,INCIDENCE_DEGREE,689,3032,0.2318216366860907
bcsstk15,BEST_AVAILABLE_OF_5_LARGER_GRAPHS,INCIDENCE_DEGREE,687,3033,0.2315682797061059
bcsstk15,BEST_AVAILABLE_OF_5_LARGER_GRAPHS,INCIDENCE_DEGREE,685,3034,0.2313149227261211
bcsstk15,BEST_AVAILABLE_OF_5_LARGER_GRAPHS,INCIDENCE_DEGREE,1013,3035,0.23106156574613632
bcsstk15,BEST_AVAILABLE_OF_5_LARGER_GRAPHS,INCIDENCE_DEGREE,1011,3036,0.23080820876615152
bcsstk15,BEST_AVAILABLE_OF_5_LARGER_GRAPHS,INCIDENCE_DEGREE,1004,3037,0.23055485178616672
bcsstk15,BEST_AVAILABLE_OF_5_LARGER_GRAPHS,INCIDENCE_DEGREE,1002,3038,0.23030149480618192
bcsstk15,BEST_AVAILABLE_OF_5_LARGER_GRAPHS,INCIDENCE_DEGREE,674,3039,0.23004813782619712
bcsstk15,BEST_AVAILABLE_OF_5_LARGER_GRAPHS,INCIDENCE_DEGREE,672,3040,0.22979478084621233
bcsstk15,BEST_AVAILABLE_OF_5_LARGER_GRAPHS,INCIDENCE_DEGREE,434,3041,0.2295414238662275
bcsstk15,BEST_AVAILABLE_OF_5_LARGER_GRAPHS,INCIDENCE_DEGREE,432,3042,0.2292880668862427
bcsstk15,BEST_AVAILABLE_OF_5_LARGER_GRAPHS,INCIDENCE_DEGREE,258,3043,0.2290347099062579
bcsstk15,BEST_AVAILABLE_OF_5_LARGER_GRAPHS,INCIDENCE_DEGREE,260,3044,0.2287813529262731
bcsstk15,BEST_AVAILABLE_OF_5_LARGER_GRAPHS,INCIDENCE_DEGREE,617,3045,0.2285279959462883
bcsstk15,BEST_AVAILABLE_OF_5_LARGER_GRAPHS,INCIDENCE_DEGREE,615,3046,0.2282746389663035
bcsstk15,BEST_AVAILABLE_OF_5_LARGER_GRAPHS,INCIDENCE_DEGREE,613,3047,0.2280212819863187
bcsstk15,BEST_AVAILABLE_OF_5_LARGER_GRAPHS,INCIDENCE_DEGREE,449,3048,0.22776792500633392
bcsstk15,BEST_AVAILABLE_OF_5_LARGER_GRAPHS,INCIDENCE_DEGREE,447,3049,0.22751456802634912
bcsstk15,BEST_AVAILABLE_OF_5_LARGER_GRAPHS,INCIDENCE_DEGREE,445,3050,0.22726121104636432
bcsstk15,BEST_AVAILABLE_OF_5_LARGER_GRAPHS,INCIDENCE_DEGREE,695,3051,0.22700785406637952
bcsstk15,BEST_AVAILABLE_OF_5_LARGER_GRAPHS,INCIDENCE_DEGREE,693,3052,0.22675449708639472
bcsstk15,BEST_AVAILABLE_OF_5_LARGER_GRAPHS,INCIDENCE_DEGREE,691,3053,0.22650114010640993
bcsstk15,BEST_AVAILABLE_OF_5_LARGER_GRAPHS,INCIDENCE_DEGREE,1009,3054,0.22624778312642513
bcsstk15,BEST_AVAILABLE_OF_5_LARGER_GRAPHS,INCIDENCE_DEGREE,1017,3055,0.22599442614644033
bcsstk15,BEST_AVAILABLE_OF_5_LARGER_GRAPHS,INCIDENCE_DEGREE,372,3056,0.22574106916645553
bcsstk15,BEST_AVAILABLE_OF_5_LARGER_GRAPHS,INCIDENCE_DEGREE,440,3057,0.22548771218647073
bcsstk15,BEST_AVAILABLE_OF_5_LARGER_GRAPHS,INCIDENCE_DEGREE,438,3058,0.22523435520648594
bcsstk15,BEST_AVAILABLE_OF_5_LARGER_GRAPHS,INCIDENCE_DEGREE,374,3059,0.22498099822650114
bcsstk15,BEST_AVAILABLE_OF_5_LARGER_GRAPHS,INCIDENCE_DEGREE,686,3060,0.22472764124651634
bcsstk15,BEST_AVAILABLE_OF_5_LARGER_GRAPHS,INCIDENCE_DEGREE,684,3061,0.22447428426653154
bcsstk15,BEST_AVAILABLE_OF_5_LARGER_GRAPHS,INCIDENCE_DEGREE,676,3062,0.22422092728654675
bcsstk15,BEST_AVAILABLE_OF_5_LARGER_GRAPHS,INCIDENCE_DEGREE,917,3063,0.22396757030656195
bcsstk15,BEST_AVAILABLE_OF_5_LARGER_GRAPHS,INCIDENCE_DEGREE,915,3064,0.22371421332657715
bcsstk15,BEST_AVAILABLE_OF_5_LARGER_GRAPHS,INCIDENCE_DEGREE,913,3065,0.22346085634659235
bcsstk15,BEST_AVAILABLE_OF_5_LARGER_GRAPHS,INCIDENCE_DEGREE,605,3066,0.22320749936660755
bcsstk15,BEST_AVAILABLE_OF_5_LARGER_GRAPHS,INCIDENCE_DEGREE,603,3067,0.22295414238662276
bcsstk15,BEST_AVAILABLE_OF_5_LARGER_GRAPHS,INCIDENCE_DEGREE,601,3068,0.22270078540663796
bcsstk15,BEST_AVAILABLE_OF_5_LARGER_GRAPHS,INCIDENCE_DEGREE,612,3069,0.22244742842665316
bcsstk15,BEST_AVAILABLE_OF_5_LARGER_GRAPHS,INCIDENCE_DEGREE,614,3070,0.22219407144666836
bcsstk15,BEST_AVAILABLE_OF_5_LARGER_GRAPHS,INCIDENCE_DEGREE,446,3071,0.22194071446668356
bcsstk15,BEST_AVAILABLE_OF_5_LARGER_GRAPHS,INCIDENCE_DEGREE,444,3072,0.22168735748669877
bcsstk15,BEST_AVAILABLE_OF_5_LARGER_GRAPHS,INCIDENCE_DEGREE,1265,3073,0.22143400050671397
bcsstk15,BEST_AVAILABLE_OF_5_LARGER_GRAPHS,INCIDENCE_DEGREE,1263,3074,0.22118064352672917
bcsstk15,BEST_AVAILABLE_OF_5_LARGER_GRAPHS,INCIDENCE_DEGREE,1261,3075,0.22092728654674437
bcsstk15,BEST_AVAILABLE_OF_5_LARGER_GRAPHS,INCIDENCE_DEGREE,1619,3076,0.22067392956675957
bcsstk15,BEST_AVAILABLE_OF_5_LARGER_GRAPHS,INCIDENCE_DEGREE,1617,3077,0.22042057258677478
bcsstk15,BEST_AVAILABLE_OF_5_LARGER_GRAPHS,INCIDENCE_DEGREE,1615,3078,0.22016721560678998
bcsstk15,BEST_AVAILABLE_OF_5_LARGER_GRAPHS,INCIDENCE_DEGREE,1979,3079,0.21991385862680518
bcsstk15,BEST_AVAILABLE_OF_5_LARGER_GRAPHS,INCIDENCE_DEGREE,1977,3080,0.21966050164682038
bcsstk15,BEST_AVAILABLE_OF_5_LARGER_GRAPHS,INCIDENCE_DEGREE,1975,3081,0.21940714466683559
bcsstk15,BEST_AVAILABLE_OF_5_LARGER_GRAPHS,INCIDENCE_DEGREE,2303,3082,0.21915378768685076
bcsstk15,BEST_AVAILABLE_OF_5_LARGER_GRAPHS,INCIDENCE_DEGREE,2301,3083,0.21890043070686596
bcsstk15,BEST_AVAILABLE_OF_5_LARGER_GRAPHS,INCIDENCE_DEGREE,2299,3084,0.21864707372688116
bcsstk15,BEST_AVAILABLE_OF_5_LARGER_GRAPHS,INCIDENCE_DEGREE,2621,3085,0.21839371674689637
bcsstk15,BEST_AVAILABLE_OF_5_LARGER_GRAPHS,INCIDENCE_DEGREE,2619,3086,0.21814035976691157
bcsstk15,BEST_AVAILABLE_OF_5_LARGER_GRAPHS,INCIDENCE_DEGREE,2617,3087,0.21788700278692677
bcsstk15,BEST_AVAILABLE_OF_5_LARGER_GRAPHS,INCIDENCE_DEGREE,2903,3088,0.21763364580694197
bcsstk15,BEST_AVAILABLE_OF_5_LARGER_GRAPHS,INCIDENCE_DEGREE,2901,3089,0.21738028882695717
bcsstk15,BEST_AVAILABLE_OF_5_LARGER_GRAPHS,INCIDENCE_DEGREE,2899,3090,0.21712693184697238
bcsstk15,BEST_AVAILABLE_OF_5_LARGER_GRAPHS,INCIDENCE_DEGREE,3173,3091,0.21687357486698758
bcsstk15,BEST_AVAILABLE_OF_5_LARGER_GRAPHS,INCIDENCE_DEGREE,3171,3092,0.21662021788700278
bcsstk15,BEST_AVAILABLE_OF_5_LARGER_GRAPHS,INCIDENCE_DEGREE,3169,3093,0.21636686090701798
bcsstk15,BEST_AVAILABLE_OF_5_LARGER_GRAPHS,INCIDENCE_DEGREE,3407,3094,0.21611350392703318
bcsstk15,BEST_AVAILABLE_OF_5_LARGER_GRAPHS,INCIDENCE_DEGREE,3405,3095,0.2158601469470484
bcsstk15,BEST_AVAILABLE_OF_5_LARGER_GRAPHS,INCIDENCE_DEGREE,3403,3096,0.2156067899670636
bcsstk15,BEST_AVAILABLE_OF_5_LARGER_GRAPHS,INCIDENCE_DEGREE,3413,3097,0.2153534329870788
bcsstk15,BEST_AVAILABLE_OF_5_LARGER_GRAPHS,INCIDENCE_DEGREE,3613,3098,0.215100076007094
bcsstk15,BEST_AVAILABLE_OF_5_LARGER_GRAPHS,INCIDENCE_DEGREE,3411,3099,0.2148467190271092
bcsstk15,BEST_AVAILABLE_OF_5_LARGER_GRAPHS,INCIDENCE_DEGREE,3409,3100,0.2145933620471244
bcsstk15,BEST_AVAILABLE_OF_5_LARGER_GRAPHS,INCIDENCE_DEGREE,1008,3101,0.2143400050671396
bcsstk15,BEST_AVAILABLE_OF_5_LARGER_GRAPHS,INCIDENCE_DEGREE,1010,3102,0.2140866480871548
bcsstk15,BEST_AVAILABLE_OF_5_LARGER_GRAPHS,INCIDENCE_DEGREE,1006,3103,0.21383329110717
bcsstk15,BEST_AVAILABLE_OF_5_LARGER_GRAPHS,INCIDENCE_DEGREE,692,3104,0.2135799341271852
bcsstk15,BEST_AVAILABLE_OF_5_LARGER_GRAPHS,INCIDENCE_DEGREE,690,3105,0.2133265771472004
bcsstk15,BEST_AVAILABLE_OF_5_LARGER_GRAPHS,INCIDENCE_DEGREE,688,3106,0.2130732201672156
bcsstk15,BEST_AVAILABLE_OF_5_LARGER_GRAPHS,INCIDENCE_DEGREE,442,3107,0.2128198631872308
bcsstk15,BEST_AVAILABLE_OF_5_LARGER_GRAPHS,INCIDENCE_DEGREE,262,3108,0.21256650620724601
bcsstk15,BEST_AVAILABLE_OF_5_LARGER_GRAPHS,INCIDENCE_DEGREE,376,3109,0.21231314922726122
bcsstk15,BEST_AVAILABLE_OF_5_LARGER_GRAPHS,INCIDENCE_DEGREE,256,3110,0.21205979224727642
bcsstk15,BEST_AVAILABLE_OF_5_LARGER_GRAPHS,INCIDENCE_DEGREE,436,3111,0.21180643526729162
bcsstk15,BEST_AVAILABLE_OF_5_LARGER_GRAPHS,INCIDENCE_DEGREE,681,3112,0.21155307828730682
bcsstk15,BEST_AVAILABLE_OF_5_LARGER_GRAPHS,INCIDENCE_DEGREE,683,3113,0.21129972130732202
bcsstk15,BEST_AVAILABLE_OF_5_LARGER_GRAPHS,INCIDENCE_DEGREE,905,3114,0.21104636432733723
bcsstk15,BEST_AVAILABLE_OF_5_LARGER_GRAPHS,INCIDENCE_DEGREE,903,3115,0.21079300734735243
bcsstk15,BEST_AVAILABLE_OF_5_LARGER_GRAPHS,INCIDENCE_DEGREE,901,3116,0.21053965036736763
bcsstk15,BEST_AVAILABLE_OF_5_LARGER_GRAPHS,INCIDENCE_DEGREE,679,3117,0.21028629338738283
bcsstk15,BEST_AVAILABLE_OF_5_LARGER_GRAPHS,INCIDENCE_DEGREE,1001,3118,0.21003293640739804
bcsstk15,BEST_AVAILABLE_OF_5_LARGER_GRAPHS,INCIDENCE_DEGREE,999,3119,0.20977957942741324
bcsstk15,BEST_AVAILABLE_OF_5_LARGER_GRAPHS,INCIDENCE_DEGREE,997,3120,0.20952622244742844
bcsstk15,BEST_AVAILABLE_OF_5_LARGER_GRAPHS,INCIDENCE_DEGREE,1015,3121,0.20927286546744364
bcsstk15,BEST_AVAILABLE_OF_5_LARGER_GRAPHS,INCIDENCE_DEGREE,912,3122,0.20901950848745882
bcsstk15,BEST_AVAILABLE_OF_5_LARGER_GRAPHS,INCIDENCE_DEGREE,914,3123,0.20876615150747402
bcsstk15,BEST_AVAILABLE_OF_5_LARGER_GRAPHS,INCIDENCE_DEGREE,602,3124,0.20851279452748922
bcsstk15,BEST_AVAILABLE_OF_5_LARGER_GRAPHS,INCIDENCE_DEGREE,600,3125,0.20825943754750442
bcsstk15,BEST_AVAILABLE_OF_5_LARGER_GRAPHS,INCIDENCE_DEGREE,616,3126,0.20800608056751962
bcsstk15,BEST_AVAILABLE_OF_5_LARGER_GRAPHS,INCIDENCE_DEGREE,1260,3127,0.20775272358753483
bcsstk15,BEST_AVAILABLE_OF_5_LARGER_GRAPHS,INCIDENCE_DEGREE,1262,3128,0.20749936660755003
bcsstk15,BEST_AVAILABLE_OF_5_LARGER_GRAPHS,INCIDENCE_DEGREE,1614,3129,0.20724600962756523
bcsstk15,BEST_AVAILABLE_OF_5_LARGER_GRAPHS,INCIDENCE_DEGREE,1616,3130,0.20699265264758043
bcsstk15,BEST_AVAILABLE_OF_5_LARGER_GRAPHS,INCIDENCE_DEGREE,1974,3131,0.20673929566759564
bcsstk15,BEST_AVAILABLE_OF_5_LARGER_GRAPHS,INCIDENCE_DEGREE,1976,3132,0.20648593868761084
bcsstk15,BEST_AVAILABLE_OF_5_LARGER_GRAPHS,INCIDENCE_DEGREE,2298,3133,0.20623258170762604
bcsstk15,BEST_AVAILABLE_OF_5_LARGER_GRAPHS,INCIDENCE_DEGREE,2300,3134,0.20597922472764124
bcsstk15,BEST_AVAILABLE_OF_5_LARGER_GRAPHS,INCIDENCE_DEGREE,2616,3135,0.20572586774765644
bcsstk15,BEST_AVAILABLE_OF_5_LARGER_GRAPHS,INCIDENCE_DEGREE,2618,3136,0.20547251076767165
bcsstk15,BEST_AVAILABLE_OF_5_LARGER_GRAPHS,INCIDENCE_DEGREE,2898,3137,0.20521915378768685
bcsstk15,BEST_AVAILABLE_OF_5_LARGER_GRAPHS,INCIDENCE_DEGREE,2900,3138,0.20496579680770205
bcsstk15,BEST_AVAILABLE_OF_5_LARGER_GRAPHS,INCIDENCE_DEGREE,3168,3139,0.20471243982771725
bcsstk15,BEST_AVAILABLE_OF_5_LARGER_GRAPHS,INCIDENCE_DEGREE,3170,3140,0.20445908284773245
bcsstk15,BEST_AVAILABLE_OF_5_LARGER_GRAPHS,INCIDENCE_DEGREE,3402,3141,0.20420572586774766
bcsstk15,BEST_AVAILABLE_OF_5_LARGER_GRAPHS,INCIDENCE_DEGREE,3404,3142,0.20395236888776286
bcsstk15,BEST_AVAILABLE_OF_5_LARGER_GRAPHS,INCIDENCE_DEGREE,1251,3143,0.20369901190777806
bcsstk15,BEST_AVAILABLE_OF_5_LARGER_GRAPHS,INCIDENCE_DEGREE,1253,3144,0.20344565492779326
bcsstk15,BEST_AVAILABLE_OF_5_LARGER_GRAPHS,INCIDENCE_DEGREE,1249,3145,0.20319229794780846
bcsstk15,BEST_AVAILABLE_OF_5_LARGER_GRAPHS,INCIDENCE_DEGREE,893,3146,0.20293894096782367
bcsstk15,BEST_AVAILABLE_OF_5_LARGER_GRAPHS,INCIDENCE_DEGREE,891,3147,0.20268558398783887
bcsstk15,BEST_AVAILABLE_OF_5_LARGER_GRAPHS,INCIDENCE_DEGREE,889,3148,0.20243222700785407
bcsstk15,BEST_AVAILABLE_OF_5_LARGER_GRAPHS,INCIDENCE_DEGREE,902,3149,0.20217887002786927
bcsstk15,BEST_AVAILABLE_OF_5_LARGER_GRAPHS,INCIDENCE_DEGREE,900,3150,0.20192551304788448
bcsstk15,BEST_AVAILABLE_OF_5_LARGER_GRAPHS,INCIDENCE_DEGREE,680,3151,0.20167215606789968
bcsstk15,BEST_AVAILABLE_OF_5_LARGER_GRAPHS,INCIDENCE_DEGREE,678,3152,0.20141879908791488
bcsstk15,BEST_AVAILABLE_OF_5_LARGER_GRAPHS,INCIDENCE_DEGREE,604,3153,0.20116544210793008
bcsstk15,BEST_AVAILABLE_OF_5_LARGER_GRAPHS,INCIDENCE_DEGREE,448,3154,0.20091208512794528
bcsstk15,BEST_AVAILABLE_OF_5_LARGER_GRAPHS,INCIDENCE_DEGREE,694,3155,0.20065872814796049
bcsstk15,BEST_AVAILABLE_OF_5_LARGER_GRAPHS,INCIDENCE_DEGREE,1012,3156,0.2004053711679757
bcsstk15,BEST_AVAILABLE_OF_5_LARGER_GRAPHS,INCIDENCE_DEGREE,1605,3157,0.2001520141879909
bcsstk15,BEST_AVAILABLE_OF_5_LARGER_GRAPHS,INCIDENCE_DEGREE,1607,3158,0.1998986572080061
bcsstk15,BEST_AVAILABLE_OF_5_LARGER_GRAPHS,INCIDENCE_DEGREE,1603,3159,0.1996453002280213
bcsstk15,BEST_AVAILABLE_OF_5_LARGER_GRAPHS,INCIDENCE_DEGREE,1967,3160,0.1993919432480365
bcsstk15,BEST_AVAILABLE_OF_5_LARGER_GRAPHS,INCIDENCE_DEGREE,1965,3161,0.1991385862680517
bcsstk15,BEST_AVAILABLE_OF_5_LARGER_GRAPHS,INCIDENCE_DEGREE,1963,3162,0.19888522928806687
bcsstk15,BEST_AVAILABLE_OF_5_LARGER_GRAPHS,INCIDENCE_DEGREE,2291,3163,0.19863187230808207
bcsstk15,BEST_AVAILABLE_OF_5_LARGER_GRAPHS,INCIDENCE_DEGREE,2289,3164,0.19837851532809728
bcsstk15,BEST_AVAILABLE_OF_5_LARGER_GRAPHS,INCIDENCE_DEGREE,2287,3165,0.19812515834811248
bcsstk15,BEST_AVAILABLE_OF_5_LARGER_GRAPHS,INCIDENCE_DEGREE,2609,3166,0.19787180136812768
bcsstk15,BEST_AVAILABLE_OF_5_LARGER_GRAPHS,INCIDENCE_DEGREE,2607,3167,0.19761844438814288
bcsstk15,BEST_AVAILABLE_OF_5_LARGER_GRAPHS,INCIDENCE_DEGREE,2605,3168,0.19736508740815809
bcsstk15,BEST_AVAILABLE_OF_5_LARGER_GRAPHS,INCIDENCE_DEGREE,2891,3169,0.1971117304281733
bcsstk15,BEST_AVAILABLE_OF_5_LARGER_GRAPHS,INCIDENCE_DEGREE,2889,3170,0.1968583734481885
bcsstk15,BEST_AVAILABLE_OF_5_LARGER_GRAPHS,INCIDENCE_DEGREE,2887,3171,0.1966050164682037
bcsstk15,BEST_AVAILABLE_OF_5_LARGER_GRAPHS,INCIDENCE_DEGREE,3155,3172,0.1963516594882189
bcsstk15,BEST_AVAILABLE_OF_5_LARGER_GRAPHS,INCIDENCE_DEGREE,3153,3173,0.1960983025082341
bcsstk15,BEST_AVAILABLE_OF_5_LARGER_GRAPHS,INCIDENCE_DEGREE,3151,3174,0.1958449455282493
bcsstk15,BEST_AVAILABLE_OF_5_LARGER_GRAPHS,INCIDENCE_DEGREE,3161,3175,0.1955915885482645
bcsstk15,BEST_AVAILABLE_OF_5_LARGER_GRAPHS,INCIDENCE_DEGREE,3159,3176,0.1953382315682797
bcsstk15,BEST_AVAILABLE_OF_5_LARGER_GRAPHS,INCIDENCE_DEGREE,3157,3177,0.1950848745882949
bcsstk15,BEST_AVAILABLE_OF_5_LARGER_GRAPHS,INCIDENCE_DEGREE,916,3178,0.1948315176083101
bcsstk15,BEST_AVAILABLE_OF_5_LARGER_GRAPHS,INCIDENCE_DEGREE,1016,3179,0.1945781606283253
bcsstk15,BEST_AVAILABLE_OF_5_LARGER_GRAPHS,INCIDENCE_DEGREE,1018,3180,0.1943248036483405
bcsstk15,BEST_AVAILABLE_OF_5_LARGER_GRAPHS,INCIDENCE_DEGREE,1019,3181,0.1940714466683557
bcsstk15,BEST_AVAILABLE_OF_5_LARGER_GRAPHS,INCIDENCE_DEGREE,1014,3182,0.19381808968837091
bcsstk15,BEST_AVAILABLE_OF_5_LARGER_GRAPHS,INCIDENCE_DEGREE,998,3183,0.19356473270838612
bcsstk15,BEST_AVAILABLE_OF_5_LARGER_GRAPHS,INCIDENCE_DEGREE,996,3184,0.19331137572840132
bcsstk15,BEST_AVAILABLE_OF_5_LARGER_GRAPHS,INCIDENCE_DEGREE,867,3185,0.19305801874841652
bcsstk15,BEST_AVAILABLE_OF_5_LARGER_GRAPHS,INCIDENCE_DEGREE,875,3186,0.19280466176843172
bcsstk15,BEST_AVAILABLE_OF_5_LARGER_GRAPHS,INCIDENCE_DEGREE,873,3187,0.19255130478844693
bcsstk15,BEST_AVAILABLE_OF_5_LARGER_GRAPHS,INCIDENCE_DEGREE,1241,3188,0.19229794780846213
bcsstk15,BEST_AVAILABLE_OF_5_LARGER_GRAPHS,INCIDENCE_DEGREE,1239,3189,0.19204459082847733
bcsstk15,BEST_AVAILABLE_OF_5_LARGER_GRAPHS,INCIDENCE_DEGREE,1237,3190,0.19179123384849253
bcsstk15,BEST_AVAILABLE_OF_5_LARGER_GRAPHS,INCIDENCE_DEGREE,871,3191,0.19153787686850773
bcsstk15,BEST_AVAILABLE_OF_5_LARGER_GRAPHS,INCIDENCE_DEGREE,865,3192,0.19128451988852294
bcsstk15,BEST_AVAILABLE_OF_5_LARGER_GRAPHS,INCIDENCE_DEGREE,1221,3193,0.19103116290853814
bcsstk15,BEST_AVAILABLE_OF_5_LARGER_GRAPHS,INCIDENCE_DEGREE,869,3194,0.19077780592855334
bcsstk15,BEST_AVAILABLE_OF_5_LARGER_GRAPHS,INCIDENCE_DEGREE,1219,3195,0.19052444894856854
bcsstk15,BEST_AVAILABLE_OF_5_LARGER_GRAPHS,INCIDENCE_DEGREE,1595,3196,0.19027109196858374
bcsstk15,BEST_AVAILABLE_OF_5_LARGER_GRAPHS,INCIDENCE_DEGREE,1593,3197,0.19001773498859895
bcsstk15,BEST_AVAILABLE_OF_5_LARGER_GRAPHS,INCIDENCE_DEGREE,1591,3198,0.18976437800861415
bcsstk15,BEST_AVAILABLE_OF_5_LARGER_GRAPHS,INCIDENCE_DEGREE,1575,3199,0.18951102102862935
bcsstk15,BEST_AVAILABLE_OF_5_LARGER_GRAPHS,INCIDENCE_DEGREE,1573,3200,0.18925766404864455
bcsstk15,BEST_AVAILABLE_OF_5_LARGER_GRAPHS,INCIDENCE_DEGREE,1223,3201,0.18900430706865975
bcsstk15,BEST_AVAILABLE_OF_5_LARGER_GRAPHS,INCIDENCE_DEGREE,868,3202,0.18875095008867493
bcsstk15,BEST_AVAILABLE_OF_5_LARGER_GRAPHS,INCIDENCE_DEGREE,864,3203,0.18849759310869013
bcsstk15,BEST_AVAILABLE_OF_5_LARGER_GRAPHS,INCIDENCE_DEGREE,866,3204,0.18824423612870533
bcsstk15,BEST_AVAILABLE_OF_5_LARGER_GRAPHS,INCIDENCE_DEGREE,1222,3205,0.18799087914872054
bcsstk15,BEST_AVAILABLE_OF_5_LARGER_GRAPHS,INCIDENCE_DEGREE,1218,3206,0.18773752216873574
bcsstk15,BEST_AVAILABLE_OF_5_LARGER_GRAPHS,INCIDENCE_DEGREE,1220,3207,0.18748416518875094
bcsstk15,BEST_AVAILABLE_OF_5_LARGER_GRAPHS,INCIDENCE_DEGREE,872,3208,0.18723080820876614
bcsstk15,BEST_AVAILABLE_OF_5_LARGER_GRAPHS,INCIDENCE_DEGREE,870,3209,0.18697745122878134
bcsstk15,BEST_AVAILABLE_OF_5_LARGER_GRAPHS,INCIDENCE_DEGREE,1238,3210,0.18672409424879655
bcsstk15,BEST_AVAILABLE_OF_5_LARGER_GRAPHS,INCIDENCE_DEGREE,1236,3211,0.18647073726881175
bcsstk15,BEST_AVAILABLE_OF_5_LARGER_GRAPHS,INCIDENCE_DEGREE,890,3212,0.18621738028882695
bcsstk15,BEST_AVAILABLE_OF_5_LARGER_GRAPHS,INCIDENCE_DEGREE,888,3213,0.18596402330884215
bcsstk15,BEST_AVAILABLE_OF_5_LARGER_GRAPHS,INCIDENCE_DEGREE,1250,3214,0.18571066632885735
bcsstk15,BEST_AVAILABLE_OF_5_LARGER_GRAPHS,INCIDENCE_DEGREE,1248,3215,0.18545730934887256
bcsstk15,BEST_AVAILABLE_OF_5_LARGER_GRAPHS,INCIDENCE_DEGREE,1574,3216,0.18520395236888776
bcsstk15,BEST_AVAILABLE_OF_5_LARGER_GRAPHS,INCIDENCE_DEGREE,1935,3217,0.18495059538890296
bcsstk15,BEST_AVAILABLE_OF_5_LARGER_GRAPHS,INCIDENCE_DEGREE,1955,3218,0.18469723840891816
bcsstk15,BEST_AVAILABLE_OF_5_LARGER_GRAPHS,INCIDENCE_DEGREE,1953,3219,0.18444388142893337
bcsstk15,BEST_AVAILABLE_OF_5_LARGER_GRAPHS,INCIDENCE_DEGREE,1951,3220,0.18419052444894857
bcsstk15,BEST_AVAILABLE_OF_5_LARGER_GRAPHS,INCIDENCE_DEGREE,1577,3221,0.18393716746896377
bcsstk15,BEST_AVAILABLE_OF_5_LARGER_GRAPHS,INCIDENCE_DEGREE,1933,3222,0.18368381048897897
bcsstk15,BEST_AVAILABLE_OF_5_LARGER_GRAPHS,INCIDENCE_DEGREE,1572,3223,0.18343045350899417
bcsstk15,BEST_AVAILABLE_OF_5_LARGER_GRAPHS,INCIDENCE_DEGREE,1576,3224,0.18317709652900938
bcsstk15,BEST_AVAILABLE_OF_5_LARGER_GRAPHS,INCIDENCE_DEGREE,1604,3225,0.18292373954902458
bcsstk15,BEST_AVAILABLE_OF_5_LARGER_GRAPHS,INCIDENCE_DEGREE,1602,3226,0.18267038256903978
bcsstk15,BEST_AVAILABLE_OF_5_LARGER_GRAPHS,INCIDENCE_DEGREE,1592,3227,0.18241702558905498
bcsstk15,BEST_AVAILABLE_OF_5_LARGER_GRAPHS,INCIDENCE_DEGREE,1934,3228,0.18216366860907018
bcsstk15,BEST_AVAILABLE_OF_5_LARGER_GRAPHS,INCIDENCE_DEGREE,1590,3229,0.18191031162908539
bcsstk15,BEST_AVAILABLE_OF_5_LARGER_GRAPHS,INCIDENCE_DEGREE,1964,3230,0.1816569546491006
bcsstk15,BEST_AVAILABLE_OF_5_LARGER_GRAPHS,INCIDENCE_DEGREE,1962,3231,0.1814035976691158
bcsstk15,BEST_AVAILABLE_OF_5_LARGER_GRAPHS,INCIDENCE_DEGREE,1932,3232,0.181150240689131
bcsstk15,BEST_AVAILABLE_OF_5_LARGER_GRAPHS,INCIDENCE_DEGREE,1936,3233,0.1808968837091462
bcsstk15,BEST_AVAILABLE_OF_5_LARGER_GRAPHS,INCIDENCE_DEGREE,2259,3234,0.1806435267291614
bcsstk15,BEST_AVAILABLE_OF_5_LARGER_GRAPHS,INCIDENCE_DEGREE,1937,3235,0.1803901697491766
bcsstk15,BEST_AVAILABLE_OF_5_LARGER_GRAPHS,INCIDENCE_DEGREE,2279,3236,0.1801368127691918
bcsstk15,BEST_AVAILABLE_OF_5_LARGER_GRAPHS,INCIDENCE_DEGREE,2277,3237,0.179883455789207
bcsstk15,BEST_AVAILABLE_OF_5_LARGER_GRAPHS,INCIDENCE_DEGREE,2275,3238,0.1796300988092222
bcsstk15,BEST_AVAILABLE_OF_5_LARGER_GRAPHS,INCIDENCE_DEGREE,2257,3239,0.1793767418292374
bcsstk15,BEST_AVAILABLE_OF_5_LARGER_GRAPHS,INCIDENCE_DEGREE,2597,3240,0.1791233848492526
bcsstk15,BEST_AVAILABLE_OF_5_LARGER_GRAPHS,INCIDENCE_DEGREE,2595,3241,0.1788700278692678
bcsstk15,BEST_AVAILABLE_OF_5_LARGER_GRAPHS,INCIDENCE_DEGREE,2593,3242,0.178616670889283
bcsstk15,BEST_AVAILABLE_OF_5_LARGER_GRAPHS,INCIDENCE_DEGREE,2565,3243,0.1783633139092982
bcsstk15,BEST_AVAILABLE_OF_5_LARGER_GRAPHS,INCIDENCE_DEGREE,2261,3244,0.1781099569293134
bcsstk15,BEST_AVAILABLE_OF_5_LARGER_GRAPHS,INCIDENCE_DEGREE,2563,3245,0.1778565999493286
bcsstk15,BEST_AVAILABLE_OF_5_LARGER_GRAPHS,INCIDENCE_DEGREE,2260,3246,0.1776032429693438
bcsstk15,BEST_AVAILABLE_OF_5_LARGER_GRAPHS,INCIDENCE_DEGREE,2256,3247,0.177349885989359
bcsstk15,BEST_AVAILABLE_OF_5_LARGER_GRAPHS,INCIDENCE_DEGREE,2258,3248,0.1770965290093742
bcsstk15,BEST_AVAILABLE_OF_5_LARGER_GRAPHS,INCIDENCE_DEGREE,1952,3249,0.1768431720293894
bcsstk15,BEST_AVAILABLE_OF_5_LARGER_GRAPHS,INCIDENCE_DEGREE,1950,3250,0.1765898150494046
bcsstk15,BEST_AVAILABLE_OF_5_LARGER_GRAPHS,INCIDENCE_DEGREE,2288,3251,0.1763364580694198
bcsstk15,BEST_AVAILABLE_OF_5_LARGER_GRAPHS,INCIDENCE_DEGREE,2286,3252,0.176083101089435
bcsstk15,BEST_AVAILABLE_OF_5_LARGER_GRAPHS,INCIDENCE_DEGREE,2276,3253,0.1758297441094502
bcsstk15,BEST_AVAILABLE_OF_5_LARGER_GRAPHS,INCIDENCE_DEGREE,2564,3254,0.1755763871294654
bcsstk15,BEST_AVAILABLE_OF_5_LARGER_GRAPHS,INCIDENCE_DEGREE,2274,3255,0.1753230301494806
bcsstk15,BEST_AVAILABLE_OF_5_LARGER_GRAPHS,INCIDENCE_DEGREE,2606,3256,0.17506967316949582
bcsstk15,BEST_AVAILABLE_OF_5_LARGER_GRAPHS,INCIDENCE_DEGREE,2604,3257,0.17481631618951102
bcsstk15,BEST_AVAILABLE_OF_5_LARGER_GRAPHS,INCIDENCE_DEGREE,2562,3258,0.17456295920952622
bcsstk15,BEST_AVAILABLE_OF_5_LARGER_GRAPHS,INCIDENCE_DEGREE,2566,3259,0.17430960222954142
bcsstk15,BEST_AVAILABLE_OF_5_LARGER_GRAPHS,INCIDENCE_DEGREE,2577,3260,0.17405624524955662
bcsstk15,BEST_AVAILABLE_OF_5_LARGER_GRAPHS,INCIDENCE_DEGREE,2567,3261,0.17380288826957183
bcsstk15,BEST_AVAILABLE_OF_5_LARGER_GRAPHS,INCIDENCE_DEGREE,2873,3262,0.17354953128958703
bcsstk15,BEST_AVAILABLE_OF_5_LARGER_GRAPHS,INCIDENCE_DEGREE,2871,3263,0.17329617430960223
bcsstk15,BEST_AVAILABLE_OF_5_LARGER_GRAPHS,INCIDENCE_DEGREE,2869,3264,0.17304281732961743
bcsstk15,BEST_AVAILABLE_OF_5_LARGER_GRAPHS,INCIDENCE_DEGREE,2575,3265,0.17278946034963263
bcsstk15,BEST_AVAILABLE_OF_5_LARGER_GRAPHS,INCIDENCE_DEGREE,2879,3266,0.17253610336964784
bcsstk15,BEST_AVAILABLE_OF_5_LARGER_GRAPHS,INCIDENCE_DEGREE,2877,3267,0.17228274638966304
bcsstk15,BEST_AVAILABLE_OF_5_LARGER_GRAPHS,INCIDENCE_DEGREE,2875,3268,0.17202938940967824
bcsstk15,BEST_AVAILABLE_OF_5_LARGER_GRAPHS,INCIDENCE_DEGREE,2685,3269,0.17177603242969344
bcsstk15,BEST_AVAILABLE_OF_5_LARGER_GRAPHS,INCIDENCE_DEGREE,2579,3270,0.17152267544970864
bcsstk15,BEST_AVAILABLE_OF_5_LARGER_GRAPHS,INCIDENCE_DEGREE,2683,3271,0.17126931846972385
bcsstk15,BEST_AVAILABLE_OF_5_LARGER_GRAPHS,INCIDENCE_DEGREE,2578,3272,0.17101596148973905
bcsstk15,BEST_AVAILABLE_OF_5_LARGER_GRAPHS,INCIDENCE_DEGREE,2574,3273,0.17076260450975425
bcsstk15,BEST_AVAILABLE_OF_5_LARGER_GRAPHS,INCIDENCE_DEGREE,2576,3274,0.17050924752976945
bcsstk15,BEST_AVAILABLE_OF_5_LARGER_GRAPHS,INCIDENCE_DEGREE,2594,3275,0.17025589054978466
bcsstk15,BEST_AVAILABLE_OF_5_LARGER_GRAPHS,INCIDENCE_DEGREE,2592,3276,0.17000253356979986
bcsstk15,BEST_AVAILABLE_OF_5_LARGER_GRAPHS,INCIDENCE_DEGREE,2888,3277,0.16974917658981506
bcsstk15,BEST_AVAILABLE_OF_5_LARGER_GRAPHS,INCIDENCE_DEGREE,2886,3278,0.16949581960983026
bcsstk15,BEST_AVAILABLE_OF_5_LARGER_GRAPHS,INCIDENCE_DEGREE,2870,3279,0.16924246262984546
bcsstk15,BEST_AVAILABLE_OF_5_LARGER_GRAPHS,INCIDENCE_DEGREE,2868,3280,0.16898910564986067
bcsstk15,BEST_AVAILABLE_OF_5_LARGER_GRAPHS,INCIDENCE_DEGREE,2684,3281,0.16873574866987587
bcsstk15,BEST_AVAILABLE_OF_5_LARGER_GRAPHS,INCIDENCE_DEGREE,2697,3282,0.16848239168989107
bcsstk15,BEST_AVAILABLE_OF_5_LARGER_GRAPHS,INCIDENCE_DEGREE,2686,3283,0.16822903470990624
bcsstk15,BEST_AVAILABLE_OF_5_LARGER_GRAPHS,INCIDENCE_DEGREE,2682,3284,0.16797567772992145
bcsstk15,BEST_AVAILABLE_OF_5_LARGER_GRAPHS,INCIDENCE_DEGREE,2687,3285,0.16772232074993665
bcsstk15,BEST_AVAILABLE_OF_5_LARGER_GRAPHS,INCIDENCE_DEGREE,3152,3286,0.16746896376995185
bcsstk15,BEST_AVAILABLE_OF_5_LARGER_GRAPHS,INCIDENCE_DEGREE,3150,3287,0.16721560678996705
bcsstk15,BEST_AVAILABLE_OF_5_LARGER_GRAPHS,INCIDENCE_DEGREE,2698,3288,0.16696224980998225
bcsstk15,BEST_AVAILABLE_OF_5_LARGER_GRAPHS,INCIDENCE_DEGREE,2695,3289,0.16670889282999746
bcsstk15,BEST_AVAILABLE_OF_5_LARGER_GRAPHS,INCIDENCE_DEGREE,2975,3290,0.16645553585001266
bcsstk15,BEST_AVAILABLE_OF_5_LARGER_GRAPHS,INCIDENCE_DEGREE,2973,3291,0.16620217887002786
bcsstk15,BEST_AVAILABLE_OF_5_LARGER_GRAPHS,INCIDENCE_DEGREE,2971,3292,0.16594882189004306
bcsstk15,BEST_AVAILABLE_OF_5_LARGER_GRAPHS,INCIDENCE_DEGREE,2703,3293,0.16569546491005827
bcsstk15,BEST_AVAILABLE_OF_5_LARGER_GRAPHS,INCIDENCE_DEGREE,2699,3294,0.16544210793007347
bcsstk15,BEST_AVAILABLE_OF_5_LARGER_GRAPHS,INCIDENCE_DEGREE,2696,3295,0.16518875095008867
bcsstk15,BEST_AVAILABLE_OF_5_LARGER_GRAPHS,INCIDENCE_DEGREE,2876,3296,0.16493539397010387
bcsstk15,BEST_AVAILABLE_OF_5_LARGER_GRAPHS,INCIDENCE_DEGREE,2874,3297,0.16468203699011907
bcsstk15,BEST_AVAILABLE_OF_5_LARGER_GRAPHS,INCIDENCE_DEGREE,2694,3298,0.16442868001013428
bcsstk15,BEST_AVAILABLE_OF_5_LARGER_GRAPHS,INCIDENCE_DEGREE,2704,3299,0.16417532303014948
bcsstk15,BEST_AVAILABLE_OF_5_LARGER_GRAPHS,INCIDENCE_DEGREE,2702,3300,0.16392196605016468
bcsstk15,BEST_AVAILABLE_OF_5_LARGER_GRAPHS,INCIDENCE_DEGREE,2701,3301,0.16366860907017988
bcsstk15,BEST_AVAILABLE_OF_5_LARGER_GRAPHS,INCIDENCE_DEGREE,2700,3302,0.16341525209019508
bcsstk15,BEST_AVAILABLE_OF_5_LARGER_GRAPHS,INCIDENCE_DEGREE,1240,3303,0.1631618951102103
bcsstk15,BEST_AVAILABLE_OF_5_LARGER_GRAPHS,INCIDENCE_DEGREE,682,3304,0.1629085381302255
bcsstk15,BEST_AVAILABLE_OF_5_LARGER_GRAPHS,INCIDENCE_DEGREE,892,3305,0.1626551811502407
bcsstk15,BEST_AVAILABLE_OF_5_LARGER_GRAPHS,INCIDENCE_DEGREE,904,3306,0.1624018241702559
bcsstk15,BEST_AVAILABLE_OF_5_LARGER_GRAPHS,INCIDENCE_DEGREE,874,3307,0.1621484671902711
bcsstk15,BEST_AVAILABLE_OF_5_LARGER_GRAPHS,INCIDENCE_DEGREE,1000,3308,0.1618951102102863
bcsstk15,BEST_AVAILABLE_OF_5_LARGER_GRAPHS,INCIDENCE_DEGREE,2970,3309,0.1616417532303015
bcsstk15,BEST_AVAILABLE_OF_5_LARGER_GRAPHS,INCIDENCE_DEGREE,2972,3310,0.1613883962503167
bcsstk15,BEST_AVAILABLE_OF_5_LARGER_GRAPHS,INCIDENCE_DEGREE,3158,3311,0.1611350392703319
bcsstk15,BEST_AVAILABLE_OF_5_LARGER_GRAPHS,INCIDENCE_DEGREE,3156,3312,0.1608816822903471
bcsstk15,BEST_AVAILABLE_OF_5_LARGER_GRAPHS,INCIDENCE_DEGREE,3408,3313,0.1606283253103623
bcsstk15,BEST_AVAILABLE_OF_5_LARGER_GRAPHS,INCIDENCE_DEGREE,3410,3314,0.1603749683303775
bcsstk15,BEST_AVAILABLE_OF_5_LARGER_GRAPHS,INCIDENCE_DEGREE,3237,3315,0.1601216113503927
bcsstk15,BEST_AVAILABLE_OF_5_LARGER_GRAPHS,INCIDENCE_DEGREE,3239,3316,0.15986825437040791
bcsstk15,BEST_AVAILABLE_OF_5_LARGER_GRAPHS,INCIDENCE_DEGREE,3479,3317,0.15961489739042312
bcsstk15,BEST_AVAILABLE_OF_5_LARGER_GRAPHS,INCIDENCE_DEGREE,3235,3318,0.15936154041043832
bcsstk15,BEST_AVAILABLE_OF_5_LARGER_GRAPHS,INCIDENCE_DEGREE,3477,3319,0.15910818343045352
bcsstk15,BEST_AVAILABLE_OF_5_LARGER_GRAPHS,INCIDENCE_DEGREE,2981,3320,0.15885482645046872
bcsstk15,BEST_AVAILABLE_OF_5_LARGER_GRAPHS,INCIDENCE_DEGREE,2979,3321,0.15860146947048392
bcsstk15,BEST_AVAILABLE_OF_5_LARGER_GRAPHS,INCIDENCE_DEGREE,2977,3322,0.15834811249049913
bcsstk15,BEST_AVAILABLE_OF_5_LARGER_GRAPHS,INCIDENCE_DEGREE,2705,3323,0.1580947555105143
bcsstk15,BEST_AVAILABLE_OF_5_LARGER_GRAPHS,INCIDENCE_DEGREE,2709,3324,0.1578413985305295
bcsstk15,BEST_AVAILABLE_OF_5_LARGER_GRAPHS,INCIDENCE_DEGREE,3475,3325,0.1575880415505447
bcsstk15,BEST_AVAILABLE_OF_5_LARGER_GRAPHS,INCIDENCE_DEGREE,3669,3326,0.1573346845705599
bcsstk15,BEST_AVAILABLE_OF_5_LARGER_GRAPHS,INCIDENCE_DEGREE,3670,3327,0.1570813275905751
bcsstk15,BEST_AVAILABLE_OF_5_LARGER_GRAPHS,INCIDENCE_DEGREE,3668,3328,0.1568279706105903
bcsstk15,BEST_AVAILABLE_OF_5_LARGER_GRAPHS,INCIDENCE_DEGREE,3667,3329,0.1565746136306055
bcsstk15,BEST_AVAILABLE_OF_5_LARGER_GRAPHS,INCIDENCE_DEGREE,3245,3330,0.15632125665062072
bcsstk15,BEST_AVAILABLE_OF_5_LARGER_GRAPHS,INCIDENCE_DEGREE,3243,3331,0.15606789967063592
bcsstk15,BEST_AVAILABLE_OF_5_LARGER_GRAPHS,INCIDENCE_DEGREE,3241,3332,0.15581454269065112
bcsstk15,BEST_AVAILABLE_OF_5_LARGER_GRAPHS,INCIDENCE_DEGREE,3236,3333,0.15556118571066632
bcsstk15,BEST_AVAILABLE_OF_5_LARGER_GRAPHS,INCIDENCE_DEGREE,3234,3334,0.15530782873068152
bcsstk15,BEST_AVAILABLE_OF_5_LARGER_GRAPHS,INCIDENCE_DEGREE,3474,3335,0.15505447175069673
bcsstk15,BEST_AVAILABLE_OF_5_LARGER_GRAPHS,INCIDENCE_DEGREE,3476,3336,0.15480111477071193
bcsstk15,BEST_AVAILABLE_OF_5_LARGER_GRAPHS,INCIDENCE_DEGREE,2978,3337,0.15454775779072713
bcsstk15,BEST_AVAILABLE_OF_5_LARGER_GRAPHS,INCIDENCE_DEGREE,2976,3338,0.15429440081074233
bcsstk15,BEST_AVAILABLE_OF_5_LARGER_GRAPHS,INCIDENCE_DEGREE,2708,3339,0.15404104383075753
bcsstk15,BEST_AVAILABLE_OF_5_LARGER_GRAPHS,INCIDENCE_DEGREE,2710,3340,0.15378768685077274
bcsstk15,BEST_AVAILABLE_OF_5_LARGER_GRAPHS,INCIDENCE_DEGREE,2706,3341,0.15353432987078794
bcsstk15,BEST_AVAILABLE_OF_5_LARGER_GRAPHS,INCIDENCE_DEGREE,2707,3342,0.15328097289080314
bcsstk15,BEST_AVAILABLE_OF_5_LARGER_GRAPHS,INCIDENCE_DEGREE,3666,3343,0.15302761591081834
bcsstk15,BEST_AVAILABLE_OF_5_LARGER_GRAPHS,INCIDENCE_DEGREE,3485,3344,0.15277425893083355
bcsstk15,BEST_AVAILABLE_OF_5_LARGER_GRAPHS,INCIDENCE_DEGREE,3483,3345,0.15252090195084875
bcsstk15,BEST_AVAILABLE_OF_5_LARGER_GRAPHS,INCIDENCE_DEGREE,3671,3346,0.15226754497086395
bcsstk15,BEST_AVAILABLE_OF_5_LARGER_GRAPHS,INCIDENCE_DEGREE,3481,3347,0.15201418799087915
bcsstk15,BEST_AVAILABLE_OF_5_LARGER_GRAPHS,INCIDENCE_DEGREE,3675,3348,0.15176083101089435
bcsstk15,BEST_AVAILABLE_OF_5_LARGER_GRAPHS,INCIDENCE_DEGREE,3677,3349,0.15150747403090956
bcsstk15,BEST_AVAILABLE_OF_5_LARGER_GRAPHS,INCIDENCE_DEGREE,3676,3350,0.15125411705092476
bcsstk15,BEST_AVAILABLE_OF_5_LARGER_GRAPHS,INCIDENCE_DEGREE,3672,3351,0.15100076007093996
bcsstk15,BEST_AVAILABLE_OF_5_LARGER_GRAPHS,INCIDENCE_DEGREE,3674,3352,0.15074740309095516
bcsstk15,BEST_AVAILABLE_OF_5_LARGER_GRAPHS,INCIDENCE_DEGREE,3480,3353,0.15049404611097036
bcsstk15,BEST_AVAILABLE_OF_5_LARGER_GRAPHS,INCIDENCE_DEGREE,3482,3354,0.15024068913098557
bcsstk15,BEST_AVAILABLE_OF_5_LARGER_GRAPHS,INCIDENCE_DEGREE,3242,3355,0.14998733215100077
bcsstk15,BEST_AVAILABLE_OF_5_LARGER_GRAPHS,INCIDENCE_DEGREE,3240,3356,0.14973397517101597
bcsstk15,BEST_AVAILABLE_OF_5_LARGER_GRAPHS,INCIDENCE_DEGREE,3478,3357,0.14948061819103117
bcsstk15,BEST_AVAILABLE_OF_5_LARGER_GRAPHS,INCIDENCE_DEGREE,3412,3358,0.14922726121104637
bcsstk15,BEST_AVAILABLE_OF_5_LARGER_GRAPHS,INCIDENCE_DEGREE,3406,3359,0.14897390423106158
bcsstk15,BEST_AVAILABLE_OF_5_LARGER_GRAPHS,INCIDENCE_DEGREE,3172,3360,0.14872054725107678
bcsstk15,BEST_AVAILABLE_OF_5_LARGER_GRAPHS,INCIDENCE_DEGREE,2902,3361,0.14846719027109198
bcsstk15,BEST_AVAILABLE_OF_5_LARGER_GRAPHS,INCIDENCE_DEGREE,2620,3362,0.14821383329110718
bcsstk15,BEST_AVAILABLE_OF_5_LARGER_GRAPHS,INCIDENCE_DEGREE,2302,3363,0.14796047631112239
bcsstk15,BEST_AVAILABLE_OF_5_LARGER_GRAPHS,INCIDENCE_DEGREE,1978,3364,0.14770711933113756
bcsstk15,BEST_AVAILABLE_OF_5_LARGER_GRAPHS,INCIDENCE_DEGREE,1618,3365,0.14745376235115276
bcsstk15,BEST_AVAILABLE_OF_5_LARGER_GRAPHS,INCIDENCE_DEGREE,1264,3366,0.14720040537116796
bcsstk15,BEST_AVAILABLE_OF_5_LARGER_GRAPHS,INCIDENCE_DEGREE,1252,3367,0.14694704839118317
bcsstk15,BEST_AVAILABLE_OF_5_LARGER_GRAPHS,INCIDENCE_DEGREE,1606,3368,0.14669369141119837
bcsstk15,BEST_AVAILABLE_OF_5_LARGER_GRAPHS,INCIDENCE_DEGREE,1966,3369,0.14644033443121357
bcsstk15,BEST_AVAILABLE_OF_5_LARGER_GRAPHS,INCIDENCE_DEGREE,2290,3370,0.14618697745122877
bcsstk15,BEST_AVAILABLE_OF_5_LARGER_GRAPHS,INCIDENCE_DEGREE,2608,3371,0.14593362047124397
bcsstk15,BEST_AVAILABLE_OF_5_LARGER_GRAPHS,INCIDENCE_DEGREE,2890,3372,0.14568026349125918
bcsstk15,BEST_AVAILABLE_OF_5_LARGER_GRAPHS,INCIDENCE_DEGREE,3154,3373,0.14542690651127438
bcsstk15,BEST_AVAILABLE_OF_5_LARGER_GRAPHS,INCIDENCE_DEGREE,3160,3374,0.14517354953128958
bcsstk15,BEST_AVAILABLE_OF_5_LARGER_GRAPHS,INCIDENCE_DEGREE,3238,3375,0.14492019255130478
bcsstk15,BEST_AVAILABLE_OF_5_LARGER_GRAPHS,INCIDENCE_DEGREE,250,3376,0.14466683557131998
bcsstk15,BEST_AVAILABLE_OF_5_LARGER_GRAPHS,INCIDENCE_DEGREE,430,3377,0.1444134785913352
bcsstk15,BEST_AVAILABLE_OF_5_LARGER_GRAPHS,INCIDENCE_DEGREE,268,3378,0.1441601216113504
bcsstk15,BEST_AVAILABLE_OF_5_LARGER_GRAPHS,INCIDENCE_DEGREE,244,3379,0.1439067646313656
bcsstk15,BEST_AVAILABLE_OF_5_LARGER_GRAPHS,INCIDENCE_DEGREE,3087,3380,0.1436534076513808
bcsstk15,BEST_AVAILABLE_OF_5_LARGER_GRAPHS,INCIDENCE_DEGREE,3099,3381,0.143400050671396
bcsstk15,BEST_AVAILABLE_OF_5_LARGER_GRAPHS,INCIDENCE_DEGREE,3100,3382,0.1431466936914112
bcsstk15,BEST_AVAILABLE_OF_5_LARGER_GRAPHS,INCIDENCE_DEGREE,3098,3383,0.1428933367114264
bcsstk15,BEST_AVAILABLE_OF_5_LARGER_GRAPHS,INCIDENCE_DEGREE,3088,3384,0.1426399797314416
bcsstk15,BEST_AVAILABLE_OF_5_LARGER_GRAPHS,INCIDENCE_DEGREE,3086,3385,0.1423866227514568
bcsstk15,BEST_AVAILABLE_OF_5_LARGER_GRAPHS,INCIDENCE_DEGREE,3096,3386,0.142133265771472
bcsstk15,BEST_AVAILABLE_OF_5_LARGER_GRAPHS,INCIDENCE_DEGREE,3084,3387,0.1418799087914872
bcsstk15,BEST_AVAILABLE_OF_5_LARGER_GRAPHS,INCIDENCE_DEGREE,3112,3388,0.1416265518115024
bcsstk15,BEST_AVAILABLE_OF_5_LARGER_GRAPHS,INCIDENCE_DEGREE,3110,3389,0.1413731948315176
bcsstk15,BEST_AVAILABLE_OF_5_LARGER_GRAPHS,INCIDENCE_DEGREE,3108,3390,0.14111983785153281
bcsstk15,BEST_AVAILABLE_OF_5_LARGER_GRAPHS,INCIDENCE_DEGREE,3360,3391,0.14086648087154802
bcsstk15,BEST_AVAILABLE_OF_5_LARGER_GRAPHS,INCIDENCE_DEGREE,3365,3392,0.14061312389156322
bcsstk15,BEST_AVAILABLE_OF_5_LARGER_GRAPHS,INCIDENCE_DEGREE,3364,3393,0.14035976691157842
bcsstk15,BEST_AVAILABLE_OF_5_LARGER_GRAPHS,INCIDENCE_DEGREE,3113,3394,0.14010640993159362
bcsstk15,BEST_AVAILABLE_OF_5_LARGER_GRAPHS,INCIDENCE_DEGREE,3111,3395,0.13985305295160882
bcsstk15,BEST_AVAILABLE_OF_5_LARGER_GRAPHS,INCIDENCE_DEGREE,3101,3396,0.13959969597162403
bcsstk15,BEST_AVAILABLE_OF_5_LARGER_GRAPHS,INCIDENCE_DEGREE,3109,3397,0.13934633899163923
bcsstk15,BEST_AVAILABLE_OF_5_LARGER_GRAPHS,INCIDENCE_DEGREE,3097,3398,0.13909298201165443
bcsstk15,BEST_AVAILABLE_OF_5_LARGER_GRAPHS,INCIDENCE_DEGREE,3362,3399,0.13883962503166963
bcsstk15,BEST_AVAILABLE_OF_5_LARGER_GRAPHS,INCIDENCE_DEGREE,3361,3400,0.13858626805168484
bcsstk15,BEST_AVAILABLE_OF_5_LARGER_GRAPHS,INCIDENCE_DEGREE,3569,3401,0.13833291107170004
bcsstk15,BEST_AVAILABLE_OF_5_LARGER_GRAPHS,INCIDENCE_DEGREE,3568,3402,0.13807955409171524
bcsstk15,BEST_AVAILABLE_OF_5_LARGER_GRAPHS,INCIDENCE_DEGREE,3363,3403,0.13782619711173044
bcsstk15,BEST_AVAILABLE_OF_5_LARGER_GRAPHS,INCIDENCE_DEGREE,3564,3404,0.13757284013174562
bcsstk15,BEST_AVAILABLE_OF_5_LARGER_GRAPHS,INCIDENCE_DEGREE,3566,3405,0.13731948315176082
bcsstk15,BEST_AVAILABLE_OF_5_LARGER_GRAPHS,INCIDENCE_DEGREE,3664,3406,0.13706612617177602
bcsstk15,BEST_AVAILABLE_OF_5_LARGER_GRAPHS,INCIDENCE_DEGREE,3665,3407,0.13681276919179122
bcsstk15,BEST_AVAILABLE_OF_5_LARGER_GRAPHS,INCIDENCE_DEGREE,3660,3408,0.13655941221180642
bcsstk15,BEST_AVAILABLE_OF_5_LARGER_GRAPHS,INCIDENCE_DEGREE,3712,3409,0.13630605523182163
bcsstk15,BEST_AVAILABLE_OF_5_LARGER_GRAPHS,INCIDENCE_DEGREE,3723,3410,0.13605269825183683
bcsstk15,BEST_AVAILABLE_OF_5_LARGER_GRAPHS,INCIDENCE_DEGREE,3722,3411,0.13579934127185203
bcsstk15,BEST_AVAILABLE_OF_5_LARGER_GRAPHS,INCIDENCE_DEGREE,3729,3412,0.13554598429186723
bcsstk15,BEST_AVAILABLE_OF_5_LARGER_GRAPHS,INCIDENCE_DEGREE,3724,3413,0.13529262731188244
bcsstk15,BEST_AVAILABLE_OF_5_LARGER_GRAPHS,INCIDENCE_DEGREE,3730,3414,0.13503927033189764
bcsstk15,BEST_AVAILABLE_OF_5_LARGER_GRAPHS,INCIDENCE_DEGREE,3728,3415,0.13478591335191284
bcsstk15,BEST_AVAILABLE_OF_5_LARGER_GRAPHS,INCIDENCE_DEGREE,3720,3416,0.13453255637192804
bcsstk15,BEST_AVAILABLE_OF_5_LARGER_GRAPHS,INCIDENCE_DEGREE,3726,3417,0.13427919939194324
bcsstk15,BEST_AVAILABLE_OF_5_LARGER_GRAPHS,INCIDENCE_DEGREE,3662,3418,0.13402584241195845
bcsstk15,BEST_AVAILABLE_OF_5_LARGER_GRAPHS,INCIDENCE_DEGREE,3711,3419,0.13377248543197365
bcsstk15,BEST_AVAILABLE_OF_5_LARGER_GRAPHS,INCIDENCE_DEGREE,3713,3420,0.13351912845198885
bcsstk15,BEST_AVAILABLE_OF_5_LARGER_GRAPHS,INCIDENCE_DEGREE,3725,3421,0.13326577147200405
bcsstk15,BEST_AVAILABLE_OF_5_LARGER_GRAPHS,INCIDENCE_DEGREE,3709,3422,0.13301241449201925
bcsstk15,BEST_AVAILABLE_OF_5_LARGER_GRAPHS,INCIDENCE_DEGREE,3721,3423,0.13275905751203446
bcsstk15,BEST_AVAILABLE_OF_5_LARGER_GRAPHS,INCIDENCE_DEGREE,3661,3424,0.13250570053204966
bcsstk15,BEST_AVAILABLE_OF_5_LARGER_GRAPHS,INCIDENCE_DEGREE,3663,3425,0.13225234355206486
bcsstk15,BEST_AVAILABLE_OF_5_LARGER_GRAPHS,INCIDENCE_DEGREE,3565,3426,0.13199898657208006
bcsstk15,BEST_AVAILABLE_OF_5_LARGER_GRAPHS,INCIDENCE_DEGREE,3567,3427,0.13174562959209526
bcsstk15,BEST_AVAILABLE_OF_5_LARGER_GRAPHS,INCIDENCE_DEGREE,3539,3428,0.13149227261211047
bcsstk15,BEST_AVAILABLE_OF_5_LARGER_GRAPHS,INCIDENCE_DEGREE,3537,3429,0.13123891563212567
bcsstk15,BEST_AVAILABLE_OF_5_LARGER_GRAPHS,INCIDENCE_DEGREE,3731,3430,0.13098555865214087
bcsstk15,BEST_AVAILABLE_OF_5_LARGER_GRAPHS,INCIDENCE_DEGREE,3727,3431,0.13073220167215607
bcsstk15,BEST_AVAILABLE_OF_5_LARGER_GRAPHS,INCIDENCE_DEGREE,3535,3432,0.13047884469217128
bcsstk15,BEST_AVAILABLE_OF_5_LARGER_GRAPHS,INCIDENCE_DEGREE,3353,3433,0.13022548771218648
bcsstk15,BEST_AVAILABLE_OF_5_LARGER_GRAPHS,INCIDENCE_DEGREE,3351,3434,0.12997213073220168
bcsstk15,BEST_AVAILABLE_OF_5_LARGER_GRAPHS,INCIDENCE_DEGREE,3471,3435,0.12971877375221688
bcsstk15,BEST_AVAILABLE_OF_5_LARGER_GRAPHS,INCIDENCE_DEGREE,3473,3436,0.12946541677223208
bcsstk15,BEST_AVAILABLE_OF_5_LARGER_GRAPHS,INCIDENCE_DEGREE,3349,3437,0.12921205979224729
bcsstk15,BEST_AVAILABLE_OF_5_LARGER_GRAPHS,INCIDENCE_DEGREE,3469,3438,0.1289587028122625
bcsstk15,BEST_AVAILABLE_OF_5_LARGER_GRAPHS,INCIDENCE_DEGREE,3089,3439,0.1287053458322777
bcsstk15,BEST_AVAILABLE_OF_5_LARGER_GRAPHS,INCIDENCE_DEGREE,3085,3440,0.1284519888522929
bcsstk15,BEST_AVAILABLE_OF_5_LARGER_GRAPHS,INCIDENCE_DEGREE,3348,3441,0.1281986318723081
bcsstk15,BEST_AVAILABLE_OF_5_LARGER_GRAPHS,INCIDENCE_DEGREE,3350,3442,0.1279452748923233
bcsstk15,BEST_AVAILABLE_OF_5_LARGER_GRAPHS,INCIDENCE_DEGREE,3233,3443,0.1276919179123385
bcsstk15,BEST_AVAILABLE_OF_5_LARGER_GRAPHS,INCIDENCE_DEGREE,3231,3444,0.12743856093235367
bcsstk15,BEST_AVAILABLE_OF_5_LARGER_GRAPHS,INCIDENCE_DEGREE,2961,3445,0.12718520395236887
bcsstk15,BEST_AVAILABLE_OF_5_LARGER_GRAPHS,INCIDENCE_DEGREE,3229,3446,0.12693184697238408
bcsstk15,BEST_AVAILABLE_OF_5_LARGER_GRAPHS,INCIDENCE_DEGREE,2963,3447,0.12667848999239928
bcsstk15,BEST_AVAILABLE_OF_5_LARGER_GRAPHS,INCIDENCE_DEGREE,2962,3448,0.12642513301241448
bcsstk15,BEST_AVAILABLE_OF_5_LARGER_GRAPHS,INCIDENCE_DEGREE,2958,3449,0.12617177603242968
bcsstk15,BEST_AVAILABLE_OF_5_LARGER_GRAPHS,INCIDENCE_DEGREE,2960,3450,0.12591841905244489
bcsstk15,BEST_AVAILABLE_OF_5_LARGER_GRAPHS,INCIDENCE_DEGREE,2959,3451,0.1256650620724601
bcsstk15,BEST_AVAILABLE_OF_5_LARGER_GRAPHS,INCIDENCE_DEGREE,3545,3452,0.1254117050924753
bcsstk15,BEST_AVAILABLE_OF_5_LARGER_GRAPHS,INCIDENCE_DEGREE,3735,3453,0.1251583481124905
bcsstk15,BEST_AVAILABLE_OF_5_LARGER_GRAPHS,INCIDENCE_DEGREE,3543,3454,0.1249049911325057
bcsstk15,BEST_AVAILABLE_OF_5_LARGER_GRAPHS,INCIDENCE_DEGREE,3541,3455,0.1246516341525209
bcsstk15,BEST_AVAILABLE_OF_5_LARGER_GRAPHS,INCIDENCE_DEGREE,3329,3456,0.1243982771725361
bcsstk15,BEST_AVAILABLE_OF_5_LARGER_GRAPHS,INCIDENCE_DEGREE,3327,3457,0.1241449201925513
bcsstk15,BEST_AVAILABLE_OF_5_LARGER_GRAPHS,INCIDENCE_DEGREE,3325,3458,0.1238915632125665
bcsstk15,BEST_AVAILABLE_OF_5_LARGER_GRAPHS,INCIDENCE_DEGREE,3470,3459,0.1236382062325817
bcsstk15,BEST_AVAILABLE_OF_5_LARGER_GRAPHS,INCIDENCE_DEGREE,3536,3460,0.1233848492525969
bcsstk15,BEST_AVAILABLE_OF_5_LARGER_GRAPHS,INCIDENCE_DEGREE,3534,3461,0.12313149227261211
bcsstk15,BEST_AVAILABLE_OF_5_LARGER_GRAPHS,INCIDENCE_DEGREE,3468,3462,0.12287813529262731
bcsstk15,BEST_AVAILABLE_OF_5_LARGER_GRAPHS,INCIDENCE_DEGREE,3228,3463,0.12262477831264251
bcsstk15,BEST_AVAILABLE_OF_5_LARGER_GRAPHS,INCIDENCE_DEGREE,3230,3464,0.12237142133265771
bcsstk15,BEST_AVAILABLE_OF_5_LARGER_GRAPHS,INCIDENCE_DEGREE,3732,3465,0.12211806435267292
bcsstk15,BEST_AVAILABLE_OF_5_LARGER_GRAPHS,INCIDENCE_DEGREE,3737,3466,0.12186470737268812
bcsstk15,BEST_AVAILABLE_OF_5_LARGER_GRAPHS,INCIDENCE_DEGREE,3736,3467,0.12161135039270332
bcsstk15,BEST_AVAILABLE_OF_5_LARGER_GRAPHS,INCIDENCE_DEGREE,3734,3468,0.12135799341271852
bcsstk15,BEST_AVAILABLE_OF_5_LARGER_GRAPHS,INCIDENCE_DEGREE,3718,3469,0.12110463643273373
bcsstk15,BEST_AVAILABLE_OF_5_LARGER_GRAPHS,INCIDENCE_DEGREE,3717,3470,0.12085127945274893
bcsstk15,BEST_AVAILABLE_OF_5_LARGER_GRAPHS,INCIDENCE_DEGREE,3733,3471,0.12059792247276413
bcsstk15,BEST_AVAILABLE_OF_5_LARGER_GRAPHS,INCIDENCE_DEGREE,3716,3472,0.12034456549277933
bcsstk15,BEST_AVAILABLE_OF_5_LARGER_GRAPHS,INCIDENCE_DEGREE,3714,3473,0.12009120851279453
bcsstk15,BEST_AVAILABLE_OF_5_LARGER_GRAPHS,INCIDENCE_DEGREE,3557,3474,0.11983785153280972
bcsstk15,BEST_AVAILABLE_OF_5_LARGER_GRAPHS,INCIDENCE_DEGREE,3540,3475,0.11958449455282492
bcsstk15,BEST_AVAILABLE_OF_5_LARGER_GRAPHS,INCIDENCE_DEGREE,3542,3476,0.11933113757284013
bcsstk15,BEST_AVAILABLE_OF_5_LARGER_GRAPHS,INCIDENCE_DEGREE,3555,3477,0.11907778059285533
bcsstk15,BEST_AVAILABLE_OF_5_LARGER_GRAPHS,INCIDENCE_DEGREE,3553,3478,0.11882442361287053
bcsstk15,BEST_AVAILABLE_OF_5_LARGER_GRAPHS,INCIDENCE_DEGREE,3719,3479,0.11857106663288573
bcsstk15,BEST_AVAILABLE_OF_5_LARGER_GRAPHS,INCIDENCE_DEGREE,3715,3480,0.11831770965290093
bcsstk15,BEST_AVAILABLE_OF_5_LARGER_GRAPHS,INCIDENCE_DEGREE,3673,3481,0.11806435267291614
bcsstk15,BEST_AVAILABLE_OF_5_LARGER_GRAPHS,INCIDENCE_DEGREE,3533,3482,0.11781099569293134
bcsstk15,BEST_AVAILABLE_OF_5_LARGER_GRAPHS,INCIDENCE_DEGREE,3551,3483,0.11755763871294654
bcsstk15,BEST_AVAILABLE_OF_5_LARGER_GRAPHS,INCIDENCE_DEGREE,3531,3484,0.11730428173296174
bcsstk15,BEST_AVAILABLE_OF_5_LARGER_GRAPHS,INCIDENCE_DEGREE,3549,3485,0.11705092475297695
bcsstk15,BEST_AVAILABLE_OF_5_LARGER_GRAPHS,INCIDENCE_DEGREE,3547,3486,0.11679756777299215
bcsstk15,BEST_AVAILABLE_OF_5_LARGER_GRAPHS,INCIDENCE_DEGREE,3529,3487,0.11654421079300735
bcsstk15,BEST_AVAILABLE_OF_5_LARGER_GRAPHS,INCIDENCE_DEGREE,3341,3488,0.11629085381302255
bcsstk15,BEST_AVAILABLE_OF_5_LARGER_GRAPHS,INCIDENCE_DEGREE,3339,3489,0.11603749683303775
bcsstk15,BEST_AVAILABLE_OF_5_LARGER_GRAPHS,INCIDENCE_DEGREE,3337,3490,0.11578413985305296
bcsstk15,BEST_AVAILABLE_OF_5_LARGER_GRAPHS,INCIDENCE_DEGREE,3326,3491,0.11553078287306816
bcsstk15,BEST_AVAILABLE_OF_5_LARGER_GRAPHS,INCIDENCE_DEGREE,3324,3492,0.11527742589308336
bcsstk15,BEST_AVAILABLE_OF_5_LARGER_GRAPHS,INCIDENCE_DEGREE,3552,3493,0.11502406891309856
bcsstk15,BEST_AVAILABLE_OF_5_LARGER_GRAPHS,INCIDENCE_DEGREE,3554,3494,0.11477071193311375
bcsstk15,BEST_AVAILABLE_OF_5_LARGER_GRAPHS,INCIDENCE_DEGREE,3317,3495,0.11451735495312895
bcsstk15,BEST_AVAILABLE_OF_5_LARGER_GRAPHS,INCIDENCE_DEGREE,3315,3496,0.11426399797314415
bcsstk15,BEST_AVAILABLE_OF_5_LARGER_GRAPHS,INCIDENCE_DEGREE,3313,3497,0.11401064099315936
bcsstk15,BEST_AVAILABLE_OF_5_LARGER_GRAPHS,INCIDENCE_DEGREE,3053,3498,0.11375728401317456
bcsstk15,BEST_AVAILABLE_OF_5_LARGER_GRAPHS,INCIDENCE_DEGREE,3051,3499,0.11350392703318976
bcsstk15,BEST_AVAILABLE_OF_5_LARGER_GRAPHS,INCIDENCE_DEGREE,3049,3500,0.11325057005320496
bcsstk15,BEST_AVAILABLE_OF_5_LARGER_GRAPHS,INCIDENCE_DEGREE,3747,3501,0.11299721307322017
bcsstk15,BEST_AVAILABLE_OF_5_LARGER_GRAPHS,INCIDENCE_DEGREE,3579,3502,0.11274385609323537
bcsstk15,BEST_AVAILABLE_OF_5_LARGER_GRAPHS,INCIDENCE_DEGREE,3375,3503,0.11249049911325057
bcsstk15,BEST_AVAILABLE_OF_5_LARGER_GRAPHS,INCIDENCE_DEGREE,2787,3504,0.11223714213326577
bcsstk15,BEST_AVAILABLE_OF_5_LARGER_GRAPHS,INCIDENCE_DEGREE,2789,3505,0.11198378515328097
bcsstk15,BEST_AVAILABLE_OF_5_LARGER_GRAPHS,INCIDENCE_DEGREE,2711,3506,0.11173042817329618
bcsstk15,BEST_AVAILABLE_OF_5_LARGER_GRAPHS,INCIDENCE_DEGREE,2785,3507,0.11147707119331138
bcsstk15,BEST_AVAILABLE_OF_5_LARGER_GRAPHS,INCIDENCE_DEGREE,2499,3508,0.11122371421332658
bcsstk15,BEST_AVAILABLE_OF_5_LARGER_GRAPHS,INCIDENCE_DEGREE,3528,3509,0.11097035723334178
bcsstk15,BEST_AVAILABLE_OF_5_LARGER_GRAPHS,INCIDENCE_DEGREE,3546,3510,0.11071700025335698
bcsstk15,BEST_AVAILABLE_OF_5_LARGER_GRAPHS,INCIDENCE_DEGREE,3548,3511,0.11046364327337219
bcsstk15,BEST_AVAILABLE_OF_5_LARGER_GRAPHS,INCIDENCE_DEGREE,3530,3512,0.11021028629338739
bcsstk15,BEST_AVAILABLE_OF_5_LARGER_GRAPHS,INCIDENCE_DEGREE,3484,3513,0.10995692931340259
bcsstk15,BEST_AVAILABLE_OF_5_LARGER_GRAPHS,INCIDENCE_DEGREE,3321,3514,0.10970357233341779
bcsstk15,BEST_AVAILABLE_OF_5_LARGER_GRAPHS,INCIDENCE_DEGREE,3335,3515,0.10945021535343298
bcsstk15,BEST_AVAILABLE_OF_5_LARGER_GRAPHS,INCIDENCE_DEGREE,3333,3516,0.10919685837344818
bcsstk15,BEST_AVAILABLE_OF_5_LARGER_GRAPHS,INCIDENCE_DEGREE,3323,3517,0.10894350139346339
bcsstk15,BEST_AVAILABLE_OF_5_LARGER_GRAPHS,INCIDENCE_DEGREE,3331,3518,0.10869014441347859
bcsstk15,BEST_AVAILABLE_OF_5_LARGER_GRAPHS,INCIDENCE_DEGREE,3319,3519,0.10843678743349379
bcsstk15,BEST_AVAILABLE_OF_5_LARGER_GRAPHS,INCIDENCE_DEGREE,3059,3520,0.10818343045350899
bcsstk15,BEST_AVAILABLE_OF_5_LARGER_GRAPHS,INCIDENCE_DEGREE,3057,3521,0.1079300734735242
bcsstk15,BEST_AVAILABLE_OF_5_LARGER_GRAPHS,INCIDENCE_DEGREE,3055,3522,0.1076767164935394
bcsstk15,BEST_AVAILABLE_OF_5_LARGER_GRAPHS,INCIDENCE_DEGREE,3312,3523,0.1074233595135546
bcsstk15,BEST_AVAILABLE_OF_5_LARGER_GRAPHS,INCIDENCE_DEGREE,3314,3524,0.1071700025335698
bcsstk15,BEST_AVAILABLE_OF_5_LARGER_GRAPHS,INCIDENCE_DEGREE,3338,3525,0.106916645553585
bcsstk15,BEST_AVAILABLE_OF_5_LARGER_GRAPHS,INCIDENCE_DEGREE,3336,3526,0.1066632885736002
bcsstk15,BEST_AVAILABLE_OF_5_LARGER_GRAPHS,INCIDENCE_DEGREE,3077,3527,0.1064099315936154
bcsstk15,BEST_AVAILABLE_OF_5_LARGER_GRAPHS,INCIDENCE_DEGREE,3075,3528,0.10615657461363061
bcsstk15,BEST_AVAILABLE_OF_5_LARGER_GRAPHS,INCIDENCE_DEGREE,2969,3529,0.10590321763364581
bcsstk15,BEST_AVAILABLE_OF_5_LARGER_GRAPHS,INCIDENCE_DEGREE,3073,3530,0.10564986065366101
bcsstk15,BEST_AVAILABLE_OF_5_LARGER_GRAPHS,INCIDENCE_DEGREE,2967,3531,0.10539650367367621
bcsstk15,BEST_AVAILABLE_OF_5_LARGER_GRAPHS,INCIDENCE_DEGREE,3232,3532,0.10514314669369142
bcsstk15,BEST_AVAILABLE_OF_5_LARGER_GRAPHS,INCIDENCE_DEGREE,2964,3533,0.10488978971370662
bcsstk15,BEST_AVAILABLE_OF_5_LARGER_GRAPHS,INCIDENCE_DEGREE,2966,3534,0.10463643273372182
bcsstk15,BEST_AVAILABLE_OF_5_LARGER_GRAPHS,INCIDENCE_DEGREE,3071,3535,0.10438307575373701
bcsstk15,BEST_AVAILABLE_OF_5_LARGER_GRAPHS,INCIDENCE_DEGREE,3069,3536,0.10412971877375221
bcsstk15,BEST_AVAILABLE_OF_5_LARGER_GRAPHS,INCIDENCE_DEGREE,3067,3537,0.10387636179376741
bcsstk15,BEST_AVAILABLE_OF_5_LARGER_GRAPHS,INCIDENCE_DEGREE,2965,3538,0.10362300481378262
bcsstk15,BEST_AVAILABLE_OF_5_LARGER_GRAPHS,INCIDENCE_DEGREE,3065,3539,0.10336964783379782
bcsstk15,BEST_AVAILABLE_OF_5_LARGER_GRAPHS,INCIDENCE_DEGREE,3063,3540,0.10311629085381302
bcsstk15,BEST_AVAILABLE_OF_5_LARGER_GRAPHS,INCIDENCE_DEGREE,3061,3541,0.10286293387382822
bcsstk15,BEST_AVAILABLE_OF_5_LARGER_GRAPHS,INCIDENCE_DEGREE,2807,3542,0.10260957689384342
bcsstk15,BEST_AVAILABLE_OF_5_LARGER_GRAPHS,INCIDENCE_DEGREE,2805,3543,0.10235621991385863
bcsstk15,BEST_AVAILABLE_OF_5_LARGER_GRAPHS,INCIDENCE_DEGREE,2803,3544,0.10210286293387383
bcsstk15,BEST_AVAILABLE_OF_5_LARGER_GRAPHS,INCIDENCE_DEGREE,2679,3545,0.10184950595388903
bcsstk15,BEST_AVAILABLE_OF_5_LARGER_GRAPHS,INCIDENCE_DEGREE,2795,3546,0.10159614897390423
bcsstk15,BEST_AVAILABLE_OF_5_LARGER_GRAPHS,INCIDENCE_DEGREE,2793,3547,0.10134279199391943
bcsstk15,BEST_AVAILABLE_OF_5_LARGER_GRAPHS,INCIDENCE_DEGREE,2791,3548,0.10108943501393464
bcsstk15,BEST_AVAILABLE_OF_5_LARGER_GRAPHS,INCIDENCE_DEGREE,2801,3549,0.10083607803394984
bcsstk15,BEST_AVAILABLE_OF_5_LARGER_GRAPHS,INCIDENCE_DEGREE,2799,3550,0.10058272105396504
bcsstk15,BEST_AVAILABLE_OF_5_LARGER_GRAPHS,INCIDENCE_DEGREE,2797,3551,0.10032936407398024
bcsstk15,BEST_AVAILABLE_OF_5_LARGER_GRAPHS,INCIDENCE_DEGREE,2505,3552,0.10007600709399544
bcsstk15,BEST_AVAILABLE_OF_5_LARGER_GRAPHS,INCIDENCE_DEGREE,2677,3553,0.09982265011401065
bcsstk15,BEST_AVAILABLE_OF_5_LARGER_GRAPHS,INCIDENCE_DEGREE,2503,3554,0.09956929313402585
bcsstk15,BEST_AVAILABLE_OF_5_LARGER_GRAPHS,INCIDENCE_DEGREE,2507,3555,0.09931593615404104
bcsstk15,BEST_AVAILABLE_OF_5_LARGER_GRAPHS,INCIDENCE_DEGREE,2497,3556,0.09906257917405624
bcsstk15,BEST_AVAILABLE_OF_5_LARGER_GRAPHS,INCIDENCE_DEGREE,2501,3557,0.09880922219407144
bcsstk15,BEST_AVAILABLE_OF_5_LARGER_GRAPHS,INCIDENCE_DEGREE,2681,3558,0.09855586521408664
bcsstk15,BEST_AVAILABLE_OF_5_LARGER_GRAPHS,INCIDENCE_DEGREE,2506,3559,0.09830250823410185
bcsstk15,BEST_AVAILABLE_OF_5_LARGER_GRAPHS,INCIDENCE_DEGREE,2680,3560,0.09804915125411705
bcsstk15,BEST_AVAILABLE_OF_5_LARGER_GRAPHS,INCIDENCE_DEGREE,2678,3561,0.09779579427413225
bcsstk15,BEST_AVAILABLE_OF_5_LARGER_GRAPHS,INCIDENCE_DEGREE,2676,3562,0.09754243729414745
bcsstk15,BEST_AVAILABLE_OF_5_LARGER_GRAPHS,INCIDENCE_DEGREE,2504,3563,0.09728908031416265
bcsstk15,BEST_AVAILABLE_OF_5_LARGER_GRAPHS,INCIDENCE_DEGREE,2502,3564,0.09703572333417786
bcsstk15,BEST_AVAILABLE_OF_5_LARGER_GRAPHS,INCIDENCE_DEGREE,2500,3565,0.09678236635419306
bcsstk15,BEST_AVAILABLE_OF_5_LARGER_GRAPHS,INCIDENCE_DEGREE,2498,3566,0.09652900937420826
bcsstk15,BEST_AVAILABLE_OF_5_LARGER_GRAPHS,INCIDENCE_DEGREE,2496,3567,0.09627565239422346
bcsstk15,BEST_AVAILABLE_OF_5_LARGER_GRAPHS,INCIDENCE_DEGREE,2786,3568,0.09602229541423866
bcsstk15,BEST_AVAILABLE_OF_5_LARGER_GRAPHS,INCIDENCE_DEGREE,2784,3569,0.09576893843425387
bcsstk15,BEST_AVAILABLE_OF_5_LARGER_GRAPHS,INCIDENCE_DEGREE,3050,3570,0.09551558145426907
bcsstk15,BEST_AVAILABLE_OF_5_LARGER_GRAPHS,INCIDENCE_DEGREE,3048,3571,0.09526222447428427
bcsstk15,BEST_AVAILABLE_OF_5_LARGER_GRAPHS,INCIDENCE_DEGREE,2980,3572,0.09500886749429947
bcsstk15,BEST_AVAILABLE_OF_5_LARGER_GRAPHS,INCIDENCE_DEGREE,2792,3573,0.09475551051431468
bcsstk15,BEST_AVAILABLE_OF_5_LARGER_GRAPHS,INCIDENCE_DEGREE,2790,3574,0.09450215353432988
bcsstk15,BEST_AVAILABLE_OF_5_LARGER_GRAPHS,INCIDENCE_DEGREE,3056,3575,0.09424879655434507
bcsstk15,BEST_AVAILABLE_OF_5_LARGER_GRAPHS,INCIDENCE_DEGREE,3054,3576,0.09399543957436027
bcsstk15,BEST_AVAILABLE_OF_5_LARGER_GRAPHS,INCIDENCE_DEGREE,2796,3577,0.09374208259437547
bcsstk15,BEST_AVAILABLE_OF_5_LARGER_GRAPHS,INCIDENCE_DEGREE,2798,3578,0.09348872561439067
bcsstk15,BEST_AVAILABLE_OF_5_LARGER_GRAPHS,INCIDENCE_DEGREE,2802,3579,0.09323536863440587
bcsstk15,BEST_AVAILABLE_OF_5_LARGER_GRAPHS,INCIDENCE_DEGREE,2804,3580,0.09298201165442108
bcsstk15,BEST_AVAILABLE_OF_5_LARGER_GRAPHS,INCIDENCE_DEGREE,3074,3581,0.09272865467443628
bcsstk15,BEST_AVAILABLE_OF_5_LARGER_GRAPHS,INCIDENCE_DEGREE,3072,3582,0.09247529769445148
bcsstk15,BEST_AVAILABLE_OF_5_LARGER_GRAPHS,INCIDENCE_DEGREE,2968,3583,0.09222194071446668
bcsstk15,BEST_AVAILABLE_OF_5_LARGER_GRAPHS,INCIDENCE_DEGREE,3332,3584,0.09196858373448188
bcsstk15,BEST_AVAILABLE_OF_5_LARGER_GRAPHS,INCIDENCE_DEGREE,3330,3585,0.09171522675449709
bcsstk15,BEST_AVAILABLE_OF_5_LARGER_GRAPHS,INCIDENCE_DEGREE,3320,3586,0.09146186977451229
bcsstk15,BEST_AVAILABLE_OF_5_LARGER_GRAPHS,INCIDENCE_DEGREE,3318,3587,0.09120851279452749
bcsstk15,BEST_AVAILABLE_OF_5_LARGER_GRAPHS,INCIDENCE_DEGREE,3068,3588,0.09095515581454269
bcsstk15,BEST_AVAILABLE_OF_5_LARGER_GRAPHS,INCIDENCE_DEGREE,3066,3589,0.0907017988345579
bcsstk15,BEST_AVAILABLE_OF_5_LARGER_GRAPHS,INCIDENCE_DEGREE,3062,3590,0.0904484418545731
bcsstk15,BEST_AVAILABLE_OF_5_LARGER_GRAPHS,INCIDENCE_DEGREE,3060,3591,0.0901950848745883
bcsstk15,BEST_AVAILABLE_OF_5_LARGER_GRAPHS,INCIDENCE_DEGREE,2806,3592,0.0899417278946035
bcsstk15,BEST_AVAILABLE_OF_5_LARGER_GRAPHS,INCIDENCE_DEGREE,2800,3593,0.0896883709146187
bcsstk15,BEST_AVAILABLE_OF_5_LARGER_GRAPHS,INCIDENCE_DEGREE,3076,3594,0.0894350139346339
bcsstk15,BEST_AVAILABLE_OF_5_LARGER_GRAPHS,INCIDENCE_DEGREE,3070,3595,0.0891816569546491
bcsstk15,BEST_AVAILABLE_OF_5_LARGER_GRAPHS,INCIDENCE_DEGREE,3064,3596,0.0889282999746643
bcsstk15,BEST_AVAILABLE_OF_5_LARGER_GRAPHS,INCIDENCE_DEGREE,3058,3597,0.0886749429946795
bcsstk15,BEST_AVAILABLE_OF_5_LARGER_GRAPHS,INCIDENCE_DEGREE,3316,3598,0.0884215860146947
bcsstk15,BEST_AVAILABLE_OF_5_LARGER_GRAPHS,INCIDENCE_DEGREE,3244,3599,0.0881682290347099
bcsstk15,BEST_AVAILABLE_OF_5_LARGER_GRAPHS,INCIDENCE_DEGREE,3052,3600,0.0879148720547251
bcsstk15,BEST_AVAILABLE_OF_5_LARGER_GRAPHS,INCIDENCE_DEGREE,2788,3601,0.0876615150747403
bcsstk15,BEST_AVAILABLE_OF_5_LARGER_GRAPHS,INCIDENCE_DEGREE,2794,3602,0.08740815809475551
bcsstk15,BEST_AVAILABLE_OF_5_LARGER_GRAPHS,INCIDENCE_DEGREE,3550,3603,0.08715480111477071
bcsstk15,BEST_AVAILABLE_OF_5_LARGER_GRAPHS,INCIDENCE_DEGREE,3532,3604,0.08690144413478591
bcsstk15,BEST_AVAILABLE_OF_5_LARGER_GRAPHS,INCIDENCE_DEGREE,3322,3605,0.08664808715480112
bcsstk15,BEST_AVAILABLE_OF_5_LARGER_GRAPHS,INCIDENCE_DEGREE,3334,3606,0.08639473017481632
bcsstk15,BEST_AVAILABLE_OF_5_LARGER_GRAPHS,INCIDENCE_DEGREE,3340,3607,0.08614137319483152
bcsstk15,BEST_AVAILABLE_OF_5_LARGER_GRAPHS,INCIDENCE_DEGREE,3556,3608,0.08588801621484672
bcsstk15,BEST_AVAILABLE_OF_5_LARGER_GRAPHS,INCIDENCE_DEGREE,3352,3609,0.08563465923486192
bcsstk15,BEST_AVAILABLE_OF_5_LARGER_GRAPHS,INCIDENCE_DEGREE,3472,3610,0.08538130225487713
bcsstk15,BEST_AVAILABLE_OF_5_LARGER_GRAPHS,INCIDENCE_DEGREE,3538,3611,0.08512794527489233
bcsstk15,BEST_AVAILABLE_OF_5_LARGER_GRAPHS,INCIDENCE_DEGREE,3544,3612,0.08487458829490753
bcsstk15,BEST_AVAILABLE_OF_5_LARGER_GRAPHS,INCIDENCE_DEGREE,3328,3613,0.08462123131492273
bcsstk15,BEST_AVAILABLE_OF_5_LARGER_GRAPHS,INCIDENCE_DEGREE,1485,3614,0.08436787433493793
bcsstk15,BEST_AVAILABLE_OF_5_LARGER_GRAPHS,INCIDENCE_DEGREE,1486,3615,0.08411451735495312
bcsstk15,BEST_AVAILABLE_OF_5_LARGER_GRAPHS,INCIDENCE_DEGREE,1487,3616,0.08386116037496832
bcsstk15,BEST_AVAILABLE_OF_5_LARGER_GRAPHS,INCIDENCE_DEGREE,1482,3617,0.08360780339498353
bcsstk15,BEST_AVAILABLE_OF_5_LARGER_GRAPHS,INCIDENCE_DEGREE,1484,3618,0.08335444641499873
bcsstk15,BEST_AVAILABLE_OF_5_LARGER_GRAPHS,INCIDENCE_DEGREE,1132,3619,0.08310108943501393
bcsstk15,BEST_AVAILABLE_OF_5_LARGER_GRAPHS,INCIDENCE_DEGREE,1131,3620,0.08284773245502913
bcsstk15,BEST_AVAILABLE_OF_5_LARGER_GRAPHS,INCIDENCE_DEGREE,1483,3621,0.08259437547504433
bcsstk15,BEST_AVAILABLE_OF_5_LARGER_GRAPHS,INCIDENCE_DEGREE,1133,3622,0.08234101849505954
bcsstk15,BEST_AVAILABLE_OF_5_LARGER_GRAPHS,INCIDENCE_DEGREE,1128,3623,0.08208766151507474
bcsstk15,BEST_AVAILABLE_OF_5_LARGER_GRAPHS,INCIDENCE_DEGREE,1130,3624,0.08183430453508994
bcsstk15,BEST_AVAILABLE_OF_5_LARGER_GRAPHS,INCIDENCE_DEGREE,832,3625,0.08158094755510514
bcsstk15,BEST_AVAILABLE_OF_5_LARGER_GRAPHS,INCIDENCE_DEGREE,831,3626,0.08132759057512035
bcsstk15,BEST_AVAILABLE_OF_5_LARGER_GRAPHS,INCIDENCE_DEGREE,833,3627,0.08107423359513555
bcsstk15,BEST_AVAILABLE_OF_5_LARGER_GRAPHS,INCIDENCE_DEGREE,828,3628,0.08082087661515075
bcsstk15,BEST_AVAILABLE_OF_5_LARGER_GRAPHS,INCIDENCE_DEGREE,830,3629,0.08056751963516595
bcsstk15,BEST_AVAILABLE_OF_5_LARGER_GRAPHS,INCIDENCE_DEGREE,1168,3630,0.08031416265518115
bcsstk15,BEST_AVAILABLE_OF_5_LARGER_GRAPHS,INCIDENCE_DEGREE,1167,3631,0.08006080567519636
bcsstk15,BEST_AVAILABLE_OF_5_LARGER_GRAPHS,INCIDENCE_DEGREE,1169,3632,0.07980744869521156
bcsstk15,BEST_AVAILABLE_OF_5_LARGER_GRAPHS,INCIDENCE_DEGREE,1164,3633,0.07955409171522676
bcsstk15,BEST_AVAILABLE_OF_5_LARGER_GRAPHS,INCIDENCE_DEGREE,1166,3634,0.07930073473524196
bcsstk15,BEST_AVAILABLE_OF_5_LARGER_GRAPHS,INCIDENCE_DEGREE,1516,3635,0.07904737775525715
bcsstk15,BEST_AVAILABLE_OF_5_LARGER_GRAPHS,INCIDENCE_DEGREE,1515,3636,0.07879402077527235
bcsstk15,BEST_AVAILABLE_OF_5_LARGER_GRAPHS,INCIDENCE_DEGREE,1517,3637,0.07854066379528755
bcsstk15,BEST_AVAILABLE_OF_5_LARGER_GRAPHS,INCIDENCE_DEGREE,1512,3638,0.07828730681530276
bcsstk15,BEST_AVAILABLE_OF_5_LARGER_GRAPHS,INCIDENCE_DEGREE,1514,3639,0.07803394983531796
bcsstk15,BEST_AVAILABLE_OF_5_LARGER_GRAPHS,INCIDENCE_DEGREE,1672,3640,0.07778059285533316
bcsstk15,BEST_AVAILABLE_OF_5_LARGER_GRAPHS,INCIDENCE_DEGREE,1671,3641,0.07752723587534836
bcsstk15,BEST_AVAILABLE_OF_5_LARGER_GRAPHS,INCIDENCE_DEGREE,1673,3642,0.07727387889536357
bcsstk15,BEST_AVAILABLE_OF_5_LARGER_GRAPHS,INCIDENCE_DEGREE,1668,3643,0.07702052191537877
bcsstk15,BEST_AVAILABLE_OF_5_LARGER_GRAPHS,INCIDENCE_DEGREE,1670,3644,0.07676716493539397
bcsstk15,BEST_AVAILABLE_OF_5_LARGER_GRAPHS,INCIDENCE_DEGREE,1732,3645,0.07651380795540917
bcsstk15,BEST_AVAILABLE_OF_5_LARGER_GRAPHS,INCIDENCE_DEGREE,1731,3646,0.07626045097542437
bcsstk15,BEST_AVAILABLE_OF_5_LARGER_GRAPHS,INCIDENCE_DEGREE,1733,3647,0.07600709399543958
bcsstk15,BEST_AVAILABLE_OF_5_LARGER_GRAPHS,INCIDENCE_DEGREE,1728,3648,0.07575373701545478
bcsstk15,BEST_AVAILABLE_OF_5_LARGER_GRAPHS,INCIDENCE_DEGREE,1730,3649,0.07550038003546998
bcsstk15,BEST_AVAILABLE_OF_5_LARGER_GRAPHS,INCIDENCE_DEGREE,1744,3650,0.07524702305548518
bcsstk15,BEST_AVAILABLE_OF_5_LARGER_GRAPHS,INCIDENCE_DEGREE,1743,3651,0.07499366607550038
bcsstk15,BEST_AVAILABLE_OF_5_LARGER_GRAPHS,INCIDENCE_DEGREE,1745,3652,0.07474030909551559
bcsstk15,BEST_AVAILABLE_OF_5_LARGER_GRAPHS,INCIDENCE_DEGREE,1740,3653,0.07448695211553079
bcsstk15,BEST_AVAILABLE_OF_5_LARGER_GRAPHS,INCIDENCE_DEGREE,1742,3654,0.07423359513554599
bcsstk15,BEST_AVAILABLE_OF_5_LARGER_GRAPHS,INCIDENCE_DEGREE,1756,3655,0.07398023815556119
bcsstk15,BEST_AVAILABLE_OF_5_LARGER_GRAPHS,INCIDENCE_DEGREE,1755,3656,0.07372688117557638
bcsstk15,BEST_AVAILABLE_OF_5_LARGER_GRAPHS,INCIDENCE_DEGREE,1757,3657,0.07347352419559158
bcsstk15,BEST_AVAILABLE_OF_5_LARGER_GRAPHS,INCIDENCE_DEGREE,1752,3658,0.07322016721560679
bcsstk15,BEST_AVAILABLE_OF_5_LARGER_GRAPHS,INCIDENCE_DEGREE,1754,3659,0.07296681023562199
bcsstk15,BEST_AVAILABLE_OF_5_LARGER_GRAPHS,INCIDENCE_DEGREE,1768,3660,0.07271345325563719
bcsstk15,BEST_AVAILABLE_OF_5_LARGER_GRAPHS,INCIDENCE_DEGREE,1767,3661,0.07246009627565239
bcsstk15,BEST_AVAILABLE_OF_5_LARGER_GRAPHS,INCIDENCE_DEGREE,1769,3662,0.0722067392956676
bcsstk15,BEST_AVAILABLE_OF_5_LARGER_GRAPHS,INCIDENCE_DEGREE,1764,3663,0.0719533823156828
bcsstk15,BEST_AVAILABLE_OF_5_LARGER_GRAPHS,INCIDENCE_DEGREE,1766,3664,0.071700025335698
bcsstk15,BEST_AVAILABLE_OF_5_LARGER_GRAPHS,INCIDENCE_DEGREE,1780,3665,0.0714466683557132
bcsstk15,BEST_AVAILABLE_OF_5_LARGER_GRAPHS,INCIDENCE_DEGREE,1779,3666,0.0711933113757284
bcsstk15,BEST_AVAILABLE_OF_5_LARGER_GRAPHS,INCIDENCE_DEGREE,1781,3667,0.0709399543957436
bcsstk15,BEST_AVAILABLE_OF_5_LARGER_GRAPHS,INCIDENCE_DEGREE,1776,3668,0.0706865974157588
bcsstk15,BEST_AVAILABLE_OF_5_LARGER_GRAPHS,INCIDENCE_DEGREE,1778,3669,0.07043324043577401
bcsstk15,BEST_AVAILABLE_OF_5_LARGER_GRAPHS,INCIDENCE_DEGREE,1798,3670,0.07017988345578921
bcsstk15,BEST_AVAILABLE_OF_5_LARGER_GRAPHS,INCIDENCE_DEGREE,1797,3671,0.06992652647580441
bcsstk15,BEST_AVAILABLE_OF_5_LARGER_GRAPHS,INCIDENCE_DEGREE,1799,3672,0.06967316949581961
bcsstk15,BEST_AVAILABLE_OF_5_LARGER_GRAPHS,INCIDENCE_DEGREE,1794,3673,0.06941981251583482
bcsstk15,BEST_AVAILABLE_OF_5_LARGER_GRAPHS,INCIDENCE_DEGREE,1796,3674,0.06916645553585002
bcsstk15,BEST_AVAILABLE_OF_5_LARGER_GRAPHS,INCIDENCE_DEGREE,1708,3675,0.06891309855586522
bcsstk15,BEST_AVAILABLE_OF_5_LARGER_GRAPHS,INCIDENCE_DEGREE,1707,3676,0.06865974157588041
bcsstk15,BEST_AVAILABLE_OF_5_LARGER_GRAPHS,INCIDENCE_DEGREE,1709,3677,0.06840638459589561
bcsstk15,BEST_AVAILABLE_OF_5_LARGER_GRAPHS,INCIDENCE_DEGREE,1704,3678,0.06815302761591081
bcsstk15,BEST_AVAILABLE_OF_5_LARGER_GRAPHS,INCIDENCE_DEGREE,1706,3679,0.06789967063592602
bcsstk15,BEST_AVAILABLE_OF_5_LARGER_GRAPHS,INCIDENCE_DEGREE,1594,3680,0.06764631365594122
bcsstk15,BEST_AVAILABLE_OF_5_LARGER_GRAPHS,INCIDENCE_DEGREE,1954,3681,0.06739295667595642
bcsstk15,BEST_AVAILABLE_OF_5_LARGER_GRAPHS,INCIDENCE_DEGREE,2278,3682,0.06713959969597162
bcsstk15,BEST_AVAILABLE_OF_5_LARGER_GRAPHS,INCIDENCE_DEGREE,2596,3683,0.06688624271598682
bcsstk15,BEST_AVAILABLE_OF_5_LARGER_GRAPHS,INCIDENCE_DEGREE,2872,3684,0.06663288573600203
bcsstk15,BEST_AVAILABLE_OF_5_LARGER_GRAPHS,INCIDENCE_DEGREE,2878,3685,0.06637952875601723
bcsstk15,BEST_AVAILABLE_OF_5_LARGER_GRAPHS,INCIDENCE_DEGREE,2974,3686,0.06612617177603243
bcsstk15,BEST_AVAILABLE_OF_5_LARGER_GRAPHS,INCIDENCE_DEGREE,3345,3687,0.06587281479604763
bcsstk15,BEST_AVAILABLE_OF_5_LARGER_GRAPHS,INCIDENCE_DEGREE,3357,3688,0.06561945781606283
bcsstk15,BEST_AVAILABLE_OF_5_LARGER_GRAPHS,INCIDENCE_DEGREE,1552,3689,0.06536610083607804
bcsstk15,BEST_AVAILABLE_OF_5_LARGER_GRAPHS,INCIDENCE_DEGREE,1912,3690,0.06511274385609324
bcsstk15,BEST_AVAILABLE_OF_5_LARGER_GRAPHS,INCIDENCE_DEGREE,2224,3691,0.06485938687610844
bcsstk15,BEST_AVAILABLE_OF_5_LARGER_GRAPHS,INCIDENCE_DEGREE,2356,3692,0.06460602989612364
bcsstk15,BEST_AVAILABLE_OF_5_LARGER_GRAPHS,INCIDENCE_DEGREE,2422,3693,0.06435267291613884
bcsstk15,BEST_AVAILABLE_OF_5_LARGER_GRAPHS,INCIDENCE_DEGREE,2428,3694,0.06409931593615405
bcsstk15,BEST_AVAILABLE_OF_5_LARGER_GRAPHS,INCIDENCE_DEGREE,2446,3695,0.06384595895616925
bcsstk15,BEST_AVAILABLE_OF_5_LARGER_GRAPHS,INCIDENCE_DEGREE,1129,3696,0.06359260197618444
bcsstk15,BEST_AVAILABLE_OF_5_LARGER_GRAPHS,INCIDENCE_DEGREE,829,3697,0.06333924499619964
bcsstk15,BEST_AVAILABLE_OF_5_LARGER_GRAPHS,INCIDENCE_DEGREE,1165,3698,0.06308588801621484
bcsstk15,BEST_AVAILABLE_OF_5_LARGER_GRAPHS,INCIDENCE_DEGREE,1513,3699,0.06283253103623004
bcsstk15,BEST_AVAILABLE_OF_5_LARGER_GRAPHS,INCIDENCE_DEGREE,1669,3700,0.06257917405624525
bcsstk15,BEST_AVAILABLE_OF_5_LARGER_GRAPHS,INCIDENCE_DEGREE,1729,3701,0.06232581707626045
bcsstk15,BEST_AVAILABLE_OF_5_LARGER_GRAPHS,INCIDENCE_DEGREE,1741,3702,0.06207246009627565
bcsstk15,BEST_AVAILABLE_OF_5_LARGER_GRAPHS,INCIDENCE_DEGREE,1753,3703,0.06181910311629085
bcsstk15,BEST_AVAILABLE_OF_5_LARGER_GRAPHS,INCIDENCE_DEGREE,1765,3704,0.061565746136306054
bcsstk15,BEST_AVAILABLE_OF_5_LARGER_GRAPHS,INCIDENCE_DEGREE,1777,3705,0.061312389156321256
bcsstk15,BEST_AVAILABLE_OF_5_LARGER_GRAPHS,INCIDENCE_DEGREE,1795,3706,0.06105903217633646
bcsstk15,BEST_AVAILABLE_OF_5_LARGER_GRAPHS,INCIDENCE_DEGREE,1705,3707,0.06080567519635166
bcsstk15,BEST_AVAILABLE_OF_5_LARGER_GRAPHS,INCIDENCE_DEGREE,1923,3708,0.06055231821636686
bcsstk15,BEST_AVAILABLE_OF_5_LARGER_GRAPHS,INCIDENCE_DEGREE,2235,3709,0.060298961236382065
bcsstk15,BEST_AVAILABLE_OF_5_LARGER_GRAPHS,INCIDENCE_DEGREE,2247,3710,0.06004560425639727
bcsstk15,BEST_AVAILABLE_OF_5_LARGER_GRAPHS,INCIDENCE_DEGREE,2237,3711,0.05979224727641246
bcsstk15,BEST_AVAILABLE_OF_5_LARGER_GRAPHS,INCIDENCE_DEGREE,2249,3712,0.059538890296427664
bcsstk15,BEST_AVAILABLE_OF_5_LARGER_GRAPHS,INCIDENCE_DEGREE,2367,3713,0.059285533316442866
bcsstk15,BEST_AVAILABLE_OF_5_LARGER_GRAPHS,INCIDENCE_DEGREE,2369,3714,0.05903217633645807
bcsstk15,BEST_AVAILABLE_OF_5_LARGER_GRAPHS,INCIDENCE_DEGREE,2379,3715,0.05877881935647327
bcsstk15,BEST_AVAILABLE_OF_5_LARGER_GRAPHS,INCIDENCE_DEGREE,2381,3716,0.05852546237648847
bcsstk15,BEST_AVAILABLE_OF_5_LARGER_GRAPHS,INCIDENCE_DEGREE,2391,3717,0.058272105396503675
bcsstk15,BEST_AVAILABLE_OF_5_LARGER_GRAPHS,INCIDENCE_DEGREE,2393,3718,0.05801874841651888
bcsstk15,BEST_AVAILABLE_OF_5_LARGER_GRAPHS,INCIDENCE_DEGREE,2409,3719,0.05776539143653408
bcsstk15,BEST_AVAILABLE_OF_5_LARGER_GRAPHS,INCIDENCE_DEGREE,2411,3720,0.05751203445654928
bcsstk15,BEST_AVAILABLE_OF_5_LARGER_GRAPHS,INCIDENCE_DEGREE,2181,3721,0.057258677476564476
bcsstk15,BEST_AVAILABLE_OF_5_LARGER_GRAPHS,INCIDENCE_DEGREE,2183,3722,0.05700532049657968
bcsstk15,BEST_AVAILABLE_OF_5_LARGER_GRAPHS,INCIDENCE_DEGREE,1925,3723,0.05675196351659488
bcsstk15,BEST_AVAILABLE_OF_5_LARGER_GRAPHS,INCIDENCE_DEGREE,1563,3724,0.05649860653661008
bcsstk15,BEST_AVAILABLE_OF_5_LARGER_GRAPHS,INCIDENCE_DEGREE,1565,3725,0.056245249556625285
bcsstk15,BEST_AVAILABLE_OF_5_LARGER_GRAPHS,INCIDENCE_DEGREE,1209,3726,0.05599189257664049
bcsstk15,BEST_AVAILABLE_OF_5_LARGER_GRAPHS,INCIDENCE_DEGREE,1211,3727,0.05573853559665569
bcsstk15,BEST_AVAILABLE_OF_5_LARGER_GRAPHS,INCIDENCE_DEGREE,861,3728,0.05548517861667089
bcsstk15,BEST_AVAILABLE_OF_5_LARGER_GRAPHS,INCIDENCE_DEGREE,863,3729,0.05523182163668609
bcsstk15,BEST_AVAILABLE_OF_5_LARGER_GRAPHS,INCIDENCE_DEGREE,723,3730,0.054978464656701295
bcsstk15,BEST_AVAILABLE_OF_5_LARGER_GRAPHS,INCIDENCE_DEGREE,725,3731,0.05472510767671649
bcsstk15,BEST_AVAILABLE_OF_5_LARGER_GRAPHS,INCIDENCE_DEGREE,1029,3732,0.05447175069673169
bcsstk15,BEST_AVAILABLE_OF_5_LARGER_GRAPHS,INCIDENCE_DEGREE,1031,3733,0.054218393716746895
bcsstk15,BEST_AVAILABLE_OF_5_LARGER_GRAPHS,INCIDENCE_DEGREE,1030,3734,0.0539650367367621
bcsstk15,BEST_AVAILABLE_OF_5_LARGER_GRAPHS,INCIDENCE_DEGREE,1026,3735,0.0537116797567773
bcsstk15,BEST_AVAILABLE_OF_5_LARGER_GRAPHS,INCIDENCE_DEGREE,724,3736,0.0534583227767925
bcsstk15,BEST_AVAILABLE_OF_5_LARGER_GRAPHS,INCIDENCE_DEGREE,720,3737,0.0532049657968077
bcsstk15,BEST_AVAILABLE_OF_5_LARGER_GRAPHS,INCIDENCE_DEGREE,862,3738,0.052951608816822905
bcsstk15,BEST_AVAILABLE_OF_5_LARGER_GRAPHS,INCIDENCE_DEGREE,858,3739,0.05269825183683811
bcsstk15,BEST_AVAILABLE_OF_5_LARGER_GRAPHS,INCIDENCE_DEGREE,722,3740,0.05244489485685331
bcsstk15,BEST_AVAILABLE_OF_5_LARGER_GRAPHS,INCIDENCE_DEGREE,1028,3741,0.052191537876868505
bcsstk15,BEST_AVAILABLE_OF_5_LARGER_GRAPHS,INCIDENCE_DEGREE,860,3742,0.05193818089688371
bcsstk15,BEST_AVAILABLE_OF_5_LARGER_GRAPHS,INCIDENCE_DEGREE,1210,3743,0.05168482391689891
bcsstk15,BEST_AVAILABLE_OF_5_LARGER_GRAPHS,INCIDENCE_DEGREE,1206,3744,0.05143146693691411
bcsstk15,BEST_AVAILABLE_OF_5_LARGER_GRAPHS,INCIDENCE_DEGREE,1208,3745,0.05117810995692931
bcsstk15,BEST_AVAILABLE_OF_5_LARGER_GRAPHS,INCIDENCE_DEGREE,1564,3746,0.050924752976944515
bcsstk15,BEST_AVAILABLE_OF_5_LARGER_GRAPHS,INCIDENCE_DEGREE,1560,3747,0.05067139599695972
bcsstk15,BEST_AVAILABLE_OF_5_LARGER_GRAPHS,INCIDENCE_DEGREE,1562,3748,0.05041803901697492
bcsstk15,BEST_AVAILABLE_OF_5_LARGER_GRAPHS,INCIDENCE_DEGREE,1924,3749,0.05016468203699012
bcsstk15,BEST_AVAILABLE_OF_5_LARGER_GRAPHS,INCIDENCE_DEGREE,1920,3750,0.049911325057005324
bcsstk15,BEST_AVAILABLE_OF_5_LARGER_GRAPHS,INCIDENCE_DEGREE,1922,3751,0.04965796807702052
bcsstk15,BEST_AVAILABLE_OF_5_LARGER_GRAPHS,INCIDENCE_DEGREE,2236,3752,0.04940461109703572
bcsstk15,BEST_AVAILABLE_OF_5_LARGER_GRAPHS,INCIDENCE_DEGREE,2232,3753,0.04915125411705092
bcsstk15,BEST_AVAILABLE_OF_5_LARGER_GRAPHS,INCIDENCE_DEGREE,2234,3754,0.048897897137066125
bcsstk15,BEST_AVAILABLE_OF_5_LARGER_GRAPHS,INCIDENCE_DEGREE,2248,3755,0.04864454015708133
bcsstk15,BEST_AVAILABLE_OF_5_LARGER_GRAPHS,INCIDENCE_DEGREE,2244,3756,0.04839118317709653
bcsstk15,BEST_AVAILABLE_OF_5_LARGER_GRAPHS,INCIDENCE_DEGREE,2246,3757,0.04813782619711173
bcsstk15,BEST_AVAILABLE_OF_5_LARGER_GRAPHS,INCIDENCE_DEGREE,2368,3758,0.04788446921712693
bcsstk15,BEST_AVAILABLE_OF_5_LARGER_GRAPHS,INCIDENCE_DEGREE,2364,3759,0.047631112237142136
bcsstk15,BEST_AVAILABLE_OF_5_LARGER_GRAPHS,INCIDENCE_DEGREE,2366,3760,0.04737775525715734
bcsstk15,BEST_AVAILABLE_OF_5_LARGER_GRAPHS,INCIDENCE_DEGREE,2380,3761,0.04712439827717253
bcsstk15,BEST_AVAILABLE_OF_5_LARGER_GRAPHS,INCIDENCE_DEGREE,2376,3762,0.046871041297187735
bcsstk15,BEST_AVAILABLE_OF_5_LARGER_GRAPHS,INCIDENCE_DEGREE,2378,3763,0.04661768431720294
bcsstk15,BEST_AVAILABLE_OF_5_LARGER_GRAPHS,INCIDENCE_DEGREE,2392,3764,0.04636432733721814
bcsstk15,BEST_AVAILABLE_OF_5_LARGER_GRAPHS,INCIDENCE_DEGREE,2388,3765,0.04611097035723334
bcsstk15,BEST_AVAILABLE_OF_5_LARGER_GRAPHS,INCIDENCE_DEGREE,2390,3766,0.04585761337724854
bcsstk15,BEST_AVAILABLE_OF_5_LARGER_GRAPHS,INCIDENCE_DEGREE,2410,3767,0.045604256397263745
bcsstk15,BEST_AVAILABLE_OF_5_LARGER_GRAPHS,INCIDENCE_DEGREE,2406,3768,0.04535089941727895
bcsstk15,BEST_AVAILABLE_OF_5_LARGER_GRAPHS,INCIDENCE_DEGREE,2408,3769,0.04509754243729415
bcsstk15,BEST_AVAILABLE_OF_5_LARGER_GRAPHS,INCIDENCE_DEGREE,2182,3770,0.04484418545730935
bcsstk15,BEST_AVAILABLE_OF_5_LARGER_GRAPHS,INCIDENCE_DEGREE,2178,3771,0.04459082847732455
bcsstk15,BEST_AVAILABLE_OF_5_LARGER_GRAPHS,INCIDENCE_DEGREE,2180,3772,0.04433747149733975
bcsstk15,BEST_AVAILABLE_OF_5_LARGER_GRAPHS,INCIDENCE_DEGREE,1561,3773,0.04408411451735495
bcsstk15,BEST_AVAILABLE_OF_5_LARGER_GRAPHS,INCIDENCE_DEGREE,1921,3774,0.04383075753737015
bcsstk15,BEST_AVAILABLE_OF_5_LARGER_GRAPHS,INCIDENCE_DEGREE,2233,3775,0.043577400557385355
bcsstk15,BEST_AVAILABLE_OF_5_LARGER_GRAPHS,INCIDENCE_DEGREE,2245,3776,0.04332404357740056
bcsstk15,BEST_AVAILABLE_OF_5_LARGER_GRAPHS,INCIDENCE_DEGREE,2365,3777,0.04307068659741576
bcsstk15,BEST_AVAILABLE_OF_5_LARGER_GRAPHS,INCIDENCE_DEGREE,2377,3778,0.04281732961743096
bcsstk15,BEST_AVAILABLE_OF_5_LARGER_GRAPHS,INCIDENCE_DEGREE,2389,3779,0.042563972637446164
bcsstk15,BEST_AVAILABLE_OF_5_LARGER_GRAPHS,INCIDENCE_DEGREE,2407,3780,0.042310615657461366
bcsstk15,BEST_AVAILABLE_OF_5_LARGER_GRAPHS,INCIDENCE_DEGREE,1207,3781,0.04205725867747656
bcsstk15,BEST_AVAILABLE_OF_5_LARGER_GRAPHS,INCIDENCE_DEGREE,859,3782,0.04180390169749176
bcsstk15,BEST_AVAILABLE_OF_5_LARGER_GRAPHS,INCIDENCE_DEGREE,721,3783,0.041550544717506965
bcsstk15,BEST_AVAILABLE_OF_5_LARGER_GRAPHS,INCIDENCE_DEGREE,1027,3784,0.04129718773752217
bcsstk15,BEST_AVAILABLE_OF_5_LARGER_GRAPHS,INCIDENCE_DEGREE,2179,3785,0.04104383075753737
bcsstk15,BEST_AVAILABLE_OF_5_LARGER_GRAPHS,INCIDENCE_DEGREE,2123,3786,0.04079047377755257
bcsstk15,BEST_AVAILABLE_OF_5_LARGER_GRAPHS,INCIDENCE_DEGREE,2147,3787,0.040537116797567774
bcsstk15,BEST_AVAILABLE_OF_5_LARGER_GRAPHS,INCIDENCE_DEGREE,2142,3788,0.040283759817582976
bcsstk15,BEST_AVAILABLE_OF_5_LARGER_GRAPHS,INCIDENCE_DEGREE,2118,3789,0.04003040283759818
bcsstk15,BEST_AVAILABLE_OF_5_LARGER_GRAPHS,INCIDENCE_DEGREE,2122,3790,0.03977704585761338
bcsstk15,BEST_AVAILABLE_OF_5_LARGER_GRAPHS,INCIDENCE_DEGREE,2146,3791,0.039523688877628575
bcsstk15,BEST_AVAILABLE_OF_5_LARGER_GRAPHS,INCIDENCE_DEGREE,2100,3792,0.03927033189764378
bcsstk15,BEST_AVAILABLE_OF_5_LARGER_GRAPHS,INCIDENCE_DEGREE,2105,3793,0.03901697491765898
bcsstk15,BEST_AVAILABLE_OF_5_LARGER_GRAPHS,INCIDENCE_DEGREE,2104,3794,0.03876361793767418
bcsstk15,BEST_AVAILABLE_OF_5_LARGER_GRAPHS,INCIDENCE_DEGREE,2121,3795,0.038510260957689384
bcsstk15,BEST_AVAILABLE_OF_5_LARGER_GRAPHS,INCIDENCE_DEGREE,2145,3796,0.038256903977704586
bcsstk15,BEST_AVAILABLE_OF_5_LARGER_GRAPHS,INCIDENCE_DEGREE,2120,3797,0.03800354699771979
bcsstk15,BEST_AVAILABLE_OF_5_LARGER_GRAPHS,INCIDENCE_DEGREE,2144,3798,0.03775019001773499
bcsstk15,BEST_AVAILABLE_OF_5_LARGER_GRAPHS,INCIDENCE_DEGREE,1804,3799,0.03749683303775019
bcsstk15,BEST_AVAILABLE_OF_5_LARGER_GRAPHS,INCIDENCE_DEGREE,1803,3800,0.037243476057765394
bcsstk15,BEST_AVAILABLE_OF_5_LARGER_GRAPHS,INCIDENCE_DEGREE,1802,3801,0.036990119077780596
bcsstk15,BEST_AVAILABLE_OF_5_LARGER_GRAPHS,INCIDENCE_DEGREE,1810,3802,0.03673676209779579
bcsstk15,BEST_AVAILABLE_OF_5_LARGER_GRAPHS,INCIDENCE_DEGREE,1809,3803,0.036483405117810994
bcsstk15,BEST_AVAILABLE_OF_5_LARGER_GRAPHS,INCIDENCE_DEGREE,1808,3804,0.036230048137826196
bcsstk15,BEST_AVAILABLE_OF_5_LARGER_GRAPHS,INCIDENCE_DEGREE,1805,3805,0.0359766911578414
bcsstk15,BEST_AVAILABLE_OF_5_LARGER_GRAPHS,INCIDENCE_DEGREE,1800,3806,0.0357233341778566
bcsstk15,BEST_AVAILABLE_OF_5_LARGER_GRAPHS,INCIDENCE_DEGREE,1811,3807,0.0354699771978718
bcsstk15,BEST_AVAILABLE_OF_5_LARGER_GRAPHS,INCIDENCE_DEGREE,1806,3808,0.035216620217887004
bcsstk15,BEST_AVAILABLE_OF_5_LARGER_GRAPHS,INCIDENCE_DEGREE,2103,3809,0.034963263237902206
bcsstk15,BEST_AVAILABLE_OF_5_LARGER_GRAPHS,INCIDENCE_DEGREE,2102,3810,0.03470990625791741
bcsstk15,BEST_AVAILABLE_OF_5_LARGER_GRAPHS,INCIDENCE_DEGREE,2092,3811,0.03445654927793261
bcsstk15,BEST_AVAILABLE_OF_5_LARGER_GRAPHS,INCIDENCE_DEGREE,2093,3812,0.034203192297947806
bcsstk15,BEST_AVAILABLE_OF_5_LARGER_GRAPHS,INCIDENCE_DEGREE,2088,3813,0.03394983531796301
bcsstk15,BEST_AVAILABLE_OF_5_LARGER_GRAPHS,INCIDENCE_DEGREE,2091,3814,0.03369647833797821
bcsstk15,BEST_AVAILABLE_OF_5_LARGER_GRAPHS,INCIDENCE_DEGREE,2090,3815,0.03344312135799341
bcsstk15,BEST_AVAILABLE_OF_5_LARGER_GRAPHS,INCIDENCE_DEGREE,2038,3816,0.033189764378008614
bcsstk15,BEST_AVAILABLE_OF_5_LARGER_GRAPHS,INCIDENCE_DEGREE,2039,3817,0.032936407398023816
bcsstk15,BEST_AVAILABLE_OF_5_LARGER_GRAPHS,INCIDENCE_DEGREE,2034,3818,0.03268305041803902
bcsstk15,BEST_AVAILABLE_OF_5_LARGER_GRAPHS,INCIDENCE_DEGREE,2037,3819,0.03242969343805422
bcsstk15,BEST_AVAILABLE_OF_5_LARGER_GRAPHS,INCIDENCE_DEGREE,2036,3820,0.03217633645806942
bcsstk15,BEST_AVAILABLE_OF_5_LARGER_GRAPHS,INCIDENCE_DEGREE,1894,3821,0.031922979478084625
bcsstk15,BEST_AVAILABLE_OF_5_LARGER_GRAPHS,INCIDENCE_DEGREE,1895,3822,0.03166962249809982
bcsstk15,BEST_AVAILABLE_OF_5_LARGER_GRAPHS,INCIDENCE_DEGREE,1890,3823,0.03141626551811502
bcsstk15,BEST_AVAILABLE_OF_5_LARGER_GRAPHS,INCIDENCE_DEGREE,1893,3824,0.031162908538130224
bcsstk15,BEST_AVAILABLE_OF_5_LARGER_GRAPHS,INCIDENCE_DEGREE,1892,3825,0.030909551558145426
bcsstk15,BEST_AVAILABLE_OF_5_LARGER_GRAPHS,INCIDENCE_DEGREE,1540,3826,0.030656194578160628
bcsstk15,BEST_AVAILABLE_OF_5_LARGER_GRAPHS,INCIDENCE_DEGREE,1541,3827,0.03040283759817583
bcsstk15,BEST_AVAILABLE_OF_5_LARGER_GRAPHS,INCIDENCE_DEGREE,1536,3828,0.030149480618191032
bcsstk15,BEST_AVAILABLE_OF_5_LARGER_GRAPHS,INCIDENCE_DEGREE,1539,3829,0.02989612363820623
bcsstk15,BEST_AVAILABLE_OF_5_LARGER_GRAPHS,INCIDENCE_DEGREE,1538,3830,0.029642766658221433
bcsstk15,BEST_AVAILABLE_OF_5_LARGER_GRAPHS,INCIDENCE_DEGREE,1186,3831,0.029389409678236635
bcsstk15,BEST_AVAILABLE_OF_5_LARGER_GRAPHS,INCIDENCE_DEGREE,1187,3832,0.029136052698251837
bcsstk15,BEST_AVAILABLE_OF_5_LARGER_GRAPHS,INCIDENCE_DEGREE,1182,3833,0.02888269571826704
bcsstk15,BEST_AVAILABLE_OF_5_LARGER_GRAPHS,INCIDENCE_DEGREE,1185,3834,0.028629338738282238
bcsstk15,BEST_AVAILABLE_OF_5_LARGER_GRAPHS,INCIDENCE_DEGREE,1184,3835,0.02837598175829744
bcsstk15,BEST_AVAILABLE_OF_5_LARGER_GRAPHS,INCIDENCE_DEGREE,844,3836,0.028122624778312642
bcsstk15,BEST_AVAILABLE_OF_5_LARGER_GRAPHS,INCIDENCE_DEGREE,845,3837,0.027869267798327844
bcsstk15,BEST_AVAILABLE_OF_5_LARGER_GRAPHS,INCIDENCE_DEGREE,840,3838,0.027615910818343047
bcsstk15,BEST_AVAILABLE_OF_5_LARGER_GRAPHS,INCIDENCE_DEGREE,843,3839,0.027362553838358245
bcsstk15,BEST_AVAILABLE_OF_5_LARGER_GRAPHS,INCIDENCE_DEGREE,842,3840,0.027109196858373447
bcsstk15,BEST_AVAILABLE_OF_5_LARGER_GRAPHS,INCIDENCE_DEGREE,1102,3841,0.02685583987838865
bcsstk15,BEST_AVAILABLE_OF_5_LARGER_GRAPHS,INCIDENCE_DEGREE,1101,3842,0.02660248289840385
bcsstk15,BEST_AVAILABLE_OF_5_LARGER_GRAPHS,INCIDENCE_DEGREE,1100,3843,0.026349125918419054
bcsstk15,BEST_AVAILABLE_OF_5_LARGER_GRAPHS,INCIDENCE_DEGREE,1462,3844,0.026095768938434252
bcsstk15,BEST_AVAILABLE_OF_5_LARGER_GRAPHS,INCIDENCE_DEGREE,1461,3845,0.025842411958449454
bcsstk15,BEST_AVAILABLE_OF_5_LARGER_GRAPHS,INCIDENCE_DEGREE,1460,3846,0.025589054978464656
bcsstk15,BEST_AVAILABLE_OF_5_LARGER_GRAPHS,INCIDENCE_DEGREE,1103,3847,0.02533569799847986
bcsstk15,BEST_AVAILABLE_OF_5_LARGER_GRAPHS,INCIDENCE_DEGREE,1098,3848,0.02508234101849506
bcsstk15,BEST_AVAILABLE_OF_5_LARGER_GRAPHS,INCIDENCE_DEGREE,1463,3849,0.02482898403851026
bcsstk15,BEST_AVAILABLE_OF_5_LARGER_GRAPHS,INCIDENCE_DEGREE,1458,3850,0.02457562705852546
bcsstk15,BEST_AVAILABLE_OF_5_LARGER_GRAPHS,INCIDENCE_DEGREE,1099,3851,0.024322270078540664
bcsstk15,BEST_AVAILABLE_OF_5_LARGER_GRAPHS,INCIDENCE_DEGREE,841,3852,0.024068913098555866
bcsstk15,BEST_AVAILABLE_OF_5_LARGER_GRAPHS,INCIDENCE_DEGREE,1183,3853,0.023815556118571068
bcsstk15,BEST_AVAILABLE_OF_5_LARGER_GRAPHS,INCIDENCE_DEGREE,1537,3854,0.023562199138586266
bcsstk15,BEST_AVAILABLE_OF_5_LARGER_GRAPHS,INCIDENCE_DEGREE,1891,3855,0.02330884215860147
bcsstk15,BEST_AVAILABLE_OF_5_LARGER_GRAPHS,INCIDENCE_DEGREE,2035,3856,0.02305548517861667
bcsstk15,BEST_AVAILABLE_OF_5_LARGER_GRAPHS,INCIDENCE_DEGREE,2089,3857,0.022802128198631873
bcsstk15,BEST_AVAILABLE_OF_5_LARGER_GRAPHS,INCIDENCE_DEGREE,2101,3858,0.022548771218647075
bcsstk15,BEST_AVAILABLE_OF_5_LARGER_GRAPHS,INCIDENCE_DEGREE,2119,3859,0.022295414238662273
bcsstk15,BEST_AVAILABLE_OF_5_LARGER_GRAPHS,INCIDENCE_DEGREE,2143,3860,0.022042057258677476
bcsstk15,BEST_AVAILABLE_OF_5_LARGER_GRAPHS,INCIDENCE_DEGREE,1801,3861,0.021788700278692678
bcsstk15,BEST_AVAILABLE_OF_5_LARGER_GRAPHS,INCIDENCE_DEGREE,1807,3862,0.02153534329870788
bcsstk15,BEST_AVAILABLE_OF_5_LARGER_GRAPHS,INCIDENCE_DEGREE,1459,3863,0.021281986318723082
bcsstk15,BEST_AVAILABLE_OF_5_LARGER_GRAPHS,INCIDENCE_DEGREE,1581,3864,0.02102862933873828
bcsstk15,BEST_AVAILABLE_OF_5_LARGER_GRAPHS,INCIDENCE_DEGREE,1942,3865,0.020775272358753483
bcsstk15,BEST_AVAILABLE_OF_5_LARGER_GRAPHS,INCIDENCE_DEGREE,2266,3866,0.020521915378768685
bcsstk15,BEST_AVAILABLE_OF_5_LARGER_GRAPHS,INCIDENCE_DEGREE,1941,3867,0.020268558398783887
bcsstk15,BEST_AVAILABLE_OF_5_LARGER_GRAPHS,INCIDENCE_DEGREE,2265,3868,0.02001520141879909
bcsstk15,BEST_AVAILABLE_OF_5_LARGER_GRAPHS,INCIDENCE_DEGREE,1940,3869,0.019761844438814288
bcsstk15,BEST_AVAILABLE_OF_5_LARGER_GRAPHS,INCIDENCE_DEGREE,2264,3870,0.01950848745882949
bcsstk15,BEST_AVAILABLE_OF_5_LARGER_GRAPHS,INCIDENCE_DEGREE,2572,3871,0.019255130478844692
bcsstk15,BEST_AVAILABLE_OF_5_LARGER_GRAPHS,INCIDENCE_DEGREE,2571,3872,0.019001773498859894
bcsstk15,BEST_AVAILABLE_OF_5_LARGER_GRAPHS,INCIDENCE_DEGREE,2570,3873,0.018748416518875096
bcsstk15,BEST_AVAILABLE_OF_5_LARGER_GRAPHS,INCIDENCE_DEGREE,2584,3874,0.018495059538890298
bcsstk15,BEST_AVAILABLE_OF_5_LARGER_GRAPHS,INCIDENCE_DEGREE,2583,3875,0.018241702558905497
bcsstk15,BEST_AVAILABLE_OF_5_LARGER_GRAPHS,INCIDENCE_DEGREE,2582,3876,0.0179883455789207
bcsstk15,BEST_AVAILABLE_OF_5_LARGER_GRAPHS,INCIDENCE_DEGREE,2692,3877,0.0177349885989359
bcsstk15,BEST_AVAILABLE_OF_5_LARGER_GRAPHS,INCIDENCE_DEGREE,2691,3878,0.017481631618951103
bcsstk15,BEST_AVAILABLE_OF_5_LARGER_GRAPHS,INCIDENCE_DEGREE,2690,3879,0.017228274638966305
bcsstk15,BEST_AVAILABLE_OF_5_LARGER_GRAPHS,INCIDENCE_DEGREE,2716,3880,0.016974917658981504
bcsstk15,BEST_AVAILABLE_OF_5_LARGER_GRAPHS,INCIDENCE_DEGREE,2715,3881,0.016721560678996706
bcsstk15,BEST_AVAILABLE_OF_5_LARGER_GRAPHS,INCIDENCE_DEGREE,2714,3882,0.016468203699011908
bcsstk15,BEST_AVAILABLE_OF_5_LARGER_GRAPHS,INCIDENCE_DEGREE,2488,3883,0.01621484671902711
bcsstk15,BEST_AVAILABLE_OF_5_LARGER_GRAPHS,INCIDENCE_DEGREE,2487,3884,0.015961489739042312
bcsstk15,BEST_AVAILABLE_OF_5_LARGER_GRAPHS,INCIDENCE_DEGREE,2486,3885,0.01570813275905751
bcsstk15,BEST_AVAILABLE_OF_5_LARGER_GRAPHS,INCIDENCE_DEGREE,2494,3886,0.015454775779072713
bcsstk15,BEST_AVAILABLE_OF_5_LARGER_GRAPHS,INCIDENCE_DEGREE,2493,3887,0.015201418799087915
bcsstk15,BEST_AVAILABLE_OF_5_LARGER_GRAPHS,INCIDENCE_DEGREE,2492,3888,0.014948061819103116
bcsstk15,BEST_AVAILABLE_OF_5_LARGER_GRAPHS,INCIDENCE_DEGREE,1582,3889,0.014694704839118318
bcsstk15,BEST_AVAILABLE_OF_5_LARGER_GRAPHS,INCIDENCE_DEGREE,1580,3890,0.01444134785913352
bcsstk15,BEST_AVAILABLE_OF_5_LARGER_GRAPHS,INCIDENCE_DEGREE,1228,3891,0.01418799087914872
bcsstk15,BEST_AVAILABLE_OF_5_LARGER_GRAPHS,INCIDENCE_DEGREE,1227,3892,0.013934633899163922
bcsstk15,BEST_AVAILABLE_OF_5_LARGER_GRAPHS,INCIDENCE_DEGREE,1226,3893,0.013681276919179123
bcsstk15,BEST_AVAILABLE_OF_5_LARGER_GRAPHS,INCIDENCE_DEGREE,880,3894,0.013427919939194325
bcsstk15,BEST_AVAILABLE_OF_5_LARGER_GRAPHS,INCIDENCE_DEGREE,879,3895,0.013174562959209527
bcsstk15,BEST_AVAILABLE_OF_5_LARGER_GRAPHS,INCIDENCE_DEGREE,878,3896,0.012921205979224727
bcsstk15,BEST_AVAILABLE_OF_5_LARGER_GRAPHS,INCIDENCE_DEGREE,592,3897,0.01266784899923993
bcsstk15,BEST_AVAILABLE_OF_5_LARGER_GRAPHS,INCIDENCE_DEGREE,591,3898,0.01241449201925513
bcsstk15,BEST_AVAILABLE_OF_5_LARGER_GRAPHS,INCIDENCE_DEGREE,590,3899,0.012161135039270332
bcsstk15,BEST_AVAILABLE_OF_5_LARGER_GRAPHS,INCIDENCE_DEGREE,700,3900,0.011907778059285534
bcsstk15,BEST_AVAILABLE_OF_5_LARGER_GRAPHS,INCIDENCE_DEGREE,699,3901,0.011654421079300734
bcsstk15,BEST_AVAILABLE_OF_5_LARGER_GRAPHS,INCIDENCE_DEGREE,698,3902,0.011401064099315936
bcsstk15,BEST_AVAILABLE_OF_5_LARGER_GRAPHS,INCIDENCE_DEGREE,701,3903,0.011147707119331137
bcsstk15,BEST_AVAILABLE_OF_5_LARGER_GRAPHS,INCIDENCE_DEGREE,696,3904,0.010894350139346339
bcsstk15,BEST_AVAILABLE_OF_5_LARGER_GRAPHS,INCIDENCE_DEGREE,593,3905,0.010640993159361541
bcsstk15,BEST_AVAILABLE_OF_5_LARGER_GRAPHS,INCIDENCE_DEGREE,588,3906,0.010387636179376741
bcsstk15,BEST_AVAILABLE_OF_5_LARGER_GRAPHS,INCIDENCE_DEGREE,881,3907,0.010134279199391943
bcsstk15,BEST_AVAILABLE_OF_5_LARGER_GRAPHS,INCIDENCE_DEGREE,876,3908,0.009880922219407144
bcsstk15,BEST_AVAILABLE_OF_5_LARGER_GRAPHS,INCIDENCE_DEGREE,1229,3909,0.009627565239422346
bcsstk15,BEST_AVAILABLE_OF_5_LARGER_GRAPHS,INCIDENCE_DEGREE,1224,3910,0.009374208259437548
bcsstk15,BEST_AVAILABLE_OF_5_LARGER_GRAPHS,INCIDENCE_DEGREE,1583,3911,0.009120851279452748
bcsstk15,BEST_AVAILABLE_OF_5_LARGER_GRAPHS,INCIDENCE_DEGREE,1578,3912,0.00886749429946795
bcsstk15,BEST_AVAILABLE_OF_5_LARGER_GRAPHS,INCIDENCE_DEGREE,1943,3913,0.008614137319483153
bcsstk15,BEST_AVAILABLE_OF_5_LARGER_GRAPHS,INCIDENCE_DEGREE,1938,3914,0.008360780339498353
bcsstk15,BEST_AVAILABLE_OF_5_LARGER_GRAPHS,INCIDENCE_DEGREE,2267,3915,0.008107423359513555
bcsstk15,BEST_AVAILABLE_OF_5_LARGER_GRAPHS,INCIDENCE_DEGREE,2262,3916,0.007854066379528755
bcsstk15,BEST_AVAILABLE_OF_5_LARGER_GRAPHS,INCIDENCE_DEGREE,2573,3917,0.007600709399543958
bcsstk15,BEST_AVAILABLE_OF_5_LARGER_GRAPHS,INCIDENCE_DEGREE,2568,3918,0.007347352419559159
bcsstk15,BEST_AVAILABLE_OF_5_LARGER_GRAPHS,INCIDENCE_DEGREE,2585,3919,0.00709399543957436
bcsstk15,BEST_AVAILABLE_OF_5_LARGER_GRAPHS,INCIDENCE_DEGREE,2580,3920,0.006840638459589561
bcsstk15,BEST_AVAILABLE_OF_5_LARGER_GRAPHS,INCIDENCE_DEGREE,2693,3921,0.006587281479604763
bcsstk15,BEST_AVAILABLE_OF_5_LARGER_GRAPHS,INCIDENCE_DEGREE,2688,3922,0.006333924499619965
bcsstk15,BEST_AVAILABLE_OF_5_LARGER_GRAPHS,INCIDENCE_DEGREE,2717,3923,0.006080567519635166
bcsstk15,BEST_AVAILABLE_OF_5_LARGER_GRAPHS,INCIDENCE_DEGREE,2712,3924,0.005827210539650367
bcsstk15,BEST_AVAILABLE_OF_5_LARGER_GRAPHS,INCIDENCE_DEGREE,2489,3925,0.005573853559665568
bcsstk15,BEST_AVAILABLE_OF_5_LARGER_GRAPHS,INCIDENCE_DEGREE,2484,3926,0.0053204965796807705
bcsstk15,BEST_AVAILABLE_OF_5_LARGER_GRAPHS,INCIDENCE_DEGREE,2495,3927,0.005067139599695972
bcsstk15,BEST_AVAILABLE_OF_5_LARGER_GRAPHS,INCIDENCE_DEGREE,2490,3928,0.004813782619711173
bcsstk15,BEST_AVAILABLE_OF_5_LARGER_GRAPHS,INCIDENCE_DEGREE,2485,3929,0.004560425639726374
bcsstk15,BEST_AVAILABLE_OF_5_LARGER_GRAPHS,INCIDENCE_DEGREE,2713,3930,0.004307068659741576
bcsstk15,BEST_AVAILABLE_OF_5_LARGER_GRAPHS,INCIDENCE_DEGREE,2689,3931,0.0040537116797567775
bcsstk15,BEST_AVAILABLE_OF_5_LARGER_GRAPHS,INCIDENCE_DEGREE,2581,3932,0.003800354699771979
bcsstk15,BEST_AVAILABLE_OF_5_LARGER_GRAPHS,INCIDENCE_DEGREE,2569,3933,0.00354699771978718
bcsstk15,BEST_AVAILABLE_OF_5_LARGER_GRAPHS,INCIDENCE_DEGREE,2263,3934,0.0032936407398023817
bcsstk15,BEST_AVAILABLE_OF_5_LARGER_GRAPHS,INCIDENCE_DEGREE,1939,3935,0.003040283759817583
bcsstk15,BEST_AVAILABLE_OF_5_LARGER_GRAPHS,INCIDENCE_DEGREE,1579,3936,0.002786926779832784
bcsstk15,BEST_AVAILABLE_OF_5_LARGER_GRAPHS,INCIDENCE_DEGREE,1225,3937,0.002533569799847986
bcsstk15,BEST_AVAILABLE_OF_5_LARGER_GRAPHS,INCIDENCE_DEGREE,877,3938,0.002280212819863187
bcsstk15,BEST_AVAILABLE_OF_5_LARGER_GRAPHS,INCIDENCE_DEGREE,589,3939,0.0020268558398783888
bcsstk15,BEST_AVAILABLE_OF_5_LARGER_GRAPHS,INCIDENCE_DEGREE,697,3940,0.00177349885989359
bcsstk15,BEST_AVAILABLE_OF_5_LARGER_GRAPHS,INCIDENCE_DEGREE,2491,3941,0.0015201418799087915
bcsstk15,BEST_AVAILABLE_OF_5_LARGER_GRAPHS,INCIDENCE_DEGREE,499,3942,0.001266784899923993
bcsstk15,BEST_AVAILABLE_OF_5_LARGER_GRAPHS,INCIDENCE_DEGREE,498,3943,0.0010134279199391944
bcsstk15,BEST_AVAILABLE_OF_5_LARGER_GRAPHS,INCIDENCE_DEGREE,500,3944,0.0007600709399543957
bcsstk15,BEST_AVAILABLE_OF_5_LARGER_GRAPHS,INCIDENCE_DEGREE,3284,3945,0.0005067139599695972
bcsstk15,BEST_AVAILABLE_OF_5_LARGER_GRAPHS,INCIDENCE_DEGREE,3708,3946,0.0002533569799847986
bcsstk15,BEST_AVAILABLE_OF_5_LARGER_GRAPHS,INCIDENCE_DEGREE,3710,3947,0.0
