graph_id,selected_ordering,selected_num_colors,node_id,order_position,target_score,source_file
ash85,SMALLEST_LAST,4,13,0,1.0,data\processed\initial_graph_coloring_dataset\colpack_outputs_week13_expanded\ash85_smallest_last.txt
ash85,SMALLEST_LAST,4,14,1,0.9880952380952381,data\processed\initial_graph_coloring_dataset\colpack_outputs_week13_expanded\ash85_smallest_last.txt
ash85,SMALLEST_LAST,4,46,2,0.9761904761904762,data\processed\initial_graph_coloring_dataset\colpack_outputs_week13_expanded\ash85_smallest_last.txt
ash85,SMALLEST_LAST,4,45,3,0.9642857142857143,data\processed\initial_graph_coloring_dataset\colpack_outputs_week13_expanded\ash85_smallest_last.txt
ash85,SMALLEST_LAST,4,57,4,0.9523809523809523,data\processed\initial_graph_coloring_dataset\colpack_outputs_week13_expanded\ash85_smallest_last.txt
ash85,SMALLEST_LAST,4,47,5,0.9404761904761905,data\processed\initial_graph_coloring_dataset\colpack_outputs_week13_expanded\ash85_smallest_last.txt
ash85,SMALLEST_LAST,4,30,6,0.9285714285714286,data\processed\initial_graph_coloring_dataset\colpack_outputs_week13_expanded\ash85_smallest_last.txt
ash85,SMALLEST_LAST,4,48,7,0.9166666666666666,data\processed\initial_graph_coloring_dataset\colpack_outputs_week13_expanded\ash85_smallest_last.txt
ash85,SMALLEST_LAST,4,58,8,0.9047619047619048,data\processed\initial_graph_coloring_dataset\colpack_outputs_week13_expanded\ash85_smallest_last.txt
ash85,SMALLEST_LAST,4,59,9,0.8928571428571429,data\processed\initial_graph_coloring_dataset\colpack_outputs_week13_expanded\ash85_smallest_last.txt
ash85,SMALLEST_LAST,4,50,10,0.8809523809523809,data\processed\initial_graph_coloring_dataset\colpack_outputs_week13_expanded\ash85_smallest_last.txt
ash85,SMALLEST_LAST,4,60,11,0.8690476190476191,data\processed\initial_graph_coloring_dataset\colpack_outputs_week13_expanded\ash85_smallest_last.txt
ash85,SMALLEST_LAST,4,72,12,0.8571428571428571,data\processed\initial_graph_coloring_dataset\colpack_outputs_week13_expanded\ash85_smallest_last.txt
ash85,SMALLEST_LAST,4,61,13,0.8452380952380952,data\processed\initial_graph_coloring_dataset\colpack_outputs_week13_expanded\ash85_smallest_last.txt
ash85,SMALLEST_LAST,4,73,14,0.8333333333333334,data\processed\initial_graph_coloring_dataset\colpack_outputs_week13_expanded\ash85_smallest_last.txt
ash85,SMALLEST_LAST,4,75,15,0.8214285714285714,data\processed\initial_graph_coloring_dataset\colpack_outputs_week13_expanded\ash85_smallest_last.txt
ash85,SMALLEST_LAST,4,77,16,0.8095238095238095,data\processed\initial_graph_coloring_dataset\colpack_outputs_week13_expanded\ash85_smallest_last.txt
ash85,SMALLEST_LAST,4,78,17,0.7976190476190477,data\processed\initial_graph_coloring_dataset\colpack_outputs_week13_expanded\ash85_smallest_last.txt
ash85,SMALLEST_LAST,4,79,18,0.7857142857142857,data\processed\initial_graph_coloring_dataset\colpack_outputs_week13_expanded\ash85_smallest_last.txt
ash85,SMALLEST_LAST,4,56,19,0.7738095238095238,data\processed\initial_graph_coloring_dataset\colpack_outputs_week13_expanded\ash85_smallest_last.txt
ash85,SMALLEST_LAST,4,44,20,0.7619047619047619,data\processed\initial_graph_coloring_dataset\colpack_outputs_week13_expanded\ash85_smallest_last.txt
ash85,SMALLEST_LAST,4,80,21,0.75,data\processed\initial_graph_coloring_dataset\colpack_outputs_week13_expanded\ash85_smallest_last.txt
ash85,SMALLEST_LAST,4,51,22,0.7380952380952381,data\processed\initial_graph_coloring_dataset\colpack_outputs_week13_expanded\ash85_smallest_last.txt
ash85,SMALLEST_LAST,4,43,23,0.7261904761904762,data\processed\initial_graph_coloring_dataset\colpack_outputs_week13_expanded\ash85_smallest_last.txt
ash85,SMALLEST_LAST,4,53,24,0.7142857142857143,data\processed\initial_graph_coloring_dataset\colpack_outputs_week13_expanded\ash85_smallest_last.txt
ash85,SMALLEST_LAST,4,55,25,0.7023809523809523,data\processed\initial_graph_coloring_dataset\colpack_outputs_week13_expanded\ash85_smallest_last.txt
ash85,SMALLEST_LAST,4,81,26,0.6904761904761905,data\processed\initial_graph_coloring_dataset\colpack_outputs_week13_expanded\ash85_smallest_last.txt
ash85,SMALLEST_LAST,4,82,27,0.6785714285714286,data\processed\initial_graph_coloring_dataset\colpack_outputs_week13_expanded\ash85_smallest_last.txt
ash85,SMALLEST_LAST,4,54,28,0.6666666666666666,data\processed\initial_graph_coloring_dataset\colpack_outputs_week13_expanded\ash85_smallest_last.txt
ash85,SMALLEST_LAST,4,52,29,0.6547619047619048,data\processed\initial_graph_coloring_dataset\colpack_outputs_week13_expanded\ash85_smallest_last.txt
ash85,SMALLEST_LAST,4,84,30,0.6428571428571429,data\processed\initial_graph_coloring_dataset\colpack_outputs_week13_expanded\ash85_smallest_last.txt
ash85,SMALLEST_LAST,4,83,31,0.6309523809523809,data\processed\initial_graph_coloring_dataset\colpack_outputs_week13_expanded\ash85_smallest_last.txt
ash85,SMALLEST_LAST,4,12,32,0.6190476190476191,data\processed\initial_graph_coloring_dataset\colpack_outputs_week13_expanded\ash85_smallest_last.txt
ash85,SMALLEST_LAST,4,5,33,0.6071428571428571,data\processed\initial_graph_coloring_dataset\colpack_outputs_week13_expanded\ash85_smallest_last.txt
ash85,SMALLEST_LAST,4,6,34,0.5952380952380952,data\processed\initial_graph_coloring_dataset\colpack_outputs_week13_expanded\ash85_smallest_last.txt
ash85,SMALLEST_LAST,4,15,35,0.5833333333333334,data\processed\initial_graph_coloring_dataset\colpack_outputs_week13_expanded\ash85_smallest_last.txt
ash85,SMALLEST_LAST,4,16,36,0.5714285714285714,data\processed\initial_graph_coloring_dataset\colpack_outputs_week13_expanded\ash85_smallest_last.txt
ash85,SMALLEST_LAST,4,42,37,0.5595238095238095,data\processed\initial_graph_coloring_dataset\colpack_outputs_week13_expanded\ash85_smallest_last.txt
ash85,SMALLEST_LAST,4,29,38,0.5476190476190477,data\processed\initial_graph_coloring_dataset\colpack_outputs_week13_expanded\ash85_smallest_last.txt
ash85,SMALLEST_LAST,4,28,39,0.5357142857142857,data\processed\initial_graph_coloring_dataset\colpack_outputs_week13_expanded\ash85_smallest_last.txt
ash85,SMALLEST_LAST,4,17,40,0.5238095238095238,data\processed\initial_graph_coloring_dataset\colpack_outputs_week13_expanded\ash85_smallest_last.txt
ash85,SMALLEST_LAST,4,7,41,0.5119047619047619,data\processed\initial_graph_coloring_dataset\colpack_outputs_week13_expanded\ash85_smallest_last.txt
ash85,SMALLEST_LAST,4,0,42,0.5,data\processed\initial_graph_coloring_dataset\colpack_outputs_week13_expanded\ash85_smallest_last.txt
ash85,SMALLEST_LAST,4,1,43,0.4880952380952381,data\processed\initial_graph_coloring_dataset\colpack_outputs_week13_expanded\ash85_smallest_last.txt
ash85,SMALLEST_LAST,4,8,44,0.47619047619047616,data\processed\initial_graph_coloring_dataset\colpack_outputs_week13_expanded\ash85_smallest_last.txt
ash85,SMALLEST_LAST,4,18,45,0.4642857142857143,data\processed\initial_graph_coloring_dataset\colpack_outputs_week13_expanded\ash85_smallest_last.txt
ash85,SMALLEST_LAST,4,27,46,0.4523809523809524,data\processed\initial_graph_coloring_dataset\colpack_outputs_week13_expanded\ash85_smallest_last.txt
ash85,SMALLEST_LAST,4,49,47,0.44047619047619047,data\processed\initial_graph_coloring_dataset\colpack_outputs_week13_expanded\ash85_smallest_last.txt
ash85,SMALLEST_LAST,4,41,48,0.42857142857142855,data\processed\initial_graph_coloring_dataset\colpack_outputs_week13_expanded\ash85_smallest_last.txt
ash85,SMALLEST_LAST,4,39,49,0.4166666666666667,data\processed\initial_graph_coloring_dataset\colpack_outputs_week13_expanded\ash85_smallest_last.txt
ash85,SMALLEST_LAST,4,38,50,0.40476190476190477,data\processed\initial_graph_coloring_dataset\colpack_outputs_week13_expanded\ash85_smallest_last.txt
ash85,SMALLEST_LAST,4,26,51,0.39285714285714285,data\processed\initial_graph_coloring_dataset\colpack_outputs_week13_expanded\ash85_smallest_last.txt
ash85,SMALLEST_LAST,4,19,52,0.38095238095238093,data\processed\initial_graph_coloring_dataset\colpack_outputs_week13_expanded\ash85_smallest_last.txt
ash85,SMALLEST_LAST,4,10,53,0.36904761904761907,data\processed\initial_graph_coloring_dataset\colpack_outputs_week13_expanded\ash85_smallest_last.txt
ash85,SMALLEST_LAST,4,9,54,0.35714285714285715,data\processed\initial_graph_coloring_dataset\colpack_outputs_week13_expanded\ash85_smallest_last.txt
ash85,SMALLEST_LAST,4,2,55,0.34523809523809523,data\processed\initial_graph_coloring_dataset\colpack_outputs_week13_expanded\ash85_smallest_last.txt
ash85,SMALLEST_LAST,4,3,56,0.3333333333333333,data\processed\initial_graph_coloring_dataset\colpack_outputs_week13_expanded\ash85_smallest_last.txt
ash85,SMALLEST_LAST,4,20,57,0.32142857142857145,data\processed\initial_graph_coloring_dataset\colpack_outputs_week13_expanded\ash85_smallest_last.txt
ash85,SMALLEST_LAST,4,21,58,0.30952380952380953,data\processed\initial_graph_coloring_dataset\colpack_outputs_week13_expanded\ash85_smallest_last.txt
ash85,SMALLEST_LAST,4,11,59,0.2976190476190476,data\processed\initial_graph_coloring_dataset\colpack_outputs_week13_expanded\ash85_smallest_last.txt
ash85,SMALLEST_LAST,4,4,60,0.2857142857142857,data\processed\initial_graph_coloring_dataset\colpack_outputs_week13_expanded\ash85_smallest_last.txt
ash85,SMALLEST_LAST,4,22,61,0.27380952380952384,data\processed\initial_graph_coloring_dataset\colpack_outputs_week13_expanded\ash85_smallest_last.txt
ash85,SMALLEST_LAST,4,23,62,0.2619047619047619,data\processed\initial_graph_coloring_dataset\colpack_outputs_week13_expanded\ash85_smallest_last.txt
ash85,SMALLEST_LAST,4,24,63,0.25,data\processed\initial_graph_coloring_dataset\colpack_outputs_week13_expanded\ash85_smallest_last.txt
ash85,SMALLEST_LAST,4,25,64,0.23809523809523808,data\processed\initial_graph_coloring_dataset\colpack_outputs_week13_expanded\ash85_smallest_last.txt
ash85,SMALLEST_LAST,4,33,65,0.2261904761904762,data\processed\initial_graph_coloring_dataset\colpack_outputs_week13_expanded\ash85_smallest_last.txt
ash85,SMALLEST_LAST,4,36,66,0.21428571428571427,data\processed\initial_graph_coloring_dataset\colpack_outputs_week13_expanded\ash85_smallest_last.txt
ash85,SMALLEST_LAST,4,35,67,0.20238095238095238,data\processed\initial_graph_coloring_dataset\colpack_outputs_week13_expanded\ash85_smallest_last.txt
ash85,SMALLEST_LAST,4,37,68,0.19047619047619047,data\processed\initial_graph_coloring_dataset\colpack_outputs_week13_expanded\ash85_smallest_last.txt
ash85,SMALLEST_LAST,4,34,69,0.17857142857142858,data\processed\initial_graph_coloring_dataset\colpack_outputs_week13_expanded\ash85_smallest_last.txt
ash85,SMALLEST_LAST,4,31,70,0.16666666666666666,data\processed\initial_graph_coloring_dataset\colpack_outputs_week13_expanded\ash85_smallest_last.txt
ash85,SMALLEST_LAST,4,32,71,0.15476190476190477,data\processed\initial_graph_coloring_dataset\colpack_outputs_week13_expanded\ash85_smallest_last.txt
ash85,SMALLEST_LAST,4,63,72,0.14285714285714285,data\processed\initial_graph_coloring_dataset\colpack_outputs_week13_expanded\ash85_smallest_last.txt
ash85,SMALLEST_LAST,4,64,73,0.13095238095238096,data\processed\initial_graph_coloring_dataset\colpack_outputs_week13_expanded\ash85_smallest_last.txt
ash85,SMALLEST_LAST,4,65,74,0.11904761904761904,data\processed\initial_graph_coloring_dataset\colpack_outputs_week13_expanded\ash85_smallest_last.txt
ash85,SMALLEST_LAST,4,71,75,0.10714285714285714,data\processed\initial_graph_coloring_dataset\colpack_outputs_week13_expanded\ash85_smallest_last.txt
ash85,SMALLEST_LAST,4,70,76,0.09523809523809523,data\processed\initial_graph_coloring_dataset\colpack_outputs_week13_expanded\ash85_smallest_last.txt
ash85,SMALLEST_LAST,4,40,77,0.08333333333333333,data\processed\initial_graph_coloring_dataset\colpack_outputs_week13_expanded\ash85_smallest_last.txt
ash85,SMALLEST_LAST,4,69,78,0.07142857142857142,data\processed\initial_graph_coloring_dataset\colpack_outputs_week13_expanded\ash85_smallest_last.txt
ash85,SMALLEST_LAST,4,68,79,0.05952380952380952,data\processed\initial_graph_coloring_dataset\colpack_outputs_week13_expanded\ash85_smallest_last.txt
ash85,SMALLEST_LAST,4,66,80,0.047619047619047616,data\processed\initial_graph_coloring_dataset\colpack_outputs_week13_expanded\ash85_smallest_last.txt
ash85,SMALLEST_LAST,4,62,81,0.03571428571428571,data\processed\initial_graph_coloring_dataset\colpack_outputs_week13_expanded\ash85_smallest_last.txt
ash85,SMALLEST_LAST,4,67,82,0.023809523809523808,data\processed\initial_graph_coloring_dataset\colpack_outputs_week13_expanded\ash85_smallest_last.txt
ash85,SMALLEST_LAST,4,74,83,0.011904761904761904,data\processed\initial_graph_coloring_dataset\colpack_outputs_week13_expanded\ash85_smallest_last.txt
ash85,SMALLEST_LAST,4,76,84,0.0,data\processed\initial_graph_coloring_dataset\colpack_outputs_week13_expanded\ash85_smallest_last.txt
bcsstk01,SMALLEST_LAST,6,13,0,1.0,data\processed\initial_graph_coloring_dataset\colpack_outputs_week13_expanded\bcsstk01_smallest_last.txt
bcsstk01,SMALLEST_LAST,6,15,1,0.9787234042553191,data\processed\initial_graph_coloring_dataset\colpack_outputs_week13_expanded\bcsstk01_smallest_last.txt
bcsstk01,SMALLEST_LAST,6,43,2,0.9574468085106383,data\processed\initial_graph_coloring_dataset\colpack_outputs_week13_expanded\bcsstk01_smallest_last.txt
bcsstk01,SMALLEST_LAST,6,44,3,0.9361702127659575,data\processed\initial_graph_coloring_dataset\colpack_outputs_week13_expanded\bcsstk01_smallest_last.txt
bcsstk01,SMALLEST_LAST,6,45,4,0.9148936170212766,data\processed\initial_graph_coloring_dataset\colpack_outputs_week13_expanded\bcsstk01_smallest_last.txt
bcsstk01,SMALLEST_LAST,6,14,5,0.8936170212765957,data\processed\initial_graph_coloring_dataset\colpack_outputs_week13_expanded\bcsstk01_smallest_last.txt
bcsstk01,SMALLEST_LAST,6,16,6,0.8723404255319149,data\processed\initial_graph_coloring_dataset\colpack_outputs_week13_expanded\bcsstk01_smallest_last.txt
bcsstk01,SMALLEST_LAST,6,17,7,0.851063829787234,data\processed\initial_graph_coloring_dataset\colpack_outputs_week13_expanded\bcsstk01_smallest_last.txt
bcsstk01,SMALLEST_LAST,6,12,8,0.8297872340425532,data\processed\initial_graph_coloring_dataset\colpack_outputs_week13_expanded\bcsstk01_smallest_last.txt
bcsstk01,SMALLEST_LAST,6,42,9,0.8085106382978723,data\processed\initial_graph_coloring_dataset\colpack_outputs_week13_expanded\bcsstk01_smallest_last.txt
bcsstk01,SMALLEST_LAST,6,46,10,0.7872340425531915,data\processed\initial_graph_coloring_dataset\colpack_outputs_week13_expanded\bcsstk01_smallest_last.txt
bcsstk01,SMALLEST_LAST,6,47,11,0.7659574468085106,data\processed\initial_graph_coloring_dataset\colpack_outputs_week13_expanded\bcsstk01_smallest_last.txt
bcsstk01,SMALLEST_LAST,6,18,12,0.7446808510638298,data\processed\initial_graph_coloring_dataset\colpack_outputs_week13_expanded\bcsstk01_smallest_last.txt
bcsstk01,SMALLEST_LAST,6,23,13,0.723404255319149,data\processed\initial_graph_coloring_dataset\colpack_outputs_week13_expanded\bcsstk01_smallest_last.txt
bcsstk01,SMALLEST_LAST,6,19,14,0.7021276595744681,data\processed\initial_graph_coloring_dataset\colpack_outputs_week13_expanded\bcsstk01_smallest_last.txt
bcsstk01,SMALLEST_LAST,6,21,15,0.6808510638297872,data\processed\initial_graph_coloring_dataset\colpack_outputs_week13_expanded\bcsstk01_smallest_last.txt
bcsstk01,SMALLEST_LAST,6,20,16,0.6595744680851063,data\processed\initial_graph_coloring_dataset\colpack_outputs_week13_expanded\bcsstk01_smallest_last.txt
bcsstk01,SMALLEST_LAST,6,22,17,0.6382978723404256,data\processed\initial_graph_coloring_dataset\colpack_outputs_week13_expanded\bcsstk01_smallest_last.txt
bcsstk01,SMALLEST_LAST,6,4,18,0.6170212765957447,data\processed\initial_graph_coloring_dataset\colpack_outputs_week13_expanded\bcsstk01_smallest_last.txt
bcsstk01,SMALLEST_LAST,6,10,19,0.5957446808510638,data\processed\initial_graph_coloring_dataset\colpack_outputs_week13_expanded\bcsstk01_smallest_last.txt
bcsstk01,SMALLEST_LAST,6,0,20,0.574468085106383,data\processed\initial_graph_coloring_dataset\colpack_outputs_week13_expanded\bcsstk01_smallest_last.txt
bcsstk01,SMALLEST_LAST,6,6,21,0.5531914893617021,data\processed\initial_graph_coloring_dataset\colpack_outputs_week13_expanded\bcsstk01_smallest_last.txt
bcsstk01,SMALLEST_LAST,6,11,22,0.5319148936170213,data\processed\initial_graph_coloring_dataset\colpack_outputs_week13_expanded\bcsstk01_smallest_last.txt
bcsstk01,SMALLEST_LAST,6,5,23,0.5106382978723404,data\processed\initial_graph_coloring_dataset\colpack_outputs_week13_expanded\bcsstk01_smallest_last.txt
bcsstk01,SMALLEST_LAST,6,1,24,0.48936170212765956,data\processed\initial_graph_coloring_dataset\colpack_outputs_week13_expanded\bcsstk01_smallest_last.txt
bcsstk01,SMALLEST_LAST,6,7,25,0.46808510638297873,data\processed\initial_graph_coloring_dataset\colpack_outputs_week13_expanded\bcsstk01_smallest_last.txt
bcsstk01,SMALLEST_LAST,6,3,26,0.44680851063829785,data\processed\initial_graph_coloring_dataset\colpack_outputs_week13_expanded\bcsstk01_smallest_last.txt
bcsstk01,SMALLEST_LAST,6,2,27,0.425531914893617,data\processed\initial_graph_coloring_dataset\colpack_outputs_week13_expanded\bcsstk01_smallest_last.txt
bcsstk01,SMALLEST_LAST,6,8,28,0.40425531914893614,data\processed\initial_graph_coloring_dataset\colpack_outputs_week13_expanded\bcsstk01_smallest_last.txt
bcsstk01,SMALLEST_LAST,6,9,29,0.3829787234042553,data\processed\initial_graph_coloring_dataset\colpack_outputs_week13_expanded\bcsstk01_smallest_last.txt
bcsstk01,SMALLEST_LAST,6,36,30,0.3617021276595745,data\processed\initial_graph_coloring_dataset\colpack_outputs_week13_expanded\bcsstk01_smallest_last.txt
bcsstk01,SMALLEST_LAST,6,41,31,0.3404255319148936,data\processed\initial_graph_coloring_dataset\colpack_outputs_week13_expanded\bcsstk01_smallest_last.txt
bcsstk01,SMALLEST_LAST,6,37,32,0.3191489361702128,data\processed\initial_graph_coloring_dataset\colpack_outputs_week13_expanded\bcsstk01_smallest_last.txt
bcsstk01,SMALLEST_LAST,6,39,33,0.2978723404255319,data\processed\initial_graph_coloring_dataset\colpack_outputs_week13_expanded\bcsstk01_smallest_last.txt
bcsstk01,SMALLEST_LAST,6,38,34,0.2765957446808511,data\processed\initial_graph_coloring_dataset\colpack_outputs_week13_expanded\bcsstk01_smallest_last.txt
bcsstk01,SMALLEST_LAST,6,40,35,0.2553191489361702,data\processed\initial_graph_coloring_dataset\colpack_outputs_week13_expanded\bcsstk01_smallest_last.txt
bcsstk01,SMALLEST_LAST,6,32,36,0.23404255319148937,data\processed\initial_graph_coloring_dataset\colpack_outputs_week13_expanded\bcsstk01_smallest_last.txt
bcsstk01,SMALLEST_LAST,6,34,37,0.2127659574468085,data\processed\initial_graph_coloring_dataset\colpack_outputs_week13_expanded\bcsstk01_smallest_last.txt
bcsstk01,SMALLEST_LAST,6,30,38,0.19148936170212766,data\processed\initial_graph_coloring_dataset\colpack_outputs_week13_expanded\bcsstk01_smallest_last.txt
bcsstk01,SMALLEST_LAST,6,35,39,0.1702127659574468,data\processed\initial_graph_coloring_dataset\colpack_outputs_week13_expanded\bcsstk01_smallest_last.txt
bcsstk01,SMALLEST_LAST,6,31,40,0.14893617021276595,data\processed\initial_graph_coloring_dataset\colpack_outputs_week13_expanded\bcsstk01_smallest_last.txt
bcsstk01,SMALLEST_LAST,6,33,41,0.1276595744680851,data\processed\initial_graph_coloring_dataset\colpack_outputs_week13_expanded\bcsstk01_smallest_last.txt
bcsstk01,SMALLEST_LAST,6,27,42,0.10638297872340426,data\processed\initial_graph_coloring_dataset\colpack_outputs_week13_expanded\bcsstk01_smallest_last.txt
bcsstk01,SMALLEST_LAST,6,25,43,0.0851063829787234,data\processed\initial_graph_coloring_dataset\colpack_outputs_week13_expanded\bcsstk01_smallest_last.txt
bcsstk01,SMALLEST_LAST,6,26,44,0.06382978723404255,data\processed\initial_graph_coloring_dataset\colpack_outputs_week13_expanded\bcsstk01_smallest_last.txt
bcsstk01,SMALLEST_LAST,6,24,45,0.0425531914893617,data\processed\initial_graph_coloring_dataset\colpack_outputs_week13_expanded\bcsstk01_smallest_last.txt
bcsstk01,SMALLEST_LAST,6,28,46,0.02127659574468085,data\processed\initial_graph_coloring_dataset\colpack_outputs_week13_expanded\bcsstk01_smallest_last.txt
bcsstk01,SMALLEST_LAST,6,29,47,0.0,data\processed\initial_graph_coloring_dataset\colpack_outputs_week13_expanded\bcsstk01_smallest_last.txt
bcsstk03,SMALLEST_LAST,4,1,0,1.0,data\processed\initial_graph_coloring_dataset\colpack_outputs_week13_expanded\bcsstk03_smallest_last.txt
bcsstk03,SMALLEST_LAST,4,2,1,0.990990990990991,data\processed\initial_graph_coloring_dataset\colpack_outputs_week13_expanded\bcsstk03_smallest_last.txt
bcsstk03,SMALLEST_LAST,4,5,2,0.9819819819819819,data\processed\initial_graph_coloring_dataset\colpack_outputs_week13_expanded\bcsstk03_smallest_last.txt
bcsstk03,SMALLEST_LAST,4,6,3,0.972972972972973,data\processed\initial_graph_coloring_dataset\colpack_outputs_week13_expanded\bcsstk03_smallest_last.txt
bcsstk03,SMALLEST_LAST,4,9,4,0.963963963963964,data\processed\initial_graph_coloring_dataset\colpack_outputs_week13_expanded\bcsstk03_smallest_last.txt
bcsstk03,SMALLEST_LAST,4,10,5,0.954954954954955,data\processed\initial_graph_coloring_dataset\colpack_outputs_week13_expanded\bcsstk03_smallest_last.txt
bcsstk03,SMALLEST_LAST,4,13,6,0.9459459459459459,data\processed\initial_graph_coloring_dataset\colpack_outputs_week13_expanded\bcsstk03_smallest_last.txt
bcsstk03,SMALLEST_LAST,4,14,7,0.9369369369369369,data\processed\initial_graph_coloring_dataset\colpack_outputs_week13_expanded\bcsstk03_smallest_last.txt
bcsstk03,SMALLEST_LAST,4,17,8,0.9279279279279279,data\processed\initial_graph_coloring_dataset\colpack_outputs_week13_expanded\bcsstk03_smallest_last.txt
bcsstk03,SMALLEST_LAST,4,18,9,0.918918918918919,data\processed\initial_graph_coloring_dataset\colpack_outputs_week13_expanded\bcsstk03_smallest_last.txt
bcsstk03,SMALLEST_LAST,4,21,10,0.9099099099099099,data\processed\initial_graph_coloring_dataset\colpack_outputs_week13_expanded\bcsstk03_smallest_last.txt
bcsstk03,SMALLEST_LAST,4,22,11,0.9009009009009009,data\processed\initial_graph_coloring_dataset\colpack_outputs_week13_expanded\bcsstk03_smallest_last.txt
bcsstk03,SMALLEST_LAST,4,25,12,0.8918918918918919,data\processed\initial_graph_coloring_dataset\colpack_outputs_week13_expanded\bcsstk03_smallest_last.txt
bcsstk03,SMALLEST_LAST,4,26,13,0.8828828828828829,data\processed\initial_graph_coloring_dataset\colpack_outputs_week13_expanded\bcsstk03_smallest_last.txt
bcsstk03,SMALLEST_LAST,4,29,14,0.8738738738738738,data\processed\initial_graph_coloring_dataset\colpack_outputs_week13_expanded\bcsstk03_smallest_last.txt
bcsstk03,SMALLEST_LAST,4,30,15,0.8648648648648649,data\processed\initial_graph_coloring_dataset\colpack_outputs_week13_expanded\bcsstk03_smallest_last.txt
bcsstk03,SMALLEST_LAST,4,33,16,0.8558558558558559,data\processed\initial_graph_coloring_dataset\colpack_outputs_week13_expanded\bcsstk03_smallest_last.txt
bcsstk03,SMALLEST_LAST,4,34,17,0.8468468468468469,data\processed\initial_graph_coloring_dataset\colpack_outputs_week13_expanded\bcsstk03_smallest_last.txt
bcsstk03,SMALLEST_LAST,4,37,18,0.8378378378378378,data\processed\initial_graph_coloring_dataset\colpack_outputs_week13_expanded\bcsstk03_smallest_last.txt
bcsstk03,SMALLEST_LAST,4,38,19,0.8288288288288288,data\processed\initial_graph_coloring_dataset\colpack_outputs_week13_expanded\bcsstk03_smallest_last.txt
bcsstk03,SMALLEST_LAST,4,41,20,0.8198198198198198,data\processed\initial_graph_coloring_dataset\colpack_outputs_week13_expanded\bcsstk03_smallest_last.txt
bcsstk03,SMALLEST_LAST,4,42,21,0.8108108108108109,data\processed\initial_graph_coloring_dataset\colpack_outputs_week13_expanded\bcsstk03_smallest_last.txt
bcsstk03,SMALLEST_LAST,4,45,22,0.8018018018018018,data\processed\initial_graph_coloring_dataset\colpack_outputs_week13_expanded\bcsstk03_smallest_last.txt
bcsstk03,SMALLEST_LAST,4,46,23,0.7927927927927928,data\processed\initial_graph_coloring_dataset\colpack_outputs_week13_expanded\bcsstk03_smallest_last.txt
bcsstk03,SMALLEST_LAST,4,49,24,0.7837837837837838,data\processed\initial_graph_coloring_dataset\colpack_outputs_week13_expanded\bcsstk03_smallest_last.txt
bcsstk03,SMALLEST_LAST,4,50,25,0.7747747747747747,data\processed\initial_graph_coloring_dataset\colpack_outputs_week13_expanded\bcsstk03_smallest_last.txt
bcsstk03,SMALLEST_LAST,4,53,26,0.7657657657657657,data\processed\initial_graph_coloring_dataset\colpack_outputs_week13_expanded\bcsstk03_smallest_last.txt
bcsstk03,SMALLEST_LAST,4,54,27,0.7567567567567568,data\processed\initial_graph_coloring_dataset\colpack_outputs_week13_expanded\bcsstk03_smallest_last.txt
bcsstk03,SMALLEST_LAST,4,57,28,0.7477477477477478,data\processed\initial_graph_coloring_dataset\colpack_outputs_week13_expanded\bcsstk03_smallest_last.txt
bcsstk03,SMALLEST_LAST,4,58,29,0.7387387387387387,data\processed\initial_graph_coloring_dataset\colpack_outputs_week13_expanded\bcsstk03_smallest_last.txt
bcsstk03,SMALLEST_LAST,4,61,30,0.7297297297297297,data\processed\initial_graph_coloring_dataset\colpack_outputs_week13_expanded\bcsstk03_smallest_last.txt
bcsstk03,SMALLEST_LAST,4,62,31,0.7207207207207207,data\processed\initial_graph_coloring_dataset\colpack_outputs_week13_expanded\bcsstk03_smallest_last.txt
bcsstk03,SMALLEST_LAST,4,65,32,0.7117117117117117,data\processed\initial_graph_coloring_dataset\colpack_outputs_week13_expanded\bcsstk03_smallest_last.txt
bcsstk03,SMALLEST_LAST,4,66,33,0.7027027027027027,data\processed\initial_graph_coloring_dataset\colpack_outputs_week13_expanded\bcsstk03_smallest_last.txt
bcsstk03,SMALLEST_LAST,4,69,34,0.6936936936936937,data\processed\initial_graph_coloring_dataset\colpack_outputs_week13_expanded\bcsstk03_smallest_last.txt
bcsstk03,SMALLEST_LAST,4,70,35,0.6846846846846847,data\processed\initial_graph_coloring_dataset\colpack_outputs_week13_expanded\bcsstk03_smallest_last.txt
bcsstk03,SMALLEST_LAST,4,73,36,0.6756756756756757,data\processed\initial_graph_coloring_dataset\colpack_outputs_week13_expanded\bcsstk03_smallest_last.txt
bcsstk03,SMALLEST_LAST,4,74,37,0.6666666666666666,data\processed\initial_graph_coloring_dataset\colpack_outputs_week13_expanded\bcsstk03_smallest_last.txt
bcsstk03,SMALLEST_LAST,4,77,38,0.6576576576576577,data\processed\initial_graph_coloring_dataset\colpack_outputs_week13_expanded\bcsstk03_smallest_last.txt
bcsstk03,SMALLEST_LAST,4,78,39,0.6486486486486487,data\processed\initial_graph_coloring_dataset\colpack_outputs_week13_expanded\bcsstk03_smallest_last.txt
bcsstk03,SMALLEST_LAST,4,81,40,0.6396396396396397,data\processed\initial_graph_coloring_dataset\colpack_outputs_week13_expanded\bcsstk03_smallest_last.txt
bcsstk03,SMALLEST_LAST,4,82,41,0.6306306306306306,data\processed\initial_graph_coloring_dataset\colpack_outputs_week13_expanded\bcsstk03_smallest_last.txt
bcsstk03,SMALLEST_LAST,4,85,42,0.6216216216216216,data\processed\initial_graph_coloring_dataset\colpack_outputs_week13_expanded\bcsstk03_smallest_last.txt
bcsstk03,SMALLEST_LAST,4,86,43,0.6126126126126126,data\processed\initial_graph_coloring_dataset\colpack_outputs_week13_expanded\bcsstk03_smallest_last.txt
bcsstk03,SMALLEST_LAST,4,89,44,0.6036036036036037,data\processed\initial_graph_coloring_dataset\colpack_outputs_week13_expanded\bcsstk03_smallest_last.txt
bcsstk03,SMALLEST_LAST,4,90,45,0.5945945945945946,data\processed\initial_graph_coloring_dataset\colpack_outputs_week13_expanded\bcsstk03_smallest_last.txt
bcsstk03,SMALLEST_LAST,4,93,46,0.5855855855855856,data\processed\initial_graph_coloring_dataset\colpack_outputs_week13_expanded\bcsstk03_smallest_last.txt
bcsstk03,SMALLEST_LAST,4,94,47,0.5765765765765766,data\processed\initial_graph_coloring_dataset\colpack_outputs_week13_expanded\bcsstk03_smallest_last.txt
bcsstk03,SMALLEST_LAST,4,97,48,0.5675675675675675,data\processed\initial_graph_coloring_dataset\colpack_outputs_week13_expanded\bcsstk03_smallest_last.txt
bcsstk03,SMALLEST_LAST,4,98,49,0.5585585585585585,data\processed\initial_graph_coloring_dataset\colpack_outputs_week13_expanded\bcsstk03_smallest_last.txt
bcsstk03,SMALLEST_LAST,4,101,50,0.5495495495495496,data\processed\initial_graph_coloring_dataset\colpack_outputs_week13_expanded\bcsstk03_smallest_last.txt
bcsstk03,SMALLEST_LAST,4,102,51,0.5405405405405406,data\processed\initial_graph_coloring_dataset\colpack_outputs_week13_expanded\bcsstk03_smallest_last.txt
bcsstk03,SMALLEST_LAST,4,105,52,0.5315315315315315,data\processed\initial_graph_coloring_dataset\colpack_outputs_week13_expanded\bcsstk03_smallest_last.txt
bcsstk03,SMALLEST_LAST,4,106,53,0.5225225225225225,data\processed\initial_graph_coloring_dataset\colpack_outputs_week13_expanded\bcsstk03_smallest_last.txt
bcsstk03,SMALLEST_LAST,4,110,54,0.5135135135135135,data\processed\initial_graph_coloring_dataset\colpack_outputs_week13_expanded\bcsstk03_smallest_last.txt
bcsstk03,SMALLEST_LAST,4,109,55,0.5045045045045045,data\processed\initial_graph_coloring_dataset\colpack_outputs_week13_expanded\bcsstk03_smallest_last.txt
bcsstk03,SMALLEST_LAST,4,0,56,0.4954954954954955,data\processed\initial_graph_coloring_dataset\colpack_outputs_week13_expanded\bcsstk03_smallest_last.txt
bcsstk03,SMALLEST_LAST,4,3,57,0.4864864864864865,data\processed\initial_graph_coloring_dataset\colpack_outputs_week13_expanded\bcsstk03_smallest_last.txt
bcsstk03,SMALLEST_LAST,4,4,58,0.4774774774774775,data\processed\initial_graph_coloring_dataset\colpack_outputs_week13_expanded\bcsstk03_smallest_last.txt
bcsstk03,SMALLEST_LAST,4,7,59,0.46846846846846846,data\processed\initial_graph_coloring_dataset\colpack_outputs_week13_expanded\bcsstk03_smallest_last.txt
bcsstk03,SMALLEST_LAST,4,8,60,0.4594594594594595,data\processed\initial_graph_coloring_dataset\colpack_outputs_week13_expanded\bcsstk03_smallest_last.txt
bcsstk03,SMALLEST_LAST,4,11,61,0.45045045045045046,data\processed\initial_graph_coloring_dataset\colpack_outputs_week13_expanded\bcsstk03_smallest_last.txt
bcsstk03,SMALLEST_LAST,4,12,62,0.44144144144144143,data\processed\initial_graph_coloring_dataset\colpack_outputs_week13_expanded\bcsstk03_smallest_last.txt
bcsstk03,SMALLEST_LAST,4,15,63,0.43243243243243246,data\processed\initial_graph_coloring_dataset\colpack_outputs_week13_expanded\bcsstk03_smallest_last.txt
bcsstk03,SMALLEST_LAST,4,16,64,0.42342342342342343,data\processed\initial_graph_coloring_dataset\colpack_outputs_week13_expanded\bcsstk03_smallest_last.txt
bcsstk03,SMALLEST_LAST,4,19,65,0.4144144144144144,data\processed\initial_graph_coloring_dataset\colpack_outputs_week13_expanded\bcsstk03_smallest_last.txt
bcsstk03,SMALLEST_LAST,4,20,66,0.40540540540540543,data\processed\initial_graph_coloring_dataset\colpack_outputs_week13_expanded\bcsstk03_smallest_last.txt
bcsstk03,SMALLEST_LAST,4,23,67,0.3963963963963964,data\processed\initial_graph_coloring_dataset\colpack_outputs_week13_expanded\bcsstk03_smallest_last.txt
bcsstk03,SMALLEST_LAST,4,24,68,0.38738738738738737,data\processed\initial_graph_coloring_dataset\colpack_outputs_week13_expanded\bcsstk03_smallest_last.txt
bcsstk03,SMALLEST_LAST,4,27,69,0.3783783783783784,data\processed\initial_graph_coloring_dataset\colpack_outputs_week13_expanded\bcsstk03_smallest_last.txt
bcsstk03,SMALLEST_LAST,4,28,70,0.36936936936936937,data\processed\initial_graph_coloring_dataset\colpack_outputs_week13_expanded\bcsstk03_smallest_last.txt
bcsstk03,SMALLEST_LAST,4,31,71,0.36036036036036034,data\processed\initial_graph_coloring_dataset\colpack_outputs_week13_expanded\bcsstk03_smallest_last.txt
bcsstk03,SMALLEST_LAST,4,32,72,0.35135135135135137,data\processed\initial_graph_coloring_dataset\colpack_outputs_week13_expanded\bcsstk03_smallest_last.txt
bcsstk03,SMALLEST_LAST,4,35,73,0.34234234234234234,data\processed\initial_graph_coloring_dataset\colpack_outputs_week13_expanded\bcsstk03_smallest_last.txt
bcsstk03,SMALLEST_LAST,4,36,74,0.3333333333333333,data\processed\initial_graph_coloring_dataset\colpack_outputs_week13_expanded\bcsstk03_smallest_last.txt
bcsstk03,SMALLEST_LAST,4,39,75,0.32432432432432434,data\processed\initial_graph_coloring_dataset\colpack_outputs_week13_expanded\bcsstk03_smallest_last.txt
bcsstk03,SMALLEST_LAST,4,40,76,0.3153153153153153,data\processed\initial_graph_coloring_dataset\colpack_outputs_week13_expanded\bcsstk03_smallest_last.txt
bcsstk03,SMALLEST_LAST,4,43,77,0.3063063063063063,data\processed\initial_graph_coloring_dataset\colpack_outputs_week13_expanded\bcsstk03_smallest_last.txt
bcsstk03,SMALLEST_LAST,4,44,78,0.2972972972972973,data\processed\initial_graph_coloring_dataset\colpack_outputs_week13_expanded\bcsstk03_smallest_last.txt
bcsstk03,SMALLEST_LAST,4,47,79,0.2882882882882883,data\processed\initial_graph_coloring_dataset\colpack_outputs_week13_expanded\bcsstk03_smallest_last.txt
bcsstk03,SMALLEST_LAST,4,48,80,0.27927927927927926,data\processed\initial_graph_coloring_dataset\colpack_outputs_week13_expanded\bcsstk03_smallest_last.txt
bcsstk03,SMALLEST_LAST,4,51,81,0.2702702702702703,data\processed\initial_graph_coloring_dataset\colpack_outputs_week13_expanded\bcsstk03_smallest_last.txt
bcsstk03,SMALLEST_LAST,4,52,82,0.26126126126126126,data\processed\initial_graph_coloring_dataset\colpack_outputs_week13_expanded\bcsstk03_smallest_last.txt
bcsstk03,SMALLEST_LAST,4,55,83,0.25225225225225223,data\processed\initial_graph_coloring_dataset\colpack_outputs_week13_expanded\bcsstk03_smallest_last.txt
bcsstk03,SMALLEST_LAST,4,56,84,0.24324324324324326,data\processed\initial_graph_coloring_dataset\colpack_outputs_week13_expanded\bcsstk03_smallest_last.txt
bcsstk03,SMALLEST_LAST,4,59,85,0.23423423423423423,data\processed\initial_graph_coloring_dataset\colpack_outputs_week13_expanded\bcsstk03_smallest_last.txt
bcsstk03,SMALLEST_LAST,4,60,86,0.22522522522522523,data\processed\initial_graph_coloring_dataset\colpack_outputs_week13_expanded\bcsstk03_smallest_last.txt
bcsstk03,SMALLEST_LAST,4,63,87,0.21621621621621623,data\processed\initial_graph_coloring_dataset\colpack_outputs_week13_expanded\bcsstk03_smallest_last.txt
bcsstk03,SMALLEST_LAST,4,64,88,0.2072072072072072,data\processed\initial_graph_coloring_dataset\colpack_outputs_week13_expanded\bcsstk03_smallest_last.txt
bcsstk03,SMALLEST_LAST,4,67,89,0.1981981981981982,data\processed\initial_graph_coloring_dataset\colpack_outputs_week13_expanded\bcsstk03_smallest_last.txt
bcsstk03,SMALLEST_LAST,4,68,90,0.1891891891891892,data\processed\initial_graph_coloring_dataset\colpack_outputs_week13_expanded\bcsstk03_smallest_last.txt
bcsstk03,SMALLEST_LAST,4,71,91,0.18018018018018017,data\processed\initial_graph_coloring_dataset\colpack_outputs_week13_expanded\bcsstk03_smallest_last.txt
bcsstk03,SMALLEST_LAST,4,72,92,0.17117117117117117,data\processed\initial_graph_coloring_dataset\colpack_outputs_week13_expanded\bcsstk03_smallest_last.txt
bcsstk03,SMALLEST_LAST,4,75,93,0.16216216216216217,data\processed\initial_graph_coloring_dataset\colpack_outputs_week13_expanded\bcsstk03_smallest_last.txt
bcsstk03,SMALLEST_LAST,4,76,94,0.15315315315315314,data\processed\initial_graph_coloring_dataset\colpack_outputs_week13_expanded\bcsstk03_smallest_last.txt
bcsstk03,SMALLEST_LAST,4,79,95,0.14414414414414414,data\processed\initial_graph_coloring_dataset\colpack_outputs_week13_expanded\bcsstk03_smallest_last.txt
bcsstk03,SMALLEST_LAST,4,80,96,0.13513513513513514,data\processed\initial_graph_coloring_dataset\colpack_outputs_week13_expanded\bcsstk03_smallest_last.txt
bcsstk03,SMALLEST_LAST,4,83,97,0.12612612612612611,data\processed\initial_graph_coloring_dataset\colpack_outputs_week13_expanded\bcsstk03_smallest_last.txt
bcsstk03,SMALLEST_LAST,4,84,98,0.11711711711711711,data\processed\initial_graph_coloring_dataset\colpack_outputs_week13_expanded\bcsstk03_smallest_last.txt
bcsstk03,SMALLEST_LAST,4,87,99,0.10810810810810811,data\processed\initial_graph_coloring_dataset\colpack_outputs_week13_expanded\bcsstk03_smallest_last.txt
bcsstk03,SMALLEST_LAST,4,88,100,0.0990990990990991,data\processed\initial_graph_coloring_dataset\colpack_outputs_week13_expanded\bcsstk03_smallest_last.txt
bcsstk03,SMALLEST_LAST,4,91,101,0.09009009009009009,data\processed\initial_graph_coloring_dataset\colpack_outputs_week13_expanded\bcsstk03_smallest_last.txt
bcsstk03,SMALLEST_LAST,4,92,102,0.08108108108108109,data\processed\initial_graph_coloring_dataset\colpack_outputs_week13_expanded\bcsstk03_smallest_last.txt
bcsstk03,SMALLEST_LAST,4,95,103,0.07207207207207207,data\processed\initial_graph_coloring_dataset\colpack_outputs_week13_expanded\bcsstk03_smallest_last.txt
bcsstk03,SMALLEST_LAST,4,96,104,0.06306306306306306,data\processed\initial_graph_coloring_dataset\colpack_outputs_week13_expanded\bcsstk03_smallest_last.txt
bcsstk03,SMALLEST_LAST,4,99,105,0.05405405405405406,data\processed\initial_graph_coloring_dataset\colpack_outputs_week13_expanded\bcsstk03_smallest_last.txt
bcsstk03,SMALLEST_LAST,4,100,106,0.04504504504504504,data\processed\initial_graph_coloring_dataset\colpack_outputs_week13_expanded\bcsstk03_smallest_last.txt
bcsstk03,SMALLEST_LAST,4,103,107,0.036036036036036036,data\processed\initial_graph_coloring_dataset\colpack_outputs_week13_expanded\bcsstk03_smallest_last.txt
bcsstk03,SMALLEST_LAST,4,104,108,0.02702702702702703,data\processed\initial_graph_coloring_dataset\colpack_outputs_week13_expanded\bcsstk03_smallest_last.txt
bcsstk03,SMALLEST_LAST,4,107,109,0.018018018018018018,data\processed\initial_graph_coloring_dataset\colpack_outputs_week13_expanded\bcsstk03_smallest_last.txt
bcsstk03,SMALLEST_LAST,4,108,110,0.009009009009009009,data\processed\initial_graph_coloring_dataset\colpack_outputs_week13_expanded\bcsstk03_smallest_last.txt
bcsstk03,SMALLEST_LAST,4,111,111,0.0,data\processed\initial_graph_coloring_dataset\colpack_outputs_week13_expanded\bcsstk03_smallest_last.txt
bcsstk04,LARGEST_FIRST,13,72,0,1.0,data\processed\initial_graph_coloring_dataset\colpack_outputs_week13_expanded\bcsstk04_largest_first.txt
bcsstk04,LARGEST_FIRST,13,73,1,0.9923664122137404,data\processed\initial_graph_coloring_dataset\colpack_outputs_week13_expanded\bcsstk04_largest_first.txt
bcsstk04,LARGEST_FIRST,13,75,2,0.9847328244274809,data\processed\initial_graph_coloring_dataset\colpack_outputs_week13_expanded\bcsstk04_largest_first.txt
bcsstk04,LARGEST_FIRST,13,76,3,0.9770992366412213,data\processed\initial_graph_coloring_dataset\colpack_outputs_week13_expanded\bcsstk04_largest_first.txt
bcsstk04,LARGEST_FIRST,13,90,4,0.9694656488549618,data\processed\initial_graph_coloring_dataset\colpack_outputs_week13_expanded\bcsstk04_largest_first.txt
bcsstk04,LARGEST_FIRST,13,91,5,0.9618320610687023,data\processed\initial_graph_coloring_dataset\colpack_outputs_week13_expanded\bcsstk04_largest_first.txt
bcsstk04,LARGEST_FIRST,13,93,6,0.9541984732824428,data\processed\initial_graph_coloring_dataset\colpack_outputs_week13_expanded\bcsstk04_largest_first.txt
bcsstk04,LARGEST_FIRST,13,94,7,0.9465648854961832,data\processed\initial_graph_coloring_dataset\colpack_outputs_week13_expanded\bcsstk04_largest_first.txt
bcsstk04,LARGEST_FIRST,13,54,8,0.9389312977099237,data\processed\initial_graph_coloring_dataset\colpack_outputs_week13_expanded\bcsstk04_largest_first.txt
bcsstk04,LARGEST_FIRST,13,55,9,0.9312977099236641,data\processed\initial_graph_coloring_dataset\colpack_outputs_week13_expanded\bcsstk04_largest_first.txt
bcsstk04,LARGEST_FIRST,13,57,10,0.9236641221374046,data\processed\initial_graph_coloring_dataset\colpack_outputs_week13_expanded\bcsstk04_largest_first.txt
bcsstk04,LARGEST_FIRST,13,58,11,0.916030534351145,data\processed\initial_graph_coloring_dataset\colpack_outputs_week13_expanded\bcsstk04_largest_first.txt
bcsstk04,LARGEST_FIRST,13,60,12,0.9083969465648855,data\processed\initial_graph_coloring_dataset\colpack_outputs_week13_expanded\bcsstk04_largest_first.txt
bcsstk04,LARGEST_FIRST,13,61,13,0.9007633587786259,data\processed\initial_graph_coloring_dataset\colpack_outputs_week13_expanded\bcsstk04_largest_first.txt
bcsstk04,LARGEST_FIRST,13,63,14,0.8931297709923665,data\processed\initial_graph_coloring_dataset\colpack_outputs_week13_expanded\bcsstk04_largest_first.txt
bcsstk04,LARGEST_FIRST,13,64,15,0.8854961832061069,data\processed\initial_graph_coloring_dataset\colpack_outputs_week13_expanded\bcsstk04_largest_first.txt
bcsstk04,LARGEST_FIRST,13,26,16,0.8778625954198473,data\processed\initial_graph_coloring_dataset\colpack_outputs_week13_expanded\bcsstk04_largest_first.txt
bcsstk04,LARGEST_FIRST,13,29,17,0.8702290076335878,data\processed\initial_graph_coloring_dataset\colpack_outputs_week13_expanded\bcsstk04_largest_first.txt
bcsstk04,LARGEST_FIRST,13,44,18,0.8625954198473282,data\processed\initial_graph_coloring_dataset\colpack_outputs_week13_expanded\bcsstk04_largest_first.txt
bcsstk04,LARGEST_FIRST,13,47,19,0.8549618320610687,data\processed\initial_graph_coloring_dataset\colpack_outputs_week13_expanded\bcsstk04_largest_first.txt
bcsstk04,LARGEST_FIRST,13,24,20,0.8473282442748091,data\processed\initial_graph_coloring_dataset\colpack_outputs_week13_expanded\bcsstk04_largest_first.txt
bcsstk04,LARGEST_FIRST,13,25,21,0.8396946564885496,data\processed\initial_graph_coloring_dataset\colpack_outputs_week13_expanded\bcsstk04_largest_first.txt
bcsstk04,LARGEST_FIRST,13,27,22,0.8320610687022901,data\processed\initial_graph_coloring_dataset\colpack_outputs_week13_expanded\bcsstk04_largest_first.txt
bcsstk04,LARGEST_FIRST,13,28,23,0.8244274809160306,data\processed\initial_graph_coloring_dataset\colpack_outputs_week13_expanded\bcsstk04_largest_first.txt
bcsstk04,LARGEST_FIRST,13,42,24,0.816793893129771,data\processed\initial_graph_coloring_dataset\colpack_outputs_week13_expanded\bcsstk04_largest_first.txt
bcsstk04,LARGEST_FIRST,13,43,25,0.8091603053435115,data\processed\initial_graph_coloring_dataset\colpack_outputs_week13_expanded\bcsstk04_largest_first.txt
bcsstk04,LARGEST_FIRST,13,45,26,0.8015267175572519,data\processed\initial_graph_coloring_dataset\colpack_outputs_week13_expanded\bcsstk04_largest_first.txt
bcsstk04,LARGEST_FIRST,13,46,27,0.7938931297709924,data\processed\initial_graph_coloring_dataset\colpack_outputs_week13_expanded\bcsstk04_largest_first.txt
bcsstk04,LARGEST_FIRST,13,56,28,0.7862595419847328,data\processed\initial_graph_coloring_dataset\colpack_outputs_week13_expanded\bcsstk04_largest_first.txt
bcsstk04,LARGEST_FIRST,13,59,29,0.7786259541984732,data\processed\initial_graph_coloring_dataset\colpack_outputs_week13_expanded\bcsstk04_largest_first.txt
bcsstk04,LARGEST_FIRST,13,62,30,0.7709923664122137,data\processed\initial_graph_coloring_dataset\colpack_outputs_week13_expanded\bcsstk04_largest_first.txt
bcsstk04,LARGEST_FIRST,13,65,31,0.7633587786259542,data\processed\initial_graph_coloring_dataset\colpack_outputs_week13_expanded\bcsstk04_largest_first.txt
bcsstk04,LARGEST_FIRST,13,74,32,0.7557251908396947,data\processed\initial_graph_coloring_dataset\colpack_outputs_week13_expanded\bcsstk04_largest_first.txt
bcsstk04,LARGEST_FIRST,13,77,33,0.7480916030534351,data\processed\initial_graph_coloring_dataset\colpack_outputs_week13_expanded\bcsstk04_largest_first.txt
bcsstk04,LARGEST_FIRST,13,92,34,0.7404580152671756,data\processed\initial_graph_coloring_dataset\colpack_outputs_week13_expanded\bcsstk04_largest_first.txt
bcsstk04,LARGEST_FIRST,13,95,35,0.732824427480916,data\processed\initial_graph_coloring_dataset\colpack_outputs_week13_expanded\bcsstk04_largest_first.txt
bcsstk04,LARGEST_FIRST,13,8,36,0.7251908396946565,data\processed\initial_graph_coloring_dataset\colpack_outputs_week13_expanded\bcsstk04_largest_first.txt
bcsstk04,LARGEST_FIRST,13,11,37,0.7175572519083969,data\processed\initial_graph_coloring_dataset\colpack_outputs_week13_expanded\bcsstk04_largest_first.txt
bcsstk04,LARGEST_FIRST,13,14,38,0.7099236641221374,data\processed\initial_graph_coloring_dataset\colpack_outputs_week13_expanded\bcsstk04_largest_first.txt
bcsstk04,LARGEST_FIRST,13,17,39,0.7022900763358778,data\processed\initial_graph_coloring_dataset\colpack_outputs_week13_expanded\bcsstk04_largest_first.txt
bcsstk04,LARGEST_FIRST,13,108,40,0.6946564885496184,data\processed\initial_graph_coloring_dataset\colpack_outputs_week13_expanded\bcsstk04_largest_first.txt
bcsstk04,LARGEST_FIRST,13,109,41,0.6870229007633588,data\processed\initial_graph_coloring_dataset\colpack_outputs_week13_expanded\bcsstk04_largest_first.txt
bcsstk04,LARGEST_FIRST,13,111,42,0.6793893129770993,data\processed\initial_graph_coloring_dataset\colpack_outputs_week13_expanded\bcsstk04_largest_first.txt
bcsstk04,LARGEST_FIRST,13,112,43,0.6717557251908397,data\processed\initial_graph_coloring_dataset\colpack_outputs_week13_expanded\bcsstk04_largest_first.txt
bcsstk04,LARGEST_FIRST,13,114,44,0.6641221374045801,data\processed\initial_graph_coloring_dataset\colpack_outputs_week13_expanded\bcsstk04_largest_first.txt
bcsstk04,LARGEST_FIRST,13,115,45,0.6564885496183206,data\processed\initial_graph_coloring_dataset\colpack_outputs_week13_expanded\bcsstk04_largest_first.txt
bcsstk04,LARGEST_FIRST,13,117,46,0.648854961832061,data\processed\initial_graph_coloring_dataset\colpack_outputs_week13_expanded\bcsstk04_largest_first.txt
bcsstk04,LARGEST_FIRST,13,118,47,0.6412213740458015,data\processed\initial_graph_coloring_dataset\colpack_outputs_week13_expanded\bcsstk04_largest_first.txt
bcsstk04,LARGEST_FIRST,13,6,48,0.6335877862595419,data\processed\initial_graph_coloring_dataset\colpack_outputs_week13_expanded\bcsstk04_largest_first.txt
bcsstk04,LARGEST_FIRST,13,7,49,0.6259541984732825,data\processed\initial_graph_coloring_dataset\colpack_outputs_week13_expanded\bcsstk04_largest_first.txt
bcsstk04,LARGEST_FIRST,13,9,50,0.6183206106870229,data\processed\initial_graph_coloring_dataset\colpack_outputs_week13_expanded\bcsstk04_largest_first.txt
bcsstk04,LARGEST_FIRST,13,10,51,0.6106870229007634,data\processed\initial_graph_coloring_dataset\colpack_outputs_week13_expanded\bcsstk04_largest_first.txt
bcsstk04,LARGEST_FIRST,13,12,52,0.6030534351145038,data\processed\initial_graph_coloring_dataset\colpack_outputs_week13_expanded\bcsstk04_largest_first.txt
bcsstk04,LARGEST_FIRST,13,13,53,0.5954198473282443,data\processed\initial_graph_coloring_dataset\colpack_outputs_week13_expanded\bcsstk04_largest_first.txt
bcsstk04,LARGEST_FIRST,13,15,54,0.5877862595419847,data\processed\initial_graph_coloring_dataset\colpack_outputs_week13_expanded\bcsstk04_largest_first.txt
bcsstk04,LARGEST_FIRST,13,16,55,0.5801526717557252,data\processed\initial_graph_coloring_dataset\colpack_outputs_week13_expanded\bcsstk04_largest_first.txt
bcsstk04,LARGEST_FIRST,13,110,56,0.5725190839694656,data\processed\initial_graph_coloring_dataset\colpack_outputs_week13_expanded\bcsstk04_largest_first.txt
bcsstk04,LARGEST_FIRST,13,113,57,0.5648854961832062,data\processed\initial_graph_coloring_dataset\colpack_outputs_week13_expanded\bcsstk04_largest_first.txt
bcsstk04,LARGEST_FIRST,13,116,58,0.5572519083969466,data\processed\initial_graph_coloring_dataset\colpack_outputs_week13_expanded\bcsstk04_largest_first.txt
bcsstk04,LARGEST_FIRST,13,119,59,0.549618320610687,data\processed\initial_graph_coloring_dataset\colpack_outputs_week13_expanded\bcsstk04_largest_first.txt
bcsstk04,LARGEST_FIRST,13,30,60,0.5419847328244275,data\processed\initial_graph_coloring_dataset\colpack_outputs_week13_expanded\bcsstk04_largest_first.txt
bcsstk04,LARGEST_FIRST,13,31,61,0.5343511450381679,data\processed\initial_graph_coloring_dataset\colpack_outputs_week13_expanded\bcsstk04_largest_first.txt
bcsstk04,LARGEST_FIRST,13,32,62,0.5267175572519084,data\processed\initial_graph_coloring_dataset\colpack_outputs_week13_expanded\bcsstk04_largest_first.txt
bcsstk04,LARGEST_FIRST,13,33,63,0.5190839694656488,data\processed\initial_graph_coloring_dataset\colpack_outputs_week13_expanded\bcsstk04_largest_first.txt
bcsstk04,LARGEST_FIRST,13,34,64,0.5114503816793893,data\processed\initial_graph_coloring_dataset\colpack_outputs_week13_expanded\bcsstk04_largest_first.txt
bcsstk04,LARGEST_FIRST,13,35,65,0.5038167938931297,data\processed\initial_graph_coloring_dataset\colpack_outputs_week13_expanded\bcsstk04_largest_first.txt
bcsstk04,LARGEST_FIRST,13,36,66,0.4961832061068702,data\processed\initial_graph_coloring_dataset\colpack_outputs_week13_expanded\bcsstk04_largest_first.txt
bcsstk04,LARGEST_FIRST,13,37,67,0.48854961832061067,data\processed\initial_graph_coloring_dataset\colpack_outputs_week13_expanded\bcsstk04_largest_first.txt
bcsstk04,LARGEST_FIRST,13,38,68,0.48091603053435117,data\processed\initial_graph_coloring_dataset\colpack_outputs_week13_expanded\bcsstk04_largest_first.txt
bcsstk04,LARGEST_FIRST,13,39,69,0.4732824427480916,data\processed\initial_graph_coloring_dataset\colpack_outputs_week13_expanded\bcsstk04_largest_first.txt
bcsstk04,LARGEST_FIRST,13,40,70,0.46564885496183206,data\processed\initial_graph_coloring_dataset\colpack_outputs_week13_expanded\bcsstk04_largest_first.txt
bcsstk04,LARGEST_FIRST,13,41,71,0.4580152671755725,data\processed\initial_graph_coloring_dataset\colpack_outputs_week13_expanded\bcsstk04_largest_first.txt
bcsstk04,LARGEST_FIRST,13,48,72,0.45038167938931295,data\processed\initial_graph_coloring_dataset\colpack_outputs_week13_expanded\bcsstk04_largest_first.txt
bcsstk04,LARGEST_FIRST,13,49,73,0.44274809160305345,data\processed\initial_graph_coloring_dataset\colpack_outputs_week13_expanded\bcsstk04_largest_first.txt
bcsstk04,LARGEST_FIRST,13,50,74,0.4351145038167939,data\processed\initial_graph_coloring_dataset\colpack_outputs_week13_expanded\bcsstk04_largest_first.txt
bcsstk04,LARGEST_FIRST,13,51,75,0.42748091603053434,data\processed\initial_graph_coloring_dataset\colpack_outputs_week13_expanded\bcsstk04_largest_first.txt
bcsstk04,LARGEST_FIRST,13,52,76,0.4198473282442748,data\processed\initial_graph_coloring_dataset\colpack_outputs_week13_expanded\bcsstk04_largest_first.txt
bcsstk04,LARGEST_FIRST,13,53,77,0.4122137404580153,data\processed\initial_graph_coloring_dataset\colpack_outputs_week13_expanded\bcsstk04_largest_first.txt
bcsstk04,LARGEST_FIRST,13,66,78,0.40458015267175573,data\processed\initial_graph_coloring_dataset\colpack_outputs_week13_expanded\bcsstk04_largest_first.txt
bcsstk04,LARGEST_FIRST,13,67,79,0.3969465648854962,data\processed\initial_graph_coloring_dataset\colpack_outputs_week13_expanded\bcsstk04_largest_first.txt
bcsstk04,LARGEST_FIRST,13,68,80,0.3893129770992366,data\processed\initial_graph_coloring_dataset\colpack_outputs_week13_expanded\bcsstk04_largest_first.txt
bcsstk04,LARGEST_FIRST,13,69,81,0.3816793893129771,data\processed\initial_graph_coloring_dataset\colpack_outputs_week13_expanded\bcsstk04_largest_first.txt
bcsstk04,LARGEST_FIRST,13,70,82,0.37404580152671757,data\processed\initial_graph_coloring_dataset\colpack_outputs_week13_expanded\bcsstk04_largest_first.txt
bcsstk04,LARGEST_FIRST,13,71,83,0.366412213740458,data\processed\initial_graph_coloring_dataset\colpack_outputs_week13_expanded\bcsstk04_largest_first.txt
bcsstk04,LARGEST_FIRST,13,78,84,0.35877862595419846,data\processed\initial_graph_coloring_dataset\colpack_outputs_week13_expanded\bcsstk04_largest_first.txt
bcsstk04,LARGEST_FIRST,13,79,85,0.3511450381679389,data\processed\initial_graph_coloring_dataset\colpack_outputs_week13_expanded\bcsstk04_largest_first.txt
bcsstk04,LARGEST_FIRST,13,80,86,0.3435114503816794,data\processed\initial_graph_coloring_dataset\colpack_outputs_week13_expanded\bcsstk04_largest_first.txt
bcsstk04,LARGEST_FIRST,13,81,87,0.33587786259541985,data\processed\initial_graph_coloring_dataset\colpack_outputs_week13_expanded\bcsstk04_largest_first.txt
bcsstk04,LARGEST_FIRST,13,82,88,0.3282442748091603,data\processed\initial_graph_coloring_dataset\colpack_outputs_week13_expanded\bcsstk04_largest_first.txt
bcsstk04,LARGEST_FIRST,13,83,89,0.32061068702290074,data\processed\initial_graph_coloring_dataset\colpack_outputs_week13_expanded\bcsstk04_largest_first.txt
bcsstk04,LARGEST_FIRST,13,84,90,0.31297709923664124,data\processed\initial_graph_coloring_dataset\colpack_outputs_week13_expanded\bcsstk04_largest_first.txt
bcsstk04,LARGEST_FIRST,13,85,91,0.3053435114503817,data\processed\initial_graph_coloring_dataset\colpack_outputs_week13_expanded\bcsstk04_largest_first.txt
bcsstk04,LARGEST_FIRST,13,86,92,0.29770992366412213,data\processed\initial_graph_coloring_dataset\colpack_outputs_week13_expanded\bcsstk04_largest_first.txt
bcsstk04,LARGEST_FIRST,13,87,93,0.2900763358778626,data\processed\initial_graph_coloring_dataset\colpack_outputs_week13_expanded\bcsstk04_largest_first.txt
bcsstk04,LARGEST_FIRST,13,88,94,0.2824427480916031,data\processed\initial_graph_coloring_dataset\colpack_outputs_week13_expanded\bcsstk04_largest_first.txt
bcsstk04,LARGEST_FIRST,13,89,95,0.2748091603053435,data\processed\initial_graph_coloring_dataset\colpack_outputs_week13_expanded\bcsstk04_largest_first.txt
bcsstk04,LARGEST_FIRST,13,102,96,0.26717557251908397,data\processed\initial_graph_coloring_dataset\colpack_outputs_week13_expanded\bcsstk04_largest_first.txt
bcsstk04,LARGEST_FIRST,13,103,97,0.2595419847328244,data\processed\initial_graph_coloring_dataset\colpack_outputs_week13_expanded\bcsstk04_largest_first.txt
bcsstk04,LARGEST_FIRST,13,105,98,0.25190839694656486,data\processed\initial_graph_coloring_dataset\colpack_outputs_week13_expanded\bcsstk04_largest_first.txt
bcsstk04,LARGEST_FIRST,13,106,99,0.24427480916030533,data\processed\initial_graph_coloring_dataset\colpack_outputs_week13_expanded\bcsstk04_largest_first.txt
bcsstk04,LARGEST_FIRST,13,120,100,0.2366412213740458,data\processed\initial_graph_coloring_dataset\colpack_outputs_week13_expanded\bcsstk04_largest_first.txt
bcsstk04,LARGEST_FIRST,13,121,101,0.22900763358778625,data\processed\initial_graph_coloring_dataset\colpack_outputs_week13_expanded\bcsstk04_largest_first.txt
bcsstk04,LARGEST_FIRST,13,123,102,0.22137404580152673,data\processed\initial_graph_coloring_dataset\colpack_outputs_week13_expanded\bcsstk04_largest_first.txt
bcsstk04,LARGEST_FIRST,13,124,103,0.21374045801526717,data\processed\initial_graph_coloring_dataset\colpack_outputs_week13_expanded\bcsstk04_largest_first.txt
bcsstk04,LARGEST_FIRST,13,2,104,0.20610687022900764,data\processed\initial_graph_coloring_dataset\colpack_outputs_week13_expanded\bcsstk04_largest_first.txt
bcsstk04,LARGEST_FIRST,13,5,105,0.1984732824427481,data\processed\initial_graph_coloring_dataset\colpack_outputs_week13_expanded\bcsstk04_largest_first.txt
bcsstk04,LARGEST_FIRST,13,20,106,0.19083969465648856,data\processed\initial_graph_coloring_dataset\colpack_outputs_week13_expanded\bcsstk04_largest_first.txt
bcsstk04,LARGEST_FIRST,13,23,107,0.183206106870229,data\processed\initial_graph_coloring_dataset\colpack_outputs_week13_expanded\bcsstk04_largest_first.txt
bcsstk04,LARGEST_FIRST,13,96,108,0.17557251908396945,data\processed\initial_graph_coloring_dataset\colpack_outputs_week13_expanded\bcsstk04_largest_first.txt
bcsstk04,LARGEST_FIRST,13,99,109,0.16793893129770993,data\processed\initial_graph_coloring_dataset\colpack_outputs_week13_expanded\bcsstk04_largest_first.txt
bcsstk04,LARGEST_FIRST,13,104,110,0.16030534351145037,data\processed\initial_graph_coloring_dataset\colpack_outputs_week13_expanded\bcsstk04_largest_first.txt
bcsstk04,LARGEST_FIRST,13,107,111,0.15267175572519084,data\processed\initial_graph_coloring_dataset\colpack_outputs_week13_expanded\bcsstk04_largest_first.txt
bcsstk04,LARGEST_FIRST,13,122,112,0.1450381679389313,data\processed\initial_graph_coloring_dataset\colpack_outputs_week13_expanded\bcsstk04_largest_first.txt
bcsstk04,LARGEST_FIRST,13,125,113,0.13740458015267176,data\processed\initial_graph_coloring_dataset\colpack_outputs_week13_expanded\bcsstk04_largest_first.txt
bcsstk04,LARGEST_FIRST,13,126,114,0.1297709923664122,data\processed\initial_graph_coloring_dataset\colpack_outputs_week13_expanded\bcsstk04_largest_first.txt
bcsstk04,LARGEST_FIRST,13,129,115,0.12213740458015267,data\processed\initial_graph_coloring_dataset\colpack_outputs_week13_expanded\bcsstk04_largest_first.txt
bcsstk04,LARGEST_FIRST,13,0,116,0.11450381679389313,data\processed\initial_graph_coloring_dataset\colpack_outputs_week13_expanded\bcsstk04_largest_first.txt
bcsstk04,LARGEST_FIRST,13,1,117,0.10687022900763359,data\processed\initial_graph_coloring_dataset\colpack_outputs_week13_expanded\bcsstk04_largest_first.txt
bcsstk04,LARGEST_FIRST,13,3,118,0.09923664122137404,data\processed\initial_graph_coloring_dataset\colpack_outputs_week13_expanded\bcsstk04_largest_first.txt
bcsstk04,LARGEST_FIRST,13,4,119,0.0916030534351145,data\processed\initial_graph_coloring_dataset\colpack_outputs_week13_expanded\bcsstk04_largest_first.txt
bcsstk04,LARGEST_FIRST,13,18,120,0.08396946564885496,data\processed\initial_graph_coloring_dataset\colpack_outputs_week13_expanded\bcsstk04_largest_first.txt
bcsstk04,LARGEST_FIRST,13,19,121,0.07633587786259542,data\processed\initial_graph_coloring_dataset\colpack_outputs_week13_expanded\bcsstk04_largest_first.txt
bcsstk04,LARGEST_FIRST,13,21,122,0.06870229007633588,data\processed\initial_graph_coloring_dataset\colpack_outputs_week13_expanded\bcsstk04_largest_first.txt
bcsstk04,LARGEST_FIRST,13,22,123,0.061068702290076333,data\processed\initial_graph_coloring_dataset\colpack_outputs_week13_expanded\bcsstk04_largest_first.txt
bcsstk04,LARGEST_FIRST,13,97,124,0.05343511450381679,data\processed\initial_graph_coloring_dataset\colpack_outputs_week13_expanded\bcsstk04_largest_first.txt
bcsstk04,LARGEST_FIRST,13,100,125,0.04580152671755725,data\processed\initial_graph_coloring_dataset\colpack_outputs_week13_expanded\bcsstk04_largest_first.txt
bcsstk04,LARGEST_FIRST,13,127,126,0.03816793893129771,data\processed\initial_graph_coloring_dataset\colpack_outputs_week13_expanded\bcsstk04_largest_first.txt
bcsstk04,LARGEST_FIRST,13,130,127,0.030534351145038167,data\processed\initial_graph_coloring_dataset\colpack_outputs_week13_expanded\bcsstk04_largest_first.txt
bcsstk04,LARGEST_FIRST,13,98,128,0.022900763358778626,data\processed\initial_graph_coloring_dataset\colpack_outputs_week13_expanded\bcsstk04_largest_first.txt
bcsstk04,LARGEST_FIRST,13,101,129,0.015267175572519083,data\processed\initial_graph_coloring_dataset\colpack_outputs_week13_expanded\bcsstk04_largest_first.txt
bcsstk04,LARGEST_FIRST,13,128,130,0.007633587786259542,data\processed\initial_graph_coloring_dataset\colpack_outputs_week13_expanded\bcsstk04_largest_first.txt
bcsstk04,LARGEST_FIRST,13,131,131,0.0,data\processed\initial_graph_coloring_dataset\colpack_outputs_week13_expanded\bcsstk04_largest_first.txt
bcsstk05,SMALLEST_LAST,9,126,0,1.0,data\processed\initial_graph_coloring_dataset\colpack_outputs_week13_expanded\bcsstk05_smallest_last.txt
bcsstk05,SMALLEST_LAST,9,127,1,0.993421052631579,data\processed\initial_graph_coloring_dataset\colpack_outputs_week13_expanded\bcsstk05_smallest_last.txt
bcsstk05,SMALLEST_LAST,9,128,2,0.9868421052631579,data\processed\initial_graph_coloring_dataset\colpack_outputs_week13_expanded\bcsstk05_smallest_last.txt
bcsstk05,SMALLEST_LAST,9,138,3,0.9802631578947368,data\processed\initial_graph_coloring_dataset\colpack_outputs_week13_expanded\bcsstk05_smallest_last.txt
bcsstk05,SMALLEST_LAST,9,139,4,0.9736842105263158,data\processed\initial_graph_coloring_dataset\colpack_outputs_week13_expanded\bcsstk05_smallest_last.txt
bcsstk05,SMALLEST_LAST,9,140,5,0.9671052631578947,data\processed\initial_graph_coloring_dataset\colpack_outputs_week13_expanded\bcsstk05_smallest_last.txt
bcsstk05,SMALLEST_LAST,9,141,6,0.9605263157894737,data\processed\initial_graph_coloring_dataset\colpack_outputs_week13_expanded\bcsstk05_smallest_last.txt
bcsstk05,SMALLEST_LAST,9,142,7,0.9539473684210527,data\processed\initial_graph_coloring_dataset\colpack_outputs_week13_expanded\bcsstk05_smallest_last.txt
bcsstk05,SMALLEST_LAST,9,143,8,0.9473684210526315,data\processed\initial_graph_coloring_dataset\colpack_outputs_week13_expanded\bcsstk05_smallest_last.txt
bcsstk05,SMALLEST_LAST,9,132,9,0.9407894736842105,data\processed\initial_graph_coloring_dataset\colpack_outputs_week13_expanded\bcsstk05_smallest_last.txt
bcsstk05,SMALLEST_LAST,9,134,10,0.9342105263157895,data\processed\initial_graph_coloring_dataset\colpack_outputs_week13_expanded\bcsstk05_smallest_last.txt
bcsstk05,SMALLEST_LAST,9,117,11,0.9276315789473685,data\processed\initial_graph_coloring_dataset\colpack_outputs_week13_expanded\bcsstk05_smallest_last.txt
bcsstk05,SMALLEST_LAST,9,118,12,0.9210526315789473,data\processed\initial_graph_coloring_dataset\colpack_outputs_week13_expanded\bcsstk05_smallest_last.txt
bcsstk05,SMALLEST_LAST,9,119,13,0.9144736842105263,data\processed\initial_graph_coloring_dataset\colpack_outputs_week13_expanded\bcsstk05_smallest_last.txt
bcsstk05,SMALLEST_LAST,9,105,14,0.9078947368421053,data\processed\initial_graph_coloring_dataset\colpack_outputs_week13_expanded\bcsstk05_smallest_last.txt
bcsstk05,SMALLEST_LAST,9,106,15,0.9013157894736842,data\processed\initial_graph_coloring_dataset\colpack_outputs_week13_expanded\bcsstk05_smallest_last.txt
bcsstk05,SMALLEST_LAST,9,107,16,0.8947368421052632,data\processed\initial_graph_coloring_dataset\colpack_outputs_week13_expanded\bcsstk05_smallest_last.txt
bcsstk05,SMALLEST_LAST,9,129,17,0.8881578947368421,data\processed\initial_graph_coloring_dataset\colpack_outputs_week13_expanded\bcsstk05_smallest_last.txt
bcsstk05,SMALLEST_LAST,9,131,18,0.881578947368421,data\processed\initial_graph_coloring_dataset\colpack_outputs_week13_expanded\bcsstk05_smallest_last.txt
bcsstk05,SMALLEST_LAST,9,133,19,0.875,data\processed\initial_graph_coloring_dataset\colpack_outputs_week13_expanded\bcsstk05_smallest_last.txt
bcsstk05,SMALLEST_LAST,9,120,20,0.868421052631579,data\processed\initial_graph_coloring_dataset\colpack_outputs_week13_expanded\bcsstk05_smallest_last.txt
bcsstk05,SMALLEST_LAST,9,121,21,0.8618421052631579,data\processed\initial_graph_coloring_dataset\colpack_outputs_week13_expanded\bcsstk05_smallest_last.txt
bcsstk05,SMALLEST_LAST,9,122,22,0.8552631578947368,data\processed\initial_graph_coloring_dataset\colpack_outputs_week13_expanded\bcsstk05_smallest_last.txt
bcsstk05,SMALLEST_LAST,9,135,23,0.8486842105263158,data\processed\initial_graph_coloring_dataset\colpack_outputs_week13_expanded\bcsstk05_smallest_last.txt
bcsstk05,SMALLEST_LAST,9,137,24,0.8421052631578947,data\processed\initial_graph_coloring_dataset\colpack_outputs_week13_expanded\bcsstk05_smallest_last.txt
bcsstk05,SMALLEST_LAST,9,123,25,0.8355263157894737,data\processed\initial_graph_coloring_dataset\colpack_outputs_week13_expanded\bcsstk05_smallest_last.txt
bcsstk05,SMALLEST_LAST,9,124,26,0.8289473684210527,data\processed\initial_graph_coloring_dataset\colpack_outputs_week13_expanded\bcsstk05_smallest_last.txt
bcsstk05,SMALLEST_LAST,9,125,27,0.8223684210526315,data\processed\initial_graph_coloring_dataset\colpack_outputs_week13_expanded\bcsstk05_smallest_last.txt
bcsstk05,SMALLEST_LAST,9,108,28,0.8157894736842105,data\processed\initial_graph_coloring_dataset\colpack_outputs_week13_expanded\bcsstk05_smallest_last.txt
bcsstk05,SMALLEST_LAST,9,109,29,0.8092105263157895,data\processed\initial_graph_coloring_dataset\colpack_outputs_week13_expanded\bcsstk05_smallest_last.txt
bcsstk05,SMALLEST_LAST,9,110,30,0.8026315789473685,data\processed\initial_graph_coloring_dataset\colpack_outputs_week13_expanded\bcsstk05_smallest_last.txt
bcsstk05,SMALLEST_LAST,9,114,31,0.7960526315789473,data\processed\initial_graph_coloring_dataset\colpack_outputs_week13_expanded\bcsstk05_smallest_last.txt
bcsstk05,SMALLEST_LAST,9,115,32,0.7894736842105263,data\processed\initial_graph_coloring_dataset\colpack_outputs_week13_expanded\bcsstk05_smallest_last.txt
bcsstk05,SMALLEST_LAST,9,116,33,0.7828947368421053,data\processed\initial_graph_coloring_dataset\colpack_outputs_week13_expanded\bcsstk05_smallest_last.txt
bcsstk05,SMALLEST_LAST,9,93,34,0.7763157894736842,data\processed\initial_graph_coloring_dataset\colpack_outputs_week13_expanded\bcsstk05_smallest_last.txt
bcsstk05,SMALLEST_LAST,9,94,35,0.7697368421052632,data\processed\initial_graph_coloring_dataset\colpack_outputs_week13_expanded\bcsstk05_smallest_last.txt
bcsstk05,SMALLEST_LAST,9,95,36,0.7631578947368421,data\processed\initial_graph_coloring_dataset\colpack_outputs_week13_expanded\bcsstk05_smallest_last.txt
bcsstk05,SMALLEST_LAST,9,111,37,0.756578947368421,data\processed\initial_graph_coloring_dataset\colpack_outputs_week13_expanded\bcsstk05_smallest_last.txt
bcsstk05,SMALLEST_LAST,9,112,38,0.75,data\processed\initial_graph_coloring_dataset\colpack_outputs_week13_expanded\bcsstk05_smallest_last.txt
bcsstk05,SMALLEST_LAST,9,113,39,0.743421052631579,data\processed\initial_graph_coloring_dataset\colpack_outputs_week13_expanded\bcsstk05_smallest_last.txt
bcsstk05,SMALLEST_LAST,9,99,40,0.7368421052631579,data\processed\initial_graph_coloring_dataset\colpack_outputs_week13_expanded\bcsstk05_smallest_last.txt
bcsstk05,SMALLEST_LAST,9,100,41,0.7302631578947368,data\processed\initial_graph_coloring_dataset\colpack_outputs_week13_expanded\bcsstk05_smallest_last.txt
bcsstk05,SMALLEST_LAST,9,101,42,0.7236842105263158,data\processed\initial_graph_coloring_dataset\colpack_outputs_week13_expanded\bcsstk05_smallest_last.txt
bcsstk05,SMALLEST_LAST,9,102,43,0.7171052631578947,data\processed\initial_graph_coloring_dataset\colpack_outputs_week13_expanded\bcsstk05_smallest_last.txt
bcsstk05,SMALLEST_LAST,9,103,44,0.7105263157894737,data\processed\initial_graph_coloring_dataset\colpack_outputs_week13_expanded\bcsstk05_smallest_last.txt
bcsstk05,SMALLEST_LAST,9,104,45,0.7039473684210527,data\processed\initial_graph_coloring_dataset\colpack_outputs_week13_expanded\bcsstk05_smallest_last.txt
bcsstk05,SMALLEST_LAST,9,90,46,0.6973684210526315,data\processed\initial_graph_coloring_dataset\colpack_outputs_week13_expanded\bcsstk05_smallest_last.txt
bcsstk05,SMALLEST_LAST,9,91,47,0.6907894736842105,data\processed\initial_graph_coloring_dataset\colpack_outputs_week13_expanded\bcsstk05_smallest_last.txt
bcsstk05,SMALLEST_LAST,9,92,48,0.6842105263157895,data\processed\initial_graph_coloring_dataset\colpack_outputs_week13_expanded\bcsstk05_smallest_last.txt
bcsstk05,SMALLEST_LAST,9,96,49,0.6776315789473685,data\processed\initial_graph_coloring_dataset\colpack_outputs_week13_expanded\bcsstk05_smallest_last.txt
bcsstk05,SMALLEST_LAST,9,97,50,0.6710526315789473,data\processed\initial_graph_coloring_dataset\colpack_outputs_week13_expanded\bcsstk05_smallest_last.txt
bcsstk05,SMALLEST_LAST,9,98,51,0.6644736842105263,data\processed\initial_graph_coloring_dataset\colpack_outputs_week13_expanded\bcsstk05_smallest_last.txt
bcsstk05,SMALLEST_LAST,9,81,52,0.6578947368421053,data\processed\initial_graph_coloring_dataset\colpack_outputs_week13_expanded\bcsstk05_smallest_last.txt
bcsstk05,SMALLEST_LAST,9,82,53,0.6513157894736842,data\processed\initial_graph_coloring_dataset\colpack_outputs_week13_expanded\bcsstk05_smallest_last.txt
bcsstk05,SMALLEST_LAST,9,83,54,0.6447368421052632,data\processed\initial_graph_coloring_dataset\colpack_outputs_week13_expanded\bcsstk05_smallest_last.txt
bcsstk05,SMALLEST_LAST,9,84,55,0.6381578947368421,data\processed\initial_graph_coloring_dataset\colpack_outputs_week13_expanded\bcsstk05_smallest_last.txt
bcsstk05,SMALLEST_LAST,9,85,56,0.631578947368421,data\processed\initial_graph_coloring_dataset\colpack_outputs_week13_expanded\bcsstk05_smallest_last.txt
bcsstk05,SMALLEST_LAST,9,86,57,0.625,data\processed\initial_graph_coloring_dataset\colpack_outputs_week13_expanded\bcsstk05_smallest_last.txt
bcsstk05,SMALLEST_LAST,9,87,58,0.618421052631579,data\processed\initial_graph_coloring_dataset\colpack_outputs_week13_expanded\bcsstk05_smallest_last.txt
bcsstk05,SMALLEST_LAST,9,88,59,0.6118421052631579,data\processed\initial_graph_coloring_dataset\colpack_outputs_week13_expanded\bcsstk05_smallest_last.txt
bcsstk05,SMALLEST_LAST,9,89,60,0.6052631578947368,data\processed\initial_graph_coloring_dataset\colpack_outputs_week13_expanded\bcsstk05_smallest_last.txt
bcsstk05,SMALLEST_LAST,9,71,61,0.5986842105263158,data\processed\initial_graph_coloring_dataset\colpack_outputs_week13_expanded\bcsstk05_smallest_last.txt
bcsstk05,SMALLEST_LAST,9,78,62,0.5921052631578947,data\processed\initial_graph_coloring_dataset\colpack_outputs_week13_expanded\bcsstk05_smallest_last.txt
bcsstk05,SMALLEST_LAST,9,80,63,0.5855263157894737,data\processed\initial_graph_coloring_dataset\colpack_outputs_week13_expanded\bcsstk05_smallest_last.txt
bcsstk05,SMALLEST_LAST,9,69,64,0.5789473684210527,data\processed\initial_graph_coloring_dataset\colpack_outputs_week13_expanded\bcsstk05_smallest_last.txt
bcsstk05,SMALLEST_LAST,9,130,65,0.5723684210526315,data\processed\initial_graph_coloring_dataset\colpack_outputs_week13_expanded\bcsstk05_smallest_last.txt
bcsstk05,SMALLEST_LAST,9,136,66,0.5657894736842105,data\processed\initial_graph_coloring_dataset\colpack_outputs_week13_expanded\bcsstk05_smallest_last.txt
bcsstk05,SMALLEST_LAST,9,144,67,0.5592105263157895,data\processed\initial_graph_coloring_dataset\colpack_outputs_week13_expanded\bcsstk05_smallest_last.txt
bcsstk05,SMALLEST_LAST,9,145,68,0.5526315789473685,data\processed\initial_graph_coloring_dataset\colpack_outputs_week13_expanded\bcsstk05_smallest_last.txt
bcsstk05,SMALLEST_LAST,9,146,69,0.5460526315789473,data\processed\initial_graph_coloring_dataset\colpack_outputs_week13_expanded\bcsstk05_smallest_last.txt
bcsstk05,SMALLEST_LAST,9,149,70,0.5394736842105263,data\processed\initial_graph_coloring_dataset\colpack_outputs_week13_expanded\bcsstk05_smallest_last.txt
bcsstk05,SMALLEST_LAST,9,148,71,0.5328947368421053,data\processed\initial_graph_coloring_dataset\colpack_outputs_week13_expanded\bcsstk05_smallest_last.txt
bcsstk05,SMALLEST_LAST,9,147,72,0.5263157894736842,data\processed\initial_graph_coloring_dataset\colpack_outputs_week13_expanded\bcsstk05_smallest_last.txt
bcsstk05,SMALLEST_LAST,9,150,73,0.5197368421052632,data\processed\initial_graph_coloring_dataset\colpack_outputs_week13_expanded\bcsstk05_smallest_last.txt
bcsstk05,SMALLEST_LAST,9,152,74,0.5131578947368421,data\processed\initial_graph_coloring_dataset\colpack_outputs_week13_expanded\bcsstk05_smallest_last.txt
bcsstk05,SMALLEST_LAST,9,151,75,0.506578947368421,data\processed\initial_graph_coloring_dataset\colpack_outputs_week13_expanded\bcsstk05_smallest_last.txt
bcsstk05,SMALLEST_LAST,9,79,76,0.5,data\processed\initial_graph_coloring_dataset\colpack_outputs_week13_expanded\bcsstk05_smallest_last.txt
bcsstk05,SMALLEST_LAST,9,66,77,0.4934210526315789,data\processed\initial_graph_coloring_dataset\colpack_outputs_week13_expanded\bcsstk05_smallest_last.txt
bcsstk05,SMALLEST_LAST,9,68,78,0.4868421052631579,data\processed\initial_graph_coloring_dataset\colpack_outputs_week13_expanded\bcsstk05_smallest_last.txt
bcsstk05,SMALLEST_LAST,9,67,79,0.48026315789473684,data\processed\initial_graph_coloring_dataset\colpack_outputs_week13_expanded\bcsstk05_smallest_last.txt
bcsstk05,SMALLEST_LAST,9,70,80,0.47368421052631576,data\processed\initial_graph_coloring_dataset\colpack_outputs_week13_expanded\bcsstk05_smallest_last.txt
bcsstk05,SMALLEST_LAST,9,75,81,0.46710526315789475,data\processed\initial_graph_coloring_dataset\colpack_outputs_week13_expanded\bcsstk05_smallest_last.txt
bcsstk05,SMALLEST_LAST,9,77,82,0.4605263157894737,data\processed\initial_graph_coloring_dataset\colpack_outputs_week13_expanded\bcsstk05_smallest_last.txt
bcsstk05,SMALLEST_LAST,9,76,83,0.45394736842105265,data\processed\initial_graph_coloring_dataset\colpack_outputs_week13_expanded\bcsstk05_smallest_last.txt
bcsstk05,SMALLEST_LAST,9,55,84,0.4473684210526316,data\processed\initial_graph_coloring_dataset\colpack_outputs_week13_expanded\bcsstk05_smallest_last.txt
bcsstk05,SMALLEST_LAST,9,72,85,0.4407894736842105,data\processed\initial_graph_coloring_dataset\colpack_outputs_week13_expanded\bcsstk05_smallest_last.txt
bcsstk05,SMALLEST_LAST,9,58,86,0.4342105263157895,data\processed\initial_graph_coloring_dataset\colpack_outputs_week13_expanded\bcsstk05_smallest_last.txt
bcsstk05,SMALLEST_LAST,9,74,87,0.4276315789473684,data\processed\initial_graph_coloring_dataset\colpack_outputs_week13_expanded\bcsstk05_smallest_last.txt
bcsstk05,SMALLEST_LAST,9,54,88,0.42105263157894735,data\processed\initial_graph_coloring_dataset\colpack_outputs_week13_expanded\bcsstk05_smallest_last.txt
bcsstk05,SMALLEST_LAST,9,56,89,0.4144736842105263,data\processed\initial_graph_coloring_dataset\colpack_outputs_week13_expanded\bcsstk05_smallest_last.txt
bcsstk05,SMALLEST_LAST,9,1,90,0.40789473684210525,data\processed\initial_graph_coloring_dataset\colpack_outputs_week13_expanded\bcsstk05_smallest_last.txt
bcsstk05,SMALLEST_LAST,9,2,91,0.40131578947368424,data\processed\initial_graph_coloring_dataset\colpack_outputs_week13_expanded\bcsstk05_smallest_last.txt
bcsstk05,SMALLEST_LAST,9,9,92,0.39473684210526316,data\processed\initial_graph_coloring_dataset\colpack_outputs_week13_expanded\bcsstk05_smallest_last.txt
bcsstk05,SMALLEST_LAST,9,11,93,0.3881578947368421,data\processed\initial_graph_coloring_dataset\colpack_outputs_week13_expanded\bcsstk05_smallest_last.txt
bcsstk05,SMALLEST_LAST,9,18,94,0.3815789473684211,data\processed\initial_graph_coloring_dataset\colpack_outputs_week13_expanded\bcsstk05_smallest_last.txt
bcsstk05,SMALLEST_LAST,9,20,95,0.375,data\processed\initial_graph_coloring_dataset\colpack_outputs_week13_expanded\bcsstk05_smallest_last.txt
bcsstk05,SMALLEST_LAST,9,0,96,0.3684210526315789,data\processed\initial_graph_coloring_dataset\colpack_outputs_week13_expanded\bcsstk05_smallest_last.txt
bcsstk05,SMALLEST_LAST,9,6,97,0.3618421052631579,data\processed\initial_graph_coloring_dataset\colpack_outputs_week13_expanded\bcsstk05_smallest_last.txt
bcsstk05,SMALLEST_LAST,9,8,98,0.35526315789473684,data\processed\initial_graph_coloring_dataset\colpack_outputs_week13_expanded\bcsstk05_smallest_last.txt
bcsstk05,SMALLEST_LAST,9,7,99,0.34868421052631576,data\processed\initial_graph_coloring_dataset\colpack_outputs_week13_expanded\bcsstk05_smallest_last.txt
bcsstk05,SMALLEST_LAST,9,10,100,0.34210526315789475,data\processed\initial_graph_coloring_dataset\colpack_outputs_week13_expanded\bcsstk05_smallest_last.txt
bcsstk05,SMALLEST_LAST,9,15,101,0.3355263157894737,data\processed\initial_graph_coloring_dataset\colpack_outputs_week13_expanded\bcsstk05_smallest_last.txt
bcsstk05,SMALLEST_LAST,9,17,102,0.32894736842105265,data\processed\initial_graph_coloring_dataset\colpack_outputs_week13_expanded\bcsstk05_smallest_last.txt
bcsstk05,SMALLEST_LAST,9,16,103,0.3223684210526316,data\processed\initial_graph_coloring_dataset\colpack_outputs_week13_expanded\bcsstk05_smallest_last.txt
bcsstk05,SMALLEST_LAST,9,25,104,0.3157894736842105,data\processed\initial_graph_coloring_dataset\colpack_outputs_week13_expanded\bcsstk05_smallest_last.txt
bcsstk05,SMALLEST_LAST,9,19,105,0.3092105263157895,data\processed\initial_graph_coloring_dataset\colpack_outputs_week13_expanded\bcsstk05_smallest_last.txt
bcsstk05,SMALLEST_LAST,9,28,106,0.3026315789473684,data\processed\initial_graph_coloring_dataset\colpack_outputs_week13_expanded\bcsstk05_smallest_last.txt
bcsstk05,SMALLEST_LAST,9,31,107,0.29605263157894735,data\processed\initial_graph_coloring_dataset\colpack_outputs_week13_expanded\bcsstk05_smallest_last.txt
bcsstk05,SMALLEST_LAST,9,46,108,0.2894736842105263,data\processed\initial_graph_coloring_dataset\colpack_outputs_week13_expanded\bcsstk05_smallest_last.txt
bcsstk05,SMALLEST_LAST,9,61,109,0.28289473684210525,data\processed\initial_graph_coloring_dataset\colpack_outputs_week13_expanded\bcsstk05_smallest_last.txt
bcsstk05,SMALLEST_LAST,9,22,110,0.27631578947368424,data\processed\initial_graph_coloring_dataset\colpack_outputs_week13_expanded\bcsstk05_smallest_last.txt
bcsstk05,SMALLEST_LAST,9,37,111,0.26973684210526316,data\processed\initial_graph_coloring_dataset\colpack_outputs_week13_expanded\bcsstk05_smallest_last.txt
bcsstk05,SMALLEST_LAST,9,52,112,0.2631578947368421,data\processed\initial_graph_coloring_dataset\colpack_outputs_week13_expanded\bcsstk05_smallest_last.txt
bcsstk05,SMALLEST_LAST,9,40,113,0.2565789473684211,data\processed\initial_graph_coloring_dataset\colpack_outputs_week13_expanded\bcsstk05_smallest_last.txt
bcsstk05,SMALLEST_LAST,9,49,114,0.25,data\processed\initial_graph_coloring_dataset\colpack_outputs_week13_expanded\bcsstk05_smallest_last.txt
bcsstk05,SMALLEST_LAST,9,26,115,0.24342105263157895,data\processed\initial_graph_coloring_dataset\colpack_outputs_week13_expanded\bcsstk05_smallest_last.txt
bcsstk05,SMALLEST_LAST,9,24,116,0.23684210526315788,data\processed\initial_graph_coloring_dataset\colpack_outputs_week13_expanded\bcsstk05_smallest_last.txt
bcsstk05,SMALLEST_LAST,9,27,117,0.23026315789473684,data\processed\initial_graph_coloring_dataset\colpack_outputs_week13_expanded\bcsstk05_smallest_last.txt
bcsstk05,SMALLEST_LAST,9,42,118,0.2236842105263158,data\processed\initial_graph_coloring_dataset\colpack_outputs_week13_expanded\bcsstk05_smallest_last.txt
bcsstk05,SMALLEST_LAST,9,29,119,0.21710526315789475,data\processed\initial_graph_coloring_dataset\colpack_outputs_week13_expanded\bcsstk05_smallest_last.txt
bcsstk05,SMALLEST_LAST,9,44,120,0.21052631578947367,data\processed\initial_graph_coloring_dataset\colpack_outputs_week13_expanded\bcsstk05_smallest_last.txt
bcsstk05,SMALLEST_LAST,9,47,121,0.20394736842105263,data\processed\initial_graph_coloring_dataset\colpack_outputs_week13_expanded\bcsstk05_smallest_last.txt
bcsstk05,SMALLEST_LAST,9,41,122,0.19736842105263158,data\processed\initial_graph_coloring_dataset\colpack_outputs_week13_expanded\bcsstk05_smallest_last.txt
bcsstk05,SMALLEST_LAST,9,59,123,0.19078947368421054,data\processed\initial_graph_coloring_dataset\colpack_outputs_week13_expanded\bcsstk05_smallest_last.txt
bcsstk05,SMALLEST_LAST,9,57,124,0.18421052631578946,data\processed\initial_graph_coloring_dataset\colpack_outputs_week13_expanded\bcsstk05_smallest_last.txt
bcsstk05,SMALLEST_LAST,9,39,125,0.17763157894736842,data\processed\initial_graph_coloring_dataset\colpack_outputs_week13_expanded\bcsstk05_smallest_last.txt
bcsstk05,SMALLEST_LAST,9,48,126,0.17105263157894737,data\processed\initial_graph_coloring_dataset\colpack_outputs_week13_expanded\bcsstk05_smallest_last.txt
bcsstk05,SMALLEST_LAST,9,50,127,0.16447368421052633,data\processed\initial_graph_coloring_dataset\colpack_outputs_week13_expanded\bcsstk05_smallest_last.txt
bcsstk05,SMALLEST_LAST,9,21,128,0.15789473684210525,data\processed\initial_graph_coloring_dataset\colpack_outputs_week13_expanded\bcsstk05_smallest_last.txt
bcsstk05,SMALLEST_LAST,9,23,129,0.1513157894736842,data\processed\initial_graph_coloring_dataset\colpack_outputs_week13_expanded\bcsstk05_smallest_last.txt
bcsstk05,SMALLEST_LAST,9,33,130,0.14473684210526316,data\processed\initial_graph_coloring_dataset\colpack_outputs_week13_expanded\bcsstk05_smallest_last.txt
bcsstk05,SMALLEST_LAST,9,36,131,0.13815789473684212,data\processed\initial_graph_coloring_dataset\colpack_outputs_week13_expanded\bcsstk05_smallest_last.txt
bcsstk05,SMALLEST_LAST,9,35,132,0.13157894736842105,data\processed\initial_graph_coloring_dataset\colpack_outputs_week13_expanded\bcsstk05_smallest_last.txt
bcsstk05,SMALLEST_LAST,9,38,133,0.125,data\processed\initial_graph_coloring_dataset\colpack_outputs_week13_expanded\bcsstk05_smallest_last.txt
bcsstk05,SMALLEST_LAST,9,32,134,0.11842105263157894,data\processed\initial_graph_coloring_dataset\colpack_outputs_week13_expanded\bcsstk05_smallest_last.txt
bcsstk05,SMALLEST_LAST,9,30,135,0.1118421052631579,data\processed\initial_graph_coloring_dataset\colpack_outputs_week13_expanded\bcsstk05_smallest_last.txt
bcsstk05,SMALLEST_LAST,9,45,136,0.10526315789473684,data\processed\initial_graph_coloring_dataset\colpack_outputs_week13_expanded\bcsstk05_smallest_last.txt
bcsstk05,SMALLEST_LAST,9,63,137,0.09868421052631579,data\processed\initial_graph_coloring_dataset\colpack_outputs_week13_expanded\bcsstk05_smallest_last.txt
bcsstk05,SMALLEST_LAST,9,51,138,0.09210526315789473,data\processed\initial_graph_coloring_dataset\colpack_outputs_week13_expanded\bcsstk05_smallest_last.txt
bcsstk05,SMALLEST_LAST,9,53,139,0.08552631578947369,data\processed\initial_graph_coloring_dataset\colpack_outputs_week13_expanded\bcsstk05_smallest_last.txt
bcsstk05,SMALLEST_LAST,9,65,140,0.07894736842105263,data\processed\initial_graph_coloring_dataset\colpack_outputs_week13_expanded\bcsstk05_smallest_last.txt
bcsstk05,SMALLEST_LAST,9,60,141,0.07236842105263158,data\processed\initial_graph_coloring_dataset\colpack_outputs_week13_expanded\bcsstk05_smallest_last.txt
bcsstk05,SMALLEST_LAST,9,62,142,0.06578947368421052,data\processed\initial_graph_coloring_dataset\colpack_outputs_week13_expanded\bcsstk05_smallest_last.txt
bcsstk05,SMALLEST_LAST,9,64,143,0.05921052631578947,data\processed\initial_graph_coloring_dataset\colpack_outputs_week13_expanded\bcsstk05_smallest_last.txt
bcsstk05,SMALLEST_LAST,9,73,144,0.05263157894736842,data\processed\initial_graph_coloring_dataset\colpack_outputs_week13_expanded\bcsstk05_smallest_last.txt
bcsstk05,SMALLEST_LAST,9,34,145,0.046052631578947366,data\processed\initial_graph_coloring_dataset\colpack_outputs_week13_expanded\bcsstk05_smallest_last.txt
bcsstk05,SMALLEST_LAST,9,43,146,0.039473684210526314,data\processed\initial_graph_coloring_dataset\colpack_outputs_week13_expanded\bcsstk05_smallest_last.txt
bcsstk05,SMALLEST_LAST,9,12,147,0.03289473684210526,data\processed\initial_graph_coloring_dataset\colpack_outputs_week13_expanded\bcsstk05_smallest_last.txt
bcsstk05,SMALLEST_LAST,9,3,148,0.02631578947368421,data\processed\initial_graph_coloring_dataset\colpack_outputs_week13_expanded\bcsstk05_smallest_last.txt
bcsstk05,SMALLEST_LAST,9,5,149,0.019736842105263157,data\processed\initial_graph_coloring_dataset\colpack_outputs_week13_expanded\bcsstk05_smallest_last.txt
bcsstk05,SMALLEST_LAST,9,14,150,0.013157894736842105,data\processed\initial_graph_coloring_dataset\colpack_outputs_week13_expanded\bcsstk05_smallest_last.txt
bcsstk05,SMALLEST_LAST,9,4,151,0.006578947368421052,data\processed\initial_graph_coloring_dataset\colpack_outputs_week13_expanded\bcsstk05_smallest_last.txt
bcsstk05,SMALLEST_LAST,9,13,152,0.0,data\processed\initial_graph_coloring_dataset\colpack_outputs_week13_expanded\bcsstk05_smallest_last.txt
bcsstk06,SMALLEST_LAST,13,3,0,1.0,data\processed\initial_graph_coloring_dataset\colpack_outputs_week13_expanded\bcsstk06_smallest_last.txt
bcsstk06,SMALLEST_LAST,13,5,1,0.9976133651551312,data\processed\initial_graph_coloring_dataset\colpack_outputs_week13_expanded\bcsstk06_smallest_last.txt
bcsstk06,SMALLEST_LAST,13,6,2,0.9952267303102625,data\processed\initial_graph_coloring_dataset\colpack_outputs_week13_expanded\bcsstk06_smallest_last.txt
bcsstk06,SMALLEST_LAST,13,7,3,0.9928400954653938,data\processed\initial_graph_coloring_dataset\colpack_outputs_week13_expanded\bcsstk06_smallest_last.txt
bcsstk06,SMALLEST_LAST,13,45,4,0.9904534606205251,data\processed\initial_graph_coloring_dataset\colpack_outputs_week13_expanded\bcsstk06_smallest_last.txt
bcsstk06,SMALLEST_LAST,13,47,5,0.9880668257756563,data\processed\initial_graph_coloring_dataset\colpack_outputs_week13_expanded\bcsstk06_smallest_last.txt
bcsstk06,SMALLEST_LAST,13,48,6,0.9856801909307876,data\processed\initial_graph_coloring_dataset\colpack_outputs_week13_expanded\bcsstk06_smallest_last.txt
bcsstk06,SMALLEST_LAST,13,49,7,0.9832935560859188,data\processed\initial_graph_coloring_dataset\colpack_outputs_week13_expanded\bcsstk06_smallest_last.txt
bcsstk06,SMALLEST_LAST,13,50,8,0.9809069212410502,data\processed\initial_graph_coloring_dataset\colpack_outputs_week13_expanded\bcsstk06_smallest_last.txt
bcsstk06,SMALLEST_LAST,13,8,9,0.9785202863961814,data\processed\initial_graph_coloring_dataset\colpack_outputs_week13_expanded\bcsstk06_smallest_last.txt
bcsstk06,SMALLEST_LAST,13,9,10,0.9761336515513126,data\processed\initial_graph_coloring_dataset\colpack_outputs_week13_expanded\bcsstk06_smallest_last.txt
bcsstk06,SMALLEST_LAST,13,11,11,0.9737470167064439,data\processed\initial_graph_coloring_dataset\colpack_outputs_week13_expanded\bcsstk06_smallest_last.txt
bcsstk06,SMALLEST_LAST,13,12,12,0.9713603818615751,data\processed\initial_graph_coloring_dataset\colpack_outputs_week13_expanded\bcsstk06_smallest_last.txt
bcsstk06,SMALLEST_LAST,13,14,13,0.9689737470167065,data\processed\initial_graph_coloring_dataset\colpack_outputs_week13_expanded\bcsstk06_smallest_last.txt
bcsstk06,SMALLEST_LAST,13,51,14,0.9665871121718377,data\processed\initial_graph_coloring_dataset\colpack_outputs_week13_expanded\bcsstk06_smallest_last.txt
bcsstk06,SMALLEST_LAST,13,53,15,0.964200477326969,data\processed\initial_graph_coloring_dataset\colpack_outputs_week13_expanded\bcsstk06_smallest_last.txt
bcsstk06,SMALLEST_LAST,13,54,16,0.9618138424821002,data\processed\initial_graph_coloring_dataset\colpack_outputs_week13_expanded\bcsstk06_smallest_last.txt
bcsstk06,SMALLEST_LAST,13,56,17,0.9594272076372315,data\processed\initial_graph_coloring_dataset\colpack_outputs_week13_expanded\bcsstk06_smallest_last.txt
bcsstk06,SMALLEST_LAST,13,46,18,0.9570405727923628,data\processed\initial_graph_coloring_dataset\colpack_outputs_week13_expanded\bcsstk06_smallest_last.txt
bcsstk06,SMALLEST_LAST,13,52,19,0.954653937947494,data\processed\initial_graph_coloring_dataset\colpack_outputs_week13_expanded\bcsstk06_smallest_last.txt
bcsstk06,SMALLEST_LAST,13,55,20,0.9522673031026253,data\processed\initial_graph_coloring_dataset\colpack_outputs_week13_expanded\bcsstk06_smallest_last.txt
bcsstk06,SMALLEST_LAST,13,87,21,0.9498806682577565,data\processed\initial_graph_coloring_dataset\colpack_outputs_week13_expanded\bcsstk06_smallest_last.txt
bcsstk06,SMALLEST_LAST,13,89,22,0.9474940334128878,data\processed\initial_graph_coloring_dataset\colpack_outputs_week13_expanded\bcsstk06_smallest_last.txt
bcsstk06,SMALLEST_LAST,13,90,23,0.9451073985680191,data\processed\initial_graph_coloring_dataset\colpack_outputs_week13_expanded\bcsstk06_smallest_last.txt
bcsstk06,SMALLEST_LAST,13,91,24,0.9427207637231504,data\processed\initial_graph_coloring_dataset\colpack_outputs_week13_expanded\bcsstk06_smallest_last.txt
bcsstk06,SMALLEST_LAST,13,92,25,0.9403341288782816,data\processed\initial_graph_coloring_dataset\colpack_outputs_week13_expanded\bcsstk06_smallest_last.txt
bcsstk06,SMALLEST_LAST,13,93,26,0.9379474940334129,data\processed\initial_graph_coloring_dataset\colpack_outputs_week13_expanded\bcsstk06_smallest_last.txt
bcsstk06,SMALLEST_LAST,13,95,27,0.9355608591885441,data\processed\initial_graph_coloring_dataset\colpack_outputs_week13_expanded\bcsstk06_smallest_last.txt
bcsstk06,SMALLEST_LAST,13,96,28,0.9331742243436754,data\processed\initial_graph_coloring_dataset\colpack_outputs_week13_expanded\bcsstk06_smallest_last.txt
bcsstk06,SMALLEST_LAST,13,98,29,0.9307875894988067,data\processed\initial_graph_coloring_dataset\colpack_outputs_week13_expanded\bcsstk06_smallest_last.txt
bcsstk06,SMALLEST_LAST,13,97,30,0.9284009546539379,data\processed\initial_graph_coloring_dataset\colpack_outputs_week13_expanded\bcsstk06_smallest_last.txt
bcsstk06,SMALLEST_LAST,13,57,31,0.9260143198090692,data\processed\initial_graph_coloring_dataset\colpack_outputs_week13_expanded\bcsstk06_smallest_last.txt
bcsstk06,SMALLEST_LAST,13,59,32,0.9236276849642004,data\processed\initial_graph_coloring_dataset\colpack_outputs_week13_expanded\bcsstk06_smallest_last.txt
bcsstk06,SMALLEST_LAST,13,60,33,0.9212410501193318,data\processed\initial_graph_coloring_dataset\colpack_outputs_week13_expanded\bcsstk06_smallest_last.txt
bcsstk06,SMALLEST_LAST,13,62,34,0.918854415274463,data\processed\initial_graph_coloring_dataset\colpack_outputs_week13_expanded\bcsstk06_smallest_last.txt
bcsstk06,SMALLEST_LAST,13,99,35,0.9164677804295943,data\processed\initial_graph_coloring_dataset\colpack_outputs_week13_expanded\bcsstk06_smallest_last.txt
bcsstk06,SMALLEST_LAST,13,101,36,0.9140811455847255,data\processed\initial_graph_coloring_dataset\colpack_outputs_week13_expanded\bcsstk06_smallest_last.txt
bcsstk06,SMALLEST_LAST,13,102,37,0.9116945107398569,data\processed\initial_graph_coloring_dataset\colpack_outputs_week13_expanded\bcsstk06_smallest_last.txt
bcsstk06,SMALLEST_LAST,13,104,38,0.9093078758949881,data\processed\initial_graph_coloring_dataset\colpack_outputs_week13_expanded\bcsstk06_smallest_last.txt
bcsstk06,SMALLEST_LAST,13,58,39,0.9069212410501193,data\processed\initial_graph_coloring_dataset\colpack_outputs_week13_expanded\bcsstk06_smallest_last.txt
bcsstk06,SMALLEST_LAST,13,61,40,0.9045346062052506,data\processed\initial_graph_coloring_dataset\colpack_outputs_week13_expanded\bcsstk06_smallest_last.txt
bcsstk06,SMALLEST_LAST,13,15,41,0.9021479713603818,data\processed\initial_graph_coloring_dataset\colpack_outputs_week13_expanded\bcsstk06_smallest_last.txt
bcsstk06,SMALLEST_LAST,13,17,42,0.8997613365155132,data\processed\initial_graph_coloring_dataset\colpack_outputs_week13_expanded\bcsstk06_smallest_last.txt
bcsstk06,SMALLEST_LAST,13,20,43,0.8973747016706444,data\processed\initial_graph_coloring_dataset\colpack_outputs_week13_expanded\bcsstk06_smallest_last.txt
bcsstk06,SMALLEST_LAST,13,18,44,0.8949880668257757,data\processed\initial_graph_coloring_dataset\colpack_outputs_week13_expanded\bcsstk06_smallest_last.txt
bcsstk06,SMALLEST_LAST,13,103,45,0.8926014319809069,data\processed\initial_graph_coloring_dataset\colpack_outputs_week13_expanded\bcsstk06_smallest_last.txt
bcsstk06,SMALLEST_LAST,13,63,46,0.8902147971360382,data\processed\initial_graph_coloring_dataset\colpack_outputs_week13_expanded\bcsstk06_smallest_last.txt
bcsstk06,SMALLEST_LAST,13,65,47,0.8878281622911695,data\processed\initial_graph_coloring_dataset\colpack_outputs_week13_expanded\bcsstk06_smallest_last.txt
bcsstk06,SMALLEST_LAST,13,66,48,0.8854415274463007,data\processed\initial_graph_coloring_dataset\colpack_outputs_week13_expanded\bcsstk06_smallest_last.txt
bcsstk06,SMALLEST_LAST,13,68,49,0.883054892601432,data\processed\initial_graph_coloring_dataset\colpack_outputs_week13_expanded\bcsstk06_smallest_last.txt
bcsstk06,SMALLEST_LAST,13,105,50,0.8806682577565632,data\processed\initial_graph_coloring_dataset\colpack_outputs_week13_expanded\bcsstk06_smallest_last.txt
bcsstk06,SMALLEST_LAST,13,107,51,0.8782816229116945,data\processed\initial_graph_coloring_dataset\colpack_outputs_week13_expanded\bcsstk06_smallest_last.txt
bcsstk06,SMALLEST_LAST,13,108,52,0.8758949880668258,data\processed\initial_graph_coloring_dataset\colpack_outputs_week13_expanded\bcsstk06_smallest_last.txt
bcsstk06,SMALLEST_LAST,13,110,53,0.8735083532219571,data\processed\initial_graph_coloring_dataset\colpack_outputs_week13_expanded\bcsstk06_smallest_last.txt
bcsstk06,SMALLEST_LAST,13,64,54,0.8711217183770883,data\processed\initial_graph_coloring_dataset\colpack_outputs_week13_expanded\bcsstk06_smallest_last.txt
bcsstk06,SMALLEST_LAST,13,67,55,0.8687350835322196,data\processed\initial_graph_coloring_dataset\colpack_outputs_week13_expanded\bcsstk06_smallest_last.txt
bcsstk06,SMALLEST_LAST,13,21,56,0.8663484486873508,data\processed\initial_graph_coloring_dataset\colpack_outputs_week13_expanded\bcsstk06_smallest_last.txt
bcsstk06,SMALLEST_LAST,13,23,57,0.863961813842482,data\processed\initial_graph_coloring_dataset\colpack_outputs_week13_expanded\bcsstk06_smallest_last.txt
bcsstk06,SMALLEST_LAST,13,26,58,0.8615751789976134,data\processed\initial_graph_coloring_dataset\colpack_outputs_week13_expanded\bcsstk06_smallest_last.txt
bcsstk06,SMALLEST_LAST,13,24,59,0.8591885441527446,data\processed\initial_graph_coloring_dataset\colpack_outputs_week13_expanded\bcsstk06_smallest_last.txt
bcsstk06,SMALLEST_LAST,13,94,60,0.8568019093078759,data\processed\initial_graph_coloring_dataset\colpack_outputs_week13_expanded\bcsstk06_smallest_last.txt
bcsstk06,SMALLEST_LAST,13,100,61,0.8544152744630071,data\processed\initial_graph_coloring_dataset\colpack_outputs_week13_expanded\bcsstk06_smallest_last.txt
bcsstk06,SMALLEST_LAST,13,106,62,0.8520286396181385,data\processed\initial_graph_coloring_dataset\colpack_outputs_week13_expanded\bcsstk06_smallest_last.txt
bcsstk06,SMALLEST_LAST,13,109,63,0.8496420047732697,data\processed\initial_graph_coloring_dataset\colpack_outputs_week13_expanded\bcsstk06_smallest_last.txt
bcsstk06,SMALLEST_LAST,13,69,64,0.847255369928401,data\processed\initial_graph_coloring_dataset\colpack_outputs_week13_expanded\bcsstk06_smallest_last.txt
bcsstk06,SMALLEST_LAST,13,71,65,0.8448687350835322,data\processed\initial_graph_coloring_dataset\colpack_outputs_week13_expanded\bcsstk06_smallest_last.txt
bcsstk06,SMALLEST_LAST,13,72,66,0.8424821002386634,data\processed\initial_graph_coloring_dataset\colpack_outputs_week13_expanded\bcsstk06_smallest_last.txt
bcsstk06,SMALLEST_LAST,13,74,67,0.8400954653937948,data\processed\initial_graph_coloring_dataset\colpack_outputs_week13_expanded\bcsstk06_smallest_last.txt
bcsstk06,SMALLEST_LAST,13,111,68,0.837708830548926,data\processed\initial_graph_coloring_dataset\colpack_outputs_week13_expanded\bcsstk06_smallest_last.txt
bcsstk06,SMALLEST_LAST,13,113,69,0.8353221957040573,data\processed\initial_graph_coloring_dataset\colpack_outputs_week13_expanded\bcsstk06_smallest_last.txt
bcsstk06,SMALLEST_LAST,13,114,70,0.8329355608591885,data\processed\initial_graph_coloring_dataset\colpack_outputs_week13_expanded\bcsstk06_smallest_last.txt
bcsstk06,SMALLEST_LAST,13,116,71,0.8305489260143198,data\processed\initial_graph_coloring_dataset\colpack_outputs_week13_expanded\bcsstk06_smallest_last.txt
bcsstk06,SMALLEST_LAST,13,70,72,0.8281622911694511,data\processed\initial_graph_coloring_dataset\colpack_outputs_week13_expanded\bcsstk06_smallest_last.txt
bcsstk06,SMALLEST_LAST,13,73,73,0.8257756563245824,data\processed\initial_graph_coloring_dataset\colpack_outputs_week13_expanded\bcsstk06_smallest_last.txt
bcsstk06,SMALLEST_LAST,13,29,74,0.8233890214797136,data\processed\initial_graph_coloring_dataset\colpack_outputs_week13_expanded\bcsstk06_smallest_last.txt
bcsstk06,SMALLEST_LAST,13,30,75,0.8210023866348448,data\processed\initial_graph_coloring_dataset\colpack_outputs_week13_expanded\bcsstk06_smallest_last.txt
bcsstk06,SMALLEST_LAST,13,32,76,0.8186157517899761,data\processed\initial_graph_coloring_dataset\colpack_outputs_week13_expanded\bcsstk06_smallest_last.txt
bcsstk06,SMALLEST_LAST,13,27,77,0.8162291169451074,data\processed\initial_graph_coloring_dataset\colpack_outputs_week13_expanded\bcsstk06_smallest_last.txt
bcsstk06,SMALLEST_LAST,13,112,78,0.8138424821002387,data\processed\initial_graph_coloring_dataset\colpack_outputs_week13_expanded\bcsstk06_smallest_last.txt
bcsstk06,SMALLEST_LAST,13,115,79,0.8114558472553699,data\processed\initial_graph_coloring_dataset\colpack_outputs_week13_expanded\bcsstk06_smallest_last.txt
bcsstk06,SMALLEST_LAST,13,153,80,0.8090692124105012,data\processed\initial_graph_coloring_dataset\colpack_outputs_week13_expanded\bcsstk06_smallest_last.txt
bcsstk06,SMALLEST_LAST,13,155,81,0.8066825775656324,data\processed\initial_graph_coloring_dataset\colpack_outputs_week13_expanded\bcsstk06_smallest_last.txt
bcsstk06,SMALLEST_LAST,13,156,82,0.8042959427207638,data\processed\initial_graph_coloring_dataset\colpack_outputs_week13_expanded\bcsstk06_smallest_last.txt
bcsstk06,SMALLEST_LAST,13,157,83,0.801909307875895,data\processed\initial_graph_coloring_dataset\colpack_outputs_week13_expanded\bcsstk06_smallest_last.txt
bcsstk06,SMALLEST_LAST,13,158,84,0.7995226730310262,data\processed\initial_graph_coloring_dataset\colpack_outputs_week13_expanded\bcsstk06_smallest_last.txt
bcsstk06,SMALLEST_LAST,13,117,85,0.7971360381861575,data\processed\initial_graph_coloring_dataset\colpack_outputs_week13_expanded\bcsstk06_smallest_last.txt
bcsstk06,SMALLEST_LAST,13,119,86,0.7947494033412887,data\processed\initial_graph_coloring_dataset\colpack_outputs_week13_expanded\bcsstk06_smallest_last.txt
bcsstk06,SMALLEST_LAST,13,120,87,0.7923627684964201,data\processed\initial_graph_coloring_dataset\colpack_outputs_week13_expanded\bcsstk06_smallest_last.txt
bcsstk06,SMALLEST_LAST,13,122,88,0.7899761336515513,data\processed\initial_graph_coloring_dataset\colpack_outputs_week13_expanded\bcsstk06_smallest_last.txt
bcsstk06,SMALLEST_LAST,13,159,89,0.7875894988066826,data\processed\initial_graph_coloring_dataset\colpack_outputs_week13_expanded\bcsstk06_smallest_last.txt
bcsstk06,SMALLEST_LAST,13,161,90,0.7852028639618138,data\processed\initial_graph_coloring_dataset\colpack_outputs_week13_expanded\bcsstk06_smallest_last.txt
bcsstk06,SMALLEST_LAST,13,162,91,0.7828162291169452,data\processed\initial_graph_coloring_dataset\colpack_outputs_week13_expanded\bcsstk06_smallest_last.txt
bcsstk06,SMALLEST_LAST,13,164,92,0.7804295942720764,data\processed\initial_graph_coloring_dataset\colpack_outputs_week13_expanded\bcsstk06_smallest_last.txt
bcsstk06,SMALLEST_LAST,13,118,93,0.7780429594272077,data\processed\initial_graph_coloring_dataset\colpack_outputs_week13_expanded\bcsstk06_smallest_last.txt
bcsstk06,SMALLEST_LAST,13,31,94,0.7756563245823389,data\processed\initial_graph_coloring_dataset\colpack_outputs_week13_expanded\bcsstk06_smallest_last.txt
bcsstk06,SMALLEST_LAST,13,121,95,0.7732696897374701,data\processed\initial_graph_coloring_dataset\colpack_outputs_week13_expanded\bcsstk06_smallest_last.txt
bcsstk06,SMALLEST_LAST,13,77,96,0.7708830548926014,data\processed\initial_graph_coloring_dataset\colpack_outputs_week13_expanded\bcsstk06_smallest_last.txt
bcsstk06,SMALLEST_LAST,13,80,97,0.7684964200477327,data\processed\initial_graph_coloring_dataset\colpack_outputs_week13_expanded\bcsstk06_smallest_last.txt
bcsstk06,SMALLEST_LAST,13,76,98,0.766109785202864,data\processed\initial_graph_coloring_dataset\colpack_outputs_week13_expanded\bcsstk06_smallest_last.txt
bcsstk06,SMALLEST_LAST,13,75,99,0.7637231503579952,data\processed\initial_graph_coloring_dataset\colpack_outputs_week13_expanded\bcsstk06_smallest_last.txt
bcsstk06,SMALLEST_LAST,13,78,100,0.7613365155131265,data\processed\initial_graph_coloring_dataset\colpack_outputs_week13_expanded\bcsstk06_smallest_last.txt
bcsstk06,SMALLEST_LAST,13,33,101,0.7589498806682577,data\processed\initial_graph_coloring_dataset\colpack_outputs_week13_expanded\bcsstk06_smallest_last.txt
bcsstk06,SMALLEST_LAST,13,36,102,0.7565632458233891,data\processed\initial_graph_coloring_dataset\colpack_outputs_week13_expanded\bcsstk06_smallest_last.txt
bcsstk06,SMALLEST_LAST,13,38,103,0.7541766109785203,data\processed\initial_graph_coloring_dataset\colpack_outputs_week13_expanded\bcsstk06_smallest_last.txt
bcsstk06,SMALLEST_LAST,13,79,104,0.7517899761336515,data\processed\initial_graph_coloring_dataset\colpack_outputs_week13_expanded\bcsstk06_smallest_last.txt
bcsstk06,SMALLEST_LAST,13,35,105,0.7494033412887828,data\processed\initial_graph_coloring_dataset\colpack_outputs_week13_expanded\bcsstk06_smallest_last.txt
bcsstk06,SMALLEST_LAST,13,363,106,0.747016706443914,data\processed\initial_graph_coloring_dataset\colpack_outputs_week13_expanded\bcsstk06_smallest_last.txt
bcsstk06,SMALLEST_LAST,13,365,107,0.7446300715990454,data\processed\initial_graph_coloring_dataset\colpack_outputs_week13_expanded\bcsstk06_smallest_last.txt
bcsstk06,SMALLEST_LAST,13,366,108,0.7422434367541766,data\processed\initial_graph_coloring_dataset\colpack_outputs_week13_expanded\bcsstk06_smallest_last.txt
bcsstk06,SMALLEST_LAST,13,367,109,0.7398568019093079,data\processed\initial_graph_coloring_dataset\colpack_outputs_week13_expanded\bcsstk06_smallest_last.txt
bcsstk06,SMALLEST_LAST,13,405,110,0.7374701670644391,data\processed\initial_graph_coloring_dataset\colpack_outputs_week13_expanded\bcsstk06_smallest_last.txt
bcsstk06,SMALLEST_LAST,13,407,111,0.7350835322195705,data\processed\initial_graph_coloring_dataset\colpack_outputs_week13_expanded\bcsstk06_smallest_last.txt
bcsstk06,SMALLEST_LAST,13,408,112,0.7326968973747017,data\processed\initial_graph_coloring_dataset\colpack_outputs_week13_expanded\bcsstk06_smallest_last.txt
bcsstk06,SMALLEST_LAST,13,409,113,0.7303102625298329,data\processed\initial_graph_coloring_dataset\colpack_outputs_week13_expanded\bcsstk06_smallest_last.txt
bcsstk06,SMALLEST_LAST,13,410,114,0.7279236276849642,data\processed\initial_graph_coloring_dataset\colpack_outputs_week13_expanded\bcsstk06_smallest_last.txt
bcsstk06,SMALLEST_LAST,13,368,115,0.7255369928400954,data\processed\initial_graph_coloring_dataset\colpack_outputs_week13_expanded\bcsstk06_smallest_last.txt
bcsstk06,SMALLEST_LAST,13,369,116,0.7231503579952268,data\processed\initial_graph_coloring_dataset\colpack_outputs_week13_expanded\bcsstk06_smallest_last.txt
bcsstk06,SMALLEST_LAST,13,371,117,0.720763723150358,data\processed\initial_graph_coloring_dataset\colpack_outputs_week13_expanded\bcsstk06_smallest_last.txt
bcsstk06,SMALLEST_LAST,13,372,118,0.7183770883054893,data\processed\initial_graph_coloring_dataset\colpack_outputs_week13_expanded\bcsstk06_smallest_last.txt
bcsstk06,SMALLEST_LAST,13,374,119,0.7159904534606205,data\processed\initial_graph_coloring_dataset\colpack_outputs_week13_expanded\bcsstk06_smallest_last.txt
bcsstk06,SMALLEST_LAST,13,411,120,0.7136038186157518,data\processed\initial_graph_coloring_dataset\colpack_outputs_week13_expanded\bcsstk06_smallest_last.txt
bcsstk06,SMALLEST_LAST,13,413,121,0.711217183770883,data\processed\initial_graph_coloring_dataset\colpack_outputs_week13_expanded\bcsstk06_smallest_last.txt
bcsstk06,SMALLEST_LAST,13,414,122,0.7088305489260143,data\processed\initial_graph_coloring_dataset\colpack_outputs_week13_expanded\bcsstk06_smallest_last.txt
bcsstk06,SMALLEST_LAST,13,416,123,0.7064439140811456,data\processed\initial_graph_coloring_dataset\colpack_outputs_week13_expanded\bcsstk06_smallest_last.txt
bcsstk06,SMALLEST_LAST,13,364,124,0.7040572792362768,data\processed\initial_graph_coloring_dataset\colpack_outputs_week13_expanded\bcsstk06_smallest_last.txt
bcsstk06,SMALLEST_LAST,13,370,125,0.7016706443914081,data\processed\initial_graph_coloring_dataset\colpack_outputs_week13_expanded\bcsstk06_smallest_last.txt
bcsstk06,SMALLEST_LAST,13,373,126,0.6992840095465394,data\processed\initial_graph_coloring_dataset\colpack_outputs_week13_expanded\bcsstk06_smallest_last.txt
bcsstk06,SMALLEST_LAST,13,321,127,0.6968973747016707,data\processed\initial_graph_coloring_dataset\colpack_outputs_week13_expanded\bcsstk06_smallest_last.txt
bcsstk06,SMALLEST_LAST,13,323,128,0.6945107398568019,data\processed\initial_graph_coloring_dataset\colpack_outputs_week13_expanded\bcsstk06_smallest_last.txt
bcsstk06,SMALLEST_LAST,13,324,129,0.6921241050119332,data\processed\initial_graph_coloring_dataset\colpack_outputs_week13_expanded\bcsstk06_smallest_last.txt
bcsstk06,SMALLEST_LAST,13,325,130,0.6897374701670644,data\processed\initial_graph_coloring_dataset\colpack_outputs_week13_expanded\bcsstk06_smallest_last.txt
bcsstk06,SMALLEST_LAST,13,327,131,0.6873508353221957,data\processed\initial_graph_coloring_dataset\colpack_outputs_week13_expanded\bcsstk06_smallest_last.txt
bcsstk06,SMALLEST_LAST,13,329,132,0.684964200477327,data\processed\initial_graph_coloring_dataset\colpack_outputs_week13_expanded\bcsstk06_smallest_last.txt
bcsstk06,SMALLEST_LAST,13,330,133,0.6825775656324582,data\processed\initial_graph_coloring_dataset\colpack_outputs_week13_expanded\bcsstk06_smallest_last.txt
bcsstk06,SMALLEST_LAST,13,332,134,0.6801909307875895,data\processed\initial_graph_coloring_dataset\colpack_outputs_week13_expanded\bcsstk06_smallest_last.txt
bcsstk06,SMALLEST_LAST,13,326,135,0.6778042959427207,data\processed\initial_graph_coloring_dataset\colpack_outputs_week13_expanded\bcsstk06_smallest_last.txt
bcsstk06,SMALLEST_LAST,13,319,136,0.6754176610978521,data\processed\initial_graph_coloring_dataset\colpack_outputs_week13_expanded\bcsstk06_smallest_last.txt
bcsstk06,SMALLEST_LAST,13,360,137,0.6730310262529833,data\processed\initial_graph_coloring_dataset\colpack_outputs_week13_expanded\bcsstk06_smallest_last.txt
bcsstk06,SMALLEST_LAST,13,361,138,0.6706443914081146,data\processed\initial_graph_coloring_dataset\colpack_outputs_week13_expanded\bcsstk06_smallest_last.txt
bcsstk06,SMALLEST_LAST,13,362,139,0.6682577565632458,data\processed\initial_graph_coloring_dataset\colpack_outputs_week13_expanded\bcsstk06_smallest_last.txt
bcsstk06,SMALLEST_LAST,13,315,140,0.665871121718377,data\processed\initial_graph_coloring_dataset\colpack_outputs_week13_expanded\bcsstk06_smallest_last.txt
bcsstk06,SMALLEST_LAST,13,317,141,0.6634844868735084,data\processed\initial_graph_coloring_dataset\colpack_outputs_week13_expanded\bcsstk06_smallest_last.txt
bcsstk06,SMALLEST_LAST,13,318,142,0.6610978520286396,data\processed\initial_graph_coloring_dataset\colpack_outputs_week13_expanded\bcsstk06_smallest_last.txt
bcsstk06,SMALLEST_LAST,13,320,143,0.6587112171837709,data\processed\initial_graph_coloring_dataset\colpack_outputs_week13_expanded\bcsstk06_smallest_last.txt
bcsstk06,SMALLEST_LAST,13,357,144,0.6563245823389021,data\processed\initial_graph_coloring_dataset\colpack_outputs_week13_expanded\bcsstk06_smallest_last.txt
bcsstk06,SMALLEST_LAST,13,359,145,0.6539379474940334,data\processed\initial_graph_coloring_dataset\colpack_outputs_week13_expanded\bcsstk06_smallest_last.txt
bcsstk06,SMALLEST_LAST,13,358,146,0.6515513126491647,data\processed\initial_graph_coloring_dataset\colpack_outputs_week13_expanded\bcsstk06_smallest_last.txt
bcsstk06,SMALLEST_LAST,13,403,147,0.649164677804296,data\processed\initial_graph_coloring_dataset\colpack_outputs_week13_expanded\bcsstk06_smallest_last.txt
bcsstk06,SMALLEST_LAST,13,399,148,0.6467780429594272,data\processed\initial_graph_coloring_dataset\colpack_outputs_week13_expanded\bcsstk06_smallest_last.txt
bcsstk06,SMALLEST_LAST,13,401,149,0.6443914081145584,data\processed\initial_graph_coloring_dataset\colpack_outputs_week13_expanded\bcsstk06_smallest_last.txt
bcsstk06,SMALLEST_LAST,13,404,150,0.6420047732696897,data\processed\initial_graph_coloring_dataset\colpack_outputs_week13_expanded\bcsstk06_smallest_last.txt
bcsstk06,SMALLEST_LAST,13,402,151,0.639618138424821,data\processed\initial_graph_coloring_dataset\colpack_outputs_week13_expanded\bcsstk06_smallest_last.txt
bcsstk06,SMALLEST_LAST,13,313,152,0.6372315035799523,data\processed\initial_graph_coloring_dataset\colpack_outputs_week13_expanded\bcsstk06_smallest_last.txt
bcsstk06,SMALLEST_LAST,13,354,153,0.6348448687350835,data\processed\initial_graph_coloring_dataset\colpack_outputs_week13_expanded\bcsstk06_smallest_last.txt
bcsstk06,SMALLEST_LAST,13,355,154,0.6324582338902148,data\processed\initial_graph_coloring_dataset\colpack_outputs_week13_expanded\bcsstk06_smallest_last.txt
bcsstk06,SMALLEST_LAST,13,356,155,0.630071599045346,data\processed\initial_graph_coloring_dataset\colpack_outputs_week13_expanded\bcsstk06_smallest_last.txt
bcsstk06,SMALLEST_LAST,13,309,156,0.6276849642004774,data\processed\initial_graph_coloring_dataset\colpack_outputs_week13_expanded\bcsstk06_smallest_last.txt
bcsstk06,SMALLEST_LAST,13,311,157,0.6252983293556086,data\processed\initial_graph_coloring_dataset\colpack_outputs_week13_expanded\bcsstk06_smallest_last.txt
bcsstk06,SMALLEST_LAST,13,312,158,0.6229116945107399,data\processed\initial_graph_coloring_dataset\colpack_outputs_week13_expanded\bcsstk06_smallest_last.txt
bcsstk06,SMALLEST_LAST,13,314,159,0.6205250596658711,data\processed\initial_graph_coloring_dataset\colpack_outputs_week13_expanded\bcsstk06_smallest_last.txt
bcsstk06,SMALLEST_LAST,13,351,160,0.6181384248210023,data\processed\initial_graph_coloring_dataset\colpack_outputs_week13_expanded\bcsstk06_smallest_last.txt
bcsstk06,SMALLEST_LAST,13,353,161,0.6157517899761337,data\processed\initial_graph_coloring_dataset\colpack_outputs_week13_expanded\bcsstk06_smallest_last.txt
bcsstk06,SMALLEST_LAST,13,352,162,0.6133651551312649,data\processed\initial_graph_coloring_dataset\colpack_outputs_week13_expanded\bcsstk06_smallest_last.txt
bcsstk06,SMALLEST_LAST,13,397,163,0.6109785202863962,data\processed\initial_graph_coloring_dataset\colpack_outputs_week13_expanded\bcsstk06_smallest_last.txt
bcsstk06,SMALLEST_LAST,13,393,164,0.6085918854415274,data\processed\initial_graph_coloring_dataset\colpack_outputs_week13_expanded\bcsstk06_smallest_last.txt
bcsstk06,SMALLEST_LAST,13,395,165,0.6062052505966588,data\processed\initial_graph_coloring_dataset\colpack_outputs_week13_expanded\bcsstk06_smallest_last.txt
bcsstk06,SMALLEST_LAST,13,396,166,0.60381861575179,data\processed\initial_graph_coloring_dataset\colpack_outputs_week13_expanded\bcsstk06_smallest_last.txt
bcsstk06,SMALLEST_LAST,13,398,167,0.6014319809069213,data\processed\initial_graph_coloring_dataset\colpack_outputs_week13_expanded\bcsstk06_smallest_last.txt
bcsstk06,SMALLEST_LAST,13,349,168,0.5990453460620525,data\processed\initial_graph_coloring_dataset\colpack_outputs_week13_expanded\bcsstk06_smallest_last.txt
bcsstk06,SMALLEST_LAST,13,350,169,0.5966587112171837,data\processed\initial_graph_coloring_dataset\colpack_outputs_week13_expanded\bcsstk06_smallest_last.txt
bcsstk06,SMALLEST_LAST,13,391,170,0.594272076372315,data\processed\initial_graph_coloring_dataset\colpack_outputs_week13_expanded\bcsstk06_smallest_last.txt
bcsstk06,SMALLEST_LAST,13,345,171,0.5918854415274463,data\processed\initial_graph_coloring_dataset\colpack_outputs_week13_expanded\bcsstk06_smallest_last.txt
bcsstk06,SMALLEST_LAST,13,347,172,0.5894988066825776,data\processed\initial_graph_coloring_dataset\colpack_outputs_week13_expanded\bcsstk06_smallest_last.txt
bcsstk06,SMALLEST_LAST,13,348,173,0.5871121718377088,data\processed\initial_graph_coloring_dataset\colpack_outputs_week13_expanded\bcsstk06_smallest_last.txt
bcsstk06,SMALLEST_LAST,13,387,174,0.5847255369928401,data\processed\initial_graph_coloring_dataset\colpack_outputs_week13_expanded\bcsstk06_smallest_last.txt
bcsstk06,SMALLEST_LAST,13,389,175,0.5823389021479713,data\processed\initial_graph_coloring_dataset\colpack_outputs_week13_expanded\bcsstk06_smallest_last.txt
bcsstk06,SMALLEST_LAST,13,390,176,0.5799522673031027,data\processed\initial_graph_coloring_dataset\colpack_outputs_week13_expanded\bcsstk06_smallest_last.txt
bcsstk06,SMALLEST_LAST,13,392,177,0.5775656324582339,data\processed\initial_graph_coloring_dataset\colpack_outputs_week13_expanded\bcsstk06_smallest_last.txt
bcsstk06,SMALLEST_LAST,13,346,178,0.5751789976133651,data\processed\initial_graph_coloring_dataset\colpack_outputs_week13_expanded\bcsstk06_smallest_last.txt
bcsstk06,SMALLEST_LAST,13,342,179,0.5727923627684964,data\processed\initial_graph_coloring_dataset\colpack_outputs_week13_expanded\bcsstk06_smallest_last.txt
bcsstk06,SMALLEST_LAST,13,343,180,0.5704057279236276,data\processed\initial_graph_coloring_dataset\colpack_outputs_week13_expanded\bcsstk06_smallest_last.txt
bcsstk06,SMALLEST_LAST,13,344,181,0.568019093078759,data\processed\initial_graph_coloring_dataset\colpack_outputs_week13_expanded\bcsstk06_smallest_last.txt
bcsstk06,SMALLEST_LAST,13,385,182,0.5656324582338902,data\processed\initial_graph_coloring_dataset\colpack_outputs_week13_expanded\bcsstk06_smallest_last.txt
bcsstk06,SMALLEST_LAST,13,339,183,0.5632458233890215,data\processed\initial_graph_coloring_dataset\colpack_outputs_week13_expanded\bcsstk06_smallest_last.txt
bcsstk06,SMALLEST_LAST,13,341,184,0.5608591885441527,data\processed\initial_graph_coloring_dataset\colpack_outputs_week13_expanded\bcsstk06_smallest_last.txt
bcsstk06,SMALLEST_LAST,13,381,185,0.5584725536992841,data\processed\initial_graph_coloring_dataset\colpack_outputs_week13_expanded\bcsstk06_smallest_last.txt
bcsstk06,SMALLEST_LAST,13,383,186,0.5560859188544153,data\processed\initial_graph_coloring_dataset\colpack_outputs_week13_expanded\bcsstk06_smallest_last.txt
bcsstk06,SMALLEST_LAST,13,384,187,0.5536992840095465,data\processed\initial_graph_coloring_dataset\colpack_outputs_week13_expanded\bcsstk06_smallest_last.txt
bcsstk06,SMALLEST_LAST,13,386,188,0.5513126491646778,data\processed\initial_graph_coloring_dataset\colpack_outputs_week13_expanded\bcsstk06_smallest_last.txt
bcsstk06,SMALLEST_LAST,13,340,189,0.548926014319809,data\processed\initial_graph_coloring_dataset\colpack_outputs_week13_expanded\bcsstk06_smallest_last.txt
bcsstk06,SMALLEST_LAST,13,305,190,0.5465393794749404,data\processed\initial_graph_coloring_dataset\colpack_outputs_week13_expanded\bcsstk06_smallest_last.txt
bcsstk06,SMALLEST_LAST,13,308,191,0.5441527446300716,data\processed\initial_graph_coloring_dataset\colpack_outputs_week13_expanded\bcsstk06_smallest_last.txt
bcsstk06,SMALLEST_LAST,13,297,192,0.5417661097852029,data\processed\initial_graph_coloring_dataset\colpack_outputs_week13_expanded\bcsstk06_smallest_last.txt
bcsstk06,SMALLEST_LAST,13,299,193,0.5393794749403341,data\processed\initial_graph_coloring_dataset\colpack_outputs_week13_expanded\bcsstk06_smallest_last.txt
bcsstk06,SMALLEST_LAST,13,300,194,0.5369928400954654,data\processed\initial_graph_coloring_dataset\colpack_outputs_week13_expanded\bcsstk06_smallest_last.txt
bcsstk06,SMALLEST_LAST,13,301,195,0.5346062052505967,data\processed\initial_graph_coloring_dataset\colpack_outputs_week13_expanded\bcsstk06_smallest_last.txt
bcsstk06,SMALLEST_LAST,13,302,196,0.5322195704057279,data\processed\initial_graph_coloring_dataset\colpack_outputs_week13_expanded\bcsstk06_smallest_last.txt
bcsstk06,SMALLEST_LAST,13,303,197,0.5298329355608592,data\processed\initial_graph_coloring_dataset\colpack_outputs_week13_expanded\bcsstk06_smallest_last.txt
bcsstk06,SMALLEST_LAST,13,307,198,0.5274463007159904,data\processed\initial_graph_coloring_dataset\colpack_outputs_week13_expanded\bcsstk06_smallest_last.txt
bcsstk06,SMALLEST_LAST,13,306,199,0.5250596658711217,data\processed\initial_graph_coloring_dataset\colpack_outputs_week13_expanded\bcsstk06_smallest_last.txt
bcsstk06,SMALLEST_LAST,13,310,200,0.522673031026253,data\processed\initial_graph_coloring_dataset\colpack_outputs_week13_expanded\bcsstk06_smallest_last.txt
bcsstk06,SMALLEST_LAST,13,316,201,0.5202863961813843,data\processed\initial_graph_coloring_dataset\colpack_outputs_week13_expanded\bcsstk06_smallest_last.txt
bcsstk06,SMALLEST_LAST,13,322,202,0.5178997613365155,data\processed\initial_graph_coloring_dataset\colpack_outputs_week13_expanded\bcsstk06_smallest_last.txt
bcsstk06,SMALLEST_LAST,13,328,203,0.5155131264916468,data\processed\initial_graph_coloring_dataset\colpack_outputs_week13_expanded\bcsstk06_smallest_last.txt
bcsstk06,SMALLEST_LAST,13,147,204,0.513126491646778,data\processed\initial_graph_coloring_dataset\colpack_outputs_week13_expanded\bcsstk06_smallest_last.txt
bcsstk06,SMALLEST_LAST,13,149,205,0.5107398568019093,data\processed\initial_graph_coloring_dataset\colpack_outputs_week13_expanded\bcsstk06_smallest_last.txt
bcsstk06,SMALLEST_LAST,13,150,206,0.5083532219570406,data\processed\initial_graph_coloring_dataset\colpack_outputs_week13_expanded\bcsstk06_smallest_last.txt
bcsstk06,SMALLEST_LAST,13,152,207,0.5059665871121718,data\processed\initial_graph_coloring_dataset\colpack_outputs_week13_expanded\bcsstk06_smallest_last.txt
bcsstk06,SMALLEST_LAST,13,141,208,0.5035799522673031,data\processed\initial_graph_coloring_dataset\colpack_outputs_week13_expanded\bcsstk06_smallest_last.txt
bcsstk06,SMALLEST_LAST,13,143,209,0.5011933174224343,data\processed\initial_graph_coloring_dataset\colpack_outputs_week13_expanded\bcsstk06_smallest_last.txt
bcsstk06,SMALLEST_LAST,13,144,210,0.4988066825775656,data\processed\initial_graph_coloring_dataset\colpack_outputs_week13_expanded\bcsstk06_smallest_last.txt
bcsstk06,SMALLEST_LAST,13,146,211,0.4964200477326969,data\processed\initial_graph_coloring_dataset\colpack_outputs_week13_expanded\bcsstk06_smallest_last.txt
bcsstk06,SMALLEST_LAST,13,88,212,0.49403341288782815,data\processed\initial_graph_coloring_dataset\colpack_outputs_week13_expanded\bcsstk06_smallest_last.txt
bcsstk06,SMALLEST_LAST,13,137,213,0.4916467780429594,data\processed\initial_graph_coloring_dataset\colpack_outputs_week13_expanded\bcsstk06_smallest_last.txt
bcsstk06,SMALLEST_LAST,13,140,214,0.4892601431980907,data\processed\initial_graph_coloring_dataset\colpack_outputs_week13_expanded\bcsstk06_smallest_last.txt
bcsstk06,SMALLEST_LAST,13,129,215,0.48687350835322196,data\processed\initial_graph_coloring_dataset\colpack_outputs_week13_expanded\bcsstk06_smallest_last.txt
bcsstk06,SMALLEST_LAST,13,131,216,0.48448687350835323,data\processed\initial_graph_coloring_dataset\colpack_outputs_week13_expanded\bcsstk06_smallest_last.txt
bcsstk06,SMALLEST_LAST,13,132,217,0.4821002386634845,data\processed\initial_graph_coloring_dataset\colpack_outputs_week13_expanded\bcsstk06_smallest_last.txt
bcsstk06,SMALLEST_LAST,13,133,218,0.4797136038186158,data\processed\initial_graph_coloring_dataset\colpack_outputs_week13_expanded\bcsstk06_smallest_last.txt
bcsstk06,SMALLEST_LAST,13,134,219,0.477326968973747,data\processed\initial_graph_coloring_dataset\colpack_outputs_week13_expanded\bcsstk06_smallest_last.txt
bcsstk06,SMALLEST_LAST,13,135,220,0.47494033412887826,data\processed\initial_graph_coloring_dataset\colpack_outputs_week13_expanded\bcsstk06_smallest_last.txt
bcsstk06,SMALLEST_LAST,13,138,221,0.47255369928400953,data\processed\initial_graph_coloring_dataset\colpack_outputs_week13_expanded\bcsstk06_smallest_last.txt
bcsstk06,SMALLEST_LAST,13,139,222,0.4701670644391408,data\processed\initial_graph_coloring_dataset\colpack_outputs_week13_expanded\bcsstk06_smallest_last.txt
bcsstk06,SMALLEST_LAST,13,388,223,0.4677804295942721,data\processed\initial_graph_coloring_dataset\colpack_outputs_week13_expanded\bcsstk06_smallest_last.txt
bcsstk06,SMALLEST_LAST,13,394,224,0.46539379474940334,data\processed\initial_graph_coloring_dataset\colpack_outputs_week13_expanded\bcsstk06_smallest_last.txt
bcsstk06,SMALLEST_LAST,13,400,225,0.4630071599045346,data\processed\initial_graph_coloring_dataset\colpack_outputs_week13_expanded\bcsstk06_smallest_last.txt
bcsstk06,SMALLEST_LAST,13,406,226,0.4606205250596659,data\processed\initial_graph_coloring_dataset\colpack_outputs_week13_expanded\bcsstk06_smallest_last.txt
bcsstk06,SMALLEST_LAST,13,412,227,0.45823389021479716,data\processed\initial_graph_coloring_dataset\colpack_outputs_week13_expanded\bcsstk06_smallest_last.txt
bcsstk06,SMALLEST_LAST,13,142,228,0.45584725536992843,data\processed\initial_graph_coloring_dataset\colpack_outputs_week13_expanded\bcsstk06_smallest_last.txt
bcsstk06,SMALLEST_LAST,13,145,229,0.45346062052505964,data\processed\initial_graph_coloring_dataset\colpack_outputs_week13_expanded\bcsstk06_smallest_last.txt
bcsstk06,SMALLEST_LAST,13,151,230,0.4510739856801909,data\processed\initial_graph_coloring_dataset\colpack_outputs_week13_expanded\bcsstk06_smallest_last.txt
bcsstk06,SMALLEST_LAST,13,148,231,0.4486873508353222,data\processed\initial_graph_coloring_dataset\colpack_outputs_week13_expanded\bcsstk06_smallest_last.txt
bcsstk06,SMALLEST_LAST,13,154,232,0.44630071599045346,data\processed\initial_graph_coloring_dataset\colpack_outputs_week13_expanded\bcsstk06_smallest_last.txt
bcsstk06,SMALLEST_LAST,13,160,233,0.4439140811455847,data\processed\initial_graph_coloring_dataset\colpack_outputs_week13_expanded\bcsstk06_smallest_last.txt
bcsstk06,SMALLEST_LAST,13,382,234,0.441527446300716,data\processed\initial_graph_coloring_dataset\colpack_outputs_week13_expanded\bcsstk06_smallest_last.txt
bcsstk06,SMALLEST_LAST,13,163,235,0.43914081145584727,data\processed\initial_graph_coloring_dataset\colpack_outputs_week13_expanded\bcsstk06_smallest_last.txt
bcsstk06,SMALLEST_LAST,13,13,236,0.43675417661097854,data\processed\initial_graph_coloring_dataset\colpack_outputs_week13_expanded\bcsstk06_smallest_last.txt
bcsstk06,SMALLEST_LAST,13,10,237,0.4343675417661098,data\processed\initial_graph_coloring_dataset\colpack_outputs_week13_expanded\bcsstk06_smallest_last.txt
bcsstk06,SMALLEST_LAST,13,16,238,0.431980906921241,data\processed\initial_graph_coloring_dataset\colpack_outputs_week13_expanded\bcsstk06_smallest_last.txt
bcsstk06,SMALLEST_LAST,13,19,239,0.4295942720763723,data\processed\initial_graph_coloring_dataset\colpack_outputs_week13_expanded\bcsstk06_smallest_last.txt
bcsstk06,SMALLEST_LAST,13,25,240,0.42720763723150357,data\processed\initial_graph_coloring_dataset\colpack_outputs_week13_expanded\bcsstk06_smallest_last.txt
bcsstk06,SMALLEST_LAST,13,22,241,0.42482100238663484,data\processed\initial_graph_coloring_dataset\colpack_outputs_week13_expanded\bcsstk06_smallest_last.txt
bcsstk06,SMALLEST_LAST,13,28,242,0.4224343675417661,data\processed\initial_graph_coloring_dataset\colpack_outputs_week13_expanded\bcsstk06_smallest_last.txt
bcsstk06,SMALLEST_LAST,13,34,243,0.4200477326968974,data\processed\initial_graph_coloring_dataset\colpack_outputs_week13_expanded\bcsstk06_smallest_last.txt
bcsstk06,SMALLEST_LAST,13,37,244,0.41766109785202865,data\processed\initial_graph_coloring_dataset\colpack_outputs_week13_expanded\bcsstk06_smallest_last.txt
bcsstk06,SMALLEST_LAST,13,331,245,0.4152744630071599,data\processed\initial_graph_coloring_dataset\colpack_outputs_week13_expanded\bcsstk06_smallest_last.txt
bcsstk06,SMALLEST_LAST,13,4,246,0.4128878281622912,data\processed\initial_graph_coloring_dataset\colpack_outputs_week13_expanded\bcsstk06_smallest_last.txt
bcsstk06,SMALLEST_LAST,13,415,247,0.4105011933174224,data\processed\initial_graph_coloring_dataset\colpack_outputs_week13_expanded\bcsstk06_smallest_last.txt
bcsstk06,SMALLEST_LAST,13,130,248,0.4081145584725537,data\processed\initial_graph_coloring_dataset\colpack_outputs_week13_expanded\bcsstk06_smallest_last.txt
bcsstk06,SMALLEST_LAST,13,136,249,0.40572792362768495,data\processed\initial_graph_coloring_dataset\colpack_outputs_week13_expanded\bcsstk06_smallest_last.txt
bcsstk06,SMALLEST_LAST,13,304,250,0.4033412887828162,data\processed\initial_graph_coloring_dataset\colpack_outputs_week13_expanded\bcsstk06_smallest_last.txt
bcsstk06,SMALLEST_LAST,13,298,251,0.4009546539379475,data\processed\initial_graph_coloring_dataset\colpack_outputs_week13_expanded\bcsstk06_smallest_last.txt
bcsstk06,SMALLEST_LAST,13,256,252,0.39856801909307876,data\processed\initial_graph_coloring_dataset\colpack_outputs_week13_expanded\bcsstk06_smallest_last.txt
bcsstk06,SMALLEST_LAST,13,257,253,0.39618138424821003,data\processed\initial_graph_coloring_dataset\colpack_outputs_week13_expanded\bcsstk06_smallest_last.txt
bcsstk06,SMALLEST_LAST,13,259,254,0.3937947494033413,data\processed\initial_graph_coloring_dataset\colpack_outputs_week13_expanded\bcsstk06_smallest_last.txt
bcsstk06,SMALLEST_LAST,13,260,255,0.3914081145584726,data\processed\initial_graph_coloring_dataset\colpack_outputs_week13_expanded\bcsstk06_smallest_last.txt
bcsstk06,SMALLEST_LAST,13,172,256,0.38902147971360385,data\processed\initial_graph_coloring_dataset\colpack_outputs_week13_expanded\bcsstk06_smallest_last.txt
bcsstk06,SMALLEST_LAST,13,173,257,0.38663484486873506,data\processed\initial_graph_coloring_dataset\colpack_outputs_week13_expanded\bcsstk06_smallest_last.txt
bcsstk06,SMALLEST_LAST,13,175,258,0.38424821002386633,data\processed\initial_graph_coloring_dataset\colpack_outputs_week13_expanded\bcsstk06_smallest_last.txt
bcsstk06,SMALLEST_LAST,13,214,259,0.3818615751789976,data\processed\initial_graph_coloring_dataset\colpack_outputs_week13_expanded\bcsstk06_smallest_last.txt
bcsstk06,SMALLEST_LAST,13,215,260,0.3794749403341289,data\processed\initial_graph_coloring_dataset\colpack_outputs_week13_expanded\bcsstk06_smallest_last.txt
bcsstk06,SMALLEST_LAST,13,217,261,0.37708830548926014,data\processed\initial_graph_coloring_dataset\colpack_outputs_week13_expanded\bcsstk06_smallest_last.txt
bcsstk06,SMALLEST_LAST,13,218,262,0.3747016706443914,data\processed\initial_graph_coloring_dataset\colpack_outputs_week13_expanded\bcsstk06_smallest_last.txt
bcsstk06,SMALLEST_LAST,13,176,263,0.3723150357995227,data\processed\initial_graph_coloring_dataset\colpack_outputs_week13_expanded\bcsstk06_smallest_last.txt
bcsstk06,SMALLEST_LAST,13,179,264,0.36992840095465396,data\processed\initial_graph_coloring_dataset\colpack_outputs_week13_expanded\bcsstk06_smallest_last.txt
bcsstk06,SMALLEST_LAST,13,182,265,0.36754176610978523,data\processed\initial_graph_coloring_dataset\colpack_outputs_week13_expanded\bcsstk06_smallest_last.txt
bcsstk06,SMALLEST_LAST,13,178,266,0.36515513126491644,data\processed\initial_graph_coloring_dataset\colpack_outputs_week13_expanded\bcsstk06_smallest_last.txt
bcsstk06,SMALLEST_LAST,13,263,267,0.3627684964200477,data\processed\initial_graph_coloring_dataset\colpack_outputs_week13_expanded\bcsstk06_smallest_last.txt
bcsstk06,SMALLEST_LAST,13,266,268,0.360381861575179,data\processed\initial_graph_coloring_dataset\colpack_outputs_week13_expanded\bcsstk06_smallest_last.txt
bcsstk06,SMALLEST_LAST,13,221,269,0.35799522673031026,data\processed\initial_graph_coloring_dataset\colpack_outputs_week13_expanded\bcsstk06_smallest_last.txt
bcsstk06,SMALLEST_LAST,13,224,270,0.3556085918854415,data\processed\initial_graph_coloring_dataset\colpack_outputs_week13_expanded\bcsstk06_smallest_last.txt
bcsstk06,SMALLEST_LAST,13,262,271,0.3532219570405728,data\processed\initial_graph_coloring_dataset\colpack_outputs_week13_expanded\bcsstk06_smallest_last.txt
bcsstk06,SMALLEST_LAST,13,220,272,0.35083532219570407,data\processed\initial_graph_coloring_dataset\colpack_outputs_week13_expanded\bcsstk06_smallest_last.txt
bcsstk06,SMALLEST_LAST,13,265,273,0.34844868735083534,data\processed\initial_graph_coloring_dataset\colpack_outputs_week13_expanded\bcsstk06_smallest_last.txt
bcsstk06,SMALLEST_LAST,13,223,274,0.3460620525059666,data\processed\initial_graph_coloring_dataset\colpack_outputs_week13_expanded\bcsstk06_smallest_last.txt
bcsstk06,SMALLEST_LAST,13,181,275,0.3436754176610978,data\processed\initial_graph_coloring_dataset\colpack_outputs_week13_expanded\bcsstk06_smallest_last.txt
bcsstk06,SMALLEST_LAST,13,185,276,0.3412887828162291,data\processed\initial_graph_coloring_dataset\colpack_outputs_week13_expanded\bcsstk06_smallest_last.txt
bcsstk06,SMALLEST_LAST,13,188,277,0.33890214797136037,data\processed\initial_graph_coloring_dataset\colpack_outputs_week13_expanded\bcsstk06_smallest_last.txt
bcsstk06,SMALLEST_LAST,13,184,278,0.33651551312649164,data\processed\initial_graph_coloring_dataset\colpack_outputs_week13_expanded\bcsstk06_smallest_last.txt
bcsstk06,SMALLEST_LAST,13,187,279,0.3341288782816229,data\processed\initial_graph_coloring_dataset\colpack_outputs_week13_expanded\bcsstk06_smallest_last.txt
bcsstk06,SMALLEST_LAST,13,227,280,0.3317422434367542,data\processed\initial_graph_coloring_dataset\colpack_outputs_week13_expanded\bcsstk06_smallest_last.txt
bcsstk06,SMALLEST_LAST,13,230,281,0.32935560859188545,data\processed\initial_graph_coloring_dataset\colpack_outputs_week13_expanded\bcsstk06_smallest_last.txt
bcsstk06,SMALLEST_LAST,13,269,282,0.3269689737470167,data\processed\initial_graph_coloring_dataset\colpack_outputs_week13_expanded\bcsstk06_smallest_last.txt
bcsstk06,SMALLEST_LAST,13,272,283,0.324582338902148,data\processed\initial_graph_coloring_dataset\colpack_outputs_week13_expanded\bcsstk06_smallest_last.txt
bcsstk06,SMALLEST_LAST,13,268,284,0.3221957040572792,data\processed\initial_graph_coloring_dataset\colpack_outputs_week13_expanded\bcsstk06_smallest_last.txt
bcsstk06,SMALLEST_LAST,13,229,285,0.3198090692124105,data\processed\initial_graph_coloring_dataset\colpack_outputs_week13_expanded\bcsstk06_smallest_last.txt
bcsstk06,SMALLEST_LAST,13,271,286,0.31742243436754175,data\processed\initial_graph_coloring_dataset\colpack_outputs_week13_expanded\bcsstk06_smallest_last.txt
bcsstk06,SMALLEST_LAST,13,226,287,0.315035799522673,data\processed\initial_graph_coloring_dataset\colpack_outputs_week13_expanded\bcsstk06_smallest_last.txt
bcsstk06,SMALLEST_LAST,13,180,288,0.3126491646778043,data\processed\initial_graph_coloring_dataset\colpack_outputs_week13_expanded\bcsstk06_smallest_last.txt
bcsstk06,SMALLEST_LAST,13,222,289,0.31026252983293556,data\processed\initial_graph_coloring_dataset\colpack_outputs_week13_expanded\bcsstk06_smallest_last.txt
bcsstk06,SMALLEST_LAST,13,264,290,0.30787589498806683,data\processed\initial_graph_coloring_dataset\colpack_outputs_week13_expanded\bcsstk06_smallest_last.txt
bcsstk06,SMALLEST_LAST,13,261,291,0.3054892601431981,data\processed\initial_graph_coloring_dataset\colpack_outputs_week13_expanded\bcsstk06_smallest_last.txt
bcsstk06,SMALLEST_LAST,13,219,292,0.3031026252983294,data\processed\initial_graph_coloring_dataset\colpack_outputs_week13_expanded\bcsstk06_smallest_last.txt
bcsstk06,SMALLEST_LAST,13,177,293,0.30071599045346065,data\processed\initial_graph_coloring_dataset\colpack_outputs_week13_expanded\bcsstk06_smallest_last.txt
bcsstk06,SMALLEST_LAST,13,183,294,0.29832935560859186,data\processed\initial_graph_coloring_dataset\colpack_outputs_week13_expanded\bcsstk06_smallest_last.txt
bcsstk06,SMALLEST_LAST,13,186,295,0.29594272076372313,data\processed\initial_graph_coloring_dataset\colpack_outputs_week13_expanded\bcsstk06_smallest_last.txt
bcsstk06,SMALLEST_LAST,13,194,296,0.2935560859188544,data\processed\initial_graph_coloring_dataset\colpack_outputs_week13_expanded\bcsstk06_smallest_last.txt
bcsstk06,SMALLEST_LAST,13,191,297,0.2911694510739857,data\processed\initial_graph_coloring_dataset\colpack_outputs_week13_expanded\bcsstk06_smallest_last.txt
bcsstk06,SMALLEST_LAST,13,228,298,0.28878281622911695,data\processed\initial_graph_coloring_dataset\colpack_outputs_week13_expanded\bcsstk06_smallest_last.txt
bcsstk06,SMALLEST_LAST,13,225,299,0.2863961813842482,data\processed\initial_graph_coloring_dataset\colpack_outputs_week13_expanded\bcsstk06_smallest_last.txt
bcsstk06,SMALLEST_LAST,13,267,300,0.2840095465393795,data\processed\initial_graph_coloring_dataset\colpack_outputs_week13_expanded\bcsstk06_smallest_last.txt
bcsstk06,SMALLEST_LAST,13,270,301,0.28162291169451076,data\processed\initial_graph_coloring_dataset\colpack_outputs_week13_expanded\bcsstk06_smallest_last.txt
bcsstk06,SMALLEST_LAST,13,275,302,0.27923627684964203,data\processed\initial_graph_coloring_dataset\colpack_outputs_week13_expanded\bcsstk06_smallest_last.txt
bcsstk06,SMALLEST_LAST,13,278,303,0.27684964200477324,data\processed\initial_graph_coloring_dataset\colpack_outputs_week13_expanded\bcsstk06_smallest_last.txt
bcsstk06,SMALLEST_LAST,13,190,304,0.2744630071599045,data\processed\initial_graph_coloring_dataset\colpack_outputs_week13_expanded\bcsstk06_smallest_last.txt
bcsstk06,SMALLEST_LAST,13,233,305,0.2720763723150358,data\processed\initial_graph_coloring_dataset\colpack_outputs_week13_expanded\bcsstk06_smallest_last.txt
bcsstk06,SMALLEST_LAST,13,236,306,0.26968973747016706,data\processed\initial_graph_coloring_dataset\colpack_outputs_week13_expanded\bcsstk06_smallest_last.txt
bcsstk06,SMALLEST_LAST,13,274,307,0.26730310262529833,data\processed\initial_graph_coloring_dataset\colpack_outputs_week13_expanded\bcsstk06_smallest_last.txt
bcsstk06,SMALLEST_LAST,13,277,308,0.2649164677804296,data\processed\initial_graph_coloring_dataset\colpack_outputs_week13_expanded\bcsstk06_smallest_last.txt
bcsstk06,SMALLEST_LAST,13,232,309,0.26252983293556087,data\processed\initial_graph_coloring_dataset\colpack_outputs_week13_expanded\bcsstk06_smallest_last.txt
bcsstk06,SMALLEST_LAST,13,235,310,0.26014319809069214,data\processed\initial_graph_coloring_dataset\colpack_outputs_week13_expanded\bcsstk06_smallest_last.txt
bcsstk06,SMALLEST_LAST,13,193,311,0.2577565632458234,data\processed\initial_graph_coloring_dataset\colpack_outputs_week13_expanded\bcsstk06_smallest_last.txt
bcsstk06,SMALLEST_LAST,13,197,312,0.2553699284009546,data\processed\initial_graph_coloring_dataset\colpack_outputs_week13_expanded\bcsstk06_smallest_last.txt
bcsstk06,SMALLEST_LAST,13,200,313,0.2529832935560859,data\processed\initial_graph_coloring_dataset\colpack_outputs_week13_expanded\bcsstk06_smallest_last.txt
bcsstk06,SMALLEST_LAST,13,196,314,0.25059665871121717,data\processed\initial_graph_coloring_dataset\colpack_outputs_week13_expanded\bcsstk06_smallest_last.txt
bcsstk06,SMALLEST_LAST,13,281,315,0.24821002386634844,data\processed\initial_graph_coloring_dataset\colpack_outputs_week13_expanded\bcsstk06_smallest_last.txt
bcsstk06,SMALLEST_LAST,13,284,316,0.2458233890214797,data\processed\initial_graph_coloring_dataset\colpack_outputs_week13_expanded\bcsstk06_smallest_last.txt
bcsstk06,SMALLEST_LAST,13,239,317,0.24343675417661098,data\processed\initial_graph_coloring_dataset\colpack_outputs_week13_expanded\bcsstk06_smallest_last.txt
bcsstk06,SMALLEST_LAST,13,242,318,0.24105011933174225,data\processed\initial_graph_coloring_dataset\colpack_outputs_week13_expanded\bcsstk06_smallest_last.txt
bcsstk06,SMALLEST_LAST,13,280,319,0.2386634844868735,data\processed\initial_graph_coloring_dataset\colpack_outputs_week13_expanded\bcsstk06_smallest_last.txt
bcsstk06,SMALLEST_LAST,13,283,320,0.23627684964200477,data\processed\initial_graph_coloring_dataset\colpack_outputs_week13_expanded\bcsstk06_smallest_last.txt
bcsstk06,SMALLEST_LAST,13,238,321,0.23389021479713604,data\processed\initial_graph_coloring_dataset\colpack_outputs_week13_expanded\bcsstk06_smallest_last.txt
bcsstk06,SMALLEST_LAST,13,241,322,0.2315035799522673,data\processed\initial_graph_coloring_dataset\colpack_outputs_week13_expanded\bcsstk06_smallest_last.txt
bcsstk06,SMALLEST_LAST,13,199,323,0.22911694510739858,data\processed\initial_graph_coloring_dataset\colpack_outputs_week13_expanded\bcsstk06_smallest_last.txt
bcsstk06,SMALLEST_LAST,13,192,324,0.22673031026252982,data\processed\initial_graph_coloring_dataset\colpack_outputs_week13_expanded\bcsstk06_smallest_last.txt
bcsstk06,SMALLEST_LAST,13,189,325,0.2243436754176611,data\processed\initial_graph_coloring_dataset\colpack_outputs_week13_expanded\bcsstk06_smallest_last.txt
bcsstk06,SMALLEST_LAST,13,198,326,0.22195704057279236,data\processed\initial_graph_coloring_dataset\colpack_outputs_week13_expanded\bcsstk06_smallest_last.txt
bcsstk06,SMALLEST_LAST,13,195,327,0.21957040572792363,data\processed\initial_graph_coloring_dataset\colpack_outputs_week13_expanded\bcsstk06_smallest_last.txt
bcsstk06,SMALLEST_LAST,13,276,328,0.2171837708830549,data\processed\initial_graph_coloring_dataset\colpack_outputs_week13_expanded\bcsstk06_smallest_last.txt
bcsstk06,SMALLEST_LAST,13,234,329,0.21479713603818615,data\processed\initial_graph_coloring_dataset\colpack_outputs_week13_expanded\bcsstk06_smallest_last.txt
bcsstk06,SMALLEST_LAST,13,231,330,0.21241050119331742,data\processed\initial_graph_coloring_dataset\colpack_outputs_week13_expanded\bcsstk06_smallest_last.txt
bcsstk06,SMALLEST_LAST,13,273,331,0.2100238663484487,data\processed\initial_graph_coloring_dataset\colpack_outputs_week13_expanded\bcsstk06_smallest_last.txt
bcsstk06,SMALLEST_LAST,13,282,332,0.20763723150357996,data\processed\initial_graph_coloring_dataset\colpack_outputs_week13_expanded\bcsstk06_smallest_last.txt
bcsstk06,SMALLEST_LAST,13,240,333,0.2052505966587112,data\processed\initial_graph_coloring_dataset\colpack_outputs_week13_expanded\bcsstk06_smallest_last.txt
bcsstk06,SMALLEST_LAST,13,237,334,0.20286396181384247,data\processed\initial_graph_coloring_dataset\colpack_outputs_week13_expanded\bcsstk06_smallest_last.txt
bcsstk06,SMALLEST_LAST,13,279,335,0.20047732696897375,data\processed\initial_graph_coloring_dataset\colpack_outputs_week13_expanded\bcsstk06_smallest_last.txt
bcsstk06,SMALLEST_LAST,13,287,336,0.19809069212410502,data\processed\initial_graph_coloring_dataset\colpack_outputs_week13_expanded\bcsstk06_smallest_last.txt
bcsstk06,SMALLEST_LAST,13,290,337,0.1957040572792363,data\processed\initial_graph_coloring_dataset\colpack_outputs_week13_expanded\bcsstk06_smallest_last.txt
bcsstk06,SMALLEST_LAST,13,203,338,0.19331742243436753,data\processed\initial_graph_coloring_dataset\colpack_outputs_week13_expanded\bcsstk06_smallest_last.txt
bcsstk06,SMALLEST_LAST,13,206,339,0.1909307875894988,data\processed\initial_graph_coloring_dataset\colpack_outputs_week13_expanded\bcsstk06_smallest_last.txt
bcsstk06,SMALLEST_LAST,13,202,340,0.18854415274463007,data\processed\initial_graph_coloring_dataset\colpack_outputs_week13_expanded\bcsstk06_smallest_last.txt
bcsstk06,SMALLEST_LAST,13,245,341,0.18615751789976134,data\processed\initial_graph_coloring_dataset\colpack_outputs_week13_expanded\bcsstk06_smallest_last.txt
bcsstk06,SMALLEST_LAST,13,248,342,0.18377088305489261,data\processed\initial_graph_coloring_dataset\colpack_outputs_week13_expanded\bcsstk06_smallest_last.txt
bcsstk06,SMALLEST_LAST,13,286,343,0.18138424821002386,data\processed\initial_graph_coloring_dataset\colpack_outputs_week13_expanded\bcsstk06_smallest_last.txt
bcsstk06,SMALLEST_LAST,13,244,344,0.17899761336515513,data\processed\initial_graph_coloring_dataset\colpack_outputs_week13_expanded\bcsstk06_smallest_last.txt
bcsstk06,SMALLEST_LAST,13,289,345,0.1766109785202864,data\processed\initial_graph_coloring_dataset\colpack_outputs_week13_expanded\bcsstk06_smallest_last.txt
bcsstk06,SMALLEST_LAST,13,247,346,0.17422434367541767,data\processed\initial_graph_coloring_dataset\colpack_outputs_week13_expanded\bcsstk06_smallest_last.txt
bcsstk06,SMALLEST_LAST,13,205,347,0.1718377088305489,data\processed\initial_graph_coloring_dataset\colpack_outputs_week13_expanded\bcsstk06_smallest_last.txt
bcsstk06,SMALLEST_LAST,13,201,348,0.16945107398568018,data\processed\initial_graph_coloring_dataset\colpack_outputs_week13_expanded\bcsstk06_smallest_last.txt
bcsstk06,SMALLEST_LAST,13,243,349,0.16706443914081145,data\processed\initial_graph_coloring_dataset\colpack_outputs_week13_expanded\bcsstk06_smallest_last.txt
bcsstk06,SMALLEST_LAST,13,285,350,0.16467780429594273,data\processed\initial_graph_coloring_dataset\colpack_outputs_week13_expanded\bcsstk06_smallest_last.txt
bcsstk06,SMALLEST_LAST,13,288,351,0.162291169451074,data\processed\initial_graph_coloring_dataset\colpack_outputs_week13_expanded\bcsstk06_smallest_last.txt
bcsstk06,SMALLEST_LAST,13,246,352,0.15990453460620524,data\processed\initial_graph_coloring_dataset\colpack_outputs_week13_expanded\bcsstk06_smallest_last.txt
bcsstk06,SMALLEST_LAST,13,204,353,0.1575178997613365,data\processed\initial_graph_coloring_dataset\colpack_outputs_week13_expanded\bcsstk06_smallest_last.txt
bcsstk06,SMALLEST_LAST,13,174,354,0.15513126491646778,data\processed\initial_graph_coloring_dataset\colpack_outputs_week13_expanded\bcsstk06_smallest_last.txt
bcsstk06,SMALLEST_LAST,13,216,355,0.15274463007159905,data\processed\initial_graph_coloring_dataset\colpack_outputs_week13_expanded\bcsstk06_smallest_last.txt
bcsstk06,SMALLEST_LAST,13,258,356,0.15035799522673032,data\processed\initial_graph_coloring_dataset\colpack_outputs_week13_expanded\bcsstk06_smallest_last.txt
bcsstk06,SMALLEST_LAST,13,255,357,0.14797136038186157,data\processed\initial_graph_coloring_dataset\colpack_outputs_week13_expanded\bcsstk06_smallest_last.txt
bcsstk06,SMALLEST_LAST,13,213,358,0.14558472553699284,data\processed\initial_graph_coloring_dataset\colpack_outputs_week13_expanded\bcsstk06_smallest_last.txt
bcsstk06,SMALLEST_LAST,13,171,359,0.1431980906921241,data\processed\initial_graph_coloring_dataset\colpack_outputs_week13_expanded\bcsstk06_smallest_last.txt
bcsstk06,SMALLEST_LAST,13,42,360,0.14081145584725538,data\processed\initial_graph_coloring_dataset\colpack_outputs_week13_expanded\bcsstk06_smallest_last.txt
bcsstk06,SMALLEST_LAST,13,43,361,0.13842482100238662,data\processed\initial_graph_coloring_dataset\colpack_outputs_week13_expanded\bcsstk06_smallest_last.txt
bcsstk06,SMALLEST_LAST,13,44,362,0.1360381861575179,data\processed\initial_graph_coloring_dataset\colpack_outputs_week13_expanded\bcsstk06_smallest_last.txt
bcsstk06,SMALLEST_LAST,13,84,363,0.13365155131264916,data\processed\initial_graph_coloring_dataset\colpack_outputs_week13_expanded\bcsstk06_smallest_last.txt
bcsstk06,SMALLEST_LAST,13,85,364,0.13126491646778043,data\processed\initial_graph_coloring_dataset\colpack_outputs_week13_expanded\bcsstk06_smallest_last.txt
bcsstk06,SMALLEST_LAST,13,86,365,0.1288782816229117,data\processed\initial_graph_coloring_dataset\colpack_outputs_week13_expanded\bcsstk06_smallest_last.txt
bcsstk06,SMALLEST_LAST,13,126,366,0.12649164677804295,data\processed\initial_graph_coloring_dataset\colpack_outputs_week13_expanded\bcsstk06_smallest_last.txt
bcsstk06,SMALLEST_LAST,13,127,367,0.12410501193317422,data\processed\initial_graph_coloring_dataset\colpack_outputs_week13_expanded\bcsstk06_smallest_last.txt
bcsstk06,SMALLEST_LAST,13,128,368,0.12171837708830549,data\processed\initial_graph_coloring_dataset\colpack_outputs_week13_expanded\bcsstk06_smallest_last.txt
bcsstk06,SMALLEST_LAST,13,168,369,0.11933174224343675,data\processed\initial_graph_coloring_dataset\colpack_outputs_week13_expanded\bcsstk06_smallest_last.txt
bcsstk06,SMALLEST_LAST,13,169,370,0.11694510739856802,data\processed\initial_graph_coloring_dataset\colpack_outputs_week13_expanded\bcsstk06_smallest_last.txt
bcsstk06,SMALLEST_LAST,13,170,371,0.11455847255369929,data\processed\initial_graph_coloring_dataset\colpack_outputs_week13_expanded\bcsstk06_smallest_last.txt
bcsstk06,SMALLEST_LAST,13,210,372,0.11217183770883055,data\processed\initial_graph_coloring_dataset\colpack_outputs_week13_expanded\bcsstk06_smallest_last.txt
bcsstk06,SMALLEST_LAST,13,211,373,0.10978520286396182,data\processed\initial_graph_coloring_dataset\colpack_outputs_week13_expanded\bcsstk06_smallest_last.txt
bcsstk06,SMALLEST_LAST,13,212,374,0.10739856801909307,data\processed\initial_graph_coloring_dataset\colpack_outputs_week13_expanded\bcsstk06_smallest_last.txt
bcsstk06,SMALLEST_LAST,13,252,375,0.10501193317422435,data\processed\initial_graph_coloring_dataset\colpack_outputs_week13_expanded\bcsstk06_smallest_last.txt
bcsstk06,SMALLEST_LAST,13,253,376,0.1026252983293556,data\processed\initial_graph_coloring_dataset\colpack_outputs_week13_expanded\bcsstk06_smallest_last.txt
bcsstk06,SMALLEST_LAST,13,254,377,0.10023866348448687,data\processed\initial_graph_coloring_dataset\colpack_outputs_week13_expanded\bcsstk06_smallest_last.txt
bcsstk06,SMALLEST_LAST,13,294,378,0.09785202863961814,data\processed\initial_graph_coloring_dataset\colpack_outputs_week13_expanded\bcsstk06_smallest_last.txt
bcsstk06,SMALLEST_LAST,13,295,379,0.0954653937947494,data\processed\initial_graph_coloring_dataset\colpack_outputs_week13_expanded\bcsstk06_smallest_last.txt
bcsstk06,SMALLEST_LAST,13,296,380,0.09307875894988067,data\processed\initial_graph_coloring_dataset\colpack_outputs_week13_expanded\bcsstk06_smallest_last.txt
bcsstk06,SMALLEST_LAST,13,336,381,0.09069212410501193,data\processed\initial_graph_coloring_dataset\colpack_outputs_week13_expanded\bcsstk06_smallest_last.txt
bcsstk06,SMALLEST_LAST,13,337,382,0.0883054892601432,data\processed\initial_graph_coloring_dataset\colpack_outputs_week13_expanded\bcsstk06_smallest_last.txt
bcsstk06,SMALLEST_LAST,13,338,383,0.08591885441527446,data\processed\initial_graph_coloring_dataset\colpack_outputs_week13_expanded\bcsstk06_smallest_last.txt
bcsstk06,SMALLEST_LAST,13,81,384,0.08353221957040573,data\processed\initial_graph_coloring_dataset\colpack_outputs_week13_expanded\bcsstk06_smallest_last.txt
bcsstk06,SMALLEST_LAST,13,83,385,0.081145584725537,data\processed\initial_graph_coloring_dataset\colpack_outputs_week13_expanded\bcsstk06_smallest_last.txt
bcsstk06,SMALLEST_LAST,13,123,386,0.07875894988066826,data\processed\initial_graph_coloring_dataset\colpack_outputs_week13_expanded\bcsstk06_smallest_last.txt
bcsstk06,SMALLEST_LAST,13,125,387,0.07637231503579953,data\processed\initial_graph_coloring_dataset\colpack_outputs_week13_expanded\bcsstk06_smallest_last.txt
bcsstk06,SMALLEST_LAST,13,165,388,0.07398568019093078,data\processed\initial_graph_coloring_dataset\colpack_outputs_week13_expanded\bcsstk06_smallest_last.txt
bcsstk06,SMALLEST_LAST,13,167,389,0.07159904534606205,data\processed\initial_graph_coloring_dataset\colpack_outputs_week13_expanded\bcsstk06_smallest_last.txt
bcsstk06,SMALLEST_LAST,13,207,390,0.06921241050119331,data\processed\initial_graph_coloring_dataset\colpack_outputs_week13_expanded\bcsstk06_smallest_last.txt
bcsstk06,SMALLEST_LAST,13,209,391,0.06682577565632458,data\processed\initial_graph_coloring_dataset\colpack_outputs_week13_expanded\bcsstk06_smallest_last.txt
bcsstk06,SMALLEST_LAST,13,249,392,0.06443914081145585,data\processed\initial_graph_coloring_dataset\colpack_outputs_week13_expanded\bcsstk06_smallest_last.txt
bcsstk06,SMALLEST_LAST,13,251,393,0.06205250596658711,data\processed\initial_graph_coloring_dataset\colpack_outputs_week13_expanded\bcsstk06_smallest_last.txt
bcsstk06,SMALLEST_LAST,13,291,394,0.059665871121718374,data\processed\initial_graph_coloring_dataset\colpack_outputs_week13_expanded\bcsstk06_smallest_last.txt
bcsstk06,SMALLEST_LAST,13,293,395,0.057279236276849645,data\processed\initial_graph_coloring_dataset\colpack_outputs_week13_expanded\bcsstk06_smallest_last.txt
bcsstk06,SMALLEST_LAST,13,333,396,0.05489260143198091,data\processed\initial_graph_coloring_dataset\colpack_outputs_week13_expanded\bcsstk06_smallest_last.txt
bcsstk06,SMALLEST_LAST,13,335,397,0.05250596658711217,data\processed\initial_graph_coloring_dataset\colpack_outputs_week13_expanded\bcsstk06_smallest_last.txt
bcsstk06,SMALLEST_LAST,13,375,398,0.050119331742243436,data\processed\initial_graph_coloring_dataset\colpack_outputs_week13_expanded\bcsstk06_smallest_last.txt
bcsstk06,SMALLEST_LAST,13,377,399,0.0477326968973747,data\processed\initial_graph_coloring_dataset\colpack_outputs_week13_expanded\bcsstk06_smallest_last.txt
bcsstk06,SMALLEST_LAST,13,82,400,0.045346062052505964,data\processed\initial_graph_coloring_dataset\colpack_outputs_week13_expanded\bcsstk06_smallest_last.txt
bcsstk06,SMALLEST_LAST,13,124,401,0.04295942720763723,data\processed\initial_graph_coloring_dataset\colpack_outputs_week13_expanded\bcsstk06_smallest_last.txt
bcsstk06,SMALLEST_LAST,13,166,402,0.0405727923627685,data\processed\initial_graph_coloring_dataset\colpack_outputs_week13_expanded\bcsstk06_smallest_last.txt
bcsstk06,SMALLEST_LAST,13,208,403,0.03818615751789976,data\processed\initial_graph_coloring_dataset\colpack_outputs_week13_expanded\bcsstk06_smallest_last.txt
bcsstk06,SMALLEST_LAST,13,250,404,0.03579952267303103,data\processed\initial_graph_coloring_dataset\colpack_outputs_week13_expanded\bcsstk06_smallest_last.txt
bcsstk06,SMALLEST_LAST,13,292,405,0.03341288782816229,data\processed\initial_graph_coloring_dataset\colpack_outputs_week13_expanded\bcsstk06_smallest_last.txt
bcsstk06,SMALLEST_LAST,13,334,406,0.031026252983293555,data\processed\initial_graph_coloring_dataset\colpack_outputs_week13_expanded\bcsstk06_smallest_last.txt
bcsstk06,SMALLEST_LAST,13,376,407,0.028639618138424822,data\processed\initial_graph_coloring_dataset\colpack_outputs_week13_expanded\bcsstk06_smallest_last.txt
bcsstk06,SMALLEST_LAST,13,0,408,0.026252983293556086,data\processed\initial_graph_coloring_dataset\colpack_outputs_week13_expanded\bcsstk06_smallest_last.txt
bcsstk06,SMALLEST_LAST,13,1,409,0.02386634844868735,data\processed\initial_graph_coloring_dataset\colpack_outputs_week13_expanded\bcsstk06_smallest_last.txt
bcsstk06,SMALLEST_LAST,13,39,410,0.021479713603818614,data\processed\initial_graph_coloring_dataset\colpack_outputs_week13_expanded\bcsstk06_smallest_last.txt
bcsstk06,SMALLEST_LAST,13,40,411,0.01909307875894988,data\processed\initial_graph_coloring_dataset\colpack_outputs_week13_expanded\bcsstk06_smallest_last.txt
bcsstk06,SMALLEST_LAST,13,378,412,0.016706443914081145,data\processed\initial_graph_coloring_dataset\colpack_outputs_week13_expanded\bcsstk06_smallest_last.txt
bcsstk06,SMALLEST_LAST,13,379,413,0.014319809069212411,data\processed\initial_graph_coloring_dataset\colpack_outputs_week13_expanded\bcsstk06_smallest_last.txt
bcsstk06,SMALLEST_LAST,13,417,414,0.011933174224343675,data\processed\initial_graph_coloring_dataset\colpack_outputs_week13_expanded\bcsstk06_smallest_last.txt
bcsstk06,SMALLEST_LAST,13,418,415,0.00954653937947494,data\processed\initial_graph_coloring_dataset\colpack_outputs_week13_expanded\bcsstk06_smallest_last.txt
bcsstk06,SMALLEST_LAST,13,2,416,0.007159904534606206,data\processed\initial_graph_coloring_dataset\colpack_outputs_week13_expanded\bcsstk06_smallest_last.txt
bcsstk06,SMALLEST_LAST,13,41,417,0.00477326968973747,data\processed\initial_graph_coloring_dataset\colpack_outputs_week13_expanded\bcsstk06_smallest_last.txt
bcsstk06,SMALLEST_LAST,13,380,418,0.002386634844868735,data\processed\initial_graph_coloring_dataset\colpack_outputs_week13_expanded\bcsstk06_smallest_last.txt
bcsstk06,SMALLEST_LAST,13,419,419,0.0,data\processed\initial_graph_coloring_dataset\colpack_outputs_week13_expanded\bcsstk06_smallest_last.txt
can_24,SMALLEST_LAST,4,0,0,1.0,data\processed\initial_graph_coloring_dataset\colpack_outputs_week13_expanded\can_24_smallest_last.txt
can_24,SMALLEST_LAST,4,6,1,0.9565217391304348,data\processed\initial_graph_coloring_dataset\colpack_outputs_week13_expanded\can_24_smallest_last.txt
can_24,SMALLEST_LAST,4,19,2,0.9130434782608695,data\processed\initial_graph_coloring_dataset\colpack_outputs_week13_expanded\can_24_smallest_last.txt
can_24,SMALLEST_LAST,4,21,3,0.8695652173913043,data\processed\initial_graph_coloring_dataset\colpack_outputs_week13_expanded\can_24_smallest_last.txt
can_24,SMALLEST_LAST,4,10,4,0.8260869565217391,data\processed\initial_graph_coloring_dataset\colpack_outputs_week13_expanded\can_24_smallest_last.txt
can_24,SMALLEST_LAST,4,20,5,0.782608695652174,data\processed\initial_graph_coloring_dataset\colpack_outputs_week13_expanded\can_24_smallest_last.txt
can_24,SMALLEST_LAST,4,2,6,0.7391304347826086,data\processed\initial_graph_coloring_dataset\colpack_outputs_week13_expanded\can_24_smallest_last.txt
can_24,SMALLEST_LAST,4,11,7,0.6956521739130435,data\processed\initial_graph_coloring_dataset\colpack_outputs_week13_expanded\can_24_smallest_last.txt
can_24,SMALLEST_LAST,4,12,8,0.6521739130434783,data\processed\initial_graph_coloring_dataset\colpack_outputs_week13_expanded\can_24_smallest_last.txt
can_24,SMALLEST_LAST,4,5,9,0.6086956521739131,data\processed\initial_graph_coloring_dataset\colpack_outputs_week13_expanded\can_24_smallest_last.txt
can_24,SMALLEST_LAST,4,17,10,0.5652173913043478,data\processed\initial_graph_coloring_dataset\colpack_outputs_week13_expanded\can_24_smallest_last.txt
can_24,SMALLEST_LAST,4,18,11,0.5217391304347826,data\processed\initial_graph_coloring_dataset\colpack_outputs_week13_expanded\can_24_smallest_last.txt
can_24,SMALLEST_LAST,4,3,12,0.4782608695652174,data\processed\initial_graph_coloring_dataset\colpack_outputs_week13_expanded\can_24_smallest_last.txt
can_24,SMALLEST_LAST,4,7,13,0.43478260869565216,data\processed\initial_graph_coloring_dataset\colpack_outputs_week13_expanded\can_24_smallest_last.txt
can_24,SMALLEST_LAST,4,9,14,0.391304347826087,data\processed\initial_graph_coloring_dataset\colpack_outputs_week13_expanded\can_24_smallest_last.txt
can_24,SMALLEST_LAST,4,13,15,0.34782608695652173,data\processed\initial_graph_coloring_dataset\colpack_outputs_week13_expanded\can_24_smallest_last.txt
can_24,SMALLEST_LAST,4,1,16,0.30434782608695654,data\processed\initial_graph_coloring_dataset\colpack_outputs_week13_expanded\can_24_smallest_last.txt
can_24,SMALLEST_LAST,4,15,17,0.2608695652173913,data\processed\initial_graph_coloring_dataset\colpack_outputs_week13_expanded\can_24_smallest_last.txt
can_24,SMALLEST_LAST,4,4,18,0.21739130434782608,data\processed\initial_graph_coloring_dataset\colpack_outputs_week13_expanded\can_24_smallest_last.txt
can_24,SMALLEST_LAST,4,14,19,0.17391304347826086,data\processed\initial_graph_coloring_dataset\colpack_outputs_week13_expanded\can_24_smallest_last.txt
can_24,SMALLEST_LAST,4,8,20,0.13043478260869565,data\processed\initial_graph_coloring_dataset\colpack_outputs_week13_expanded\can_24_smallest_last.txt
can_24,SMALLEST_LAST,4,16,21,0.08695652173913043,data\processed\initial_graph_coloring_dataset\colpack_outputs_week13_expanded\can_24_smallest_last.txt
can_24,SMALLEST_LAST,4,22,22,0.043478260869565216,data\processed\initial_graph_coloring_dataset\colpack_outputs_week13_expanded\can_24_smallest_last.txt
can_24,SMALLEST_LAST,4,23,23,0.0,data\processed\initial_graph_coloring_dataset\colpack_outputs_week13_expanded\can_24_smallest_last.txt
dwt_234,SMALLEST_LAST,3,19,0,1.0,data\processed\initial_graph_coloring_dataset\colpack_outputs_week13_expanded\dwt_234_smallest_last.txt
dwt_234,SMALLEST_LAST,3,18,1,0.9957081545064378,data\processed\initial_graph_coloring_dataset\colpack_outputs_week13_expanded\dwt_234_smallest_last.txt
dwt_234,SMALLEST_LAST,3,17,2,0.9914163090128756,data\processed\initial_graph_coloring_dataset\colpack_outputs_week13_expanded\dwt_234_smallest_last.txt
dwt_234,SMALLEST_LAST,3,16,3,0.9871244635193133,data\processed\initial_graph_coloring_dataset\colpack_outputs_week13_expanded\dwt_234_smallest_last.txt
dwt_234,SMALLEST_LAST,3,23,4,0.9828326180257511,data\processed\initial_graph_coloring_dataset\colpack_outputs_week13_expanded\dwt_234_smallest_last.txt
dwt_234,SMALLEST_LAST,3,24,5,0.9785407725321889,data\processed\initial_graph_coloring_dataset\colpack_outputs_week13_expanded\dwt_234_smallest_last.txt
dwt_234,SMALLEST_LAST,3,20,6,0.9742489270386266,data\processed\initial_graph_coloring_dataset\colpack_outputs_week13_expanded\dwt_234_smallest_last.txt
dwt_234,SMALLEST_LAST,3,4,7,0.9699570815450643,data\processed\initial_graph_coloring_dataset\colpack_outputs_week13_expanded\dwt_234_smallest_last.txt
dwt_234,SMALLEST_LAST,3,5,8,0.9656652360515021,data\processed\initial_graph_coloring_dataset\colpack_outputs_week13_expanded\dwt_234_smallest_last.txt
dwt_234,SMALLEST_LAST,3,6,9,0.9613733905579399,data\processed\initial_graph_coloring_dataset\colpack_outputs_week13_expanded\dwt_234_smallest_last.txt
dwt_234,SMALLEST_LAST,3,7,10,0.9570815450643777,data\processed\initial_graph_coloring_dataset\colpack_outputs_week13_expanded\dwt_234_smallest_last.txt
dwt_234,SMALLEST_LAST,3,21,11,0.9527896995708155,data\processed\initial_graph_coloring_dataset\colpack_outputs_week13_expanded\dwt_234_smallest_last.txt
dwt_234,SMALLEST_LAST,3,8,12,0.9484978540772532,data\processed\initial_graph_coloring_dataset\colpack_outputs_week13_expanded\dwt_234_smallest_last.txt
dwt_234,SMALLEST_LAST,3,27,13,0.944206008583691,data\processed\initial_graph_coloring_dataset\colpack_outputs_week13_expanded\dwt_234_smallest_last.txt
dwt_234,SMALLEST_LAST,3,28,14,0.9399141630901288,data\processed\initial_graph_coloring_dataset\colpack_outputs_week13_expanded\dwt_234_smallest_last.txt
dwt_234,SMALLEST_LAST,3,34,15,0.9356223175965666,data\processed\initial_graph_coloring_dataset\colpack_outputs_week13_expanded\dwt_234_smallest_last.txt
dwt_234,SMALLEST_LAST,3,43,16,0.9313304721030042,data\processed\initial_graph_coloring_dataset\colpack_outputs_week13_expanded\dwt_234_smallest_last.txt
dwt_234,SMALLEST_LAST,3,9,17,0.927038626609442,data\processed\initial_graph_coloring_dataset\colpack_outputs_week13_expanded\dwt_234_smallest_last.txt
dwt_234,SMALLEST_LAST,3,35,18,0.9227467811158798,data\processed\initial_graph_coloring_dataset\colpack_outputs_week13_expanded\dwt_234_smallest_last.txt
dwt_234,SMALLEST_LAST,3,10,19,0.9184549356223176,data\processed\initial_graph_coloring_dataset\colpack_outputs_week13_expanded\dwt_234_smallest_last.txt
dwt_234,SMALLEST_LAST,3,11,20,0.9141630901287554,data\processed\initial_graph_coloring_dataset\colpack_outputs_week13_expanded\dwt_234_smallest_last.txt
dwt_234,SMALLEST_LAST,3,22,21,0.9098712446351931,data\processed\initial_graph_coloring_dataset\colpack_outputs_week13_expanded\dwt_234_smallest_last.txt
dwt_234,SMALLEST_LAST,3,12,22,0.9055793991416309,data\processed\initial_graph_coloring_dataset\colpack_outputs_week13_expanded\dwt_234_smallest_last.txt
dwt_234,SMALLEST_LAST,3,13,23,0.9012875536480687,data\processed\initial_graph_coloring_dataset\colpack_outputs_week13_expanded\dwt_234_smallest_last.txt
dwt_234,SMALLEST_LAST,3,15,24,0.8969957081545065,data\processed\initial_graph_coloring_dataset\colpack_outputs_week13_expanded\dwt_234_smallest_last.txt
dwt_234,SMALLEST_LAST,3,14,25,0.8927038626609443,data\processed\initial_graph_coloring_dataset\colpack_outputs_week13_expanded\dwt_234_smallest_last.txt
dwt_234,SMALLEST_LAST,3,38,26,0.8884120171673819,data\processed\initial_graph_coloring_dataset\colpack_outputs_week13_expanded\dwt_234_smallest_last.txt
dwt_234,SMALLEST_LAST,3,39,27,0.8841201716738197,data\processed\initial_graph_coloring_dataset\colpack_outputs_week13_expanded\dwt_234_smallest_last.txt
dwt_234,SMALLEST_LAST,3,47,28,0.8798283261802575,data\processed\initial_graph_coloring_dataset\colpack_outputs_week13_expanded\dwt_234_smallest_last.txt
dwt_234,SMALLEST_LAST,3,31,29,0.8755364806866953,data\processed\initial_graph_coloring_dataset\colpack_outputs_week13_expanded\dwt_234_smallest_last.txt
dwt_234,SMALLEST_LAST,3,32,30,0.871244635193133,data\processed\initial_graph_coloring_dataset\colpack_outputs_week13_expanded\dwt_234_smallest_last.txt
dwt_234,SMALLEST_LAST,3,29,31,0.8669527896995708,data\processed\initial_graph_coloring_dataset\colpack_outputs_week13_expanded\dwt_234_smallest_last.txt
dwt_234,SMALLEST_LAST,3,30,32,0.8626609442060086,data\processed\initial_graph_coloring_dataset\colpack_outputs_week13_expanded\dwt_234_smallest_last.txt
dwt_234,SMALLEST_LAST,3,37,33,0.8583690987124464,data\processed\initial_graph_coloring_dataset\colpack_outputs_week13_expanded\dwt_234_smallest_last.txt
dwt_234,SMALLEST_LAST,3,45,34,0.8540772532188842,data\processed\initial_graph_coloring_dataset\colpack_outputs_week13_expanded\dwt_234_smallest_last.txt
dwt_234,SMALLEST_LAST,3,36,35,0.8497854077253219,data\processed\initial_graph_coloring_dataset\colpack_outputs_week13_expanded\dwt_234_smallest_last.txt
dwt_234,SMALLEST_LAST,3,25,36,0.8454935622317596,data\processed\initial_graph_coloring_dataset\colpack_outputs_week13_expanded\dwt_234_smallest_last.txt
dwt_234,SMALLEST_LAST,3,26,37,0.8412017167381974,data\processed\initial_graph_coloring_dataset\colpack_outputs_week13_expanded\dwt_234_smallest_last.txt
dwt_234,SMALLEST_LAST,3,33,38,0.8369098712446352,data\processed\initial_graph_coloring_dataset\colpack_outputs_week13_expanded\dwt_234_smallest_last.txt
dwt_234,SMALLEST_LAST,3,41,39,0.8326180257510729,data\processed\initial_graph_coloring_dataset\colpack_outputs_week13_expanded\dwt_234_smallest_last.txt
dwt_234,SMALLEST_LAST,3,40,40,0.8283261802575107,data\processed\initial_graph_coloring_dataset\colpack_outputs_week13_expanded\dwt_234_smallest_last.txt
dwt_234,SMALLEST_LAST,3,42,41,0.8240343347639485,data\processed\initial_graph_coloring_dataset\colpack_outputs_week13_expanded\dwt_234_smallest_last.txt
dwt_234,SMALLEST_LAST,3,44,42,0.8197424892703863,data\processed\initial_graph_coloring_dataset\colpack_outputs_week13_expanded\dwt_234_smallest_last.txt
dwt_234,SMALLEST_LAST,3,46,43,0.8154506437768241,data\processed\initial_graph_coloring_dataset\colpack_outputs_week13_expanded\dwt_234_smallest_last.txt
dwt_234,SMALLEST_LAST,3,48,44,0.8111587982832618,data\processed\initial_graph_coloring_dataset\colpack_outputs_week13_expanded\dwt_234_smallest_last.txt
dwt_234,SMALLEST_LAST,3,49,45,0.8068669527896996,data\processed\initial_graph_coloring_dataset\colpack_outputs_week13_expanded\dwt_234_smallest_last.txt
dwt_234,SMALLEST_LAST,3,50,46,0.8025751072961373,data\processed\initial_graph_coloring_dataset\colpack_outputs_week13_expanded\dwt_234_smallest_last.txt
dwt_234,SMALLEST_LAST,3,51,47,0.7982832618025751,data\processed\initial_graph_coloring_dataset\colpack_outputs_week13_expanded\dwt_234_smallest_last.txt
dwt_234,SMALLEST_LAST,3,58,48,0.7939914163090128,data\processed\initial_graph_coloring_dataset\colpack_outputs_week13_expanded\dwt_234_smallest_last.txt
dwt_234,SMALLEST_LAST,3,62,49,0.7896995708154506,data\processed\initial_graph_coloring_dataset\colpack_outputs_week13_expanded\dwt_234_smallest_last.txt
dwt_234,SMALLEST_LAST,3,52,50,0.7854077253218884,data\processed\initial_graph_coloring_dataset\colpack_outputs_week13_expanded\dwt_234_smallest_last.txt
dwt_234,SMALLEST_LAST,3,53,51,0.7811158798283262,data\processed\initial_graph_coloring_dataset\colpack_outputs_week13_expanded\dwt_234_smallest_last.txt
dwt_234,SMALLEST_LAST,3,64,52,0.776824034334764,data\processed\initial_graph_coloring_dataset\colpack_outputs_week13_expanded\dwt_234_smallest_last.txt
dwt_234,SMALLEST_LAST,3,63,53,0.7725321888412017,data\processed\initial_graph_coloring_dataset\colpack_outputs_week13_expanded\dwt_234_smallest_last.txt
dwt_234,SMALLEST_LAST,3,56,54,0.7682403433476395,data\processed\initial_graph_coloring_dataset\colpack_outputs_week13_expanded\dwt_234_smallest_last.txt
dwt_234,SMALLEST_LAST,3,57,55,0.7639484978540773,data\processed\initial_graph_coloring_dataset\colpack_outputs_week13_expanded\dwt_234_smallest_last.txt
dwt_234,SMALLEST_LAST,3,61,56,0.759656652360515,data\processed\initial_graph_coloring_dataset\colpack_outputs_week13_expanded\dwt_234_smallest_last.txt
dwt_234,SMALLEST_LAST,3,68,57,0.7553648068669528,data\processed\initial_graph_coloring_dataset\colpack_outputs_week13_expanded\dwt_234_smallest_last.txt
dwt_234,SMALLEST_LAST,3,60,58,0.7510729613733905,data\processed\initial_graph_coloring_dataset\colpack_outputs_week13_expanded\dwt_234_smallest_last.txt
dwt_234,SMALLEST_LAST,3,54,59,0.7467811158798283,data\processed\initial_graph_coloring_dataset\colpack_outputs_week13_expanded\dwt_234_smallest_last.txt
dwt_234,SMALLEST_LAST,3,55,60,0.7424892703862661,data\processed\initial_graph_coloring_dataset\colpack_outputs_week13_expanded\dwt_234_smallest_last.txt
dwt_234,SMALLEST_LAST,3,59,61,0.7381974248927039,data\processed\initial_graph_coloring_dataset\colpack_outputs_week13_expanded\dwt_234_smallest_last.txt
dwt_234,SMALLEST_LAST,3,66,62,0.7339055793991416,data\processed\initial_graph_coloring_dataset\colpack_outputs_week13_expanded\dwt_234_smallest_last.txt
dwt_234,SMALLEST_LAST,3,65,63,0.7296137339055794,data\processed\initial_graph_coloring_dataset\colpack_outputs_week13_expanded\dwt_234_smallest_last.txt
dwt_234,SMALLEST_LAST,3,67,64,0.7253218884120172,data\processed\initial_graph_coloring_dataset\colpack_outputs_week13_expanded\dwt_234_smallest_last.txt
dwt_234,SMALLEST_LAST,3,69,65,0.721030042918455,data\processed\initial_graph_coloring_dataset\colpack_outputs_week13_expanded\dwt_234_smallest_last.txt
dwt_234,SMALLEST_LAST,3,70,66,0.7167381974248928,data\processed\initial_graph_coloring_dataset\colpack_outputs_week13_expanded\dwt_234_smallest_last.txt
dwt_234,SMALLEST_LAST,3,79,67,0.7124463519313304,data\processed\initial_graph_coloring_dataset\colpack_outputs_week13_expanded\dwt_234_smallest_last.txt
dwt_234,SMALLEST_LAST,3,80,68,0.7081545064377682,data\processed\initial_graph_coloring_dataset\colpack_outputs_week13_expanded\dwt_234_smallest_last.txt
dwt_234,SMALLEST_LAST,3,85,69,0.703862660944206,data\processed\initial_graph_coloring_dataset\colpack_outputs_week13_expanded\dwt_234_smallest_last.txt
dwt_234,SMALLEST_LAST,3,73,70,0.6995708154506438,data\processed\initial_graph_coloring_dataset\colpack_outputs_week13_expanded\dwt_234_smallest_last.txt
dwt_234,SMALLEST_LAST,3,74,71,0.6952789699570815,data\processed\initial_graph_coloring_dataset\colpack_outputs_week13_expanded\dwt_234_smallest_last.txt
dwt_234,SMALLEST_LAST,3,75,72,0.6909871244635193,data\processed\initial_graph_coloring_dataset\colpack_outputs_week13_expanded\dwt_234_smallest_last.txt
dwt_234,SMALLEST_LAST,3,76,73,0.6866952789699571,data\processed\initial_graph_coloring_dataset\colpack_outputs_week13_expanded\dwt_234_smallest_last.txt
dwt_234,SMALLEST_LAST,3,81,74,0.6824034334763949,data\processed\initial_graph_coloring_dataset\colpack_outputs_week13_expanded\dwt_234_smallest_last.txt
dwt_234,SMALLEST_LAST,3,87,75,0.6781115879828327,data\processed\initial_graph_coloring_dataset\colpack_outputs_week13_expanded\dwt_234_smallest_last.txt
dwt_234,SMALLEST_LAST,3,86,76,0.6738197424892703,data\processed\initial_graph_coloring_dataset\colpack_outputs_week13_expanded\dwt_234_smallest_last.txt
dwt_234,SMALLEST_LAST,3,71,77,0.6695278969957081,data\processed\initial_graph_coloring_dataset\colpack_outputs_week13_expanded\dwt_234_smallest_last.txt
dwt_234,SMALLEST_LAST,3,72,78,0.6652360515021459,data\processed\initial_graph_coloring_dataset\colpack_outputs_week13_expanded\dwt_234_smallest_last.txt
dwt_234,SMALLEST_LAST,3,84,79,0.6609442060085837,data\processed\initial_graph_coloring_dataset\colpack_outputs_week13_expanded\dwt_234_smallest_last.txt
dwt_234,SMALLEST_LAST,3,83,80,0.6566523605150214,data\processed\initial_graph_coloring_dataset\colpack_outputs_week13_expanded\dwt_234_smallest_last.txt
dwt_234,SMALLEST_LAST,3,82,81,0.6523605150214592,data\processed\initial_graph_coloring_dataset\colpack_outputs_week13_expanded\dwt_234_smallest_last.txt
dwt_234,SMALLEST_LAST,3,77,82,0.648068669527897,data\processed\initial_graph_coloring_dataset\colpack_outputs_week13_expanded\dwt_234_smallest_last.txt
dwt_234,SMALLEST_LAST,3,78,83,0.6437768240343348,data\processed\initial_graph_coloring_dataset\colpack_outputs_week13_expanded\dwt_234_smallest_last.txt
dwt_234,SMALLEST_LAST,3,88,84,0.6394849785407726,data\processed\initial_graph_coloring_dataset\colpack_outputs_week13_expanded\dwt_234_smallest_last.txt
dwt_234,SMALLEST_LAST,3,89,85,0.6351931330472103,data\processed\initial_graph_coloring_dataset\colpack_outputs_week13_expanded\dwt_234_smallest_last.txt
dwt_234,SMALLEST_LAST,3,90,86,0.630901287553648,data\processed\initial_graph_coloring_dataset\colpack_outputs_week13_expanded\dwt_234_smallest_last.txt
dwt_234,SMALLEST_LAST,3,91,87,0.6266094420600858,data\processed\initial_graph_coloring_dataset\colpack_outputs_week13_expanded\dwt_234_smallest_last.txt
dwt_234,SMALLEST_LAST,3,103,88,0.6223175965665236,data\processed\initial_graph_coloring_dataset\colpack_outputs_week13_expanded\dwt_234_smallest_last.txt
dwt_234,SMALLEST_LAST,3,110,89,0.6180257510729614,data\processed\initial_graph_coloring_dataset\colpack_outputs_week13_expanded\dwt_234_smallest_last.txt
dwt_234,SMALLEST_LAST,3,102,90,0.6137339055793991,data\processed\initial_graph_coloring_dataset\colpack_outputs_week13_expanded\dwt_234_smallest_last.txt
dwt_234,SMALLEST_LAST,3,92,91,0.6094420600858369,data\processed\initial_graph_coloring_dataset\colpack_outputs_week13_expanded\dwt_234_smallest_last.txt
dwt_234,SMALLEST_LAST,3,93,92,0.6051502145922747,data\processed\initial_graph_coloring_dataset\colpack_outputs_week13_expanded\dwt_234_smallest_last.txt
dwt_234,SMALLEST_LAST,3,112,93,0.6008583690987125,data\processed\initial_graph_coloring_dataset\colpack_outputs_week13_expanded\dwt_234_smallest_last.txt
dwt_234,SMALLEST_LAST,3,104,94,0.5965665236051502,data\processed\initial_graph_coloring_dataset\colpack_outputs_week13_expanded\dwt_234_smallest_last.txt
dwt_234,SMALLEST_LAST,3,100,95,0.592274678111588,data\processed\initial_graph_coloring_dataset\colpack_outputs_week13_expanded\dwt_234_smallest_last.txt
dwt_234,SMALLEST_LAST,3,98,96,0.5879828326180258,data\processed\initial_graph_coloring_dataset\colpack_outputs_week13_expanded\dwt_234_smallest_last.txt
dwt_234,SMALLEST_LAST,3,99,97,0.5836909871244635,data\processed\initial_graph_coloring_dataset\colpack_outputs_week13_expanded\dwt_234_smallest_last.txt
dwt_234,SMALLEST_LAST,3,96,98,0.5793991416309013,data\processed\initial_graph_coloring_dataset\colpack_outputs_week13_expanded\dwt_234_smallest_last.txt
dwt_234,SMALLEST_LAST,3,97,99,0.575107296137339,data\processed\initial_graph_coloring_dataset\colpack_outputs_week13_expanded\dwt_234_smallest_last.txt
dwt_234,SMALLEST_LAST,3,108,100,0.5708154506437768,data\processed\initial_graph_coloring_dataset\colpack_outputs_week13_expanded\dwt_234_smallest_last.txt
dwt_234,SMALLEST_LAST,3,101,101,0.5665236051502146,data\processed\initial_graph_coloring_dataset\colpack_outputs_week13_expanded\dwt_234_smallest_last.txt
dwt_234,SMALLEST_LAST,3,94,102,0.5622317596566524,data\processed\initial_graph_coloring_dataset\colpack_outputs_week13_expanded\dwt_234_smallest_last.txt
dwt_234,SMALLEST_LAST,3,95,103,0.5579399141630901,data\processed\initial_graph_coloring_dataset\colpack_outputs_week13_expanded\dwt_234_smallest_last.txt
dwt_234,SMALLEST_LAST,3,106,104,0.5536480686695279,data\processed\initial_graph_coloring_dataset\colpack_outputs_week13_expanded\dwt_234_smallest_last.txt
dwt_234,SMALLEST_LAST,3,105,105,0.5493562231759657,data\processed\initial_graph_coloring_dataset\colpack_outputs_week13_expanded\dwt_234_smallest_last.txt
dwt_234,SMALLEST_LAST,3,107,106,0.5450643776824035,data\processed\initial_graph_coloring_dataset\colpack_outputs_week13_expanded\dwt_234_smallest_last.txt
dwt_234,SMALLEST_LAST,3,109,107,0.5407725321888412,data\processed\initial_graph_coloring_dataset\colpack_outputs_week13_expanded\dwt_234_smallest_last.txt
dwt_234,SMALLEST_LAST,3,111,108,0.5364806866952789,data\processed\initial_graph_coloring_dataset\colpack_outputs_week13_expanded\dwt_234_smallest_last.txt
dwt_234,SMALLEST_LAST,3,208,109,0.5321888412017167,data\processed\initial_graph_coloring_dataset\colpack_outputs_week13_expanded\dwt_234_smallest_last.txt
dwt_234,SMALLEST_LAST,3,209,110,0.5278969957081545,data\processed\initial_graph_coloring_dataset\colpack_outputs_week13_expanded\dwt_234_smallest_last.txt
dwt_234,SMALLEST_LAST,3,215,111,0.5236051502145923,data\processed\initial_graph_coloring_dataset\colpack_outputs_week13_expanded\dwt_234_smallest_last.txt
dwt_234,SMALLEST_LAST,3,214,112,0.51931330472103,data\processed\initial_graph_coloring_dataset\colpack_outputs_week13_expanded\dwt_234_smallest_last.txt
dwt_234,SMALLEST_LAST,3,220,113,0.5150214592274678,data\processed\initial_graph_coloring_dataset\colpack_outputs_week13_expanded\dwt_234_smallest_last.txt
dwt_234,SMALLEST_LAST,3,226,114,0.5107296137339056,data\processed\initial_graph_coloring_dataset\colpack_outputs_week13_expanded\dwt_234_smallest_last.txt
dwt_234,SMALLEST_LAST,3,225,115,0.5064377682403434,data\processed\initial_graph_coloring_dataset\colpack_outputs_week13_expanded\dwt_234_smallest_last.txt
dwt_234,SMALLEST_LAST,3,219,116,0.5021459227467812,data\processed\initial_graph_coloring_dataset\colpack_outputs_week13_expanded\dwt_234_smallest_last.txt
dwt_234,SMALLEST_LAST,3,213,117,0.4978540772532189,data\processed\initial_graph_coloring_dataset\colpack_outputs_week13_expanded\dwt_234_smallest_last.txt
dwt_234,SMALLEST_LAST,3,207,118,0.49356223175965663,data\processed\initial_graph_coloring_dataset\colpack_outputs_week13_expanded\dwt_234_smallest_last.txt
dwt_234,SMALLEST_LAST,3,206,119,0.4892703862660944,data\processed\initial_graph_coloring_dataset\colpack_outputs_week13_expanded\dwt_234_smallest_last.txt
dwt_234,SMALLEST_LAST,3,212,120,0.48497854077253216,data\processed\initial_graph_coloring_dataset\colpack_outputs_week13_expanded\dwt_234_smallest_last.txt
dwt_234,SMALLEST_LAST,3,218,121,0.48068669527896996,data\processed\initial_graph_coloring_dataset\colpack_outputs_week13_expanded\dwt_234_smallest_last.txt
dwt_234,SMALLEST_LAST,3,224,122,0.47639484978540775,data\processed\initial_graph_coloring_dataset\colpack_outputs_week13_expanded\dwt_234_smallest_last.txt
dwt_234,SMALLEST_LAST,3,223,123,0.4721030042918455,data\processed\initial_graph_coloring_dataset\colpack_outputs_week13_expanded\dwt_234_smallest_last.txt
dwt_234,SMALLEST_LAST,3,217,124,0.4678111587982833,data\processed\initial_graph_coloring_dataset\colpack_outputs_week13_expanded\dwt_234_smallest_last.txt
dwt_234,SMALLEST_LAST,3,211,125,0.463519313304721,data\processed\initial_graph_coloring_dataset\colpack_outputs_week13_expanded\dwt_234_smallest_last.txt
dwt_234,SMALLEST_LAST,3,205,126,0.4592274678111588,data\processed\initial_graph_coloring_dataset\colpack_outputs_week13_expanded\dwt_234_smallest_last.txt
dwt_234,SMALLEST_LAST,3,204,127,0.45493562231759654,data\processed\initial_graph_coloring_dataset\colpack_outputs_week13_expanded\dwt_234_smallest_last.txt
dwt_234,SMALLEST_LAST,3,210,128,0.45064377682403434,data\processed\initial_graph_coloring_dataset\colpack_outputs_week13_expanded\dwt_234_smallest_last.txt
dwt_234,SMALLEST_LAST,3,216,129,0.44635193133047213,data\processed\initial_graph_coloring_dataset\colpack_outputs_week13_expanded\dwt_234_smallest_last.txt
dwt_234,SMALLEST_LAST,3,222,130,0.44206008583690987,data\processed\initial_graph_coloring_dataset\colpack_outputs_week13_expanded\dwt_234_smallest_last.txt
dwt_234,SMALLEST_LAST,3,228,131,0.43776824034334766,data\processed\initial_graph_coloring_dataset\colpack_outputs_week13_expanded\dwt_234_smallest_last.txt
dwt_234,SMALLEST_LAST,3,229,132,0.4334763948497854,data\processed\initial_graph_coloring_dataset\colpack_outputs_week13_expanded\dwt_234_smallest_last.txt
dwt_234,SMALLEST_LAST,3,230,133,0.4291845493562232,data\processed\initial_graph_coloring_dataset\colpack_outputs_week13_expanded\dwt_234_smallest_last.txt
dwt_234,SMALLEST_LAST,3,231,134,0.4248927038626609,data\processed\initial_graph_coloring_dataset\colpack_outputs_week13_expanded\dwt_234_smallest_last.txt
dwt_234,SMALLEST_LAST,3,232,135,0.4206008583690987,data\processed\initial_graph_coloring_dataset\colpack_outputs_week13_expanded\dwt_234_smallest_last.txt
dwt_234,SMALLEST_LAST,3,233,136,0.41630901287553645,data\processed\initial_graph_coloring_dataset\colpack_outputs_week13_expanded\dwt_234_smallest_last.txt
dwt_234,SMALLEST_LAST,3,227,137,0.41201716738197425,data\processed\initial_graph_coloring_dataset\colpack_outputs_week13_expanded\dwt_234_smallest_last.txt
dwt_234,SMALLEST_LAST,3,221,138,0.40772532188841204,data\processed\initial_graph_coloring_dataset\colpack_outputs_week13_expanded\dwt_234_smallest_last.txt
dwt_234,SMALLEST_LAST,3,185,139,0.4034334763948498,data\processed\initial_graph_coloring_dataset\colpack_outputs_week13_expanded\dwt_234_smallest_last.txt
dwt_234,SMALLEST_LAST,3,157,140,0.39914163090128757,data\processed\initial_graph_coloring_dataset\colpack_outputs_week13_expanded\dwt_234_smallest_last.txt
dwt_234,SMALLEST_LAST,3,158,141,0.3948497854077253,data\processed\initial_graph_coloring_dataset\colpack_outputs_week13_expanded\dwt_234_smallest_last.txt
dwt_234,SMALLEST_LAST,3,159,142,0.3905579399141631,data\processed\initial_graph_coloring_dataset\colpack_outputs_week13_expanded\dwt_234_smallest_last.txt
dwt_234,SMALLEST_LAST,3,189,143,0.38626609442060084,data\processed\initial_graph_coloring_dataset\colpack_outputs_week13_expanded\dwt_234_smallest_last.txt
dwt_234,SMALLEST_LAST,3,146,144,0.38197424892703863,data\processed\initial_graph_coloring_dataset\colpack_outputs_week13_expanded\dwt_234_smallest_last.txt
dwt_234,SMALLEST_LAST,3,147,145,0.3776824034334764,data\processed\initial_graph_coloring_dataset\colpack_outputs_week13_expanded\dwt_234_smallest_last.txt
dwt_234,SMALLEST_LAST,3,148,146,0.37339055793991416,data\processed\initial_graph_coloring_dataset\colpack_outputs_week13_expanded\dwt_234_smallest_last.txt
dwt_234,SMALLEST_LAST,3,193,147,0.36909871244635195,data\processed\initial_graph_coloring_dataset\colpack_outputs_week13_expanded\dwt_234_smallest_last.txt
dwt_234,SMALLEST_LAST,3,197,148,0.3648068669527897,data\processed\initial_graph_coloring_dataset\colpack_outputs_week13_expanded\dwt_234_smallest_last.txt
dwt_234,SMALLEST_LAST,3,201,149,0.3605150214592275,data\processed\initial_graph_coloring_dataset\colpack_outputs_week13_expanded\dwt_234_smallest_last.txt
dwt_234,SMALLEST_LAST,3,202,150,0.3562231759656652,data\processed\initial_graph_coloring_dataset\colpack_outputs_week13_expanded\dwt_234_smallest_last.txt
dwt_234,SMALLEST_LAST,3,198,151,0.351931330472103,data\processed\initial_graph_coloring_dataset\colpack_outputs_week13_expanded\dwt_234_smallest_last.txt
dwt_234,SMALLEST_LAST,3,194,152,0.34763948497854075,data\processed\initial_graph_coloring_dataset\colpack_outputs_week13_expanded\dwt_234_smallest_last.txt
dwt_234,SMALLEST_LAST,3,195,153,0.34334763948497854,data\processed\initial_graph_coloring_dataset\colpack_outputs_week13_expanded\dwt_234_smallest_last.txt
dwt_234,SMALLEST_LAST,3,199,154,0.33905579399141633,data\processed\initial_graph_coloring_dataset\colpack_outputs_week13_expanded\dwt_234_smallest_last.txt
dwt_234,SMALLEST_LAST,3,203,155,0.33476394849785407,data\processed\initial_graph_coloring_dataset\colpack_outputs_week13_expanded\dwt_234_smallest_last.txt
dwt_234,SMALLEST_LAST,3,200,156,0.33047210300429186,data\processed\initial_graph_coloring_dataset\colpack_outputs_week13_expanded\dwt_234_smallest_last.txt
dwt_234,SMALLEST_LAST,3,170,157,0.3261802575107296,data\processed\initial_graph_coloring_dataset\colpack_outputs_week13_expanded\dwt_234_smallest_last.txt
dwt_234,SMALLEST_LAST,3,169,158,0.3218884120171674,data\processed\initial_graph_coloring_dataset\colpack_outputs_week13_expanded\dwt_234_smallest_last.txt
dwt_234,SMALLEST_LAST,3,186,159,0.31759656652360513,data\processed\initial_graph_coloring_dataset\colpack_outputs_week13_expanded\dwt_234_smallest_last.txt
dwt_234,SMALLEST_LAST,3,168,160,0.3133047210300429,data\processed\initial_graph_coloring_dataset\colpack_outputs_week13_expanded\dwt_234_smallest_last.txt
dwt_234,SMALLEST_LAST,3,187,161,0.3090128755364807,data\processed\initial_graph_coloring_dataset\colpack_outputs_week13_expanded\dwt_234_smallest_last.txt
dwt_234,SMALLEST_LAST,3,188,162,0.30472103004291845,data\processed\initial_graph_coloring_dataset\colpack_outputs_week13_expanded\dwt_234_smallest_last.txt
dwt_234,SMALLEST_LAST,3,179,163,0.30042918454935624,data\processed\initial_graph_coloring_dataset\colpack_outputs_week13_expanded\dwt_234_smallest_last.txt
dwt_234,SMALLEST_LAST,3,180,164,0.296137339055794,data\processed\initial_graph_coloring_dataset\colpack_outputs_week13_expanded\dwt_234_smallest_last.txt
dwt_234,SMALLEST_LAST,3,181,165,0.2918454935622318,data\processed\initial_graph_coloring_dataset\colpack_outputs_week13_expanded\dwt_234_smallest_last.txt
dwt_234,SMALLEST_LAST,3,196,166,0.2875536480686695,data\processed\initial_graph_coloring_dataset\colpack_outputs_week13_expanded\dwt_234_smallest_last.txt
dwt_234,SMALLEST_LAST,3,192,167,0.2832618025751073,data\processed\initial_graph_coloring_dataset\colpack_outputs_week13_expanded\dwt_234_smallest_last.txt
dwt_234,SMALLEST_LAST,3,191,168,0.27896995708154504,data\processed\initial_graph_coloring_dataset\colpack_outputs_week13_expanded\dwt_234_smallest_last.txt
dwt_234,SMALLEST_LAST,3,190,169,0.27467811158798283,data\processed\initial_graph_coloring_dataset\colpack_outputs_week13_expanded\dwt_234_smallest_last.txt
dwt_234,SMALLEST_LAST,3,0,170,0.2703862660944206,data\processed\initial_graph_coloring_dataset\colpack_outputs_week13_expanded\dwt_234_smallest_last.txt
dwt_234,SMALLEST_LAST,3,1,171,0.26609442060085836,data\processed\initial_graph_coloring_dataset\colpack_outputs_week13_expanded\dwt_234_smallest_last.txt
dwt_234,SMALLEST_LAST,3,2,172,0.26180257510729615,data\processed\initial_graph_coloring_dataset\colpack_outputs_week13_expanded\dwt_234_smallest_last.txt
dwt_234,SMALLEST_LAST,3,3,173,0.2575107296137339,data\processed\initial_graph_coloring_dataset\colpack_outputs_week13_expanded\dwt_234_smallest_last.txt
dwt_234,SMALLEST_LAST,3,113,174,0.2532188841201717,data\processed\initial_graph_coloring_dataset\colpack_outputs_week13_expanded\dwt_234_smallest_last.txt
dwt_234,SMALLEST_LAST,3,114,175,0.24892703862660945,data\processed\initial_graph_coloring_dataset\colpack_outputs_week13_expanded\dwt_234_smallest_last.txt
dwt_234,SMALLEST_LAST,3,115,176,0.2446351931330472,data\processed\initial_graph_coloring_dataset\colpack_outputs_week13_expanded\dwt_234_smallest_last.txt
dwt_234,SMALLEST_LAST,3,116,177,0.24034334763948498,data\processed\initial_graph_coloring_dataset\colpack_outputs_week13_expanded\dwt_234_smallest_last.txt
dwt_234,SMALLEST_LAST,3,117,178,0.23605150214592274,data\processed\initial_graph_coloring_dataset\colpack_outputs_week13_expanded\dwt_234_smallest_last.txt
dwt_234,SMALLEST_LAST,3,121,179,0.2317596566523605,data\processed\initial_graph_coloring_dataset\colpack_outputs_week13_expanded\dwt_234_smallest_last.txt
dwt_234,SMALLEST_LAST,3,125,180,0.22746781115879827,data\processed\initial_graph_coloring_dataset\colpack_outputs_week13_expanded\dwt_234_smallest_last.txt
dwt_234,SMALLEST_LAST,3,129,181,0.22317596566523606,data\processed\initial_graph_coloring_dataset\colpack_outputs_week13_expanded\dwt_234_smallest_last.txt
dwt_234,SMALLEST_LAST,3,133,182,0.21888412017167383,data\processed\initial_graph_coloring_dataset\colpack_outputs_week13_expanded\dwt_234_smallest_last.txt
dwt_234,SMALLEST_LAST,3,137,183,0.2145922746781116,data\processed\initial_graph_coloring_dataset\colpack_outputs_week13_expanded\dwt_234_smallest_last.txt
dwt_234,SMALLEST_LAST,3,119,184,0.21030042918454936,data\processed\initial_graph_coloring_dataset\colpack_outputs_week13_expanded\dwt_234_smallest_last.txt
dwt_234,SMALLEST_LAST,3,123,185,0.20600858369098712,data\processed\initial_graph_coloring_dataset\colpack_outputs_week13_expanded\dwt_234_smallest_last.txt
dwt_234,SMALLEST_LAST,3,127,186,0.2017167381974249,data\processed\initial_graph_coloring_dataset\colpack_outputs_week13_expanded\dwt_234_smallest_last.txt
dwt_234,SMALLEST_LAST,3,131,187,0.19742489270386265,data\processed\initial_graph_coloring_dataset\colpack_outputs_week13_expanded\dwt_234_smallest_last.txt
dwt_234,SMALLEST_LAST,3,135,188,0.19313304721030042,data\processed\initial_graph_coloring_dataset\colpack_outputs_week13_expanded\dwt_234_smallest_last.txt
dwt_234,SMALLEST_LAST,3,139,189,0.1888412017167382,data\processed\initial_graph_coloring_dataset\colpack_outputs_week13_expanded\dwt_234_smallest_last.txt
dwt_234,SMALLEST_LAST,3,118,190,0.18454935622317598,data\processed\initial_graph_coloring_dataset\colpack_outputs_week13_expanded\dwt_234_smallest_last.txt
dwt_234,SMALLEST_LAST,3,122,191,0.18025751072961374,data\processed\initial_graph_coloring_dataset\colpack_outputs_week13_expanded\dwt_234_smallest_last.txt
dwt_234,SMALLEST_LAST,3,126,192,0.1759656652360515,data\processed\initial_graph_coloring_dataset\colpack_outputs_week13_expanded\dwt_234_smallest_last.txt
dwt_234,SMALLEST_LAST,3,130,193,0.17167381974248927,data\processed\initial_graph_coloring_dataset\colpack_outputs_week13_expanded\dwt_234_smallest_last.txt
dwt_234,SMALLEST_LAST,3,134,194,0.16738197424892703,data\processed\initial_graph_coloring_dataset\colpack_outputs_week13_expanded\dwt_234_smallest_last.txt
dwt_234,SMALLEST_LAST,3,138,195,0.1630901287553648,data\processed\initial_graph_coloring_dataset\colpack_outputs_week13_expanded\dwt_234_smallest_last.txt
dwt_234,SMALLEST_LAST,3,120,196,0.15879828326180256,data\processed\initial_graph_coloring_dataset\colpack_outputs_week13_expanded\dwt_234_smallest_last.txt
dwt_234,SMALLEST_LAST,3,124,197,0.15450643776824036,data\processed\initial_graph_coloring_dataset\colpack_outputs_week13_expanded\dwt_234_smallest_last.txt
dwt_234,SMALLEST_LAST,3,128,198,0.15021459227467812,data\processed\initial_graph_coloring_dataset\colpack_outputs_week13_expanded\dwt_234_smallest_last.txt
dwt_234,SMALLEST_LAST,3,132,199,0.1459227467811159,data\processed\initial_graph_coloring_dataset\colpack_outputs_week13_expanded\dwt_234_smallest_last.txt
dwt_234,SMALLEST_LAST,3,136,200,0.14163090128755365,data\processed\initial_graph_coloring_dataset\colpack_outputs_week13_expanded\dwt_234_smallest_last.txt
dwt_234,SMALLEST_LAST,3,140,201,0.13733905579399142,data\processed\initial_graph_coloring_dataset\colpack_outputs_week13_expanded\dwt_234_smallest_last.txt
dwt_234,SMALLEST_LAST,3,145,202,0.13304721030042918,data\processed\initial_graph_coloring_dataset\colpack_outputs_week13_expanded\dwt_234_smallest_last.txt
dwt_234,SMALLEST_LAST,3,144,203,0.12875536480686695,data\processed\initial_graph_coloring_dataset\colpack_outputs_week13_expanded\dwt_234_smallest_last.txt
dwt_234,SMALLEST_LAST,3,143,204,0.12446351931330472,data\processed\initial_graph_coloring_dataset\colpack_outputs_week13_expanded\dwt_234_smallest_last.txt
dwt_234,SMALLEST_LAST,3,142,205,0.12017167381974249,data\processed\initial_graph_coloring_dataset\colpack_outputs_week13_expanded\dwt_234_smallest_last.txt
dwt_234,SMALLEST_LAST,3,141,206,0.11587982832618025,data\processed\initial_graph_coloring_dataset\colpack_outputs_week13_expanded\dwt_234_smallest_last.txt
dwt_234,SMALLEST_LAST,3,149,207,0.11158798283261803,data\processed\initial_graph_coloring_dataset\colpack_outputs_week13_expanded\dwt_234_smallest_last.txt
dwt_234,SMALLEST_LAST,3,150,208,0.1072961373390558,data\processed\initial_graph_coloring_dataset\colpack_outputs_week13_expanded\dwt_234_smallest_last.txt
dwt_234,SMALLEST_LAST,3,151,209,0.10300429184549356,data\processed\initial_graph_coloring_dataset\colpack_outputs_week13_expanded\dwt_234_smallest_last.txt
dwt_234,SMALLEST_LAST,3,156,210,0.09871244635193133,data\processed\initial_graph_coloring_dataset\colpack_outputs_week13_expanded\dwt_234_smallest_last.txt
dwt_234,SMALLEST_LAST,3,155,211,0.0944206008583691,data\processed\initial_graph_coloring_dataset\colpack_outputs_week13_expanded\dwt_234_smallest_last.txt
dwt_234,SMALLEST_LAST,3,154,212,0.09012875536480687,data\processed\initial_graph_coloring_dataset\colpack_outputs_week13_expanded\dwt_234_smallest_last.txt
dwt_234,SMALLEST_LAST,3,153,213,0.08583690987124463,data\processed\initial_graph_coloring_dataset\colpack_outputs_week13_expanded\dwt_234_smallest_last.txt
dwt_234,SMALLEST_LAST,3,152,214,0.0815450643776824,data\processed\initial_graph_coloring_dataset\colpack_outputs_week13_expanded\dwt_234_smallest_last.txt
dwt_234,SMALLEST_LAST,3,160,215,0.07725321888412018,data\processed\initial_graph_coloring_dataset\colpack_outputs_week13_expanded\dwt_234_smallest_last.txt
dwt_234,SMALLEST_LAST,3,161,216,0.07296137339055794,data\processed\initial_graph_coloring_dataset\colpack_outputs_week13_expanded\dwt_234_smallest_last.txt
dwt_234,SMALLEST_LAST,3,162,217,0.06866952789699571,data\processed\initial_graph_coloring_dataset\colpack_outputs_week13_expanded\dwt_234_smallest_last.txt
dwt_234,SMALLEST_LAST,3,167,218,0.06437768240343347,data\processed\initial_graph_coloring_dataset\colpack_outputs_week13_expanded\dwt_234_smallest_last.txt
dwt_234,SMALLEST_LAST,3,166,219,0.060085836909871244,data\processed\initial_graph_coloring_dataset\colpack_outputs_week13_expanded\dwt_234_smallest_last.txt
dwt_234,SMALLEST_LAST,3,165,220,0.055793991416309016,data\processed\initial_graph_coloring_dataset\colpack_outputs_week13_expanded\dwt_234_smallest_last.txt
dwt_234,SMALLEST_LAST,3,164,221,0.05150214592274678,data\processed\initial_graph_coloring_dataset\colpack_outputs_week13_expanded\dwt_234_smallest_last.txt
dwt_234,SMALLEST_LAST,3,163,222,0.04721030042918455,data\processed\initial_graph_coloring_dataset\colpack_outputs_week13_expanded\dwt_234_smallest_last.txt
dwt_234,SMALLEST_LAST,3,171,223,0.04291845493562232,data\processed\initial_graph_coloring_dataset\colpack_outputs_week13_expanded\dwt_234_smallest_last.txt
dwt_234,SMALLEST_LAST,3,172,224,0.03862660944206009,data\processed\initial_graph_coloring_dataset\colpack_outputs_week13_expanded\dwt_234_smallest_last.txt
dwt_234,SMALLEST_LAST,3,173,225,0.034334763948497854,data\processed\initial_graph_coloring_dataset\colpack_outputs_week13_expanded\dwt_234_smallest_last.txt
dwt_234,SMALLEST_LAST,3,178,226,0.030042918454935622,data\processed\initial_graph_coloring_dataset\colpack_outputs_week13_expanded\dwt_234_smallest_last.txt
dwt_234,SMALLEST_LAST,3,177,227,0.02575107296137339,data\processed\initial_graph_coloring_dataset\colpack_outputs_week13_expanded\dwt_234_smallest_last.txt
dwt_234,SMALLEST_LAST,3,176,228,0.02145922746781116,data\processed\initial_graph_coloring_dataset\colpack_outputs_week13_expanded\dwt_234_smallest_last.txt
dwt_234,SMALLEST_LAST,3,175,229,0.017167381974248927,data\processed\initial_graph_coloring_dataset\colpack_outputs_week13_expanded\dwt_234_smallest_last.txt
dwt_234,SMALLEST_LAST,3,174,230,0.012875536480686695,data\processed\initial_graph_coloring_dataset\colpack_outputs_week13_expanded\dwt_234_smallest_last.txt
dwt_234,SMALLEST_LAST,3,182,231,0.008583690987124463,data\processed\initial_graph_coloring_dataset\colpack_outputs_week13_expanded\dwt_234_smallest_last.txt
dwt_234,SMALLEST_LAST,3,183,232,0.004291845493562232,data\processed\initial_graph_coloring_dataset\colpack_outputs_week13_expanded\dwt_234_smallest_last.txt
dwt_234,SMALLEST_LAST,3,184,233,0.0,data\processed\initial_graph_coloring_dataset\colpack_outputs_week13_expanded\dwt_234_smallest_last.txt
dwt_361,SMALLEST_LAST,5,3,0,1.0,data\processed\initial_graph_coloring_dataset\colpack_outputs_week13_expanded\dwt_361_smallest_last.txt
dwt_361,SMALLEST_LAST,5,4,1,0.9972222222222222,data\processed\initial_graph_coloring_dataset\colpack_outputs_week13_expanded\dwt_361_smallest_last.txt
dwt_361,SMALLEST_LAST,5,17,2,0.9944444444444445,data\processed\initial_graph_coloring_dataset\colpack_outputs_week13_expanded\dwt_361_smallest_last.txt
dwt_361,SMALLEST_LAST,5,16,3,0.9916666666666667,data\processed\initial_graph_coloring_dataset\colpack_outputs_week13_expanded\dwt_361_smallest_last.txt
dwt_361,SMALLEST_LAST,5,15,4,0.9888888888888889,data\processed\initial_graph_coloring_dataset\colpack_outputs_week13_expanded\dwt_361_smallest_last.txt
dwt_361,SMALLEST_LAST,5,29,5,0.9861111111111112,data\processed\initial_graph_coloring_dataset\colpack_outputs_week13_expanded\dwt_361_smallest_last.txt
dwt_361,SMALLEST_LAST,5,28,6,0.9833333333333333,data\processed\initial_graph_coloring_dataset\colpack_outputs_week13_expanded\dwt_361_smallest_last.txt
dwt_361,SMALLEST_LAST,5,30,7,0.9805555555555555,data\processed\initial_graph_coloring_dataset\colpack_outputs_week13_expanded\dwt_361_smallest_last.txt
dwt_361,SMALLEST_LAST,5,42,8,0.9777777777777777,data\processed\initial_graph_coloring_dataset\colpack_outputs_week13_expanded\dwt_361_smallest_last.txt
dwt_361,SMALLEST_LAST,5,43,9,0.975,data\processed\initial_graph_coloring_dataset\colpack_outputs_week13_expanded\dwt_361_smallest_last.txt
dwt_361,SMALLEST_LAST,5,31,10,0.9722222222222222,data\processed\initial_graph_coloring_dataset\colpack_outputs_week13_expanded\dwt_361_smallest_last.txt
dwt_361,SMALLEST_LAST,5,18,11,0.9694444444444444,data\processed\initial_graph_coloring_dataset\colpack_outputs_week13_expanded\dwt_361_smallest_last.txt
dwt_361,SMALLEST_LAST,5,5,12,0.9666666666666667,data\processed\initial_graph_coloring_dataset\colpack_outputs_week13_expanded\dwt_361_smallest_last.txt
dwt_361,SMALLEST_LAST,5,44,13,0.9638888888888889,data\processed\initial_graph_coloring_dataset\colpack_outputs_week13_expanded\dwt_361_smallest_last.txt
dwt_361,SMALLEST_LAST,5,32,14,0.9611111111111111,data\processed\initial_graph_coloring_dataset\colpack_outputs_week13_expanded\dwt_361_smallest_last.txt
dwt_361,SMALLEST_LAST,5,19,15,0.9583333333333334,data\processed\initial_graph_coloring_dataset\colpack_outputs_week13_expanded\dwt_361_smallest_last.txt
dwt_361,SMALLEST_LAST,5,6,16,0.9555555555555556,data\processed\initial_graph_coloring_dataset\colpack_outputs_week13_expanded\dwt_361_smallest_last.txt
dwt_361,SMALLEST_LAST,5,45,17,0.9527777777777777,data\processed\initial_graph_coloring_dataset\colpack_outputs_week13_expanded\dwt_361_smallest_last.txt
dwt_361,SMALLEST_LAST,5,33,18,0.95,data\processed\initial_graph_coloring_dataset\colpack_outputs_week13_expanded\dwt_361_smallest_last.txt
dwt_361,SMALLEST_LAST,5,20,19,0.9472222222222222,data\processed\initial_graph_coloring_dataset\colpack_outputs_week13_expanded\dwt_361_smallest_last.txt
dwt_361,SMALLEST_LAST,5,7,20,0.9444444444444444,data\processed\initial_graph_coloring_dataset\colpack_outputs_week13_expanded\dwt_361_smallest_last.txt
dwt_361,SMALLEST_LAST,5,46,21,0.9416666666666667,data\processed\initial_graph_coloring_dataset\colpack_outputs_week13_expanded\dwt_361_smallest_last.txt
dwt_361,SMALLEST_LAST,5,34,22,0.9388888888888889,data\processed\initial_graph_coloring_dataset\colpack_outputs_week13_expanded\dwt_361_smallest_last.txt
dwt_361,SMALLEST_LAST,5,21,23,0.9361111111111111,data\processed\initial_graph_coloring_dataset\colpack_outputs_week13_expanded\dwt_361_smallest_last.txt
dwt_361,SMALLEST_LAST,5,8,24,0.9333333333333333,data\processed\initial_graph_coloring_dataset\colpack_outputs_week13_expanded\dwt_361_smallest_last.txt
dwt_361,SMALLEST_LAST,5,47,25,0.9305555555555556,data\processed\initial_graph_coloring_dataset\colpack_outputs_week13_expanded\dwt_361_smallest_last.txt
dwt_361,SMALLEST_LAST,5,35,26,0.9277777777777778,data\processed\initial_graph_coloring_dataset\colpack_outputs_week13_expanded\dwt_361_smallest_last.txt
dwt_361,SMALLEST_LAST,5,22,27,0.925,data\processed\initial_graph_coloring_dataset\colpack_outputs_week13_expanded\dwt_361_smallest_last.txt
dwt_361,SMALLEST_LAST,5,9,28,0.9222222222222223,data\processed\initial_graph_coloring_dataset\colpack_outputs_week13_expanded\dwt_361_smallest_last.txt
dwt_361,SMALLEST_LAST,5,48,29,0.9194444444444444,data\processed\initial_graph_coloring_dataset\colpack_outputs_week13_expanded\dwt_361_smallest_last.txt
dwt_361,SMALLEST_LAST,5,36,30,0.9166666666666666,data\processed\initial_graph_coloring_dataset\colpack_outputs_week13_expanded\dwt_361_smallest_last.txt
dwt_361,SMALLEST_LAST,5,23,31,0.9138888888888889,data\processed\initial_graph_coloring_dataset\colpack_outputs_week13_expanded\dwt_361_smallest_last.txt
dwt_361,SMALLEST_LAST,5,10,32,0.9111111111111111,data\processed\initial_graph_coloring_dataset\colpack_outputs_week13_expanded\dwt_361_smallest_last.txt
dwt_361,SMALLEST_LAST,5,49,33,0.9083333333333333,data\processed\initial_graph_coloring_dataset\colpack_outputs_week13_expanded\dwt_361_smallest_last.txt
dwt_361,SMALLEST_LAST,5,37,34,0.9055555555555556,data\processed\initial_graph_coloring_dataset\colpack_outputs_week13_expanded\dwt_361_smallest_last.txt
dwt_361,SMALLEST_LAST,5,24,35,0.9027777777777778,data\processed\initial_graph_coloring_dataset\colpack_outputs_week13_expanded\dwt_361_smallest_last.txt
dwt_361,SMALLEST_LAST,5,11,36,0.9,data\processed\initial_graph_coloring_dataset\colpack_outputs_week13_expanded\dwt_361_smallest_last.txt
dwt_361,SMALLEST_LAST,5,25,37,0.8972222222222223,data\processed\initial_graph_coloring_dataset\colpack_outputs_week13_expanded\dwt_361_smallest_last.txt
dwt_361,SMALLEST_LAST,5,38,38,0.8944444444444445,data\processed\initial_graph_coloring_dataset\colpack_outputs_week13_expanded\dwt_361_smallest_last.txt
dwt_361,SMALLEST_LAST,5,50,39,0.8916666666666667,data\processed\initial_graph_coloring_dataset\colpack_outputs_week13_expanded\dwt_361_smallest_last.txt
dwt_361,SMALLEST_LAST,5,62,40,0.8888888888888888,data\processed\initial_graph_coloring_dataset\colpack_outputs_week13_expanded\dwt_361_smallest_last.txt
dwt_361,SMALLEST_LAST,5,61,41,0.8861111111111111,data\processed\initial_graph_coloring_dataset\colpack_outputs_week13_expanded\dwt_361_smallest_last.txt
dwt_361,SMALLEST_LAST,5,60,42,0.8833333333333333,data\processed\initial_graph_coloring_dataset\colpack_outputs_week13_expanded\dwt_361_smallest_last.txt
dwt_361,SMALLEST_LAST,5,59,43,0.8805555555555555,data\processed\initial_graph_coloring_dataset\colpack_outputs_week13_expanded\dwt_361_smallest_last.txt
dwt_361,SMALLEST_LAST,5,58,44,0.8777777777777778,data\processed\initial_graph_coloring_dataset\colpack_outputs_week13_expanded\dwt_361_smallest_last.txt
dwt_361,SMALLEST_LAST,5,57,45,0.875,data\processed\initial_graph_coloring_dataset\colpack_outputs_week13_expanded\dwt_361_smallest_last.txt
dwt_361,SMALLEST_LAST,5,56,46,0.8722222222222222,data\processed\initial_graph_coloring_dataset\colpack_outputs_week13_expanded\dwt_361_smallest_last.txt
dwt_361,SMALLEST_LAST,5,55,47,0.8694444444444445,data\processed\initial_graph_coloring_dataset\colpack_outputs_week13_expanded\dwt_361_smallest_last.txt
dwt_361,SMALLEST_LAST,5,41,48,0.8666666666666667,data\processed\initial_graph_coloring_dataset\colpack_outputs_week13_expanded\dwt_361_smallest_last.txt
dwt_361,SMALLEST_LAST,5,27,49,0.8638888888888889,data\processed\initial_graph_coloring_dataset\colpack_outputs_week13_expanded\dwt_361_smallest_last.txt
dwt_361,SMALLEST_LAST,5,40,50,0.8611111111111112,data\processed\initial_graph_coloring_dataset\colpack_outputs_week13_expanded\dwt_361_smallest_last.txt
dwt_361,SMALLEST_LAST,5,54,51,0.8583333333333333,data\processed\initial_graph_coloring_dataset\colpack_outputs_week13_expanded\dwt_361_smallest_last.txt
dwt_361,SMALLEST_LAST,5,68,52,0.8555555555555555,data\processed\initial_graph_coloring_dataset\colpack_outputs_week13_expanded\dwt_361_smallest_last.txt
dwt_361,SMALLEST_LAST,5,69,53,0.8527777777777777,data\processed\initial_graph_coloring_dataset\colpack_outputs_week13_expanded\dwt_361_smallest_last.txt
dwt_361,SMALLEST_LAST,5,70,54,0.85,data\processed\initial_graph_coloring_dataset\colpack_outputs_week13_expanded\dwt_361_smallest_last.txt
dwt_361,SMALLEST_LAST,5,71,55,0.8472222222222222,data\processed\initial_graph_coloring_dataset\colpack_outputs_week13_expanded\dwt_361_smallest_last.txt
dwt_361,SMALLEST_LAST,5,72,56,0.8444444444444444,data\processed\initial_graph_coloring_dataset\colpack_outputs_week13_expanded\dwt_361_smallest_last.txt
dwt_361,SMALLEST_LAST,5,73,57,0.8416666666666667,data\processed\initial_graph_coloring_dataset\colpack_outputs_week13_expanded\dwt_361_smallest_last.txt
dwt_361,SMALLEST_LAST,5,74,58,0.8388888888888889,data\processed\initial_graph_coloring_dataset\colpack_outputs_week13_expanded\dwt_361_smallest_last.txt
dwt_361,SMALLEST_LAST,5,75,59,0.8361111111111111,data\processed\initial_graph_coloring_dataset\colpack_outputs_week13_expanded\dwt_361_smallest_last.txt
dwt_361,SMALLEST_LAST,5,63,60,0.8333333333333334,data\processed\initial_graph_coloring_dataset\colpack_outputs_week13_expanded\dwt_361_smallest_last.txt
dwt_361,SMALLEST_LAST,5,51,61,0.8305555555555556,data\processed\initial_graph_coloring_dataset\colpack_outputs_week13_expanded\dwt_361_smallest_last.txt
dwt_361,SMALLEST_LAST,5,64,62,0.8277777777777777,data\processed\initial_graph_coloring_dataset\colpack_outputs_week13_expanded\dwt_361_smallest_last.txt
dwt_361,SMALLEST_LAST,5,76,63,0.825,data\processed\initial_graph_coloring_dataset\colpack_outputs_week13_expanded\dwt_361_smallest_last.txt
dwt_361,SMALLEST_LAST,5,88,64,0.8222222222222222,data\processed\initial_graph_coloring_dataset\colpack_outputs_week13_expanded\dwt_361_smallest_last.txt
dwt_361,SMALLEST_LAST,5,87,65,0.8194444444444444,data\processed\initial_graph_coloring_dataset\colpack_outputs_week13_expanded\dwt_361_smallest_last.txt
dwt_361,SMALLEST_LAST,5,86,66,0.8166666666666667,data\processed\initial_graph_coloring_dataset\colpack_outputs_week13_expanded\dwt_361_smallest_last.txt
dwt_361,SMALLEST_LAST,5,85,67,0.8138888888888889,data\processed\initial_graph_coloring_dataset\colpack_outputs_week13_expanded\dwt_361_smallest_last.txt
dwt_361,SMALLEST_LAST,5,84,68,0.8111111111111111,data\processed\initial_graph_coloring_dataset\colpack_outputs_week13_expanded\dwt_361_smallest_last.txt
dwt_361,SMALLEST_LAST,5,83,69,0.8083333333333333,data\processed\initial_graph_coloring_dataset\colpack_outputs_week13_expanded\dwt_361_smallest_last.txt
dwt_361,SMALLEST_LAST,5,82,70,0.8055555555555556,data\processed\initial_graph_coloring_dataset\colpack_outputs_week13_expanded\dwt_361_smallest_last.txt
dwt_361,SMALLEST_LAST,5,81,71,0.8027777777777778,data\processed\initial_graph_coloring_dataset\colpack_outputs_week13_expanded\dwt_361_smallest_last.txt
dwt_361,SMALLEST_LAST,5,67,72,0.8,data\processed\initial_graph_coloring_dataset\colpack_outputs_week13_expanded\dwt_361_smallest_last.txt
dwt_361,SMALLEST_LAST,5,53,73,0.7972222222222223,data\processed\initial_graph_coloring_dataset\colpack_outputs_week13_expanded\dwt_361_smallest_last.txt
dwt_361,SMALLEST_LAST,5,66,74,0.7944444444444444,data\processed\initial_graph_coloring_dataset\colpack_outputs_week13_expanded\dwt_361_smallest_last.txt
dwt_361,SMALLEST_LAST,5,80,75,0.7916666666666666,data\processed\initial_graph_coloring_dataset\colpack_outputs_week13_expanded\dwt_361_smallest_last.txt
dwt_361,SMALLEST_LAST,5,94,76,0.7888888888888889,data\processed\initial_graph_coloring_dataset\colpack_outputs_week13_expanded\dwt_361_smallest_last.txt
dwt_361,SMALLEST_LAST,5,95,77,0.7861111111111111,data\processed\initial_graph_coloring_dataset\colpack_outputs_week13_expanded\dwt_361_smallest_last.txt
dwt_361,SMALLEST_LAST,5,96,78,0.7833333333333333,data\processed\initial_graph_coloring_dataset\colpack_outputs_week13_expanded\dwt_361_smallest_last.txt
dwt_361,SMALLEST_LAST,5,97,79,0.7805555555555556,data\processed\initial_graph_coloring_dataset\colpack_outputs_week13_expanded\dwt_361_smallest_last.txt
dwt_361,SMALLEST_LAST,5,98,80,0.7777777777777778,data\processed\initial_graph_coloring_dataset\colpack_outputs_week13_expanded\dwt_361_smallest_last.txt
dwt_361,SMALLEST_LAST,5,99,81,0.775,data\processed\initial_graph_coloring_dataset\colpack_outputs_week13_expanded\dwt_361_smallest_last.txt
dwt_361,SMALLEST_LAST,5,100,82,0.7722222222222223,data\processed\initial_graph_coloring_dataset\colpack_outputs_week13_expanded\dwt_361_smallest_last.txt
dwt_361,SMALLEST_LAST,5,101,83,0.7694444444444445,data\processed\initial_graph_coloring_dataset\colpack_outputs_week13_expanded\dwt_361_smallest_last.txt
dwt_361,SMALLEST_LAST,5,89,84,0.7666666666666667,data\processed\initial_graph_coloring_dataset\colpack_outputs_week13_expanded\dwt_361_smallest_last.txt
dwt_361,SMALLEST_LAST,5,77,85,0.7638888888888888,data\processed\initial_graph_coloring_dataset\colpack_outputs_week13_expanded\dwt_361_smallest_last.txt
dwt_361,SMALLEST_LAST,5,90,86,0.7611111111111111,data\processed\initial_graph_coloring_dataset\colpack_outputs_week13_expanded\dwt_361_smallest_last.txt
dwt_361,SMALLEST_LAST,5,102,87,0.7583333333333333,data\processed\initial_graph_coloring_dataset\colpack_outputs_week13_expanded\dwt_361_smallest_last.txt
dwt_361,SMALLEST_LAST,5,114,88,0.7555555555555555,data\processed\initial_graph_coloring_dataset\colpack_outputs_week13_expanded\dwt_361_smallest_last.txt
dwt_361,SMALLEST_LAST,5,113,89,0.7527777777777778,data\processed\initial_graph_coloring_dataset\colpack_outputs_week13_expanded\dwt_361_smallest_last.txt
dwt_361,SMALLEST_LAST,5,112,90,0.75,data\processed\initial_graph_coloring_dataset\colpack_outputs_week13_expanded\dwt_361_smallest_last.txt
dwt_361,SMALLEST_LAST,5,111,91,0.7472222222222222,data\processed\initial_graph_coloring_dataset\colpack_outputs_week13_expanded\dwt_361_smallest_last.txt
dwt_361,SMALLEST_LAST,5,110,92,0.7444444444444445,data\processed\initial_graph_coloring_dataset\colpack_outputs_week13_expanded\dwt_361_smallest_last.txt
dwt_361,SMALLEST_LAST,5,109,93,0.7416666666666667,data\processed\initial_graph_coloring_dataset\colpack_outputs_week13_expanded\dwt_361_smallest_last.txt
dwt_361,SMALLEST_LAST,5,108,94,0.7388888888888889,data\processed\initial_graph_coloring_dataset\colpack_outputs_week13_expanded\dwt_361_smallest_last.txt
dwt_361,SMALLEST_LAST,5,107,95,0.7361111111111112,data\processed\initial_graph_coloring_dataset\colpack_outputs_week13_expanded\dwt_361_smallest_last.txt
dwt_361,SMALLEST_LAST,5,93,96,0.7333333333333333,data\processed\initial_graph_coloring_dataset\colpack_outputs_week13_expanded\dwt_361_smallest_last.txt
dwt_361,SMALLEST_LAST,5,79,97,0.7305555555555555,data\processed\initial_graph_coloring_dataset\colpack_outputs_week13_expanded\dwt_361_smallest_last.txt
dwt_361,SMALLEST_LAST,5,92,98,0.7277777777777777,data\processed\initial_graph_coloring_dataset\colpack_outputs_week13_expanded\dwt_361_smallest_last.txt
dwt_361,SMALLEST_LAST,5,106,99,0.725,data\processed\initial_graph_coloring_dataset\colpack_outputs_week13_expanded\dwt_361_smallest_last.txt
dwt_361,SMALLEST_LAST,5,120,100,0.7222222222222222,data\processed\initial_graph_coloring_dataset\colpack_outputs_week13_expanded\dwt_361_smallest_last.txt
dwt_361,SMALLEST_LAST,5,121,101,0.7194444444444444,data\processed\initial_graph_coloring_dataset\colpack_outputs_week13_expanded\dwt_361_smallest_last.txt
dwt_361,SMALLEST_LAST,5,122,102,0.7166666666666667,data\processed\initial_graph_coloring_dataset\colpack_outputs_week13_expanded\dwt_361_smallest_last.txt
dwt_361,SMALLEST_LAST,5,123,103,0.7138888888888889,data\processed\initial_graph_coloring_dataset\colpack_outputs_week13_expanded\dwt_361_smallest_last.txt
dwt_361,SMALLEST_LAST,5,124,104,0.7111111111111111,data\processed\initial_graph_coloring_dataset\colpack_outputs_week13_expanded\dwt_361_smallest_last.txt
dwt_361,SMALLEST_LAST,5,125,105,0.7083333333333334,data\processed\initial_graph_coloring_dataset\colpack_outputs_week13_expanded\dwt_361_smallest_last.txt
dwt_361,SMALLEST_LAST,5,126,106,0.7055555555555556,data\processed\initial_graph_coloring_dataset\colpack_outputs_week13_expanded\dwt_361_smallest_last.txt
dwt_361,SMALLEST_LAST,5,127,107,0.7027777777777777,data\processed\initial_graph_coloring_dataset\colpack_outputs_week13_expanded\dwt_361_smallest_last.txt
dwt_361,SMALLEST_LAST,5,115,108,0.7,data\processed\initial_graph_coloring_dataset\colpack_outputs_week13_expanded\dwt_361_smallest_last.txt
dwt_361,SMALLEST_LAST,5,103,109,0.6972222222222222,data\processed\initial_graph_coloring_dataset\colpack_outputs_week13_expanded\dwt_361_smallest_last.txt
dwt_361,SMALLEST_LAST,5,116,110,0.6944444444444444,data\processed\initial_graph_coloring_dataset\colpack_outputs_week13_expanded\dwt_361_smallest_last.txt
dwt_361,SMALLEST_LAST,5,128,111,0.6916666666666667,data\processed\initial_graph_coloring_dataset\colpack_outputs_week13_expanded\dwt_361_smallest_last.txt
dwt_361,SMALLEST_LAST,5,140,112,0.6888888888888889,data\processed\initial_graph_coloring_dataset\colpack_outputs_week13_expanded\dwt_361_smallest_last.txt
dwt_361,SMALLEST_LAST,5,139,113,0.6861111111111111,data\processed\initial_graph_coloring_dataset\colpack_outputs_week13_expanded\dwt_361_smallest_last.txt
dwt_361,SMALLEST_LAST,5,138,114,0.6833333333333333,data\processed\initial_graph_coloring_dataset\colpack_outputs_week13_expanded\dwt_361_smallest_last.txt
dwt_361,SMALLEST_LAST,5,137,115,0.6805555555555556,data\processed\initial_graph_coloring_dataset\colpack_outputs_week13_expanded\dwt_361_smallest_last.txt
dwt_361,SMALLEST_LAST,5,136,116,0.6777777777777778,data\processed\initial_graph_coloring_dataset\colpack_outputs_week13_expanded\dwt_361_smallest_last.txt
dwt_361,SMALLEST_LAST,5,135,117,0.675,data\processed\initial_graph_coloring_dataset\colpack_outputs_week13_expanded\dwt_361_smallest_last.txt
dwt_361,SMALLEST_LAST,5,134,118,0.6722222222222223,data\processed\initial_graph_coloring_dataset\colpack_outputs_week13_expanded\dwt_361_smallest_last.txt
dwt_361,SMALLEST_LAST,5,133,119,0.6694444444444444,data\processed\initial_graph_coloring_dataset\colpack_outputs_week13_expanded\dwt_361_smallest_last.txt
dwt_361,SMALLEST_LAST,5,119,120,0.6666666666666666,data\processed\initial_graph_coloring_dataset\colpack_outputs_week13_expanded\dwt_361_smallest_last.txt
dwt_361,SMALLEST_LAST,5,105,121,0.6638888888888889,data\processed\initial_graph_coloring_dataset\colpack_outputs_week13_expanded\dwt_361_smallest_last.txt
dwt_361,SMALLEST_LAST,5,118,122,0.6611111111111111,data\processed\initial_graph_coloring_dataset\colpack_outputs_week13_expanded\dwt_361_smallest_last.txt
dwt_361,SMALLEST_LAST,5,132,123,0.6583333333333333,data\processed\initial_graph_coloring_dataset\colpack_outputs_week13_expanded\dwt_361_smallest_last.txt
dwt_361,SMALLEST_LAST,5,146,124,0.6555555555555556,data\processed\initial_graph_coloring_dataset\colpack_outputs_week13_expanded\dwt_361_smallest_last.txt
dwt_361,SMALLEST_LAST,5,147,125,0.6527777777777778,data\processed\initial_graph_coloring_dataset\colpack_outputs_week13_expanded\dwt_361_smallest_last.txt
dwt_361,SMALLEST_LAST,5,148,126,0.65,data\processed\initial_graph_coloring_dataset\colpack_outputs_week13_expanded\dwt_361_smallest_last.txt
dwt_361,SMALLEST_LAST,5,149,127,0.6472222222222223,data\processed\initial_graph_coloring_dataset\colpack_outputs_week13_expanded\dwt_361_smallest_last.txt
dwt_361,SMALLEST_LAST,5,150,128,0.6444444444444445,data\processed\initial_graph_coloring_dataset\colpack_outputs_week13_expanded\dwt_361_smallest_last.txt
dwt_361,SMALLEST_LAST,5,151,129,0.6416666666666667,data\processed\initial_graph_coloring_dataset\colpack_outputs_week13_expanded\dwt_361_smallest_last.txt
dwt_361,SMALLEST_LAST,5,152,130,0.6388888888888888,data\processed\initial_graph_coloring_dataset\colpack_outputs_week13_expanded\dwt_361_smallest_last.txt
dwt_361,SMALLEST_LAST,5,153,131,0.6361111111111111,data\processed\initial_graph_coloring_dataset\colpack_outputs_week13_expanded\dwt_361_smallest_last.txt
dwt_361,SMALLEST_LAST,5,141,132,0.6333333333333333,data\processed\initial_graph_coloring_dataset\colpack_outputs_week13_expanded\dwt_361_smallest_last.txt
dwt_361,SMALLEST_LAST,5,129,133,0.6305555555555555,data\processed\initial_graph_coloring_dataset\colpack_outputs_week13_expanded\dwt_361_smallest_last.txt
dwt_361,SMALLEST_LAST,5,142,134,0.6277777777777778,data\processed\initial_graph_coloring_dataset\colpack_outputs_week13_expanded\dwt_361_smallest_last.txt
dwt_361,SMALLEST_LAST,5,154,135,0.625,data\processed\initial_graph_coloring_dataset\colpack_outputs_week13_expanded\dwt_361_smallest_last.txt
dwt_361,SMALLEST_LAST,5,166,136,0.6222222222222222,data\processed\initial_graph_coloring_dataset\colpack_outputs_week13_expanded\dwt_361_smallest_last.txt
dwt_361,SMALLEST_LAST,5,165,137,0.6194444444444445,data\processed\initial_graph_coloring_dataset\colpack_outputs_week13_expanded\dwt_361_smallest_last.txt
dwt_361,SMALLEST_LAST,5,164,138,0.6166666666666667,data\processed\initial_graph_coloring_dataset\colpack_outputs_week13_expanded\dwt_361_smallest_last.txt
dwt_361,SMALLEST_LAST,5,163,139,0.6138888888888889,data\processed\initial_graph_coloring_dataset\colpack_outputs_week13_expanded\dwt_361_smallest_last.txt
dwt_361,SMALLEST_LAST,5,162,140,0.6111111111111112,data\processed\initial_graph_coloring_dataset\colpack_outputs_week13_expanded\dwt_361_smallest_last.txt
dwt_361,SMALLEST_LAST,5,161,141,0.6083333333333333,data\processed\initial_graph_coloring_dataset\colpack_outputs_week13_expanded\dwt_361_smallest_last.txt
dwt_361,SMALLEST_LAST,5,160,142,0.6055555555555555,data\processed\initial_graph_coloring_dataset\colpack_outputs_week13_expanded\dwt_361_smallest_last.txt
dwt_361,SMALLEST_LAST,5,159,143,0.6027777777777777,data\processed\initial_graph_coloring_dataset\colpack_outputs_week13_expanded\dwt_361_smallest_last.txt
dwt_361,SMALLEST_LAST,5,145,144,0.6,data\processed\initial_graph_coloring_dataset\colpack_outputs_week13_expanded\dwt_361_smallest_last.txt
dwt_361,SMALLEST_LAST,5,131,145,0.5972222222222222,data\processed\initial_graph_coloring_dataset\colpack_outputs_week13_expanded\dwt_361_smallest_last.txt
dwt_361,SMALLEST_LAST,5,144,146,0.5944444444444444,data\processed\initial_graph_coloring_dataset\colpack_outputs_week13_expanded\dwt_361_smallest_last.txt
dwt_361,SMALLEST_LAST,5,158,147,0.5916666666666667,data\processed\initial_graph_coloring_dataset\colpack_outputs_week13_expanded\dwt_361_smallest_last.txt
dwt_361,SMALLEST_LAST,5,172,148,0.5888888888888889,data\processed\initial_graph_coloring_dataset\colpack_outputs_week13_expanded\dwt_361_smallest_last.txt
dwt_361,SMALLEST_LAST,5,173,149,0.5861111111111111,data\processed\initial_graph_coloring_dataset\colpack_outputs_week13_expanded\dwt_361_smallest_last.txt
dwt_361,SMALLEST_LAST,5,174,150,0.5833333333333334,data\processed\initial_graph_coloring_dataset\colpack_outputs_week13_expanded\dwt_361_smallest_last.txt
dwt_361,SMALLEST_LAST,5,175,151,0.5805555555555556,data\processed\initial_graph_coloring_dataset\colpack_outputs_week13_expanded\dwt_361_smallest_last.txt
dwt_361,SMALLEST_LAST,5,176,152,0.5777777777777777,data\processed\initial_graph_coloring_dataset\colpack_outputs_week13_expanded\dwt_361_smallest_last.txt
dwt_361,SMALLEST_LAST,5,177,153,0.575,data\processed\initial_graph_coloring_dataset\colpack_outputs_week13_expanded\dwt_361_smallest_last.txt
dwt_361,SMALLEST_LAST,5,178,154,0.5722222222222222,data\processed\initial_graph_coloring_dataset\colpack_outputs_week13_expanded\dwt_361_smallest_last.txt
dwt_361,SMALLEST_LAST,5,179,155,0.5694444444444444,data\processed\initial_graph_coloring_dataset\colpack_outputs_week13_expanded\dwt_361_smallest_last.txt
dwt_361,SMALLEST_LAST,5,167,156,0.5666666666666667,data\processed\initial_graph_coloring_dataset\colpack_outputs_week13_expanded\dwt_361_smallest_last.txt
dwt_361,SMALLEST_LAST,5,155,157,0.5638888888888889,data\processed\initial_graph_coloring_dataset\colpack_outputs_week13_expanded\dwt_361_smallest_last.txt
dwt_361,SMALLEST_LAST,5,168,158,0.5611111111111111,data\processed\initial_graph_coloring_dataset\colpack_outputs_week13_expanded\dwt_361_smallest_last.txt
dwt_361,SMALLEST_LAST,5,180,159,0.5583333333333333,data\processed\initial_graph_coloring_dataset\colpack_outputs_week13_expanded\dwt_361_smallest_last.txt
dwt_361,SMALLEST_LAST,5,192,160,0.5555555555555556,data\processed\initial_graph_coloring_dataset\colpack_outputs_week13_expanded\dwt_361_smallest_last.txt
dwt_361,SMALLEST_LAST,5,191,161,0.5527777777777778,data\processed\initial_graph_coloring_dataset\colpack_outputs_week13_expanded\dwt_361_smallest_last.txt
dwt_361,SMALLEST_LAST,5,190,162,0.55,data\processed\initial_graph_coloring_dataset\colpack_outputs_week13_expanded\dwt_361_smallest_last.txt
dwt_361,SMALLEST_LAST,5,189,163,0.5472222222222223,data\processed\initial_graph_coloring_dataset\colpack_outputs_week13_expanded\dwt_361_smallest_last.txt
dwt_361,SMALLEST_LAST,5,188,164,0.5444444444444444,data\processed\initial_graph_coloring_dataset\colpack_outputs_week13_expanded\dwt_361_smallest_last.txt
dwt_361,SMALLEST_LAST,5,187,165,0.5416666666666666,data\processed\initial_graph_coloring_dataset\colpack_outputs_week13_expanded\dwt_361_smallest_last.txt
dwt_361,SMALLEST_LAST,5,186,166,0.5388888888888889,data\processed\initial_graph_coloring_dataset\colpack_outputs_week13_expanded\dwt_361_smallest_last.txt
dwt_361,SMALLEST_LAST,5,185,167,0.5361111111111111,data\processed\initial_graph_coloring_dataset\colpack_outputs_week13_expanded\dwt_361_smallest_last.txt
dwt_361,SMALLEST_LAST,5,171,168,0.5333333333333333,data\processed\initial_graph_coloring_dataset\colpack_outputs_week13_expanded\dwt_361_smallest_last.txt
dwt_361,SMALLEST_LAST,5,157,169,0.5305555555555556,data\processed\initial_graph_coloring_dataset\colpack_outputs_week13_expanded\dwt_361_smallest_last.txt
dwt_361,SMALLEST_LAST,5,170,170,0.5277777777777778,data\processed\initial_graph_coloring_dataset\colpack_outputs_week13_expanded\dwt_361_smallest_last.txt
dwt_361,SMALLEST_LAST,5,184,171,0.525,data\processed\initial_graph_coloring_dataset\colpack_outputs_week13_expanded\dwt_361_smallest_last.txt
dwt_361,SMALLEST_LAST,5,198,172,0.5222222222222223,data\processed\initial_graph_coloring_dataset\colpack_outputs_week13_expanded\dwt_361_smallest_last.txt
dwt_361,SMALLEST_LAST,5,199,173,0.5194444444444445,data\processed\initial_graph_coloring_dataset\colpack_outputs_week13_expanded\dwt_361_smallest_last.txt
dwt_361,SMALLEST_LAST,5,200,174,0.5166666666666667,data\processed\initial_graph_coloring_dataset\colpack_outputs_week13_expanded\dwt_361_smallest_last.txt
dwt_361,SMALLEST_LAST,5,201,175,0.5138888888888888,data\processed\initial_graph_coloring_dataset\colpack_outputs_week13_expanded\dwt_361_smallest_last.txt
dwt_361,SMALLEST_LAST,5,202,176,0.5111111111111111,data\processed\initial_graph_coloring_dataset\colpack_outputs_week13_expanded\dwt_361_smallest_last.txt
dwt_361,SMALLEST_LAST,5,203,177,0.5083333333333333,data\processed\initial_graph_coloring_dataset\colpack_outputs_week13_expanded\dwt_361_smallest_last.txt
dwt_361,SMALLEST_LAST,5,204,178,0.5055555555555555,data\processed\initial_graph_coloring_dataset\colpack_outputs_week13_expanded\dwt_361_smallest_last.txt
dwt_361,SMALLEST_LAST,5,205,179,0.5027777777777778,data\processed\initial_graph_coloring_dataset\colpack_outputs_week13_expanded\dwt_361_smallest_last.txt
dwt_361,SMALLEST_LAST,5,193,180,0.5,data\processed\initial_graph_coloring_dataset\colpack_outputs_week13_expanded\dwt_361_smallest_last.txt
dwt_361,SMALLEST_LAST,5,181,181,0.49722222222222223,data\processed\initial_graph_coloring_dataset\colpack_outputs_week13_expanded\dwt_361_smallest_last.txt
dwt_361,SMALLEST_LAST,5,194,182,0.49444444444444446,data\processed\initial_graph_coloring_dataset\colpack_outputs_week13_expanded\dwt_361_smallest_last.txt
dwt_361,SMALLEST_LAST,5,206,183,0.49166666666666664,data\processed\initial_graph_coloring_dataset\colpack_outputs_week13_expanded\dwt_361_smallest_last.txt
dwt_361,SMALLEST_LAST,5,218,184,0.4888888888888889,data\processed\initial_graph_coloring_dataset\colpack_outputs_week13_expanded\dwt_361_smallest_last.txt
dwt_361,SMALLEST_LAST,5,217,185,0.4861111111111111,data\processed\initial_graph_coloring_dataset\colpack_outputs_week13_expanded\dwt_361_smallest_last.txt
dwt_361,SMALLEST_LAST,5,216,186,0.48333333333333334,data\processed\initial_graph_coloring_dataset\colpack_outputs_week13_expanded\dwt_361_smallest_last.txt
dwt_361,SMALLEST_LAST,5,215,187,0.48055555555555557,data\processed\initial_graph_coloring_dataset\colpack_outputs_week13_expanded\dwt_361_smallest_last.txt
dwt_361,SMALLEST_LAST,5,214,188,0.4777777777777778,data\processed\initial_graph_coloring_dataset\colpack_outputs_week13_expanded\dwt_361_smallest_last.txt
dwt_361,SMALLEST_LAST,5,213,189,0.475,data\processed\initial_graph_coloring_dataset\colpack_outputs_week13_expanded\dwt_361_smallest_last.txt
dwt_361,SMALLEST_LAST,5,212,190,0.4722222222222222,data\processed\initial_graph_coloring_dataset\colpack_outputs_week13_expanded\dwt_361_smallest_last.txt
dwt_361,SMALLEST_LAST,5,211,191,0.46944444444444444,data\processed\initial_graph_coloring_dataset\colpack_outputs_week13_expanded\dwt_361_smallest_last.txt
dwt_361,SMALLEST_LAST,5,197,192,0.4666666666666667,data\processed\initial_graph_coloring_dataset\colpack_outputs_week13_expanded\dwt_361_smallest_last.txt
dwt_361,SMALLEST_LAST,5,183,193,0.4638888888888889,data\processed\initial_graph_coloring_dataset\colpack_outputs_week13_expanded\dwt_361_smallest_last.txt
dwt_361,SMALLEST_LAST,5,196,194,0.46111111111111114,data\processed\initial_graph_coloring_dataset\colpack_outputs_week13_expanded\dwt_361_smallest_last.txt
dwt_361,SMALLEST_LAST,5,210,195,0.4583333333333333,data\processed\initial_graph_coloring_dataset\colpack_outputs_week13_expanded\dwt_361_smallest_last.txt
dwt_361,SMALLEST_LAST,5,224,196,0.45555555555555555,data\processed\initial_graph_coloring_dataset\colpack_outputs_week13_expanded\dwt_361_smallest_last.txt
dwt_361,SMALLEST_LAST,5,225,197,0.4527777777777778,data\processed\initial_graph_coloring_dataset\colpack_outputs_week13_expanded\dwt_361_smallest_last.txt
dwt_361,SMALLEST_LAST,5,226,198,0.45,data\processed\initial_graph_coloring_dataset\colpack_outputs_week13_expanded\dwt_361_smallest_last.txt
dwt_361,SMALLEST_LAST,5,227,199,0.44722222222222224,data\processed\initial_graph_coloring_dataset\colpack_outputs_week13_expanded\dwt_361_smallest_last.txt
dwt_361,SMALLEST_LAST,5,228,200,0.4444444444444444,data\processed\initial_graph_coloring_dataset\colpack_outputs_week13_expanded\dwt_361_smallest_last.txt
dwt_361,SMALLEST_LAST,5,229,201,0.44166666666666665,data\processed\initial_graph_coloring_dataset\colpack_outputs_week13_expanded\dwt_361_smallest_last.txt
dwt_361,SMALLEST_LAST,5,230,202,0.4388888888888889,data\processed\initial_graph_coloring_dataset\colpack_outputs_week13_expanded\dwt_361_smallest_last.txt
dwt_361,SMALLEST_LAST,5,231,203,0.4361111111111111,data\processed\initial_graph_coloring_dataset\colpack_outputs_week13_expanded\dwt_361_smallest_last.txt
dwt_361,SMALLEST_LAST,5,219,204,0.43333333333333335,data\processed\initial_graph_coloring_dataset\colpack_outputs_week13_expanded\dwt_361_smallest_last.txt
dwt_361,SMALLEST_LAST,5,207,205,0.4305555555555556,data\processed\initial_graph_coloring_dataset\colpack_outputs_week13_expanded\dwt_361_smallest_last.txt
dwt_361,SMALLEST_LAST,5,220,206,0.42777777777777776,data\processed\initial_graph_coloring_dataset\colpack_outputs_week13_expanded\dwt_361_smallest_last.txt
dwt_361,SMALLEST_LAST,5,232,207,0.425,data\processed\initial_graph_coloring_dataset\colpack_outputs_week13_expanded\dwt_361_smallest_last.txt
dwt_361,SMALLEST_LAST,5,244,208,0.4222222222222222,data\processed\initial_graph_coloring_dataset\colpack_outputs_week13_expanded\dwt_361_smallest_last.txt
dwt_361,SMALLEST_LAST,5,243,209,0.41944444444444445,data\processed\initial_graph_coloring_dataset\colpack_outputs_week13_expanded\dwt_361_smallest_last.txt
dwt_361,SMALLEST_LAST,5,242,210,0.4166666666666667,data\processed\initial_graph_coloring_dataset\colpack_outputs_week13_expanded\dwt_361_smallest_last.txt
dwt_361,SMALLEST_LAST,5,241,211,0.41388888888888886,data\processed\initial_graph_coloring_dataset\colpack_outputs_week13_expanded\dwt_361_smallest_last.txt
dwt_361,SMALLEST_LAST,5,240,212,0.4111111111111111,data\processed\initial_graph_coloring_dataset\colpack_outputs_week13_expanded\dwt_361_smallest_last.txt
dwt_361,SMALLEST_LAST,5,239,213,0.4083333333333333,data\processed\initial_graph_coloring_dataset\colpack_outputs_week13_expanded\dwt_361_smallest_last.txt
dwt_361,SMALLEST_LAST,5,238,214,0.40555555555555556,data\processed\initial_graph_coloring_dataset\colpack_outputs_week13_expanded\dwt_361_smallest_last.txt
dwt_361,SMALLEST_LAST,5,237,215,0.4027777777777778,data\processed\initial_graph_coloring_dataset\colpack_outputs_week13_expanded\dwt_361_smallest_last.txt
dwt_361,SMALLEST_LAST,5,223,216,0.4,data\processed\initial_graph_coloring_dataset\colpack_outputs_week13_expanded\dwt_361_smallest_last.txt
dwt_361,SMALLEST_LAST,5,209,217,0.3972222222222222,data\processed\initial_graph_coloring_dataset\colpack_outputs_week13_expanded\dwt_361_smallest_last.txt
dwt_361,SMALLEST_LAST,5,222,218,0.39444444444444443,data\processed\initial_graph_coloring_dataset\colpack_outputs_week13_expanded\dwt_361_smallest_last.txt
dwt_361,SMALLEST_LAST,5,236,219,0.39166666666666666,data\processed\initial_graph_coloring_dataset\colpack_outputs_week13_expanded\dwt_361_smallest_last.txt
dwt_361,SMALLEST_LAST,5,250,220,0.3888888888888889,data\processed\initial_graph_coloring_dataset\colpack_outputs_week13_expanded\dwt_361_smallest_last.txt
dwt_361,SMALLEST_LAST,5,251,221,0.3861111111111111,data\processed\initial_graph_coloring_dataset\colpack_outputs_week13_expanded\dwt_361_smallest_last.txt
dwt_361,SMALLEST_LAST,5,252,222,0.38333333333333336,data\processed\initial_graph_coloring_dataset\colpack_outputs_week13_expanded\dwt_361_smallest_last.txt
dwt_361,SMALLEST_LAST,5,253,223,0.38055555555555554,data\processed\initial_graph_coloring_dataset\colpack_outputs_week13_expanded\dwt_361_smallest_last.txt
dwt_361,SMALLEST_LAST,5,254,224,0.37777777777777777,data\processed\initial_graph_coloring_dataset\colpack_outputs_week13_expanded\dwt_361_smallest_last.txt
dwt_361,SMALLEST_LAST,5,255,225,0.375,data\processed\initial_graph_coloring_dataset\colpack_outputs_week13_expanded\dwt_361_smallest_last.txt
dwt_361,SMALLEST_LAST,5,256,226,0.37222222222222223,data\processed\initial_graph_coloring_dataset\colpack_outputs_week13_expanded\dwt_361_smallest_last.txt
dwt_361,SMALLEST_LAST,5,257,227,0.36944444444444446,data\processed\initial_graph_coloring_dataset\colpack_outputs_week13_expanded\dwt_361_smallest_last.txt
dwt_361,SMALLEST_LAST,5,245,228,0.36666666666666664,data\processed\initial_graph_coloring_dataset\colpack_outputs_week13_expanded\dwt_361_smallest_last.txt
dwt_361,SMALLEST_LAST,5,233,229,0.3638888888888889,data\processed\initial_graph_coloring_dataset\colpack_outputs_week13_expanded\dwt_361_smallest_last.txt
dwt_361,SMALLEST_LAST,5,246,230,0.3611111111111111,data\processed\initial_graph_coloring_dataset\colpack_outputs_week13_expanded\dwt_361_smallest_last.txt
dwt_361,SMALLEST_LAST,5,258,231,0.35833333333333334,data\processed\initial_graph_coloring_dataset\colpack_outputs_week13_expanded\dwt_361_smallest_last.txt
dwt_361,SMALLEST_LAST,5,270,232,0.35555555555555557,data\processed\initial_graph_coloring_dataset\colpack_outputs_week13_expanded\dwt_361_smallest_last.txt
dwt_361,SMALLEST_LAST,5,269,233,0.3527777777777778,data\processed\initial_graph_coloring_dataset\colpack_outputs_week13_expanded\dwt_361_smallest_last.txt
dwt_361,SMALLEST_LAST,5,268,234,0.35,data\processed\initial_graph_coloring_dataset\colpack_outputs_week13_expanded\dwt_361_smallest_last.txt
dwt_361,SMALLEST_LAST,5,267,235,0.3472222222222222,data\processed\initial_graph_coloring_dataset\colpack_outputs_week13_expanded\dwt_361_smallest_last.txt
dwt_361,SMALLEST_LAST,5,266,236,0.34444444444444444,data\processed\initial_graph_coloring_dataset\colpack_outputs_week13_expanded\dwt_361_smallest_last.txt
dwt_361,SMALLEST_LAST,5,265,237,0.3416666666666667,data\processed\initial_graph_coloring_dataset\colpack_outputs_week13_expanded\dwt_361_smallest_last.txt
dwt_361,SMALLEST_LAST,5,264,238,0.3388888888888889,data\processed\initial_graph_coloring_dataset\colpack_outputs_week13_expanded\dwt_361_smallest_last.txt
dwt_361,SMALLEST_LAST,5,263,239,0.33611111111111114,data\processed\initial_graph_coloring_dataset\colpack_outputs_week13_expanded\dwt_361_smallest_last.txt
dwt_361,SMALLEST_LAST,5,249,240,0.3333333333333333,data\processed\initial_graph_coloring_dataset\colpack_outputs_week13_expanded\dwt_361_smallest_last.txt
dwt_361,SMALLEST_LAST,5,235,241,0.33055555555555555,data\processed\initial_graph_coloring_dataset\colpack_outputs_week13_expanded\dwt_361_smallest_last.txt
dwt_361,SMALLEST_LAST,5,248,242,0.3277777777777778,data\processed\initial_graph_coloring_dataset\colpack_outputs_week13_expanded\dwt_361_smallest_last.txt
dwt_361,SMALLEST_LAST,5,262,243,0.325,data\processed\initial_graph_coloring_dataset\colpack_outputs_week13_expanded\dwt_361_smallest_last.txt
dwt_361,SMALLEST_LAST,5,276,244,0.32222222222222224,data\processed\initial_graph_coloring_dataset\colpack_outputs_week13_expanded\dwt_361_smallest_last.txt
dwt_361,SMALLEST_LAST,5,277,245,0.3194444444444444,data\processed\initial_graph_coloring_dataset\colpack_outputs_week13_expanded\dwt_361_smallest_last.txt
dwt_361,SMALLEST_LAST,5,278,246,0.31666666666666665,data\processed\initial_graph_coloring_dataset\colpack_outputs_week13_expanded\dwt_361_smallest_last.txt
dwt_361,SMALLEST_LAST,5,279,247,0.3138888888888889,data\processed\initial_graph_coloring_dataset\colpack_outputs_week13_expanded\dwt_361_smallest_last.txt
dwt_361,SMALLEST_LAST,5,280,248,0.3111111111111111,data\processed\initial_graph_coloring_dataset\colpack_outputs_week13_expanded\dwt_361_smallest_last.txt
dwt_361,SMALLEST_LAST,5,281,249,0.30833333333333335,data\processed\initial_graph_coloring_dataset\colpack_outputs_week13_expanded\dwt_361_smallest_last.txt
dwt_361,SMALLEST_LAST,5,282,250,0.3055555555555556,data\processed\initial_graph_coloring_dataset\colpack_outputs_week13_expanded\dwt_361_smallest_last.txt
dwt_361,SMALLEST_LAST,5,283,251,0.30277777777777776,data\processed\initial_graph_coloring_dataset\colpack_outputs_week13_expanded\dwt_361_smallest_last.txt
dwt_361,SMALLEST_LAST,5,271,252,0.3,data\processed\initial_graph_coloring_dataset\colpack_outputs_week13_expanded\dwt_361_smallest_last.txt
dwt_361,SMALLEST_LAST,5,259,253,0.2972222222222222,data\processed\initial_graph_coloring_dataset\colpack_outputs_week13_expanded\dwt_361_smallest_last.txt
dwt_361,SMALLEST_LAST,5,272,254,0.29444444444444445,data\processed\initial_graph_coloring_dataset\colpack_outputs_week13_expanded\dwt_361_smallest_last.txt
dwt_361,SMALLEST_LAST,5,284,255,0.2916666666666667,data\processed\initial_graph_coloring_dataset\colpack_outputs_week13_expanded\dwt_361_smallest_last.txt
dwt_361,SMALLEST_LAST,5,296,256,0.28888888888888886,data\processed\initial_graph_coloring_dataset\colpack_outputs_week13_expanded\dwt_361_smallest_last.txt
dwt_361,SMALLEST_LAST,5,295,257,0.2861111111111111,data\processed\initial_graph_coloring_dataset\colpack_outputs_week13_expanded\dwt_361_smallest_last.txt
dwt_361,SMALLEST_LAST,5,294,258,0.2833333333333333,data\processed\initial_graph_coloring_dataset\colpack_outputs_week13_expanded\dwt_361_smallest_last.txt
dwt_361,SMALLEST_LAST,5,293,259,0.28055555555555556,data\processed\initial_graph_coloring_dataset\colpack_outputs_week13_expanded\dwt_361_smallest_last.txt
dwt_361,SMALLEST_LAST,5,292,260,0.2777777777777778,data\processed\initial_graph_coloring_dataset\colpack_outputs_week13_expanded\dwt_361_smallest_last.txt
dwt_361,SMALLEST_LAST,5,291,261,0.275,data\processed\initial_graph_coloring_dataset\colpack_outputs_week13_expanded\dwt_361_smallest_last.txt
dwt_361,SMALLEST_LAST,5,290,262,0.2722222222222222,data\processed\initial_graph_coloring_dataset\colpack_outputs_week13_expanded\dwt_361_smallest_last.txt
dwt_361,SMALLEST_LAST,5,289,263,0.26944444444444443,data\processed\initial_graph_coloring_dataset\colpack_outputs_week13_expanded\dwt_361_smallest_last.txt
dwt_361,SMALLEST_LAST,5,275,264,0.26666666666666666,data\processed\initial_graph_coloring_dataset\colpack_outputs_week13_expanded\dwt_361_smallest_last.txt
dwt_361,SMALLEST_LAST,5,261,265,0.2638888888888889,data\processed\initial_graph_coloring_dataset\colpack_outputs_week13_expanded\dwt_361_smallest_last.txt
dwt_361,SMALLEST_LAST,5,274,266,0.2611111111111111,data\processed\initial_graph_coloring_dataset\colpack_outputs_week13_expanded\dwt_361_smallest_last.txt
dwt_361,SMALLEST_LAST,5,288,267,0.25833333333333336,data\processed\initial_graph_coloring_dataset\colpack_outputs_week13_expanded\dwt_361_smallest_last.txt
dwt_361,SMALLEST_LAST,5,302,268,0.25555555555555554,data\processed\initial_graph_coloring_dataset\colpack_outputs_week13_expanded\dwt_361_smallest_last.txt
dwt_361,SMALLEST_LAST,5,303,269,0.25277777777777777,data\processed\initial_graph_coloring_dataset\colpack_outputs_week13_expanded\dwt_361_smallest_last.txt
dwt_361,SMALLEST_LAST,5,304,270,0.25,data\processed\initial_graph_coloring_dataset\colpack_outputs_week13_expanded\dwt_361_smallest_last.txt
dwt_361,SMALLEST_LAST,5,305,271,0.24722222222222223,data\processed\initial_graph_coloring_dataset\colpack_outputs_week13_expanded\dwt_361_smallest_last.txt
dwt_361,SMALLEST_LAST,5,306,272,0.24444444444444444,data\processed\initial_graph_coloring_dataset\colpack_outputs_week13_expanded\dwt_361_smallest_last.txt
dwt_361,SMALLEST_LAST,5,307,273,0.24166666666666667,data\processed\initial_graph_coloring_dataset\colpack_outputs_week13_expanded\dwt_361_smallest_last.txt
dwt_361,SMALLEST_LAST,5,308,274,0.2388888888888889,data\processed\initial_graph_coloring_dataset\colpack_outputs_week13_expanded\dwt_361_smallest_last.txt
dwt_361,SMALLEST_LAST,5,309,275,0.2361111111111111,data\processed\initial_graph_coloring_dataset\colpack_outputs_week13_expanded\dwt_361_smallest_last.txt
dwt_361,SMALLEST_LAST,5,297,276,0.23333333333333334,data\processed\initial_graph_coloring_dataset\colpack_outputs_week13_expanded\dwt_361_smallest_last.txt
dwt_361,SMALLEST_LAST,5,285,277,0.23055555555555557,data\processed\initial_graph_coloring_dataset\colpack_outputs_week13_expanded\dwt_361_smallest_last.txt
dwt_361,SMALLEST_LAST,5,298,278,0.22777777777777777,data\processed\initial_graph_coloring_dataset\colpack_outputs_week13_expanded\dwt_361_smallest_last.txt
dwt_361,SMALLEST_LAST,5,310,279,0.225,data\processed\initial_graph_coloring_dataset\colpack_outputs_week13_expanded\dwt_361_smallest_last.txt
dwt_361,SMALLEST_LAST,5,311,280,0.2222222222222222,data\processed\initial_graph_coloring_dataset\colpack_outputs_week13_expanded\dwt_361_smallest_last.txt
dwt_361,SMALLEST_LAST,5,359,281,0.21944444444444444,data\processed\initial_graph_coloring_dataset\colpack_outputs_week13_expanded\dwt_361_smallest_last.txt
dwt_361,SMALLEST_LAST,5,358,282,0.21666666666666667,data\processed\initial_graph_coloring_dataset\colpack_outputs_week13_expanded\dwt_361_smallest_last.txt
dwt_361,SMALLEST_LAST,5,357,283,0.21388888888888888,data\processed\initial_graph_coloring_dataset\colpack_outputs_week13_expanded\dwt_361_smallest_last.txt
dwt_361,SMALLEST_LAST,5,356,284,0.2111111111111111,data\processed\initial_graph_coloring_dataset\colpack_outputs_week13_expanded\dwt_361_smallest_last.txt
dwt_361,SMALLEST_LAST,5,355,285,0.20833333333333334,data\processed\initial_graph_coloring_dataset\colpack_outputs_week13_expanded\dwt_361_smallest_last.txt
dwt_361,SMALLEST_LAST,5,354,286,0.20555555555555555,data\processed\initial_graph_coloring_dataset\colpack_outputs_week13_expanded\dwt_361_smallest_last.txt
dwt_361,SMALLEST_LAST,5,353,287,0.20277777777777778,data\processed\initial_graph_coloring_dataset\colpack_outputs_week13_expanded\dwt_361_smallest_last.txt
dwt_361,SMALLEST_LAST,5,352,288,0.2,data\processed\initial_graph_coloring_dataset\colpack_outputs_week13_expanded\dwt_361_smallest_last.txt
dwt_361,SMALLEST_LAST,5,351,289,0.19722222222222222,data\processed\initial_graph_coloring_dataset\colpack_outputs_week13_expanded\dwt_361_smallest_last.txt
dwt_361,SMALLEST_LAST,5,301,290,0.19444444444444445,data\processed\initial_graph_coloring_dataset\colpack_outputs_week13_expanded\dwt_361_smallest_last.txt
dwt_361,SMALLEST_LAST,5,287,291,0.19166666666666668,data\processed\initial_graph_coloring_dataset\colpack_outputs_week13_expanded\dwt_361_smallest_last.txt
dwt_361,SMALLEST_LAST,5,300,292,0.18888888888888888,data\processed\initial_graph_coloring_dataset\colpack_outputs_week13_expanded\dwt_361_smallest_last.txt
dwt_361,SMALLEST_LAST,5,350,293,0.18611111111111112,data\processed\initial_graph_coloring_dataset\colpack_outputs_week13_expanded\dwt_361_smallest_last.txt
dwt_361,SMALLEST_LAST,5,349,294,0.18333333333333332,data\processed\initial_graph_coloring_dataset\colpack_outputs_week13_expanded\dwt_361_smallest_last.txt
dwt_361,SMALLEST_LAST,5,299,295,0.18055555555555555,data\processed\initial_graph_coloring_dataset\colpack_outputs_week13_expanded\dwt_361_smallest_last.txt
dwt_361,SMALLEST_LAST,5,286,296,0.17777777777777778,data\processed\initial_graph_coloring_dataset\colpack_outputs_week13_expanded\dwt_361_smallest_last.txt
dwt_361,SMALLEST_LAST,5,273,297,0.175,data\processed\initial_graph_coloring_dataset\colpack_outputs_week13_expanded\dwt_361_smallest_last.txt
dwt_361,SMALLEST_LAST,5,260,298,0.17222222222222222,data\processed\initial_graph_coloring_dataset\colpack_outputs_week13_expanded\dwt_361_smallest_last.txt
dwt_361,SMALLEST_LAST,5,247,299,0.16944444444444445,data\processed\initial_graph_coloring_dataset\colpack_outputs_week13_expanded\dwt_361_smallest_last.txt
dwt_361,SMALLEST_LAST,5,234,300,0.16666666666666666,data\processed\initial_graph_coloring_dataset\colpack_outputs_week13_expanded\dwt_361_smallest_last.txt
dwt_361,SMALLEST_LAST,5,221,301,0.1638888888888889,data\processed\initial_graph_coloring_dataset\colpack_outputs_week13_expanded\dwt_361_smallest_last.txt
dwt_361,SMALLEST_LAST,5,208,302,0.16111111111111112,data\processed\initial_graph_coloring_dataset\colpack_outputs_week13_expanded\dwt_361_smallest_last.txt
dwt_361,SMALLEST_LAST,5,195,303,0.15833333333333333,data\processed\initial_graph_coloring_dataset\colpack_outputs_week13_expanded\dwt_361_smallest_last.txt
dwt_361,SMALLEST_LAST,5,182,304,0.15555555555555556,data\processed\initial_graph_coloring_dataset\colpack_outputs_week13_expanded\dwt_361_smallest_last.txt
dwt_361,SMALLEST_LAST,5,169,305,0.1527777777777778,data\processed\initial_graph_coloring_dataset\colpack_outputs_week13_expanded\dwt_361_smallest_last.txt
dwt_361,SMALLEST_LAST,5,156,306,0.15,data\processed\initial_graph_coloring_dataset\colpack_outputs_week13_expanded\dwt_361_smallest_last.txt
dwt_361,SMALLEST_LAST,5,143,307,0.14722222222222223,data\processed\initial_graph_coloring_dataset\colpack_outputs_week13_expanded\dwt_361_smallest_last.txt
dwt_361,SMALLEST_LAST,5,130,308,0.14444444444444443,data\processed\initial_graph_coloring_dataset\colpack_outputs_week13_expanded\dwt_361_smallest_last.txt
dwt_361,SMALLEST_LAST,5,117,309,0.14166666666666666,data\processed\initial_graph_coloring_dataset\colpack_outputs_week13_expanded\dwt_361_smallest_last.txt
dwt_361,SMALLEST_LAST,5,104,310,0.1388888888888889,data\processed\initial_graph_coloring_dataset\colpack_outputs_week13_expanded\dwt_361_smallest_last.txt
dwt_361,SMALLEST_LAST,5,91,311,0.1361111111111111,data\processed\initial_graph_coloring_dataset\colpack_outputs_week13_expanded\dwt_361_smallest_last.txt
dwt_361,SMALLEST_LAST,5,78,312,0.13333333333333333,data\processed\initial_graph_coloring_dataset\colpack_outputs_week13_expanded\dwt_361_smallest_last.txt
dwt_361,SMALLEST_LAST,5,65,313,0.13055555555555556,data\processed\initial_graph_coloring_dataset\colpack_outputs_week13_expanded\dwt_361_smallest_last.txt
dwt_361,SMALLEST_LAST,5,52,314,0.12777777777777777,data\processed\initial_graph_coloring_dataset\colpack_outputs_week13_expanded\dwt_361_smallest_last.txt
dwt_361,SMALLEST_LAST,5,39,315,0.125,data\processed\initial_graph_coloring_dataset\colpack_outputs_week13_expanded\dwt_361_smallest_last.txt
dwt_361,SMALLEST_LAST,5,26,316,0.12222222222222222,data\processed\initial_graph_coloring_dataset\colpack_outputs_week13_expanded\dwt_361_smallest_last.txt
dwt_361,SMALLEST_LAST,5,14,317,0.11944444444444445,data\processed\initial_graph_coloring_dataset\colpack_outputs_week13_expanded\dwt_361_smallest_last.txt
dwt_361,SMALLEST_LAST,5,2,318,0.11666666666666667,data\processed\initial_graph_coloring_dataset\colpack_outputs_week13_expanded\dwt_361_smallest_last.txt
dwt_361,SMALLEST_LAST,5,1,319,0.11388888888888889,data\processed\initial_graph_coloring_dataset\colpack_outputs_week13_expanded\dwt_361_smallest_last.txt
dwt_361,SMALLEST_LAST,5,13,320,0.1111111111111111,data\processed\initial_graph_coloring_dataset\colpack_outputs_week13_expanded\dwt_361_smallest_last.txt
dwt_361,SMALLEST_LAST,5,0,321,0.10833333333333334,data\processed\initial_graph_coloring_dataset\colpack_outputs_week13_expanded\dwt_361_smallest_last.txt
dwt_361,SMALLEST_LAST,5,12,322,0.10555555555555556,data\processed\initial_graph_coloring_dataset\colpack_outputs_week13_expanded\dwt_361_smallest_last.txt
dwt_361,SMALLEST_LAST,5,342,323,0.10277777777777777,data\processed\initial_graph_coloring_dataset\colpack_outputs_week13_expanded\dwt_361_smallest_last.txt
dwt_361,SMALLEST_LAST,5,341,324,0.1,data\processed\initial_graph_coloring_dataset\colpack_outputs_week13_expanded\dwt_361_smallest_last.txt
dwt_361,SMALLEST_LAST,5,343,325,0.09722222222222222,data\processed\initial_graph_coloring_dataset\colpack_outputs_week13_expanded\dwt_361_smallest_last.txt
dwt_361,SMALLEST_LAST,5,332,326,0.09444444444444444,data\processed\initial_graph_coloring_dataset\colpack_outputs_week13_expanded\dwt_361_smallest_last.txt
dwt_361,SMALLEST_LAST,5,340,327,0.09166666666666666,data\processed\initial_graph_coloring_dataset\colpack_outputs_week13_expanded\dwt_361_smallest_last.txt
dwt_361,SMALLEST_LAST,5,331,328,0.08888888888888889,data\processed\initial_graph_coloring_dataset\colpack_outputs_week13_expanded\dwt_361_smallest_last.txt
dwt_361,SMALLEST_LAST,5,344,329,0.08611111111111111,data\processed\initial_graph_coloring_dataset\colpack_outputs_week13_expanded\dwt_361_smallest_last.txt
dwt_361,SMALLEST_LAST,5,333,330,0.08333333333333333,data\processed\initial_graph_coloring_dataset\colpack_outputs_week13_expanded\dwt_361_smallest_last.txt
dwt_361,SMALLEST_LAST,5,324,331,0.08055555555555556,data\processed\initial_graph_coloring_dataset\colpack_outputs_week13_expanded\dwt_361_smallest_last.txt
dwt_361,SMALLEST_LAST,5,339,332,0.07777777777777778,data\processed\initial_graph_coloring_dataset\colpack_outputs_week13_expanded\dwt_361_smallest_last.txt
dwt_361,SMALLEST_LAST,5,330,333,0.075,data\processed\initial_graph_coloring_dataset\colpack_outputs_week13_expanded\dwt_361_smallest_last.txt
dwt_361,SMALLEST_LAST,5,323,334,0.07222222222222222,data\processed\initial_graph_coloring_dataset\colpack_outputs_week13_expanded\dwt_361_smallest_last.txt
dwt_361,SMALLEST_LAST,5,345,335,0.06944444444444445,data\processed\initial_graph_coloring_dataset\colpack_outputs_week13_expanded\dwt_361_smallest_last.txt
dwt_361,SMALLEST_LAST,5,334,336,0.06666666666666667,data\processed\initial_graph_coloring_dataset\colpack_outputs_week13_expanded\dwt_361_smallest_last.txt
dwt_361,SMALLEST_LAST,5,325,337,0.06388888888888888,data\processed\initial_graph_coloring_dataset\colpack_outputs_week13_expanded\dwt_361_smallest_last.txt
dwt_361,SMALLEST_LAST,5,318,338,0.06111111111111111,data\processed\initial_graph_coloring_dataset\colpack_outputs_week13_expanded\dwt_361_smallest_last.txt
dwt_361,SMALLEST_LAST,5,338,339,0.058333333333333334,data\processed\initial_graph_coloring_dataset\colpack_outputs_week13_expanded\dwt_361_smallest_last.txt
dwt_361,SMALLEST_LAST,5,329,340,0.05555555555555555,data\processed\initial_graph_coloring_dataset\colpack_outputs_week13_expanded\dwt_361_smallest_last.txt
dwt_361,SMALLEST_LAST,5,322,341,0.05277777777777778,data\processed\initial_graph_coloring_dataset\colpack_outputs_week13_expanded\dwt_361_smallest_last.txt
dwt_361,SMALLEST_LAST,5,317,342,0.05,data\processed\initial_graph_coloring_dataset\colpack_outputs_week13_expanded\dwt_361_smallest_last.txt
dwt_361,SMALLEST_LAST,5,346,343,0.04722222222222222,data\processed\initial_graph_coloring_dataset\colpack_outputs_week13_expanded\dwt_361_smallest_last.txt
dwt_361,SMALLEST_LAST,5,335,344,0.044444444444444446,data\processed\initial_graph_coloring_dataset\colpack_outputs_week13_expanded\dwt_361_smallest_last.txt
dwt_361,SMALLEST_LAST,5,326,345,0.041666666666666664,data\processed\initial_graph_coloring_dataset\colpack_outputs_week13_expanded\dwt_361_smallest_last.txt
dwt_361,SMALLEST_LAST,5,319,346,0.03888888888888889,data\processed\initial_graph_coloring_dataset\colpack_outputs_week13_expanded\dwt_361_smallest_last.txt
dwt_361,SMALLEST_LAST,5,314,347,0.03611111111111111,data\processed\initial_graph_coloring_dataset\colpack_outputs_week13_expanded\dwt_361_smallest_last.txt
dwt_361,SMALLEST_LAST,5,348,348,0.03333333333333333,data\processed\initial_graph_coloring_dataset\colpack_outputs_week13_expanded\dwt_361_smallest_last.txt
dwt_361,SMALLEST_LAST,5,337,349,0.030555555555555555,data\processed\initial_graph_coloring_dataset\colpack_outputs_week13_expanded\dwt_361_smallest_last.txt
dwt_361,SMALLEST_LAST,5,328,350,0.027777777777777776,data\processed\initial_graph_coloring_dataset\colpack_outputs_week13_expanded\dwt_361_smallest_last.txt
dwt_361,SMALLEST_LAST,5,321,351,0.025,data\processed\initial_graph_coloring_dataset\colpack_outputs_week13_expanded\dwt_361_smallest_last.txt
dwt_361,SMALLEST_LAST,5,316,352,0.022222222222222223,data\processed\initial_graph_coloring_dataset\colpack_outputs_week13_expanded\dwt_361_smallest_last.txt
dwt_361,SMALLEST_LAST,5,313,353,0.019444444444444445,data\processed\initial_graph_coloring_dataset\colpack_outputs_week13_expanded\dwt_361_smallest_last.txt
dwt_361,SMALLEST_LAST,5,360,354,0.016666666666666666,data\processed\initial_graph_coloring_dataset\colpack_outputs_week13_expanded\dwt_361_smallest_last.txt
dwt_361,SMALLEST_LAST,5,347,355,0.013888888888888888,data\processed\initial_graph_coloring_dataset\colpack_outputs_week13_expanded\dwt_361_smallest_last.txt
dwt_361,SMALLEST_LAST,5,336,356,0.011111111111111112,data\processed\initial_graph_coloring_dataset\colpack_outputs_week13_expanded\dwt_361_smallest_last.txt
dwt_361,SMALLEST_LAST,5,327,357,0.008333333333333333,data\processed\initial_graph_coloring_dataset\colpack_outputs_week13_expanded\dwt_361_smallest_last.txt
dwt_361,SMALLEST_LAST,5,320,358,0.005555555555555556,data\processed\initial_graph_coloring_dataset\colpack_outputs_week13_expanded\dwt_361_smallest_last.txt
dwt_361,SMALLEST_LAST,5,315,359,0.002777777777777778,data\processed\initial_graph_coloring_dataset\colpack_outputs_week13_expanded\dwt_361_smallest_last.txt
dwt_361,SMALLEST_LAST,5,312,360,0.0,data\processed\initial_graph_coloring_dataset\colpack_outputs_week13_expanded\dwt_361_smallest_last.txt
dwt_419,SMALLEST_LAST,6,12,0,1.0,data\processed\initial_graph_coloring_dataset\colpack_outputs_week13_expanded\dwt_419_smallest_last.txt
dwt_419,SMALLEST_LAST,6,13,1,0.9976076555023924,data\processed\initial_graph_coloring_dataset\colpack_outputs_week13_expanded\dwt_419_smallest_last.txt
dwt_419,SMALLEST_LAST,6,17,2,0.9952153110047847,data\processed\initial_graph_coloring_dataset\colpack_outputs_week13_expanded\dwt_419_smallest_last.txt
dwt_419,SMALLEST_LAST,6,16,3,0.992822966507177,data\processed\initial_graph_coloring_dataset\colpack_outputs_week13_expanded\dwt_419_smallest_last.txt
dwt_419,SMALLEST_LAST,6,223,4,0.9904306220095693,data\processed\initial_graph_coloring_dataset\colpack_outputs_week13_expanded\dwt_419_smallest_last.txt
dwt_419,SMALLEST_LAST,6,227,5,0.9880382775119617,data\processed\initial_graph_coloring_dataset\colpack_outputs_week13_expanded\dwt_419_smallest_last.txt
dwt_419,SMALLEST_LAST,6,224,6,0.9856459330143541,data\processed\initial_graph_coloring_dataset\colpack_outputs_week13_expanded\dwt_419_smallest_last.txt
dwt_419,SMALLEST_LAST,6,228,7,0.9832535885167464,data\processed\initial_graph_coloring_dataset\colpack_outputs_week13_expanded\dwt_419_smallest_last.txt
dwt_419,SMALLEST_LAST,6,18,8,0.9808612440191388,data\processed\initial_graph_coloring_dataset\colpack_outputs_week13_expanded\dwt_419_smallest_last.txt
dwt_419,SMALLEST_LAST,6,14,9,0.9784688995215312,data\processed\initial_graph_coloring_dataset\colpack_outputs_week13_expanded\dwt_419_smallest_last.txt
dwt_419,SMALLEST_LAST,6,225,10,0.9760765550239234,data\processed\initial_graph_coloring_dataset\colpack_outputs_week13_expanded\dwt_419_smallest_last.txt
dwt_419,SMALLEST_LAST,6,229,11,0.9736842105263158,data\processed\initial_graph_coloring_dataset\colpack_outputs_week13_expanded\dwt_419_smallest_last.txt
dwt_419,SMALLEST_LAST,6,19,12,0.9712918660287081,data\processed\initial_graph_coloring_dataset\colpack_outputs_week13_expanded\dwt_419_smallest_last.txt
dwt_419,SMALLEST_LAST,6,15,13,0.9688995215311005,data\processed\initial_graph_coloring_dataset\colpack_outputs_week13_expanded\dwt_419_smallest_last.txt
dwt_419,SMALLEST_LAST,6,226,14,0.9665071770334929,data\processed\initial_graph_coloring_dataset\colpack_outputs_week13_expanded\dwt_419_smallest_last.txt
dwt_419,SMALLEST_LAST,6,230,15,0.9641148325358851,data\processed\initial_graph_coloring_dataset\colpack_outputs_week13_expanded\dwt_419_smallest_last.txt
dwt_419,SMALLEST_LAST,6,5,16,0.9617224880382775,data\processed\initial_graph_coloring_dataset\colpack_outputs_week13_expanded\dwt_419_smallest_last.txt
dwt_419,SMALLEST_LAST,6,4,17,0.9593301435406698,data\processed\initial_graph_coloring_dataset\colpack_outputs_week13_expanded\dwt_419_smallest_last.txt
dwt_419,SMALLEST_LAST,6,215,18,0.9569377990430622,data\processed\initial_graph_coloring_dataset\colpack_outputs_week13_expanded\dwt_419_smallest_last.txt
dwt_419,SMALLEST_LAST,6,216,19,0.9545454545454546,data\processed\initial_graph_coloring_dataset\colpack_outputs_week13_expanded\dwt_419_smallest_last.txt
dwt_419,SMALLEST_LAST,6,1,20,0.9521531100478469,data\processed\initial_graph_coloring_dataset\colpack_outputs_week13_expanded\dwt_419_smallest_last.txt
dwt_419,SMALLEST_LAST,6,3,21,0.9497607655502392,data\processed\initial_graph_coloring_dataset\colpack_outputs_week13_expanded\dwt_419_smallest_last.txt
dwt_419,SMALLEST_LAST,6,214,22,0.9473684210526315,data\processed\initial_graph_coloring_dataset\colpack_outputs_week13_expanded\dwt_419_smallest_last.txt
dwt_419,SMALLEST_LAST,6,212,23,0.9449760765550239,data\processed\initial_graph_coloring_dataset\colpack_outputs_week13_expanded\dwt_419_smallest_last.txt
dwt_419,SMALLEST_LAST,6,8,24,0.9425837320574163,data\processed\initial_graph_coloring_dataset\colpack_outputs_week13_expanded\dwt_419_smallest_last.txt
dwt_419,SMALLEST_LAST,6,9,25,0.9401913875598086,data\processed\initial_graph_coloring_dataset\colpack_outputs_week13_expanded\dwt_419_smallest_last.txt
dwt_419,SMALLEST_LAST,6,220,26,0.937799043062201,data\processed\initial_graph_coloring_dataset\colpack_outputs_week13_expanded\dwt_419_smallest_last.txt
dwt_419,SMALLEST_LAST,6,219,27,0.9354066985645934,data\processed\initial_graph_coloring_dataset\colpack_outputs_week13_expanded\dwt_419_smallest_last.txt
dwt_419,SMALLEST_LAST,6,20,28,0.9330143540669856,data\processed\initial_graph_coloring_dataset\colpack_outputs_week13_expanded\dwt_419_smallest_last.txt
dwt_419,SMALLEST_LAST,6,24,29,0.930622009569378,data\processed\initial_graph_coloring_dataset\colpack_outputs_week13_expanded\dwt_419_smallest_last.txt
dwt_419,SMALLEST_LAST,6,235,30,0.9282296650717703,data\processed\initial_graph_coloring_dataset\colpack_outputs_week13_expanded\dwt_419_smallest_last.txt
dwt_419,SMALLEST_LAST,6,231,31,0.9258373205741627,data\processed\initial_graph_coloring_dataset\colpack_outputs_week13_expanded\dwt_419_smallest_last.txt
dwt_419,SMALLEST_LAST,6,21,32,0.9234449760765551,data\processed\initial_graph_coloring_dataset\colpack_outputs_week13_expanded\dwt_419_smallest_last.txt
dwt_419,SMALLEST_LAST,6,25,33,0.9210526315789473,data\processed\initial_graph_coloring_dataset\colpack_outputs_week13_expanded\dwt_419_smallest_last.txt
dwt_419,SMALLEST_LAST,6,236,34,0.9186602870813397,data\processed\initial_graph_coloring_dataset\colpack_outputs_week13_expanded\dwt_419_smallest_last.txt
dwt_419,SMALLEST_LAST,6,232,35,0.916267942583732,data\processed\initial_graph_coloring_dataset\colpack_outputs_week13_expanded\dwt_419_smallest_last.txt
dwt_419,SMALLEST_LAST,6,22,36,0.9138755980861244,data\processed\initial_graph_coloring_dataset\colpack_outputs_week13_expanded\dwt_419_smallest_last.txt
dwt_419,SMALLEST_LAST,6,26,37,0.9114832535885168,data\processed\initial_graph_coloring_dataset\colpack_outputs_week13_expanded\dwt_419_smallest_last.txt
dwt_419,SMALLEST_LAST,6,237,38,0.9090909090909091,data\processed\initial_graph_coloring_dataset\colpack_outputs_week13_expanded\dwt_419_smallest_last.txt
dwt_419,SMALLEST_LAST,6,233,39,0.9066985645933014,data\processed\initial_graph_coloring_dataset\colpack_outputs_week13_expanded\dwt_419_smallest_last.txt
dwt_419,SMALLEST_LAST,6,23,40,0.9043062200956937,data\processed\initial_graph_coloring_dataset\colpack_outputs_week13_expanded\dwt_419_smallest_last.txt
dwt_419,SMALLEST_LAST,6,27,41,0.9019138755980861,data\processed\initial_graph_coloring_dataset\colpack_outputs_week13_expanded\dwt_419_smallest_last.txt
dwt_419,SMALLEST_LAST,6,234,42,0.8995215311004785,data\processed\initial_graph_coloring_dataset\colpack_outputs_week13_expanded\dwt_419_smallest_last.txt
dwt_419,SMALLEST_LAST,6,238,43,0.8971291866028708,data\processed\initial_graph_coloring_dataset\colpack_outputs_week13_expanded\dwt_419_smallest_last.txt
dwt_419,SMALLEST_LAST,6,320,44,0.8947368421052632,data\processed\initial_graph_coloring_dataset\colpack_outputs_week13_expanded\dwt_419_smallest_last.txt
dwt_419,SMALLEST_LAST,6,109,45,0.8923444976076556,data\processed\initial_graph_coloring_dataset\colpack_outputs_week13_expanded\dwt_419_smallest_last.txt
dwt_419,SMALLEST_LAST,6,108,46,0.8899521531100478,data\processed\initial_graph_coloring_dataset\colpack_outputs_week13_expanded\dwt_419_smallest_last.txt
dwt_419,SMALLEST_LAST,6,120,47,0.8875598086124402,data\processed\initial_graph_coloring_dataset\colpack_outputs_week13_expanded\dwt_419_smallest_last.txt
dwt_419,SMALLEST_LAST,6,119,48,0.8851674641148325,data\processed\initial_graph_coloring_dataset\colpack_outputs_week13_expanded\dwt_419_smallest_last.txt
dwt_419,SMALLEST_LAST,6,331,49,0.8827751196172249,data\processed\initial_graph_coloring_dataset\colpack_outputs_week13_expanded\dwt_419_smallest_last.txt
dwt_419,SMALLEST_LAST,6,319,50,0.8803827751196173,data\processed\initial_graph_coloring_dataset\colpack_outputs_week13_expanded\dwt_419_smallest_last.txt
dwt_419,SMALLEST_LAST,6,330,51,0.8779904306220095,data\processed\initial_graph_coloring_dataset\colpack_outputs_week13_expanded\dwt_419_smallest_last.txt
dwt_419,SMALLEST_LAST,6,337,52,0.8755980861244019,data\processed\initial_graph_coloring_dataset\colpack_outputs_week13_expanded\dwt_419_smallest_last.txt
dwt_419,SMALLEST_LAST,6,126,53,0.8732057416267942,data\processed\initial_graph_coloring_dataset\colpack_outputs_week13_expanded\dwt_419_smallest_last.txt
dwt_419,SMALLEST_LAST,6,125,54,0.8708133971291866,data\processed\initial_graph_coloring_dataset\colpack_outputs_week13_expanded\dwt_419_smallest_last.txt
dwt_419,SMALLEST_LAST,6,140,55,0.868421052631579,data\processed\initial_graph_coloring_dataset\colpack_outputs_week13_expanded\dwt_419_smallest_last.txt
dwt_419,SMALLEST_LAST,6,139,56,0.8660287081339713,data\processed\initial_graph_coloring_dataset\colpack_outputs_week13_expanded\dwt_419_smallest_last.txt
dwt_419,SMALLEST_LAST,6,351,57,0.8636363636363636,data\processed\initial_graph_coloring_dataset\colpack_outputs_week13_expanded\dwt_419_smallest_last.txt
dwt_419,SMALLEST_LAST,6,152,58,0.861244019138756,data\processed\initial_graph_coloring_dataset\colpack_outputs_week13_expanded\dwt_419_smallest_last.txt
dwt_419,SMALLEST_LAST,6,363,59,0.8588516746411483,data\processed\initial_graph_coloring_dataset\colpack_outputs_week13_expanded\dwt_419_smallest_last.txt
dwt_419,SMALLEST_LAST,6,350,60,0.8564593301435407,data\processed\initial_graph_coloring_dataset\colpack_outputs_week13_expanded\dwt_419_smallest_last.txt
dwt_419,SMALLEST_LAST,6,418,61,0.854066985645933,data\processed\initial_graph_coloring_dataset\colpack_outputs_week13_expanded\dwt_419_smallest_last.txt
dwt_419,SMALLEST_LAST,6,210,62,0.8516746411483254,data\processed\initial_graph_coloring_dataset\colpack_outputs_week13_expanded\dwt_419_smallest_last.txt
dwt_419,SMALLEST_LAST,6,150,63,0.8492822966507177,data\processed\initial_graph_coloring_dataset\colpack_outputs_week13_expanded\dwt_419_smallest_last.txt
dwt_419,SMALLEST_LAST,6,361,64,0.84688995215311,data\processed\initial_graph_coloring_dataset\colpack_outputs_week13_expanded\dwt_419_smallest_last.txt
dwt_419,SMALLEST_LAST,6,417,65,0.8444976076555024,data\processed\initial_graph_coloring_dataset\colpack_outputs_week13_expanded\dwt_419_smallest_last.txt
dwt_419,SMALLEST_LAST,6,209,66,0.8421052631578947,data\processed\initial_graph_coloring_dataset\colpack_outputs_week13_expanded\dwt_419_smallest_last.txt
dwt_419,SMALLEST_LAST,6,138,67,0.8397129186602871,data\processed\initial_graph_coloring_dataset\colpack_outputs_week13_expanded\dwt_419_smallest_last.txt
dwt_419,SMALLEST_LAST,6,149,68,0.8373205741626795,data\processed\initial_graph_coloring_dataset\colpack_outputs_week13_expanded\dwt_419_smallest_last.txt
dwt_419,SMALLEST_LAST,6,208,69,0.8349282296650717,data\processed\initial_graph_coloring_dataset\colpack_outputs_week13_expanded\dwt_419_smallest_last.txt
dwt_419,SMALLEST_LAST,6,349,70,0.8325358851674641,data\processed\initial_graph_coloring_dataset\colpack_outputs_week13_expanded\dwt_419_smallest_last.txt
dwt_419,SMALLEST_LAST,6,416,71,0.8301435406698564,data\processed\initial_graph_coloring_dataset\colpack_outputs_week13_expanded\dwt_419_smallest_last.txt
dwt_419,SMALLEST_LAST,6,360,72,0.8277511961722488,data\processed\initial_graph_coloring_dataset\colpack_outputs_week13_expanded\dwt_419_smallest_last.txt
dwt_419,SMALLEST_LAST,6,239,73,0.8253588516746412,data\processed\initial_graph_coloring_dataset\colpack_outputs_week13_expanded\dwt_419_smallest_last.txt
dwt_419,SMALLEST_LAST,6,28,74,0.8229665071770335,data\processed\initial_graph_coloring_dataset\colpack_outputs_week13_expanded\dwt_419_smallest_last.txt
dwt_419,SMALLEST_LAST,6,29,75,0.8205741626794258,data\processed\initial_graph_coloring_dataset\colpack_outputs_week13_expanded\dwt_419_smallest_last.txt
dwt_419,SMALLEST_LAST,6,34,76,0.8181818181818182,data\processed\initial_graph_coloring_dataset\colpack_outputs_week13_expanded\dwt_419_smallest_last.txt
dwt_419,SMALLEST_LAST,6,35,77,0.8157894736842105,data\processed\initial_graph_coloring_dataset\colpack_outputs_week13_expanded\dwt_419_smallest_last.txt
dwt_419,SMALLEST_LAST,6,245,78,0.8133971291866029,data\processed\initial_graph_coloring_dataset\colpack_outputs_week13_expanded\dwt_419_smallest_last.txt
dwt_419,SMALLEST_LAST,6,240,79,0.8110047846889952,data\processed\initial_graph_coloring_dataset\colpack_outputs_week13_expanded\dwt_419_smallest_last.txt
dwt_419,SMALLEST_LAST,6,246,80,0.8086124401913876,data\processed\initial_graph_coloring_dataset\colpack_outputs_week13_expanded\dwt_419_smallest_last.txt
dwt_419,SMALLEST_LAST,6,256,81,0.80622009569378,data\processed\initial_graph_coloring_dataset\colpack_outputs_week13_expanded\dwt_419_smallest_last.txt
dwt_419,SMALLEST_LAST,6,45,82,0.8038277511961722,data\processed\initial_graph_coloring_dataset\colpack_outputs_week13_expanded\dwt_419_smallest_last.txt
dwt_419,SMALLEST_LAST,6,46,83,0.8014354066985646,data\processed\initial_graph_coloring_dataset\colpack_outputs_week13_expanded\dwt_419_smallest_last.txt
dwt_419,SMALLEST_LAST,6,257,84,0.7990430622009569,data\processed\initial_graph_coloring_dataset\colpack_outputs_week13_expanded\dwt_419_smallest_last.txt
dwt_419,SMALLEST_LAST,6,262,85,0.7966507177033493,data\processed\initial_graph_coloring_dataset\colpack_outputs_week13_expanded\dwt_419_smallest_last.txt
dwt_419,SMALLEST_LAST,6,51,86,0.7942583732057417,data\processed\initial_graph_coloring_dataset\colpack_outputs_week13_expanded\dwt_419_smallest_last.txt
dwt_419,SMALLEST_LAST,6,52,87,0.7918660287081339,data\processed\initial_graph_coloring_dataset\colpack_outputs_week13_expanded\dwt_419_smallest_last.txt
dwt_419,SMALLEST_LAST,6,63,88,0.7894736842105263,data\processed\initial_graph_coloring_dataset\colpack_outputs_week13_expanded\dwt_419_smallest_last.txt
dwt_419,SMALLEST_LAST,6,263,89,0.7870813397129187,data\processed\initial_graph_coloring_dataset\colpack_outputs_week13_expanded\dwt_419_smallest_last.txt
dwt_419,SMALLEST_LAST,6,274,90,0.784688995215311,data\processed\initial_graph_coloring_dataset\colpack_outputs_week13_expanded\dwt_419_smallest_last.txt
dwt_419,SMALLEST_LAST,6,397,91,0.7822966507177034,data\processed\initial_graph_coloring_dataset\colpack_outputs_week13_expanded\dwt_419_smallest_last.txt
dwt_419,SMALLEST_LAST,6,189,92,0.7799043062200957,data\processed\initial_graph_coloring_dataset\colpack_outputs_week13_expanded\dwt_419_smallest_last.txt
dwt_419,SMALLEST_LAST,6,65,93,0.777511961722488,data\processed\initial_graph_coloring_dataset\colpack_outputs_week13_expanded\dwt_419_smallest_last.txt
dwt_419,SMALLEST_LAST,6,276,94,0.7751196172248804,data\processed\initial_graph_coloring_dataset\colpack_outputs_week13_expanded\dwt_419_smallest_last.txt
dwt_419,SMALLEST_LAST,6,398,95,0.7727272727272727,data\processed\initial_graph_coloring_dataset\colpack_outputs_week13_expanded\dwt_419_smallest_last.txt
dwt_419,SMALLEST_LAST,6,190,96,0.7703349282296651,data\processed\initial_graph_coloring_dataset\colpack_outputs_week13_expanded\dwt_419_smallest_last.txt
dwt_419,SMALLEST_LAST,6,66,97,0.7679425837320574,data\processed\initial_graph_coloring_dataset\colpack_outputs_week13_expanded\dwt_419_smallest_last.txt
dwt_419,SMALLEST_LAST,6,53,98,0.7655502392344498,data\processed\initial_graph_coloring_dataset\colpack_outputs_week13_expanded\dwt_419_smallest_last.txt
dwt_419,SMALLEST_LAST,6,264,99,0.7631578947368421,data\processed\initial_graph_coloring_dataset\colpack_outputs_week13_expanded\dwt_419_smallest_last.txt
dwt_419,SMALLEST_LAST,6,277,100,0.7607655502392344,data\processed\initial_graph_coloring_dataset\colpack_outputs_week13_expanded\dwt_419_smallest_last.txt
dwt_419,SMALLEST_LAST,6,399,101,0.7583732057416268,data\processed\initial_graph_coloring_dataset\colpack_outputs_week13_expanded\dwt_419_smallest_last.txt
dwt_419,SMALLEST_LAST,6,191,102,0.7559808612440191,data\processed\initial_graph_coloring_dataset\colpack_outputs_week13_expanded\dwt_419_smallest_last.txt
dwt_419,SMALLEST_LAST,6,54,103,0.7535885167464115,data\processed\initial_graph_coloring_dataset\colpack_outputs_week13_expanded\dwt_419_smallest_last.txt
dwt_419,SMALLEST_LAST,6,67,104,0.7511961722488039,data\processed\initial_graph_coloring_dataset\colpack_outputs_week13_expanded\dwt_419_smallest_last.txt
dwt_419,SMALLEST_LAST,6,192,105,0.7488038277511961,data\processed\initial_graph_coloring_dataset\colpack_outputs_week13_expanded\dwt_419_smallest_last.txt
dwt_419,SMALLEST_LAST,6,278,106,0.7464114832535885,data\processed\initial_graph_coloring_dataset\colpack_outputs_week13_expanded\dwt_419_smallest_last.txt
dwt_419,SMALLEST_LAST,6,265,107,0.7440191387559809,data\processed\initial_graph_coloring_dataset\colpack_outputs_week13_expanded\dwt_419_smallest_last.txt
dwt_419,SMALLEST_LAST,6,400,108,0.7416267942583732,data\processed\initial_graph_coloring_dataset\colpack_outputs_week13_expanded\dwt_419_smallest_last.txt
dwt_419,SMALLEST_LAST,6,244,109,0.7392344497607656,data\processed\initial_graph_coloring_dataset\colpack_outputs_week13_expanded\dwt_419_smallest_last.txt
dwt_419,SMALLEST_LAST,6,33,110,0.7368421052631579,data\processed\initial_graph_coloring_dataset\colpack_outputs_week13_expanded\dwt_419_smallest_last.txt
dwt_419,SMALLEST_LAST,6,32,111,0.7344497607655502,data\processed\initial_graph_coloring_dataset\colpack_outputs_week13_expanded\dwt_419_smallest_last.txt
dwt_419,SMALLEST_LAST,6,44,112,0.7320574162679426,data\processed\initial_graph_coloring_dataset\colpack_outputs_week13_expanded\dwt_419_smallest_last.txt
dwt_419,SMALLEST_LAST,6,43,113,0.7296650717703349,data\processed\initial_graph_coloring_dataset\colpack_outputs_week13_expanded\dwt_419_smallest_last.txt
dwt_419,SMALLEST_LAST,6,255,114,0.7272727272727273,data\processed\initial_graph_coloring_dataset\colpack_outputs_week13_expanded\dwt_419_smallest_last.txt
dwt_419,SMALLEST_LAST,6,243,115,0.7248803827751196,data\processed\initial_graph_coloring_dataset\colpack_outputs_week13_expanded\dwt_419_smallest_last.txt
dwt_419,SMALLEST_LAST,6,254,116,0.722488038277512,data\processed\initial_graph_coloring_dataset\colpack_outputs_week13_expanded\dwt_419_smallest_last.txt
dwt_419,SMALLEST_LAST,6,261,117,0.7200956937799043,data\processed\initial_graph_coloring_dataset\colpack_outputs_week13_expanded\dwt_419_smallest_last.txt
dwt_419,SMALLEST_LAST,6,50,118,0.7177033492822966,data\processed\initial_graph_coloring_dataset\colpack_outputs_week13_expanded\dwt_419_smallest_last.txt
dwt_419,SMALLEST_LAST,6,49,119,0.715311004784689,data\processed\initial_graph_coloring_dataset\colpack_outputs_week13_expanded\dwt_419_smallest_last.txt
dwt_419,SMALLEST_LAST,6,260,120,0.7129186602870813,data\processed\initial_graph_coloring_dataset\colpack_outputs_week13_expanded\dwt_419_smallest_last.txt
dwt_419,SMALLEST_LAST,6,273,121,0.7105263157894737,data\processed\initial_graph_coloring_dataset\colpack_outputs_week13_expanded\dwt_419_smallest_last.txt
dwt_419,SMALLEST_LAST,6,62,122,0.7081339712918661,data\processed\initial_graph_coloring_dataset\colpack_outputs_week13_expanded\dwt_419_smallest_last.txt
dwt_419,SMALLEST_LAST,6,61,123,0.7057416267942583,data\processed\initial_graph_coloring_dataset\colpack_outputs_week13_expanded\dwt_419_smallest_last.txt
dwt_419,SMALLEST_LAST,6,76,124,0.7033492822966507,data\processed\initial_graph_coloring_dataset\colpack_outputs_week13_expanded\dwt_419_smallest_last.txt
dwt_419,SMALLEST_LAST,6,272,125,0.7009569377990431,data\processed\initial_graph_coloring_dataset\colpack_outputs_week13_expanded\dwt_419_smallest_last.txt
dwt_419,SMALLEST_LAST,6,287,126,0.6985645933014354,data\processed\initial_graph_coloring_dataset\colpack_outputs_week13_expanded\dwt_419_smallest_last.txt
dwt_419,SMALLEST_LAST,6,406,127,0.6961722488038278,data\processed\initial_graph_coloring_dataset\colpack_outputs_week13_expanded\dwt_419_smallest_last.txt
dwt_419,SMALLEST_LAST,6,198,128,0.69377990430622,data\processed\initial_graph_coloring_dataset\colpack_outputs_week13_expanded\dwt_419_smallest_last.txt
dwt_419,SMALLEST_LAST,6,74,129,0.6913875598086124,data\processed\initial_graph_coloring_dataset\colpack_outputs_week13_expanded\dwt_419_smallest_last.txt
dwt_419,SMALLEST_LAST,6,285,130,0.6889952153110048,data\processed\initial_graph_coloring_dataset\colpack_outputs_week13_expanded\dwt_419_smallest_last.txt
dwt_419,SMALLEST_LAST,6,405,131,0.6866028708133971,data\processed\initial_graph_coloring_dataset\colpack_outputs_week13_expanded\dwt_419_smallest_last.txt
dwt_419,SMALLEST_LAST,6,197,132,0.6842105263157895,data\processed\initial_graph_coloring_dataset\colpack_outputs_week13_expanded\dwt_419_smallest_last.txt
dwt_419,SMALLEST_LAST,6,73,133,0.6818181818181818,data\processed\initial_graph_coloring_dataset\colpack_outputs_week13_expanded\dwt_419_smallest_last.txt
dwt_419,SMALLEST_LAST,6,60,134,0.6794258373205742,data\processed\initial_graph_coloring_dataset\colpack_outputs_week13_expanded\dwt_419_smallest_last.txt
dwt_419,SMALLEST_LAST,6,271,135,0.6770334928229665,data\processed\initial_graph_coloring_dataset\colpack_outputs_week13_expanded\dwt_419_smallest_last.txt
dwt_419,SMALLEST_LAST,6,284,136,0.6746411483253588,data\processed\initial_graph_coloring_dataset\colpack_outputs_week13_expanded\dwt_419_smallest_last.txt
dwt_419,SMALLEST_LAST,6,404,137,0.6722488038277512,data\processed\initial_graph_coloring_dataset\colpack_outputs_week13_expanded\dwt_419_smallest_last.txt
dwt_419,SMALLEST_LAST,6,196,138,0.6698564593301436,data\processed\initial_graph_coloring_dataset\colpack_outputs_week13_expanded\dwt_419_smallest_last.txt
dwt_419,SMALLEST_LAST,6,59,139,0.6674641148325359,data\processed\initial_graph_coloring_dataset\colpack_outputs_week13_expanded\dwt_419_smallest_last.txt
dwt_419,SMALLEST_LAST,6,72,140,0.6650717703349283,data\processed\initial_graph_coloring_dataset\colpack_outputs_week13_expanded\dwt_419_smallest_last.txt
dwt_419,SMALLEST_LAST,6,283,141,0.6626794258373205,data\processed\initial_graph_coloring_dataset\colpack_outputs_week13_expanded\dwt_419_smallest_last.txt
dwt_419,SMALLEST_LAST,6,270,142,0.6602870813397129,data\processed\initial_graph_coloring_dataset\colpack_outputs_week13_expanded\dwt_419_smallest_last.txt
dwt_419,SMALLEST_LAST,6,403,143,0.6578947368421053,data\processed\initial_graph_coloring_dataset\colpack_outputs_week13_expanded\dwt_419_smallest_last.txt
dwt_419,SMALLEST_LAST,6,195,144,0.6555023923444976,data\processed\initial_graph_coloring_dataset\colpack_outputs_week13_expanded\dwt_419_smallest_last.txt
dwt_419,SMALLEST_LAST,6,58,145,0.65311004784689,data\processed\initial_graph_coloring_dataset\colpack_outputs_week13_expanded\dwt_419_smallest_last.txt
dwt_419,SMALLEST_LAST,6,83,146,0.6507177033492823,data\processed\initial_graph_coloring_dataset\colpack_outputs_week13_expanded\dwt_419_smallest_last.txt
dwt_419,SMALLEST_LAST,6,269,147,0.6483253588516746,data\processed\initial_graph_coloring_dataset\colpack_outputs_week13_expanded\dwt_419_smallest_last.txt
dwt_419,SMALLEST_LAST,6,294,148,0.645933014354067,data\processed\initial_graph_coloring_dataset\colpack_outputs_week13_expanded\dwt_419_smallest_last.txt
dwt_419,SMALLEST_LAST,6,292,149,0.6435406698564593,data\processed\initial_graph_coloring_dataset\colpack_outputs_week13_expanded\dwt_419_smallest_last.txt
dwt_419,SMALLEST_LAST,6,81,150,0.6411483253588517,data\processed\initial_graph_coloring_dataset\colpack_outputs_week13_expanded\dwt_419_smallest_last.txt
dwt_419,SMALLEST_LAST,6,55,151,0.638755980861244,data\processed\initial_graph_coloring_dataset\colpack_outputs_week13_expanded\dwt_419_smallest_last.txt
dwt_419,SMALLEST_LAST,6,77,152,0.6363636363636364,data\processed\initial_graph_coloring_dataset\colpack_outputs_week13_expanded\dwt_419_smallest_last.txt
dwt_419,SMALLEST_LAST,6,80,153,0.6339712918660287,data\processed\initial_graph_coloring_dataset\colpack_outputs_week13_expanded\dwt_419_smallest_last.txt
dwt_419,SMALLEST_LAST,6,186,154,0.631578947368421,data\processed\initial_graph_coloring_dataset\colpack_outputs_week13_expanded\dwt_419_smallest_last.txt
dwt_419,SMALLEST_LAST,6,78,155,0.6291866028708134,data\processed\initial_graph_coloring_dataset\colpack_outputs_week13_expanded\dwt_419_smallest_last.txt
dwt_419,SMALLEST_LAST,6,288,156,0.6267942583732058,data\processed\initial_graph_coloring_dataset\colpack_outputs_week13_expanded\dwt_419_smallest_last.txt
dwt_419,SMALLEST_LAST,6,266,157,0.6244019138755981,data\processed\initial_graph_coloring_dataset\colpack_outputs_week13_expanded\dwt_419_smallest_last.txt
dwt_419,SMALLEST_LAST,6,289,158,0.6220095693779905,data\processed\initial_graph_coloring_dataset\colpack_outputs_week13_expanded\dwt_419_smallest_last.txt
dwt_419,SMALLEST_LAST,6,79,159,0.6196172248803827,data\processed\initial_graph_coloring_dataset\colpack_outputs_week13_expanded\dwt_419_smallest_last.txt
dwt_419,SMALLEST_LAST,6,290,160,0.6172248803827751,data\processed\initial_graph_coloring_dataset\colpack_outputs_week13_expanded\dwt_419_smallest_last.txt
dwt_419,SMALLEST_LAST,6,182,161,0.6148325358851675,data\processed\initial_graph_coloring_dataset\colpack_outputs_week13_expanded\dwt_419_smallest_last.txt
dwt_419,SMALLEST_LAST,6,291,162,0.6124401913875598,data\processed\initial_graph_coloring_dataset\colpack_outputs_week13_expanded\dwt_419_smallest_last.txt
dwt_419,SMALLEST_LAST,6,393,163,0.6100478468899522,data\processed\initial_graph_coloring_dataset\colpack_outputs_week13_expanded\dwt_419_smallest_last.txt
dwt_419,SMALLEST_LAST,6,56,164,0.6076555023923444,data\processed\initial_graph_coloring_dataset\colpack_outputs_week13_expanded\dwt_419_smallest_last.txt
dwt_419,SMALLEST_LAST,6,57,165,0.6052631578947368,data\processed\initial_graph_coloring_dataset\colpack_outputs_week13_expanded\dwt_419_smallest_last.txt
dwt_419,SMALLEST_LAST,6,188,166,0.6028708133971292,data\processed\initial_graph_coloring_dataset\colpack_outputs_week13_expanded\dwt_419_smallest_last.txt
dwt_419,SMALLEST_LAST,6,267,167,0.6004784688995215,data\processed\initial_graph_coloring_dataset\colpack_outputs_week13_expanded\dwt_419_smallest_last.txt
dwt_419,SMALLEST_LAST,6,268,168,0.5980861244019139,data\processed\initial_graph_coloring_dataset\colpack_outputs_week13_expanded\dwt_419_smallest_last.txt
dwt_419,SMALLEST_LAST,6,396,169,0.5956937799043063,data\processed\initial_graph_coloring_dataset\colpack_outputs_week13_expanded\dwt_419_smallest_last.txt
dwt_419,SMALLEST_LAST,6,395,170,0.5933014354066986,data\processed\initial_graph_coloring_dataset\colpack_outputs_week13_expanded\dwt_419_smallest_last.txt
dwt_419,SMALLEST_LAST,6,187,171,0.5909090909090909,data\processed\initial_graph_coloring_dataset\colpack_outputs_week13_expanded\dwt_419_smallest_last.txt
dwt_419,SMALLEST_LAST,6,48,172,0.5885167464114832,data\processed\initial_graph_coloring_dataset\colpack_outputs_week13_expanded\dwt_419_smallest_last.txt
dwt_419,SMALLEST_LAST,6,39,173,0.5861244019138756,data\processed\initial_graph_coloring_dataset\colpack_outputs_week13_expanded\dwt_419_smallest_last.txt
dwt_419,SMALLEST_LAST,6,250,174,0.583732057416268,data\processed\initial_graph_coloring_dataset\colpack_outputs_week13_expanded\dwt_419_smallest_last.txt
dwt_419,SMALLEST_LAST,6,40,175,0.5813397129186603,data\processed\initial_graph_coloring_dataset\colpack_outputs_week13_expanded\dwt_419_smallest_last.txt
dwt_419,SMALLEST_LAST,6,42,176,0.5789473684210527,data\processed\initial_graph_coloring_dataset\colpack_outputs_week13_expanded\dwt_419_smallest_last.txt
dwt_419,SMALLEST_LAST,6,253,177,0.5765550239234449,data\processed\initial_graph_coloring_dataset\colpack_outputs_week13_expanded\dwt_419_smallest_last.txt
dwt_419,SMALLEST_LAST,6,41,178,0.5741626794258373,data\processed\initial_graph_coloring_dataset\colpack_outputs_week13_expanded\dwt_419_smallest_last.txt
dwt_419,SMALLEST_LAST,6,252,179,0.5717703349282297,data\processed\initial_graph_coloring_dataset\colpack_outputs_week13_expanded\dwt_419_smallest_last.txt
dwt_419,SMALLEST_LAST,6,251,180,0.569377990430622,data\processed\initial_graph_coloring_dataset\colpack_outputs_week13_expanded\dwt_419_smallest_last.txt
dwt_419,SMALLEST_LAST,6,259,181,0.5669856459330144,data\processed\initial_graph_coloring_dataset\colpack_outputs_week13_expanded\dwt_419_smallest_last.txt
dwt_419,SMALLEST_LAST,6,64,182,0.5645933014354066,data\processed\initial_graph_coloring_dataset\colpack_outputs_week13_expanded\dwt_419_smallest_last.txt
dwt_419,SMALLEST_LAST,6,275,183,0.562200956937799,data\processed\initial_graph_coloring_dataset\colpack_outputs_week13_expanded\dwt_419_smallest_last.txt
dwt_419,SMALLEST_LAST,6,298,184,0.5598086124401914,data\processed\initial_graph_coloring_dataset\colpack_outputs_week13_expanded\dwt_419_smallest_last.txt
dwt_419,SMALLEST_LAST,6,87,185,0.5574162679425837,data\processed\initial_graph_coloring_dataset\colpack_outputs_week13_expanded\dwt_419_smallest_last.txt
dwt_419,SMALLEST_LAST,6,88,186,0.5550239234449761,data\processed\initial_graph_coloring_dataset\colpack_outputs_week13_expanded\dwt_419_smallest_last.txt
dwt_419,SMALLEST_LAST,6,93,187,0.5526315789473685,data\processed\initial_graph_coloring_dataset\colpack_outputs_week13_expanded\dwt_419_smallest_last.txt
dwt_419,SMALLEST_LAST,6,94,188,0.5502392344497608,data\processed\initial_graph_coloring_dataset\colpack_outputs_week13_expanded\dwt_419_smallest_last.txt
dwt_419,SMALLEST_LAST,6,304,189,0.5478468899521531,data\processed\initial_graph_coloring_dataset\colpack_outputs_week13_expanded\dwt_419_smallest_last.txt
dwt_419,SMALLEST_LAST,6,299,190,0.5454545454545454,data\processed\initial_graph_coloring_dataset\colpack_outputs_week13_expanded\dwt_419_smallest_last.txt
dwt_419,SMALLEST_LAST,6,305,191,0.5430622009569378,data\processed\initial_graph_coloring_dataset\colpack_outputs_week13_expanded\dwt_419_smallest_last.txt
dwt_419,SMALLEST_LAST,6,315,192,0.5406698564593302,data\processed\initial_graph_coloring_dataset\colpack_outputs_week13_expanded\dwt_419_smallest_last.txt
dwt_419,SMALLEST_LAST,6,104,193,0.5382775119617225,data\processed\initial_graph_coloring_dataset\colpack_outputs_week13_expanded\dwt_419_smallest_last.txt
dwt_419,SMALLEST_LAST,6,105,194,0.5358851674641149,data\processed\initial_graph_coloring_dataset\colpack_outputs_week13_expanded\dwt_419_smallest_last.txt
dwt_419,SMALLEST_LAST,6,110,195,0.5334928229665071,data\processed\initial_graph_coloring_dataset\colpack_outputs_week13_expanded\dwt_419_smallest_last.txt
dwt_419,SMALLEST_LAST,6,316,196,0.5311004784688995,data\processed\initial_graph_coloring_dataset\colpack_outputs_week13_expanded\dwt_419_smallest_last.txt
dwt_419,SMALLEST_LAST,6,321,197,0.5287081339712919,data\processed\initial_graph_coloring_dataset\colpack_outputs_week13_expanded\dwt_419_smallest_last.txt
dwt_419,SMALLEST_LAST,6,322,198,0.5263157894736842,data\processed\initial_graph_coloring_dataset\colpack_outputs_week13_expanded\dwt_419_smallest_last.txt
dwt_419,SMALLEST_LAST,6,111,199,0.5239234449760766,data\processed\initial_graph_coloring_dataset\colpack_outputs_week13_expanded\dwt_419_smallest_last.txt
dwt_419,SMALLEST_LAST,6,121,200,0.5215311004784688,data\processed\initial_graph_coloring_dataset\colpack_outputs_week13_expanded\dwt_419_smallest_last.txt
dwt_419,SMALLEST_LAST,6,332,201,0.5191387559808612,data\processed\initial_graph_coloring_dataset\colpack_outputs_week13_expanded\dwt_419_smallest_last.txt
dwt_419,SMALLEST_LAST,6,164,202,0.5167464114832536,data\processed\initial_graph_coloring_dataset\colpack_outputs_week13_expanded\dwt_419_smallest_last.txt
dwt_419,SMALLEST_LAST,6,170,203,0.5143540669856459,data\processed\initial_graph_coloring_dataset\colpack_outputs_week13_expanded\dwt_419_smallest_last.txt
dwt_419,SMALLEST_LAST,6,375,204,0.5119617224880383,data\processed\initial_graph_coloring_dataset\colpack_outputs_week13_expanded\dwt_419_smallest_last.txt
dwt_419,SMALLEST_LAST,6,381,205,0.5095693779904307,data\processed\initial_graph_coloring_dataset\colpack_outputs_week13_expanded\dwt_419_smallest_last.txt
dwt_419,SMALLEST_LAST,6,382,206,0.507177033492823,data\processed\initial_graph_coloring_dataset\colpack_outputs_week13_expanded\dwt_419_smallest_last.txt
dwt_419,SMALLEST_LAST,6,171,207,0.5047846889952153,data\processed\initial_graph_coloring_dataset\colpack_outputs_week13_expanded\dwt_419_smallest_last.txt
dwt_419,SMALLEST_LAST,6,165,208,0.5023923444976076,data\processed\initial_graph_coloring_dataset\colpack_outputs_week13_expanded\dwt_419_smallest_last.txt
dwt_419,SMALLEST_LAST,6,129,209,0.5,data\processed\initial_graph_coloring_dataset\colpack_outputs_week13_expanded\dwt_419_smallest_last.txt
dwt_419,SMALLEST_LAST,6,340,210,0.49760765550239233,data\processed\initial_graph_coloring_dataset\colpack_outputs_week13_expanded\dwt_419_smallest_last.txt
dwt_419,SMALLEST_LAST,6,376,211,0.49521531100478466,data\processed\initial_graph_coloring_dataset\colpack_outputs_week13_expanded\dwt_419_smallest_last.txt
dwt_419,SMALLEST_LAST,6,352,212,0.49282296650717705,data\processed\initial_graph_coloring_dataset\colpack_outputs_week13_expanded\dwt_419_smallest_last.txt
dwt_419,SMALLEST_LAST,6,141,213,0.4904306220095694,data\processed\initial_graph_coloring_dataset\colpack_outputs_week13_expanded\dwt_419_smallest_last.txt
dwt_419,SMALLEST_LAST,6,128,214,0.4880382775119617,data\processed\initial_graph_coloring_dataset\colpack_outputs_week13_expanded\dwt_419_smallest_last.txt
dwt_419,SMALLEST_LAST,6,339,215,0.48564593301435405,data\processed\initial_graph_coloring_dataset\colpack_outputs_week13_expanded\dwt_419_smallest_last.txt
dwt_419,SMALLEST_LAST,6,338,216,0.48325358851674644,data\processed\initial_graph_coloring_dataset\colpack_outputs_week13_expanded\dwt_419_smallest_last.txt
dwt_419,SMALLEST_LAST,6,127,217,0.48086124401913877,data\processed\initial_graph_coloring_dataset\colpack_outputs_week13_expanded\dwt_419_smallest_last.txt
dwt_419,SMALLEST_LAST,6,122,218,0.4784688995215311,data\processed\initial_graph_coloring_dataset\colpack_outputs_week13_expanded\dwt_419_smallest_last.txt
dwt_419,SMALLEST_LAST,6,130,219,0.47607655502392343,data\processed\initial_graph_coloring_dataset\colpack_outputs_week13_expanded\dwt_419_smallest_last.txt
dwt_419,SMALLEST_LAST,6,204,220,0.47368421052631576,data\processed\initial_graph_coloring_dataset\colpack_outputs_week13_expanded\dwt_419_smallest_last.txt
dwt_419,SMALLEST_LAST,6,341,221,0.47129186602870815,data\processed\initial_graph_coloring_dataset\colpack_outputs_week13_expanded\dwt_419_smallest_last.txt
dwt_419,SMALLEST_LAST,6,412,222,0.4688995215311005,data\processed\initial_graph_coloring_dataset\colpack_outputs_week13_expanded\dwt_419_smallest_last.txt
dwt_419,SMALLEST_LAST,6,411,223,0.4665071770334928,data\processed\initial_graph_coloring_dataset\colpack_outputs_week13_expanded\dwt_419_smallest_last.txt
dwt_419,SMALLEST_LAST,6,203,224,0.46411483253588515,data\processed\initial_graph_coloring_dataset\colpack_outputs_week13_expanded\dwt_419_smallest_last.txt
dwt_419,SMALLEST_LAST,6,142,225,0.46172248803827753,data\processed\initial_graph_coloring_dataset\colpack_outputs_week13_expanded\dwt_419_smallest_last.txt
dwt_419,SMALLEST_LAST,6,131,226,0.45933014354066987,data\processed\initial_graph_coloring_dataset\colpack_outputs_week13_expanded\dwt_419_smallest_last.txt
dwt_419,SMALLEST_LAST,6,342,227,0.4569377990430622,data\processed\initial_graph_coloring_dataset\colpack_outputs_week13_expanded\dwt_419_smallest_last.txt
dwt_419,SMALLEST_LAST,6,353,228,0.45454545454545453,data\processed\initial_graph_coloring_dataset\colpack_outputs_week13_expanded\dwt_419_smallest_last.txt
dwt_419,SMALLEST_LAST,6,410,229,0.45215311004784686,data\processed\initial_graph_coloring_dataset\colpack_outputs_week13_expanded\dwt_419_smallest_last.txt
dwt_419,SMALLEST_LAST,6,202,230,0.44976076555023925,data\processed\initial_graph_coloring_dataset\colpack_outputs_week13_expanded\dwt_419_smallest_last.txt
dwt_419,SMALLEST_LAST,6,143,231,0.4473684210526316,data\processed\initial_graph_coloring_dataset\colpack_outputs_week13_expanded\dwt_419_smallest_last.txt
dwt_419,SMALLEST_LAST,6,354,232,0.4449760765550239,data\processed\initial_graph_coloring_dataset\colpack_outputs_week13_expanded\dwt_419_smallest_last.txt
dwt_419,SMALLEST_LAST,6,409,233,0.44258373205741625,data\processed\initial_graph_coloring_dataset\colpack_outputs_week13_expanded\dwt_419_smallest_last.txt
dwt_419,SMALLEST_LAST,6,201,234,0.44019138755980863,data\processed\initial_graph_coloring_dataset\colpack_outputs_week13_expanded\dwt_419_smallest_last.txt
dwt_419,SMALLEST_LAST,6,144,235,0.43779904306220097,data\processed\initial_graph_coloring_dataset\colpack_outputs_week13_expanded\dwt_419_smallest_last.txt
dwt_419,SMALLEST_LAST,6,153,236,0.4354066985645933,data\processed\initial_graph_coloring_dataset\colpack_outputs_week13_expanded\dwt_419_smallest_last.txt
dwt_419,SMALLEST_LAST,6,355,237,0.43301435406698563,data\processed\initial_graph_coloring_dataset\colpack_outputs_week13_expanded\dwt_419_smallest_last.txt
dwt_419,SMALLEST_LAST,6,364,238,0.430622009569378,data\processed\initial_graph_coloring_dataset\colpack_outputs_week13_expanded\dwt_419_smallest_last.txt
dwt_419,SMALLEST_LAST,6,374,239,0.42822966507177035,data\processed\initial_graph_coloring_dataset\colpack_outputs_week13_expanded\dwt_419_smallest_last.txt
dwt_419,SMALLEST_LAST,6,163,240,0.4258373205741627,data\processed\initial_graph_coloring_dataset\colpack_outputs_week13_expanded\dwt_419_smallest_last.txt
dwt_419,SMALLEST_LAST,6,148,241,0.423444976076555,data\processed\initial_graph_coloring_dataset\colpack_outputs_week13_expanded\dwt_419_smallest_last.txt
dwt_419,SMALLEST_LAST,6,359,242,0.42105263157894735,data\processed\initial_graph_coloring_dataset\colpack_outputs_week13_expanded\dwt_419_smallest_last.txt
dwt_419,SMALLEST_LAST,6,415,243,0.41866028708133973,data\processed\initial_graph_coloring_dataset\colpack_outputs_week13_expanded\dwt_419_smallest_last.txt
dwt_419,SMALLEST_LAST,6,207,244,0.41626794258373206,data\processed\initial_graph_coloring_dataset\colpack_outputs_week13_expanded\dwt_419_smallest_last.txt
dwt_419,SMALLEST_LAST,6,147,245,0.4138755980861244,data\processed\initial_graph_coloring_dataset\colpack_outputs_week13_expanded\dwt_419_smallest_last.txt
dwt_419,SMALLEST_LAST,6,159,246,0.41148325358851673,data\processed\initial_graph_coloring_dataset\colpack_outputs_week13_expanded\dwt_419_smallest_last.txt
dwt_419,SMALLEST_LAST,6,162,247,0.4090909090909091,data\processed\initial_graph_coloring_dataset\colpack_outputs_week13_expanded\dwt_419_smallest_last.txt
dwt_419,SMALLEST_LAST,6,184,248,0.40669856459330145,data\processed\initial_graph_coloring_dataset\colpack_outputs_week13_expanded\dwt_419_smallest_last.txt
dwt_419,SMALLEST_LAST,6,160,249,0.4043062200956938,data\processed\initial_graph_coloring_dataset\colpack_outputs_week13_expanded\dwt_419_smallest_last.txt
dwt_419,SMALLEST_LAST,6,370,250,0.4019138755980861,data\processed\initial_graph_coloring_dataset\colpack_outputs_week13_expanded\dwt_419_smallest_last.txt
dwt_419,SMALLEST_LAST,6,358,251,0.39952153110047844,data\processed\initial_graph_coloring_dataset\colpack_outputs_week13_expanded\dwt_419_smallest_last.txt
dwt_419,SMALLEST_LAST,6,371,252,0.39712918660287083,data\processed\initial_graph_coloring_dataset\colpack_outputs_week13_expanded\dwt_419_smallest_last.txt
dwt_419,SMALLEST_LAST,6,161,253,0.39473684210526316,data\processed\initial_graph_coloring_dataset\colpack_outputs_week13_expanded\dwt_419_smallest_last.txt
dwt_419,SMALLEST_LAST,6,372,254,0.3923444976076555,data\processed\initial_graph_coloring_dataset\colpack_outputs_week13_expanded\dwt_419_smallest_last.txt
dwt_419,SMALLEST_LAST,6,183,255,0.38995215311004783,data\processed\initial_graph_coloring_dataset\colpack_outputs_week13_expanded\dwt_419_smallest_last.txt
dwt_419,SMALLEST_LAST,6,373,256,0.3875598086124402,data\processed\initial_graph_coloring_dataset\colpack_outputs_week13_expanded\dwt_419_smallest_last.txt
dwt_419,SMALLEST_LAST,6,394,257,0.38516746411483255,data\processed\initial_graph_coloring_dataset\colpack_outputs_week13_expanded\dwt_419_smallest_last.txt
dwt_419,SMALLEST_LAST,6,145,258,0.3827751196172249,data\processed\initial_graph_coloring_dataset\colpack_outputs_week13_expanded\dwt_419_smallest_last.txt
dwt_419,SMALLEST_LAST,6,146,259,0.3803827751196172,data\processed\initial_graph_coloring_dataset\colpack_outputs_week13_expanded\dwt_419_smallest_last.txt
dwt_419,SMALLEST_LAST,6,200,260,0.37799043062200954,data\processed\initial_graph_coloring_dataset\colpack_outputs_week13_expanded\dwt_419_smallest_last.txt
dwt_419,SMALLEST_LAST,6,356,261,0.37559808612440193,data\processed\initial_graph_coloring_dataset\colpack_outputs_week13_expanded\dwt_419_smallest_last.txt
dwt_419,SMALLEST_LAST,6,357,262,0.37320574162679426,data\processed\initial_graph_coloring_dataset\colpack_outputs_week13_expanded\dwt_419_smallest_last.txt
dwt_419,SMALLEST_LAST,6,408,263,0.3708133971291866,data\processed\initial_graph_coloring_dataset\colpack_outputs_week13_expanded\dwt_419_smallest_last.txt
dwt_419,SMALLEST_LAST,6,199,264,0.3684210526315789,data\processed\initial_graph_coloring_dataset\colpack_outputs_week13_expanded\dwt_419_smallest_last.txt
dwt_419,SMALLEST_LAST,6,407,265,0.3660287081339713,data\processed\initial_graph_coloring_dataset\colpack_outputs_week13_expanded\dwt_419_smallest_last.txt
dwt_419,SMALLEST_LAST,6,377,266,0.36363636363636365,data\processed\initial_graph_coloring_dataset\colpack_outputs_week13_expanded\dwt_419_smallest_last.txt
dwt_419,SMALLEST_LAST,6,172,267,0.361244019138756,data\processed\initial_graph_coloring_dataset\colpack_outputs_week13_expanded\dwt_419_smallest_last.txt
dwt_419,SMALLEST_LAST,6,383,268,0.3588516746411483,data\processed\initial_graph_coloring_dataset\colpack_outputs_week13_expanded\dwt_419_smallest_last.txt
dwt_419,SMALLEST_LAST,6,173,269,0.35645933014354064,data\processed\initial_graph_coloring_dataset\colpack_outputs_week13_expanded\dwt_419_smallest_last.txt
dwt_419,SMALLEST_LAST,6,384,270,0.35406698564593303,data\processed\initial_graph_coloring_dataset\colpack_outputs_week13_expanded\dwt_419_smallest_last.txt
dwt_419,SMALLEST_LAST,6,385,271,0.35167464114832536,data\processed\initial_graph_coloring_dataset\colpack_outputs_week13_expanded\dwt_419_smallest_last.txt
dwt_419,SMALLEST_LAST,6,386,272,0.3492822966507177,data\processed\initial_graph_coloring_dataset\colpack_outputs_week13_expanded\dwt_419_smallest_last.txt
dwt_419,SMALLEST_LAST,6,174,273,0.34688995215311,data\processed\initial_graph_coloring_dataset\colpack_outputs_week13_expanded\dwt_419_smallest_last.txt
dwt_419,SMALLEST_LAST,6,175,274,0.3444976076555024,data\processed\initial_graph_coloring_dataset\colpack_outputs_week13_expanded\dwt_419_smallest_last.txt
dwt_419,SMALLEST_LAST,6,166,275,0.34210526315789475,data\processed\initial_graph_coloring_dataset\colpack_outputs_week13_expanded\dwt_419_smallest_last.txt
dwt_419,SMALLEST_LAST,6,185,276,0.3397129186602871,data\processed\initial_graph_coloring_dataset\colpack_outputs_week13_expanded\dwt_419_smallest_last.txt
dwt_419,SMALLEST_LAST,6,6,277,0.3373205741626794,data\processed\initial_graph_coloring_dataset\colpack_outputs_week13_expanded\dwt_419_smallest_last.txt
dwt_419,SMALLEST_LAST,6,7,278,0.3349282296650718,data\processed\initial_graph_coloring_dataset\colpack_outputs_week13_expanded\dwt_419_smallest_last.txt
dwt_419,SMALLEST_LAST,6,31,279,0.33253588516746413,data\processed\initial_graph_coloring_dataset\colpack_outputs_week13_expanded\dwt_419_smallest_last.txt
dwt_419,SMALLEST_LAST,6,30,280,0.33014354066985646,data\processed\initial_graph_coloring_dataset\colpack_outputs_week13_expanded\dwt_419_smallest_last.txt
dwt_419,SMALLEST_LAST,6,47,281,0.3277511961722488,data\processed\initial_graph_coloring_dataset\colpack_outputs_week13_expanded\dwt_419_smallest_last.txt
dwt_419,SMALLEST_LAST,6,38,282,0.3253588516746411,data\processed\initial_graph_coloring_dataset\colpack_outputs_week13_expanded\dwt_419_smallest_last.txt
dwt_419,SMALLEST_LAST,6,213,283,0.3229665071770335,data\processed\initial_graph_coloring_dataset\colpack_outputs_week13_expanded\dwt_419_smallest_last.txt
dwt_419,SMALLEST_LAST,6,211,284,0.32057416267942584,data\processed\initial_graph_coloring_dataset\colpack_outputs_week13_expanded\dwt_419_smallest_last.txt
dwt_419,SMALLEST_LAST,6,217,285,0.3181818181818182,data\processed\initial_graph_coloring_dataset\colpack_outputs_week13_expanded\dwt_419_smallest_last.txt
dwt_419,SMALLEST_LAST,6,218,286,0.3157894736842105,data\processed\initial_graph_coloring_dataset\colpack_outputs_week13_expanded\dwt_419_smallest_last.txt
dwt_419,SMALLEST_LAST,6,242,287,0.3133971291866029,data\processed\initial_graph_coloring_dataset\colpack_outputs_week13_expanded\dwt_419_smallest_last.txt
dwt_419,SMALLEST_LAST,6,241,288,0.31100478468899523,data\processed\initial_graph_coloring_dataset\colpack_outputs_week13_expanded\dwt_419_smallest_last.txt
dwt_419,SMALLEST_LAST,6,258,289,0.30861244019138756,data\processed\initial_graph_coloring_dataset\colpack_outputs_week13_expanded\dwt_419_smallest_last.txt
dwt_419,SMALLEST_LAST,6,249,290,0.3062200956937799,data\processed\initial_graph_coloring_dataset\colpack_outputs_week13_expanded\dwt_419_smallest_last.txt
dwt_419,SMALLEST_LAST,6,36,291,0.3038277511961722,data\processed\initial_graph_coloring_dataset\colpack_outputs_week13_expanded\dwt_419_smallest_last.txt
dwt_419,SMALLEST_LAST,6,37,292,0.3014354066985646,data\processed\initial_graph_coloring_dataset\colpack_outputs_week13_expanded\dwt_419_smallest_last.txt
dwt_419,SMALLEST_LAST,6,247,293,0.29904306220095694,data\processed\initial_graph_coloring_dataset\colpack_outputs_week13_expanded\dwt_419_smallest_last.txt
dwt_419,SMALLEST_LAST,6,248,294,0.2966507177033493,data\processed\initial_graph_coloring_dataset\colpack_outputs_week13_expanded\dwt_419_smallest_last.txt
dwt_419,SMALLEST_LAST,6,68,295,0.2942583732057416,data\processed\initial_graph_coloring_dataset\colpack_outputs_week13_expanded\dwt_419_smallest_last.txt
dwt_419,SMALLEST_LAST,6,86,296,0.291866028708134,data\processed\initial_graph_coloring_dataset\colpack_outputs_week13_expanded\dwt_419_smallest_last.txt
dwt_419,SMALLEST_LAST,6,279,297,0.2894736842105263,data\processed\initial_graph_coloring_dataset\colpack_outputs_week13_expanded\dwt_419_smallest_last.txt
dwt_419,SMALLEST_LAST,6,297,298,0.28708133971291866,data\processed\initial_graph_coloring_dataset\colpack_outputs_week13_expanded\dwt_419_smallest_last.txt
dwt_419,SMALLEST_LAST,6,85,299,0.284688995215311,data\processed\initial_graph_coloring_dataset\colpack_outputs_week13_expanded\dwt_419_smallest_last.txt
dwt_419,SMALLEST_LAST,6,71,300,0.2822966507177033,data\processed\initial_graph_coloring_dataset\colpack_outputs_week13_expanded\dwt_419_smallest_last.txt
dwt_419,SMALLEST_LAST,6,82,301,0.2799043062200957,data\processed\initial_graph_coloring_dataset\colpack_outputs_week13_expanded\dwt_419_smallest_last.txt
dwt_419,SMALLEST_LAST,6,282,302,0.27751196172248804,data\processed\initial_graph_coloring_dataset\colpack_outputs_week13_expanded\dwt_419_smallest_last.txt
dwt_419,SMALLEST_LAST,6,293,303,0.2751196172248804,data\processed\initial_graph_coloring_dataset\colpack_outputs_week13_expanded\dwt_419_smallest_last.txt
dwt_419,SMALLEST_LAST,6,84,304,0.2727272727272727,data\processed\initial_graph_coloring_dataset\colpack_outputs_week13_expanded\dwt_419_smallest_last.txt
dwt_419,SMALLEST_LAST,6,295,305,0.2703349282296651,data\processed\initial_graph_coloring_dataset\colpack_outputs_week13_expanded\dwt_419_smallest_last.txt
dwt_419,SMALLEST_LAST,6,181,306,0.2679425837320574,data\processed\initial_graph_coloring_dataset\colpack_outputs_week13_expanded\dwt_419_smallest_last.txt
dwt_419,SMALLEST_LAST,6,296,307,0.26555023923444976,data\processed\initial_graph_coloring_dataset\colpack_outputs_week13_expanded\dwt_419_smallest_last.txt
dwt_419,SMALLEST_LAST,6,392,308,0.2631578947368421,data\processed\initial_graph_coloring_dataset\colpack_outputs_week13_expanded\dwt_419_smallest_last.txt
dwt_419,SMALLEST_LAST,6,69,309,0.2607655502392344,data\processed\initial_graph_coloring_dataset\colpack_outputs_week13_expanded\dwt_419_smallest_last.txt
dwt_419,SMALLEST_LAST,6,70,310,0.2583732057416268,data\processed\initial_graph_coloring_dataset\colpack_outputs_week13_expanded\dwt_419_smallest_last.txt
dwt_419,SMALLEST_LAST,6,193,311,0.25598086124401914,data\processed\initial_graph_coloring_dataset\colpack_outputs_week13_expanded\dwt_419_smallest_last.txt
dwt_419,SMALLEST_LAST,6,280,312,0.2535885167464115,data\processed\initial_graph_coloring_dataset\colpack_outputs_week13_expanded\dwt_419_smallest_last.txt
dwt_419,SMALLEST_LAST,6,281,313,0.2511961722488038,data\processed\initial_graph_coloring_dataset\colpack_outputs_week13_expanded\dwt_419_smallest_last.txt
dwt_419,SMALLEST_LAST,6,401,314,0.24880382775119617,data\processed\initial_graph_coloring_dataset\colpack_outputs_week13_expanded\dwt_419_smallest_last.txt
dwt_419,SMALLEST_LAST,6,402,315,0.24641148325358853,data\processed\initial_graph_coloring_dataset\colpack_outputs_week13_expanded\dwt_419_smallest_last.txt
dwt_419,SMALLEST_LAST,6,194,316,0.24401913875598086,data\processed\initial_graph_coloring_dataset\colpack_outputs_week13_expanded\dwt_419_smallest_last.txt
dwt_419,SMALLEST_LAST,6,89,317,0.24162679425837322,data\processed\initial_graph_coloring_dataset\colpack_outputs_week13_expanded\dwt_419_smallest_last.txt
dwt_419,SMALLEST_LAST,6,90,318,0.23923444976076555,data\processed\initial_graph_coloring_dataset\colpack_outputs_week13_expanded\dwt_419_smallest_last.txt
dwt_419,SMALLEST_LAST,6,98,319,0.23684210526315788,data\processed\initial_graph_coloring_dataset\colpack_outputs_week13_expanded\dwt_419_smallest_last.txt
dwt_419,SMALLEST_LAST,6,95,320,0.23444976076555024,data\processed\initial_graph_coloring_dataset\colpack_outputs_week13_expanded\dwt_419_smallest_last.txt
dwt_419,SMALLEST_LAST,6,306,321,0.23205741626794257,data\processed\initial_graph_coloring_dataset\colpack_outputs_week13_expanded\dwt_419_smallest_last.txt
dwt_419,SMALLEST_LAST,6,96,322,0.22966507177033493,data\processed\initial_graph_coloring_dataset\colpack_outputs_week13_expanded\dwt_419_smallest_last.txt
dwt_419,SMALLEST_LAST,6,97,323,0.22727272727272727,data\processed\initial_graph_coloring_dataset\colpack_outputs_week13_expanded\dwt_419_smallest_last.txt
dwt_419,SMALLEST_LAST,6,307,324,0.22488038277511962,data\processed\initial_graph_coloring_dataset\colpack_outputs_week13_expanded\dwt_419_smallest_last.txt
dwt_419,SMALLEST_LAST,6,308,325,0.22248803827751196,data\processed\initial_graph_coloring_dataset\colpack_outputs_week13_expanded\dwt_419_smallest_last.txt
dwt_419,SMALLEST_LAST,6,309,326,0.22009569377990432,data\processed\initial_graph_coloring_dataset\colpack_outputs_week13_expanded\dwt_419_smallest_last.txt
dwt_419,SMALLEST_LAST,6,300,327,0.21770334928229665,data\processed\initial_graph_coloring_dataset\colpack_outputs_week13_expanded\dwt_419_smallest_last.txt
dwt_419,SMALLEST_LAST,6,301,328,0.215311004784689,data\processed\initial_graph_coloring_dataset\colpack_outputs_week13_expanded\dwt_419_smallest_last.txt
dwt_419,SMALLEST_LAST,6,310,329,0.21291866028708134,data\processed\initial_graph_coloring_dataset\colpack_outputs_week13_expanded\dwt_419_smallest_last.txt
dwt_419,SMALLEST_LAST,6,99,330,0.21052631578947367,data\processed\initial_graph_coloring_dataset\colpack_outputs_week13_expanded\dwt_419_smallest_last.txt
dwt_419,SMALLEST_LAST,6,75,331,0.20813397129186603,data\processed\initial_graph_coloring_dataset\colpack_outputs_week13_expanded\dwt_419_smallest_last.txt
dwt_419,SMALLEST_LAST,6,286,332,0.20574162679425836,data\processed\initial_graph_coloring_dataset\colpack_outputs_week13_expanded\dwt_419_smallest_last.txt
dwt_419,SMALLEST_LAST,6,303,333,0.20334928229665072,data\processed\initial_graph_coloring_dataset\colpack_outputs_week13_expanded\dwt_419_smallest_last.txt
dwt_419,SMALLEST_LAST,6,92,334,0.20095693779904306,data\processed\initial_graph_coloring_dataset\colpack_outputs_week13_expanded\dwt_419_smallest_last.txt
dwt_419,SMALLEST_LAST,6,91,335,0.19856459330143542,data\processed\initial_graph_coloring_dataset\colpack_outputs_week13_expanded\dwt_419_smallest_last.txt
dwt_419,SMALLEST_LAST,6,103,336,0.19617224880382775,data\processed\initial_graph_coloring_dataset\colpack_outputs_week13_expanded\dwt_419_smallest_last.txt
dwt_419,SMALLEST_LAST,6,102,337,0.1937799043062201,data\processed\initial_graph_coloring_dataset\colpack_outputs_week13_expanded\dwt_419_smallest_last.txt
dwt_419,SMALLEST_LAST,6,100,338,0.19138755980861244,data\processed\initial_graph_coloring_dataset\colpack_outputs_week13_expanded\dwt_419_smallest_last.txt
dwt_419,SMALLEST_LAST,6,311,339,0.18899521531100477,data\processed\initial_graph_coloring_dataset\colpack_outputs_week13_expanded\dwt_419_smallest_last.txt
dwt_419,SMALLEST_LAST,6,101,340,0.18660287081339713,data\processed\initial_graph_coloring_dataset\colpack_outputs_week13_expanded\dwt_419_smallest_last.txt
dwt_419,SMALLEST_LAST,6,312,341,0.18421052631578946,data\processed\initial_graph_coloring_dataset\colpack_outputs_week13_expanded\dwt_419_smallest_last.txt
dwt_419,SMALLEST_LAST,6,313,342,0.18181818181818182,data\processed\initial_graph_coloring_dataset\colpack_outputs_week13_expanded\dwt_419_smallest_last.txt
dwt_419,SMALLEST_LAST,6,314,343,0.17942583732057416,data\processed\initial_graph_coloring_dataset\colpack_outputs_week13_expanded\dwt_419_smallest_last.txt
dwt_419,SMALLEST_LAST,6,302,344,0.17703349282296652,data\processed\initial_graph_coloring_dataset\colpack_outputs_week13_expanded\dwt_419_smallest_last.txt
dwt_419,SMALLEST_LAST,6,348,345,0.17464114832535885,data\processed\initial_graph_coloring_dataset\colpack_outputs_week13_expanded\dwt_419_smallest_last.txt
dwt_419,SMALLEST_LAST,6,132,346,0.1722488038277512,data\processed\initial_graph_coloring_dataset\colpack_outputs_week13_expanded\dwt_419_smallest_last.txt
dwt_419,SMALLEST_LAST,6,343,347,0.16985645933014354,data\processed\initial_graph_coloring_dataset\colpack_outputs_week13_expanded\dwt_419_smallest_last.txt
dwt_419,SMALLEST_LAST,6,137,348,0.1674641148325359,data\processed\initial_graph_coloring_dataset\colpack_outputs_week13_expanded\dwt_419_smallest_last.txt
dwt_419,SMALLEST_LAST,6,136,349,0.16507177033492823,data\processed\initial_graph_coloring_dataset\colpack_outputs_week13_expanded\dwt_419_smallest_last.txt
dwt_419,SMALLEST_LAST,6,158,350,0.16267942583732056,data\processed\initial_graph_coloring_dataset\colpack_outputs_week13_expanded\dwt_419_smallest_last.txt
dwt_419,SMALLEST_LAST,6,347,351,0.16028708133971292,data\processed\initial_graph_coloring_dataset\colpack_outputs_week13_expanded\dwt_419_smallest_last.txt
dwt_419,SMALLEST_LAST,6,369,352,0.15789473684210525,data\processed\initial_graph_coloring_dataset\colpack_outputs_week13_expanded\dwt_419_smallest_last.txt
dwt_419,SMALLEST_LAST,6,157,353,0.15550239234449761,data\processed\initial_graph_coloring_dataset\colpack_outputs_week13_expanded\dwt_419_smallest_last.txt
dwt_419,SMALLEST_LAST,6,133,354,0.15311004784688995,data\processed\initial_graph_coloring_dataset\colpack_outputs_week13_expanded\dwt_419_smallest_last.txt
dwt_419,SMALLEST_LAST,6,154,355,0.1507177033492823,data\processed\initial_graph_coloring_dataset\colpack_outputs_week13_expanded\dwt_419_smallest_last.txt
dwt_419,SMALLEST_LAST,6,344,356,0.14832535885167464,data\processed\initial_graph_coloring_dataset\colpack_outputs_week13_expanded\dwt_419_smallest_last.txt
dwt_419,SMALLEST_LAST,6,365,357,0.145933014354067,data\processed\initial_graph_coloring_dataset\colpack_outputs_week13_expanded\dwt_419_smallest_last.txt
dwt_419,SMALLEST_LAST,6,155,358,0.14354066985645933,data\processed\initial_graph_coloring_dataset\colpack_outputs_week13_expanded\dwt_419_smallest_last.txt
dwt_419,SMALLEST_LAST,6,366,359,0.14114832535885166,data\processed\initial_graph_coloring_dataset\colpack_outputs_week13_expanded\dwt_419_smallest_last.txt
dwt_419,SMALLEST_LAST,6,156,360,0.13875598086124402,data\processed\initial_graph_coloring_dataset\colpack_outputs_week13_expanded\dwt_419_smallest_last.txt
dwt_419,SMALLEST_LAST,6,368,361,0.13636363636363635,data\processed\initial_graph_coloring_dataset\colpack_outputs_week13_expanded\dwt_419_smallest_last.txt
dwt_419,SMALLEST_LAST,6,367,362,0.1339712918660287,data\processed\initial_graph_coloring_dataset\colpack_outputs_week13_expanded\dwt_419_smallest_last.txt
dwt_419,SMALLEST_LAST,6,134,363,0.13157894736842105,data\processed\initial_graph_coloring_dataset\colpack_outputs_week13_expanded\dwt_419_smallest_last.txt
dwt_419,SMALLEST_LAST,6,135,364,0.1291866028708134,data\processed\initial_graph_coloring_dataset\colpack_outputs_week13_expanded\dwt_419_smallest_last.txt
dwt_419,SMALLEST_LAST,6,205,365,0.12679425837320574,data\processed\initial_graph_coloring_dataset\colpack_outputs_week13_expanded\dwt_419_smallest_last.txt
dwt_419,SMALLEST_LAST,6,345,366,0.12440191387559808,data\processed\initial_graph_coloring_dataset\colpack_outputs_week13_expanded\dwt_419_smallest_last.txt
dwt_419,SMALLEST_LAST,6,346,367,0.12200956937799043,data\processed\initial_graph_coloring_dataset\colpack_outputs_week13_expanded\dwt_419_smallest_last.txt
dwt_419,SMALLEST_LAST,6,413,368,0.11961722488038277,data\processed\initial_graph_coloring_dataset\colpack_outputs_week13_expanded\dwt_419_smallest_last.txt
dwt_419,SMALLEST_LAST,6,414,369,0.11722488038277512,data\processed\initial_graph_coloring_dataset\colpack_outputs_week13_expanded\dwt_419_smallest_last.txt
dwt_419,SMALLEST_LAST,6,206,370,0.11483253588516747,data\processed\initial_graph_coloring_dataset\colpack_outputs_week13_expanded\dwt_419_smallest_last.txt
dwt_419,SMALLEST_LAST,6,123,371,0.11244019138755981,data\processed\initial_graph_coloring_dataset\colpack_outputs_week13_expanded\dwt_419_smallest_last.txt
dwt_419,SMALLEST_LAST,6,112,372,0.11004784688995216,data\processed\initial_graph_coloring_dataset\colpack_outputs_week13_expanded\dwt_419_smallest_last.txt
dwt_419,SMALLEST_LAST,6,323,373,0.1076555023923445,data\processed\initial_graph_coloring_dataset\colpack_outputs_week13_expanded\dwt_419_smallest_last.txt
dwt_419,SMALLEST_LAST,6,113,374,0.10526315789473684,data\processed\initial_graph_coloring_dataset\colpack_outputs_week13_expanded\dwt_419_smallest_last.txt
dwt_419,SMALLEST_LAST,6,324,375,0.10287081339712918,data\processed\initial_graph_coloring_dataset\colpack_outputs_week13_expanded\dwt_419_smallest_last.txt
dwt_419,SMALLEST_LAST,6,114,376,0.10047846889952153,data\processed\initial_graph_coloring_dataset\colpack_outputs_week13_expanded\dwt_419_smallest_last.txt
dwt_419,SMALLEST_LAST,6,115,377,0.09808612440191387,data\processed\initial_graph_coloring_dataset\colpack_outputs_week13_expanded\dwt_419_smallest_last.txt
dwt_419,SMALLEST_LAST,6,326,378,0.09569377990430622,data\processed\initial_graph_coloring_dataset\colpack_outputs_week13_expanded\dwt_419_smallest_last.txt
dwt_419,SMALLEST_LAST,6,325,379,0.09330143540669857,data\processed\initial_graph_coloring_dataset\colpack_outputs_week13_expanded\dwt_419_smallest_last.txt
dwt_419,SMALLEST_LAST,6,0,380,0.09090909090909091,data\processed\initial_graph_coloring_dataset\colpack_outputs_week13_expanded\dwt_419_smallest_last.txt
dwt_419,SMALLEST_LAST,6,2,381,0.08851674641148326,data\processed\initial_graph_coloring_dataset\colpack_outputs_week13_expanded\dwt_419_smallest_last.txt
dwt_419,SMALLEST_LAST,6,10,382,0.0861244019138756,data\processed\initial_graph_coloring_dataset\colpack_outputs_week13_expanded\dwt_419_smallest_last.txt
dwt_419,SMALLEST_LAST,6,11,383,0.08373205741626795,data\processed\initial_graph_coloring_dataset\colpack_outputs_week13_expanded\dwt_419_smallest_last.txt
dwt_419,SMALLEST_LAST,6,106,384,0.08133971291866028,data\processed\initial_graph_coloring_dataset\colpack_outputs_week13_expanded\dwt_419_smallest_last.txt
dwt_419,SMALLEST_LAST,6,107,385,0.07894736842105263,data\processed\initial_graph_coloring_dataset\colpack_outputs_week13_expanded\dwt_419_smallest_last.txt
dwt_419,SMALLEST_LAST,6,124,386,0.07655502392344497,data\processed\initial_graph_coloring_dataset\colpack_outputs_week13_expanded\dwt_419_smallest_last.txt
dwt_419,SMALLEST_LAST,6,116,387,0.07416267942583732,data\processed\initial_graph_coloring_dataset\colpack_outputs_week13_expanded\dwt_419_smallest_last.txt
dwt_419,SMALLEST_LAST,6,221,388,0.07177033492822966,data\processed\initial_graph_coloring_dataset\colpack_outputs_week13_expanded\dwt_419_smallest_last.txt
dwt_419,SMALLEST_LAST,6,222,389,0.06937799043062201,data\processed\initial_graph_coloring_dataset\colpack_outputs_week13_expanded\dwt_419_smallest_last.txt
dwt_419,SMALLEST_LAST,6,317,390,0.06698564593301436,data\processed\initial_graph_coloring_dataset\colpack_outputs_week13_expanded\dwt_419_smallest_last.txt
dwt_419,SMALLEST_LAST,6,318,391,0.0645933014354067,data\processed\initial_graph_coloring_dataset\colpack_outputs_week13_expanded\dwt_419_smallest_last.txt
dwt_419,SMALLEST_LAST,6,327,392,0.06220095693779904,data\processed\initial_graph_coloring_dataset\colpack_outputs_week13_expanded\dwt_419_smallest_last.txt
dwt_419,SMALLEST_LAST,6,117,393,0.05980861244019139,data\processed\initial_graph_coloring_dataset\colpack_outputs_week13_expanded\dwt_419_smallest_last.txt
dwt_419,SMALLEST_LAST,6,118,394,0.05741626794258373,data\processed\initial_graph_coloring_dataset\colpack_outputs_week13_expanded\dwt_419_smallest_last.txt
dwt_419,SMALLEST_LAST,6,328,395,0.05502392344497608,data\processed\initial_graph_coloring_dataset\colpack_outputs_week13_expanded\dwt_419_smallest_last.txt
dwt_419,SMALLEST_LAST,6,329,396,0.05263157894736842,data\processed\initial_graph_coloring_dataset\colpack_outputs_week13_expanded\dwt_419_smallest_last.txt
dwt_419,SMALLEST_LAST,6,333,397,0.050239234449760764,data\processed\initial_graph_coloring_dataset\colpack_outputs_week13_expanded\dwt_419_smallest_last.txt
dwt_419,SMALLEST_LAST,6,334,398,0.04784688995215311,data\processed\initial_graph_coloring_dataset\colpack_outputs_week13_expanded\dwt_419_smallest_last.txt
dwt_419,SMALLEST_LAST,6,335,399,0.045454545454545456,data\processed\initial_graph_coloring_dataset\colpack_outputs_week13_expanded\dwt_419_smallest_last.txt
dwt_419,SMALLEST_LAST,6,336,400,0.0430622009569378,data\processed\initial_graph_coloring_dataset\colpack_outputs_week13_expanded\dwt_419_smallest_last.txt
dwt_419,SMALLEST_LAST,6,151,401,0.04066985645933014,data\processed\initial_graph_coloring_dataset\colpack_outputs_week13_expanded\dwt_419_smallest_last.txt
dwt_419,SMALLEST_LAST,6,362,402,0.03827751196172249,data\processed\initial_graph_coloring_dataset\colpack_outputs_week13_expanded\dwt_419_smallest_last.txt
dwt_419,SMALLEST_LAST,6,380,403,0.03588516746411483,data\processed\initial_graph_coloring_dataset\colpack_outputs_week13_expanded\dwt_419_smallest_last.txt
dwt_419,SMALLEST_LAST,6,169,404,0.03349282296650718,data\processed\initial_graph_coloring_dataset\colpack_outputs_week13_expanded\dwt_419_smallest_last.txt
dwt_419,SMALLEST_LAST,6,168,405,0.03110047846889952,data\processed\initial_graph_coloring_dataset\colpack_outputs_week13_expanded\dwt_419_smallest_last.txt
dwt_419,SMALLEST_LAST,6,180,406,0.028708133971291867,data\processed\initial_graph_coloring_dataset\colpack_outputs_week13_expanded\dwt_419_smallest_last.txt
dwt_419,SMALLEST_LAST,6,179,407,0.02631578947368421,data\processed\initial_graph_coloring_dataset\colpack_outputs_week13_expanded\dwt_419_smallest_last.txt
dwt_419,SMALLEST_LAST,6,391,408,0.023923444976076555,data\processed\initial_graph_coloring_dataset\colpack_outputs_week13_expanded\dwt_419_smallest_last.txt
dwt_419,SMALLEST_LAST,6,390,409,0.0215311004784689,data\processed\initial_graph_coloring_dataset\colpack_outputs_week13_expanded\dwt_419_smallest_last.txt
dwt_419,SMALLEST_LAST,6,379,410,0.019138755980861243,data\processed\initial_graph_coloring_dataset\colpack_outputs_week13_expanded\dwt_419_smallest_last.txt
dwt_419,SMALLEST_LAST,6,378,411,0.01674641148325359,data\processed\initial_graph_coloring_dataset\colpack_outputs_week13_expanded\dwt_419_smallest_last.txt
dwt_419,SMALLEST_LAST,6,167,412,0.014354066985645933,data\processed\initial_graph_coloring_dataset\colpack_outputs_week13_expanded\dwt_419_smallest_last.txt
dwt_419,SMALLEST_LAST,6,176,413,0.011961722488038277,data\processed\initial_graph_coloring_dataset\colpack_outputs_week13_expanded\dwt_419_smallest_last.txt
dwt_419,SMALLEST_LAST,6,387,414,0.009569377990430622,data\processed\initial_graph_coloring_dataset\colpack_outputs_week13_expanded\dwt_419_smallest_last.txt
dwt_419,SMALLEST_LAST,6,177,415,0.007177033492822967,data\processed\initial_graph_coloring_dataset\colpack_outputs_week13_expanded\dwt_419_smallest_last.txt
dwt_419,SMALLEST_LAST,6,178,416,0.004784688995215311,data\processed\initial_graph_coloring_dataset\colpack_outputs_week13_expanded\dwt_419_smallest_last.txt
dwt_419,SMALLEST_LAST,6,388,417,0.0023923444976076554,data\processed\initial_graph_coloring_dataset\colpack_outputs_week13_expanded\dwt_419_smallest_last.txt
dwt_419,SMALLEST_LAST,6,389,418,0.0,data\processed\initial_graph_coloring_dataset\colpack_outputs_week13_expanded\dwt_419_smallest_last.txt
hess_pat,SMALLEST_LAST,6,1,0,1.0,data\processed\initial_graph_coloring_dataset\colpack_outputs_week13_expanded\hess_pat_smallest_last.txt
hess_pat,SMALLEST_LAST,6,2,1,0.9761904761904762,data\processed\initial_graph_coloring_dataset\colpack_outputs_week13_expanded\hess_pat_smallest_last.txt
hess_pat,SMALLEST_LAST,6,3,2,0.9523809523809523,data\processed\initial_graph_coloring_dataset\colpack_outputs_week13_expanded\hess_pat_smallest_last.txt
hess_pat,SMALLEST_LAST,6,15,3,0.9285714285714286,data\processed\initial_graph_coloring_dataset\colpack_outputs_week13_expanded\hess_pat_smallest_last.txt
hess_pat,SMALLEST_LAST,6,16,4,0.9047619047619048,data\processed\initial_graph_coloring_dataset\colpack_outputs_week13_expanded\hess_pat_smallest_last.txt
hess_pat,SMALLEST_LAST,6,17,5,0.8809523809523809,data\processed\initial_graph_coloring_dataset\colpack_outputs_week13_expanded\hess_pat_smallest_last.txt
hess_pat,SMALLEST_LAST,6,4,6,0.8571428571428571,data\processed\initial_graph_coloring_dataset\colpack_outputs_week13_expanded\hess_pat_smallest_last.txt
hess_pat,SMALLEST_LAST,6,18,7,0.8333333333333334,data\processed\initial_graph_coloring_dataset\colpack_outputs_week13_expanded\hess_pat_smallest_last.txt
hess_pat,SMALLEST_LAST,6,0,8,0.8095238095238095,data\processed\initial_graph_coloring_dataset\colpack_outputs_week13_expanded\hess_pat_smallest_last.txt
hess_pat,SMALLEST_LAST,6,14,9,0.7857142857142857,data\processed\initial_graph_coloring_dataset\colpack_outputs_week13_expanded\hess_pat_smallest_last.txt
hess_pat,SMALLEST_LAST,6,8,10,0.7619047619047619,data\processed\initial_graph_coloring_dataset\colpack_outputs_week13_expanded\hess_pat_smallest_last.txt
hess_pat,SMALLEST_LAST,6,22,11,0.7380952380952381,data\processed\initial_graph_coloring_dataset\colpack_outputs_week13_expanded\hess_pat_smallest_last.txt
hess_pat,SMALLEST_LAST,6,9,12,0.7142857142857143,data\processed\initial_graph_coloring_dataset\colpack_outputs_week13_expanded\hess_pat_smallest_last.txt
hess_pat,SMALLEST_LAST,6,23,13,0.6904761904761905,data\processed\initial_graph_coloring_dataset\colpack_outputs_week13_expanded\hess_pat_smallest_last.txt
hess_pat,SMALLEST_LAST,6,5,14,0.6666666666666666,data\processed\initial_graph_coloring_dataset\colpack_outputs_week13_expanded\hess_pat_smallest_last.txt
hess_pat,SMALLEST_LAST,6,10,15,0.6428571428571429,data\processed\initial_graph_coloring_dataset\colpack_outputs_week13_expanded\hess_pat_smallest_last.txt
hess_pat,SMALLEST_LAST,6,24,16,0.6190476190476191,data\processed\initial_graph_coloring_dataset\colpack_outputs_week13_expanded\hess_pat_smallest_last.txt
hess_pat,SMALLEST_LAST,6,19,17,0.5952380952380952,data\processed\initial_graph_coloring_dataset\colpack_outputs_week13_expanded\hess_pat_smallest_last.txt
hess_pat,SMALLEST_LAST,6,11,18,0.5714285714285714,data\processed\initial_graph_coloring_dataset\colpack_outputs_week13_expanded\hess_pat_smallest_last.txt
hess_pat,SMALLEST_LAST,6,12,19,0.5476190476190477,data\processed\initial_graph_coloring_dataset\colpack_outputs_week13_expanded\hess_pat_smallest_last.txt
hess_pat,SMALLEST_LAST,6,25,20,0.5238095238095238,data\processed\initial_graph_coloring_dataset\colpack_outputs_week13_expanded\hess_pat_smallest_last.txt
hess_pat,SMALLEST_LAST,6,26,21,0.5,data\processed\initial_graph_coloring_dataset\colpack_outputs_week13_expanded\hess_pat_smallest_last.txt
hess_pat,SMALLEST_LAST,6,13,22,0.47619047619047616,data\processed\initial_graph_coloring_dataset\colpack_outputs_week13_expanded\hess_pat_smallest_last.txt
hess_pat,SMALLEST_LAST,6,27,23,0.4523809523809524,data\processed\initial_graph_coloring_dataset\colpack_outputs_week13_expanded\hess_pat_smallest_last.txt
hess_pat,SMALLEST_LAST,6,6,24,0.42857142857142855,data\processed\initial_graph_coloring_dataset\colpack_outputs_week13_expanded\hess_pat_smallest_last.txt
hess_pat,SMALLEST_LAST,6,20,25,0.40476190476190477,data\processed\initial_graph_coloring_dataset\colpack_outputs_week13_expanded\hess_pat_smallest_last.txt
hess_pat,SMALLEST_LAST,6,7,26,0.38095238095238093,data\processed\initial_graph_coloring_dataset\colpack_outputs_week13_expanded\hess_pat_smallest_last.txt
hess_pat,SMALLEST_LAST,6,21,27,0.35714285714285715,data\processed\initial_graph_coloring_dataset\colpack_outputs_week13_expanded\hess_pat_smallest_last.txt
hess_pat,SMALLEST_LAST,6,28,28,0.3333333333333333,data\processed\initial_graph_coloring_dataset\colpack_outputs_week13_expanded\hess_pat_smallest_last.txt
hess_pat,SMALLEST_LAST,6,29,29,0.30952380952380953,data\processed\initial_graph_coloring_dataset\colpack_outputs_week13_expanded\hess_pat_smallest_last.txt
hess_pat,SMALLEST_LAST,6,30,30,0.2857142857142857,data\processed\initial_graph_coloring_dataset\colpack_outputs_week13_expanded\hess_pat_smallest_last.txt
hess_pat,SMALLEST_LAST,6,31,31,0.2619047619047619,data\processed\initial_graph_coloring_dataset\colpack_outputs_week13_expanded\hess_pat_smallest_last.txt
hess_pat,SMALLEST_LAST,6,32,32,0.23809523809523808,data\processed\initial_graph_coloring_dataset\colpack_outputs_week13_expanded\hess_pat_smallest_last.txt
hess_pat,SMALLEST_LAST,6,33,33,0.21428571428571427,data\processed\initial_graph_coloring_dataset\colpack_outputs_week13_expanded\hess_pat_smallest_last.txt
hess_pat,SMALLEST_LAST,6,34,34,0.19047619047619047,data\processed\initial_graph_coloring_dataset\colpack_outputs_week13_expanded\hess_pat_smallest_last.txt
hess_pat,SMALLEST_LAST,6,35,35,0.16666666666666666,data\processed\initial_graph_coloring_dataset\colpack_outputs_week13_expanded\hess_pat_smallest_last.txt
hess_pat,SMALLEST_LAST,6,36,36,0.14285714285714285,data\processed\initial_graph_coloring_dataset\colpack_outputs_week13_expanded\hess_pat_smallest_last.txt
hess_pat,SMALLEST_LAST,6,37,37,0.11904761904761904,data\processed\initial_graph_coloring_dataset\colpack_outputs_week13_expanded\hess_pat_smallest_last.txt
hess_pat,SMALLEST_LAST,6,38,38,0.09523809523809523,data\processed\initial_graph_coloring_dataset\colpack_outputs_week13_expanded\hess_pat_smallest_last.txt
hess_pat,SMALLEST_LAST,6,39,39,0.07142857142857142,data\processed\initial_graph_coloring_dataset\colpack_outputs_week13_expanded\hess_pat_smallest_last.txt
hess_pat,SMALLEST_LAST,6,40,40,0.047619047619047616,data\processed\initial_graph_coloring_dataset\colpack_outputs_week13_expanded\hess_pat_smallest_last.txt
hess_pat,SMALLEST_LAST,6,41,41,0.023809523809523808,data\processed\initial_graph_coloring_dataset\colpack_outputs_week13_expanded\hess_pat_smallest_last.txt
hess_pat,SMALLEST_LAST,6,42,42,0.0,data\processed\initial_graph_coloring_dataset\colpack_outputs_week13_expanded\hess_pat_smallest_last.txt
hess_pat_small,SMALLEST_LAST,3,0,0,1.0,data\processed\initial_graph_coloring_dataset\colpack_outputs_week13_expanded\hess_pat_small_smallest_last.txt
hess_pat_small,SMALLEST_LAST,3,1,1,0.8888888888888888,data\processed\initial_graph_coloring_dataset\colpack_outputs_week13_expanded\hess_pat_small_smallest_last.txt
hess_pat_small,SMALLEST_LAST,3,4,2,0.7777777777777778,data\processed\initial_graph_coloring_dataset\colpack_outputs_week13_expanded\hess_pat_small_smallest_last.txt
hess_pat_small,SMALLEST_LAST,3,3,3,0.6666666666666666,data\processed\initial_graph_coloring_dataset\colpack_outputs_week13_expanded\hess_pat_small_smallest_last.txt
hess_pat_small,SMALLEST_LAST,3,2,4,0.5555555555555556,data\processed\initial_graph_coloring_dataset\colpack_outputs_week13_expanded\hess_pat_small_smallest_last.txt
hess_pat_small,SMALLEST_LAST,3,8,5,0.4444444444444444,data\processed\initial_graph_coloring_dataset\colpack_outputs_week13_expanded\hess_pat_small_smallest_last.txt
hess_pat_small,SMALLEST_LAST,3,6,6,0.3333333333333333,data\processed\initial_graph_coloring_dataset\colpack_outputs_week13_expanded\hess_pat_small_smallest_last.txt
hess_pat_small,SMALLEST_LAST,3,5,7,0.2222222222222222,data\processed\initial_graph_coloring_dataset\colpack_outputs_week13_expanded\hess_pat_small_smallest_last.txt
hess_pat_small,SMALLEST_LAST,3,7,8,0.1111111111111111,data\processed\initial_graph_coloring_dataset\colpack_outputs_week13_expanded\hess_pat_small_smallest_last.txt
hess_pat_small,SMALLEST_LAST,3,9,9,0.0,data\processed\initial_graph_coloring_dataset\colpack_outputs_week13_expanded\hess_pat_small_smallest_last.txt
jac_pat,SMALLEST_LAST,11,4,0,1.0,data\processed\initial_graph_coloring_dataset\colpack_outputs_week13_expanded\jac_pat_smallest_last.txt
jac_pat,SMALLEST_LAST,11,5,1,0.9761904761904762,data\processed\initial_graph_coloring_dataset\colpack_outputs_week13_expanded\jac_pat_smallest_last.txt
jac_pat,SMALLEST_LAST,11,10,2,0.9523809523809523,data\processed\initial_graph_coloring_dataset\colpack_outputs_week13_expanded\jac_pat_smallest_last.txt
jac_pat,SMALLEST_LAST,11,11,3,0.9285714285714286,data\processed\initial_graph_coloring_dataset\colpack_outputs_week13_expanded\jac_pat_smallest_last.txt
jac_pat,SMALLEST_LAST,11,12,4,0.9047619047619048,data\processed\initial_graph_coloring_dataset\colpack_outputs_week13_expanded\jac_pat_smallest_last.txt
jac_pat,SMALLEST_LAST,11,19,5,0.8809523809523809,data\processed\initial_graph_coloring_dataset\colpack_outputs_week13_expanded\jac_pat_smallest_last.txt
jac_pat,SMALLEST_LAST,11,24,6,0.8571428571428571,data\processed\initial_graph_coloring_dataset\colpack_outputs_week13_expanded\jac_pat_smallest_last.txt
jac_pat,SMALLEST_LAST,11,25,7,0.8333333333333334,data\processed\initial_graph_coloring_dataset\colpack_outputs_week13_expanded\jac_pat_smallest_last.txt
jac_pat,SMALLEST_LAST,11,26,8,0.8095238095238095,data\processed\initial_graph_coloring_dataset\colpack_outputs_week13_expanded\jac_pat_smallest_last.txt
jac_pat,SMALLEST_LAST,11,33,9,0.7857142857142857,data\processed\initial_graph_coloring_dataset\colpack_outputs_week13_expanded\jac_pat_smallest_last.txt
jac_pat,SMALLEST_LAST,11,18,10,0.7619047619047619,data\processed\initial_graph_coloring_dataset\colpack_outputs_week13_expanded\jac_pat_smallest_last.txt
jac_pat,SMALLEST_LAST,11,0,11,0.7380952380952381,data\processed\initial_graph_coloring_dataset\colpack_outputs_week13_expanded\jac_pat_smallest_last.txt
jac_pat,SMALLEST_LAST,11,1,12,0.7142857142857143,data\processed\initial_graph_coloring_dataset\colpack_outputs_week13_expanded\jac_pat_smallest_last.txt
jac_pat,SMALLEST_LAST,11,2,13,0.6904761904761905,data\processed\initial_graph_coloring_dataset\colpack_outputs_week13_expanded\jac_pat_smallest_last.txt
jac_pat,SMALLEST_LAST,11,3,14,0.6666666666666666,data\processed\initial_graph_coloring_dataset\colpack_outputs_week13_expanded\jac_pat_smallest_last.txt
jac_pat,SMALLEST_LAST,11,14,15,0.6428571428571429,data\processed\initial_graph_coloring_dataset\colpack_outputs_week13_expanded\jac_pat_smallest_last.txt
jac_pat,SMALLEST_LAST,11,15,16,0.6190476190476191,data\processed\initial_graph_coloring_dataset\colpack_outputs_week13_expanded\jac_pat_smallest_last.txt
jac_pat,SMALLEST_LAST,11,16,17,0.5952380952380952,data\processed\initial_graph_coloring_dataset\colpack_outputs_week13_expanded\jac_pat_smallest_last.txt
jac_pat,SMALLEST_LAST,11,29,18,0.5714285714285714,data\processed\initial_graph_coloring_dataset\colpack_outputs_week13_expanded\jac_pat_smallest_last.txt
jac_pat,SMALLEST_LAST,11,17,19,0.5476190476190477,data\processed\initial_graph_coloring_dataset\colpack_outputs_week13_expanded\jac_pat_smallest_last.txt
jac_pat,SMALLEST_LAST,11,30,20,0.5238095238095238,data\processed\initial_graph_coloring_dataset\colpack_outputs_week13_expanded\jac_pat_smallest_last.txt
jac_pat,SMALLEST_LAST,11,6,21,0.5,data\processed\initial_graph_coloring_dataset\colpack_outputs_week13_expanded\jac_pat_smallest_last.txt
jac_pat,SMALLEST_LAST,11,7,22,0.47619047619047616,data\processed\initial_graph_coloring_dataset\colpack_outputs_week13_expanded\jac_pat_smallest_last.txt
jac_pat,SMALLEST_LAST,11,20,23,0.4523809523809524,data\processed\initial_graph_coloring_dataset\colpack_outputs_week13_expanded\jac_pat_smallest_last.txt
jac_pat,SMALLEST_LAST,11,21,24,0.42857142857142855,data\processed\initial_graph_coloring_dataset\colpack_outputs_week13_expanded\jac_pat_smallest_last.txt
jac_pat,SMALLEST_LAST,11,8,25,0.40476190476190477,data\processed\initial_graph_coloring_dataset\colpack_outputs_week13_expanded\jac_pat_smallest_last.txt
jac_pat,SMALLEST_LAST,11,9,26,0.38095238095238093,data\processed\initial_graph_coloring_dataset\colpack_outputs_week13_expanded\jac_pat_smallest_last.txt
jac_pat,SMALLEST_LAST,11,13,27,0.35714285714285715,data\processed\initial_graph_coloring_dataset\colpack_outputs_week13_expanded\jac_pat_smallest_last.txt
jac_pat,SMALLEST_LAST,11,22,28,0.3333333333333333,data\processed\initial_graph_coloring_dataset\colpack_outputs_week13_expanded\jac_pat_smallest_last.txt
jac_pat,SMALLEST_LAST,11,23,29,0.30952380952380953,data\processed\initial_graph_coloring_dataset\colpack_outputs_week13_expanded\jac_pat_smallest_last.txt
jac_pat,SMALLEST_LAST,11,27,30,0.2857142857142857,data\processed\initial_graph_coloring_dataset\colpack_outputs_week13_expanded\jac_pat_smallest_last.txt
jac_pat,SMALLEST_LAST,11,28,31,0.2619047619047619,data\processed\initial_graph_coloring_dataset\colpack_outputs_week13_expanded\jac_pat_smallest_last.txt
jac_pat,SMALLEST_LAST,11,31,32,0.23809523809523808,data\processed\initial_graph_coloring_dataset\colpack_outputs_week13_expanded\jac_pat_smallest_last.txt
jac_pat,SMALLEST_LAST,11,32,33,0.21428571428571427,data\processed\initial_graph_coloring_dataset\colpack_outputs_week13_expanded\jac_pat_smallest_last.txt
jac_pat,SMALLEST_LAST,11,34,34,0.19047619047619047,data\processed\initial_graph_coloring_dataset\colpack_outputs_week13_expanded\jac_pat_smallest_last.txt
jac_pat,SMALLEST_LAST,11,35,35,0.16666666666666666,data\processed\initial_graph_coloring_dataset\colpack_outputs_week13_expanded\jac_pat_smallest_last.txt
jac_pat,SMALLEST_LAST,11,36,36,0.14285714285714285,data\processed\initial_graph_coloring_dataset\colpack_outputs_week13_expanded\jac_pat_smallest_last.txt
jac_pat,SMALLEST_LAST,11,37,37,0.11904761904761904,data\processed\initial_graph_coloring_dataset\colpack_outputs_week13_expanded\jac_pat_smallest_last.txt
jac_pat,SMALLEST_LAST,11,38,38,0.09523809523809523,data\processed\initial_graph_coloring_dataset\colpack_outputs_week13_expanded\jac_pat_smallest_last.txt
jac_pat,SMALLEST_LAST,11,39,39,0.07142857142857142,data\processed\initial_graph_coloring_dataset\colpack_outputs_week13_expanded\jac_pat_smallest_last.txt
jac_pat,SMALLEST_LAST,11,40,40,0.047619047619047616,data\processed\initial_graph_coloring_dataset\colpack_outputs_week13_expanded\jac_pat_smallest_last.txt
jac_pat,SMALLEST_LAST,11,41,41,0.023809523809523808,data\processed\initial_graph_coloring_dataset\colpack_outputs_week13_expanded\jac_pat_smallest_last.txt
jac_pat,SMALLEST_LAST,11,42,42,0.0,data\processed\initial_graph_coloring_dataset\colpack_outputs_week13_expanded\jac_pat_smallest_last.txt
sherman1,SMALLEST_LAST,2,808,0,1.0,data\processed\initial_graph_coloring_dataset\colpack_outputs_week13_expanded\sherman1_smallest_last.txt
sherman1,SMALLEST_LAST,2,908,1,0.998998998998999,data\processed\initial_graph_coloring_dataset\colpack_outputs_week13_expanded\sherman1_smallest_last.txt
sherman1,SMALLEST_LAST,2,907,2,0.997997997997998,data\processed\initial_graph_coloring_dataset\colpack_outputs_week13_expanded\sherman1_smallest_last.txt
sherman1,SMALLEST_LAST,2,807,3,0.996996996996997,data\processed\initial_graph_coloring_dataset\colpack_outputs_week13_expanded\sherman1_smallest_last.txt
sherman1,SMALLEST_LAST,2,817,4,0.995995995995996,data\processed\initial_graph_coloring_dataset\colpack_outputs_week13_expanded\sherman1_smallest_last.txt
sherman1,SMALLEST_LAST,2,917,5,0.994994994994995,data\processed\initial_graph_coloring_dataset\colpack_outputs_week13_expanded\sherman1_smallest_last.txt
sherman1,SMALLEST_LAST,2,918,6,0.993993993993994,data\processed\initial_graph_coloring_dataset\colpack_outputs_week13_expanded\sherman1_smallest_last.txt
sherman1,SMALLEST_LAST,2,818,7,0.992992992992993,data\processed\initial_graph_coloring_dataset\colpack_outputs_week13_expanded\sherman1_smallest_last.txt
sherman1,SMALLEST_LAST,2,828,8,0.991991991991992,data\processed\initial_graph_coloring_dataset\colpack_outputs_week13_expanded\sherman1_smallest_last.txt
sherman1,SMALLEST_LAST,2,928,9,0.990990990990991,data\processed\initial_graph_coloring_dataset\colpack_outputs_week13_expanded\sherman1_smallest_last.txt
sherman1,SMALLEST_LAST,2,927,10,0.98998998998999,data\processed\initial_graph_coloring_dataset\colpack_outputs_week13_expanded\sherman1_smallest_last.txt
sherman1,SMALLEST_LAST,2,827,11,0.988988988988989,data\processed\initial_graph_coloring_dataset\colpack_outputs_week13_expanded\sherman1_smallest_last.txt
sherman1,SMALLEST_LAST,2,837,12,0.987987987987988,data\processed\initial_graph_coloring_dataset\colpack_outputs_week13_expanded\sherman1_smallest_last.txt
sherman1,SMALLEST_LAST,2,937,13,0.986986986986987,data\processed\initial_graph_coloring_dataset\colpack_outputs_week13_expanded\sherman1_smallest_last.txt
sherman1,SMALLEST_LAST,2,938,14,0.985985985985986,data\processed\initial_graph_coloring_dataset\colpack_outputs_week13_expanded\sherman1_smallest_last.txt
sherman1,SMALLEST_LAST,2,838,15,0.984984984984985,data\processed\initial_graph_coloring_dataset\colpack_outputs_week13_expanded\sherman1_smallest_last.txt
sherman1,SMALLEST_LAST,2,848,16,0.983983983983984,data\processed\initial_graph_coloring_dataset\colpack_outputs_week13_expanded\sherman1_smallest_last.txt
sherman1,SMALLEST_LAST,2,948,17,0.982982982982983,data\processed\initial_graph_coloring_dataset\colpack_outputs_week13_expanded\sherman1_smallest_last.txt
sherman1,SMALLEST_LAST,2,947,18,0.9819819819819819,data\processed\initial_graph_coloring_dataset\colpack_outputs_week13_expanded\sherman1_smallest_last.txt
sherman1,SMALLEST_LAST,2,847,19,0.980980980980981,data\processed\initial_graph_coloring_dataset\colpack_outputs_week13_expanded\sherman1_smallest_last.txt
sherman1,SMALLEST_LAST,2,747,20,0.97997997997998,data\processed\initial_graph_coloring_dataset\colpack_outputs_week13_expanded\sherman1_smallest_last.txt
sherman1,SMALLEST_LAST,2,647,21,0.978978978978979,data\processed\initial_graph_coloring_dataset\colpack_outputs_week13_expanded\sherman1_smallest_last.txt
sherman1,SMALLEST_LAST,2,648,22,0.977977977977978,data\processed\initial_graph_coloring_dataset\colpack_outputs_week13_expanded\sherman1_smallest_last.txt
sherman1,SMALLEST_LAST,2,649,23,0.9769769769769769,data\processed\initial_graph_coloring_dataset\colpack_outputs_week13_expanded\sherman1_smallest_last.txt
sherman1,SMALLEST_LAST,2,658,24,0.975975975975976,data\processed\initial_graph_coloring_dataset\colpack_outputs_week13_expanded\sherman1_smallest_last.txt
sherman1,SMALLEST_LAST,2,659,25,0.974974974974975,data\processed\initial_graph_coloring_dataset\colpack_outputs_week13_expanded\sherman1_smallest_last.txt
sherman1,SMALLEST_LAST,2,759,26,0.973973973973974,data\processed\initial_graph_coloring_dataset\colpack_outputs_week13_expanded\sherman1_smallest_last.txt
sherman1,SMALLEST_LAST,2,749,27,0.972972972972973,data\processed\initial_graph_coloring_dataset\colpack_outputs_week13_expanded\sherman1_smallest_last.txt
sherman1,SMALLEST_LAST,2,849,28,0.9719719719719719,data\processed\initial_graph_coloring_dataset\colpack_outputs_week13_expanded\sherman1_smallest_last.txt
sherman1,SMALLEST_LAST,2,859,29,0.970970970970971,data\processed\initial_graph_coloring_dataset\colpack_outputs_week13_expanded\sherman1_smallest_last.txt
sherman1,SMALLEST_LAST,2,858,30,0.96996996996997,data\processed\initial_graph_coloring_dataset\colpack_outputs_week13_expanded\sherman1_smallest_last.txt
sherman1,SMALLEST_LAST,2,857,31,0.968968968968969,data\processed\initial_graph_coloring_dataset\colpack_outputs_week13_expanded\sherman1_smallest_last.txt
sherman1,SMALLEST_LAST,2,757,32,0.9679679679679679,data\processed\initial_graph_coloring_dataset\colpack_outputs_week13_expanded\sherman1_smallest_last.txt
sherman1,SMALLEST_LAST,2,657,33,0.9669669669669669,data\processed\initial_graph_coloring_dataset\colpack_outputs_week13_expanded\sherman1_smallest_last.txt
sherman1,SMALLEST_LAST,2,13,34,0.965965965965966,data\processed\initial_graph_coloring_dataset\colpack_outputs_week13_expanded\sherman1_smallest_last.txt
sherman1,SMALLEST_LAST,2,113,35,0.964964964964965,data\processed\initial_graph_coloring_dataset\colpack_outputs_week13_expanded\sherman1_smallest_last.txt
sherman1,SMALLEST_LAST,2,123,36,0.963963963963964,data\processed\initial_graph_coloring_dataset\colpack_outputs_week13_expanded\sherman1_smallest_last.txt
sherman1,SMALLEST_LAST,2,23,37,0.9629629629629629,data\processed\initial_graph_coloring_dataset\colpack_outputs_week13_expanded\sherman1_smallest_last.txt
sherman1,SMALLEST_LAST,2,22,38,0.9619619619619619,data\processed\initial_graph_coloring_dataset\colpack_outputs_week13_expanded\sherman1_smallest_last.txt
sherman1,SMALLEST_LAST,2,12,39,0.960960960960961,data\processed\initial_graph_coloring_dataset\colpack_outputs_week13_expanded\sherman1_smallest_last.txt
sherman1,SMALLEST_LAST,2,11,40,0.95995995995996,data\processed\initial_graph_coloring_dataset\colpack_outputs_week13_expanded\sherman1_smallest_last.txt
sherman1,SMALLEST_LAST,2,111,41,0.958958958958959,data\processed\initial_graph_coloring_dataset\colpack_outputs_week13_expanded\sherman1_smallest_last.txt
sherman1,SMALLEST_LAST,2,211,42,0.9579579579579579,data\processed\initial_graph_coloring_dataset\colpack_outputs_week13_expanded\sherman1_smallest_last.txt
sherman1,SMALLEST_LAST,2,212,43,0.9569569569569569,data\processed\initial_graph_coloring_dataset\colpack_outputs_week13_expanded\sherman1_smallest_last.txt
sherman1,SMALLEST_LAST,2,213,44,0.955955955955956,data\processed\initial_graph_coloring_dataset\colpack_outputs_week13_expanded\sherman1_smallest_last.txt
sherman1,SMALLEST_LAST,2,223,45,0.954954954954955,data\processed\initial_graph_coloring_dataset\colpack_outputs_week13_expanded\sherman1_smallest_last.txt
sherman1,SMALLEST_LAST,2,222,46,0.953953953953954,data\processed\initial_graph_coloring_dataset\colpack_outputs_week13_expanded\sherman1_smallest_last.txt
sherman1,SMALLEST_LAST,2,221,47,0.9529529529529529,data\processed\initial_graph_coloring_dataset\colpack_outputs_week13_expanded\sherman1_smallest_last.txt
sherman1,SMALLEST_LAST,2,121,48,0.9519519519519519,data\processed\initial_graph_coloring_dataset\colpack_outputs_week13_expanded\sherman1_smallest_last.txt
sherman1,SMALLEST_LAST,2,21,49,0.950950950950951,data\processed\initial_graph_coloring_dataset\colpack_outputs_week13_expanded\sherman1_smallest_last.txt
sherman1,SMALLEST_LAST,2,31,50,0.94994994994995,data\processed\initial_graph_coloring_dataset\colpack_outputs_week13_expanded\sherman1_smallest_last.txt
sherman1,SMALLEST_LAST,2,32,51,0.948948948948949,data\processed\initial_graph_coloring_dataset\colpack_outputs_week13_expanded\sherman1_smallest_last.txt
sherman1,SMALLEST_LAST,2,33,52,0.9479479479479479,data\processed\initial_graph_coloring_dataset\colpack_outputs_week13_expanded\sherman1_smallest_last.txt
sherman1,SMALLEST_LAST,2,133,53,0.9469469469469469,data\processed\initial_graph_coloring_dataset\colpack_outputs_week13_expanded\sherman1_smallest_last.txt
sherman1,SMALLEST_LAST,2,233,54,0.9459459459459459,data\processed\initial_graph_coloring_dataset\colpack_outputs_week13_expanded\sherman1_smallest_last.txt
sherman1,SMALLEST_LAST,2,232,55,0.944944944944945,data\processed\initial_graph_coloring_dataset\colpack_outputs_week13_expanded\sherman1_smallest_last.txt
sherman1,SMALLEST_LAST,2,231,56,0.943943943943944,data\processed\initial_graph_coloring_dataset\colpack_outputs_week13_expanded\sherman1_smallest_last.txt
sherman1,SMALLEST_LAST,2,131,57,0.9429429429429429,data\processed\initial_graph_coloring_dataset\colpack_outputs_week13_expanded\sherman1_smallest_last.txt
sherman1,SMALLEST_LAST,2,141,58,0.9419419419419419,data\processed\initial_graph_coloring_dataset\colpack_outputs_week13_expanded\sherman1_smallest_last.txt
sherman1,SMALLEST_LAST,2,41,59,0.9409409409409409,data\processed\initial_graph_coloring_dataset\colpack_outputs_week13_expanded\sherman1_smallest_last.txt
sherman1,SMALLEST_LAST,2,42,60,0.93993993993994,data\processed\initial_graph_coloring_dataset\colpack_outputs_week13_expanded\sherman1_smallest_last.txt
sherman1,SMALLEST_LAST,2,43,61,0.938938938938939,data\processed\initial_graph_coloring_dataset\colpack_outputs_week13_expanded\sherman1_smallest_last.txt
sherman1,SMALLEST_LAST,2,143,62,0.9379379379379379,data\processed\initial_graph_coloring_dataset\colpack_outputs_week13_expanded\sherman1_smallest_last.txt
sherman1,SMALLEST_LAST,2,243,63,0.9369369369369369,data\processed\initial_graph_coloring_dataset\colpack_outputs_week13_expanded\sherman1_smallest_last.txt
sherman1,SMALLEST_LAST,2,242,64,0.9359359359359359,data\processed\initial_graph_coloring_dataset\colpack_outputs_week13_expanded\sherman1_smallest_last.txt
sherman1,SMALLEST_LAST,2,241,65,0.934934934934935,data\processed\initial_graph_coloring_dataset\colpack_outputs_week13_expanded\sherman1_smallest_last.txt
sherman1,SMALLEST_LAST,2,230,66,0.933933933933934,data\processed\initial_graph_coloring_dataset\colpack_outputs_week13_expanded\sherman1_smallest_last.txt
sherman1,SMALLEST_LAST,2,240,67,0.9329329329329329,data\processed\initial_graph_coloring_dataset\colpack_outputs_week13_expanded\sherman1_smallest_last.txt
sherman1,SMALLEST_LAST,2,340,68,0.9319319319319319,data\processed\initial_graph_coloring_dataset\colpack_outputs_week13_expanded\sherman1_smallest_last.txt
sherman1,SMALLEST_LAST,2,330,69,0.9309309309309309,data\processed\initial_graph_coloring_dataset\colpack_outputs_week13_expanded\sherman1_smallest_last.txt
sherman1,SMALLEST_LAST,2,430,70,0.92992992992993,data\processed\initial_graph_coloring_dataset\colpack_outputs_week13_expanded\sherman1_smallest_last.txt
sherman1,SMALLEST_LAST,2,440,71,0.928928928928929,data\processed\initial_graph_coloring_dataset\colpack_outputs_week13_expanded\sherman1_smallest_last.txt
sherman1,SMALLEST_LAST,2,441,72,0.9279279279279279,data\processed\initial_graph_coloring_dataset\colpack_outputs_week13_expanded\sherman1_smallest_last.txt
sherman1,SMALLEST_LAST,2,431,73,0.9269269269269269,data\processed\initial_graph_coloring_dataset\colpack_outputs_week13_expanded\sherman1_smallest_last.txt
sherman1,SMALLEST_LAST,2,432,74,0.9259259259259259,data\processed\initial_graph_coloring_dataset\colpack_outputs_week13_expanded\sherman1_smallest_last.txt
sherman1,SMALLEST_LAST,2,442,75,0.924924924924925,data\processed\initial_graph_coloring_dataset\colpack_outputs_week13_expanded\sherman1_smallest_last.txt
sherman1,SMALLEST_LAST,2,343,76,0.923923923923924,data\processed\initial_graph_coloring_dataset\colpack_outputs_week13_expanded\sherman1_smallest_last.txt
sherman1,SMALLEST_LAST,2,443,77,0.9229229229229229,data\processed\initial_graph_coloring_dataset\colpack_outputs_week13_expanded\sherman1_smallest_last.txt
sherman1,SMALLEST_LAST,2,433,78,0.9219219219219219,data\processed\initial_graph_coloring_dataset\colpack_outputs_week13_expanded\sherman1_smallest_last.txt
sherman1,SMALLEST_LAST,2,333,79,0.9209209209209209,data\processed\initial_graph_coloring_dataset\colpack_outputs_week13_expanded\sherman1_smallest_last.txt
sherman1,SMALLEST_LAST,2,183,80,0.91991991991992,data\processed\initial_graph_coloring_dataset\colpack_outputs_week13_expanded\sherman1_smallest_last.txt
sherman1,SMALLEST_LAST,2,283,81,0.918918918918919,data\processed\initial_graph_coloring_dataset\colpack_outputs_week13_expanded\sherman1_smallest_last.txt
sherman1,SMALLEST_LAST,2,273,82,0.9179179179179179,data\processed\initial_graph_coloring_dataset\colpack_outputs_week13_expanded\sherman1_smallest_last.txt
sherman1,SMALLEST_LAST,2,173,83,0.9169169169169169,data\processed\initial_graph_coloring_dataset\colpack_outputs_week13_expanded\sherman1_smallest_last.txt
sherman1,SMALLEST_LAST,2,73,84,0.9159159159159159,data\processed\initial_graph_coloring_dataset\colpack_outputs_week13_expanded\sherman1_smallest_last.txt
sherman1,SMALLEST_LAST,2,83,85,0.914914914914915,data\processed\initial_graph_coloring_dataset\colpack_outputs_week13_expanded\sherman1_smallest_last.txt
sherman1,SMALLEST_LAST,2,84,86,0.913913913913914,data\processed\initial_graph_coloring_dataset\colpack_outputs_week13_expanded\sherman1_smallest_last.txt
sherman1,SMALLEST_LAST,2,74,87,0.9129129129129129,data\processed\initial_graph_coloring_dataset\colpack_outputs_week13_expanded\sherman1_smallest_last.txt
sherman1,SMALLEST_LAST,2,75,88,0.9119119119119119,data\processed\initial_graph_coloring_dataset\colpack_outputs_week13_expanded\sherman1_smallest_last.txt
sherman1,SMALLEST_LAST,2,85,89,0.9109109109109109,data\processed\initial_graph_coloring_dataset\colpack_outputs_week13_expanded\sherman1_smallest_last.txt
sherman1,SMALLEST_LAST,2,185,90,0.9099099099099099,data\processed\initial_graph_coloring_dataset\colpack_outputs_week13_expanded\sherman1_smallest_last.txt
sherman1,SMALLEST_LAST,2,175,91,0.908908908908909,data\processed\initial_graph_coloring_dataset\colpack_outputs_week13_expanded\sherman1_smallest_last.txt
sherman1,SMALLEST_LAST,2,275,92,0.9079079079079079,data\processed\initial_graph_coloring_dataset\colpack_outputs_week13_expanded\sherman1_smallest_last.txt
sherman1,SMALLEST_LAST,2,285,93,0.9069069069069069,data\processed\initial_graph_coloring_dataset\colpack_outputs_week13_expanded\sherman1_smallest_last.txt
sherman1,SMALLEST_LAST,2,284,94,0.9059059059059059,data\processed\initial_graph_coloring_dataset\colpack_outputs_week13_expanded\sherman1_smallest_last.txt
sherman1,SMALLEST_LAST,2,274,95,0.9049049049049049,data\processed\initial_graph_coloring_dataset\colpack_outputs_week13_expanded\sherman1_smallest_last.txt
sherman1,SMALLEST_LAST,2,264,96,0.9039039039039038,data\processed\initial_graph_coloring_dataset\colpack_outputs_week13_expanded\sherman1_smallest_last.txt
sherman1,SMALLEST_LAST,2,263,97,0.9029029029029029,data\processed\initial_graph_coloring_dataset\colpack_outputs_week13_expanded\sherman1_smallest_last.txt
sherman1,SMALLEST_LAST,2,363,98,0.9019019019019019,data\processed\initial_graph_coloring_dataset\colpack_outputs_week13_expanded\sherman1_smallest_last.txt
sherman1,SMALLEST_LAST,2,373,99,0.9009009009009009,data\processed\initial_graph_coloring_dataset\colpack_outputs_week13_expanded\sherman1_smallest_last.txt
sherman1,SMALLEST_LAST,2,374,100,0.8998998998998999,data\processed\initial_graph_coloring_dataset\colpack_outputs_week13_expanded\sherman1_smallest_last.txt
sherman1,SMALLEST_LAST,2,364,101,0.8988988988988988,data\processed\initial_graph_coloring_dataset\colpack_outputs_week13_expanded\sherman1_smallest_last.txt
sherman1,SMALLEST_LAST,2,464,102,0.8978978978978979,data\processed\initial_graph_coloring_dataset\colpack_outputs_week13_expanded\sherman1_smallest_last.txt
sherman1,SMALLEST_LAST,2,474,103,0.8968968968968969,data\processed\initial_graph_coloring_dataset\colpack_outputs_week13_expanded\sherman1_smallest_last.txt
sherman1,SMALLEST_LAST,2,473,104,0.8958958958958959,data\processed\initial_graph_coloring_dataset\colpack_outputs_week13_expanded\sherman1_smallest_last.txt
sherman1,SMALLEST_LAST,2,463,105,0.8948948948948949,data\processed\initial_graph_coloring_dataset\colpack_outputs_week13_expanded\sherman1_smallest_last.txt
sherman1,SMALLEST_LAST,2,453,106,0.8938938938938938,data\processed\initial_graph_coloring_dataset\colpack_outputs_week13_expanded\sherman1_smallest_last.txt
sherman1,SMALLEST_LAST,2,353,107,0.8928928928928929,data\processed\initial_graph_coloring_dataset\colpack_outputs_week13_expanded\sherman1_smallest_last.txt
sherman1,SMALLEST_LAST,2,253,108,0.8918918918918919,data\processed\initial_graph_coloring_dataset\colpack_outputs_week13_expanded\sherman1_smallest_last.txt
sherman1,SMALLEST_LAST,2,153,109,0.8908908908908909,data\processed\initial_graph_coloring_dataset\colpack_outputs_week13_expanded\sherman1_smallest_last.txt
sherman1,SMALLEST_LAST,2,163,110,0.8898898898898899,data\processed\initial_graph_coloring_dataset\colpack_outputs_week13_expanded\sherman1_smallest_last.txt
sherman1,SMALLEST_LAST,2,63,111,0.8888888888888888,data\processed\initial_graph_coloring_dataset\colpack_outputs_week13_expanded\sherman1_smallest_last.txt
sherman1,SMALLEST_LAST,2,53,112,0.8878878878878879,data\processed\initial_graph_coloring_dataset\colpack_outputs_week13_expanded\sherman1_smallest_last.txt
sherman1,SMALLEST_LAST,2,52,113,0.8868868868868869,data\processed\initial_graph_coloring_dataset\colpack_outputs_week13_expanded\sherman1_smallest_last.txt
sherman1,SMALLEST_LAST,2,51,114,0.8858858858858859,data\processed\initial_graph_coloring_dataset\colpack_outputs_week13_expanded\sherman1_smallest_last.txt
sherman1,SMALLEST_LAST,2,151,115,0.8848848848848849,data\processed\initial_graph_coloring_dataset\colpack_outputs_week13_expanded\sherman1_smallest_last.txt
sherman1,SMALLEST_LAST,2,252,116,0.8838838838838838,data\processed\initial_graph_coloring_dataset\colpack_outputs_week13_expanded\sherman1_smallest_last.txt
sherman1,SMALLEST_LAST,2,251,117,0.8828828828828829,data\processed\initial_graph_coloring_dataset\colpack_outputs_week13_expanded\sherman1_smallest_last.txt
sherman1,SMALLEST_LAST,2,250,118,0.8818818818818819,data\processed\initial_graph_coloring_dataset\colpack_outputs_week13_expanded\sherman1_smallest_last.txt
sherman1,SMALLEST_LAST,2,350,119,0.8808808808808809,data\processed\initial_graph_coloring_dataset\colpack_outputs_week13_expanded\sherman1_smallest_last.txt
sherman1,SMALLEST_LAST,2,450,120,0.8798798798798799,data\processed\initial_graph_coloring_dataset\colpack_outputs_week13_expanded\sherman1_smallest_last.txt
sherman1,SMALLEST_LAST,2,451,121,0.8788788788788788,data\processed\initial_graph_coloring_dataset\colpack_outputs_week13_expanded\sherman1_smallest_last.txt
sherman1,SMALLEST_LAST,2,452,122,0.8778778778778779,data\processed\initial_graph_coloring_dataset\colpack_outputs_week13_expanded\sherman1_smallest_last.txt
sherman1,SMALLEST_LAST,2,462,123,0.8768768768768769,data\processed\initial_graph_coloring_dataset\colpack_outputs_week13_expanded\sherman1_smallest_last.txt
sherman1,SMALLEST_LAST,2,461,124,0.8758758758758759,data\processed\initial_graph_coloring_dataset\colpack_outputs_week13_expanded\sherman1_smallest_last.txt
sherman1,SMALLEST_LAST,2,460,125,0.8748748748748749,data\processed\initial_graph_coloring_dataset\colpack_outputs_week13_expanded\sherman1_smallest_last.txt
sherman1,SMALLEST_LAST,2,360,126,0.8738738738738738,data\processed\initial_graph_coloring_dataset\colpack_outputs_week13_expanded\sherman1_smallest_last.txt
sherman1,SMALLEST_LAST,2,260,127,0.8728728728728729,data\processed\initial_graph_coloring_dataset\colpack_outputs_week13_expanded\sherman1_smallest_last.txt
sherman1,SMALLEST_LAST,2,262,128,0.8718718718718719,data\processed\initial_graph_coloring_dataset\colpack_outputs_week13_expanded\sherman1_smallest_last.txt
sherman1,SMALLEST_LAST,2,261,129,0.8708708708708709,data\processed\initial_graph_coloring_dataset\colpack_outputs_week13_expanded\sherman1_smallest_last.txt
sherman1,SMALLEST_LAST,2,161,130,0.8698698698698699,data\processed\initial_graph_coloring_dataset\colpack_outputs_week13_expanded\sherman1_smallest_last.txt
sherman1,SMALLEST_LAST,2,61,131,0.8688688688688688,data\processed\initial_graph_coloring_dataset\colpack_outputs_week13_expanded\sherman1_smallest_last.txt
sherman1,SMALLEST_LAST,2,62,132,0.8678678678678678,data\processed\initial_graph_coloring_dataset\colpack_outputs_week13_expanded\sherman1_smallest_last.txt
sherman1,SMALLEST_LAST,2,72,133,0.8668668668668669,data\processed\initial_graph_coloring_dataset\colpack_outputs_week13_expanded\sherman1_smallest_last.txt
sherman1,SMALLEST_LAST,2,71,134,0.8658658658658659,data\processed\initial_graph_coloring_dataset\colpack_outputs_week13_expanded\sherman1_smallest_last.txt
sherman1,SMALLEST_LAST,2,171,135,0.8648648648648649,data\processed\initial_graph_coloring_dataset\colpack_outputs_week13_expanded\sherman1_smallest_last.txt
sherman1,SMALLEST_LAST,2,272,136,0.8638638638638638,data\processed\initial_graph_coloring_dataset\colpack_outputs_week13_expanded\sherman1_smallest_last.txt
sherman1,SMALLEST_LAST,2,271,137,0.8628628628628628,data\processed\initial_graph_coloring_dataset\colpack_outputs_week13_expanded\sherman1_smallest_last.txt
sherman1,SMALLEST_LAST,2,270,138,0.8618618618618619,data\processed\initial_graph_coloring_dataset\colpack_outputs_week13_expanded\sherman1_smallest_last.txt
sherman1,SMALLEST_LAST,2,370,139,0.8608608608608609,data\processed\initial_graph_coloring_dataset\colpack_outputs_week13_expanded\sherman1_smallest_last.txt
sherman1,SMALLEST_LAST,2,470,140,0.8598598598598599,data\processed\initial_graph_coloring_dataset\colpack_outputs_week13_expanded\sherman1_smallest_last.txt
sherman1,SMALLEST_LAST,2,471,141,0.8588588588588588,data\processed\initial_graph_coloring_dataset\colpack_outputs_week13_expanded\sherman1_smallest_last.txt
sherman1,SMALLEST_LAST,2,472,142,0.8578578578578578,data\processed\initial_graph_coloring_dataset\colpack_outputs_week13_expanded\sherman1_smallest_last.txt
sherman1,SMALLEST_LAST,2,372,143,0.8568568568568569,data\processed\initial_graph_coloring_dataset\colpack_outputs_week13_expanded\sherman1_smallest_last.txt
sherman1,SMALLEST_LAST,2,384,144,0.8558558558558559,data\processed\initial_graph_coloring_dataset\colpack_outputs_week13_expanded\sherman1_smallest_last.txt
sherman1,SMALLEST_LAST,2,484,145,0.8548548548548549,data\processed\initial_graph_coloring_dataset\colpack_outputs_week13_expanded\sherman1_smallest_last.txt
sherman1,SMALLEST_LAST,2,483,146,0.8538538538538538,data\processed\initial_graph_coloring_dataset\colpack_outputs_week13_expanded\sherman1_smallest_last.txt
sherman1,SMALLEST_LAST,2,482,147,0.8528528528528528,data\processed\initial_graph_coloring_dataset\colpack_outputs_week13_expanded\sherman1_smallest_last.txt
sherman1,SMALLEST_LAST,2,382,148,0.8518518518518519,data\processed\initial_graph_coloring_dataset\colpack_outputs_week13_expanded\sherman1_smallest_last.txt
sherman1,SMALLEST_LAST,2,282,149,0.8508508508508509,data\processed\initial_graph_coloring_dataset\colpack_outputs_week13_expanded\sherman1_smallest_last.txt
sherman1,SMALLEST_LAST,2,281,150,0.8498498498498499,data\processed\initial_graph_coloring_dataset\colpack_outputs_week13_expanded\sherman1_smallest_last.txt
sherman1,SMALLEST_LAST,2,280,151,0.8488488488488488,data\processed\initial_graph_coloring_dataset\colpack_outputs_week13_expanded\sherman1_smallest_last.txt
sherman1,SMALLEST_LAST,2,380,152,0.8478478478478478,data\processed\initial_graph_coloring_dataset\colpack_outputs_week13_expanded\sherman1_smallest_last.txt
sherman1,SMALLEST_LAST,2,480,153,0.8468468468468469,data\processed\initial_graph_coloring_dataset\colpack_outputs_week13_expanded\sherman1_smallest_last.txt
sherman1,SMALLEST_LAST,2,481,154,0.8458458458458459,data\processed\initial_graph_coloring_dataset\colpack_outputs_week13_expanded\sherman1_smallest_last.txt
sherman1,SMALLEST_LAST,2,581,155,0.8448448448448449,data\processed\initial_graph_coloring_dataset\colpack_outputs_week13_expanded\sherman1_smallest_last.txt
sherman1,SMALLEST_LAST,2,571,156,0.8438438438438438,data\processed\initial_graph_coloring_dataset\colpack_outputs_week13_expanded\sherman1_smallest_last.txt
sherman1,SMALLEST_LAST,2,561,157,0.8428428428428428,data\processed\initial_graph_coloring_dataset\colpack_outputs_week13_expanded\sherman1_smallest_last.txt
sherman1,SMALLEST_LAST,2,551,158,0.8418418418418419,data\processed\initial_graph_coloring_dataset\colpack_outputs_week13_expanded\sherman1_smallest_last.txt
sherman1,SMALLEST_LAST,2,541,159,0.8408408408408409,data\processed\initial_graph_coloring_dataset\colpack_outputs_week13_expanded\sherman1_smallest_last.txt
sherman1,SMALLEST_LAST,2,540,160,0.8398398398398398,data\processed\initial_graph_coloring_dataset\colpack_outputs_week13_expanded\sherman1_smallest_last.txt
sherman1,SMALLEST_LAST,2,550,161,0.8388388388388388,data\processed\initial_graph_coloring_dataset\colpack_outputs_week13_expanded\sherman1_smallest_last.txt
sherman1,SMALLEST_LAST,2,560,162,0.8378378378378378,data\processed\initial_graph_coloring_dataset\colpack_outputs_week13_expanded\sherman1_smallest_last.txt
sherman1,SMALLEST_LAST,2,570,163,0.8368368368368369,data\processed\initial_graph_coloring_dataset\colpack_outputs_week13_expanded\sherman1_smallest_last.txt
sherman1,SMALLEST_LAST,2,580,164,0.8358358358358359,data\processed\initial_graph_coloring_dataset\colpack_outputs_week13_expanded\sherman1_smallest_last.txt
sherman1,SMALLEST_LAST,2,671,165,0.8348348348348348,data\processed\initial_graph_coloring_dataset\colpack_outputs_week13_expanded\sherman1_smallest_last.txt
sherman1,SMALLEST_LAST,2,681,166,0.8338338338338338,data\processed\initial_graph_coloring_dataset\colpack_outputs_week13_expanded\sherman1_smallest_last.txt
sherman1,SMALLEST_LAST,2,680,167,0.8328328328328328,data\processed\initial_graph_coloring_dataset\colpack_outputs_week13_expanded\sherman1_smallest_last.txt
sherman1,SMALLEST_LAST,2,670,168,0.8318318318318318,data\processed\initial_graph_coloring_dataset\colpack_outputs_week13_expanded\sherman1_smallest_last.txt
sherman1,SMALLEST_LAST,2,660,169,0.8308308308308309,data\processed\initial_graph_coloring_dataset\colpack_outputs_week13_expanded\sherman1_smallest_last.txt
sherman1,SMALLEST_LAST,2,661,170,0.8298298298298298,data\processed\initial_graph_coloring_dataset\colpack_outputs_week13_expanded\sherman1_smallest_last.txt
sherman1,SMALLEST_LAST,2,651,171,0.8288288288288288,data\processed\initial_graph_coloring_dataset\colpack_outputs_week13_expanded\sherman1_smallest_last.txt
sherman1,SMALLEST_LAST,2,650,172,0.8278278278278278,data\processed\initial_graph_coloring_dataset\colpack_outputs_week13_expanded\sherman1_smallest_last.txt
sherman1,SMALLEST_LAST,2,640,173,0.8268268268268268,data\processed\initial_graph_coloring_dataset\colpack_outputs_week13_expanded\sherman1_smallest_last.txt
sherman1,SMALLEST_LAST,2,641,174,0.8258258258258259,data\processed\initial_graph_coloring_dataset\colpack_outputs_week13_expanded\sherman1_smallest_last.txt
sherman1,SMALLEST_LAST,2,652,175,0.8248248248248248,data\processed\initial_graph_coloring_dataset\colpack_outputs_week13_expanded\sherman1_smallest_last.txt
sherman1,SMALLEST_LAST,2,642,176,0.8238238238238238,data\processed\initial_graph_coloring_dataset\colpack_outputs_week13_expanded\sherman1_smallest_last.txt
sherman1,SMALLEST_LAST,2,643,177,0.8228228228228228,data\processed\initial_graph_coloring_dataset\colpack_outputs_week13_expanded\sherman1_smallest_last.txt
sherman1,SMALLEST_LAST,2,653,178,0.8218218218218218,data\processed\initial_graph_coloring_dataset\colpack_outputs_week13_expanded\sherman1_smallest_last.txt
sherman1,SMALLEST_LAST,2,454,179,0.8208208208208209,data\processed\initial_graph_coloring_dataset\colpack_outputs_week13_expanded\sherman1_smallest_last.txt
sherman1,SMALLEST_LAST,2,554,180,0.8198198198198198,data\processed\initial_graph_coloring_dataset\colpack_outputs_week13_expanded\sherman1_smallest_last.txt
sherman1,SMALLEST_LAST,2,654,181,0.8188188188188188,data\processed\initial_graph_coloring_dataset\colpack_outputs_week13_expanded\sherman1_smallest_last.txt
sherman1,SMALLEST_LAST,2,644,182,0.8178178178178178,data\processed\initial_graph_coloring_dataset\colpack_outputs_week13_expanded\sherman1_smallest_last.txt
sherman1,SMALLEST_LAST,2,544,183,0.8168168168168168,data\processed\initial_graph_coloring_dataset\colpack_outputs_week13_expanded\sherman1_smallest_last.txt
sherman1,SMALLEST_LAST,2,444,184,0.8158158158158159,data\processed\initial_graph_coloring_dataset\colpack_outputs_week13_expanded\sherman1_smallest_last.txt
sherman1,SMALLEST_LAST,2,434,185,0.8148148148148148,data\processed\initial_graph_coloring_dataset\colpack_outputs_week13_expanded\sherman1_smallest_last.txt
sherman1,SMALLEST_LAST,2,534,186,0.8138138138138138,data\processed\initial_graph_coloring_dataset\colpack_outputs_week13_expanded\sherman1_smallest_last.txt
sherman1,SMALLEST_LAST,2,531,187,0.8128128128128128,data\processed\initial_graph_coloring_dataset\colpack_outputs_week13_expanded\sherman1_smallest_last.txt
sherman1,SMALLEST_LAST,2,631,188,0.8118118118118118,data\processed\initial_graph_coloring_dataset\colpack_outputs_week13_expanded\sherman1_smallest_last.txt
sherman1,SMALLEST_LAST,2,632,189,0.8108108108108109,data\processed\initial_graph_coloring_dataset\colpack_outputs_week13_expanded\sherman1_smallest_last.txt
sherman1,SMALLEST_LAST,2,633,190,0.8098098098098098,data\processed\initial_graph_coloring_dataset\colpack_outputs_week13_expanded\sherman1_smallest_last.txt
sherman1,SMALLEST_LAST,2,634,191,0.8088088088088088,data\processed\initial_graph_coloring_dataset\colpack_outputs_week13_expanded\sherman1_smallest_last.txt
sherman1,SMALLEST_LAST,2,635,192,0.8078078078078078,data\processed\initial_graph_coloring_dataset\colpack_outputs_week13_expanded\sherman1_smallest_last.txt
sherman1,SMALLEST_LAST,2,645,193,0.8068068068068068,data\processed\initial_graph_coloring_dataset\colpack_outputs_week13_expanded\sherman1_smallest_last.txt
sherman1,SMALLEST_LAST,2,646,194,0.8058058058058059,data\processed\initial_graph_coloring_dataset\colpack_outputs_week13_expanded\sherman1_smallest_last.txt
sherman1,SMALLEST_LAST,2,636,195,0.8048048048048048,data\processed\initial_graph_coloring_dataset\colpack_outputs_week13_expanded\sherman1_smallest_last.txt
sherman1,SMALLEST_LAST,2,637,196,0.8038038038038038,data\processed\initial_graph_coloring_dataset\colpack_outputs_week13_expanded\sherman1_smallest_last.txt
sherman1,SMALLEST_LAST,2,638,197,0.8028028028028028,data\processed\initial_graph_coloring_dataset\colpack_outputs_week13_expanded\sherman1_smallest_last.txt
sherman1,SMALLEST_LAST,2,639,198,0.8018018018018018,data\processed\initial_graph_coloring_dataset\colpack_outputs_week13_expanded\sherman1_smallest_last.txt
sherman1,SMALLEST_LAST,2,739,199,0.8008008008008008,data\processed\initial_graph_coloring_dataset\colpack_outputs_week13_expanded\sherman1_smallest_last.txt
sherman1,SMALLEST_LAST,2,839,200,0.7997997997997998,data\processed\initial_graph_coloring_dataset\colpack_outputs_week13_expanded\sherman1_smallest_last.txt
sherman1,SMALLEST_LAST,2,829,201,0.7987987987987988,data\processed\initial_graph_coloring_dataset\colpack_outputs_week13_expanded\sherman1_smallest_last.txt
sherman1,SMALLEST_LAST,2,729,202,0.7977977977977978,data\processed\initial_graph_coloring_dataset\colpack_outputs_week13_expanded\sherman1_smallest_last.txt
sherman1,SMALLEST_LAST,2,629,203,0.7967967967967968,data\processed\initial_graph_coloring_dataset\colpack_outputs_week13_expanded\sherman1_smallest_last.txt
sherman1,SMALLEST_LAST,2,628,204,0.7957957957957958,data\processed\initial_graph_coloring_dataset\colpack_outputs_week13_expanded\sherman1_smallest_last.txt
sherman1,SMALLEST_LAST,2,627,205,0.7947947947947948,data\processed\initial_graph_coloring_dataset\colpack_outputs_week13_expanded\sherman1_smallest_last.txt
sherman1,SMALLEST_LAST,2,626,206,0.7937937937937938,data\processed\initial_graph_coloring_dataset\colpack_outputs_week13_expanded\sherman1_smallest_last.txt
sherman1,SMALLEST_LAST,2,625,207,0.7927927927927928,data\processed\initial_graph_coloring_dataset\colpack_outputs_week13_expanded\sherman1_smallest_last.txt
sherman1,SMALLEST_LAST,2,624,208,0.7917917917917918,data\processed\initial_graph_coloring_dataset\colpack_outputs_week13_expanded\sherman1_smallest_last.txt
sherman1,SMALLEST_LAST,2,623,209,0.7907907907907908,data\processed\initial_graph_coloring_dataset\colpack_outputs_week13_expanded\sherman1_smallest_last.txt
sherman1,SMALLEST_LAST,2,622,210,0.7897897897897898,data\processed\initial_graph_coloring_dataset\colpack_outputs_week13_expanded\sherman1_smallest_last.txt
sherman1,SMALLEST_LAST,2,621,211,0.7887887887887888,data\processed\initial_graph_coloring_dataset\colpack_outputs_week13_expanded\sherman1_smallest_last.txt
sherman1,SMALLEST_LAST,2,521,212,0.7877877877877878,data\processed\initial_graph_coloring_dataset\colpack_outputs_week13_expanded\sherman1_smallest_last.txt
sherman1,SMALLEST_LAST,2,421,213,0.7867867867867868,data\processed\initial_graph_coloring_dataset\colpack_outputs_week13_expanded\sherman1_smallest_last.txt
sherman1,SMALLEST_LAST,2,422,214,0.7857857857857858,data\processed\initial_graph_coloring_dataset\colpack_outputs_week13_expanded\sherman1_smallest_last.txt
sherman1,SMALLEST_LAST,2,524,215,0.7847847847847848,data\processed\initial_graph_coloring_dataset\colpack_outputs_week13_expanded\sherman1_smallest_last.txt
sherman1,SMALLEST_LAST,2,424,216,0.7837837837837838,data\processed\initial_graph_coloring_dataset\colpack_outputs_week13_expanded\sherman1_smallest_last.txt
sherman1,SMALLEST_LAST,2,423,217,0.7827827827827828,data\processed\initial_graph_coloring_dataset\colpack_outputs_week13_expanded\sherman1_smallest_last.txt
sherman1,SMALLEST_LAST,2,323,218,0.7817817817817818,data\processed\initial_graph_coloring_dataset\colpack_outputs_week13_expanded\sherman1_smallest_last.txt
sherman1,SMALLEST_LAST,2,313,219,0.7807807807807807,data\processed\initial_graph_coloring_dataset\colpack_outputs_week13_expanded\sherman1_smallest_last.txt
sherman1,SMALLEST_LAST,2,413,220,0.7797797797797797,data\processed\initial_graph_coloring_dataset\colpack_outputs_week13_expanded\sherman1_smallest_last.txt
sherman1,SMALLEST_LAST,2,414,221,0.7787787787787788,data\processed\initial_graph_coloring_dataset\colpack_outputs_week13_expanded\sherman1_smallest_last.txt
sherman1,SMALLEST_LAST,2,514,222,0.7777777777777778,data\processed\initial_graph_coloring_dataset\colpack_outputs_week13_expanded\sherman1_smallest_last.txt
sherman1,SMALLEST_LAST,2,614,223,0.7767767767767768,data\processed\initial_graph_coloring_dataset\colpack_outputs_week13_expanded\sherman1_smallest_last.txt
sherman1,SMALLEST_LAST,2,615,224,0.7757757757757757,data\processed\initial_graph_coloring_dataset\colpack_outputs_week13_expanded\sherman1_smallest_last.txt
sherman1,SMALLEST_LAST,2,616,225,0.7747747747747747,data\processed\initial_graph_coloring_dataset\colpack_outputs_week13_expanded\sherman1_smallest_last.txt
sherman1,SMALLEST_LAST,2,617,226,0.7737737737737738,data\processed\initial_graph_coloring_dataset\colpack_outputs_week13_expanded\sherman1_smallest_last.txt
sherman1,SMALLEST_LAST,2,618,227,0.7727727727727728,data\processed\initial_graph_coloring_dataset\colpack_outputs_week13_expanded\sherman1_smallest_last.txt
sherman1,SMALLEST_LAST,2,619,228,0.7717717717717718,data\processed\initial_graph_coloring_dataset\colpack_outputs_week13_expanded\sherman1_smallest_last.txt
sherman1,SMALLEST_LAST,2,719,229,0.7707707707707707,data\processed\initial_graph_coloring_dataset\colpack_outputs_week13_expanded\sherman1_smallest_last.txt
sherman1,SMALLEST_LAST,2,819,230,0.7697697697697697,data\processed\initial_graph_coloring_dataset\colpack_outputs_week13_expanded\sherman1_smallest_last.txt
sherman1,SMALLEST_LAST,2,809,231,0.7687687687687688,data\processed\initial_graph_coloring_dataset\colpack_outputs_week13_expanded\sherman1_smallest_last.txt
sherman1,SMALLEST_LAST,2,709,232,0.7677677677677678,data\processed\initial_graph_coloring_dataset\colpack_outputs_week13_expanded\sherman1_smallest_last.txt
sherman1,SMALLEST_LAST,2,609,233,0.7667667667667668,data\processed\initial_graph_coloring_dataset\colpack_outputs_week13_expanded\sherman1_smallest_last.txt
sherman1,SMALLEST_LAST,2,608,234,0.7657657657657657,data\processed\initial_graph_coloring_dataset\colpack_outputs_week13_expanded\sherman1_smallest_last.txt
sherman1,SMALLEST_LAST,2,607,235,0.7647647647647647,data\processed\initial_graph_coloring_dataset\colpack_outputs_week13_expanded\sherman1_smallest_last.txt
sherman1,SMALLEST_LAST,2,606,236,0.7637637637637638,data\processed\initial_graph_coloring_dataset\colpack_outputs_week13_expanded\sherman1_smallest_last.txt
sherman1,SMALLEST_LAST,2,605,237,0.7627627627627628,data\processed\initial_graph_coloring_dataset\colpack_outputs_week13_expanded\sherman1_smallest_last.txt
sherman1,SMALLEST_LAST,2,604,238,0.7617617617617618,data\processed\initial_graph_coloring_dataset\colpack_outputs_week13_expanded\sherman1_smallest_last.txt
sherman1,SMALLEST_LAST,2,504,239,0.7607607607607607,data\processed\initial_graph_coloring_dataset\colpack_outputs_week13_expanded\sherman1_smallest_last.txt
sherman1,SMALLEST_LAST,2,404,240,0.7597597597597597,data\processed\initial_graph_coloring_dataset\colpack_outputs_week13_expanded\sherman1_smallest_last.txt
sherman1,SMALLEST_LAST,2,405,241,0.7587587587587588,data\processed\initial_graph_coloring_dataset\colpack_outputs_week13_expanded\sherman1_smallest_last.txt
sherman1,SMALLEST_LAST,2,406,242,0.7577577577577578,data\processed\initial_graph_coloring_dataset\colpack_outputs_week13_expanded\sherman1_smallest_last.txt
sherman1,SMALLEST_LAST,2,407,243,0.7567567567567568,data\processed\initial_graph_coloring_dataset\colpack_outputs_week13_expanded\sherman1_smallest_last.txt
sherman1,SMALLEST_LAST,2,408,244,0.7557557557557557,data\processed\initial_graph_coloring_dataset\colpack_outputs_week13_expanded\sherman1_smallest_last.txt
sherman1,SMALLEST_LAST,2,508,245,0.7547547547547547,data\processed\initial_graph_coloring_dataset\colpack_outputs_week13_expanded\sherman1_smallest_last.txt
sherman1,SMALLEST_LAST,2,518,246,0.7537537537537538,data\processed\initial_graph_coloring_dataset\colpack_outputs_week13_expanded\sherman1_smallest_last.txt
sherman1,SMALLEST_LAST,2,418,247,0.7527527527527528,data\processed\initial_graph_coloring_dataset\colpack_outputs_week13_expanded\sherman1_smallest_last.txt
sherman1,SMALLEST_LAST,2,417,248,0.7517517517517518,data\processed\initial_graph_coloring_dataset\colpack_outputs_week13_expanded\sherman1_smallest_last.txt
sherman1,SMALLEST_LAST,2,416,249,0.7507507507507507,data\processed\initial_graph_coloring_dataset\colpack_outputs_week13_expanded\sherman1_smallest_last.txt
sherman1,SMALLEST_LAST,2,415,250,0.7497497497497497,data\processed\initial_graph_coloring_dataset\colpack_outputs_week13_expanded\sherman1_smallest_last.txt
sherman1,SMALLEST_LAST,2,425,251,0.7487487487487487,data\processed\initial_graph_coloring_dataset\colpack_outputs_week13_expanded\sherman1_smallest_last.txt
sherman1,SMALLEST_LAST,2,426,252,0.7477477477477478,data\processed\initial_graph_coloring_dataset\colpack_outputs_week13_expanded\sherman1_smallest_last.txt
sherman1,SMALLEST_LAST,2,427,253,0.7467467467467468,data\processed\initial_graph_coloring_dataset\colpack_outputs_week13_expanded\sherman1_smallest_last.txt
sherman1,SMALLEST_LAST,2,428,254,0.7457457457457457,data\processed\initial_graph_coloring_dataset\colpack_outputs_week13_expanded\sherman1_smallest_last.txt
sherman1,SMALLEST_LAST,2,528,255,0.7447447447447447,data\processed\initial_graph_coloring_dataset\colpack_outputs_week13_expanded\sherman1_smallest_last.txt
sherman1,SMALLEST_LAST,2,538,256,0.7437437437437437,data\processed\initial_graph_coloring_dataset\colpack_outputs_week13_expanded\sherman1_smallest_last.txt
sherman1,SMALLEST_LAST,2,438,257,0.7427427427427428,data\processed\initial_graph_coloring_dataset\colpack_outputs_week13_expanded\sherman1_smallest_last.txt
sherman1,SMALLEST_LAST,2,437,258,0.7417417417417418,data\processed\initial_graph_coloring_dataset\colpack_outputs_week13_expanded\sherman1_smallest_last.txt
sherman1,SMALLEST_LAST,2,526,259,0.7407407407407407,data\processed\initial_graph_coloring_dataset\colpack_outputs_week13_expanded\sherman1_smallest_last.txt
sherman1,SMALLEST_LAST,2,536,260,0.7397397397397397,data\processed\initial_graph_coloring_dataset\colpack_outputs_week13_expanded\sherman1_smallest_last.txt
sherman1,SMALLEST_LAST,2,436,261,0.7387387387387387,data\processed\initial_graph_coloring_dataset\colpack_outputs_week13_expanded\sherman1_smallest_last.txt
sherman1,SMALLEST_LAST,2,435,262,0.7377377377377378,data\processed\initial_graph_coloring_dataset\colpack_outputs_week13_expanded\sherman1_smallest_last.txt
sherman1,SMALLEST_LAST,2,445,263,0.7367367367367368,data\processed\initial_graph_coloring_dataset\colpack_outputs_week13_expanded\sherman1_smallest_last.txt
sherman1,SMALLEST_LAST,2,546,264,0.7357357357357357,data\processed\initial_graph_coloring_dataset\colpack_outputs_week13_expanded\sherman1_smallest_last.txt
sherman1,SMALLEST_LAST,2,446,265,0.7347347347347347,data\processed\initial_graph_coloring_dataset\colpack_outputs_week13_expanded\sherman1_smallest_last.txt
sherman1,SMALLEST_LAST,2,447,266,0.7337337337337337,data\processed\initial_graph_coloring_dataset\colpack_outputs_week13_expanded\sherman1_smallest_last.txt
sherman1,SMALLEST_LAST,2,448,267,0.7327327327327328,data\processed\initial_graph_coloring_dataset\colpack_outputs_week13_expanded\sherman1_smallest_last.txt
sherman1,SMALLEST_LAST,2,455,268,0.7317317317317318,data\processed\initial_graph_coloring_dataset\colpack_outputs_week13_expanded\sherman1_smallest_last.txt
sherman1,SMALLEST_LAST,2,456,269,0.7307307307307307,data\processed\initial_graph_coloring_dataset\colpack_outputs_week13_expanded\sherman1_smallest_last.txt
sherman1,SMALLEST_LAST,2,457,270,0.7297297297297297,data\processed\initial_graph_coloring_dataset\colpack_outputs_week13_expanded\sherman1_smallest_last.txt
sherman1,SMALLEST_LAST,2,458,271,0.7287287287287287,data\processed\initial_graph_coloring_dataset\colpack_outputs_week13_expanded\sherman1_smallest_last.txt
sherman1,SMALLEST_LAST,2,465,272,0.7277277277277278,data\processed\initial_graph_coloring_dataset\colpack_outputs_week13_expanded\sherman1_smallest_last.txt
sherman1,SMALLEST_LAST,2,466,273,0.7267267267267268,data\processed\initial_graph_coloring_dataset\colpack_outputs_week13_expanded\sherman1_smallest_last.txt
sherman1,SMALLEST_LAST,2,467,274,0.7257257257257257,data\processed\initial_graph_coloring_dataset\colpack_outputs_week13_expanded\sherman1_smallest_last.txt
sherman1,SMALLEST_LAST,2,468,275,0.7247247247247247,data\processed\initial_graph_coloring_dataset\colpack_outputs_week13_expanded\sherman1_smallest_last.txt
sherman1,SMALLEST_LAST,2,469,276,0.7237237237237237,data\processed\initial_graph_coloring_dataset\colpack_outputs_week13_expanded\sherman1_smallest_last.txt
sherman1,SMALLEST_LAST,2,459,277,0.7227227227227228,data\processed\initial_graph_coloring_dataset\colpack_outputs_week13_expanded\sherman1_smallest_last.txt
sherman1,SMALLEST_LAST,2,559,278,0.7217217217217218,data\processed\initial_graph_coloring_dataset\colpack_outputs_week13_expanded\sherman1_smallest_last.txt
sherman1,SMALLEST_LAST,2,569,279,0.7207207207207207,data\processed\initial_graph_coloring_dataset\colpack_outputs_week13_expanded\sherman1_smallest_last.txt
sherman1,SMALLEST_LAST,2,669,280,0.7197197197197197,data\processed\initial_graph_coloring_dataset\colpack_outputs_week13_expanded\sherman1_smallest_last.txt
sherman1,SMALLEST_LAST,2,668,281,0.7187187187187187,data\processed\initial_graph_coloring_dataset\colpack_outputs_week13_expanded\sherman1_smallest_last.txt
sherman1,SMALLEST_LAST,2,667,282,0.7177177177177178,data\processed\initial_graph_coloring_dataset\colpack_outputs_week13_expanded\sherman1_smallest_last.txt
sherman1,SMALLEST_LAST,2,475,283,0.7167167167167167,data\processed\initial_graph_coloring_dataset\colpack_outputs_week13_expanded\sherman1_smallest_last.txt
sherman1,SMALLEST_LAST,2,476,284,0.7157157157157157,data\processed\initial_graph_coloring_dataset\colpack_outputs_week13_expanded\sherman1_smallest_last.txt
sherman1,SMALLEST_LAST,2,477,285,0.7147147147147147,data\processed\initial_graph_coloring_dataset\colpack_outputs_week13_expanded\sherman1_smallest_last.txt
sherman1,SMALLEST_LAST,2,478,286,0.7137137137137137,data\processed\initial_graph_coloring_dataset\colpack_outputs_week13_expanded\sherman1_smallest_last.txt
sherman1,SMALLEST_LAST,2,479,287,0.7127127127127127,data\processed\initial_graph_coloring_dataset\colpack_outputs_week13_expanded\sherman1_smallest_last.txt
sherman1,SMALLEST_LAST,2,579,288,0.7117117117117117,data\processed\initial_graph_coloring_dataset\colpack_outputs_week13_expanded\sherman1_smallest_last.txt
sherman1,SMALLEST_LAST,2,679,289,0.7107107107107107,data\processed\initial_graph_coloring_dataset\colpack_outputs_week13_expanded\sherman1_smallest_last.txt
sherman1,SMALLEST_LAST,2,678,290,0.7097097097097097,data\processed\initial_graph_coloring_dataset\colpack_outputs_week13_expanded\sherman1_smallest_last.txt
sherman1,SMALLEST_LAST,2,677,291,0.7087087087087087,data\processed\initial_graph_coloring_dataset\colpack_outputs_week13_expanded\sherman1_smallest_last.txt
sherman1,SMALLEST_LAST,2,485,292,0.7077077077077077,data\processed\initial_graph_coloring_dataset\colpack_outputs_week13_expanded\sherman1_smallest_last.txt
sherman1,SMALLEST_LAST,2,486,293,0.7067067067067067,data\processed\initial_graph_coloring_dataset\colpack_outputs_week13_expanded\sherman1_smallest_last.txt
sherman1,SMALLEST_LAST,2,487,294,0.7057057057057057,data\processed\initial_graph_coloring_dataset\colpack_outputs_week13_expanded\sherman1_smallest_last.txt
sherman1,SMALLEST_LAST,2,488,295,0.7047047047047047,data\processed\initial_graph_coloring_dataset\colpack_outputs_week13_expanded\sherman1_smallest_last.txt
sherman1,SMALLEST_LAST,2,489,296,0.7037037037037037,data\processed\initial_graph_coloring_dataset\colpack_outputs_week13_expanded\sherman1_smallest_last.txt
sherman1,SMALLEST_LAST,2,589,297,0.7027027027027027,data\processed\initial_graph_coloring_dataset\colpack_outputs_week13_expanded\sherman1_smallest_last.txt
sherman1,SMALLEST_LAST,2,689,298,0.7017017017017017,data\processed\initial_graph_coloring_dataset\colpack_outputs_week13_expanded\sherman1_smallest_last.txt
sherman1,SMALLEST_LAST,2,688,299,0.7007007007007007,data\processed\initial_graph_coloring_dataset\colpack_outputs_week13_expanded\sherman1_smallest_last.txt
sherman1,SMALLEST_LAST,2,687,300,0.6996996996996997,data\processed\initial_graph_coloring_dataset\colpack_outputs_week13_expanded\sherman1_smallest_last.txt
sherman1,SMALLEST_LAST,2,767,301,0.6986986986986987,data\processed\initial_graph_coloring_dataset\colpack_outputs_week13_expanded\sherman1_smallest_last.txt
sherman1,SMALLEST_LAST,2,777,302,0.6976976976976977,data\processed\initial_graph_coloring_dataset\colpack_outputs_week13_expanded\sherman1_smallest_last.txt
sherman1,SMALLEST_LAST,2,787,303,0.6966966966966966,data\processed\initial_graph_coloring_dataset\colpack_outputs_week13_expanded\sherman1_smallest_last.txt
sherman1,SMALLEST_LAST,2,867,304,0.6956956956956957,data\processed\initial_graph_coloring_dataset\colpack_outputs_week13_expanded\sherman1_smallest_last.txt
sherman1,SMALLEST_LAST,2,877,305,0.6946946946946947,data\processed\initial_graph_coloring_dataset\colpack_outputs_week13_expanded\sherman1_smallest_last.txt
sherman1,SMALLEST_LAST,2,887,306,0.6936936936936937,data\processed\initial_graph_coloring_dataset\colpack_outputs_week13_expanded\sherman1_smallest_last.txt
sherman1,SMALLEST_LAST,2,876,307,0.6926926926926927,data\processed\initial_graph_coloring_dataset\colpack_outputs_week13_expanded\sherman1_smallest_last.txt
sherman1,SMALLEST_LAST,2,886,308,0.6916916916916916,data\processed\initial_graph_coloring_dataset\colpack_outputs_week13_expanded\sherman1_smallest_last.txt
sherman1,SMALLEST_LAST,2,885,309,0.6906906906906907,data\processed\initial_graph_coloring_dataset\colpack_outputs_week13_expanded\sherman1_smallest_last.txt
sherman1,SMALLEST_LAST,2,875,310,0.6896896896896897,data\processed\initial_graph_coloring_dataset\colpack_outputs_week13_expanded\sherman1_smallest_last.txt
sherman1,SMALLEST_LAST,2,874,311,0.6886886886886887,data\processed\initial_graph_coloring_dataset\colpack_outputs_week13_expanded\sherman1_smallest_last.txt
sherman1,SMALLEST_LAST,2,884,312,0.6876876876876877,data\processed\initial_graph_coloring_dataset\colpack_outputs_week13_expanded\sherman1_smallest_last.txt
sherman1,SMALLEST_LAST,2,883,313,0.6866866866866866,data\processed\initial_graph_coloring_dataset\colpack_outputs_week13_expanded\sherman1_smallest_last.txt
sherman1,SMALLEST_LAST,2,873,314,0.6856856856856857,data\processed\initial_graph_coloring_dataset\colpack_outputs_week13_expanded\sherman1_smallest_last.txt
sherman1,SMALLEST_LAST,2,872,315,0.6846846846846847,data\processed\initial_graph_coloring_dataset\colpack_outputs_week13_expanded\sherman1_smallest_last.txt
sherman1,SMALLEST_LAST,2,882,316,0.6836836836836837,data\processed\initial_graph_coloring_dataset\colpack_outputs_week13_expanded\sherman1_smallest_last.txt
sherman1,SMALLEST_LAST,2,781,317,0.6826826826826827,data\processed\initial_graph_coloring_dataset\colpack_outputs_week13_expanded\sherman1_smallest_last.txt
sherman1,SMALLEST_LAST,2,881,318,0.6816816816816816,data\processed\initial_graph_coloring_dataset\colpack_outputs_week13_expanded\sherman1_smallest_last.txt
sherman1,SMALLEST_LAST,2,871,319,0.6806806806806807,data\processed\initial_graph_coloring_dataset\colpack_outputs_week13_expanded\sherman1_smallest_last.txt
sherman1,SMALLEST_LAST,2,771,320,0.6796796796796797,data\processed\initial_graph_coloring_dataset\colpack_outputs_week13_expanded\sherman1_smallest_last.txt
sherman1,SMALLEST_LAST,2,761,321,0.6786786786786787,data\processed\initial_graph_coloring_dataset\colpack_outputs_week13_expanded\sherman1_smallest_last.txt
sherman1,SMALLEST_LAST,2,861,322,0.6776776776776777,data\processed\initial_graph_coloring_dataset\colpack_outputs_week13_expanded\sherman1_smallest_last.txt
sherman1,SMALLEST_LAST,2,862,323,0.6766766766766766,data\processed\initial_graph_coloring_dataset\colpack_outputs_week13_expanded\sherman1_smallest_last.txt
sherman1,SMALLEST_LAST,2,863,324,0.6756756756756757,data\processed\initial_graph_coloring_dataset\colpack_outputs_week13_expanded\sherman1_smallest_last.txt
sherman1,SMALLEST_LAST,2,864,325,0.6746746746746747,data\processed\initial_graph_coloring_dataset\colpack_outputs_week13_expanded\sherman1_smallest_last.txt
sherman1,SMALLEST_LAST,2,865,326,0.6736736736736737,data\processed\initial_graph_coloring_dataset\colpack_outputs_week13_expanded\sherman1_smallest_last.txt
sherman1,SMALLEST_LAST,2,866,327,0.6726726726726727,data\processed\initial_graph_coloring_dataset\colpack_outputs_week13_expanded\sherman1_smallest_last.txt
sherman1,SMALLEST_LAST,2,856,328,0.6716716716716716,data\processed\initial_graph_coloring_dataset\colpack_outputs_week13_expanded\sherman1_smallest_last.txt
sherman1,SMALLEST_LAST,2,855,329,0.6706706706706707,data\processed\initial_graph_coloring_dataset\colpack_outputs_week13_expanded\sherman1_smallest_last.txt
sherman1,SMALLEST_LAST,2,854,330,0.6696696696696697,data\processed\initial_graph_coloring_dataset\colpack_outputs_week13_expanded\sherman1_smallest_last.txt
sherman1,SMALLEST_LAST,2,853,331,0.6686686686686687,data\processed\initial_graph_coloring_dataset\colpack_outputs_week13_expanded\sherman1_smallest_last.txt
sherman1,SMALLEST_LAST,2,852,332,0.6676676676676677,data\processed\initial_graph_coloring_dataset\colpack_outputs_week13_expanded\sherman1_smallest_last.txt
sherman1,SMALLEST_LAST,2,851,333,0.6666666666666666,data\processed\initial_graph_coloring_dataset\colpack_outputs_week13_expanded\sherman1_smallest_last.txt
sherman1,SMALLEST_LAST,2,751,334,0.6656656656656657,data\processed\initial_graph_coloring_dataset\colpack_outputs_week13_expanded\sherman1_smallest_last.txt
sherman1,SMALLEST_LAST,2,741,335,0.6646646646646647,data\processed\initial_graph_coloring_dataset\colpack_outputs_week13_expanded\sherman1_smallest_last.txt
sherman1,SMALLEST_LAST,2,841,336,0.6636636636636637,data\processed\initial_graph_coloring_dataset\colpack_outputs_week13_expanded\sherman1_smallest_last.txt
sherman1,SMALLEST_LAST,2,842,337,0.6626626626626627,data\processed\initial_graph_coloring_dataset\colpack_outputs_week13_expanded\sherman1_smallest_last.txt
sherman1,SMALLEST_LAST,2,843,338,0.6616616616616616,data\processed\initial_graph_coloring_dataset\colpack_outputs_week13_expanded\sherman1_smallest_last.txt
sherman1,SMALLEST_LAST,2,844,339,0.6606606606606606,data\processed\initial_graph_coloring_dataset\colpack_outputs_week13_expanded\sherman1_smallest_last.txt
sherman1,SMALLEST_LAST,2,845,340,0.6596596596596597,data\processed\initial_graph_coloring_dataset\colpack_outputs_week13_expanded\sherman1_smallest_last.txt
sherman1,SMALLEST_LAST,2,846,341,0.6586586586586587,data\processed\initial_graph_coloring_dataset\colpack_outputs_week13_expanded\sherman1_smallest_last.txt
sherman1,SMALLEST_LAST,2,836,342,0.6576576576576577,data\processed\initial_graph_coloring_dataset\colpack_outputs_week13_expanded\sherman1_smallest_last.txt
sherman1,SMALLEST_LAST,2,835,343,0.6566566566566566,data\processed\initial_graph_coloring_dataset\colpack_outputs_week13_expanded\sherman1_smallest_last.txt
sherman1,SMALLEST_LAST,2,834,344,0.6556556556556556,data\processed\initial_graph_coloring_dataset\colpack_outputs_week13_expanded\sherman1_smallest_last.txt
sherman1,SMALLEST_LAST,2,833,345,0.6546546546546547,data\processed\initial_graph_coloring_dataset\colpack_outputs_week13_expanded\sherman1_smallest_last.txt
sherman1,SMALLEST_LAST,2,832,346,0.6536536536536537,data\processed\initial_graph_coloring_dataset\colpack_outputs_week13_expanded\sherman1_smallest_last.txt
sherman1,SMALLEST_LAST,2,831,347,0.6526526526526526,data\processed\initial_graph_coloring_dataset\colpack_outputs_week13_expanded\sherman1_smallest_last.txt
sherman1,SMALLEST_LAST,2,731,348,0.6516516516516516,data\processed\initial_graph_coloring_dataset\colpack_outputs_week13_expanded\sherman1_smallest_last.txt
sherman1,SMALLEST_LAST,2,721,349,0.6506506506506506,data\processed\initial_graph_coloring_dataset\colpack_outputs_week13_expanded\sherman1_smallest_last.txt
sherman1,SMALLEST_LAST,2,821,350,0.6496496496496497,data\processed\initial_graph_coloring_dataset\colpack_outputs_week13_expanded\sherman1_smallest_last.txt
sherman1,SMALLEST_LAST,2,822,351,0.6486486486486487,data\processed\initial_graph_coloring_dataset\colpack_outputs_week13_expanded\sherman1_smallest_last.txt
sherman1,SMALLEST_LAST,2,823,352,0.6476476476476476,data\processed\initial_graph_coloring_dataset\colpack_outputs_week13_expanded\sherman1_smallest_last.txt
sherman1,SMALLEST_LAST,2,824,353,0.6466466466466466,data\processed\initial_graph_coloring_dataset\colpack_outputs_week13_expanded\sherman1_smallest_last.txt
sherman1,SMALLEST_LAST,2,825,354,0.6456456456456456,data\processed\initial_graph_coloring_dataset\colpack_outputs_week13_expanded\sherman1_smallest_last.txt
sherman1,SMALLEST_LAST,2,826,355,0.6446446446446447,data\processed\initial_graph_coloring_dataset\colpack_outputs_week13_expanded\sherman1_smallest_last.txt
sherman1,SMALLEST_LAST,2,816,356,0.6436436436436437,data\processed\initial_graph_coloring_dataset\colpack_outputs_week13_expanded\sherman1_smallest_last.txt
sherman1,SMALLEST_LAST,2,806,357,0.6426426426426426,data\processed\initial_graph_coloring_dataset\colpack_outputs_week13_expanded\sherman1_smallest_last.txt
sherman1,SMALLEST_LAST,2,815,358,0.6416416416416416,data\processed\initial_graph_coloring_dataset\colpack_outputs_week13_expanded\sherman1_smallest_last.txt
sherman1,SMALLEST_LAST,2,805,359,0.6406406406406406,data\processed\initial_graph_coloring_dataset\colpack_outputs_week13_expanded\sherman1_smallest_last.txt
sherman1,SMALLEST_LAST,2,705,360,0.6396396396396397,data\processed\initial_graph_coloring_dataset\colpack_outputs_week13_expanded\sherman1_smallest_last.txt
sherman1,SMALLEST_LAST,2,715,361,0.6386386386386387,data\processed\initial_graph_coloring_dataset\colpack_outputs_week13_expanded\sherman1_smallest_last.txt
sherman1,SMALLEST_LAST,2,725,362,0.6376376376376376,data\processed\initial_graph_coloring_dataset\colpack_outputs_week13_expanded\sherman1_smallest_last.txt
sherman1,SMALLEST_LAST,2,735,363,0.6366366366366366,data\processed\initial_graph_coloring_dataset\colpack_outputs_week13_expanded\sherman1_smallest_last.txt
sherman1,SMALLEST_LAST,2,745,364,0.6356356356356356,data\processed\initial_graph_coloring_dataset\colpack_outputs_week13_expanded\sherman1_smallest_last.txt
sherman1,SMALLEST_LAST,2,755,365,0.6346346346346347,data\processed\initial_graph_coloring_dataset\colpack_outputs_week13_expanded\sherman1_smallest_last.txt
sherman1,SMALLEST_LAST,2,655,366,0.6336336336336337,data\processed\initial_graph_coloring_dataset\colpack_outputs_week13_expanded\sherman1_smallest_last.txt
sherman1,SMALLEST_LAST,2,656,367,0.6326326326326326,data\processed\initial_graph_coloring_dataset\colpack_outputs_week13_expanded\sherman1_smallest_last.txt
sherman1,SMALLEST_LAST,2,666,368,0.6316316316316316,data\processed\initial_graph_coloring_dataset\colpack_outputs_week13_expanded\sherman1_smallest_last.txt
sherman1,SMALLEST_LAST,2,765,369,0.6306306306306306,data\processed\initial_graph_coloring_dataset\colpack_outputs_week13_expanded\sherman1_smallest_last.txt
sherman1,SMALLEST_LAST,2,665,370,0.6296296296296297,data\processed\initial_graph_coloring_dataset\colpack_outputs_week13_expanded\sherman1_smallest_last.txt
sherman1,SMALLEST_LAST,2,664,371,0.6286286286286287,data\processed\initial_graph_coloring_dataset\colpack_outputs_week13_expanded\sherman1_smallest_last.txt
sherman1,SMALLEST_LAST,2,663,372,0.6276276276276276,data\processed\initial_graph_coloring_dataset\colpack_outputs_week13_expanded\sherman1_smallest_last.txt
sherman1,SMALLEST_LAST,2,662,373,0.6266266266266266,data\processed\initial_graph_coloring_dataset\colpack_outputs_week13_expanded\sherman1_smallest_last.txt
sherman1,SMALLEST_LAST,2,672,374,0.6256256256256256,data\processed\initial_graph_coloring_dataset\colpack_outputs_week13_expanded\sherman1_smallest_last.txt
sherman1,SMALLEST_LAST,2,673,375,0.6246246246246246,data\processed\initial_graph_coloring_dataset\colpack_outputs_week13_expanded\sherman1_smallest_last.txt
sherman1,SMALLEST_LAST,2,674,376,0.6236236236236237,data\processed\initial_graph_coloring_dataset\colpack_outputs_week13_expanded\sherman1_smallest_last.txt
sherman1,SMALLEST_LAST,2,775,377,0.6226226226226226,data\processed\initial_graph_coloring_dataset\colpack_outputs_week13_expanded\sherman1_smallest_last.txt
sherman1,SMALLEST_LAST,2,675,378,0.6216216216216216,data\processed\initial_graph_coloring_dataset\colpack_outputs_week13_expanded\sherman1_smallest_last.txt
sherman1,SMALLEST_LAST,2,676,379,0.6206206206206206,data\processed\initial_graph_coloring_dataset\colpack_outputs_week13_expanded\sherman1_smallest_last.txt
sherman1,SMALLEST_LAST,2,576,380,0.6196196196196196,data\processed\initial_graph_coloring_dataset\colpack_outputs_week13_expanded\sherman1_smallest_last.txt
sherman1,SMALLEST_LAST,2,586,381,0.6186186186186187,data\processed\initial_graph_coloring_dataset\colpack_outputs_week13_expanded\sherman1_smallest_last.txt
sherman1,SMALLEST_LAST,2,686,382,0.6176176176176176,data\processed\initial_graph_coloring_dataset\colpack_outputs_week13_expanded\sherman1_smallest_last.txt
sherman1,SMALLEST_LAST,2,685,383,0.6166166166166166,data\processed\initial_graph_coloring_dataset\colpack_outputs_week13_expanded\sherman1_smallest_last.txt
sherman1,SMALLEST_LAST,2,684,384,0.6156156156156156,data\processed\initial_graph_coloring_dataset\colpack_outputs_week13_expanded\sherman1_smallest_last.txt
sherman1,SMALLEST_LAST,2,683,385,0.6146146146146146,data\processed\initial_graph_coloring_dataset\colpack_outputs_week13_expanded\sherman1_smallest_last.txt
sherman1,SMALLEST_LAST,2,682,386,0.6136136136136137,data\processed\initial_graph_coloring_dataset\colpack_outputs_week13_expanded\sherman1_smallest_last.txt
sherman1,SMALLEST_LAST,2,692,387,0.6126126126126126,data\processed\initial_graph_coloring_dataset\colpack_outputs_week13_expanded\sherman1_smallest_last.txt
sherman1,SMALLEST_LAST,2,693,388,0.6116116116116116,data\processed\initial_graph_coloring_dataset\colpack_outputs_week13_expanded\sherman1_smallest_last.txt
sherman1,SMALLEST_LAST,2,694,389,0.6106106106106106,data\processed\initial_graph_coloring_dataset\colpack_outputs_week13_expanded\sherman1_smallest_last.txt
sherman1,SMALLEST_LAST,2,695,390,0.6096096096096096,data\processed\initial_graph_coloring_dataset\colpack_outputs_week13_expanded\sherman1_smallest_last.txt
sherman1,SMALLEST_LAST,2,696,391,0.6086086086086087,data\processed\initial_graph_coloring_dataset\colpack_outputs_week13_expanded\sherman1_smallest_last.txt
sherman1,SMALLEST_LAST,2,697,392,0.6076076076076076,data\processed\initial_graph_coloring_dataset\colpack_outputs_week13_expanded\sherman1_smallest_last.txt
sherman1,SMALLEST_LAST,2,797,393,0.6066066066066066,data\processed\initial_graph_coloring_dataset\colpack_outputs_week13_expanded\sherman1_smallest_last.txt
sherman1,SMALLEST_LAST,2,897,394,0.6056056056056056,data\processed\initial_graph_coloring_dataset\colpack_outputs_week13_expanded\sherman1_smallest_last.txt
sherman1,SMALLEST_LAST,2,896,395,0.6046046046046046,data\processed\initial_graph_coloring_dataset\colpack_outputs_week13_expanded\sherman1_smallest_last.txt
sherman1,SMALLEST_LAST,2,895,396,0.6036036036036037,data\processed\initial_graph_coloring_dataset\colpack_outputs_week13_expanded\sherman1_smallest_last.txt
sherman1,SMALLEST_LAST,2,894,397,0.6026026026026026,data\processed\initial_graph_coloring_dataset\colpack_outputs_week13_expanded\sherman1_smallest_last.txt
sherman1,SMALLEST_LAST,2,893,398,0.6016016016016016,data\processed\initial_graph_coloring_dataset\colpack_outputs_week13_expanded\sherman1_smallest_last.txt
sherman1,SMALLEST_LAST,2,892,399,0.6006006006006006,data\processed\initial_graph_coloring_dataset\colpack_outputs_week13_expanded\sherman1_smallest_last.txt
sherman1,SMALLEST_LAST,2,891,400,0.5995995995995996,data\processed\initial_graph_coloring_dataset\colpack_outputs_week13_expanded\sherman1_smallest_last.txt
sherman1,SMALLEST_LAST,2,791,401,0.5985985985985987,data\processed\initial_graph_coloring_dataset\colpack_outputs_week13_expanded\sherman1_smallest_last.txt
sherman1,SMALLEST_LAST,2,691,402,0.5975975975975976,data\processed\initial_graph_coloring_dataset\colpack_outputs_week13_expanded\sherman1_smallest_last.txt
sherman1,SMALLEST_LAST,2,690,403,0.5965965965965966,data\processed\initial_graph_coloring_dataset\colpack_outputs_week13_expanded\sherman1_smallest_last.txt
sherman1,SMALLEST_LAST,2,590,404,0.5955955955955956,data\processed\initial_graph_coloring_dataset\colpack_outputs_week13_expanded\sherman1_smallest_last.txt
sherman1,SMALLEST_LAST,2,591,405,0.5945945945945946,data\processed\initial_graph_coloring_dataset\colpack_outputs_week13_expanded\sherman1_smallest_last.txt
sherman1,SMALLEST_LAST,2,491,406,0.5935935935935935,data\processed\initial_graph_coloring_dataset\colpack_outputs_week13_expanded\sherman1_smallest_last.txt
sherman1,SMALLEST_LAST,2,490,407,0.5925925925925926,data\processed\initial_graph_coloring_dataset\colpack_outputs_week13_expanded\sherman1_smallest_last.txt
sherman1,SMALLEST_LAST,2,390,408,0.5915915915915916,data\processed\initial_graph_coloring_dataset\colpack_outputs_week13_expanded\sherman1_smallest_last.txt
sherman1,SMALLEST_LAST,2,290,409,0.5905905905905906,data\processed\initial_graph_coloring_dataset\colpack_outputs_week13_expanded\sherman1_smallest_last.txt
sherman1,SMALLEST_LAST,2,291,410,0.5895895895895896,data\processed\initial_graph_coloring_dataset\colpack_outputs_week13_expanded\sherman1_smallest_last.txt
sherman1,SMALLEST_LAST,2,492,411,0.5885885885885885,data\processed\initial_graph_coloring_dataset\colpack_outputs_week13_expanded\sherman1_smallest_last.txt
sherman1,SMALLEST_LAST,2,392,412,0.5875875875875876,data\processed\initial_graph_coloring_dataset\colpack_outputs_week13_expanded\sherman1_smallest_last.txt
sherman1,SMALLEST_LAST,2,292,413,0.5865865865865866,data\processed\initial_graph_coloring_dataset\colpack_outputs_week13_expanded\sherman1_smallest_last.txt
sherman1,SMALLEST_LAST,2,293,414,0.5855855855855856,data\processed\initial_graph_coloring_dataset\colpack_outputs_week13_expanded\sherman1_smallest_last.txt
sherman1,SMALLEST_LAST,2,493,415,0.5845845845845846,data\processed\initial_graph_coloring_dataset\colpack_outputs_week13_expanded\sherman1_smallest_last.txt
sherman1,SMALLEST_LAST,2,494,416,0.5835835835835835,data\processed\initial_graph_coloring_dataset\colpack_outputs_week13_expanded\sherman1_smallest_last.txt
sherman1,SMALLEST_LAST,2,394,417,0.5825825825825826,data\processed\initial_graph_coloring_dataset\colpack_outputs_week13_expanded\sherman1_smallest_last.txt
sherman1,SMALLEST_LAST,2,294,418,0.5815815815815816,data\processed\initial_graph_coloring_dataset\colpack_outputs_week13_expanded\sherman1_smallest_last.txt
sherman1,SMALLEST_LAST,2,295,419,0.5805805805805806,data\processed\initial_graph_coloring_dataset\colpack_outputs_week13_expanded\sherman1_smallest_last.txt
sherman1,SMALLEST_LAST,2,195,420,0.5795795795795796,data\processed\initial_graph_coloring_dataset\colpack_outputs_week13_expanded\sherman1_smallest_last.txt
sherman1,SMALLEST_LAST,2,95,421,0.5785785785785785,data\processed\initial_graph_coloring_dataset\colpack_outputs_week13_expanded\sherman1_smallest_last.txt
sherman1,SMALLEST_LAST,2,86,422,0.5775775775775776,data\processed\initial_graph_coloring_dataset\colpack_outputs_week13_expanded\sherman1_smallest_last.txt
sherman1,SMALLEST_LAST,2,96,423,0.5765765765765766,data\processed\initial_graph_coloring_dataset\colpack_outputs_week13_expanded\sherman1_smallest_last.txt
sherman1,SMALLEST_LAST,2,97,424,0.5755755755755756,data\processed\initial_graph_coloring_dataset\colpack_outputs_week13_expanded\sherman1_smallest_last.txt
sherman1,SMALLEST_LAST,2,87,425,0.5745745745745746,data\processed\initial_graph_coloring_dataset\colpack_outputs_week13_expanded\sherman1_smallest_last.txt
sherman1,SMALLEST_LAST,2,88,426,0.5735735735735735,data\processed\initial_graph_coloring_dataset\colpack_outputs_week13_expanded\sherman1_smallest_last.txt
sherman1,SMALLEST_LAST,2,98,427,0.5725725725725725,data\processed\initial_graph_coloring_dataset\colpack_outputs_week13_expanded\sherman1_smallest_last.txt
sherman1,SMALLEST_LAST,2,99,428,0.5715715715715716,data\processed\initial_graph_coloring_dataset\colpack_outputs_week13_expanded\sherman1_smallest_last.txt
sherman1,SMALLEST_LAST,2,89,429,0.5705705705705706,data\processed\initial_graph_coloring_dataset\colpack_outputs_week13_expanded\sherman1_smallest_last.txt
sherman1,SMALLEST_LAST,2,189,430,0.5695695695695696,data\processed\initial_graph_coloring_dataset\colpack_outputs_week13_expanded\sherman1_smallest_last.txt
sherman1,SMALLEST_LAST,2,199,431,0.5685685685685685,data\processed\initial_graph_coloring_dataset\colpack_outputs_week13_expanded\sherman1_smallest_last.txt
sherman1,SMALLEST_LAST,2,299,432,0.5675675675675675,data\processed\initial_graph_coloring_dataset\colpack_outputs_week13_expanded\sherman1_smallest_last.txt
sherman1,SMALLEST_LAST,2,289,433,0.5665665665665666,data\processed\initial_graph_coloring_dataset\colpack_outputs_week13_expanded\sherman1_smallest_last.txt
sherman1,SMALLEST_LAST,2,389,434,0.5655655655655656,data\processed\initial_graph_coloring_dataset\colpack_outputs_week13_expanded\sherman1_smallest_last.txt
sherman1,SMALLEST_LAST,2,399,435,0.5645645645645646,data\processed\initial_graph_coloring_dataset\colpack_outputs_week13_expanded\sherman1_smallest_last.txt
sherman1,SMALLEST_LAST,2,698,436,0.5635635635635635,data\processed\initial_graph_coloring_dataset\colpack_outputs_week13_expanded\sherman1_smallest_last.txt
sherman1,SMALLEST_LAST,2,699,437,0.5625625625625625,data\processed\initial_graph_coloring_dataset\colpack_outputs_week13_expanded\sherman1_smallest_last.txt
sherman1,SMALLEST_LAST,2,599,438,0.5615615615615616,data\processed\initial_graph_coloring_dataset\colpack_outputs_week13_expanded\sherman1_smallest_last.txt
sherman1,SMALLEST_LAST,2,499,439,0.5605605605605606,data\processed\initial_graph_coloring_dataset\colpack_outputs_week13_expanded\sherman1_smallest_last.txt
sherman1,SMALLEST_LAST,2,498,440,0.5595595595595596,data\processed\initial_graph_coloring_dataset\colpack_outputs_week13_expanded\sherman1_smallest_last.txt
sherman1,SMALLEST_LAST,2,497,441,0.5585585585585585,data\processed\initial_graph_coloring_dataset\colpack_outputs_week13_expanded\sherman1_smallest_last.txt
sherman1,SMALLEST_LAST,2,496,442,0.5575575575575575,data\processed\initial_graph_coloring_dataset\colpack_outputs_week13_expanded\sherman1_smallest_last.txt
sherman1,SMALLEST_LAST,2,495,443,0.5565565565565566,data\processed\initial_graph_coloring_dataset\colpack_outputs_week13_expanded\sherman1_smallest_last.txt
sherman1,SMALLEST_LAST,2,395,444,0.5555555555555556,data\processed\initial_graph_coloring_dataset\colpack_outputs_week13_expanded\sherman1_smallest_last.txt
sherman1,SMALLEST_LAST,2,385,445,0.5545545545545546,data\processed\initial_graph_coloring_dataset\colpack_outputs_week13_expanded\sherman1_smallest_last.txt
sherman1,SMALLEST_LAST,2,375,446,0.5535535535535535,data\processed\initial_graph_coloring_dataset\colpack_outputs_week13_expanded\sherman1_smallest_last.txt
sherman1,SMALLEST_LAST,2,365,447,0.5525525525525525,data\processed\initial_graph_coloring_dataset\colpack_outputs_week13_expanded\sherman1_smallest_last.txt
sherman1,SMALLEST_LAST,2,265,448,0.5515515515515516,data\processed\initial_graph_coloring_dataset\colpack_outputs_week13_expanded\sherman1_smallest_last.txt
sherman1,SMALLEST_LAST,2,165,449,0.5505505505505506,data\processed\initial_graph_coloring_dataset\colpack_outputs_week13_expanded\sherman1_smallest_last.txt
sherman1,SMALLEST_LAST,2,65,450,0.5495495495495496,data\processed\initial_graph_coloring_dataset\colpack_outputs_week13_expanded\sherman1_smallest_last.txt
sherman1,SMALLEST_LAST,2,64,451,0.5485485485485485,data\processed\initial_graph_coloring_dataset\colpack_outputs_week13_expanded\sherman1_smallest_last.txt
sherman1,SMALLEST_LAST,2,54,452,0.5475475475475475,data\processed\initial_graph_coloring_dataset\colpack_outputs_week13_expanded\sherman1_smallest_last.txt
sherman1,SMALLEST_LAST,2,55,453,0.5465465465465466,data\processed\initial_graph_coloring_dataset\colpack_outputs_week13_expanded\sherman1_smallest_last.txt
sherman1,SMALLEST_LAST,2,155,454,0.5455455455455456,data\processed\initial_graph_coloring_dataset\colpack_outputs_week13_expanded\sherman1_smallest_last.txt
sherman1,SMALLEST_LAST,2,255,455,0.5445445445445446,data\processed\initial_graph_coloring_dataset\colpack_outputs_week13_expanded\sherman1_smallest_last.txt
sherman1,SMALLEST_LAST,2,355,456,0.5435435435435435,data\processed\initial_graph_coloring_dataset\colpack_outputs_week13_expanded\sherman1_smallest_last.txt
sherman1,SMALLEST_LAST,2,345,457,0.5425425425425425,data\processed\initial_graph_coloring_dataset\colpack_outputs_week13_expanded\sherman1_smallest_last.txt
sherman1,SMALLEST_LAST,2,245,458,0.5415415415415415,data\processed\initial_graph_coloring_dataset\colpack_outputs_week13_expanded\sherman1_smallest_last.txt
sherman1,SMALLEST_LAST,2,145,459,0.5405405405405406,data\processed\initial_graph_coloring_dataset\colpack_outputs_week13_expanded\sherman1_smallest_last.txt
sherman1,SMALLEST_LAST,2,45,460,0.5395395395395396,data\processed\initial_graph_coloring_dataset\colpack_outputs_week13_expanded\sherman1_smallest_last.txt
sherman1,SMALLEST_LAST,2,44,461,0.5385385385385385,data\processed\initial_graph_coloring_dataset\colpack_outputs_week13_expanded\sherman1_smallest_last.txt
sherman1,SMALLEST_LAST,2,34,462,0.5375375375375375,data\processed\initial_graph_coloring_dataset\colpack_outputs_week13_expanded\sherman1_smallest_last.txt
sherman1,SMALLEST_LAST,2,35,463,0.5365365365365365,data\processed\initial_graph_coloring_dataset\colpack_outputs_week13_expanded\sherman1_smallest_last.txt
sherman1,SMALLEST_LAST,2,135,464,0.5355355355355356,data\processed\initial_graph_coloring_dataset\colpack_outputs_week13_expanded\sherman1_smallest_last.txt
sherman1,SMALLEST_LAST,2,335,465,0.5345345345345346,data\processed\initial_graph_coloring_dataset\colpack_outputs_week13_expanded\sherman1_smallest_last.txt
sherman1,SMALLEST_LAST,2,235,466,0.5335335335335335,data\processed\initial_graph_coloring_dataset\colpack_outputs_week13_expanded\sherman1_smallest_last.txt
sherman1,SMALLEST_LAST,2,254,467,0.5325325325325325,data\processed\initial_graph_coloring_dataset\colpack_outputs_week13_expanded\sherman1_smallest_last.txt
sherman1,SMALLEST_LAST,2,244,468,0.5315315315315315,data\processed\initial_graph_coloring_dataset\colpack_outputs_week13_expanded\sherman1_smallest_last.txt
sherman1,SMALLEST_LAST,2,234,469,0.5305305305305306,data\processed\initial_graph_coloring_dataset\colpack_outputs_week13_expanded\sherman1_smallest_last.txt
sherman1,SMALLEST_LAST,2,224,470,0.5295295295295295,data\processed\initial_graph_coloring_dataset\colpack_outputs_week13_expanded\sherman1_smallest_last.txt
sherman1,SMALLEST_LAST,2,325,471,0.5285285285285285,data\processed\initial_graph_coloring_dataset\colpack_outputs_week13_expanded\sherman1_smallest_last.txt
sherman1,SMALLEST_LAST,2,225,472,0.5275275275275275,data\processed\initial_graph_coloring_dataset\colpack_outputs_week13_expanded\sherman1_smallest_last.txt
sherman1,SMALLEST_LAST,2,125,473,0.5265265265265265,data\processed\initial_graph_coloring_dataset\colpack_outputs_week13_expanded\sherman1_smallest_last.txt
sherman1,SMALLEST_LAST,2,25,474,0.5255255255255256,data\processed\initial_graph_coloring_dataset\colpack_outputs_week13_expanded\sherman1_smallest_last.txt
sherman1,SMALLEST_LAST,2,24,475,0.5245245245245245,data\processed\initial_graph_coloring_dataset\colpack_outputs_week13_expanded\sherman1_smallest_last.txt
sherman1,SMALLEST_LAST,2,14,476,0.5235235235235235,data\processed\initial_graph_coloring_dataset\colpack_outputs_week13_expanded\sherman1_smallest_last.txt
sherman1,SMALLEST_LAST,2,15,477,0.5225225225225225,data\processed\initial_graph_coloring_dataset\colpack_outputs_week13_expanded\sherman1_smallest_last.txt
sherman1,SMALLEST_LAST,2,76,478,0.5215215215215215,data\processed\initial_graph_coloring_dataset\colpack_outputs_week13_expanded\sherman1_smallest_last.txt
sherman1,SMALLEST_LAST,2,66,479,0.5205205205205206,data\processed\initial_graph_coloring_dataset\colpack_outputs_week13_expanded\sherman1_smallest_last.txt
sherman1,SMALLEST_LAST,2,56,480,0.5195195195195195,data\processed\initial_graph_coloring_dataset\colpack_outputs_week13_expanded\sherman1_smallest_last.txt
sherman1,SMALLEST_LAST,2,46,481,0.5185185185185185,data\processed\initial_graph_coloring_dataset\colpack_outputs_week13_expanded\sherman1_smallest_last.txt
sherman1,SMALLEST_LAST,2,36,482,0.5175175175175175,data\processed\initial_graph_coloring_dataset\colpack_outputs_week13_expanded\sherman1_smallest_last.txt
sherman1,SMALLEST_LAST,2,26,483,0.5165165165165165,data\processed\initial_graph_coloring_dataset\colpack_outputs_week13_expanded\sherman1_smallest_last.txt
sherman1,SMALLEST_LAST,2,16,484,0.5155155155155156,data\processed\initial_graph_coloring_dataset\colpack_outputs_week13_expanded\sherman1_smallest_last.txt
sherman1,SMALLEST_LAST,2,77,485,0.5145145145145145,data\processed\initial_graph_coloring_dataset\colpack_outputs_week13_expanded\sherman1_smallest_last.txt
sherman1,SMALLEST_LAST,2,67,486,0.5135135135135135,data\processed\initial_graph_coloring_dataset\colpack_outputs_week13_expanded\sherman1_smallest_last.txt
sherman1,SMALLEST_LAST,2,57,487,0.5125125125125125,data\processed\initial_graph_coloring_dataset\colpack_outputs_week13_expanded\sherman1_smallest_last.txt
sherman1,SMALLEST_LAST,2,47,488,0.5115115115115115,data\processed\initial_graph_coloring_dataset\colpack_outputs_week13_expanded\sherman1_smallest_last.txt
sherman1,SMALLEST_LAST,2,37,489,0.5105105105105106,data\processed\initial_graph_coloring_dataset\colpack_outputs_week13_expanded\sherman1_smallest_last.txt
sherman1,SMALLEST_LAST,2,27,490,0.5095095095095095,data\processed\initial_graph_coloring_dataset\colpack_outputs_week13_expanded\sherman1_smallest_last.txt
sherman1,SMALLEST_LAST,2,17,491,0.5085085085085085,data\processed\initial_graph_coloring_dataset\colpack_outputs_week13_expanded\sherman1_smallest_last.txt
sherman1,SMALLEST_LAST,2,117,492,0.5075075075075075,data\processed\initial_graph_coloring_dataset\colpack_outputs_week13_expanded\sherman1_smallest_last.txt
sherman1,SMALLEST_LAST,2,217,493,0.5065065065065065,data\processed\initial_graph_coloring_dataset\colpack_outputs_week13_expanded\sherman1_smallest_last.txt
sherman1,SMALLEST_LAST,2,317,494,0.5055055055055055,data\processed\initial_graph_coloring_dataset\colpack_outputs_week13_expanded\sherman1_smallest_last.txt
sherman1,SMALLEST_LAST,2,307,495,0.5045045045045045,data\processed\initial_graph_coloring_dataset\colpack_outputs_week13_expanded\sherman1_smallest_last.txt
sherman1,SMALLEST_LAST,2,207,496,0.5035035035035035,data\processed\initial_graph_coloring_dataset\colpack_outputs_week13_expanded\sherman1_smallest_last.txt
sherman1,SMALLEST_LAST,2,107,497,0.5025025025025025,data\processed\initial_graph_coloring_dataset\colpack_outputs_week13_expanded\sherman1_smallest_last.txt
sherman1,SMALLEST_LAST,2,7,498,0.5015015015015015,data\processed\initial_graph_coloring_dataset\colpack_outputs_week13_expanded\sherman1_smallest_last.txt
sherman1,SMALLEST_LAST,2,6,499,0.5005005005005005,data\processed\initial_graph_coloring_dataset\colpack_outputs_week13_expanded\sherman1_smallest_last.txt
sherman1,SMALLEST_LAST,2,5,500,0.4994994994994995,data\processed\initial_graph_coloring_dataset\colpack_outputs_week13_expanded\sherman1_smallest_last.txt
sherman1,SMALLEST_LAST,2,4,501,0.4984984984984985,data\processed\initial_graph_coloring_dataset\colpack_outputs_week13_expanded\sherman1_smallest_last.txt
sherman1,SMALLEST_LAST,2,3,502,0.4974974974974975,data\processed\initial_graph_coloring_dataset\colpack_outputs_week13_expanded\sherman1_smallest_last.txt
sherman1,SMALLEST_LAST,2,2,503,0.4964964964964965,data\processed\initial_graph_coloring_dataset\colpack_outputs_week13_expanded\sherman1_smallest_last.txt
sherman1,SMALLEST_LAST,2,1,504,0.4954954954954955,data\processed\initial_graph_coloring_dataset\colpack_outputs_week13_expanded\sherman1_smallest_last.txt
sherman1,SMALLEST_LAST,2,101,505,0.4944944944944945,data\processed\initial_graph_coloring_dataset\colpack_outputs_week13_expanded\sherman1_smallest_last.txt
sherman1,SMALLEST_LAST,2,201,506,0.4934934934934935,data\processed\initial_graph_coloring_dataset\colpack_outputs_week13_expanded\sherman1_smallest_last.txt
sherman1,SMALLEST_LAST,2,202,507,0.4924924924924925,data\processed\initial_graph_coloring_dataset\colpack_outputs_week13_expanded\sherman1_smallest_last.txt
sherman1,SMALLEST_LAST,2,203,508,0.4914914914914915,data\processed\initial_graph_coloring_dataset\colpack_outputs_week13_expanded\sherman1_smallest_last.txt
sherman1,SMALLEST_LAST,2,214,509,0.4904904904904905,data\processed\initial_graph_coloring_dataset\colpack_outputs_week13_expanded\sherman1_smallest_last.txt
sherman1,SMALLEST_LAST,2,204,510,0.4894894894894895,data\processed\initial_graph_coloring_dataset\colpack_outputs_week13_expanded\sherman1_smallest_last.txt
sherman1,SMALLEST_LAST,2,215,511,0.48848848848848847,data\processed\initial_graph_coloring_dataset\colpack_outputs_week13_expanded\sherman1_smallest_last.txt
sherman1,SMALLEST_LAST,2,205,512,0.4874874874874875,data\processed\initial_graph_coloring_dataset\colpack_outputs_week13_expanded\sherman1_smallest_last.txt
sherman1,SMALLEST_LAST,2,206,513,0.4864864864864865,data\processed\initial_graph_coloring_dataset\colpack_outputs_week13_expanded\sherman1_smallest_last.txt
sherman1,SMALLEST_LAST,2,216,514,0.4854854854854855,data\processed\initial_graph_coloring_dataset\colpack_outputs_week13_expanded\sherman1_smallest_last.txt
sherman1,SMALLEST_LAST,2,226,515,0.4844844844844845,data\processed\initial_graph_coloring_dataset\colpack_outputs_week13_expanded\sherman1_smallest_last.txt
sherman1,SMALLEST_LAST,2,327,516,0.48348348348348347,data\processed\initial_graph_coloring_dataset\colpack_outputs_week13_expanded\sherman1_smallest_last.txt
sherman1,SMALLEST_LAST,2,227,517,0.4824824824824825,data\processed\initial_graph_coloring_dataset\colpack_outputs_week13_expanded\sherman1_smallest_last.txt
sherman1,SMALLEST_LAST,2,127,518,0.48148148148148145,data\processed\initial_graph_coloring_dataset\colpack_outputs_week13_expanded\sherman1_smallest_last.txt
sherman1,SMALLEST_LAST,2,137,519,0.4804804804804805,data\processed\initial_graph_coloring_dataset\colpack_outputs_week13_expanded\sherman1_smallest_last.txt
sherman1,SMALLEST_LAST,2,337,520,0.4794794794794795,data\processed\initial_graph_coloring_dataset\colpack_outputs_week13_expanded\sherman1_smallest_last.txt
sherman1,SMALLEST_LAST,2,237,521,0.47847847847847846,data\processed\initial_graph_coloring_dataset\colpack_outputs_week13_expanded\sherman1_smallest_last.txt
sherman1,SMALLEST_LAST,2,236,522,0.4774774774774775,data\processed\initial_graph_coloring_dataset\colpack_outputs_week13_expanded\sherman1_smallest_last.txt
sherman1,SMALLEST_LAST,2,246,523,0.47647647647647645,data\processed\initial_graph_coloring_dataset\colpack_outputs_week13_expanded\sherman1_smallest_last.txt
sherman1,SMALLEST_LAST,2,347,524,0.4754754754754755,data\processed\initial_graph_coloring_dataset\colpack_outputs_week13_expanded\sherman1_smallest_last.txt
sherman1,SMALLEST_LAST,2,247,525,0.4744744744744745,data\processed\initial_graph_coloring_dataset\colpack_outputs_week13_expanded\sherman1_smallest_last.txt
sherman1,SMALLEST_LAST,2,147,526,0.47347347347347346,data\processed\initial_graph_coloring_dataset\colpack_outputs_week13_expanded\sherman1_smallest_last.txt
sherman1,SMALLEST_LAST,2,157,527,0.4724724724724725,data\processed\initial_graph_coloring_dataset\colpack_outputs_week13_expanded\sherman1_smallest_last.txt
sherman1,SMALLEST_LAST,2,357,528,0.47147147147147145,data\processed\initial_graph_coloring_dataset\colpack_outputs_week13_expanded\sherman1_smallest_last.txt
sherman1,SMALLEST_LAST,2,257,529,0.47047047047047047,data\processed\initial_graph_coloring_dataset\colpack_outputs_week13_expanded\sherman1_smallest_last.txt
sherman1,SMALLEST_LAST,2,256,530,0.4694694694694695,data\processed\initial_graph_coloring_dataset\colpack_outputs_week13_expanded\sherman1_smallest_last.txt
sherman1,SMALLEST_LAST,2,266,531,0.46846846846846846,data\processed\initial_graph_coloring_dataset\colpack_outputs_week13_expanded\sherman1_smallest_last.txt
sherman1,SMALLEST_LAST,2,267,532,0.4674674674674675,data\processed\initial_graph_coloring_dataset\colpack_outputs_week13_expanded\sherman1_smallest_last.txt
sherman1,SMALLEST_LAST,2,367,533,0.46646646646646645,data\processed\initial_graph_coloring_dataset\colpack_outputs_week13_expanded\sherman1_smallest_last.txt
sherman1,SMALLEST_LAST,2,377,534,0.46546546546546547,data\processed\initial_graph_coloring_dataset\colpack_outputs_week13_expanded\sherman1_smallest_last.txt
sherman1,SMALLEST_LAST,2,277,535,0.4644644644644645,data\processed\initial_graph_coloring_dataset\colpack_outputs_week13_expanded\sherman1_smallest_last.txt
sherman1,SMALLEST_LAST,2,276,536,0.46346346346346345,data\processed\initial_graph_coloring_dataset\colpack_outputs_week13_expanded\sherman1_smallest_last.txt
sherman1,SMALLEST_LAST,2,286,537,0.4624624624624625,data\processed\initial_graph_coloring_dataset\colpack_outputs_week13_expanded\sherman1_smallest_last.txt
sherman1,SMALLEST_LAST,2,287,538,0.46146146146146144,data\processed\initial_graph_coloring_dataset\colpack_outputs_week13_expanded\sherman1_smallest_last.txt
sherman1,SMALLEST_LAST,2,296,539,0.46046046046046046,data\processed\initial_graph_coloring_dataset\colpack_outputs_week13_expanded\sherman1_smallest_last.txt
sherman1,SMALLEST_LAST,2,297,540,0.4594594594594595,data\processed\initial_graph_coloring_dataset\colpack_outputs_week13_expanded\sherman1_smallest_last.txt
sherman1,SMALLEST_LAST,2,298,541,0.45845845845845845,data\processed\initial_graph_coloring_dataset\colpack_outputs_week13_expanded\sherman1_smallest_last.txt
sherman1,SMALLEST_LAST,2,288,542,0.4574574574574575,data\processed\initial_graph_coloring_dataset\colpack_outputs_week13_expanded\sherman1_smallest_last.txt
sherman1,SMALLEST_LAST,2,278,543,0.45645645645645644,data\processed\initial_graph_coloring_dataset\colpack_outputs_week13_expanded\sherman1_smallest_last.txt
sherman1,SMALLEST_LAST,2,379,544,0.45545545545545546,data\processed\initial_graph_coloring_dataset\colpack_outputs_week13_expanded\sherman1_smallest_last.txt
sherman1,SMALLEST_LAST,2,279,545,0.4544544544544545,data\processed\initial_graph_coloring_dataset\colpack_outputs_week13_expanded\sherman1_smallest_last.txt
sherman1,SMALLEST_LAST,2,179,546,0.45345345345345345,data\processed\initial_graph_coloring_dataset\colpack_outputs_week13_expanded\sherman1_smallest_last.txt
sherman1,SMALLEST_LAST,2,79,547,0.45245245245245247,data\processed\initial_graph_coloring_dataset\colpack_outputs_week13_expanded\sherman1_smallest_last.txt
sherman1,SMALLEST_LAST,2,78,548,0.45145145145145144,data\processed\initial_graph_coloring_dataset\colpack_outputs_week13_expanded\sherman1_smallest_last.txt
sherman1,SMALLEST_LAST,2,68,549,0.45045045045045046,data\processed\initial_graph_coloring_dataset\colpack_outputs_week13_expanded\sherman1_smallest_last.txt
sherman1,SMALLEST_LAST,2,69,550,0.4494494494494494,data\processed\initial_graph_coloring_dataset\colpack_outputs_week13_expanded\sherman1_smallest_last.txt
sherman1,SMALLEST_LAST,2,169,551,0.44844844844844844,data\processed\initial_graph_coloring_dataset\colpack_outputs_week13_expanded\sherman1_smallest_last.txt
sherman1,SMALLEST_LAST,2,269,552,0.44744744744744747,data\processed\initial_graph_coloring_dataset\colpack_outputs_week13_expanded\sherman1_smallest_last.txt
sherman1,SMALLEST_LAST,2,268,553,0.44644644644644643,data\processed\initial_graph_coloring_dataset\colpack_outputs_week13_expanded\sherman1_smallest_last.txt
sherman1,SMALLEST_LAST,2,258,554,0.44544544544544545,data\processed\initial_graph_coloring_dataset\colpack_outputs_week13_expanded\sherman1_smallest_last.txt
sherman1,SMALLEST_LAST,2,259,555,0.4444444444444444,data\processed\initial_graph_coloring_dataset\colpack_outputs_week13_expanded\sherman1_smallest_last.txt
sherman1,SMALLEST_LAST,2,159,556,0.44344344344344344,data\processed\initial_graph_coloring_dataset\colpack_outputs_week13_expanded\sherman1_smallest_last.txt
sherman1,SMALLEST_LAST,2,59,557,0.44244244244244246,data\processed\initial_graph_coloring_dataset\colpack_outputs_week13_expanded\sherman1_smallest_last.txt
sherman1,SMALLEST_LAST,2,58,558,0.44144144144144143,data\processed\initial_graph_coloring_dataset\colpack_outputs_week13_expanded\sherman1_smallest_last.txt
sherman1,SMALLEST_LAST,2,48,559,0.44044044044044045,data\processed\initial_graph_coloring_dataset\colpack_outputs_week13_expanded\sherman1_smallest_last.txt
sherman1,SMALLEST_LAST,2,38,560,0.4394394394394394,data\processed\initial_graph_coloring_dataset\colpack_outputs_week13_expanded\sherman1_smallest_last.txt
sherman1,SMALLEST_LAST,2,28,561,0.43843843843843844,data\processed\initial_graph_coloring_dataset\colpack_outputs_week13_expanded\sherman1_smallest_last.txt
sherman1,SMALLEST_LAST,2,18,562,0.43743743743743746,data\processed\initial_graph_coloring_dataset\colpack_outputs_week13_expanded\sherman1_smallest_last.txt
sherman1,SMALLEST_LAST,2,8,563,0.4364364364364364,data\processed\initial_graph_coloring_dataset\colpack_outputs_week13_expanded\sherman1_smallest_last.txt
sherman1,SMALLEST_LAST,2,49,564,0.43543543543543545,data\processed\initial_graph_coloring_dataset\colpack_outputs_week13_expanded\sherman1_smallest_last.txt
sherman1,SMALLEST_LAST,2,39,565,0.4344344344344344,data\processed\initial_graph_coloring_dataset\colpack_outputs_week13_expanded\sherman1_smallest_last.txt
sherman1,SMALLEST_LAST,2,29,566,0.43343343343343343,data\processed\initial_graph_coloring_dataset\colpack_outputs_week13_expanded\sherman1_smallest_last.txt
sherman1,SMALLEST_LAST,2,19,567,0.43243243243243246,data\processed\initial_graph_coloring_dataset\colpack_outputs_week13_expanded\sherman1_smallest_last.txt
sherman1,SMALLEST_LAST,2,9,568,0.4314314314314314,data\processed\initial_graph_coloring_dataset\colpack_outputs_week13_expanded\sherman1_smallest_last.txt
sherman1,SMALLEST_LAST,2,0,569,0.43043043043043044,data\processed\initial_graph_coloring_dataset\colpack_outputs_week13_expanded\sherman1_smallest_last.txt
sherman1,SMALLEST_LAST,2,10,570,0.4294294294294294,data\processed\initial_graph_coloring_dataset\colpack_outputs_week13_expanded\sherman1_smallest_last.txt
sherman1,SMALLEST_LAST,2,20,571,0.42842842842842843,data\processed\initial_graph_coloring_dataset\colpack_outputs_week13_expanded\sherman1_smallest_last.txt
sherman1,SMALLEST_LAST,2,30,572,0.42742742742742745,data\processed\initial_graph_coloring_dataset\colpack_outputs_week13_expanded\sherman1_smallest_last.txt
sherman1,SMALLEST_LAST,2,40,573,0.4264264264264264,data\processed\initial_graph_coloring_dataset\colpack_outputs_week13_expanded\sherman1_smallest_last.txt
sherman1,SMALLEST_LAST,2,50,574,0.42542542542542544,data\processed\initial_graph_coloring_dataset\colpack_outputs_week13_expanded\sherman1_smallest_last.txt
sherman1,SMALLEST_LAST,2,60,575,0.4244244244244244,data\processed\initial_graph_coloring_dataset\colpack_outputs_week13_expanded\sherman1_smallest_last.txt
sherman1,SMALLEST_LAST,2,70,576,0.42342342342342343,data\processed\initial_graph_coloring_dataset\colpack_outputs_week13_expanded\sherman1_smallest_last.txt
sherman1,SMALLEST_LAST,2,82,577,0.42242242242242245,data\processed\initial_graph_coloring_dataset\colpack_outputs_week13_expanded\sherman1_smallest_last.txt
sherman1,SMALLEST_LAST,2,81,578,0.4214214214214214,data\processed\initial_graph_coloring_dataset\colpack_outputs_week13_expanded\sherman1_smallest_last.txt
sherman1,SMALLEST_LAST,2,80,579,0.42042042042042044,data\processed\initial_graph_coloring_dataset\colpack_outputs_week13_expanded\sherman1_smallest_last.txt
sherman1,SMALLEST_LAST,2,94,580,0.4194194194194194,data\processed\initial_graph_coloring_dataset\colpack_outputs_week13_expanded\sherman1_smallest_last.txt
sherman1,SMALLEST_LAST,2,93,581,0.4184184184184184,data\processed\initial_graph_coloring_dataset\colpack_outputs_week13_expanded\sherman1_smallest_last.txt
sherman1,SMALLEST_LAST,2,92,582,0.4174174174174174,data\processed\initial_graph_coloring_dataset\colpack_outputs_week13_expanded\sherman1_smallest_last.txt
sherman1,SMALLEST_LAST,2,91,583,0.4164164164164164,data\processed\initial_graph_coloring_dataset\colpack_outputs_week13_expanded\sherman1_smallest_last.txt
sherman1,SMALLEST_LAST,2,90,584,0.41541541541541543,data\processed\initial_graph_coloring_dataset\colpack_outputs_week13_expanded\sherman1_smallest_last.txt
sherman1,SMALLEST_LAST,2,220,585,0.4144144144144144,data\processed\initial_graph_coloring_dataset\colpack_outputs_week13_expanded\sherman1_smallest_last.txt
sherman1,SMALLEST_LAST,2,210,586,0.4134134134134134,data\processed\initial_graph_coloring_dataset\colpack_outputs_week13_expanded\sherman1_smallest_last.txt
sherman1,SMALLEST_LAST,2,200,587,0.4124124124124124,data\processed\initial_graph_coloring_dataset\colpack_outputs_week13_expanded\sherman1_smallest_last.txt
sherman1,SMALLEST_LAST,2,248,588,0.4114114114114114,data\processed\initial_graph_coloring_dataset\colpack_outputs_week13_expanded\sherman1_smallest_last.txt
sherman1,SMALLEST_LAST,2,238,589,0.41041041041041043,data\processed\initial_graph_coloring_dataset\colpack_outputs_week13_expanded\sherman1_smallest_last.txt
sherman1,SMALLEST_LAST,2,228,590,0.4094094094094094,data\processed\initial_graph_coloring_dataset\colpack_outputs_week13_expanded\sherman1_smallest_last.txt
sherman1,SMALLEST_LAST,2,218,591,0.4084084084084084,data\processed\initial_graph_coloring_dataset\colpack_outputs_week13_expanded\sherman1_smallest_last.txt
sherman1,SMALLEST_LAST,2,208,592,0.4074074074074074,data\processed\initial_graph_coloring_dataset\colpack_outputs_week13_expanded\sherman1_smallest_last.txt
sherman1,SMALLEST_LAST,2,249,593,0.4064064064064064,data\processed\initial_graph_coloring_dataset\colpack_outputs_week13_expanded\sherman1_smallest_last.txt
sherman1,SMALLEST_LAST,2,239,594,0.40540540540540543,data\processed\initial_graph_coloring_dataset\colpack_outputs_week13_expanded\sherman1_smallest_last.txt
sherman1,SMALLEST_LAST,2,229,595,0.4044044044044044,data\processed\initial_graph_coloring_dataset\colpack_outputs_week13_expanded\sherman1_smallest_last.txt
sherman1,SMALLEST_LAST,2,219,596,0.4034034034034034,data\processed\initial_graph_coloring_dataset\colpack_outputs_week13_expanded\sherman1_smallest_last.txt
sherman1,SMALLEST_LAST,2,209,597,0.4024024024024024,data\processed\initial_graph_coloring_dataset\colpack_outputs_week13_expanded\sherman1_smallest_last.txt
sherman1,SMALLEST_LAST,2,403,598,0.4014014014014014,data\processed\initial_graph_coloring_dataset\colpack_outputs_week13_expanded\sherman1_smallest_last.txt
sherman1,SMALLEST_LAST,2,412,599,0.4004004004004004,data\processed\initial_graph_coloring_dataset\colpack_outputs_week13_expanded\sherman1_smallest_last.txt
sherman1,SMALLEST_LAST,2,402,600,0.3993993993993994,data\processed\initial_graph_coloring_dataset\colpack_outputs_week13_expanded\sherman1_smallest_last.txt
sherman1,SMALLEST_LAST,2,411,601,0.3983983983983984,data\processed\initial_graph_coloring_dataset\colpack_outputs_week13_expanded\sherman1_smallest_last.txt
sherman1,SMALLEST_LAST,2,401,602,0.3973973973973974,data\processed\initial_graph_coloring_dataset\colpack_outputs_week13_expanded\sherman1_smallest_last.txt
sherman1,SMALLEST_LAST,2,420,603,0.3963963963963964,data\processed\initial_graph_coloring_dataset\colpack_outputs_week13_expanded\sherman1_smallest_last.txt
sherman1,SMALLEST_LAST,2,410,604,0.3953953953953954,data\processed\initial_graph_coloring_dataset\colpack_outputs_week13_expanded\sherman1_smallest_last.txt
sherman1,SMALLEST_LAST,2,400,605,0.3943943943943944,data\processed\initial_graph_coloring_dataset\colpack_outputs_week13_expanded\sherman1_smallest_last.txt
sherman1,SMALLEST_LAST,2,449,606,0.3933933933933934,data\processed\initial_graph_coloring_dataset\colpack_outputs_week13_expanded\sherman1_smallest_last.txt
sherman1,SMALLEST_LAST,2,439,607,0.3923923923923924,data\processed\initial_graph_coloring_dataset\colpack_outputs_week13_expanded\sherman1_smallest_last.txt
sherman1,SMALLEST_LAST,2,429,608,0.3913913913913914,data\processed\initial_graph_coloring_dataset\colpack_outputs_week13_expanded\sherman1_smallest_last.txt
sherman1,SMALLEST_LAST,2,419,609,0.39039039039039036,data\processed\initial_graph_coloring_dataset\colpack_outputs_week13_expanded\sherman1_smallest_last.txt
sherman1,SMALLEST_LAST,2,409,610,0.3893893893893894,data\processed\initial_graph_coloring_dataset\colpack_outputs_week13_expanded\sherman1_smallest_last.txt
sherman1,SMALLEST_LAST,2,613,611,0.3883883883883884,data\processed\initial_graph_coloring_dataset\colpack_outputs_week13_expanded\sherman1_smallest_last.txt
sherman1,SMALLEST_LAST,2,603,612,0.38738738738738737,data\processed\initial_graph_coloring_dataset\colpack_outputs_week13_expanded\sherman1_smallest_last.txt
sherman1,SMALLEST_LAST,2,612,613,0.3863863863863864,data\processed\initial_graph_coloring_dataset\colpack_outputs_week13_expanded\sherman1_smallest_last.txt
sherman1,SMALLEST_LAST,2,602,614,0.38538538538538536,data\processed\initial_graph_coloring_dataset\colpack_outputs_week13_expanded\sherman1_smallest_last.txt
sherman1,SMALLEST_LAST,2,611,615,0.3843843843843844,data\processed\initial_graph_coloring_dataset\colpack_outputs_week13_expanded\sherman1_smallest_last.txt
sherman1,SMALLEST_LAST,2,601,616,0.3833833833833834,data\processed\initial_graph_coloring_dataset\colpack_outputs_week13_expanded\sherman1_smallest_last.txt
sherman1,SMALLEST_LAST,2,630,617,0.38238238238238237,data\processed\initial_graph_coloring_dataset\colpack_outputs_week13_expanded\sherman1_smallest_last.txt
sherman1,SMALLEST_LAST,2,620,618,0.3813813813813814,data\processed\initial_graph_coloring_dataset\colpack_outputs_week13_expanded\sherman1_smallest_last.txt
sherman1,SMALLEST_LAST,2,610,619,0.38038038038038036,data\processed\initial_graph_coloring_dataset\colpack_outputs_week13_expanded\sherman1_smallest_last.txt
sherman1,SMALLEST_LAST,2,600,620,0.3793793793793794,data\processed\initial_graph_coloring_dataset\colpack_outputs_week13_expanded\sherman1_smallest_last.txt
sherman1,SMALLEST_LAST,2,814,621,0.3783783783783784,data\processed\initial_graph_coloring_dataset\colpack_outputs_week13_expanded\sherman1_smallest_last.txt
sherman1,SMALLEST_LAST,2,804,622,0.37737737737737737,data\processed\initial_graph_coloring_dataset\colpack_outputs_week13_expanded\sherman1_smallest_last.txt
sherman1,SMALLEST_LAST,2,813,623,0.3763763763763764,data\processed\initial_graph_coloring_dataset\colpack_outputs_week13_expanded\sherman1_smallest_last.txt
sherman1,SMALLEST_LAST,2,803,624,0.37537537537537535,data\processed\initial_graph_coloring_dataset\colpack_outputs_week13_expanded\sherman1_smallest_last.txt
sherman1,SMALLEST_LAST,2,812,625,0.3743743743743744,data\processed\initial_graph_coloring_dataset\colpack_outputs_week13_expanded\sherman1_smallest_last.txt
sherman1,SMALLEST_LAST,2,802,626,0.3733733733733734,data\processed\initial_graph_coloring_dataset\colpack_outputs_week13_expanded\sherman1_smallest_last.txt
sherman1,SMALLEST_LAST,2,811,627,0.37237237237237236,data\processed\initial_graph_coloring_dataset\colpack_outputs_week13_expanded\sherman1_smallest_last.txt
sherman1,SMALLEST_LAST,2,801,628,0.3713713713713714,data\processed\initial_graph_coloring_dataset\colpack_outputs_week13_expanded\sherman1_smallest_last.txt
sherman1,SMALLEST_LAST,2,890,629,0.37037037037037035,data\processed\initial_graph_coloring_dataset\colpack_outputs_week13_expanded\sherman1_smallest_last.txt
sherman1,SMALLEST_LAST,2,880,630,0.36936936936936937,data\processed\initial_graph_coloring_dataset\colpack_outputs_week13_expanded\sherman1_smallest_last.txt
sherman1,SMALLEST_LAST,2,870,631,0.3683683683683684,data\processed\initial_graph_coloring_dataset\colpack_outputs_week13_expanded\sherman1_smallest_last.txt
sherman1,SMALLEST_LAST,2,860,632,0.36736736736736736,data\processed\initial_graph_coloring_dataset\colpack_outputs_week13_expanded\sherman1_smallest_last.txt
sherman1,SMALLEST_LAST,2,850,633,0.3663663663663664,data\processed\initial_graph_coloring_dataset\colpack_outputs_week13_expanded\sherman1_smallest_last.txt
sherman1,SMALLEST_LAST,2,840,634,0.36536536536536535,data\processed\initial_graph_coloring_dataset\colpack_outputs_week13_expanded\sherman1_smallest_last.txt
sherman1,SMALLEST_LAST,2,830,635,0.36436436436436437,data\processed\initial_graph_coloring_dataset\colpack_outputs_week13_expanded\sherman1_smallest_last.txt
sherman1,SMALLEST_LAST,2,820,636,0.3633633633633634,data\processed\initial_graph_coloring_dataset\colpack_outputs_week13_expanded\sherman1_smallest_last.txt
sherman1,SMALLEST_LAST,2,810,637,0.36236236236236236,data\processed\initial_graph_coloring_dataset\colpack_outputs_week13_expanded\sherman1_smallest_last.txt
sherman1,SMALLEST_LAST,2,800,638,0.3613613613613614,data\processed\initial_graph_coloring_dataset\colpack_outputs_week13_expanded\sherman1_smallest_last.txt
sherman1,SMALLEST_LAST,2,900,639,0.36036036036036034,data\processed\initial_graph_coloring_dataset\colpack_outputs_week13_expanded\sherman1_smallest_last.txt
sherman1,SMALLEST_LAST,2,910,640,0.35935935935935936,data\processed\initial_graph_coloring_dataset\colpack_outputs_week13_expanded\sherman1_smallest_last.txt
sherman1,SMALLEST_LAST,2,920,641,0.35835835835835833,data\processed\initial_graph_coloring_dataset\colpack_outputs_week13_expanded\sherman1_smallest_last.txt
sherman1,SMALLEST_LAST,2,993,642,0.35735735735735735,data\processed\initial_graph_coloring_dataset\colpack_outputs_week13_expanded\sherman1_smallest_last.txt
sherman1,SMALLEST_LAST,2,983,643,0.3563563563563564,data\processed\initial_graph_coloring_dataset\colpack_outputs_week13_expanded\sherman1_smallest_last.txt
sherman1,SMALLEST_LAST,2,973,644,0.35535535535535534,data\processed\initial_graph_coloring_dataset\colpack_outputs_week13_expanded\sherman1_smallest_last.txt
sherman1,SMALLEST_LAST,2,963,645,0.35435435435435436,data\processed\initial_graph_coloring_dataset\colpack_outputs_week13_expanded\sherman1_smallest_last.txt
sherman1,SMALLEST_LAST,2,953,646,0.3533533533533533,data\processed\initial_graph_coloring_dataset\colpack_outputs_week13_expanded\sherman1_smallest_last.txt
sherman1,SMALLEST_LAST,2,943,647,0.35235235235235235,data\processed\initial_graph_coloring_dataset\colpack_outputs_week13_expanded\sherman1_smallest_last.txt
sherman1,SMALLEST_LAST,2,933,648,0.35135135135135137,data\processed\initial_graph_coloring_dataset\colpack_outputs_week13_expanded\sherman1_smallest_last.txt
sherman1,SMALLEST_LAST,2,868,649,0.35035035035035034,data\processed\initial_graph_coloring_dataset\colpack_outputs_week13_expanded\sherman1_smallest_last.txt
sherman1,SMALLEST_LAST,2,869,650,0.34934934934934936,data\processed\initial_graph_coloring_dataset\colpack_outputs_week13_expanded\sherman1_smallest_last.txt
sherman1,SMALLEST_LAST,2,878,651,0.3483483483483483,data\processed\initial_graph_coloring_dataset\colpack_outputs_week13_expanded\sherman1_smallest_last.txt
sherman1,SMALLEST_LAST,2,879,652,0.34734734734734735,data\processed\initial_graph_coloring_dataset\colpack_outputs_week13_expanded\sherman1_smallest_last.txt
sherman1,SMALLEST_LAST,2,888,653,0.34634634634634637,data\processed\initial_graph_coloring_dataset\colpack_outputs_week13_expanded\sherman1_smallest_last.txt
sherman1,SMALLEST_LAST,2,889,654,0.34534534534534533,data\processed\initial_graph_coloring_dataset\colpack_outputs_week13_expanded\sherman1_smallest_last.txt
sherman1,SMALLEST_LAST,2,898,655,0.34434434434434436,data\processed\initial_graph_coloring_dataset\colpack_outputs_week13_expanded\sherman1_smallest_last.txt
sherman1,SMALLEST_LAST,2,899,656,0.3433433433433433,data\processed\initial_graph_coloring_dataset\colpack_outputs_week13_expanded\sherman1_smallest_last.txt
sherman1,SMALLEST_LAST,2,940,657,0.34234234234234234,data\processed\initial_graph_coloring_dataset\colpack_outputs_week13_expanded\sherman1_smallest_last.txt
sherman1,SMALLEST_LAST,2,950,658,0.34134134134134136,data\processed\initial_graph_coloring_dataset\colpack_outputs_week13_expanded\sherman1_smallest_last.txt
sherman1,SMALLEST_LAST,2,960,659,0.34034034034034033,data\processed\initial_graph_coloring_dataset\colpack_outputs_week13_expanded\sherman1_smallest_last.txt
sherman1,SMALLEST_LAST,2,970,660,0.33933933933933935,data\processed\initial_graph_coloring_dataset\colpack_outputs_week13_expanded\sherman1_smallest_last.txt
sherman1,SMALLEST_LAST,2,915,661,0.3383383383383383,data\processed\initial_graph_coloring_dataset\colpack_outputs_week13_expanded\sherman1_smallest_last.txt
sherman1,SMALLEST_LAST,2,925,662,0.33733733733733734,data\processed\initial_graph_coloring_dataset\colpack_outputs_week13_expanded\sherman1_smallest_last.txt
sherman1,SMALLEST_LAST,2,935,663,0.33633633633633636,data\processed\initial_graph_coloring_dataset\colpack_outputs_week13_expanded\sherman1_smallest_last.txt
sherman1,SMALLEST_LAST,2,945,664,0.3353353353353353,data\processed\initial_graph_coloring_dataset\colpack_outputs_week13_expanded\sherman1_smallest_last.txt
sherman1,SMALLEST_LAST,2,955,665,0.33433433433433435,data\processed\initial_graph_coloring_dataset\colpack_outputs_week13_expanded\sherman1_smallest_last.txt
sherman1,SMALLEST_LAST,2,965,666,0.3333333333333333,data\processed\initial_graph_coloring_dataset\colpack_outputs_week13_expanded\sherman1_smallest_last.txt
sherman1,SMALLEST_LAST,2,975,667,0.33233233233233234,data\processed\initial_graph_coloring_dataset\colpack_outputs_week13_expanded\sherman1_smallest_last.txt
sherman1,SMALLEST_LAST,2,985,668,0.33133133133133136,data\processed\initial_graph_coloring_dataset\colpack_outputs_week13_expanded\sherman1_smallest_last.txt
sherman1,SMALLEST_LAST,2,995,669,0.3303303303303303,data\processed\initial_graph_coloring_dataset\colpack_outputs_week13_expanded\sherman1_smallest_last.txt
sherman1,SMALLEST_LAST,2,959,670,0.32932932932932935,data\processed\initial_graph_coloring_dataset\colpack_outputs_week13_expanded\sherman1_smallest_last.txt
sherman1,SMALLEST_LAST,2,969,671,0.3283283283283283,data\processed\initial_graph_coloring_dataset\colpack_outputs_week13_expanded\sherman1_smallest_last.txt
sherman1,SMALLEST_LAST,2,979,672,0.32732732732732733,data\processed\initial_graph_coloring_dataset\colpack_outputs_week13_expanded\sherman1_smallest_last.txt
sherman1,SMALLEST_LAST,2,989,673,0.3263263263263263,data\processed\initial_graph_coloring_dataset\colpack_outputs_week13_expanded\sherman1_smallest_last.txt
sherman1,SMALLEST_LAST,2,999,674,0.3253253253253253,data\processed\initial_graph_coloring_dataset\colpack_outputs_week13_expanded\sherman1_smallest_last.txt
sherman1,SMALLEST_LAST,2,958,675,0.32432432432432434,data\processed\initial_graph_coloring_dataset\colpack_outputs_week13_expanded\sherman1_smallest_last.txt
sherman1,SMALLEST_LAST,2,968,676,0.3233233233233233,data\processed\initial_graph_coloring_dataset\colpack_outputs_week13_expanded\sherman1_smallest_last.txt
sherman1,SMALLEST_LAST,2,978,677,0.32232232232232233,data\processed\initial_graph_coloring_dataset\colpack_outputs_week13_expanded\sherman1_smallest_last.txt
sherman1,SMALLEST_LAST,2,957,678,0.3213213213213213,data\processed\initial_graph_coloring_dataset\colpack_outputs_week13_expanded\sherman1_smallest_last.txt
sherman1,SMALLEST_LAST,2,967,679,0.3203203203203203,data\processed\initial_graph_coloring_dataset\colpack_outputs_week13_expanded\sherman1_smallest_last.txt
sherman1,SMALLEST_LAST,2,977,680,0.31931931931931934,data\processed\initial_graph_coloring_dataset\colpack_outputs_week13_expanded\sherman1_smallest_last.txt
sherman1,SMALLEST_LAST,2,987,681,0.3183183183183183,data\processed\initial_graph_coloring_dataset\colpack_outputs_week13_expanded\sherman1_smallest_last.txt
sherman1,SMALLEST_LAST,2,988,682,0.3173173173173173,data\processed\initial_graph_coloring_dataset\colpack_outputs_week13_expanded\sherman1_smallest_last.txt
sherman1,SMALLEST_LAST,2,997,683,0.3163163163163163,data\processed\initial_graph_coloring_dataset\colpack_outputs_week13_expanded\sherman1_smallest_last.txt
sherman1,SMALLEST_LAST,2,998,684,0.3153153153153153,data\processed\initial_graph_coloring_dataset\colpack_outputs_week13_expanded\sherman1_smallest_last.txt
sherman1,SMALLEST_LAST,2,100,685,0.31431431431431434,data\processed\initial_graph_coloring_dataset\colpack_outputs_week13_expanded\sherman1_smallest_last.txt
sherman1,SMALLEST_LAST,2,102,686,0.3133133133133133,data\processed\initial_graph_coloring_dataset\colpack_outputs_week13_expanded\sherman1_smallest_last.txt
sherman1,SMALLEST_LAST,2,103,687,0.3123123123123123,data\processed\initial_graph_coloring_dataset\colpack_outputs_week13_expanded\sherman1_smallest_last.txt
sherman1,SMALLEST_LAST,2,104,688,0.3113113113113113,data\processed\initial_graph_coloring_dataset\colpack_outputs_week13_expanded\sherman1_smallest_last.txt
sherman1,SMALLEST_LAST,2,105,689,0.3103103103103103,data\processed\initial_graph_coloring_dataset\colpack_outputs_week13_expanded\sherman1_smallest_last.txt
sherman1,SMALLEST_LAST,2,106,690,0.30930930930930933,data\processed\initial_graph_coloring_dataset\colpack_outputs_week13_expanded\sherman1_smallest_last.txt
sherman1,SMALLEST_LAST,2,108,691,0.3083083083083083,data\processed\initial_graph_coloring_dataset\colpack_outputs_week13_expanded\sherman1_smallest_last.txt
sherman1,SMALLEST_LAST,2,109,692,0.3073073073073073,data\processed\initial_graph_coloring_dataset\colpack_outputs_week13_expanded\sherman1_smallest_last.txt
sherman1,SMALLEST_LAST,2,110,693,0.3063063063063063,data\processed\initial_graph_coloring_dataset\colpack_outputs_week13_expanded\sherman1_smallest_last.txt
sherman1,SMALLEST_LAST,2,112,694,0.3053053053053053,data\processed\initial_graph_coloring_dataset\colpack_outputs_week13_expanded\sherman1_smallest_last.txt
sherman1,SMALLEST_LAST,2,114,695,0.30430430430430433,data\processed\initial_graph_coloring_dataset\colpack_outputs_week13_expanded\sherman1_smallest_last.txt
sherman1,SMALLEST_LAST,2,115,696,0.3033033033033033,data\processed\initial_graph_coloring_dataset\colpack_outputs_week13_expanded\sherman1_smallest_last.txt
sherman1,SMALLEST_LAST,2,116,697,0.3023023023023023,data\processed\initial_graph_coloring_dataset\colpack_outputs_week13_expanded\sherman1_smallest_last.txt
sherman1,SMALLEST_LAST,2,118,698,0.3013013013013013,data\processed\initial_graph_coloring_dataset\colpack_outputs_week13_expanded\sherman1_smallest_last.txt
sherman1,SMALLEST_LAST,2,119,699,0.3003003003003003,data\processed\initial_graph_coloring_dataset\colpack_outputs_week13_expanded\sherman1_smallest_last.txt
sherman1,SMALLEST_LAST,2,120,700,0.2992992992992993,data\processed\initial_graph_coloring_dataset\colpack_outputs_week13_expanded\sherman1_smallest_last.txt
sherman1,SMALLEST_LAST,2,122,701,0.2982982982982983,data\processed\initial_graph_coloring_dataset\colpack_outputs_week13_expanded\sherman1_smallest_last.txt
sherman1,SMALLEST_LAST,2,124,702,0.2972972972972973,data\processed\initial_graph_coloring_dataset\colpack_outputs_week13_expanded\sherman1_smallest_last.txt
sherman1,SMALLEST_LAST,2,126,703,0.2962962962962963,data\processed\initial_graph_coloring_dataset\colpack_outputs_week13_expanded\sherman1_smallest_last.txt
sherman1,SMALLEST_LAST,2,128,704,0.2952952952952953,data\processed\initial_graph_coloring_dataset\colpack_outputs_week13_expanded\sherman1_smallest_last.txt
sherman1,SMALLEST_LAST,2,129,705,0.29429429429429427,data\processed\initial_graph_coloring_dataset\colpack_outputs_week13_expanded\sherman1_smallest_last.txt
sherman1,SMALLEST_LAST,2,130,706,0.2932932932932933,data\processed\initial_graph_coloring_dataset\colpack_outputs_week13_expanded\sherman1_smallest_last.txt
sherman1,SMALLEST_LAST,2,132,707,0.2922922922922923,data\processed\initial_graph_coloring_dataset\colpack_outputs_week13_expanded\sherman1_smallest_last.txt
sherman1,SMALLEST_LAST,2,134,708,0.2912912912912913,data\processed\initial_graph_coloring_dataset\colpack_outputs_week13_expanded\sherman1_smallest_last.txt
sherman1,SMALLEST_LAST,2,136,709,0.2902902902902903,data\processed\initial_graph_coloring_dataset\colpack_outputs_week13_expanded\sherman1_smallest_last.txt
sherman1,SMALLEST_LAST,2,138,710,0.28928928928928926,data\processed\initial_graph_coloring_dataset\colpack_outputs_week13_expanded\sherman1_smallest_last.txt
sherman1,SMALLEST_LAST,2,139,711,0.2882882882882883,data\processed\initial_graph_coloring_dataset\colpack_outputs_week13_expanded\sherman1_smallest_last.txt
sherman1,SMALLEST_LAST,2,140,712,0.2872872872872873,data\processed\initial_graph_coloring_dataset\colpack_outputs_week13_expanded\sherman1_smallest_last.txt
sherman1,SMALLEST_LAST,2,142,713,0.2862862862862863,data\processed\initial_graph_coloring_dataset\colpack_outputs_week13_expanded\sherman1_smallest_last.txt
sherman1,SMALLEST_LAST,2,144,714,0.2852852852852853,data\processed\initial_graph_coloring_dataset\colpack_outputs_week13_expanded\sherman1_smallest_last.txt
sherman1,SMALLEST_LAST,2,146,715,0.28428428428428426,data\processed\initial_graph_coloring_dataset\colpack_outputs_week13_expanded\sherman1_smallest_last.txt
sherman1,SMALLEST_LAST,2,148,716,0.2832832832832833,data\processed\initial_graph_coloring_dataset\colpack_outputs_week13_expanded\sherman1_smallest_last.txt
sherman1,SMALLEST_LAST,2,149,717,0.2822822822822823,data\processed\initial_graph_coloring_dataset\colpack_outputs_week13_expanded\sherman1_smallest_last.txt
sherman1,SMALLEST_LAST,2,150,718,0.28128128128128127,data\processed\initial_graph_coloring_dataset\colpack_outputs_week13_expanded\sherman1_smallest_last.txt
sherman1,SMALLEST_LAST,2,152,719,0.2802802802802803,data\processed\initial_graph_coloring_dataset\colpack_outputs_week13_expanded\sherman1_smallest_last.txt
sherman1,SMALLEST_LAST,2,154,720,0.27927927927927926,data\processed\initial_graph_coloring_dataset\colpack_outputs_week13_expanded\sherman1_smallest_last.txt
sherman1,SMALLEST_LAST,2,156,721,0.2782782782782783,data\processed\initial_graph_coloring_dataset\colpack_outputs_week13_expanded\sherman1_smallest_last.txt
sherman1,SMALLEST_LAST,2,158,722,0.2772772772772773,data\processed\initial_graph_coloring_dataset\colpack_outputs_week13_expanded\sherman1_smallest_last.txt
sherman1,SMALLEST_LAST,2,160,723,0.27627627627627627,data\processed\initial_graph_coloring_dataset\colpack_outputs_week13_expanded\sherman1_smallest_last.txt
sherman1,SMALLEST_LAST,2,162,724,0.2752752752752753,data\processed\initial_graph_coloring_dataset\colpack_outputs_week13_expanded\sherman1_smallest_last.txt
sherman1,SMALLEST_LAST,2,164,725,0.27427427427427425,data\processed\initial_graph_coloring_dataset\colpack_outputs_week13_expanded\sherman1_smallest_last.txt
sherman1,SMALLEST_LAST,2,166,726,0.2732732732732733,data\processed\initial_graph_coloring_dataset\colpack_outputs_week13_expanded\sherman1_smallest_last.txt
sherman1,SMALLEST_LAST,2,167,727,0.2722722722722723,data\processed\initial_graph_coloring_dataset\colpack_outputs_week13_expanded\sherman1_smallest_last.txt
sherman1,SMALLEST_LAST,2,168,728,0.27127127127127126,data\processed\initial_graph_coloring_dataset\colpack_outputs_week13_expanded\sherman1_smallest_last.txt
sherman1,SMALLEST_LAST,2,170,729,0.2702702702702703,data\processed\initial_graph_coloring_dataset\colpack_outputs_week13_expanded\sherman1_smallest_last.txt
sherman1,SMALLEST_LAST,2,172,730,0.26926926926926925,data\processed\initial_graph_coloring_dataset\colpack_outputs_week13_expanded\sherman1_smallest_last.txt
sherman1,SMALLEST_LAST,2,174,731,0.2682682682682683,data\processed\initial_graph_coloring_dataset\colpack_outputs_week13_expanded\sherman1_smallest_last.txt
sherman1,SMALLEST_LAST,2,176,732,0.2672672672672673,data\processed\initial_graph_coloring_dataset\colpack_outputs_week13_expanded\sherman1_smallest_last.txt
sherman1,SMALLEST_LAST,2,177,733,0.26626626626626626,data\processed\initial_graph_coloring_dataset\colpack_outputs_week13_expanded\sherman1_smallest_last.txt
sherman1,SMALLEST_LAST,2,178,734,0.2652652652652653,data\processed\initial_graph_coloring_dataset\colpack_outputs_week13_expanded\sherman1_smallest_last.txt
sherman1,SMALLEST_LAST,2,180,735,0.26426426426426425,data\processed\initial_graph_coloring_dataset\colpack_outputs_week13_expanded\sherman1_smallest_last.txt
sherman1,SMALLEST_LAST,2,181,736,0.26326326326326327,data\processed\initial_graph_coloring_dataset\colpack_outputs_week13_expanded\sherman1_smallest_last.txt
sherman1,SMALLEST_LAST,2,182,737,0.26226226226226224,data\processed\initial_graph_coloring_dataset\colpack_outputs_week13_expanded\sherman1_smallest_last.txt
sherman1,SMALLEST_LAST,2,184,738,0.26126126126126126,data\processed\initial_graph_coloring_dataset\colpack_outputs_week13_expanded\sherman1_smallest_last.txt
sherman1,SMALLEST_LAST,2,186,739,0.2602602602602603,data\processed\initial_graph_coloring_dataset\colpack_outputs_week13_expanded\sherman1_smallest_last.txt
sherman1,SMALLEST_LAST,2,187,740,0.25925925925925924,data\processed\initial_graph_coloring_dataset\colpack_outputs_week13_expanded\sherman1_smallest_last.txt
sherman1,SMALLEST_LAST,2,188,741,0.25825825825825827,data\processed\initial_graph_coloring_dataset\colpack_outputs_week13_expanded\sherman1_smallest_last.txt
sherman1,SMALLEST_LAST,2,190,742,0.25725725725725723,data\processed\initial_graph_coloring_dataset\colpack_outputs_week13_expanded\sherman1_smallest_last.txt
sherman1,SMALLEST_LAST,2,191,743,0.25625625625625625,data\processed\initial_graph_coloring_dataset\colpack_outputs_week13_expanded\sherman1_smallest_last.txt
sherman1,SMALLEST_LAST,2,192,744,0.2552552552552553,data\processed\initial_graph_coloring_dataset\colpack_outputs_week13_expanded\sherman1_smallest_last.txt
sherman1,SMALLEST_LAST,2,193,745,0.25425425425425424,data\processed\initial_graph_coloring_dataset\colpack_outputs_week13_expanded\sherman1_smallest_last.txt
sherman1,SMALLEST_LAST,2,194,746,0.25325325325325326,data\processed\initial_graph_coloring_dataset\colpack_outputs_week13_expanded\sherman1_smallest_last.txt
sherman1,SMALLEST_LAST,2,196,747,0.25225225225225223,data\processed\initial_graph_coloring_dataset\colpack_outputs_week13_expanded\sherman1_smallest_last.txt
sherman1,SMALLEST_LAST,2,197,748,0.25125125125125125,data\processed\initial_graph_coloring_dataset\colpack_outputs_week13_expanded\sherman1_smallest_last.txt
sherman1,SMALLEST_LAST,2,198,749,0.2502502502502503,data\processed\initial_graph_coloring_dataset\colpack_outputs_week13_expanded\sherman1_smallest_last.txt
sherman1,SMALLEST_LAST,2,300,750,0.24924924924924924,data\processed\initial_graph_coloring_dataset\colpack_outputs_week13_expanded\sherman1_smallest_last.txt
sherman1,SMALLEST_LAST,2,301,751,0.24824824824824826,data\processed\initial_graph_coloring_dataset\colpack_outputs_week13_expanded\sherman1_smallest_last.txt
sherman1,SMALLEST_LAST,2,302,752,0.24724724724724725,data\processed\initial_graph_coloring_dataset\colpack_outputs_week13_expanded\sherman1_smallest_last.txt
sherman1,SMALLEST_LAST,2,303,753,0.24624624624624625,data\processed\initial_graph_coloring_dataset\colpack_outputs_week13_expanded\sherman1_smallest_last.txt
sherman1,SMALLEST_LAST,2,304,754,0.24524524524524524,data\processed\initial_graph_coloring_dataset\colpack_outputs_week13_expanded\sherman1_smallest_last.txt
sherman1,SMALLEST_LAST,2,305,755,0.24424424424424424,data\processed\initial_graph_coloring_dataset\colpack_outputs_week13_expanded\sherman1_smallest_last.txt
sherman1,SMALLEST_LAST,2,306,756,0.24324324324324326,data\processed\initial_graph_coloring_dataset\colpack_outputs_week13_expanded\sherman1_smallest_last.txt
sherman1,SMALLEST_LAST,2,308,757,0.24224224224224225,data\processed\initial_graph_coloring_dataset\colpack_outputs_week13_expanded\sherman1_smallest_last.txt
sherman1,SMALLEST_LAST,2,309,758,0.24124124124124124,data\processed\initial_graph_coloring_dataset\colpack_outputs_week13_expanded\sherman1_smallest_last.txt
sherman1,SMALLEST_LAST,2,310,759,0.24024024024024024,data\processed\initial_graph_coloring_dataset\colpack_outputs_week13_expanded\sherman1_smallest_last.txt
sherman1,SMALLEST_LAST,2,311,760,0.23923923923923923,data\processed\initial_graph_coloring_dataset\colpack_outputs_week13_expanded\sherman1_smallest_last.txt
sherman1,SMALLEST_LAST,2,312,761,0.23823823823823823,data\processed\initial_graph_coloring_dataset\colpack_outputs_week13_expanded\sherman1_smallest_last.txt
sherman1,SMALLEST_LAST,2,314,762,0.23723723723723725,data\processed\initial_graph_coloring_dataset\colpack_outputs_week13_expanded\sherman1_smallest_last.txt
sherman1,SMALLEST_LAST,2,315,763,0.23623623623623624,data\processed\initial_graph_coloring_dataset\colpack_outputs_week13_expanded\sherman1_smallest_last.txt
sherman1,SMALLEST_LAST,2,316,764,0.23523523523523523,data\processed\initial_graph_coloring_dataset\colpack_outputs_week13_expanded\sherman1_smallest_last.txt
sherman1,SMALLEST_LAST,2,318,765,0.23423423423423423,data\processed\initial_graph_coloring_dataset\colpack_outputs_week13_expanded\sherman1_smallest_last.txt
sherman1,SMALLEST_LAST,2,319,766,0.23323323323323322,data\processed\initial_graph_coloring_dataset\colpack_outputs_week13_expanded\sherman1_smallest_last.txt
sherman1,SMALLEST_LAST,2,320,767,0.23223223223223224,data\processed\initial_graph_coloring_dataset\colpack_outputs_week13_expanded\sherman1_smallest_last.txt
sherman1,SMALLEST_LAST,2,321,768,0.23123123123123124,data\processed\initial_graph_coloring_dataset\colpack_outputs_week13_expanded\sherman1_smallest_last.txt
sherman1,SMALLEST_LAST,2,322,769,0.23023023023023023,data\processed\initial_graph_coloring_dataset\colpack_outputs_week13_expanded\sherman1_smallest_last.txt
sherman1,SMALLEST_LAST,2,324,770,0.22922922922922923,data\processed\initial_graph_coloring_dataset\colpack_outputs_week13_expanded\sherman1_smallest_last.txt
sherman1,SMALLEST_LAST,2,326,771,0.22822822822822822,data\processed\initial_graph_coloring_dataset\colpack_outputs_week13_expanded\sherman1_smallest_last.txt
sherman1,SMALLEST_LAST,2,328,772,0.22722722722722724,data\processed\initial_graph_coloring_dataset\colpack_outputs_week13_expanded\sherman1_smallest_last.txt
sherman1,SMALLEST_LAST,2,329,773,0.22622622622622623,data\processed\initial_graph_coloring_dataset\colpack_outputs_week13_expanded\sherman1_smallest_last.txt
sherman1,SMALLEST_LAST,2,331,774,0.22522522522522523,data\processed\initial_graph_coloring_dataset\colpack_outputs_week13_expanded\sherman1_smallest_last.txt
sherman1,SMALLEST_LAST,2,332,775,0.22422422422422422,data\processed\initial_graph_coloring_dataset\colpack_outputs_week13_expanded\sherman1_smallest_last.txt
sherman1,SMALLEST_LAST,2,334,776,0.22322322322322322,data\processed\initial_graph_coloring_dataset\colpack_outputs_week13_expanded\sherman1_smallest_last.txt
sherman1,SMALLEST_LAST,2,336,777,0.2222222222222222,data\processed\initial_graph_coloring_dataset\colpack_outputs_week13_expanded\sherman1_smallest_last.txt
sherman1,SMALLEST_LAST,2,338,778,0.22122122122122123,data\processed\initial_graph_coloring_dataset\colpack_outputs_week13_expanded\sherman1_smallest_last.txt
sherman1,SMALLEST_LAST,2,339,779,0.22022022022022023,data\processed\initial_graph_coloring_dataset\colpack_outputs_week13_expanded\sherman1_smallest_last.txt
sherman1,SMALLEST_LAST,2,341,780,0.21921921921921922,data\processed\initial_graph_coloring_dataset\colpack_outputs_week13_expanded\sherman1_smallest_last.txt
sherman1,SMALLEST_LAST,2,342,781,0.2182182182182182,data\processed\initial_graph_coloring_dataset\colpack_outputs_week13_expanded\sherman1_smallest_last.txt
sherman1,SMALLEST_LAST,2,344,782,0.2172172172172172,data\processed\initial_graph_coloring_dataset\colpack_outputs_week13_expanded\sherman1_smallest_last.txt
sherman1,SMALLEST_LAST,2,346,783,0.21621621621621623,data\processed\initial_graph_coloring_dataset\colpack_outputs_week13_expanded\sherman1_smallest_last.txt
sherman1,SMALLEST_LAST,2,348,784,0.21521521521521522,data\processed\initial_graph_coloring_dataset\colpack_outputs_week13_expanded\sherman1_smallest_last.txt
sherman1,SMALLEST_LAST,2,349,785,0.21421421421421422,data\processed\initial_graph_coloring_dataset\colpack_outputs_week13_expanded\sherman1_smallest_last.txt
sherman1,SMALLEST_LAST,2,351,786,0.2132132132132132,data\processed\initial_graph_coloring_dataset\colpack_outputs_week13_expanded\sherman1_smallest_last.txt
sherman1,SMALLEST_LAST,2,352,787,0.2122122122122122,data\processed\initial_graph_coloring_dataset\colpack_outputs_week13_expanded\sherman1_smallest_last.txt
sherman1,SMALLEST_LAST,2,354,788,0.21121121121121122,data\processed\initial_graph_coloring_dataset\colpack_outputs_week13_expanded\sherman1_smallest_last.txt
sherman1,SMALLEST_LAST,2,356,789,0.21021021021021022,data\processed\initial_graph_coloring_dataset\colpack_outputs_week13_expanded\sherman1_smallest_last.txt
sherman1,SMALLEST_LAST,2,358,790,0.2092092092092092,data\processed\initial_graph_coloring_dataset\colpack_outputs_week13_expanded\sherman1_smallest_last.txt
sherman1,SMALLEST_LAST,2,359,791,0.2082082082082082,data\processed\initial_graph_coloring_dataset\colpack_outputs_week13_expanded\sherman1_smallest_last.txt
sherman1,SMALLEST_LAST,2,361,792,0.2072072072072072,data\processed\initial_graph_coloring_dataset\colpack_outputs_week13_expanded\sherman1_smallest_last.txt
sherman1,SMALLEST_LAST,2,362,793,0.2062062062062062,data\processed\initial_graph_coloring_dataset\colpack_outputs_week13_expanded\sherman1_smallest_last.txt
sherman1,SMALLEST_LAST,2,366,794,0.20520520520520522,data\processed\initial_graph_coloring_dataset\colpack_outputs_week13_expanded\sherman1_smallest_last.txt
sherman1,SMALLEST_LAST,2,368,795,0.2042042042042042,data\processed\initial_graph_coloring_dataset\colpack_outputs_week13_expanded\sherman1_smallest_last.txt
sherman1,SMALLEST_LAST,2,369,796,0.2032032032032032,data\processed\initial_graph_coloring_dataset\colpack_outputs_week13_expanded\sherman1_smallest_last.txt
sherman1,SMALLEST_LAST,2,371,797,0.2022022022022022,data\processed\initial_graph_coloring_dataset\colpack_outputs_week13_expanded\sherman1_smallest_last.txt
sherman1,SMALLEST_LAST,2,376,798,0.2012012012012012,data\processed\initial_graph_coloring_dataset\colpack_outputs_week13_expanded\sherman1_smallest_last.txt
sherman1,SMALLEST_LAST,2,378,799,0.2002002002002002,data\processed\initial_graph_coloring_dataset\colpack_outputs_week13_expanded\sherman1_smallest_last.txt
sherman1,SMALLEST_LAST,2,381,800,0.1991991991991992,data\processed\initial_graph_coloring_dataset\colpack_outputs_week13_expanded\sherman1_smallest_last.txt
sherman1,SMALLEST_LAST,2,383,801,0.1981981981981982,data\processed\initial_graph_coloring_dataset\colpack_outputs_week13_expanded\sherman1_smallest_last.txt
sherman1,SMALLEST_LAST,2,386,802,0.1971971971971972,data\processed\initial_graph_coloring_dataset\colpack_outputs_week13_expanded\sherman1_smallest_last.txt
sherman1,SMALLEST_LAST,2,387,803,0.1961961961961962,data\processed\initial_graph_coloring_dataset\colpack_outputs_week13_expanded\sherman1_smallest_last.txt
sherman1,SMALLEST_LAST,2,388,804,0.19519519519519518,data\processed\initial_graph_coloring_dataset\colpack_outputs_week13_expanded\sherman1_smallest_last.txt
sherman1,SMALLEST_LAST,2,391,805,0.1941941941941942,data\processed\initial_graph_coloring_dataset\colpack_outputs_week13_expanded\sherman1_smallest_last.txt
sherman1,SMALLEST_LAST,2,393,806,0.1931931931931932,data\processed\initial_graph_coloring_dataset\colpack_outputs_week13_expanded\sherman1_smallest_last.txt
sherman1,SMALLEST_LAST,2,396,807,0.1921921921921922,data\processed\initial_graph_coloring_dataset\colpack_outputs_week13_expanded\sherman1_smallest_last.txt
sherman1,SMALLEST_LAST,2,397,808,0.19119119119119118,data\processed\initial_graph_coloring_dataset\colpack_outputs_week13_expanded\sherman1_smallest_last.txt
sherman1,SMALLEST_LAST,2,398,809,0.19019019019019018,data\processed\initial_graph_coloring_dataset\colpack_outputs_week13_expanded\sherman1_smallest_last.txt
sherman1,SMALLEST_LAST,2,500,810,0.1891891891891892,data\processed\initial_graph_coloring_dataset\colpack_outputs_week13_expanded\sherman1_smallest_last.txt
sherman1,SMALLEST_LAST,2,501,811,0.1881881881881882,data\processed\initial_graph_coloring_dataset\colpack_outputs_week13_expanded\sherman1_smallest_last.txt
sherman1,SMALLEST_LAST,2,502,812,0.1871871871871872,data\processed\initial_graph_coloring_dataset\colpack_outputs_week13_expanded\sherman1_smallest_last.txt
sherman1,SMALLEST_LAST,2,503,813,0.18618618618618618,data\processed\initial_graph_coloring_dataset\colpack_outputs_week13_expanded\sherman1_smallest_last.txt
sherman1,SMALLEST_LAST,2,505,814,0.18518518518518517,data\processed\initial_graph_coloring_dataset\colpack_outputs_week13_expanded\sherman1_smallest_last.txt
sherman1,SMALLEST_LAST,2,506,815,0.1841841841841842,data\processed\initial_graph_coloring_dataset\colpack_outputs_week13_expanded\sherman1_smallest_last.txt
sherman1,SMALLEST_LAST,2,507,816,0.1831831831831832,data\processed\initial_graph_coloring_dataset\colpack_outputs_week13_expanded\sherman1_smallest_last.txt
sherman1,SMALLEST_LAST,2,509,817,0.18218218218218218,data\processed\initial_graph_coloring_dataset\colpack_outputs_week13_expanded\sherman1_smallest_last.txt
sherman1,SMALLEST_LAST,2,510,818,0.18118118118118118,data\processed\initial_graph_coloring_dataset\colpack_outputs_week13_expanded\sherman1_smallest_last.txt
sherman1,SMALLEST_LAST,2,511,819,0.18018018018018017,data\processed\initial_graph_coloring_dataset\colpack_outputs_week13_expanded\sherman1_smallest_last.txt
sherman1,SMALLEST_LAST,2,512,820,0.17917917917917917,data\processed\initial_graph_coloring_dataset\colpack_outputs_week13_expanded\sherman1_smallest_last.txt
sherman1,SMALLEST_LAST,2,513,821,0.1781781781781782,data\processed\initial_graph_coloring_dataset\colpack_outputs_week13_expanded\sherman1_smallest_last.txt
sherman1,SMALLEST_LAST,2,515,822,0.17717717717717718,data\processed\initial_graph_coloring_dataset\colpack_outputs_week13_expanded\sherman1_smallest_last.txt
sherman1,SMALLEST_LAST,2,516,823,0.17617617617617617,data\processed\initial_graph_coloring_dataset\colpack_outputs_week13_expanded\sherman1_smallest_last.txt
sherman1,SMALLEST_LAST,2,517,824,0.17517517517517517,data\processed\initial_graph_coloring_dataset\colpack_outputs_week13_expanded\sherman1_smallest_last.txt
sherman1,SMALLEST_LAST,2,519,825,0.17417417417417416,data\processed\initial_graph_coloring_dataset\colpack_outputs_week13_expanded\sherman1_smallest_last.txt
sherman1,SMALLEST_LAST,2,520,826,0.17317317317317318,data\processed\initial_graph_coloring_dataset\colpack_outputs_week13_expanded\sherman1_smallest_last.txt
sherman1,SMALLEST_LAST,2,522,827,0.17217217217217218,data\processed\initial_graph_coloring_dataset\colpack_outputs_week13_expanded\sherman1_smallest_last.txt
sherman1,SMALLEST_LAST,2,523,828,0.17117117117117117,data\processed\initial_graph_coloring_dataset\colpack_outputs_week13_expanded\sherman1_smallest_last.txt
sherman1,SMALLEST_LAST,2,525,829,0.17017017017017017,data\processed\initial_graph_coloring_dataset\colpack_outputs_week13_expanded\sherman1_smallest_last.txt
sherman1,SMALLEST_LAST,2,527,830,0.16916916916916916,data\processed\initial_graph_coloring_dataset\colpack_outputs_week13_expanded\sherman1_smallest_last.txt
sherman1,SMALLEST_LAST,2,529,831,0.16816816816816818,data\processed\initial_graph_coloring_dataset\colpack_outputs_week13_expanded\sherman1_smallest_last.txt
sherman1,SMALLEST_LAST,2,530,832,0.16716716716716717,data\processed\initial_graph_coloring_dataset\colpack_outputs_week13_expanded\sherman1_smallest_last.txt
sherman1,SMALLEST_LAST,2,532,833,0.16616616616616617,data\processed\initial_graph_coloring_dataset\colpack_outputs_week13_expanded\sherman1_smallest_last.txt
sherman1,SMALLEST_LAST,2,533,834,0.16516516516516516,data\processed\initial_graph_coloring_dataset\colpack_outputs_week13_expanded\sherman1_smallest_last.txt
sherman1,SMALLEST_LAST,2,535,835,0.16416416416416416,data\processed\initial_graph_coloring_dataset\colpack_outputs_week13_expanded\sherman1_smallest_last.txt
sherman1,SMALLEST_LAST,2,537,836,0.16316316316316315,data\processed\initial_graph_coloring_dataset\colpack_outputs_week13_expanded\sherman1_smallest_last.txt
sherman1,SMALLEST_LAST,2,539,837,0.16216216216216217,data\processed\initial_graph_coloring_dataset\colpack_outputs_week13_expanded\sherman1_smallest_last.txt
sherman1,SMALLEST_LAST,2,542,838,0.16116116116116116,data\processed\initial_graph_coloring_dataset\colpack_outputs_week13_expanded\sherman1_smallest_last.txt
sherman1,SMALLEST_LAST,2,543,839,0.16016016016016016,data\processed\initial_graph_coloring_dataset\colpack_outputs_week13_expanded\sherman1_smallest_last.txt
sherman1,SMALLEST_LAST,2,545,840,0.15915915915915915,data\processed\initial_graph_coloring_dataset\colpack_outputs_week13_expanded\sherman1_smallest_last.txt
sherman1,SMALLEST_LAST,2,547,841,0.15815815815815815,data\processed\initial_graph_coloring_dataset\colpack_outputs_week13_expanded\sherman1_smallest_last.txt
sherman1,SMALLEST_LAST,2,548,842,0.15715715715715717,data\processed\initial_graph_coloring_dataset\colpack_outputs_week13_expanded\sherman1_smallest_last.txt
sherman1,SMALLEST_LAST,2,549,843,0.15615615615615616,data\processed\initial_graph_coloring_dataset\colpack_outputs_week13_expanded\sherman1_smallest_last.txt
sherman1,SMALLEST_LAST,2,552,844,0.15515515515515516,data\processed\initial_graph_coloring_dataset\colpack_outputs_week13_expanded\sherman1_smallest_last.txt
sherman1,SMALLEST_LAST,2,553,845,0.15415415415415415,data\processed\initial_graph_coloring_dataset\colpack_outputs_week13_expanded\sherman1_smallest_last.txt
sherman1,SMALLEST_LAST,2,555,846,0.15315315315315314,data\processed\initial_graph_coloring_dataset\colpack_outputs_week13_expanded\sherman1_smallest_last.txt
sherman1,SMALLEST_LAST,2,556,847,0.15215215215215216,data\processed\initial_graph_coloring_dataset\colpack_outputs_week13_expanded\sherman1_smallest_last.txt
sherman1,SMALLEST_LAST,2,557,848,0.15115115115115116,data\processed\initial_graph_coloring_dataset\colpack_outputs_week13_expanded\sherman1_smallest_last.txt
sherman1,SMALLEST_LAST,2,558,849,0.15015015015015015,data\processed\initial_graph_coloring_dataset\colpack_outputs_week13_expanded\sherman1_smallest_last.txt
sherman1,SMALLEST_LAST,2,562,850,0.14914914914914915,data\processed\initial_graph_coloring_dataset\colpack_outputs_week13_expanded\sherman1_smallest_last.txt
sherman1,SMALLEST_LAST,2,563,851,0.14814814814814814,data\processed\initial_graph_coloring_dataset\colpack_outputs_week13_expanded\sherman1_smallest_last.txt
sherman1,SMALLEST_LAST,2,564,852,0.14714714714714713,data\processed\initial_graph_coloring_dataset\colpack_outputs_week13_expanded\sherman1_smallest_last.txt
sherman1,SMALLEST_LAST,2,565,853,0.14614614614614616,data\processed\initial_graph_coloring_dataset\colpack_outputs_week13_expanded\sherman1_smallest_last.txt
sherman1,SMALLEST_LAST,2,566,854,0.14514514514514515,data\processed\initial_graph_coloring_dataset\colpack_outputs_week13_expanded\sherman1_smallest_last.txt
sherman1,SMALLEST_LAST,2,567,855,0.14414414414414414,data\processed\initial_graph_coloring_dataset\colpack_outputs_week13_expanded\sherman1_smallest_last.txt
sherman1,SMALLEST_LAST,2,568,856,0.14314314314314314,data\processed\initial_graph_coloring_dataset\colpack_outputs_week13_expanded\sherman1_smallest_last.txt
sherman1,SMALLEST_LAST,2,572,857,0.14214214214214213,data\processed\initial_graph_coloring_dataset\colpack_outputs_week13_expanded\sherman1_smallest_last.txt
sherman1,SMALLEST_LAST,2,573,858,0.14114114114114115,data\processed\initial_graph_coloring_dataset\colpack_outputs_week13_expanded\sherman1_smallest_last.txt
sherman1,SMALLEST_LAST,2,574,859,0.14014014014014015,data\processed\initial_graph_coloring_dataset\colpack_outputs_week13_expanded\sherman1_smallest_last.txt
sherman1,SMALLEST_LAST,2,575,860,0.13913913913913914,data\processed\initial_graph_coloring_dataset\colpack_outputs_week13_expanded\sherman1_smallest_last.txt
sherman1,SMALLEST_LAST,2,577,861,0.13813813813813813,data\processed\initial_graph_coloring_dataset\colpack_outputs_week13_expanded\sherman1_smallest_last.txt
sherman1,SMALLEST_LAST,2,578,862,0.13713713713713713,data\processed\initial_graph_coloring_dataset\colpack_outputs_week13_expanded\sherman1_smallest_last.txt
sherman1,SMALLEST_LAST,2,582,863,0.13613613613613615,data\processed\initial_graph_coloring_dataset\colpack_outputs_week13_expanded\sherman1_smallest_last.txt
sherman1,SMALLEST_LAST,2,583,864,0.13513513513513514,data\processed\initial_graph_coloring_dataset\colpack_outputs_week13_expanded\sherman1_smallest_last.txt
sherman1,SMALLEST_LAST,2,584,865,0.13413413413413414,data\processed\initial_graph_coloring_dataset\colpack_outputs_week13_expanded\sherman1_smallest_last.txt
sherman1,SMALLEST_LAST,2,585,866,0.13313313313313313,data\processed\initial_graph_coloring_dataset\colpack_outputs_week13_expanded\sherman1_smallest_last.txt
sherman1,SMALLEST_LAST,2,587,867,0.13213213213213212,data\processed\initial_graph_coloring_dataset\colpack_outputs_week13_expanded\sherman1_smallest_last.txt
sherman1,SMALLEST_LAST,2,588,868,0.13113113113113112,data\processed\initial_graph_coloring_dataset\colpack_outputs_week13_expanded\sherman1_smallest_last.txt
sherman1,SMALLEST_LAST,2,592,869,0.13013013013013014,data\processed\initial_graph_coloring_dataset\colpack_outputs_week13_expanded\sherman1_smallest_last.txt
sherman1,SMALLEST_LAST,2,593,870,0.12912912912912913,data\processed\initial_graph_coloring_dataset\colpack_outputs_week13_expanded\sherman1_smallest_last.txt
sherman1,SMALLEST_LAST,2,594,871,0.12812812812812813,data\processed\initial_graph_coloring_dataset\colpack_outputs_week13_expanded\sherman1_smallest_last.txt
sherman1,SMALLEST_LAST,2,595,872,0.12712712712712712,data\processed\initial_graph_coloring_dataset\colpack_outputs_week13_expanded\sherman1_smallest_last.txt
sherman1,SMALLEST_LAST,2,596,873,0.12612612612612611,data\processed\initial_graph_coloring_dataset\colpack_outputs_week13_expanded\sherman1_smallest_last.txt
sherman1,SMALLEST_LAST,2,597,874,0.12512512512512514,data\processed\initial_graph_coloring_dataset\colpack_outputs_week13_expanded\sherman1_smallest_last.txt
sherman1,SMALLEST_LAST,2,598,875,0.12412412412412413,data\processed\initial_graph_coloring_dataset\colpack_outputs_week13_expanded\sherman1_smallest_last.txt
sherman1,SMALLEST_LAST,2,700,876,0.12312312312312312,data\processed\initial_graph_coloring_dataset\colpack_outputs_week13_expanded\sherman1_smallest_last.txt
sherman1,SMALLEST_LAST,2,701,877,0.12212212212212212,data\processed\initial_graph_coloring_dataset\colpack_outputs_week13_expanded\sherman1_smallest_last.txt
sherman1,SMALLEST_LAST,2,702,878,0.12112112112112113,data\processed\initial_graph_coloring_dataset\colpack_outputs_week13_expanded\sherman1_smallest_last.txt
sherman1,SMALLEST_LAST,2,703,879,0.12012012012012012,data\processed\initial_graph_coloring_dataset\colpack_outputs_week13_expanded\sherman1_smallest_last.txt
sherman1,SMALLEST_LAST,2,704,880,0.11911911911911911,data\processed\initial_graph_coloring_dataset\colpack_outputs_week13_expanded\sherman1_smallest_last.txt
sherman1,SMALLEST_LAST,2,706,881,0.11811811811811812,data\processed\initial_graph_coloring_dataset\colpack_outputs_week13_expanded\sherman1_smallest_last.txt
sherman1,SMALLEST_LAST,2,707,882,0.11711711711711711,data\processed\initial_graph_coloring_dataset\colpack_outputs_week13_expanded\sherman1_smallest_last.txt
sherman1,SMALLEST_LAST,2,708,883,0.11611611611611612,data\processed\initial_graph_coloring_dataset\colpack_outputs_week13_expanded\sherman1_smallest_last.txt
sherman1,SMALLEST_LAST,2,710,884,0.11511511511511512,data\processed\initial_graph_coloring_dataset\colpack_outputs_week13_expanded\sherman1_smallest_last.txt
sherman1,SMALLEST_LAST,2,711,885,0.11411411411411411,data\processed\initial_graph_coloring_dataset\colpack_outputs_week13_expanded\sherman1_smallest_last.txt
sherman1,SMALLEST_LAST,2,712,886,0.11311311311311312,data\processed\initial_graph_coloring_dataset\colpack_outputs_week13_expanded\sherman1_smallest_last.txt
sherman1,SMALLEST_LAST,2,713,887,0.11211211211211211,data\processed\initial_graph_coloring_dataset\colpack_outputs_week13_expanded\sherman1_smallest_last.txt
sherman1,SMALLEST_LAST,2,714,888,0.1111111111111111,data\processed\initial_graph_coloring_dataset\colpack_outputs_week13_expanded\sherman1_smallest_last.txt
sherman1,SMALLEST_LAST,2,716,889,0.11011011011011011,data\processed\initial_graph_coloring_dataset\colpack_outputs_week13_expanded\sherman1_smallest_last.txt
sherman1,SMALLEST_LAST,2,717,890,0.1091091091091091,data\processed\initial_graph_coloring_dataset\colpack_outputs_week13_expanded\sherman1_smallest_last.txt
sherman1,SMALLEST_LAST,2,718,891,0.10810810810810811,data\processed\initial_graph_coloring_dataset\colpack_outputs_week13_expanded\sherman1_smallest_last.txt
sherman1,SMALLEST_LAST,2,720,892,0.10710710710710711,data\processed\initial_graph_coloring_dataset\colpack_outputs_week13_expanded\sherman1_smallest_last.txt
sherman1,SMALLEST_LAST,2,722,893,0.1061061061061061,data\processed\initial_graph_coloring_dataset\colpack_outputs_week13_expanded\sherman1_smallest_last.txt
sherman1,SMALLEST_LAST,2,723,894,0.10510510510510511,data\processed\initial_graph_coloring_dataset\colpack_outputs_week13_expanded\sherman1_smallest_last.txt
sherman1,SMALLEST_LAST,2,724,895,0.1041041041041041,data\processed\initial_graph_coloring_dataset\colpack_outputs_week13_expanded\sherman1_smallest_last.txt
sherman1,SMALLEST_LAST,2,726,896,0.1031031031031031,data\processed\initial_graph_coloring_dataset\colpack_outputs_week13_expanded\sherman1_smallest_last.txt
sherman1,SMALLEST_LAST,2,727,897,0.1021021021021021,data\processed\initial_graph_coloring_dataset\colpack_outputs_week13_expanded\sherman1_smallest_last.txt
sherman1,SMALLEST_LAST,2,728,898,0.1011011011011011,data\processed\initial_graph_coloring_dataset\colpack_outputs_week13_expanded\sherman1_smallest_last.txt
sherman1,SMALLEST_LAST,2,730,899,0.1001001001001001,data\processed\initial_graph_coloring_dataset\colpack_outputs_week13_expanded\sherman1_smallest_last.txt
sherman1,SMALLEST_LAST,2,732,900,0.0990990990990991,data\processed\initial_graph_coloring_dataset\colpack_outputs_week13_expanded\sherman1_smallest_last.txt
sherman1,SMALLEST_LAST,2,733,901,0.0980980980980981,data\processed\initial_graph_coloring_dataset\colpack_outputs_week13_expanded\sherman1_smallest_last.txt
sherman1,SMALLEST_LAST,2,734,902,0.0970970970970971,data\processed\initial_graph_coloring_dataset\colpack_outputs_week13_expanded\sherman1_smallest_last.txt
sherman1,SMALLEST_LAST,2,736,903,0.0960960960960961,data\processed\initial_graph_coloring_dataset\colpack_outputs_week13_expanded\sherman1_smallest_last.txt
sherman1,SMALLEST_LAST,2,737,904,0.09509509509509509,data\processed\initial_graph_coloring_dataset\colpack_outputs_week13_expanded\sherman1_smallest_last.txt
sherman1,SMALLEST_LAST,2,738,905,0.0940940940940941,data\processed\initial_graph_coloring_dataset\colpack_outputs_week13_expanded\sherman1_smallest_last.txt
sherman1,SMALLEST_LAST,2,740,906,0.09309309309309309,data\processed\initial_graph_coloring_dataset\colpack_outputs_week13_expanded\sherman1_smallest_last.txt
sherman1,SMALLEST_LAST,2,742,907,0.0920920920920921,data\processed\initial_graph_coloring_dataset\colpack_outputs_week13_expanded\sherman1_smallest_last.txt
sherman1,SMALLEST_LAST,2,743,908,0.09109109109109109,data\processed\initial_graph_coloring_dataset\colpack_outputs_week13_expanded\sherman1_smallest_last.txt
sherman1,SMALLEST_LAST,2,744,909,0.09009009009009009,data\processed\initial_graph_coloring_dataset\colpack_outputs_week13_expanded\sherman1_smallest_last.txt
sherman1,SMALLEST_LAST,2,746,910,0.0890890890890891,data\processed\initial_graph_coloring_dataset\colpack_outputs_week13_expanded\sherman1_smallest_last.txt
sherman1,SMALLEST_LAST,2,748,911,0.08808808808808809,data\processed\initial_graph_coloring_dataset\colpack_outputs_week13_expanded\sherman1_smallest_last.txt
sherman1,SMALLEST_LAST,2,750,912,0.08708708708708708,data\processed\initial_graph_coloring_dataset\colpack_outputs_week13_expanded\sherman1_smallest_last.txt
sherman1,SMALLEST_LAST,2,752,913,0.08608608608608609,data\processed\initial_graph_coloring_dataset\colpack_outputs_week13_expanded\sherman1_smallest_last.txt
sherman1,SMALLEST_LAST,2,753,914,0.08508508508508508,data\processed\initial_graph_coloring_dataset\colpack_outputs_week13_expanded\sherman1_smallest_last.txt
sherman1,SMALLEST_LAST,2,754,915,0.08408408408408409,data\processed\initial_graph_coloring_dataset\colpack_outputs_week13_expanded\sherman1_smallest_last.txt
sherman1,SMALLEST_LAST,2,756,916,0.08308308308308308,data\processed\initial_graph_coloring_dataset\colpack_outputs_week13_expanded\sherman1_smallest_last.txt
sherman1,SMALLEST_LAST,2,758,917,0.08208208208208208,data\processed\initial_graph_coloring_dataset\colpack_outputs_week13_expanded\sherman1_smallest_last.txt
sherman1,SMALLEST_LAST,2,760,918,0.08108108108108109,data\processed\initial_graph_coloring_dataset\colpack_outputs_week13_expanded\sherman1_smallest_last.txt
sherman1,SMALLEST_LAST,2,762,919,0.08008008008008008,data\processed\initial_graph_coloring_dataset\colpack_outputs_week13_expanded\sherman1_smallest_last.txt
sherman1,SMALLEST_LAST,2,763,920,0.07907907907907907,data\processed\initial_graph_coloring_dataset\colpack_outputs_week13_expanded\sherman1_smallest_last.txt
sherman1,SMALLEST_LAST,2,764,921,0.07807807807807808,data\processed\initial_graph_coloring_dataset\colpack_outputs_week13_expanded\sherman1_smallest_last.txt
sherman1,SMALLEST_LAST,2,766,922,0.07707707707707707,data\processed\initial_graph_coloring_dataset\colpack_outputs_week13_expanded\sherman1_smallest_last.txt
sherman1,SMALLEST_LAST,2,768,923,0.07607607607607608,data\processed\initial_graph_coloring_dataset\colpack_outputs_week13_expanded\sherman1_smallest_last.txt
sherman1,SMALLEST_LAST,2,769,924,0.07507507507507508,data\processed\initial_graph_coloring_dataset\colpack_outputs_week13_expanded\sherman1_smallest_last.txt
sherman1,SMALLEST_LAST,2,770,925,0.07407407407407407,data\processed\initial_graph_coloring_dataset\colpack_outputs_week13_expanded\sherman1_smallest_last.txt
sherman1,SMALLEST_LAST,2,772,926,0.07307307307307308,data\processed\initial_graph_coloring_dataset\colpack_outputs_week13_expanded\sherman1_smallest_last.txt
sherman1,SMALLEST_LAST,2,773,927,0.07207207207207207,data\processed\initial_graph_coloring_dataset\colpack_outputs_week13_expanded\sherman1_smallest_last.txt
sherman1,SMALLEST_LAST,2,774,928,0.07107107107107107,data\processed\initial_graph_coloring_dataset\colpack_outputs_week13_expanded\sherman1_smallest_last.txt
sherman1,SMALLEST_LAST,2,776,929,0.07007007007007007,data\processed\initial_graph_coloring_dataset\colpack_outputs_week13_expanded\sherman1_smallest_last.txt
sherman1,SMALLEST_LAST,2,778,930,0.06906906906906907,data\processed\initial_graph_coloring_dataset\colpack_outputs_week13_expanded\sherman1_smallest_last.txt
sherman1,SMALLEST_LAST,2,779,931,0.06806806806806807,data\processed\initial_graph_coloring_dataset\colpack_outputs_week13_expanded\sherman1_smallest_last.txt
sherman1,SMALLEST_LAST,2,780,932,0.06706706706706707,data\processed\initial_graph_coloring_dataset\colpack_outputs_week13_expanded\sherman1_smallest_last.txt
sherman1,SMALLEST_LAST,2,782,933,0.06606606606606606,data\processed\initial_graph_coloring_dataset\colpack_outputs_week13_expanded\sherman1_smallest_last.txt
sherman1,SMALLEST_LAST,2,783,934,0.06506506506506507,data\processed\initial_graph_coloring_dataset\colpack_outputs_week13_expanded\sherman1_smallest_last.txt
sherman1,SMALLEST_LAST,2,784,935,0.06406406406406406,data\processed\initial_graph_coloring_dataset\colpack_outputs_week13_expanded\sherman1_smallest_last.txt
sherman1,SMALLEST_LAST,2,785,936,0.06306306306306306,data\processed\initial_graph_coloring_dataset\colpack_outputs_week13_expanded\sherman1_smallest_last.txt
sherman1,SMALLEST_LAST,2,786,937,0.062062062062062065,data\processed\initial_graph_coloring_dataset\colpack_outputs_week13_expanded\sherman1_smallest_last.txt
sherman1,SMALLEST_LAST,2,788,938,0.06106106106106106,data\processed\initial_graph_coloring_dataset\colpack_outputs_week13_expanded\sherman1_smallest_last.txt
sherman1,SMALLEST_LAST,2,789,939,0.06006006006006006,data\processed\initial_graph_coloring_dataset\colpack_outputs_week13_expanded\sherman1_smallest_last.txt
sherman1,SMALLEST_LAST,2,790,940,0.05905905905905906,data\processed\initial_graph_coloring_dataset\colpack_outputs_week13_expanded\sherman1_smallest_last.txt
sherman1,SMALLEST_LAST,2,792,941,0.05805805805805806,data\processed\initial_graph_coloring_dataset\colpack_outputs_week13_expanded\sherman1_smallest_last.txt
sherman1,SMALLEST_LAST,2,793,942,0.057057057057057055,data\processed\initial_graph_coloring_dataset\colpack_outputs_week13_expanded\sherman1_smallest_last.txt
sherman1,SMALLEST_LAST,2,794,943,0.056056056056056056,data\processed\initial_graph_coloring_dataset\colpack_outputs_week13_expanded\sherman1_smallest_last.txt
sherman1,SMALLEST_LAST,2,795,944,0.055055055055055056,data\processed\initial_graph_coloring_dataset\colpack_outputs_week13_expanded\sherman1_smallest_last.txt
sherman1,SMALLEST_LAST,2,796,945,0.05405405405405406,data\processed\initial_graph_coloring_dataset\colpack_outputs_week13_expanded\sherman1_smallest_last.txt
sherman1,SMALLEST_LAST,2,798,946,0.05305305305305305,data\processed\initial_graph_coloring_dataset\colpack_outputs_week13_expanded\sherman1_smallest_last.txt
sherman1,SMALLEST_LAST,2,799,947,0.05205205205205205,data\processed\initial_graph_coloring_dataset\colpack_outputs_week13_expanded\sherman1_smallest_last.txt
sherman1,SMALLEST_LAST,2,901,948,0.05105105105105105,data\processed\initial_graph_coloring_dataset\colpack_outputs_week13_expanded\sherman1_smallest_last.txt
sherman1,SMALLEST_LAST,2,902,949,0.05005005005005005,data\processed\initial_graph_coloring_dataset\colpack_outputs_week13_expanded\sherman1_smallest_last.txt
sherman1,SMALLEST_LAST,2,903,950,0.04904904904904905,data\processed\initial_graph_coloring_dataset\colpack_outputs_week13_expanded\sherman1_smallest_last.txt
sherman1,SMALLEST_LAST,2,904,951,0.04804804804804805,data\processed\initial_graph_coloring_dataset\colpack_outputs_week13_expanded\sherman1_smallest_last.txt
sherman1,SMALLEST_LAST,2,905,952,0.04704704704704705,data\processed\initial_graph_coloring_dataset\colpack_outputs_week13_expanded\sherman1_smallest_last.txt
sherman1,SMALLEST_LAST,2,906,953,0.04604604604604605,data\processed\initial_graph_coloring_dataset\colpack_outputs_week13_expanded\sherman1_smallest_last.txt
sherman1,SMALLEST_LAST,2,909,954,0.04504504504504504,data\processed\initial_graph_coloring_dataset\colpack_outputs_week13_expanded\sherman1_smallest_last.txt
sherman1,SMALLEST_LAST,2,911,955,0.044044044044044044,data\processed\initial_graph_coloring_dataset\colpack_outputs_week13_expanded\sherman1_smallest_last.txt
sherman1,SMALLEST_LAST,2,912,956,0.043043043043043044,data\processed\initial_graph_coloring_dataset\colpack_outputs_week13_expanded\sherman1_smallest_last.txt
sherman1,SMALLEST_LAST,2,913,957,0.042042042042042045,data\processed\initial_graph_coloring_dataset\colpack_outputs_week13_expanded\sherman1_smallest_last.txt
sherman1,SMALLEST_LAST,2,914,958,0.04104104104104104,data\processed\initial_graph_coloring_dataset\colpack_outputs_week13_expanded\sherman1_smallest_last.txt
sherman1,SMALLEST_LAST,2,916,959,0.04004004004004004,data\processed\initial_graph_coloring_dataset\colpack_outputs_week13_expanded\sherman1_smallest_last.txt
sherman1,SMALLEST_LAST,2,919,960,0.03903903903903904,data\processed\initial_graph_coloring_dataset\colpack_outputs_week13_expanded\sherman1_smallest_last.txt
sherman1,SMALLEST_LAST,2,921,961,0.03803803803803804,data\processed\initial_graph_coloring_dataset\colpack_outputs_week13_expanded\sherman1_smallest_last.txt
sherman1,SMALLEST_LAST,2,922,962,0.037037037037037035,data\processed\initial_graph_coloring_dataset\colpack_outputs_week13_expanded\sherman1_smallest_last.txt
sherman1,SMALLEST_LAST,2,923,963,0.036036036036036036,data\processed\initial_graph_coloring_dataset\colpack_outputs_week13_expanded\sherman1_smallest_last.txt
sherman1,SMALLEST_LAST,2,924,964,0.035035035035035036,data\processed\initial_graph_coloring_dataset\colpack_outputs_week13_expanded\sherman1_smallest_last.txt
sherman1,SMALLEST_LAST,2,926,965,0.03403403403403404,data\processed\initial_graph_coloring_dataset\colpack_outputs_week13_expanded\sherman1_smallest_last.txt
sherman1,SMALLEST_LAST,2,929,966,0.03303303303303303,data\processed\initial_graph_coloring_dataset\colpack_outputs_week13_expanded\sherman1_smallest_last.txt
sherman1,SMALLEST_LAST,2,930,967,0.03203203203203203,data\processed\initial_graph_coloring_dataset\colpack_outputs_week13_expanded\sherman1_smallest_last.txt
sherman1,SMALLEST_LAST,2,931,968,0.031031031031031032,data\processed\initial_graph_coloring_dataset\colpack_outputs_week13_expanded\sherman1_smallest_last.txt
sherman1,SMALLEST_LAST,2,932,969,0.03003003003003003,data\processed\initial_graph_coloring_dataset\colpack_outputs_week13_expanded\sherman1_smallest_last.txt
sherman1,SMALLEST_LAST,2,934,970,0.02902902902902903,data\processed\initial_graph_coloring_dataset\colpack_outputs_week13_expanded\sherman1_smallest_last.txt
sherman1,SMALLEST_LAST,2,936,971,0.028028028028028028,data\processed\initial_graph_coloring_dataset\colpack_outputs_week13_expanded\sherman1_smallest_last.txt
sherman1,SMALLEST_LAST,2,939,972,0.02702702702702703,data\processed\initial_graph_coloring_dataset\colpack_outputs_week13_expanded\sherman1_smallest_last.txt
sherman1,SMALLEST_LAST,2,941,973,0.026026026026026026,data\processed\initial_graph_coloring_dataset\colpack_outputs_week13_expanded\sherman1_smallest_last.txt
sherman1,SMALLEST_LAST,2,942,974,0.025025025025025027,data\processed\initial_graph_coloring_dataset\colpack_outputs_week13_expanded\sherman1_smallest_last.txt
sherman1,SMALLEST_LAST,2,944,975,0.024024024024024024,data\processed\initial_graph_coloring_dataset\colpack_outputs_week13_expanded\sherman1_smallest_last.txt
sherman1,SMALLEST_LAST,2,946,976,0.023023023023023025,data\processed\initial_graph_coloring_dataset\colpack_outputs_week13_expanded\sherman1_smallest_last.txt
sherman1,SMALLEST_LAST,2,949,977,0.022022022022022022,data\processed\initial_graph_coloring_dataset\colpack_outputs_week13_expanded\sherman1_smallest_last.txt
sherman1,SMALLEST_LAST,2,951,978,0.021021021021021023,data\processed\initial_graph_coloring_dataset\colpack_outputs_week13_expanded\sherman1_smallest_last.txt
sherman1,SMALLEST_LAST,2,952,979,0.02002002002002002,data\processed\initial_graph_coloring_dataset\colpack_outputs_week13_expanded\sherman1_smallest_last.txt
sherman1,SMALLEST_LAST,2,954,980,0.01901901901901902,data\processed\initial_graph_coloring_dataset\colpack_outputs_week13_expanded\sherman1_smallest_last.txt
sherman1,SMALLEST_LAST,2,956,981,0.018018018018018018,data\processed\initial_graph_coloring_dataset\colpack_outputs_week13_expanded\sherman1_smallest_last.txt
sherman1,SMALLEST_LAST,2,961,982,0.01701701701701702,data\processed\initial_graph_coloring_dataset\colpack_outputs_week13_expanded\sherman1_smallest_last.txt
sherman1,SMALLEST_LAST,2,962,983,0.016016016016016016,data\processed\initial_graph_coloring_dataset\colpack_outputs_week13_expanded\sherman1_smallest_last.txt
sherman1,SMALLEST_LAST,2,964,984,0.015015015015015015,data\processed\initial_graph_coloring_dataset\colpack_outputs_week13_expanded\sherman1_smallest_last.txt
sherman1,SMALLEST_LAST,2,966,985,0.014014014014014014,data\processed\initial_graph_coloring_dataset\colpack_outputs_week13_expanded\sherman1_smallest_last.txt
sherman1,SMALLEST_LAST,2,971,986,0.013013013013013013,data\processed\initial_graph_coloring_dataset\colpack_outputs_week13_expanded\sherman1_smallest_last.txt
sherman1,SMALLEST_LAST,2,972,987,0.012012012012012012,data\processed\initial_graph_coloring_dataset\colpack_outputs_week13_expanded\sherman1_smallest_last.txt
sherman1,SMALLEST_LAST,2,974,988,0.011011011011011011,data\processed\initial_graph_coloring_dataset\colpack_outputs_week13_expanded\sherman1_smallest_last.txt
sherman1,SMALLEST_LAST,2,976,989,0.01001001001001001,data\processed\initial_graph_coloring_dataset\colpack_outputs_week13_expanded\sherman1_smallest_last.txt
sherman1,SMALLEST_LAST,2,980,990,0.009009009009009009,data\processed\initial_graph_coloring_dataset\colpack_outputs_week13_expanded\sherman1_smallest_last.txt
sherman1,SMALLEST_LAST,2,981,991,0.008008008008008008,data\processed\initial_graph_coloring_dataset\colpack_outputs_week13_expanded\sherman1_smallest_last.txt
sherman1,SMALLEST_LAST,2,982,992,0.007007007007007007,data\processed\initial_graph_coloring_dataset\colpack_outputs_week13_expanded\sherman1_smallest_last.txt
sherman1,SMALLEST_LAST,2,984,993,0.006006006006006006,data\processed\initial_graph_coloring_dataset\colpack_outputs_week13_expanded\sherman1_smallest_last.txt
sherman1,SMALLEST_LAST,2,986,994,0.005005005005005005,data\processed\initial_graph_coloring_dataset\colpack_outputs_week13_expanded\sherman1_smallest_last.txt
sherman1,SMALLEST_LAST,2,990,995,0.004004004004004004,data\processed\initial_graph_coloring_dataset\colpack_outputs_week13_expanded\sherman1_smallest_last.txt
sherman1,SMALLEST_LAST,2,991,996,0.003003003003003003,data\processed\initial_graph_coloring_dataset\colpack_outputs_week13_expanded\sherman1_smallest_last.txt
sherman1,SMALLEST_LAST,2,992,997,0.002002002002002002,data\processed\initial_graph_coloring_dataset\colpack_outputs_week13_expanded\sherman1_smallest_last.txt
sherman1,SMALLEST_LAST,2,994,998,0.001001001001001001,data\processed\initial_graph_coloring_dataset\colpack_outputs_week13_expanded\sherman1_smallest_last.txt
sherman1,SMALLEST_LAST,2,996,999,0.0,data\processed\initial_graph_coloring_dataset\colpack_outputs_week13_expanded\sherman1_smallest_last.txt
west0479,SMALLEST_LAST,6,130,0,1.0,data\processed\initial_graph_coloring_dataset\colpack_outputs_week13_expanded\west0479_smallest_last.txt
west0479,SMALLEST_LAST,6,284,1,0.997907949790795,data\processed\initial_graph_coloring_dataset\colpack_outputs_week13_expanded\west0479_smallest_last.txt
west0479,SMALLEST_LAST,6,328,2,0.99581589958159,data\processed\initial_graph_coloring_dataset\colpack_outputs_week13_expanded\west0479_smallest_last.txt
west0479,SMALLEST_LAST,6,131,3,0.9937238493723849,data\processed\initial_graph_coloring_dataset\colpack_outputs_week13_expanded\west0479_smallest_last.txt
west0479,SMALLEST_LAST,6,132,4,0.9916317991631799,data\processed\initial_graph_coloring_dataset\colpack_outputs_week13_expanded\west0479_smallest_last.txt
west0479,SMALLEST_LAST,6,306,5,0.9895397489539749,data\processed\initial_graph_coloring_dataset\colpack_outputs_week13_expanded\west0479_smallest_last.txt
west0479,SMALLEST_LAST,6,350,6,0.9874476987447699,data\processed\initial_graph_coloring_dataset\colpack_outputs_week13_expanded\west0479_smallest_last.txt
west0479,SMALLEST_LAST,6,133,7,0.9853556485355649,data\processed\initial_graph_coloring_dataset\colpack_outputs_week13_expanded\west0479_smallest_last.txt
west0479,SMALLEST_LAST,6,372,8,0.9832635983263598,data\processed\initial_graph_coloring_dataset\colpack_outputs_week13_expanded\west0479_smallest_last.txt
west0479,SMALLEST_LAST,6,134,9,0.9811715481171548,data\processed\initial_graph_coloring_dataset\colpack_outputs_week13_expanded\west0479_smallest_last.txt
west0479,SMALLEST_LAST,6,262,10,0.9790794979079498,data\processed\initial_graph_coloring_dataset\colpack_outputs_week13_expanded\west0479_smallest_last.txt
west0479,SMALLEST_LAST,6,135,11,0.9769874476987448,data\processed\initial_graph_coloring_dataset\colpack_outputs_week13_expanded\west0479_smallest_last.txt
west0479,SMALLEST_LAST,6,248,12,0.9748953974895398,data\processed\initial_graph_coloring_dataset\colpack_outputs_week13_expanded\west0479_smallest_last.txt
west0479,SMALLEST_LAST,6,138,13,0.9728033472803347,data\processed\initial_graph_coloring_dataset\colpack_outputs_week13_expanded\west0479_smallest_last.txt
west0479,SMALLEST_LAST,6,308,14,0.9707112970711297,data\processed\initial_graph_coloring_dataset\colpack_outputs_week13_expanded\west0479_smallest_last.txt
west0479,SMALLEST_LAST,6,141,15,0.9686192468619247,data\processed\initial_graph_coloring_dataset\colpack_outputs_week13_expanded\west0479_smallest_last.txt
west0479,SMALLEST_LAST,6,352,16,0.9665271966527197,data\processed\initial_graph_coloring_dataset\colpack_outputs_week13_expanded\west0479_smallest_last.txt
west0479,SMALLEST_LAST,6,136,17,0.9644351464435147,data\processed\initial_graph_coloring_dataset\colpack_outputs_week13_expanded\west0479_smallest_last.txt
west0479,SMALLEST_LAST,6,264,18,0.9623430962343096,data\processed\initial_graph_coloring_dataset\colpack_outputs_week13_expanded\west0479_smallest_last.txt
west0479,SMALLEST_LAST,6,137,19,0.9602510460251046,data\processed\initial_graph_coloring_dataset\colpack_outputs_week13_expanded\west0479_smallest_last.txt
west0479,SMALLEST_LAST,6,374,20,0.9581589958158996,data\processed\initial_graph_coloring_dataset\colpack_outputs_week13_expanded\west0479_smallest_last.txt
west0479,SMALLEST_LAST,6,139,21,0.9560669456066946,data\processed\initial_graph_coloring_dataset\colpack_outputs_week13_expanded\west0479_smallest_last.txt
west0479,SMALLEST_LAST,6,392,22,0.9539748953974896,data\processed\initial_graph_coloring_dataset\colpack_outputs_week13_expanded\west0479_smallest_last.txt
west0479,SMALLEST_LAST,6,140,23,0.9518828451882845,data\processed\initial_graph_coloring_dataset\colpack_outputs_week13_expanded\west0479_smallest_last.txt
west0479,SMALLEST_LAST,6,330,24,0.9497907949790795,data\processed\initial_graph_coloring_dataset\colpack_outputs_week13_expanded\west0479_smallest_last.txt
west0479,SMALLEST_LAST,6,286,25,0.9476987447698745,data\processed\initial_graph_coloring_dataset\colpack_outputs_week13_expanded\west0479_smallest_last.txt
west0479,SMALLEST_LAST,6,95,26,0.9456066945606695,data\processed\initial_graph_coloring_dataset\colpack_outputs_week13_expanded\west0479_smallest_last.txt
west0479,SMALLEST_LAST,6,118,27,0.9435146443514645,data\processed\initial_graph_coloring_dataset\colpack_outputs_week13_expanded\west0479_smallest_last.txt
west0479,SMALLEST_LAST,6,327,28,0.9414225941422594,data\processed\initial_graph_coloring_dataset\colpack_outputs_week13_expanded\west0479_smallest_last.txt
west0479,SMALLEST_LAST,6,121,29,0.9393305439330544,data\processed\initial_graph_coloring_dataset\colpack_outputs_week13_expanded\west0479_smallest_last.txt
west0479,SMALLEST_LAST,6,87,30,0.9372384937238494,data\processed\initial_graph_coloring_dataset\colpack_outputs_week13_expanded\west0479_smallest_last.txt
west0479,SMALLEST_LAST,6,119,31,0.9351464435146444,data\processed\initial_graph_coloring_dataset\colpack_outputs_week13_expanded\west0479_smallest_last.txt
west0479,SMALLEST_LAST,6,371,32,0.9330543933054394,data\processed\initial_graph_coloring_dataset\colpack_outputs_week13_expanded\west0479_smallest_last.txt
west0479,SMALLEST_LAST,6,120,33,0.9309623430962343,data\processed\initial_graph_coloring_dataset\colpack_outputs_week13_expanded\west0479_smallest_last.txt
west0479,SMALLEST_LAST,6,283,34,0.9288702928870293,data\processed\initial_graph_coloring_dataset\colpack_outputs_week13_expanded\west0479_smallest_last.txt
west0479,SMALLEST_LAST,6,349,35,0.9267782426778243,data\processed\initial_graph_coloring_dataset\colpack_outputs_week13_expanded\west0479_smallest_last.txt
west0479,SMALLEST_LAST,6,305,36,0.9246861924686193,data\processed\initial_graph_coloring_dataset\colpack_outputs_week13_expanded\west0479_smallest_last.txt
west0479,SMALLEST_LAST,6,122,37,0.9225941422594143,data\processed\initial_graph_coloring_dataset\colpack_outputs_week13_expanded\west0479_smallest_last.txt
west0479,SMALLEST_LAST,6,261,38,0.9205020920502092,data\processed\initial_graph_coloring_dataset\colpack_outputs_week13_expanded\west0479_smallest_last.txt
west0479,SMALLEST_LAST,6,123,39,0.9184100418410042,data\processed\initial_graph_coloring_dataset\colpack_outputs_week13_expanded\west0479_smallest_last.txt
west0479,SMALLEST_LAST,6,128,40,0.9163179916317992,data\processed\initial_graph_coloring_dataset\colpack_outputs_week13_expanded\west0479_smallest_last.txt
west0479,SMALLEST_LAST,6,307,41,0.9142259414225942,data\processed\initial_graph_coloring_dataset\colpack_outputs_week13_expanded\west0479_smallest_last.txt
west0479,SMALLEST_LAST,6,129,42,0.9121338912133892,data\processed\initial_graph_coloring_dataset\colpack_outputs_week13_expanded\west0479_smallest_last.txt
west0479,SMALLEST_LAST,6,351,43,0.9100418410041841,data\processed\initial_graph_coloring_dataset\colpack_outputs_week13_expanded\west0479_smallest_last.txt
west0479,SMALLEST_LAST,6,124,44,0.9079497907949791,data\processed\initial_graph_coloring_dataset\colpack_outputs_week13_expanded\west0479_smallest_last.txt
west0479,SMALLEST_LAST,6,285,45,0.9058577405857741,data\processed\initial_graph_coloring_dataset\colpack_outputs_week13_expanded\west0479_smallest_last.txt
west0479,SMALLEST_LAST,6,127,46,0.9037656903765691,data\processed\initial_graph_coloring_dataset\colpack_outputs_week13_expanded\west0479_smallest_last.txt
west0479,SMALLEST_LAST,6,329,47,0.9016736401673641,data\processed\initial_graph_coloring_dataset\colpack_outputs_week13_expanded\west0479_smallest_last.txt
west0479,SMALLEST_LAST,6,373,48,0.899581589958159,data\processed\initial_graph_coloring_dataset\colpack_outputs_week13_expanded\west0479_smallest_last.txt
west0479,SMALLEST_LAST,6,125,49,0.897489539748954,data\processed\initial_graph_coloring_dataset\colpack_outputs_week13_expanded\west0479_smallest_last.txt
west0479,SMALLEST_LAST,6,391,50,0.895397489539749,data\processed\initial_graph_coloring_dataset\colpack_outputs_week13_expanded\west0479_smallest_last.txt
west0479,SMALLEST_LAST,6,126,51,0.893305439330544,data\processed\initial_graph_coloring_dataset\colpack_outputs_week13_expanded\west0479_smallest_last.txt
west0479,SMALLEST_LAST,6,247,52,0.891213389121339,data\processed\initial_graph_coloring_dataset\colpack_outputs_week13_expanded\west0479_smallest_last.txt
west0479,SMALLEST_LAST,6,109,53,0.8891213389121339,data\processed\initial_graph_coloring_dataset\colpack_outputs_week13_expanded\west0479_smallest_last.txt
west0479,SMALLEST_LAST,6,108,54,0.8870292887029289,data\processed\initial_graph_coloring_dataset\colpack_outputs_week13_expanded\west0479_smallest_last.txt
west0479,SMALLEST_LAST,6,107,55,0.8849372384937239,data\processed\initial_graph_coloring_dataset\colpack_outputs_week13_expanded\west0479_smallest_last.txt
west0479,SMALLEST_LAST,6,277,56,0.8828451882845189,data\processed\initial_graph_coloring_dataset\colpack_outputs_week13_expanded\west0479_smallest_last.txt
west0479,SMALLEST_LAST,6,296,57,0.8807531380753139,data\processed\initial_graph_coloring_dataset\colpack_outputs_week13_expanded\west0479_smallest_last.txt
west0479,SMALLEST_LAST,6,240,58,0.8786610878661087,data\processed\initial_graph_coloring_dataset\colpack_outputs_week13_expanded\west0479_smallest_last.txt
west0479,SMALLEST_LAST,6,253,59,0.8765690376569037,data\processed\initial_graph_coloring_dataset\colpack_outputs_week13_expanded\west0479_smallest_last.txt
west0479,SMALLEST_LAST,6,297,60,0.8744769874476988,data\processed\initial_graph_coloring_dataset\colpack_outputs_week13_expanded\west0479_smallest_last.txt
west0479,SMALLEST_LAST,6,272,61,0.8723849372384938,data\processed\initial_graph_coloring_dataset\colpack_outputs_week13_expanded\west0479_smallest_last.txt
west0479,SMALLEST_LAST,6,298,62,0.8702928870292888,data\processed\initial_graph_coloring_dataset\colpack_outputs_week13_expanded\west0479_smallest_last.txt
west0479,SMALLEST_LAST,6,245,63,0.8682008368200836,data\processed\initial_graph_coloring_dataset\colpack_outputs_week13_expanded\west0479_smallest_last.txt
west0479,SMALLEST_LAST,6,299,64,0.8661087866108786,data\processed\initial_graph_coloring_dataset\colpack_outputs_week13_expanded\west0479_smallest_last.txt
west0479,SMALLEST_LAST,6,275,65,0.8640167364016736,data\processed\initial_graph_coloring_dataset\colpack_outputs_week13_expanded\west0479_smallest_last.txt
west0479,SMALLEST_LAST,6,259,66,0.8619246861924686,data\processed\initial_graph_coloring_dataset\colpack_outputs_week13_expanded\west0479_smallest_last.txt
west0479,SMALLEST_LAST,6,251,67,0.8598326359832636,data\processed\initial_graph_coloring_dataset\colpack_outputs_week13_expanded\west0479_smallest_last.txt
west0479,SMALLEST_LAST,6,252,68,0.8577405857740585,data\processed\initial_graph_coloring_dataset\colpack_outputs_week13_expanded\west0479_smallest_last.txt
west0479,SMALLEST_LAST,6,226,69,0.8556485355648535,data\processed\initial_graph_coloring_dataset\colpack_outputs_week13_expanded\west0479_smallest_last.txt
west0479,SMALLEST_LAST,6,233,70,0.8535564853556485,data\processed\initial_graph_coloring_dataset\colpack_outputs_week13_expanded\west0479_smallest_last.txt
west0479,SMALLEST_LAST,6,254,71,0.8514644351464435,data\processed\initial_graph_coloring_dataset\colpack_outputs_week13_expanded\west0479_smallest_last.txt
west0479,SMALLEST_LAST,6,234,72,0.8493723849372385,data\processed\initial_graph_coloring_dataset\colpack_outputs_week13_expanded\west0479_smallest_last.txt
west0479,SMALLEST_LAST,6,276,73,0.8472803347280334,data\processed\initial_graph_coloring_dataset\colpack_outputs_week13_expanded\west0479_smallest_last.txt
west0479,SMALLEST_LAST,6,241,74,0.8451882845188284,data\processed\initial_graph_coloring_dataset\colpack_outputs_week13_expanded\west0479_smallest_last.txt
west0479,SMALLEST_LAST,6,218,75,0.8430962343096234,data\processed\initial_graph_coloring_dataset\colpack_outputs_week13_expanded\west0479_smallest_last.txt
west0479,SMALLEST_LAST,6,232,76,0.8410041841004184,data\processed\initial_graph_coloring_dataset\colpack_outputs_week13_expanded\west0479_smallest_last.txt
west0479,SMALLEST_LAST,6,111,77,0.8389121338912134,data\processed\initial_graph_coloring_dataset\colpack_outputs_week13_expanded\west0479_smallest_last.txt
west0479,SMALLEST_LAST,6,231,78,0.8368200836820083,data\processed\initial_graph_coloring_dataset\colpack_outputs_week13_expanded\west0479_smallest_last.txt
west0479,SMALLEST_LAST,6,274,79,0.8347280334728033,data\processed\initial_graph_coloring_dataset\colpack_outputs_week13_expanded\west0479_smallest_last.txt
west0479,SMALLEST_LAST,6,250,80,0.8326359832635983,data\processed\initial_graph_coloring_dataset\colpack_outputs_week13_expanded\west0479_smallest_last.txt
west0479,SMALLEST_LAST,6,263,81,0.8305439330543933,data\processed\initial_graph_coloring_dataset\colpack_outputs_week13_expanded\west0479_smallest_last.txt
west0479,SMALLEST_LAST,6,224,82,0.8284518828451883,data\processed\initial_graph_coloring_dataset\colpack_outputs_week13_expanded\west0479_smallest_last.txt
west0479,SMALLEST_LAST,6,273,83,0.8263598326359832,data\processed\initial_graph_coloring_dataset\colpack_outputs_week13_expanded\west0479_smallest_last.txt
west0479,SMALLEST_LAST,6,260,84,0.8242677824267782,data\processed\initial_graph_coloring_dataset\colpack_outputs_week13_expanded\west0479_smallest_last.txt
west0479,SMALLEST_LAST,6,225,85,0.8221757322175732,data\processed\initial_graph_coloring_dataset\colpack_outputs_week13_expanded\west0479_smallest_last.txt
west0479,SMALLEST_LAST,6,239,86,0.8200836820083682,data\processed\initial_graph_coloring_dataset\colpack_outputs_week13_expanded\west0479_smallest_last.txt
west0479,SMALLEST_LAST,6,271,87,0.8179916317991632,data\processed\initial_graph_coloring_dataset\colpack_outputs_week13_expanded\west0479_smallest_last.txt
west0479,SMALLEST_LAST,6,321,88,0.8158995815899581,data\processed\initial_graph_coloring_dataset\colpack_outputs_week13_expanded\west0479_smallest_last.txt
west0479,SMALLEST_LAST,6,223,89,0.8138075313807531,data\processed\initial_graph_coloring_dataset\colpack_outputs_week13_expanded\west0479_smallest_last.txt
west0479,SMALLEST_LAST,6,102,90,0.8117154811715481,data\processed\initial_graph_coloring_dataset\colpack_outputs_week13_expanded\west0479_smallest_last.txt
west0479,SMALLEST_LAST,6,318,91,0.8096234309623431,data\processed\initial_graph_coloring_dataset\colpack_outputs_week13_expanded\west0479_smallest_last.txt
west0479,SMALLEST_LAST,6,320,92,0.8075313807531381,data\processed\initial_graph_coloring_dataset\colpack_outputs_week13_expanded\west0479_smallest_last.txt
west0479,SMALLEST_LAST,6,341,93,0.805439330543933,data\processed\initial_graph_coloring_dataset\colpack_outputs_week13_expanded\west0479_smallest_last.txt
west0479,SMALLEST_LAST,6,291,94,0.803347280334728,data\processed\initial_graph_coloring_dataset\colpack_outputs_week13_expanded\west0479_smallest_last.txt
west0479,SMALLEST_LAST,6,342,95,0.801255230125523,data\processed\initial_graph_coloring_dataset\colpack_outputs_week13_expanded\west0479_smallest_last.txt
west0479,SMALLEST_LAST,6,290,96,0.799163179916318,data\processed\initial_graph_coloring_dataset\colpack_outputs_week13_expanded\west0479_smallest_last.txt
west0479,SMALLEST_LAST,6,317,97,0.797071129707113,data\processed\initial_graph_coloring_dataset\colpack_outputs_week13_expanded\west0479_smallest_last.txt
west0479,SMALLEST_LAST,6,279,98,0.7949790794979079,data\processed\initial_graph_coloring_dataset\colpack_outputs_week13_expanded\west0479_smallest_last.txt
west0479,SMALLEST_LAST,6,255,99,0.7928870292887029,data\processed\initial_graph_coloring_dataset\colpack_outputs_week13_expanded\west0479_smallest_last.txt
west0479,SMALLEST_LAST,6,237,100,0.7907949790794979,data\processed\initial_graph_coloring_dataset\colpack_outputs_week13_expanded\west0479_smallest_last.txt
west0479,SMALLEST_LAST,6,168,101,0.7887029288702929,data\processed\initial_graph_coloring_dataset\colpack_outputs_week13_expanded\west0479_smallest_last.txt
west0479,SMALLEST_LAST,6,99,102,0.7866108786610879,data\processed\initial_graph_coloring_dataset\colpack_outputs_week13_expanded\west0479_smallest_last.txt
west0479,SMALLEST_LAST,6,101,103,0.7845188284518828,data\processed\initial_graph_coloring_dataset\colpack_outputs_week13_expanded\west0479_smallest_last.txt
west0479,SMALLEST_LAST,6,160,104,0.7824267782426778,data\processed\initial_graph_coloring_dataset\colpack_outputs_week13_expanded\west0479_smallest_last.txt
west0479,SMALLEST_LAST,6,161,105,0.7803347280334728,data\processed\initial_graph_coloring_dataset\colpack_outputs_week13_expanded\west0479_smallest_last.txt
west0479,SMALLEST_LAST,6,409,106,0.7782426778242678,data\processed\initial_graph_coloring_dataset\colpack_outputs_week13_expanded\west0479_smallest_last.txt
west0479,SMALLEST_LAST,6,169,107,0.7761506276150628,data\processed\initial_graph_coloring_dataset\colpack_outputs_week13_expanded\west0479_smallest_last.txt
west0479,SMALLEST_LAST,6,162,108,0.7740585774058577,data\processed\initial_graph_coloring_dataset\colpack_outputs_week13_expanded\west0479_smallest_last.txt
west0479,SMALLEST_LAST,6,175,109,0.7719665271966527,data\processed\initial_graph_coloring_dataset\colpack_outputs_week13_expanded\west0479_smallest_last.txt
west0479,SMALLEST_LAST,6,163,110,0.7698744769874477,data\processed\initial_graph_coloring_dataset\colpack_outputs_week13_expanded\west0479_smallest_last.txt
west0479,SMALLEST_LAST,6,170,111,0.7677824267782427,data\processed\initial_graph_coloring_dataset\colpack_outputs_week13_expanded\west0479_smallest_last.txt
west0479,SMALLEST_LAST,6,164,112,0.7656903765690377,data\processed\initial_graph_coloring_dataset\colpack_outputs_week13_expanded\west0479_smallest_last.txt
west0479,SMALLEST_LAST,6,410,113,0.7635983263598326,data\processed\initial_graph_coloring_dataset\colpack_outputs_week13_expanded\west0479_smallest_last.txt
west0479,SMALLEST_LAST,6,100,114,0.7615062761506276,data\processed\initial_graph_coloring_dataset\colpack_outputs_week13_expanded\west0479_smallest_last.txt
west0479,SMALLEST_LAST,6,315,115,0.7594142259414226,data\processed\initial_graph_coloring_dataset\colpack_outputs_week13_expanded\west0479_smallest_last.txt
west0479,SMALLEST_LAST,6,340,116,0.7573221757322176,data\processed\initial_graph_coloring_dataset\colpack_outputs_week13_expanded\west0479_smallest_last.txt
west0479,SMALLEST_LAST,6,288,117,0.7552301255230126,data\processed\initial_graph_coloring_dataset\colpack_outputs_week13_expanded\west0479_smallest_last.txt
west0479,SMALLEST_LAST,6,146,118,0.7531380753138075,data\processed\initial_graph_coloring_dataset\colpack_outputs_week13_expanded\west0479_smallest_last.txt
west0479,SMALLEST_LAST,6,103,119,0.7510460251046025,data\processed\initial_graph_coloring_dataset\colpack_outputs_week13_expanded\west0479_smallest_last.txt
west0479,SMALLEST_LAST,6,343,120,0.7489539748953975,data\processed\initial_graph_coloring_dataset\colpack_outputs_week13_expanded\west0479_smallest_last.txt
west0479,SMALLEST_LAST,6,319,121,0.7468619246861925,data\processed\initial_graph_coloring_dataset\colpack_outputs_week13_expanded\west0479_smallest_last.txt
west0479,SMALLEST_LAST,6,302,122,0.7447698744769874,data\processed\initial_graph_coloring_dataset\colpack_outputs_week13_expanded\west0479_smallest_last.txt
west0479,SMALLEST_LAST,6,310,123,0.7426778242677824,data\processed\initial_graph_coloring_dataset\colpack_outputs_week13_expanded\west0479_smallest_last.txt
west0479,SMALLEST_LAST,6,362,124,0.7405857740585774,data\processed\initial_graph_coloring_dataset\colpack_outputs_week13_expanded\west0479_smallest_last.txt
west0479,SMALLEST_LAST,6,326,125,0.7384937238493724,data\processed\initial_graph_coloring_dataset\colpack_outputs_week13_expanded\west0479_smallest_last.txt
west0479,SMALLEST_LAST,6,278,126,0.7364016736401674,data\processed\initial_graph_coloring_dataset\colpack_outputs_week13_expanded\west0479_smallest_last.txt
west0479,SMALLEST_LAST,6,316,127,0.7343096234309623,data\processed\initial_graph_coloring_dataset\colpack_outputs_week13_expanded\west0479_smallest_last.txt
west0479,SMALLEST_LAST,6,363,128,0.7322175732217573,data\processed\initial_graph_coloring_dataset\colpack_outputs_week13_expanded\west0479_smallest_last.txt
west0479,SMALLEST_LAST,6,116,129,0.7301255230125523,data\processed\initial_graph_coloring_dataset\colpack_outputs_week13_expanded\west0479_smallest_last.txt
west0479,SMALLEST_LAST,6,360,130,0.7280334728033473,data\processed\initial_graph_coloring_dataset\colpack_outputs_week13_expanded\west0479_smallest_last.txt
west0479,SMALLEST_LAST,6,364,131,0.7259414225941423,data\processed\initial_graph_coloring_dataset\colpack_outputs_week13_expanded\west0479_smallest_last.txt
west0479,SMALLEST_LAST,6,117,132,0.7238493723849372,data\processed\initial_graph_coloring_dataset\colpack_outputs_week13_expanded\west0479_smallest_last.txt
west0479,SMALLEST_LAST,6,229,133,0.7217573221757322,data\processed\initial_graph_coloring_dataset\colpack_outputs_week13_expanded\west0479_smallest_last.txt
west0479,SMALLEST_LAST,6,115,134,0.7196652719665272,data\processed\initial_graph_coloring_dataset\colpack_outputs_week13_expanded\west0479_smallest_last.txt
west0479,SMALLEST_LAST,6,359,135,0.7175732217573222,data\processed\initial_graph_coloring_dataset\colpack_outputs_week13_expanded\west0479_smallest_last.txt
west0479,SMALLEST_LAST,6,143,136,0.7154811715481172,data\processed\initial_graph_coloring_dataset\colpack_outputs_week13_expanded\west0479_smallest_last.txt
west0479,SMALLEST_LAST,6,174,137,0.7133891213389121,data\processed\initial_graph_coloring_dataset\colpack_outputs_week13_expanded\west0479_smallest_last.txt
west0479,SMALLEST_LAST,6,376,138,0.7112970711297071,data\processed\initial_graph_coloring_dataset\colpack_outputs_week13_expanded\west0479_smallest_last.txt
west0479,SMALLEST_LAST,6,176,139,0.7092050209205021,data\processed\initial_graph_coloring_dataset\colpack_outputs_week13_expanded\west0479_smallest_last.txt
west0479,SMALLEST_LAST,6,322,140,0.7071129707112971,data\processed\initial_graph_coloring_dataset\colpack_outputs_week13_expanded\west0479_smallest_last.txt
west0479,SMALLEST_LAST,6,375,141,0.7050209205020921,data\processed\initial_graph_coloring_dataset\colpack_outputs_week13_expanded\west0479_smallest_last.txt
west0479,SMALLEST_LAST,6,142,142,0.702928870292887,data\processed\initial_graph_coloring_dataset\colpack_outputs_week13_expanded\west0479_smallest_last.txt
west0479,SMALLEST_LAST,6,309,143,0.700836820083682,data\processed\initial_graph_coloring_dataset\colpack_outputs_week13_expanded\west0479_smallest_last.txt
west0479,SMALLEST_LAST,6,265,144,0.698744769874477,data\processed\initial_graph_coloring_dataset\colpack_outputs_week13_expanded\west0479_smallest_last.txt
west0479,SMALLEST_LAST,6,145,145,0.696652719665272,data\processed\initial_graph_coloring_dataset\colpack_outputs_week13_expanded\west0479_smallest_last.txt
west0479,SMALLEST_LAST,6,361,146,0.694560669456067,data\processed\initial_graph_coloring_dataset\colpack_outputs_week13_expanded\west0479_smallest_last.txt
west0479,SMALLEST_LAST,6,242,147,0.6924686192468619,data\processed\initial_graph_coloring_dataset\colpack_outputs_week13_expanded\west0479_smallest_last.txt
west0479,SMALLEST_LAST,6,94,148,0.6903765690376569,data\processed\initial_graph_coloring_dataset\colpack_outputs_week13_expanded\west0479_smallest_last.txt
west0479,SMALLEST_LAST,6,339,149,0.6882845188284519,data\processed\initial_graph_coloring_dataset\colpack_outputs_week13_expanded\west0479_smallest_last.txt
west0479,SMALLEST_LAST,6,105,150,0.6861924686192469,data\processed\initial_graph_coloring_dataset\colpack_outputs_week13_expanded\west0479_smallest_last.txt
west0479,SMALLEST_LAST,6,243,151,0.6841004184100419,data\processed\initial_graph_coloring_dataset\colpack_outputs_week13_expanded\west0479_smallest_last.txt
west0479,SMALLEST_LAST,6,289,152,0.6820083682008368,data\processed\initial_graph_coloring_dataset\colpack_outputs_week13_expanded\west0479_smallest_last.txt
west0479,SMALLEST_LAST,6,388,153,0.6799163179916318,data\processed\initial_graph_coloring_dataset\colpack_outputs_week13_expanded\west0479_smallest_last.txt
west0479,SMALLEST_LAST,6,422,154,0.6778242677824268,data\processed\initial_graph_coloring_dataset\colpack_outputs_week13_expanded\west0479_smallest_last.txt
west0479,SMALLEST_LAST,6,193,155,0.6757322175732218,data\processed\initial_graph_coloring_dataset\colpack_outputs_week13_expanded\west0479_smallest_last.txt
west0479,SMALLEST_LAST,6,194,156,0.6736401673640168,data\processed\initial_graph_coloring_dataset\colpack_outputs_week13_expanded\west0479_smallest_last.txt
west0479,SMALLEST_LAST,6,195,157,0.6715481171548117,data\processed\initial_graph_coloring_dataset\colpack_outputs_week13_expanded\west0479_smallest_last.txt
west0479,SMALLEST_LAST,6,230,158,0.6694560669456067,data\processed\initial_graph_coloring_dataset\colpack_outputs_week13_expanded\west0479_smallest_last.txt
west0479,SMALLEST_LAST,6,196,159,0.6673640167364017,data\processed\initial_graph_coloring_dataset\colpack_outputs_week13_expanded\west0479_smallest_last.txt
west0479,SMALLEST_LAST,6,197,160,0.6652719665271967,data\processed\initial_graph_coloring_dataset\colpack_outputs_week13_expanded\west0479_smallest_last.txt
west0479,SMALLEST_LAST,6,198,161,0.6631799163179917,data\processed\initial_graph_coloring_dataset\colpack_outputs_week13_expanded\west0479_smallest_last.txt
west0479,SMALLEST_LAST,6,202,162,0.6610878661087866,data\processed\initial_graph_coloring_dataset\colpack_outputs_week13_expanded\west0479_smallest_last.txt
west0479,SMALLEST_LAST,6,385,163,0.6589958158995816,data\processed\initial_graph_coloring_dataset\colpack_outputs_week13_expanded\west0479_smallest_last.txt
west0479,SMALLEST_LAST,6,423,164,0.6569037656903766,data\processed\initial_graph_coloring_dataset\colpack_outputs_week13_expanded\west0479_smallest_last.txt
west0479,SMALLEST_LAST,6,97,165,0.6548117154811716,data\processed\initial_graph_coloring_dataset\colpack_outputs_week13_expanded\west0479_smallest_last.txt
west0479,SMALLEST_LAST,6,337,166,0.6527196652719666,data\processed\initial_graph_coloring_dataset\colpack_outputs_week13_expanded\west0479_smallest_last.txt
west0479,SMALLEST_LAST,6,384,167,0.6506276150627615,data\processed\initial_graph_coloring_dataset\colpack_outputs_week13_expanded\west0479_smallest_last.txt
west0479,SMALLEST_LAST,6,91,168,0.6485355648535565,data\processed\initial_graph_coloring_dataset\colpack_outputs_week13_expanded\west0479_smallest_last.txt
west0479,SMALLEST_LAST,6,466,169,0.6464435146443515,data\processed\initial_graph_coloring_dataset\colpack_outputs_week13_expanded\west0479_smallest_last.txt
west0479,SMALLEST_LAST,6,92,170,0.6443514644351465,data\processed\initial_graph_coloring_dataset\colpack_outputs_week13_expanded\west0479_smallest_last.txt
west0479,SMALLEST_LAST,6,204,171,0.6422594142259415,data\processed\initial_graph_coloring_dataset\colpack_outputs_week13_expanded\west0479_smallest_last.txt
west0479,SMALLEST_LAST,6,93,172,0.6401673640167364,data\processed\initial_graph_coloring_dataset\colpack_outputs_week13_expanded\west0479_smallest_last.txt
west0479,SMALLEST_LAST,6,203,173,0.6380753138075314,data\processed\initial_graph_coloring_dataset\colpack_outputs_week13_expanded\west0479_smallest_last.txt
west0479,SMALLEST_LAST,6,173,174,0.6359832635983264,data\processed\initial_graph_coloring_dataset\colpack_outputs_week13_expanded\west0479_smallest_last.txt
west0479,SMALLEST_LAST,6,235,175,0.6338912133891214,data\processed\initial_graph_coloring_dataset\colpack_outputs_week13_expanded\west0479_smallest_last.txt
west0479,SMALLEST_LAST,6,207,176,0.6317991631799164,data\processed\initial_graph_coloring_dataset\colpack_outputs_week13_expanded\west0479_smallest_last.txt
west0479,SMALLEST_LAST,6,414,177,0.6297071129707112,data\processed\initial_graph_coloring_dataset\colpack_outputs_week13_expanded\west0479_smallest_last.txt
west0479,SMALLEST_LAST,6,96,178,0.6276150627615062,data\processed\initial_graph_coloring_dataset\colpack_outputs_week13_expanded\west0479_smallest_last.txt
west0479,SMALLEST_LAST,6,205,179,0.6255230125523012,data\processed\initial_graph_coloring_dataset\colpack_outputs_week13_expanded\west0479_smallest_last.txt
west0479,SMALLEST_LAST,6,412,180,0.6234309623430963,data\processed\initial_graph_coloring_dataset\colpack_outputs_week13_expanded\west0479_smallest_last.txt
west0479,SMALLEST_LAST,6,208,181,0.6213389121338913,data\processed\initial_graph_coloring_dataset\colpack_outputs_week13_expanded\west0479_smallest_last.txt
west0479,SMALLEST_LAST,6,209,182,0.6192468619246861,data\processed\initial_graph_coloring_dataset\colpack_outputs_week13_expanded\west0479_smallest_last.txt
west0479,SMALLEST_LAST,6,210,183,0.6171548117154811,data\processed\initial_graph_coloring_dataset\colpack_outputs_week13_expanded\west0479_smallest_last.txt
west0479,SMALLEST_LAST,6,413,184,0.6150627615062761,data\processed\initial_graph_coloring_dataset\colpack_outputs_week13_expanded\west0479_smallest_last.txt
west0479,SMALLEST_LAST,6,370,185,0.6129707112970711,data\processed\initial_graph_coloring_dataset\colpack_outputs_week13_expanded\west0479_smallest_last.txt
west0479,SMALLEST_LAST,6,110,186,0.6108786610878661,data\processed\initial_graph_coloring_dataset\colpack_outputs_week13_expanded\west0479_smallest_last.txt
west0479,SMALLEST_LAST,6,365,187,0.608786610878661,data\processed\initial_graph_coloring_dataset\colpack_outputs_week13_expanded\west0479_smallest_last.txt
west0479,SMALLEST_LAST,6,201,188,0.606694560669456,data\processed\initial_graph_coloring_dataset\colpack_outputs_week13_expanded\west0479_smallest_last.txt
west0479,SMALLEST_LAST,6,411,189,0.604602510460251,data\processed\initial_graph_coloring_dataset\colpack_outputs_week13_expanded\west0479_smallest_last.txt
west0479,SMALLEST_LAST,6,199,190,0.602510460251046,data\processed\initial_graph_coloring_dataset\colpack_outputs_week13_expanded\west0479_smallest_last.txt
west0479,SMALLEST_LAST,6,227,191,0.600418410041841,data\processed\initial_graph_coloring_dataset\colpack_outputs_week13_expanded\west0479_smallest_last.txt
west0479,SMALLEST_LAST,6,267,192,0.5983263598326359,data\processed\initial_graph_coloring_dataset\colpack_outputs_week13_expanded\west0479_smallest_last.txt
west0479,SMALLEST_LAST,6,144,193,0.5962343096234309,data\processed\initial_graph_coloring_dataset\colpack_outputs_week13_expanded\west0479_smallest_last.txt
west0479,SMALLEST_LAST,6,269,194,0.5941422594142259,data\processed\initial_graph_coloring_dataset\colpack_outputs_week13_expanded\west0479_smallest_last.txt
west0479,SMALLEST_LAST,6,294,195,0.5920502092050209,data\processed\initial_graph_coloring_dataset\colpack_outputs_week13_expanded\west0479_smallest_last.txt
west0479,SMALLEST_LAST,6,270,196,0.5899581589958159,data\processed\initial_graph_coloring_dataset\colpack_outputs_week13_expanded\west0479_smallest_last.txt
west0479,SMALLEST_LAST,6,303,197,0.5878661087866108,data\processed\initial_graph_coloring_dataset\colpack_outputs_week13_expanded\west0479_smallest_last.txt
west0479,SMALLEST_LAST,6,355,198,0.5857740585774058,data\processed\initial_graph_coloring_dataset\colpack_outputs_week13_expanded\west0479_smallest_last.txt
west0479,SMALLEST_LAST,6,147,199,0.5836820083682008,data\processed\initial_graph_coloring_dataset\colpack_outputs_week13_expanded\west0479_smallest_last.txt
west0479,SMALLEST_LAST,6,333,200,0.5815899581589958,data\processed\initial_graph_coloring_dataset\colpack_outputs_week13_expanded\west0479_smallest_last.txt
west0479,SMALLEST_LAST,6,311,201,0.5794979079497908,data\processed\initial_graph_coloring_dataset\colpack_outputs_week13_expanded\west0479_smallest_last.txt
west0479,SMALLEST_LAST,6,366,202,0.5774058577405857,data\processed\initial_graph_coloring_dataset\colpack_outputs_week13_expanded\west0479_smallest_last.txt
west0479,SMALLEST_LAST,6,354,203,0.5753138075313807,data\processed\initial_graph_coloring_dataset\colpack_outputs_week13_expanded\west0479_smallest_last.txt
west0479,SMALLEST_LAST,6,369,204,0.5732217573221757,data\processed\initial_graph_coloring_dataset\colpack_outputs_week13_expanded\west0479_smallest_last.txt
west0479,SMALLEST_LAST,6,435,205,0.5711297071129707,data\processed\initial_graph_coloring_dataset\colpack_outputs_week13_expanded\west0479_smallest_last.txt
west0479,SMALLEST_LAST,6,399,206,0.5690376569037657,data\processed\initial_graph_coloring_dataset\colpack_outputs_week13_expanded\west0479_smallest_last.txt
west0479,SMALLEST_LAST,6,434,207,0.5669456066945606,data\processed\initial_graph_coloring_dataset\colpack_outputs_week13_expanded\west0479_smallest_last.txt
west0479,SMALLEST_LAST,6,377,208,0.5648535564853556,data\processed\initial_graph_coloring_dataset\colpack_outputs_week13_expanded\west0479_smallest_last.txt
west0479,SMALLEST_LAST,6,478,209,0.5627615062761506,data\processed\initial_graph_coloring_dataset\colpack_outputs_week13_expanded\west0479_smallest_last.txt
west0479,SMALLEST_LAST,6,246,210,0.5606694560669456,data\processed\initial_graph_coloring_dataset\colpack_outputs_week13_expanded\west0479_smallest_last.txt
west0479,SMALLEST_LAST,6,258,211,0.5585774058577406,data\processed\initial_graph_coloring_dataset\colpack_outputs_week13_expanded\west0479_smallest_last.txt
west0479,SMALLEST_LAST,6,236,212,0.5564853556485355,data\processed\initial_graph_coloring_dataset\colpack_outputs_week13_expanded\west0479_smallest_last.txt
west0479,SMALLEST_LAST,6,416,213,0.5543933054393305,data\processed\initial_graph_coloring_dataset\colpack_outputs_week13_expanded\west0479_smallest_last.txt
west0479,SMALLEST_LAST,6,206,214,0.5523012552301255,data\processed\initial_graph_coloring_dataset\colpack_outputs_week13_expanded\west0479_smallest_last.txt
west0479,SMALLEST_LAST,6,190,215,0.5502092050209205,data\processed\initial_graph_coloring_dataset\colpack_outputs_week13_expanded\west0479_smallest_last.txt
west0479,SMALLEST_LAST,6,221,216,0.5481171548117155,data\processed\initial_graph_coloring_dataset\colpack_outputs_week13_expanded\west0479_smallest_last.txt
west0479,SMALLEST_LAST,6,415,217,0.5460251046025104,data\processed\initial_graph_coloring_dataset\colpack_outputs_week13_expanded\west0479_smallest_last.txt
west0479,SMALLEST_LAST,6,249,218,0.5439330543933054,data\processed\initial_graph_coloring_dataset\colpack_outputs_week13_expanded\west0479_smallest_last.txt
west0479,SMALLEST_LAST,6,159,219,0.5418410041841004,data\processed\initial_graph_coloring_dataset\colpack_outputs_week13_expanded\west0479_smallest_last.txt
west0479,SMALLEST_LAST,6,405,220,0.5397489539748954,data\processed\initial_graph_coloring_dataset\colpack_outputs_week13_expanded\west0479_smallest_last.txt
west0479,SMALLEST_LAST,6,165,221,0.5376569037656904,data\processed\initial_graph_coloring_dataset\colpack_outputs_week13_expanded\west0479_smallest_last.txt
west0479,SMALLEST_LAST,6,180,222,0.5355648535564853,data\processed\initial_graph_coloring_dataset\colpack_outputs_week13_expanded\west0479_smallest_last.txt
west0479,SMALLEST_LAST,6,353,223,0.5334728033472803,data\processed\initial_graph_coloring_dataset\colpack_outputs_week13_expanded\west0479_smallest_last.txt
west0479,SMALLEST_LAST,6,338,224,0.5313807531380753,data\processed\initial_graph_coloring_dataset\colpack_outputs_week13_expanded\west0479_smallest_last.txt
west0479,SMALLEST_LAST,6,104,225,0.5292887029288703,data\processed\initial_graph_coloring_dataset\colpack_outputs_week13_expanded\west0479_smallest_last.txt
west0479,SMALLEST_LAST,6,148,226,0.5271966527196653,data\processed\initial_graph_coloring_dataset\colpack_outputs_week13_expanded\west0479_smallest_last.txt
west0479,SMALLEST_LAST,6,150,227,0.5251046025104602,data\processed\initial_graph_coloring_dataset\colpack_outputs_week13_expanded\west0479_smallest_last.txt
west0479,SMALLEST_LAST,6,149,228,0.5230125523012552,data\processed\initial_graph_coloring_dataset\colpack_outputs_week13_expanded\west0479_smallest_last.txt
west0479,SMALLEST_LAST,6,238,229,0.5209205020920502,data\processed\initial_graph_coloring_dataset\colpack_outputs_week13_expanded\west0479_smallest_last.txt
west0479,SMALLEST_LAST,6,386,230,0.5188284518828452,data\processed\initial_graph_coloring_dataset\colpack_outputs_week13_expanded\west0479_smallest_last.txt
west0479,SMALLEST_LAST,6,347,231,0.5167364016736402,data\processed\initial_graph_coloring_dataset\colpack_outputs_week13_expanded\west0479_smallest_last.txt
west0479,SMALLEST_LAST,6,332,232,0.5146443514644351,data\processed\initial_graph_coloring_dataset\colpack_outputs_week13_expanded\west0479_smallest_last.txt
west0479,SMALLEST_LAST,6,86,233,0.5125523012552301,data\processed\initial_graph_coloring_dataset\colpack_outputs_week13_expanded\west0479_smallest_last.txt
west0479,SMALLEST_LAST,6,387,234,0.5104602510460251,data\processed\initial_graph_coloring_dataset\colpack_outputs_week13_expanded\west0479_smallest_last.txt
west0479,SMALLEST_LAST,6,427,235,0.5083682008368201,data\processed\initial_graph_coloring_dataset\colpack_outputs_week13_expanded\west0479_smallest_last.txt
west0479,SMALLEST_LAST,6,113,236,0.5062761506276151,data\processed\initial_graph_coloring_dataset\colpack_outputs_week13_expanded\west0479_smallest_last.txt
west0479,SMALLEST_LAST,6,432,237,0.50418410041841,data\processed\initial_graph_coloring_dataset\colpack_outputs_week13_expanded\west0479_smallest_last.txt
west0479,SMALLEST_LAST,6,266,238,0.502092050209205,data\processed\initial_graph_coloring_dataset\colpack_outputs_week13_expanded\west0479_smallest_last.txt
west0479,SMALLEST_LAST,6,462,239,0.5,data\processed\initial_graph_coloring_dataset\colpack_outputs_week13_expanded\west0479_smallest_last.txt
west0479,SMALLEST_LAST,6,287,240,0.497907949790795,data\processed\initial_graph_coloring_dataset\colpack_outputs_week13_expanded\west0479_smallest_last.txt
west0479,SMALLEST_LAST,6,156,241,0.49581589958158995,data\processed\initial_graph_coloring_dataset\colpack_outputs_week13_expanded\west0479_smallest_last.txt
west0479,SMALLEST_LAST,6,396,242,0.49372384937238495,data\processed\initial_graph_coloring_dataset\colpack_outputs_week13_expanded\west0479_smallest_last.txt
west0479,SMALLEST_LAST,6,325,243,0.4916317991631799,data\processed\initial_graph_coloring_dataset\colpack_outputs_week13_expanded\west0479_smallest_last.txt
west0479,SMALLEST_LAST,6,383,244,0.4895397489539749,data\processed\initial_graph_coloring_dataset\colpack_outputs_week13_expanded\west0479_smallest_last.txt
west0479,SMALLEST_LAST,6,417,245,0.4874476987447699,data\processed\initial_graph_coloring_dataset\colpack_outputs_week13_expanded\west0479_smallest_last.txt
west0479,SMALLEST_LAST,6,426,246,0.48535564853556484,data\processed\initial_graph_coloring_dataset\colpack_outputs_week13_expanded\west0479_smallest_last.txt
west0479,SMALLEST_LAST,6,465,247,0.48326359832635984,data\processed\initial_graph_coloring_dataset\colpack_outputs_week13_expanded\west0479_smallest_last.txt
west0479,SMALLEST_LAST,6,453,248,0.4811715481171548,data\processed\initial_graph_coloring_dataset\colpack_outputs_week13_expanded\west0479_smallest_last.txt
west0479,SMALLEST_LAST,6,452,249,0.4790794979079498,data\processed\initial_graph_coloring_dataset\colpack_outputs_week13_expanded\west0479_smallest_last.txt
west0479,SMALLEST_LAST,6,437,250,0.4769874476987448,data\processed\initial_graph_coloring_dataset\colpack_outputs_week13_expanded\west0479_smallest_last.txt
west0479,SMALLEST_LAST,6,438,251,0.47489539748953974,data\processed\initial_graph_coloring_dataset\colpack_outputs_week13_expanded\west0479_smallest_last.txt
west0479,SMALLEST_LAST,6,439,252,0.47280334728033474,data\processed\initial_graph_coloring_dataset\colpack_outputs_week13_expanded\west0479_smallest_last.txt
west0479,SMALLEST_LAST,6,444,253,0.4707112970711297,data\processed\initial_graph_coloring_dataset\colpack_outputs_week13_expanded\west0479_smallest_last.txt
west0479,SMALLEST_LAST,6,442,254,0.4686192468619247,data\processed\initial_graph_coloring_dataset\colpack_outputs_week13_expanded\west0479_smallest_last.txt
west0479,SMALLEST_LAST,6,443,255,0.4665271966527197,data\processed\initial_graph_coloring_dataset\colpack_outputs_week13_expanded\west0479_smallest_last.txt
west0479,SMALLEST_LAST,6,441,256,0.46443514644351463,data\processed\initial_graph_coloring_dataset\colpack_outputs_week13_expanded\west0479_smallest_last.txt
west0479,SMALLEST_LAST,6,440,257,0.46234309623430964,data\processed\initial_graph_coloring_dataset\colpack_outputs_week13_expanded\west0479_smallest_last.txt
west0479,SMALLEST_LAST,6,445,258,0.4602510460251046,data\processed\initial_graph_coloring_dataset\colpack_outputs_week13_expanded\west0479_smallest_last.txt
west0479,SMALLEST_LAST,6,446,259,0.4581589958158996,data\processed\initial_graph_coloring_dataset\colpack_outputs_week13_expanded\west0479_smallest_last.txt
west0479,SMALLEST_LAST,6,447,260,0.4560669456066946,data\processed\initial_graph_coloring_dataset\colpack_outputs_week13_expanded\west0479_smallest_last.txt
west0479,SMALLEST_LAST,6,448,261,0.45397489539748953,data\processed\initial_graph_coloring_dataset\colpack_outputs_week13_expanded\west0479_smallest_last.txt
west0479,SMALLEST_LAST,6,408,262,0.45188284518828453,data\processed\initial_graph_coloring_dataset\colpack_outputs_week13_expanded\west0479_smallest_last.txt
west0479,SMALLEST_LAST,6,56,263,0.4497907949790795,data\processed\initial_graph_coloring_dataset\colpack_outputs_week13_expanded\west0479_smallest_last.txt
west0479,SMALLEST_LAST,6,85,264,0.4476987447698745,data\processed\initial_graph_coloring_dataset\colpack_outputs_week13_expanded\west0479_smallest_last.txt
west0479,SMALLEST_LAST,6,46,265,0.4456066945606695,data\processed\initial_graph_coloring_dataset\colpack_outputs_week13_expanded\west0479_smallest_last.txt
west0479,SMALLEST_LAST,6,348,266,0.4435146443514644,data\processed\initial_graph_coloring_dataset\colpack_outputs_week13_expanded\west0479_smallest_last.txt
west0479,SMALLEST_LAST,6,114,267,0.44142259414225943,data\processed\initial_graph_coloring_dataset\colpack_outputs_week13_expanded\west0479_smallest_last.txt
west0479,SMALLEST_LAST,6,200,268,0.4393305439330544,data\processed\initial_graph_coloring_dataset\colpack_outputs_week13_expanded\west0479_smallest_last.txt
west0479,SMALLEST_LAST,6,281,269,0.4372384937238494,data\processed\initial_graph_coloring_dataset\colpack_outputs_week13_expanded\west0479_smallest_last.txt
west0479,SMALLEST_LAST,6,313,270,0.4351464435146444,data\processed\initial_graph_coloring_dataset\colpack_outputs_week13_expanded\west0479_smallest_last.txt
west0479,SMALLEST_LAST,6,468,271,0.4330543933054393,data\processed\initial_graph_coloring_dataset\colpack_outputs_week13_expanded\west0479_smallest_last.txt
west0479,SMALLEST_LAST,6,428,272,0.4309623430962343,data\processed\initial_graph_coloring_dataset\colpack_outputs_week13_expanded\west0479_smallest_last.txt
west0479,SMALLEST_LAST,6,393,273,0.42887029288702927,data\processed\initial_graph_coloring_dataset\colpack_outputs_week13_expanded\west0479_smallest_last.txt
west0479,SMALLEST_LAST,6,429,274,0.42677824267782427,data\processed\initial_graph_coloring_dataset\colpack_outputs_week13_expanded\west0479_smallest_last.txt
west0479,SMALLEST_LAST,6,394,275,0.4246861924686193,data\processed\initial_graph_coloring_dataset\colpack_outputs_week13_expanded\west0479_smallest_last.txt
west0479,SMALLEST_LAST,6,389,276,0.4225941422594142,data\processed\initial_graph_coloring_dataset\colpack_outputs_week13_expanded\west0479_smallest_last.txt
west0479,SMALLEST_LAST,6,112,277,0.4205020920502092,data\processed\initial_graph_coloring_dataset\colpack_outputs_week13_expanded\west0479_smallest_last.txt
west0479,SMALLEST_LAST,6,367,278,0.41841004184100417,data\processed\initial_graph_coloring_dataset\colpack_outputs_week13_expanded\west0479_smallest_last.txt
west0479,SMALLEST_LAST,6,90,279,0.41631799163179917,data\processed\initial_graph_coloring_dataset\colpack_outputs_week13_expanded\west0479_smallest_last.txt
west0479,SMALLEST_LAST,6,301,280,0.41422594142259417,data\processed\initial_graph_coloring_dataset\colpack_outputs_week13_expanded\west0479_smallest_last.txt
west0479,SMALLEST_LAST,6,336,281,0.4121338912133891,data\processed\initial_graph_coloring_dataset\colpack_outputs_week13_expanded\west0479_smallest_last.txt
west0479,SMALLEST_LAST,6,472,282,0.4100418410041841,data\processed\initial_graph_coloring_dataset\colpack_outputs_week13_expanded\west0479_smallest_last.txt
west0479,SMALLEST_LAST,6,431,283,0.40794979079497906,data\processed\initial_graph_coloring_dataset\colpack_outputs_week13_expanded\west0479_smallest_last.txt
west0479,SMALLEST_LAST,6,474,284,0.40585774058577406,data\processed\initial_graph_coloring_dataset\colpack_outputs_week13_expanded\west0479_smallest_last.txt
west0479,SMALLEST_LAST,6,357,285,0.40376569037656906,data\processed\initial_graph_coloring_dataset\colpack_outputs_week13_expanded\west0479_smallest_last.txt
west0479,SMALLEST_LAST,6,166,286,0.401673640167364,data\processed\initial_graph_coloring_dataset\colpack_outputs_week13_expanded\west0479_smallest_last.txt
west0479,SMALLEST_LAST,6,181,287,0.399581589958159,data\processed\initial_graph_coloring_dataset\colpack_outputs_week13_expanded\west0479_smallest_last.txt
west0479,SMALLEST_LAST,6,419,288,0.39748953974895396,data\processed\initial_graph_coloring_dataset\colpack_outputs_week13_expanded\west0479_smallest_last.txt
west0479,SMALLEST_LAST,6,212,289,0.39539748953974896,data\processed\initial_graph_coloring_dataset\colpack_outputs_week13_expanded\west0479_smallest_last.txt
west0479,SMALLEST_LAST,6,106,290,0.39330543933054396,data\processed\initial_graph_coloring_dataset\colpack_outputs_week13_expanded\west0479_smallest_last.txt
west0479,SMALLEST_LAST,6,295,291,0.3912133891213389,data\processed\initial_graph_coloring_dataset\colpack_outputs_week13_expanded\west0479_smallest_last.txt
west0479,SMALLEST_LAST,6,282,292,0.3891213389121339,data\processed\initial_graph_coloring_dataset\colpack_outputs_week13_expanded\west0479_smallest_last.txt
west0479,SMALLEST_LAST,6,171,293,0.38702928870292885,data\processed\initial_graph_coloring_dataset\colpack_outputs_week13_expanded\west0479_smallest_last.txt
west0479,SMALLEST_LAST,6,397,294,0.38493723849372385,data\processed\initial_graph_coloring_dataset\colpack_outputs_week13_expanded\west0479_smallest_last.txt
west0479,SMALLEST_LAST,6,157,295,0.38284518828451886,data\processed\initial_graph_coloring_dataset\colpack_outputs_week13_expanded\west0479_smallest_last.txt
west0479,SMALLEST_LAST,6,256,296,0.3807531380753138,data\processed\initial_graph_coloring_dataset\colpack_outputs_week13_expanded\west0479_smallest_last.txt
west0479,SMALLEST_LAST,6,219,297,0.3786610878661088,data\processed\initial_graph_coloring_dataset\colpack_outputs_week13_expanded\west0479_smallest_last.txt
west0479,SMALLEST_LAST,6,404,298,0.37656903765690375,data\processed\initial_graph_coloring_dataset\colpack_outputs_week13_expanded\west0479_smallest_last.txt
west0479,SMALLEST_LAST,6,191,299,0.37447698744769875,data\processed\initial_graph_coloring_dataset\colpack_outputs_week13_expanded\west0479_smallest_last.txt
west0479,SMALLEST_LAST,6,403,300,0.3723849372384937,data\processed\initial_graph_coloring_dataset\colpack_outputs_week13_expanded\west0479_smallest_last.txt
west0479,SMALLEST_LAST,6,154,301,0.3702928870292887,data\processed\initial_graph_coloring_dataset\colpack_outputs_week13_expanded\west0479_smallest_last.txt
west0479,SMALLEST_LAST,6,400,302,0.3682008368200837,data\processed\initial_graph_coloring_dataset\colpack_outputs_week13_expanded\west0479_smallest_last.txt
west0479,SMALLEST_LAST,6,184,303,0.36610878661087864,data\processed\initial_graph_coloring_dataset\colpack_outputs_week13_expanded\west0479_smallest_last.txt
west0479,SMALLEST_LAST,6,382,304,0.36401673640167365,data\processed\initial_graph_coloring_dataset\colpack_outputs_week13_expanded\west0479_smallest_last.txt
west0479,SMALLEST_LAST,6,152,305,0.3619246861924686,data\processed\initial_graph_coloring_dataset\colpack_outputs_week13_expanded\west0479_smallest_last.txt
west0479,SMALLEST_LAST,6,167,306,0.3598326359832636,data\processed\initial_graph_coloring_dataset\colpack_outputs_week13_expanded\west0479_smallest_last.txt
west0479,SMALLEST_LAST,6,182,307,0.3577405857740586,data\processed\initial_graph_coloring_dataset\colpack_outputs_week13_expanded\west0479_smallest_last.txt
west0479,SMALLEST_LAST,6,153,308,0.35564853556485354,data\processed\initial_graph_coloring_dataset\colpack_outputs_week13_expanded\west0479_smallest_last.txt
west0479,SMALLEST_LAST,6,420,309,0.35355648535564854,data\processed\initial_graph_coloring_dataset\colpack_outputs_week13_expanded\west0479_smallest_last.txt
west0479,SMALLEST_LAST,6,213,310,0.3514644351464435,data\processed\initial_graph_coloring_dataset\colpack_outputs_week13_expanded\west0479_smallest_last.txt
west0479,SMALLEST_LAST,6,418,311,0.3493723849372385,data\processed\initial_graph_coloring_dataset\colpack_outputs_week13_expanded\west0479_smallest_last.txt
west0479,SMALLEST_LAST,6,211,312,0.3472803347280335,data\processed\initial_graph_coloring_dataset\colpack_outputs_week13_expanded\west0479_smallest_last.txt
west0479,SMALLEST_LAST,6,183,313,0.34518828451882844,data\processed\initial_graph_coloring_dataset\colpack_outputs_week13_expanded\west0479_smallest_last.txt
west0479,SMALLEST_LAST,6,214,314,0.34309623430962344,data\processed\initial_graph_coloring_dataset\colpack_outputs_week13_expanded\west0479_smallest_last.txt
west0479,SMALLEST_LAST,6,402,315,0.3410041841004184,data\processed\initial_graph_coloring_dataset\colpack_outputs_week13_expanded\west0479_smallest_last.txt
west0479,SMALLEST_LAST,6,186,316,0.3389121338912134,data\processed\initial_graph_coloring_dataset\colpack_outputs_week13_expanded\west0479_smallest_last.txt
west0479,SMALLEST_LAST,6,192,317,0.3368200836820084,data\processed\initial_graph_coloring_dataset\colpack_outputs_week13_expanded\west0479_smallest_last.txt
west0479,SMALLEST_LAST,6,220,318,0.33472803347280333,data\processed\initial_graph_coloring_dataset\colpack_outputs_week13_expanded\west0479_smallest_last.txt
west0479,SMALLEST_LAST,6,244,319,0.33263598326359833,data\processed\initial_graph_coloring_dataset\colpack_outputs_week13_expanded\west0479_smallest_last.txt
west0479,SMALLEST_LAST,6,292,320,0.3305439330543933,data\processed\initial_graph_coloring_dataset\colpack_outputs_week13_expanded\west0479_smallest_last.txt
west0479,SMALLEST_LAST,6,344,321,0.3284518828451883,data\processed\initial_graph_coloring_dataset\colpack_outputs_week13_expanded\west0479_smallest_last.txt
west0479,SMALLEST_LAST,6,433,322,0.3263598326359833,data\processed\initial_graph_coloring_dataset\colpack_outputs_week13_expanded\west0479_smallest_last.txt
west0479,SMALLEST_LAST,6,473,323,0.32426778242677823,data\processed\initial_graph_coloring_dataset\colpack_outputs_week13_expanded\west0479_smallest_last.txt
west0479,SMALLEST_LAST,6,356,324,0.32217573221757323,data\processed\initial_graph_coloring_dataset\colpack_outputs_week13_expanded\west0479_smallest_last.txt
west0479,SMALLEST_LAST,6,463,325,0.3200836820083682,data\processed\initial_graph_coloring_dataset\colpack_outputs_week13_expanded\west0479_smallest_last.txt
west0479,SMALLEST_LAST,6,424,326,0.3179916317991632,data\processed\initial_graph_coloring_dataset\colpack_outputs_week13_expanded\west0479_smallest_last.txt
west0479,SMALLEST_LAST,6,464,327,0.3158995815899582,data\processed\initial_graph_coloring_dataset\colpack_outputs_week13_expanded\west0479_smallest_last.txt
west0479,SMALLEST_LAST,6,425,328,0.3138075313807531,data\processed\initial_graph_coloring_dataset\colpack_outputs_week13_expanded\west0479_smallest_last.txt
west0479,SMALLEST_LAST,6,390,329,0.3117154811715481,data\processed\initial_graph_coloring_dataset\colpack_outputs_week13_expanded\west0479_smallest_last.txt
west0479,SMALLEST_LAST,6,88,330,0.30962343096234307,data\processed\initial_graph_coloring_dataset\colpack_outputs_week13_expanded\west0479_smallest_last.txt
west0479,SMALLEST_LAST,6,454,331,0.3075313807531381,data\processed\initial_graph_coloring_dataset\colpack_outputs_week13_expanded\west0479_smallest_last.txt
west0479,SMALLEST_LAST,6,331,332,0.3054393305439331,data\processed\initial_graph_coloring_dataset\colpack_outputs_week13_expanded\west0479_smallest_last.txt
west0479,SMALLEST_LAST,6,430,333,0.303347280334728,data\processed\initial_graph_coloring_dataset\colpack_outputs_week13_expanded\west0479_smallest_last.txt
west0479,SMALLEST_LAST,6,470,334,0.301255230125523,data\processed\initial_graph_coloring_dataset\colpack_outputs_week13_expanded\west0479_smallest_last.txt
west0479,SMALLEST_LAST,6,334,335,0.29916317991631797,data\processed\initial_graph_coloring_dataset\colpack_outputs_week13_expanded\west0479_smallest_last.txt
west0479,SMALLEST_LAST,6,324,336,0.29707112970711297,data\processed\initial_graph_coloring_dataset\colpack_outputs_week13_expanded\west0479_smallest_last.txt
west0479,SMALLEST_LAST,6,293,337,0.29497907949790797,data\processed\initial_graph_coloring_dataset\colpack_outputs_week13_expanded\west0479_smallest_last.txt
west0479,SMALLEST_LAST,6,280,338,0.2928870292887029,data\processed\initial_graph_coloring_dataset\colpack_outputs_week13_expanded\west0479_smallest_last.txt
west0479,SMALLEST_LAST,6,304,339,0.2907949790794979,data\processed\initial_graph_coloring_dataset\colpack_outputs_week13_expanded\west0479_smallest_last.txt
west0479,SMALLEST_LAST,6,346,340,0.28870292887029286,data\processed\initial_graph_coloring_dataset\colpack_outputs_week13_expanded\west0479_smallest_last.txt
west0479,SMALLEST_LAST,6,467,341,0.28661087866108786,data\processed\initial_graph_coloring_dataset\colpack_outputs_week13_expanded\west0479_smallest_last.txt
west0479,SMALLEST_LAST,6,312,342,0.28451882845188287,data\processed\initial_graph_coloring_dataset\colpack_outputs_week13_expanded\west0479_smallest_last.txt
west0479,SMALLEST_LAST,6,345,343,0.2824267782426778,data\processed\initial_graph_coloring_dataset\colpack_outputs_week13_expanded\west0479_smallest_last.txt
west0479,SMALLEST_LAST,6,300,344,0.2803347280334728,data\processed\initial_graph_coloring_dataset\colpack_outputs_week13_expanded\west0479_smallest_last.txt
west0479,SMALLEST_LAST,6,471,345,0.27824267782426776,data\processed\initial_graph_coloring_dataset\colpack_outputs_week13_expanded\west0479_smallest_last.txt
west0479,SMALLEST_LAST,6,335,346,0.27615062761506276,data\processed\initial_graph_coloring_dataset\colpack_outputs_week13_expanded\west0479_smallest_last.txt
west0479,SMALLEST_LAST,6,89,347,0.27405857740585776,data\processed\initial_graph_coloring_dataset\colpack_outputs_week13_expanded\west0479_smallest_last.txt
west0479,SMALLEST_LAST,6,421,348,0.2719665271966527,data\processed\initial_graph_coloring_dataset\colpack_outputs_week13_expanded\west0479_smallest_last.txt
west0479,SMALLEST_LAST,6,477,349,0.2698744769874477,data\processed\initial_graph_coloring_dataset\colpack_outputs_week13_expanded\west0479_smallest_last.txt
west0479,SMALLEST_LAST,6,460,350,0.26778242677824265,data\processed\initial_graph_coloring_dataset\colpack_outputs_week13_expanded\west0479_smallest_last.txt
west0479,SMALLEST_LAST,6,459,351,0.26569037656903766,data\processed\initial_graph_coloring_dataset\colpack_outputs_week13_expanded\west0479_smallest_last.txt
west0479,SMALLEST_LAST,6,457,352,0.26359832635983266,data\processed\initial_graph_coloring_dataset\colpack_outputs_week13_expanded\west0479_smallest_last.txt
west0479,SMALLEST_LAST,6,458,353,0.2615062761506276,data\processed\initial_graph_coloring_dataset\colpack_outputs_week13_expanded\west0479_smallest_last.txt
west0479,SMALLEST_LAST,6,475,354,0.2594142259414226,data\processed\initial_graph_coloring_dataset\colpack_outputs_week13_expanded\west0479_smallest_last.txt
west0479,SMALLEST_LAST,6,358,355,0.25732217573221755,data\processed\initial_graph_coloring_dataset\colpack_outputs_week13_expanded\west0479_smallest_last.txt
west0479,SMALLEST_LAST,6,436,356,0.25523012552301255,data\processed\initial_graph_coloring_dataset\colpack_outputs_week13_expanded\west0479_smallest_last.txt
west0479,SMALLEST_LAST,6,476,357,0.25313807531380755,data\processed\initial_graph_coloring_dataset\colpack_outputs_week13_expanded\west0479_smallest_last.txt
west0479,SMALLEST_LAST,6,172,358,0.2510460251046025,data\processed\initial_graph_coloring_dataset\colpack_outputs_week13_expanded\west0479_smallest_last.txt
west0479,SMALLEST_LAST,6,378,359,0.2489539748953975,data\processed\initial_graph_coloring_dataset\colpack_outputs_week13_expanded\west0479_smallest_last.txt
west0479,SMALLEST_LAST,6,379,360,0.24686192468619247,data\processed\initial_graph_coloring_dataset\colpack_outputs_week13_expanded\west0479_smallest_last.txt
west0479,SMALLEST_LAST,6,151,361,0.24476987447698745,data\processed\initial_graph_coloring_dataset\colpack_outputs_week13_expanded\west0479_smallest_last.txt
west0479,SMALLEST_LAST,6,381,362,0.24267782426778242,data\processed\initial_graph_coloring_dataset\colpack_outputs_week13_expanded\west0479_smallest_last.txt
west0479,SMALLEST_LAST,6,395,363,0.2405857740585774,data\processed\initial_graph_coloring_dataset\colpack_outputs_week13_expanded\west0479_smallest_last.txt
west0479,SMALLEST_LAST,6,155,364,0.2384937238493724,data\processed\initial_graph_coloring_dataset\colpack_outputs_week13_expanded\west0479_smallest_last.txt
west0479,SMALLEST_LAST,6,185,365,0.23640167364016737,data\processed\initial_graph_coloring_dataset\colpack_outputs_week13_expanded\west0479_smallest_last.txt
west0479,SMALLEST_LAST,6,401,366,0.23430962343096234,data\processed\initial_graph_coloring_dataset\colpack_outputs_week13_expanded\west0479_smallest_last.txt
west0479,SMALLEST_LAST,6,158,367,0.23221757322175732,data\processed\initial_graph_coloring_dataset\colpack_outputs_week13_expanded\west0479_smallest_last.txt
west0479,SMALLEST_LAST,6,398,368,0.2301255230125523,data\processed\initial_graph_coloring_dataset\colpack_outputs_week13_expanded\west0479_smallest_last.txt
west0479,SMALLEST_LAST,6,406,369,0.2280334728033473,data\processed\initial_graph_coloring_dataset\colpack_outputs_week13_expanded\west0479_smallest_last.txt
west0479,SMALLEST_LAST,6,407,370,0.22594142259414227,data\processed\initial_graph_coloring_dataset\colpack_outputs_week13_expanded\west0479_smallest_last.txt
west0479,SMALLEST_LAST,6,6,371,0.22384937238493724,data\processed\initial_graph_coloring_dataset\colpack_outputs_week13_expanded\west0479_smallest_last.txt
west0479,SMALLEST_LAST,6,16,372,0.2217573221757322,data\processed\initial_graph_coloring_dataset\colpack_outputs_week13_expanded\west0479_smallest_last.txt
west0479,SMALLEST_LAST,6,42,373,0.2196652719665272,data\processed\initial_graph_coloring_dataset\colpack_outputs_week13_expanded\west0479_smallest_last.txt
west0479,SMALLEST_LAST,6,52,374,0.2175732217573222,data\processed\initial_graph_coloring_dataset\colpack_outputs_week13_expanded\west0479_smallest_last.txt
west0479,SMALLEST_LAST,6,59,375,0.21548117154811716,data\processed\initial_graph_coloring_dataset\colpack_outputs_week13_expanded\west0479_smallest_last.txt
west0479,SMALLEST_LAST,6,65,376,0.21338912133891214,data\processed\initial_graph_coloring_dataset\colpack_outputs_week13_expanded\west0479_smallest_last.txt
west0479,SMALLEST_LAST,6,73,377,0.2112970711297071,data\processed\initial_graph_coloring_dataset\colpack_outputs_week13_expanded\west0479_smallest_last.txt
west0479,SMALLEST_LAST,6,53,378,0.20920502092050208,data\processed\initial_graph_coloring_dataset\colpack_outputs_week13_expanded\west0479_smallest_last.txt
west0479,SMALLEST_LAST,6,60,379,0.20711297071129708,data\processed\initial_graph_coloring_dataset\colpack_outputs_week13_expanded\west0479_smallest_last.txt
west0479,SMALLEST_LAST,6,66,380,0.20502092050209206,data\processed\initial_graph_coloring_dataset\colpack_outputs_week13_expanded\west0479_smallest_last.txt
west0479,SMALLEST_LAST,6,82,381,0.20292887029288703,data\processed\initial_graph_coloring_dataset\colpack_outputs_week13_expanded\west0479_smallest_last.txt
west0479,SMALLEST_LAST,6,77,382,0.200836820083682,data\processed\initial_graph_coloring_dataset\colpack_outputs_week13_expanded\west0479_smallest_last.txt
west0479,SMALLEST_LAST,6,49,383,0.19874476987447698,data\processed\initial_graph_coloring_dataset\colpack_outputs_week13_expanded\west0479_smallest_last.txt
west0479,SMALLEST_LAST,6,62,384,0.19665271966527198,data\processed\initial_graph_coloring_dataset\colpack_outputs_week13_expanded\west0479_smallest_last.txt
west0479,SMALLEST_LAST,6,83,385,0.19456066945606695,data\processed\initial_graph_coloring_dataset\colpack_outputs_week13_expanded\west0479_smallest_last.txt
west0479,SMALLEST_LAST,6,55,386,0.19246861924686193,data\processed\initial_graph_coloring_dataset\colpack_outputs_week13_expanded\west0479_smallest_last.txt
west0479,SMALLEST_LAST,6,84,387,0.1903765690376569,data\processed\initial_graph_coloring_dataset\colpack_outputs_week13_expanded\west0479_smallest_last.txt
west0479,SMALLEST_LAST,6,72,388,0.18828451882845187,data\processed\initial_graph_coloring_dataset\colpack_outputs_week13_expanded\west0479_smallest_last.txt
west0479,SMALLEST_LAST,6,78,389,0.18619246861924685,data\processed\initial_graph_coloring_dataset\colpack_outputs_week13_expanded\west0479_smallest_last.txt
west0479,SMALLEST_LAST,6,79,390,0.18410041841004185,data\processed\initial_graph_coloring_dataset\colpack_outputs_week13_expanded\west0479_smallest_last.txt
west0479,SMALLEST_LAST,6,50,391,0.18200836820083682,data\processed\initial_graph_coloring_dataset\colpack_outputs_week13_expanded\west0479_smallest_last.txt
west0479,SMALLEST_LAST,6,80,392,0.1799163179916318,data\processed\initial_graph_coloring_dataset\colpack_outputs_week13_expanded\west0479_smallest_last.txt
west0479,SMALLEST_LAST,6,30,393,0.17782426778242677,data\processed\initial_graph_coloring_dataset\colpack_outputs_week13_expanded\west0479_smallest_last.txt
west0479,SMALLEST_LAST,6,5,394,0.17573221757322174,data\processed\initial_graph_coloring_dataset\colpack_outputs_week13_expanded\west0479_smallest_last.txt
west0479,SMALLEST_LAST,6,13,395,0.17364016736401675,data\processed\initial_graph_coloring_dataset\colpack_outputs_week13_expanded\west0479_smallest_last.txt
west0479,SMALLEST_LAST,6,29,396,0.17154811715481172,data\processed\initial_graph_coloring_dataset\colpack_outputs_week13_expanded\west0479_smallest_last.txt
west0479,SMALLEST_LAST,6,41,397,0.1694560669456067,data\processed\initial_graph_coloring_dataset\colpack_outputs_week13_expanded\west0479_smallest_last.txt
west0479,SMALLEST_LAST,6,38,398,0.16736401673640167,data\processed\initial_graph_coloring_dataset\colpack_outputs_week13_expanded\west0479_smallest_last.txt
west0479,SMALLEST_LAST,6,32,399,0.16527196652719664,data\processed\initial_graph_coloring_dataset\colpack_outputs_week13_expanded\west0479_smallest_last.txt
west0479,SMALLEST_LAST,6,7,400,0.16317991631799164,data\processed\initial_graph_coloring_dataset\colpack_outputs_week13_expanded\west0479_smallest_last.txt
west0479,SMALLEST_LAST,6,2,401,0.16108786610878661,data\processed\initial_graph_coloring_dataset\colpack_outputs_week13_expanded\west0479_smallest_last.txt
west0479,SMALLEST_LAST,6,17,402,0.1589958158995816,data\processed\initial_graph_coloring_dataset\colpack_outputs_week13_expanded\west0479_smallest_last.txt
west0479,SMALLEST_LAST,6,10,403,0.15690376569037656,data\processed\initial_graph_coloring_dataset\colpack_outputs_week13_expanded\west0479_smallest_last.txt
west0479,SMALLEST_LAST,6,26,404,0.15481171548117154,data\processed\initial_graph_coloring_dataset\colpack_outputs_week13_expanded\west0479_smallest_last.txt
west0479,SMALLEST_LAST,6,23,405,0.15271966527196654,data\processed\initial_graph_coloring_dataset\colpack_outputs_week13_expanded\west0479_smallest_last.txt
west0479,SMALLEST_LAST,6,33,406,0.1506276150627615,data\processed\initial_graph_coloring_dataset\colpack_outputs_week13_expanded\west0479_smallest_last.txt
west0479,SMALLEST_LAST,6,8,407,0.14853556485355648,data\processed\initial_graph_coloring_dataset\colpack_outputs_week13_expanded\west0479_smallest_last.txt
west0479,SMALLEST_LAST,6,18,408,0.14644351464435146,data\processed\initial_graph_coloring_dataset\colpack_outputs_week13_expanded\west0479_smallest_last.txt
west0479,SMALLEST_LAST,6,11,409,0.14435146443514643,data\processed\initial_graph_coloring_dataset\colpack_outputs_week13_expanded\west0479_smallest_last.txt
west0479,SMALLEST_LAST,6,21,410,0.14225941422594143,data\processed\initial_graph_coloring_dataset\colpack_outputs_week13_expanded\west0479_smallest_last.txt
west0479,SMALLEST_LAST,6,36,411,0.1401673640167364,data\processed\initial_graph_coloring_dataset\colpack_outputs_week13_expanded\west0479_smallest_last.txt
west0479,SMALLEST_LAST,6,20,412,0.13807531380753138,data\processed\initial_graph_coloring_dataset\colpack_outputs_week13_expanded\west0479_smallest_last.txt
west0479,SMALLEST_LAST,6,34,413,0.13598326359832635,data\processed\initial_graph_coloring_dataset\colpack_outputs_week13_expanded\west0479_smallest_last.txt
west0479,SMALLEST_LAST,6,9,414,0.13389121338912133,data\processed\initial_graph_coloring_dataset\colpack_outputs_week13_expanded\west0479_smallest_last.txt
west0479,SMALLEST_LAST,6,22,415,0.13179916317991633,data\processed\initial_graph_coloring_dataset\colpack_outputs_week13_expanded\west0479_smallest_last.txt
west0479,SMALLEST_LAST,6,45,416,0.1297071129707113,data\processed\initial_graph_coloring_dataset\colpack_outputs_week13_expanded\west0479_smallest_last.txt
west0479,SMALLEST_LAST,6,98,417,0.12761506276150628,data\processed\initial_graph_coloring_dataset\colpack_outputs_week13_expanded\west0479_smallest_last.txt
west0479,SMALLEST_LAST,6,40,418,0.12552301255230125,data\processed\initial_graph_coloring_dataset\colpack_outputs_week13_expanded\west0479_smallest_last.txt
west0479,SMALLEST_LAST,6,37,419,0.12343096234309624,data\processed\initial_graph_coloring_dataset\colpack_outputs_week13_expanded\west0479_smallest_last.txt
west0479,SMALLEST_LAST,6,12,420,0.12133891213389121,data\processed\initial_graph_coloring_dataset\colpack_outputs_week13_expanded\west0479_smallest_last.txt
west0479,SMALLEST_LAST,6,39,421,0.1192468619246862,data\processed\initial_graph_coloring_dataset\colpack_outputs_week13_expanded\west0479_smallest_last.txt
west0479,SMALLEST_LAST,6,14,422,0.11715481171548117,data\processed\initial_graph_coloring_dataset\colpack_outputs_week13_expanded\west0479_smallest_last.txt
west0479,SMALLEST_LAST,6,19,423,0.11506276150627615,data\processed\initial_graph_coloring_dataset\colpack_outputs_week13_expanded\west0479_smallest_last.txt
west0479,SMALLEST_LAST,6,4,424,0.11297071129707113,data\processed\initial_graph_coloring_dataset\colpack_outputs_week13_expanded\west0479_smallest_last.txt
west0479,SMALLEST_LAST,6,28,425,0.1108786610878661,data\processed\initial_graph_coloring_dataset\colpack_outputs_week13_expanded\west0479_smallest_last.txt
west0479,SMALLEST_LAST,6,3,426,0.1087866108786611,data\processed\initial_graph_coloring_dataset\colpack_outputs_week13_expanded\west0479_smallest_last.txt
west0479,SMALLEST_LAST,6,27,427,0.10669456066945607,data\processed\initial_graph_coloring_dataset\colpack_outputs_week13_expanded\west0479_smallest_last.txt
west0479,SMALLEST_LAST,6,0,428,0.10460251046025104,data\processed\initial_graph_coloring_dataset\colpack_outputs_week13_expanded\west0479_smallest_last.txt
west0479,SMALLEST_LAST,6,24,429,0.10251046025104603,data\processed\initial_graph_coloring_dataset\colpack_outputs_week13_expanded\west0479_smallest_last.txt
west0479,SMALLEST_LAST,6,1,430,0.100418410041841,data\processed\initial_graph_coloring_dataset\colpack_outputs_week13_expanded\west0479_smallest_last.txt
west0479,SMALLEST_LAST,6,25,431,0.09832635983263599,data\processed\initial_graph_coloring_dataset\colpack_outputs_week13_expanded\west0479_smallest_last.txt
west0479,SMALLEST_LAST,6,15,432,0.09623430962343096,data\processed\initial_graph_coloring_dataset\colpack_outputs_week13_expanded\west0479_smallest_last.txt
west0479,SMALLEST_LAST,6,31,433,0.09414225941422594,data\processed\initial_graph_coloring_dataset\colpack_outputs_week13_expanded\west0479_smallest_last.txt
west0479,SMALLEST_LAST,6,35,434,0.09205020920502092,data\processed\initial_graph_coloring_dataset\colpack_outputs_week13_expanded\west0479_smallest_last.txt
west0479,SMALLEST_LAST,6,69,435,0.0899581589958159,data\processed\initial_graph_coloring_dataset\colpack_outputs_week13_expanded\west0479_smallest_last.txt
west0479,SMALLEST_LAST,6,51,436,0.08786610878661087,data\processed\initial_graph_coloring_dataset\colpack_outputs_week13_expanded\west0479_smallest_last.txt
west0479,SMALLEST_LAST,6,58,437,0.08577405857740586,data\processed\initial_graph_coloring_dataset\colpack_outputs_week13_expanded\west0479_smallest_last.txt
west0479,SMALLEST_LAST,6,54,438,0.08368200836820083,data\processed\initial_graph_coloring_dataset\colpack_outputs_week13_expanded\west0479_smallest_last.txt
west0479,SMALLEST_LAST,6,67,439,0.08158995815899582,data\processed\initial_graph_coloring_dataset\colpack_outputs_week13_expanded\west0479_smallest_last.txt
west0479,SMALLEST_LAST,6,68,440,0.0794979079497908,data\processed\initial_graph_coloring_dataset\colpack_outputs_week13_expanded\west0479_smallest_last.txt
west0479,SMALLEST_LAST,6,57,441,0.07740585774058577,data\processed\initial_graph_coloring_dataset\colpack_outputs_week13_expanded\west0479_smallest_last.txt
west0479,SMALLEST_LAST,6,44,442,0.07531380753138076,data\processed\initial_graph_coloring_dataset\colpack_outputs_week13_expanded\west0479_smallest_last.txt
west0479,SMALLEST_LAST,6,71,443,0.07322175732217573,data\processed\initial_graph_coloring_dataset\colpack_outputs_week13_expanded\west0479_smallest_last.txt
west0479,SMALLEST_LAST,6,43,444,0.07112970711297072,data\processed\initial_graph_coloring_dataset\colpack_outputs_week13_expanded\west0479_smallest_last.txt
west0479,SMALLEST_LAST,6,70,445,0.06903765690376569,data\processed\initial_graph_coloring_dataset\colpack_outputs_week13_expanded\west0479_smallest_last.txt
west0479,SMALLEST_LAST,6,61,446,0.06694560669456066,data\processed\initial_graph_coloring_dataset\colpack_outputs_week13_expanded\west0479_smallest_last.txt
west0479,SMALLEST_LAST,6,48,447,0.06485355648535565,data\processed\initial_graph_coloring_dataset\colpack_outputs_week13_expanded\west0479_smallest_last.txt
west0479,SMALLEST_LAST,6,64,448,0.06276150627615062,data\processed\initial_graph_coloring_dataset\colpack_outputs_week13_expanded\west0479_smallest_last.txt
west0479,SMALLEST_LAST,6,76,449,0.060669456066945605,data\processed\initial_graph_coloring_dataset\colpack_outputs_week13_expanded\west0479_smallest_last.txt
west0479,SMALLEST_LAST,6,63,450,0.058577405857740586,data\processed\initial_graph_coloring_dataset\colpack_outputs_week13_expanded\west0479_smallest_last.txt
west0479,SMALLEST_LAST,6,74,451,0.056485355648535567,data\processed\initial_graph_coloring_dataset\colpack_outputs_week13_expanded\west0479_smallest_last.txt
west0479,SMALLEST_LAST,6,47,452,0.05439330543933055,data\processed\initial_graph_coloring_dataset\colpack_outputs_week13_expanded\west0479_smallest_last.txt
west0479,SMALLEST_LAST,6,75,453,0.05230125523012552,data\processed\initial_graph_coloring_dataset\colpack_outputs_week13_expanded\west0479_smallest_last.txt
west0479,SMALLEST_LAST,6,81,454,0.0502092050209205,data\processed\initial_graph_coloring_dataset\colpack_outputs_week13_expanded\west0479_smallest_last.txt
west0479,SMALLEST_LAST,6,187,455,0.04811715481171548,data\processed\initial_graph_coloring_dataset\colpack_outputs_week13_expanded\west0479_smallest_last.txt
west0479,SMALLEST_LAST,6,215,456,0.04602510460251046,data\processed\initial_graph_coloring_dataset\colpack_outputs_week13_expanded\west0479_smallest_last.txt
west0479,SMALLEST_LAST,6,222,457,0.043933054393305436,data\processed\initial_graph_coloring_dataset\colpack_outputs_week13_expanded\west0479_smallest_last.txt
west0479,SMALLEST_LAST,6,188,458,0.04184100418410042,data\processed\initial_graph_coloring_dataset\colpack_outputs_week13_expanded\west0479_smallest_last.txt
west0479,SMALLEST_LAST,6,216,459,0.0397489539748954,data\processed\initial_graph_coloring_dataset\colpack_outputs_week13_expanded\west0479_smallest_last.txt
west0479,SMALLEST_LAST,6,189,460,0.03765690376569038,data\processed\initial_graph_coloring_dataset\colpack_outputs_week13_expanded\west0479_smallest_last.txt
west0479,SMALLEST_LAST,6,217,461,0.03556485355648536,data\processed\initial_graph_coloring_dataset\colpack_outputs_week13_expanded\west0479_smallest_last.txt
west0479,SMALLEST_LAST,6,228,462,0.03347280334728033,data\processed\initial_graph_coloring_dataset\colpack_outputs_week13_expanded\west0479_smallest_last.txt
west0479,SMALLEST_LAST,6,257,463,0.03138075313807531,data\processed\initial_graph_coloring_dataset\colpack_outputs_week13_expanded\west0479_smallest_last.txt
west0479,SMALLEST_LAST,6,461,464,0.029288702928870293,data\processed\initial_graph_coloring_dataset\colpack_outputs_week13_expanded\west0479_smallest_last.txt
west0479,SMALLEST_LAST,6,268,465,0.027196652719665274,data\processed\initial_graph_coloring_dataset\colpack_outputs_week13_expanded\west0479_smallest_last.txt
west0479,SMALLEST_LAST,6,469,466,0.02510460251046025,data\processed\initial_graph_coloring_dataset\colpack_outputs_week13_expanded\west0479_smallest_last.txt
west0479,SMALLEST_LAST,6,314,467,0.02301255230125523,data\processed\initial_graph_coloring_dataset\colpack_outputs_week13_expanded\west0479_smallest_last.txt
west0479,SMALLEST_LAST,6,368,468,0.02092050209205021,data\processed\initial_graph_coloring_dataset\colpack_outputs_week13_expanded\west0479_smallest_last.txt
west0479,SMALLEST_LAST,6,323,469,0.01882845188284519,data\processed\initial_graph_coloring_dataset\colpack_outputs_week13_expanded\west0479_smallest_last.txt
west0479,SMALLEST_LAST,6,449,470,0.016736401673640166,data\processed\initial_graph_coloring_dataset\colpack_outputs_week13_expanded\west0479_smallest_last.txt
west0479,SMALLEST_LAST,6,450,471,0.014644351464435146,data\processed\initial_graph_coloring_dataset\colpack_outputs_week13_expanded\west0479_smallest_last.txt
west0479,SMALLEST_LAST,6,451,472,0.012552301255230125,data\processed\initial_graph_coloring_dataset\colpack_outputs_week13_expanded\west0479_smallest_last.txt
west0479,SMALLEST_LAST,6,455,473,0.010460251046025104,data\processed\initial_graph_coloring_dataset\colpack_outputs_week13_expanded\west0479_smallest_last.txt
west0479,SMALLEST_LAST,6,380,474,0.008368200836820083,data\processed\initial_graph_coloring_dataset\colpack_outputs_week13_expanded\west0479_smallest_last.txt
west0479,SMALLEST_LAST,6,177,475,0.006276150627615063,data\processed\initial_graph_coloring_dataset\colpack_outputs_week13_expanded\west0479_smallest_last.txt
west0479,SMALLEST_LAST,6,178,476,0.0041841004184100415,data\processed\initial_graph_coloring_dataset\colpack_outputs_week13_expanded\west0479_smallest_last.txt
west0479,SMALLEST_LAST,6,179,477,0.0020920502092050207,data\processed\initial_graph_coloring_dataset\colpack_outputs_week13_expanded\west0479_smallest_last.txt
west0479,SMALLEST_LAST,6,456,478,0.0,data\processed\initial_graph_coloring_dataset\colpack_outputs_week13_expanded\west0479_smallest_last.txt
