graph_id,node_id,order_position,target_score,ordering_name,output_file
ash85,13,0,1.0,SMALLEST_LAST,data\processed\initial_graph_coloring_dataset\colpack_outputs_week13_expanded\ash85_smallest_last.txt
ash85,14,1,0.9880952380952381,SMALLEST_LAST,data\processed\initial_graph_coloring_dataset\colpack_outputs_week13_expanded\ash85_smallest_last.txt
ash85,46,2,0.9761904761904762,SMALLEST_LAST,data\processed\initial_graph_coloring_dataset\colpack_outputs_week13_expanded\ash85_smallest_last.txt
ash85,45,3,0.9642857142857143,SMALLEST_LAST,data\processed\initial_graph_coloring_dataset\colpack_outputs_week13_expanded\ash85_smallest_last.txt
ash85,57,4,0.9523809523809523,SMALLEST_LAST,data\processed\initial_graph_coloring_dataset\colpack_outputs_week13_expanded\ash85_smallest_last.txt
ash85,47,5,0.9404761904761905,SMALLEST_LAST,data\processed\initial_graph_coloring_dataset\colpack_outputs_week13_expanded\ash85_smallest_last.txt
ash85,30,6,0.9285714285714286,SMALLEST_LAST,data\processed\initial_graph_coloring_dataset\colpack_outputs_week13_expanded\ash85_smallest_last.txt
ash85,48,7,0.9166666666666666,SMALLEST_LAST,data\processed\initial_graph_coloring_dataset\colpack_outputs_week13_expanded\ash85_smallest_last.txt
ash85,58,8,0.9047619047619048,SMALLEST_LAST,data\processed\initial_graph_coloring_dataset\colpack_outputs_week13_expanded\ash85_smallest_last.txt
ash85,59,9,0.8928571428571429,SMALLEST_LAST,data\processed\initial_graph_coloring_dataset\colpack_outputs_week13_expanded\ash85_smallest_last.txt
ash85,50,10,0.8809523809523809,SMALLEST_LAST,data\processed\initial_graph_coloring_dataset\colpack_outputs_week13_expanded\ash85_smallest_last.txt
ash85,60,11,0.8690476190476191,SMALLEST_LAST,data\processed\initial_graph_coloring_dataset\colpack_outputs_week13_expanded\ash85_smallest_last.txt
ash85,72,12,0.8571428571428571,SMALLEST_LAST,data\processed\initial_graph_coloring_dataset\colpack_outputs_week13_expanded\ash85_smallest_last.txt
ash85,61,13,0.8452380952380952,SMALLEST_LAST,data\processed\initial_graph_coloring_dataset\colpack_outputs_week13_expanded\ash85_smallest_last.txt
ash85,73,14,0.8333333333333334,SMALLEST_LAST,data\processed\initial_graph_coloring_dataset\colpack_outputs_week13_expanded\ash85_smallest_last.txt
ash85,75,15,0.8214285714285714,SMALLEST_LAST,data\processed\initial_graph_coloring_dataset\colpack_outputs_week13_expanded\ash85_smallest_last.txt
ash85,77,16,0.8095238095238095,SMALLEST_LAST,data\processed\initial_graph_coloring_dataset\colpack_outputs_week13_expanded\ash85_smallest_last.txt
ash85,78,17,0.7976190476190477,SMALLEST_LAST,data\processed\initial_graph_coloring_dataset\colpack_outputs_week13_expanded\ash85_smallest_last.txt
ash85,79,18,0.7857142857142857,SMALLEST_LAST,data\processed\initial_graph_coloring_dataset\colpack_outputs_week13_expanded\ash85_smallest_last.txt
ash85,56,19,0.7738095238095238,SMALLEST_LAST,data\processed\initial_graph_coloring_dataset\colpack_outputs_week13_expanded\ash85_smallest_last.txt
ash85,44,20,0.7619047619047619,SMALLEST_LAST,data\processed\initial_graph_coloring_dataset\colpack_outputs_week13_expanded\ash85_smallest_last.txt
ash85,80,21,0.75,SMALLEST_LAST,data\processed\initial_graph_coloring_dataset\colpack_outputs_week13_expanded\ash85_smallest_last.txt
ash85,51,22,0.7380952380952381,SMALLEST_LAST,data\processed\initial_graph_coloring_dataset\colpack_outputs_week13_expanded\ash85_smallest_last.txt
ash85,43,23,0.7261904761904762,SMALLEST_LAST,data\processed\initial_graph_coloring_dataset\colpack_outputs_week13_expanded\ash85_smallest_last.txt
ash85,53,24,0.7142857142857143,SMALLEST_LAST,data\processed\initial_graph_coloring_dataset\colpack_outputs_week13_expanded\ash85_smallest_last.txt
ash85,55,25,0.7023809523809523,SMALLEST_LAST,data\processed\initial_graph_coloring_dataset\colpack_outputs_week13_expanded\ash85_smallest_last.txt
ash85,81,26,0.6904761904761905,SMALLEST_LAST,data\processed\initial_graph_coloring_dataset\colpack_outputs_week13_expanded\ash85_smallest_last.txt
ash85,82,27,0.6785714285714286,SMALLEST_LAST,data\processed\initial_graph_coloring_dataset\colpack_outputs_week13_expanded\ash85_smallest_last.txt
ash85,54,28,0.6666666666666666,SMALLEST_LAST,data\processed\initial_graph_coloring_dataset\colpack_outputs_week13_expanded\ash85_smallest_last.txt
ash85,52,29,0.6547619047619048,SMALLEST_LAST,data\processed\initial_graph_coloring_dataset\colpack_outputs_week13_expanded\ash85_smallest_last.txt
ash85,84,30,0.6428571428571429,SMALLEST_LAST,data\processed\initial_graph_coloring_dataset\colpack_outputs_week13_expanded\ash85_smallest_last.txt
ash85,83,31,0.6309523809523809,SMALLEST_LAST,data\processed\initial_graph_coloring_dataset\colpack_outputs_week13_expanded\ash85_smallest_last.txt
ash85,12,32,0.6190476190476191,SMALLEST_LAST,data\processed\initial_graph_coloring_dataset\colpack_outputs_week13_expanded\ash85_smallest_last.txt
ash85,5,33,0.6071428571428571,SMALLEST_LAST,data\processed\initial_graph_coloring_dataset\colpack_outputs_week13_expanded\ash85_smallest_last.txt
ash85,6,34,0.5952380952380952,SMALLEST_LAST,data\processed\initial_graph_coloring_dataset\colpack_outputs_week13_expanded\ash85_smallest_last.txt
ash85,15,35,0.5833333333333334,SMALLEST_LAST,data\processed\initial_graph_coloring_dataset\colpack_outputs_week13_expanded\ash85_smallest_last.txt
ash85,16,36,0.5714285714285714,SMALLEST_LAST,data\processed\initial_graph_coloring_dataset\colpack_outputs_week13_expanded\ash85_smallest_last.txt
ash85,42,37,0.5595238095238095,SMALLEST_LAST,data\processed\initial_graph_coloring_dataset\colpack_outputs_week13_expanded\ash85_smallest_last.txt
ash85,29,38,0.5476190476190477,SMALLEST_LAST,data\processed\initial_graph_coloring_dataset\colpack_outputs_week13_expanded\ash85_smallest_last.txt
ash85,28,39,0.5357142857142857,SMALLEST_LAST,data\processed\initial_graph_coloring_dataset\colpack_outputs_week13_expanded\ash85_smallest_last.txt
ash85,17,40,0.5238095238095238,SMALLEST_LAST,data\processed\initial_graph_coloring_dataset\colpack_outputs_week13_expanded\ash85_smallest_last.txt
ash85,7,41,0.5119047619047619,SMALLEST_LAST,data\processed\initial_graph_coloring_dataset\colpack_outputs_week13_expanded\ash85_smallest_last.txt
ash85,0,42,0.5,SMALLEST_LAST,data\processed\initial_graph_coloring_dataset\colpack_outputs_week13_expanded\ash85_smallest_last.txt
ash85,1,43,0.4880952380952381,SMALLEST_LAST,data\processed\initial_graph_coloring_dataset\colpack_outputs_week13_expanded\ash85_smallest_last.txt
ash85,8,44,0.47619047619047616,SMALLEST_LAST,data\processed\initial_graph_coloring_dataset\colpack_outputs_week13_expanded\ash85_smallest_last.txt
ash85,18,45,0.4642857142857143,SMALLEST_LAST,data\processed\initial_graph_coloring_dataset\colpack_outputs_week13_expanded\ash85_smallest_last.txt
ash85,27,46,0.4523809523809524,SMALLEST_LAST,data\processed\initial_graph_coloring_dataset\colpack_outputs_week13_expanded\ash85_smallest_last.txt
ash85,49,47,0.44047619047619047,SMALLEST_LAST,data\processed\initial_graph_coloring_dataset\colpack_outputs_week13_expanded\ash85_smallest_last.txt
ash85,41,48,0.42857142857142855,SMALLEST_LAST,data\processed\initial_graph_coloring_dataset\colpack_outputs_week13_expanded\ash85_smallest_last.txt
ash85,39,49,0.4166666666666667,SMALLEST_LAST,data\processed\initial_graph_coloring_dataset\colpack_outputs_week13_expanded\ash85_smallest_last.txt
ash85,38,50,0.40476190476190477,SMALLEST_LAST,data\processed\initial_graph_coloring_dataset\colpack_outputs_week13_expanded\ash85_smallest_last.txt
ash85,26,51,0.39285714285714285,SMALLEST_LAST,data\processed\initial_graph_coloring_dataset\colpack_outputs_week13_expanded\ash85_smallest_last.txt
ash85,19,52,0.38095238095238093,SMALLEST_LAST,data\processed\initial_graph_coloring_dataset\colpack_outputs_week13_expanded\ash85_smallest_last.txt
ash85,10,53,0.36904761904761907,SMALLEST_LAST,data\processed\initial_graph_coloring_dataset\colpack_outputs_week13_expanded\ash85_smallest_last.txt
ash85,9,54,0.35714285714285715,SMALLEST_LAST,data\processed\initial_graph_coloring_dataset\colpack_outputs_week13_expanded\ash85_smallest_last.txt
ash85,2,55,0.34523809523809523,SMALLEST_LAST,data\processed\initial_graph_coloring_dataset\colpack_outputs_week13_expanded\ash85_smallest_last.txt
ash85,3,56,0.3333333333333333,SMALLEST_LAST,data\processed\initial_graph_coloring_dataset\colpack_outputs_week13_expanded\ash85_smallest_last.txt
ash85,20,57,0.32142857142857145,SMALLEST_LAST,data\processed\initial_graph_coloring_dataset\colpack_outputs_week13_expanded\ash85_smallest_last.txt
ash85,21,58,0.30952380952380953,SMALLEST_LAST,data\processed\initial_graph_coloring_dataset\colpack_outputs_week13_expanded\ash85_smallest_last.txt
ash85,11,59,0.2976190476190476,SMALLEST_LAST,data\processed\initial_graph_coloring_dataset\colpack_outputs_week13_expanded\ash85_smallest_last.txt
ash85,4,60,0.2857142857142857,SMALLEST_LAST,data\processed\initial_graph_coloring_dataset\colpack_outputs_week13_expanded\ash85_smallest_last.txt
ash85,22,61,0.27380952380952384,SMALLEST_LAST,data\processed\initial_graph_coloring_dataset\colpack_outputs_week13_expanded\ash85_smallest_last.txt
ash85,23,62,0.2619047619047619,SMALLEST_LAST,data\processed\initial_graph_coloring_dataset\colpack_outputs_week13_expanded\ash85_smallest_last.txt
ash85,24,63,0.25,SMALLEST_LAST,data\processed\initial_graph_coloring_dataset\colpack_outputs_week13_expanded\ash85_smallest_last.txt
ash85,25,64,0.23809523809523808,SMALLEST_LAST,data\processed\initial_graph_coloring_dataset\colpack_outputs_week13_expanded\ash85_smallest_last.txt
ash85,33,65,0.2261904761904762,SMALLEST_LAST,data\processed\initial_graph_coloring_dataset\colpack_outputs_week13_expanded\ash85_smallest_last.txt
ash85,36,66,0.21428571428571427,SMALLEST_LAST,data\processed\initial_graph_coloring_dataset\colpack_outputs_week13_expanded\ash85_smallest_last.txt
ash85,35,67,0.20238095238095238,SMALLEST_LAST,data\processed\initial_graph_coloring_dataset\colpack_outputs_week13_expanded\ash85_smallest_last.txt
ash85,37,68,0.19047619047619047,SMALLEST_LAST,data\processed\initial_graph_coloring_dataset\colpack_outputs_week13_expanded\ash85_smallest_last.txt
ash85,34,69,0.17857142857142858,SMALLEST_LAST,data\processed\initial_graph_coloring_dataset\colpack_outputs_week13_expanded\ash85_smallest_last.txt
ash85,31,70,0.16666666666666666,SMALLEST_LAST,data\processed\initial_graph_coloring_dataset\colpack_outputs_week13_expanded\ash85_smallest_last.txt
ash85,32,71,0.15476190476190477,SMALLEST_LAST,data\processed\initial_graph_coloring_dataset\colpack_outputs_week13_expanded\ash85_smallest_last.txt
ash85,63,72,0.14285714285714285,SMALLEST_LAST,data\processed\initial_graph_coloring_dataset\colpack_outputs_week13_expanded\ash85_smallest_last.txt
ash85,64,73,0.13095238095238096,SMALLEST_LAST,data\processed\initial_graph_coloring_dataset\colpack_outputs_week13_expanded\ash85_smallest_last.txt
ash85,65,74,0.11904761904761904,SMALLEST_LAST,data\processed\initial_graph_coloring_dataset\colpack_outputs_week13_expanded\ash85_smallest_last.txt
ash85,71,75,0.10714285714285714,SMALLEST_LAST,data\processed\initial_graph_coloring_dataset\colpack_outputs_week13_expanded\ash85_smallest_last.txt
ash85,70,76,0.09523809523809523,SMALLEST_LAST,data\processed\initial_graph_coloring_dataset\colpack_outputs_week13_expanded\ash85_smallest_last.txt
ash85,40,77,0.08333333333333333,SMALLEST_LAST,data\processed\initial_graph_coloring_dataset\colpack_outputs_week13_expanded\ash85_smallest_last.txt
ash85,69,78,0.07142857142857142,SMALLEST_LAST,data\processed\initial_graph_coloring_dataset\colpack_outputs_week13_expanded\ash85_smallest_last.txt
ash85,68,79,0.05952380952380952,SMALLEST_LAST,data\processed\initial_graph_coloring_dataset\colpack_outputs_week13_expanded\ash85_smallest_last.txt
ash85,66,80,0.047619047619047616,SMALLEST_LAST,data\processed\initial_graph_coloring_dataset\colpack_outputs_week13_expanded\ash85_smallest_last.txt
ash85,62,81,0.03571428571428571,SMALLEST_LAST,data\processed\initial_graph_coloring_dataset\colpack_outputs_week13_expanded\ash85_smallest_last.txt
ash85,67,82,0.023809523809523808,SMALLEST_LAST,data\processed\initial_graph_coloring_dataset\colpack_outputs_week13_expanded\ash85_smallest_last.txt
ash85,74,83,0.011904761904761904,SMALLEST_LAST,data\processed\initial_graph_coloring_dataset\colpack_outputs_week13_expanded\ash85_smallest_last.txt
ash85,76,84,0.0,SMALLEST_LAST,data\processed\initial_graph_coloring_dataset\colpack_outputs_week13_expanded\ash85_smallest_last.txt
bcsstk01,13,0,1.0,SMALLEST_LAST,data\processed\initial_graph_coloring_dataset\colpack_outputs_week13_expanded\bcsstk01_smallest_last.txt
bcsstk01,15,1,0.9787234042553191,SMALLEST_LAST,data\processed\initial_graph_coloring_dataset\colpack_outputs_week13_expanded\bcsstk01_smallest_last.txt
bcsstk01,43,2,0.9574468085106383,SMALLEST_LAST,data\processed\initial_graph_coloring_dataset\colpack_outputs_week13_expanded\bcsstk01_smallest_last.txt
bcsstk01,44,3,0.9361702127659575,SMALLEST_LAST,data\processed\initial_graph_coloring_dataset\colpack_outputs_week13_expanded\bcsstk01_smallest_last.txt
bcsstk01,45,4,0.9148936170212766,SMALLEST_LAST,data\processed\initial_graph_coloring_dataset\colpack_outputs_week13_expanded\bcsstk01_smallest_last.txt
bcsstk01,14,5,0.8936170212765957,SMALLEST_LAST,data\processed\initial_graph_coloring_dataset\colpack_outputs_week13_expanded\bcsstk01_smallest_last.txt
bcsstk01,16,6,0.8723404255319149,SMALLEST_LAST,data\processed\initial_graph_coloring_dataset\colpack_outputs_week13_expanded\bcsstk01_smallest_last.txt
bcsstk01,17,7,0.851063829787234,SMALLEST_LAST,data\processed\initial_graph_coloring_dataset\colpack_outputs_week13_expanded\bcsstk01_smallest_last.txt
bcsstk01,12,8,0.8297872340425532,SMALLEST_LAST,data\processed\initial_graph_coloring_dataset\colpack_outputs_week13_expanded\bcsstk01_smallest_last.txt
bcsstk01,42,9,0.8085106382978723,SMALLEST_LAST,data\processed\initial_graph_coloring_dataset\colpack_outputs_week13_expanded\bcsstk01_smallest_last.txt
bcsstk01,46,10,0.7872340425531915,SMALLEST_LAST,data\processed\initial_graph_coloring_dataset\colpack_outputs_week13_expanded\bcsstk01_smallest_last.txt
bcsstk01,47,11,0.7659574468085106,SMALLEST_LAST,data\processed\initial_graph_coloring_dataset\colpack_outputs_week13_expanded\bcsstk01_smallest_last.txt
bcsstk01,18,12,0.7446808510638298,SMALLEST_LAST,data\processed\initial_graph_coloring_dataset\colpack_outputs_week13_expanded\bcsstk01_smallest_last.txt
bcsstk01,23,13,0.723404255319149,SMALLEST_LAST,data\processed\initial_graph_coloring_dataset\colpack_outputs_week13_expanded\bcsstk01_smallest_last.txt
bcsstk01,19,14,0.7021276595744681,SMALLEST_LAST,data\processed\initial_graph_coloring_dataset\colpack_outputs_week13_expanded\bcsstk01_smallest_last.txt
bcsstk01,21,15,0.6808510638297872,SMALLEST_LAST,data\processed\initial_graph_coloring_dataset\colpack_outputs_week13_expanded\bcsstk01_smallest_last.txt
bcsstk01,20,16,0.6595744680851063,SMALLEST_LAST,data\processed\initial_graph_coloring_dataset\colpack_outputs_week13_expanded\bcsstk01_smallest_last.txt
bcsstk01,22,17,0.6382978723404256,SMALLEST_LAST,data\processed\initial_graph_coloring_dataset\colpack_outputs_week13_expanded\bcsstk01_smallest_last.txt
bcsstk01,4,18,0.6170212765957447,SMALLEST_LAST,data\processed\initial_graph_coloring_dataset\colpack_outputs_week13_expanded\bcsstk01_smallest_last.txt
bcsstk01,10,19,0.5957446808510638,SMALLEST_LAST,data\processed\initial_graph_coloring_dataset\colpack_outputs_week13_expanded\bcsstk01_smallest_last.txt
bcsstk01,0,20,0.574468085106383,SMALLEST_LAST,data\processed\initial_graph_coloring_dataset\colpack_outputs_week13_expanded\bcsstk01_smallest_last.txt
bcsstk01,6,21,0.5531914893617021,SMALLEST_LAST,data\processed\initial_graph_coloring_dataset\colpack_outputs_week13_expanded\bcsstk01_smallest_last.txt
bcsstk01,11,22,0.5319148936170213,SMALLEST_LAST,data\processed\initial_graph_coloring_dataset\colpack_outputs_week13_expanded\bcsstk01_smallest_last.txt
bcsstk01,5,23,0.5106382978723404,SMALLEST_LAST,data\processed\initial_graph_coloring_dataset\colpack_outputs_week13_expanded\bcsstk01_smallest_last.txt
bcsstk01,1,24,0.48936170212765956,SMALLEST_LAST,data\processed\initial_graph_coloring_dataset\colpack_outputs_week13_expanded\bcsstk01_smallest_last.txt
bcsstk01,7,25,0.46808510638297873,SMALLEST_LAST,data\processed\initial_graph_coloring_dataset\colpack_outputs_week13_expanded\bcsstk01_smallest_last.txt
bcsstk01,3,26,0.44680851063829785,SMALLEST_LAST,data\processed\initial_graph_coloring_dataset\colpack_outputs_week13_expanded\bcsstk01_smallest_last.txt
bcsstk01,2,27,0.425531914893617,SMALLEST_LAST,data\processed\initial_graph_coloring_dataset\colpack_outputs_week13_expanded\bcsstk01_smallest_last.txt
bcsstk01,8,28,0.40425531914893614,SMALLEST_LAST,data\processed\initial_graph_coloring_dataset\colpack_outputs_week13_expanded\bcsstk01_smallest_last.txt
bcsstk01,9,29,0.3829787234042553,SMALLEST_LAST,data\processed\initial_graph_coloring_dataset\colpack_outputs_week13_expanded\bcsstk01_smallest_last.txt
bcsstk01,36,30,0.3617021276595745,SMALLEST_LAST,data\processed\initial_graph_coloring_dataset\colpack_outputs_week13_expanded\bcsstk01_smallest_last.txt
bcsstk01,41,31,0.3404255319148936,SMALLEST_LAST,data\processed\initial_graph_coloring_dataset\colpack_outputs_week13_expanded\bcsstk01_smallest_last.txt
bcsstk01,37,32,0.3191489361702128,SMALLEST_LAST,data\processed\initial_graph_coloring_dataset\colpack_outputs_week13_expanded\bcsstk01_smallest_last.txt
bcsstk01,39,33,0.2978723404255319,SMALLEST_LAST,data\processed\initial_graph_coloring_dataset\colpack_outputs_week13_expanded\bcsstk01_smallest_last.txt
bcsstk01,38,34,0.2765957446808511,SMALLEST_LAST,data\processed\initial_graph_coloring_dataset\colpack_outputs_week13_expanded\bcsstk01_smallest_last.txt
bcsstk01,40,35,0.2553191489361702,SMALLEST_LAST,data\processed\initial_graph_coloring_dataset\colpack_outputs_week13_expanded\bcsstk01_smallest_last.txt
bcsstk01,32,36,0.23404255319148937,SMALLEST_LAST,data\processed\initial_graph_coloring_dataset\colpack_outputs_week13_expanded\bcsstk01_smallest_last.txt
bcsstk01,34,37,0.2127659574468085,SMALLEST_LAST,data\processed\initial_graph_coloring_dataset\colpack_outputs_week13_expanded\bcsstk01_smallest_last.txt
bcsstk01,30,38,0.19148936170212766,SMALLEST_LAST,data\processed\initial_graph_coloring_dataset\colpack_outputs_week13_expanded\bcsstk01_smallest_last.txt
bcsstk01,35,39,0.1702127659574468,SMALLEST_LAST,data\processed\initial_graph_coloring_dataset\colpack_outputs_week13_expanded\bcsstk01_smallest_last.txt
bcsstk01,31,40,0.14893617021276595,SMALLEST_LAST,data\processed\initial_graph_coloring_dataset\colpack_outputs_week13_expanded\bcsstk01_smallest_last.txt
bcsstk01,33,41,0.1276595744680851,SMALLEST_LAST,data\processed\initial_graph_coloring_dataset\colpack_outputs_week13_expanded\bcsstk01_smallest_last.txt
bcsstk01,27,42,0.10638297872340426,SMALLEST_LAST,data\processed\initial_graph_coloring_dataset\colpack_outputs_week13_expanded\bcsstk01_smallest_last.txt
bcsstk01,25,43,0.0851063829787234,SMALLEST_LAST,data\processed\initial_graph_coloring_dataset\colpack_outputs_week13_expanded\bcsstk01_smallest_last.txt
bcsstk01,26,44,0.06382978723404255,SMALLEST_LAST,data\processed\initial_graph_coloring_dataset\colpack_outputs_week13_expanded\bcsstk01_smallest_last.txt
bcsstk01,24,45,0.0425531914893617,SMALLEST_LAST,data\processed\initial_graph_coloring_dataset\colpack_outputs_week13_expanded\bcsstk01_smallest_last.txt
bcsstk01,28,46,0.02127659574468085,SMALLEST_LAST,data\processed\initial_graph_coloring_dataset\colpack_outputs_week13_expanded\bcsstk01_smallest_last.txt
bcsstk01,29,47,0.0,SMALLEST_LAST,data\processed\initial_graph_coloring_dataset\colpack_outputs_week13_expanded\bcsstk01_smallest_last.txt
bcsstk03,1,0,1.0,SMALLEST_LAST,data\processed\initial_graph_coloring_dataset\colpack_outputs_week13_expanded\bcsstk03_smallest_last.txt
bcsstk03,2,1,0.990990990990991,SMALLEST_LAST,data\processed\initial_graph_coloring_dataset\colpack_outputs_week13_expanded\bcsstk03_smallest_last.txt
bcsstk03,5,2,0.9819819819819819,SMALLEST_LAST,data\processed\initial_graph_coloring_dataset\colpack_outputs_week13_expanded\bcsstk03_smallest_last.txt
bcsstk03,6,3,0.972972972972973,SMALLEST_LAST,data\processed\initial_graph_coloring_dataset\colpack_outputs_week13_expanded\bcsstk03_smallest_last.txt
bcsstk03,9,4,0.963963963963964,SMALLEST_LAST,data\processed\initial_graph_coloring_dataset\colpack_outputs_week13_expanded\bcsstk03_smallest_last.txt
bcsstk03,10,5,0.954954954954955,SMALLEST_LAST,data\processed\initial_graph_coloring_dataset\colpack_outputs_week13_expanded\bcsstk03_smallest_last.txt
bcsstk03,13,6,0.9459459459459459,SMALLEST_LAST,data\processed\initial_graph_coloring_dataset\colpack_outputs_week13_expanded\bcsstk03_smallest_last.txt
bcsstk03,14,7,0.9369369369369369,SMALLEST_LAST,data\processed\initial_graph_coloring_dataset\colpack_outputs_week13_expanded\bcsstk03_smallest_last.txt
bcsstk03,17,8,0.9279279279279279,SMALLEST_LAST,data\processed\initial_graph_coloring_dataset\colpack_outputs_week13_expanded\bcsstk03_smallest_last.txt
bcsstk03,18,9,0.918918918918919,SMALLEST_LAST,data\processed\initial_graph_coloring_dataset\colpack_outputs_week13_expanded\bcsstk03_smallest_last.txt
bcsstk03,21,10,0.9099099099099099,SMALLEST_LAST,data\processed\initial_graph_coloring_dataset\colpack_outputs_week13_expanded\bcsstk03_smallest_last.txt
bcsstk03,22,11,0.9009009009009009,SMALLEST_LAST,data\processed\initial_graph_coloring_dataset\colpack_outputs_week13_expanded\bcsstk03_smallest_last.txt
bcsstk03,25,12,0.8918918918918919,SMALLEST_LAST,data\processed\initial_graph_coloring_dataset\colpack_outputs_week13_expanded\bcsstk03_smallest_last.txt
bcsstk03,26,13,0.8828828828828829,SMALLEST_LAST,data\processed\initial_graph_coloring_dataset\colpack_outputs_week13_expanded\bcsstk03_smallest_last.txt
bcsstk03,29,14,0.8738738738738738,SMALLEST_LAST,data\processed\initial_graph_coloring_dataset\colpack_outputs_week13_expanded\bcsstk03_smallest_last.txt
bcsstk03,30,15,0.8648648648648649,SMALLEST_LAST,data\processed\initial_graph_coloring_dataset\colpack_outputs_week13_expanded\bcsstk03_smallest_last.txt
bcsstk03,33,16,0.8558558558558559,SMALLEST_LAST,data\processed\initial_graph_coloring_dataset\colpack_outputs_week13_expanded\bcsstk03_smallest_last.txt
bcsstk03,34,17,0.8468468468468469,SMALLEST_LAST,data\processed\initial_graph_coloring_dataset\colpack_outputs_week13_expanded\bcsstk03_smallest_last.txt
bcsstk03,37,18,0.8378378378378378,SMALLEST_LAST,data\processed\initial_graph_coloring_dataset\colpack_outputs_week13_expanded\bcsstk03_smallest_last.txt
bcsstk03,38,19,0.8288288288288288,SMALLEST_LAST,data\processed\initial_graph_coloring_dataset\colpack_outputs_week13_expanded\bcsstk03_smallest_last.txt
bcsstk03,41,20,0.8198198198198198,SMALLEST_LAST,data\processed\initial_graph_coloring_dataset\colpack_outputs_week13_expanded\bcsstk03_smallest_last.txt
bcsstk03,42,21,0.8108108108108109,SMALLEST_LAST,data\processed\initial_graph_coloring_dataset\colpack_outputs_week13_expanded\bcsstk03_smallest_last.txt
bcsstk03,45,22,0.8018018018018018,SMALLEST_LAST,data\processed\initial_graph_coloring_dataset\colpack_outputs_week13_expanded\bcsstk03_smallest_last.txt
bcsstk03,46,23,0.7927927927927928,SMALLEST_LAST,data\processed\initial_graph_coloring_dataset\colpack_outputs_week13_expanded\bcsstk03_smallest_last.txt
bcsstk03,49,24,0.7837837837837838,SMALLEST_LAST,data\processed\initial_graph_coloring_dataset\colpack_outputs_week13_expanded\bcsstk03_smallest_last.txt
bcsstk03,50,25,0.7747747747747747,SMALLEST_LAST,data\processed\initial_graph_coloring_dataset\colpack_outputs_week13_expanded\bcsstk03_smallest_last.txt
bcsstk03,53,26,0.7657657657657657,SMALLEST_LAST,data\processed\initial_graph_coloring_dataset\colpack_outputs_week13_expanded\bcsstk03_smallest_last.txt
bcsstk03,54,27,0.7567567567567568,SMALLEST_LAST,data\processed\initial_graph_coloring_dataset\colpack_outputs_week13_expanded\bcsstk03_smallest_last.txt
bcsstk03,57,28,0.7477477477477478,SMALLEST_LAST,data\processed\initial_graph_coloring_dataset\colpack_outputs_week13_expanded\bcsstk03_smallest_last.txt
bcsstk03,58,29,0.7387387387387387,SMALLEST_LAST,data\processed\initial_graph_coloring_dataset\colpack_outputs_week13_expanded\bcsstk03_smallest_last.txt
bcsstk03,61,30,0.7297297297297297,SMALLEST_LAST,data\processed\initial_graph_coloring_dataset\colpack_outputs_week13_expanded\bcsstk03_smallest_last.txt
bcsstk03,62,31,0.7207207207207207,SMALLEST_LAST,data\processed\initial_graph_coloring_dataset\colpack_outputs_week13_expanded\bcsstk03_smallest_last.txt
bcsstk03,65,32,0.7117117117117117,SMALLEST_LAST,data\processed\initial_graph_coloring_dataset\colpack_outputs_week13_expanded\bcsstk03_smallest_last.txt
bcsstk03,66,33,0.7027027027027027,SMALLEST_LAST,data\processed\initial_graph_coloring_dataset\colpack_outputs_week13_expanded\bcsstk03_smallest_last.txt
bcsstk03,69,34,0.6936936936936937,SMALLEST_LAST,data\processed\initial_graph_coloring_dataset\colpack_outputs_week13_expanded\bcsstk03_smallest_last.txt
bcsstk03,70,35,0.6846846846846847,SMALLEST_LAST,data\processed\initial_graph_coloring_dataset\colpack_outputs_week13_expanded\bcsstk03_smallest_last.txt
bcsstk03,73,36,0.6756756756756757,SMALLEST_LAST,data\processed\initial_graph_coloring_dataset\colpack_outputs_week13_expanded\bcsstk03_smallest_last.txt
bcsstk03,74,37,0.6666666666666666,SMALLEST_LAST,data\processed\initial_graph_coloring_dataset\colpack_outputs_week13_expanded\bcsstk03_smallest_last.txt
bcsstk03,77,38,0.6576576576576577,SMALLEST_LAST,data\processed\initial_graph_coloring_dataset\colpack_outputs_week13_expanded\bcsstk03_smallest_last.txt
bcsstk03,78,39,0.6486486486486487,SMALLEST_LAST,data\processed\initial_graph_coloring_dataset\colpack_outputs_week13_expanded\bcsstk03_smallest_last.txt
bcsstk03,81,40,0.6396396396396397,SMALLEST_LAST,data\processed\initial_graph_coloring_dataset\colpack_outputs_week13_expanded\bcsstk03_smallest_last.txt
bcsstk03,82,41,0.6306306306306306,SMALLEST_LAST,data\processed\initial_graph_coloring_dataset\colpack_outputs_week13_expanded\bcsstk03_smallest_last.txt
bcsstk03,85,42,0.6216216216216216,SMALLEST_LAST,data\processed\initial_graph_coloring_dataset\colpack_outputs_week13_expanded\bcsstk03_smallest_last.txt
bcsstk03,86,43,0.6126126126126126,SMALLEST_LAST,data\processed\initial_graph_coloring_dataset\colpack_outputs_week13_expanded\bcsstk03_smallest_last.txt
bcsstk03,89,44,0.6036036036036037,SMALLEST_LAST,data\processed\initial_graph_coloring_dataset\colpack_outputs_week13_expanded\bcsstk03_smallest_last.txt
bcsstk03,90,45,0.5945945945945946,SMALLEST_LAST,data\processed\initial_graph_coloring_dataset\colpack_outputs_week13_expanded\bcsstk03_smallest_last.txt
bcsstk03,93,46,0.5855855855855856,SMALLEST_LAST,data\processed\initial_graph_coloring_dataset\colpack_outputs_week13_expanded\bcsstk03_smallest_last.txt
bcsstk03,94,47,0.5765765765765766,SMALLEST_LAST,data\processed\initial_graph_coloring_dataset\colpack_outputs_week13_expanded\bcsstk03_smallest_last.txt
bcsstk03,97,48,0.5675675675675675,SMALLEST_LAST,data\processed\initial_graph_coloring_dataset\colpack_outputs_week13_expanded\bcsstk03_smallest_last.txt
bcsstk03,98,49,0.5585585585585585,SMALLEST_LAST,data\processed\initial_graph_coloring_dataset\colpack_outputs_week13_expanded\bcsstk03_smallest_last.txt
bcsstk03,101,50,0.5495495495495496,SMALLEST_LAST,data\processed\initial_graph_coloring_dataset\colpack_outputs_week13_expanded\bcsstk03_smallest_last.txt
bcsstk03,102,51,0.5405405405405406,SMALLEST_LAST,data\processed\initial_graph_coloring_dataset\colpack_outputs_week13_expanded\bcsstk03_smallest_last.txt
bcsstk03,105,52,0.5315315315315315,SMALLEST_LAST,data\processed\initial_graph_coloring_dataset\colpack_outputs_week13_expanded\bcsstk03_smallest_last.txt
bcsstk03,106,53,0.5225225225225225,SMALLEST_LAST,data\processed\initial_graph_coloring_dataset\colpack_outputs_week13_expanded\bcsstk03_smallest_last.txt
bcsstk03,110,54,0.5135135135135135,SMALLEST_LAST,data\processed\initial_graph_coloring_dataset\colpack_outputs_week13_expanded\bcsstk03_smallest_last.txt
bcsstk03,109,55,0.5045045045045045,SMALLEST_LAST,data\processed\initial_graph_coloring_dataset\colpack_outputs_week13_expanded\bcsstk03_smallest_last.txt
bcsstk03,0,56,0.4954954954954955,SMALLEST_LAST,data\processed\initial_graph_coloring_dataset\colpack_outputs_week13_expanded\bcsstk03_smallest_last.txt
bcsstk03,3,57,0.4864864864864865,SMALLEST_LAST,data\processed\initial_graph_coloring_dataset\colpack_outputs_week13_expanded\bcsstk03_smallest_last.txt
bcsstk03,4,58,0.4774774774774775,SMALLEST_LAST,data\processed\initial_graph_coloring_dataset\colpack_outputs_week13_expanded\bcsstk03_smallest_last.txt
bcsstk03,7,59,0.46846846846846846,SMALLEST_LAST,data\processed\initial_graph_coloring_dataset\colpack_outputs_week13_expanded\bcsstk03_smallest_last.txt
bcsstk03,8,60,0.4594594594594595,SMALLEST_LAST,data\processed\initial_graph_coloring_dataset\colpack_outputs_week13_expanded\bcsstk03_smallest_last.txt
bcsstk03,11,61,0.45045045045045046,SMALLEST_LAST,data\processed\initial_graph_coloring_dataset\colpack_outputs_week13_expanded\bcsstk03_smallest_last.txt
bcsstk03,12,62,0.44144144144144143,SMALLEST_LAST,data\processed\initial_graph_coloring_dataset\colpack_outputs_week13_expanded\bcsstk03_smallest_last.txt
bcsstk03,15,63,0.43243243243243246,SMALLEST_LAST,data\processed\initial_graph_coloring_dataset\colpack_outputs_week13_expanded\bcsstk03_smallest_last.txt
bcsstk03,16,64,0.42342342342342343,SMALLEST_LAST,data\processed\initial_graph_coloring_dataset\colpack_outputs_week13_expanded\bcsstk03_smallest_last.txt
bcsstk03,19,65,0.4144144144144144,SMALLEST_LAST,data\processed\initial_graph_coloring_dataset\colpack_outputs_week13_expanded\bcsstk03_smallest_last.txt
bcsstk03,20,66,0.40540540540540543,SMALLEST_LAST,data\processed\initial_graph_coloring_dataset\colpack_outputs_week13_expanded\bcsstk03_smallest_last.txt
bcsstk03,23,67,0.3963963963963964,SMALLEST_LAST,data\processed\initial_graph_coloring_dataset\colpack_outputs_week13_expanded\bcsstk03_smallest_last.txt
bcsstk03,24,68,0.38738738738738737,SMALLEST_LAST,data\processed\initial_graph_coloring_dataset\colpack_outputs_week13_expanded\bcsstk03_smallest_last.txt
bcsstk03,27,69,0.3783783783783784,SMALLEST_LAST,data\processed\initial_graph_coloring_dataset\colpack_outputs_week13_expanded\bcsstk03_smallest_last.txt
bcsstk03,28,70,0.36936936936936937,SMALLEST_LAST,data\processed\initial_graph_coloring_dataset\colpack_outputs_week13_expanded\bcsstk03_smallest_last.txt
bcsstk03,31,71,0.36036036036036034,SMALLEST_LAST,data\processed\initial_graph_coloring_dataset\colpack_outputs_week13_expanded\bcsstk03_smallest_last.txt
bcsstk03,32,72,0.35135135135135137,SMALLEST_LAST,data\processed\initial_graph_coloring_dataset\colpack_outputs_week13_expanded\bcsstk03_smallest_last.txt
bcsstk03,35,73,0.34234234234234234,SMALLEST_LAST,data\processed\initial_graph_coloring_dataset\colpack_outputs_week13_expanded\bcsstk03_smallest_last.txt
bcsstk03,36,74,0.3333333333333333,SMALLEST_LAST,data\processed\initial_graph_coloring_dataset\colpack_outputs_week13_expanded\bcsstk03_smallest_last.txt
bcsstk03,39,75,0.32432432432432434,SMALLEST_LAST,data\processed\initial_graph_coloring_dataset\colpack_outputs_week13_expanded\bcsstk03_smallest_last.txt
bcsstk03,40,76,0.3153153153153153,SMALLEST_LAST,data\processed\initial_graph_coloring_dataset\colpack_outputs_week13_expanded\bcsstk03_smallest_last.txt
bcsstk03,43,77,0.3063063063063063,SMALLEST_LAST,data\processed\initial_graph_coloring_dataset\colpack_outputs_week13_expanded\bcsstk03_smallest_last.txt
bcsstk03,44,78,0.2972972972972973,SMALLEST_LAST,data\processed\initial_graph_coloring_dataset\colpack_outputs_week13_expanded\bcsstk03_smallest_last.txt
bcsstk03,47,79,0.2882882882882883,SMALLEST_LAST,data\processed\initial_graph_coloring_dataset\colpack_outputs_week13_expanded\bcsstk03_smallest_last.txt
bcsstk03,48,80,0.27927927927927926,SMALLEST_LAST,data\processed\initial_graph_coloring_dataset\colpack_outputs_week13_expanded\bcsstk03_smallest_last.txt
bcsstk03,51,81,0.2702702702702703,SMALLEST_LAST,data\processed\initial_graph_coloring_dataset\colpack_outputs_week13_expanded\bcsstk03_smallest_last.txt
bcsstk03,52,82,0.26126126126126126,SMALLEST_LAST,data\processed\initial_graph_coloring_dataset\colpack_outputs_week13_expanded\bcsstk03_smallest_last.txt
bcsstk03,55,83,0.25225225225225223,SMALLEST_LAST,data\processed\initial_graph_coloring_dataset\colpack_outputs_week13_expanded\bcsstk03_smallest_last.txt
bcsstk03,56,84,0.24324324324324326,SMALLEST_LAST,data\processed\initial_graph_coloring_dataset\colpack_outputs_week13_expanded\bcsstk03_smallest_last.txt
bcsstk03,59,85,0.23423423423423423,SMALLEST_LAST,data\processed\initial_graph_coloring_dataset\colpack_outputs_week13_expanded\bcsstk03_smallest_last.txt
bcsstk03,60,86,0.22522522522522523,SMALLEST_LAST,data\processed\initial_graph_coloring_dataset\colpack_outputs_week13_expanded\bcsstk03_smallest_last.txt
bcsstk03,63,87,0.21621621621621623,SMALLEST_LAST,data\processed\initial_graph_coloring_dataset\colpack_outputs_week13_expanded\bcsstk03_smallest_last.txt
bcsstk03,64,88,0.2072072072072072,SMALLEST_LAST,data\processed\initial_graph_coloring_dataset\colpack_outputs_week13_expanded\bcsstk03_smallest_last.txt
bcsstk03,67,89,0.1981981981981982,SMALLEST_LAST,data\processed\initial_graph_coloring_dataset\colpack_outputs_week13_expanded\bcsstk03_smallest_last.txt
bcsstk03,68,90,0.1891891891891892,SMALLEST_LAST,data\processed\initial_graph_coloring_dataset\colpack_outputs_week13_expanded\bcsstk03_smallest_last.txt
bcsstk03,71,91,0.18018018018018017,SMALLEST_LAST,data\processed\initial_graph_coloring_dataset\colpack_outputs_week13_expanded\bcsstk03_smallest_last.txt
bcsstk03,72,92,0.17117117117117117,SMALLEST_LAST,data\processed\initial_graph_coloring_dataset\colpack_outputs_week13_expanded\bcsstk03_smallest_last.txt
bcsstk03,75,93,0.16216216216216217,SMALLEST_LAST,data\processed\initial_graph_coloring_dataset\colpack_outputs_week13_expanded\bcsstk03_smallest_last.txt
bcsstk03,76,94,0.15315315315315314,SMALLEST_LAST,data\processed\initial_graph_coloring_dataset\colpack_outputs_week13_expanded\bcsstk03_smallest_last.txt
bcsstk03,79,95,0.14414414414414414,SMALLEST_LAST,data\processed\initial_graph_coloring_dataset\colpack_outputs_week13_expanded\bcsstk03_smallest_last.txt
bcsstk03,80,96,0.13513513513513514,SMALLEST_LAST,data\processed\initial_graph_coloring_dataset\colpack_outputs_week13_expanded\bcsstk03_smallest_last.txt
bcsstk03,83,97,0.12612612612612611,SMALLEST_LAST,data\processed\initial_graph_coloring_dataset\colpack_outputs_week13_expanded\bcsstk03_smallest_last.txt
bcsstk03,84,98,0.11711711711711711,SMALLEST_LAST,data\processed\initial_graph_coloring_dataset\colpack_outputs_week13_expanded\bcsstk03_smallest_last.txt
bcsstk03,87,99,0.10810810810810811,SMALLEST_LAST,data\processed\initial_graph_coloring_dataset\colpack_outputs_week13_expanded\bcsstk03_smallest_last.txt
bcsstk03,88,100,0.0990990990990991,SMALLEST_LAST,data\processed\initial_graph_coloring_dataset\colpack_outputs_week13_expanded\bcsstk03_smallest_last.txt
bcsstk03,91,101,0.09009009009009009,SMALLEST_LAST,data\processed\initial_graph_coloring_dataset\colpack_outputs_week13_expanded\bcsstk03_smallest_last.txt
bcsstk03,92,102,0.08108108108108109,SMALLEST_LAST,data\processed\initial_graph_coloring_dataset\colpack_outputs_week13_expanded\bcsstk03_smallest_last.txt
bcsstk03,95,103,0.07207207207207207,SMALLEST_LAST,data\processed\initial_graph_coloring_dataset\colpack_outputs_week13_expanded\bcsstk03_smallest_last.txt
bcsstk03,96,104,0.06306306306306306,SMALLEST_LAST,data\processed\initial_graph_coloring_dataset\colpack_outputs_week13_expanded\bcsstk03_smallest_last.txt
bcsstk03,99,105,0.05405405405405406,SMALLEST_LAST,data\processed\initial_graph_coloring_dataset\colpack_outputs_week13_expanded\bcsstk03_smallest_last.txt
bcsstk03,100,106,0.04504504504504504,SMALLEST_LAST,data\processed\initial_graph_coloring_dataset\colpack_outputs_week13_expanded\bcsstk03_smallest_last.txt
bcsstk03,103,107,0.036036036036036036,SMALLEST_LAST,data\processed\initial_graph_coloring_dataset\colpack_outputs_week13_expanded\bcsstk03_smallest_last.txt
bcsstk03,104,108,0.02702702702702703,SMALLEST_LAST,data\processed\initial_graph_coloring_dataset\colpack_outputs_week13_expanded\bcsstk03_smallest_last.txt
bcsstk03,107,109,0.018018018018018018,SMALLEST_LAST,data\processed\initial_graph_coloring_dataset\colpack_outputs_week13_expanded\bcsstk03_smallest_last.txt
bcsstk03,108,110,0.009009009009009009,SMALLEST_LAST,data\processed\initial_graph_coloring_dataset\colpack_outputs_week13_expanded\bcsstk03_smallest_last.txt
bcsstk03,111,111,0.0,SMALLEST_LAST,data\processed\initial_graph_coloring_dataset\colpack_outputs_week13_expanded\bcsstk03_smallest_last.txt
bcsstk04,6,0,1.0,SMALLEST_LAST,data\processed\initial_graph_coloring_dataset\colpack_outputs_week13_expanded\bcsstk04_smallest_last.txt
bcsstk04,7,1,0.9923664122137404,SMALLEST_LAST,data\processed\initial_graph_coloring_dataset\colpack_outputs_week13_expanded\bcsstk04_smallest_last.txt
bcsstk04,8,2,0.9847328244274809,SMALLEST_LAST,data\processed\initial_graph_coloring_dataset\colpack_outputs_week13_expanded\bcsstk04_smallest_last.txt
bcsstk04,24,3,0.9770992366412213,SMALLEST_LAST,data\processed\initial_graph_coloring_dataset\colpack_outputs_week13_expanded\bcsstk04_smallest_last.txt
bcsstk04,25,4,0.9694656488549618,SMALLEST_LAST,data\processed\initial_graph_coloring_dataset\colpack_outputs_week13_expanded\bcsstk04_smallest_last.txt
bcsstk04,29,5,0.9618320610687023,SMALLEST_LAST,data\processed\initial_graph_coloring_dataset\colpack_outputs_week13_expanded\bcsstk04_smallest_last.txt
bcsstk04,42,6,0.9541984732824428,SMALLEST_LAST,data\processed\initial_graph_coloring_dataset\colpack_outputs_week13_expanded\bcsstk04_smallest_last.txt
bcsstk04,43,7,0.9465648854961832,SMALLEST_LAST,data\processed\initial_graph_coloring_dataset\colpack_outputs_week13_expanded\bcsstk04_smallest_last.txt
bcsstk04,47,8,0.9389312977099237,SMALLEST_LAST,data\processed\initial_graph_coloring_dataset\colpack_outputs_week13_expanded\bcsstk04_smallest_last.txt
bcsstk04,11,9,0.9312977099236641,SMALLEST_LAST,data\processed\initial_graph_coloring_dataset\colpack_outputs_week13_expanded\bcsstk04_smallest_last.txt
bcsstk04,9,10,0.9236641221374046,SMALLEST_LAST,data\processed\initial_graph_coloring_dataset\colpack_outputs_week13_expanded\bcsstk04_smallest_last.txt
bcsstk04,30,11,0.916030534351145,SMALLEST_LAST,data\processed\initial_graph_coloring_dataset\colpack_outputs_week13_expanded\bcsstk04_smallest_last.txt
bcsstk04,31,12,0.9083969465648855,SMALLEST_LAST,data\processed\initial_graph_coloring_dataset\colpack_outputs_week13_expanded\bcsstk04_smallest_last.txt
bcsstk04,10,13,0.9007633587786259,SMALLEST_LAST,data\processed\initial_graph_coloring_dataset\colpack_outputs_week13_expanded\bcsstk04_smallest_last.txt
bcsstk04,26,14,0.8931297709923665,SMALLEST_LAST,data\processed\initial_graph_coloring_dataset\colpack_outputs_week13_expanded\bcsstk04_smallest_last.txt
bcsstk04,44,15,0.8854961832061069,SMALLEST_LAST,data\processed\initial_graph_coloring_dataset\colpack_outputs_week13_expanded\bcsstk04_smallest_last.txt
bcsstk04,54,16,0.8778625954198473,SMALLEST_LAST,data\processed\initial_graph_coloring_dataset\colpack_outputs_week13_expanded\bcsstk04_smallest_last.txt
bcsstk04,55,17,0.8702290076335878,SMALLEST_LAST,data\processed\initial_graph_coloring_dataset\colpack_outputs_week13_expanded\bcsstk04_smallest_last.txt
bcsstk04,32,18,0.8625954198473282,SMALLEST_LAST,data\processed\initial_graph_coloring_dataset\colpack_outputs_week13_expanded\bcsstk04_smallest_last.txt
bcsstk04,28,19,0.8549618320610687,SMALLEST_LAST,data\processed\initial_graph_coloring_dataset\colpack_outputs_week13_expanded\bcsstk04_smallest_last.txt
bcsstk04,45,20,0.8473282442748091,SMALLEST_LAST,data\processed\initial_graph_coloring_dataset\colpack_outputs_week13_expanded\bcsstk04_smallest_last.txt
bcsstk04,56,21,0.8396946564885496,SMALLEST_LAST,data\processed\initial_graph_coloring_dataset\colpack_outputs_week13_expanded\bcsstk04_smallest_last.txt
bcsstk04,57,22,0.8320610687022901,SMALLEST_LAST,data\processed\initial_graph_coloring_dataset\colpack_outputs_week13_expanded\bcsstk04_smallest_last.txt
bcsstk04,58,23,0.8244274809160306,SMALLEST_LAST,data\processed\initial_graph_coloring_dataset\colpack_outputs_week13_expanded\bcsstk04_smallest_last.txt
bcsstk04,27,24,0.816793893129771,SMALLEST_LAST,data\processed\initial_graph_coloring_dataset\colpack_outputs_week13_expanded\bcsstk04_smallest_last.txt
bcsstk04,33,25,0.8091603053435115,SMALLEST_LAST,data\processed\initial_graph_coloring_dataset\colpack_outputs_week13_expanded\bcsstk04_smallest_last.txt
bcsstk04,35,26,0.8015267175572519,SMALLEST_LAST,data\processed\initial_graph_coloring_dataset\colpack_outputs_week13_expanded\bcsstk04_smallest_last.txt
bcsstk04,59,27,0.7938931297709924,SMALLEST_LAST,data\processed\initial_graph_coloring_dataset\colpack_outputs_week13_expanded\bcsstk04_smallest_last.txt
bcsstk04,34,28,0.7862595419847328,SMALLEST_LAST,data\processed\initial_graph_coloring_dataset\colpack_outputs_week13_expanded\bcsstk04_smallest_last.txt
bcsstk04,46,29,0.7786259541984732,SMALLEST_LAST,data\processed\initial_graph_coloring_dataset\colpack_outputs_week13_expanded\bcsstk04_smallest_last.txt
bcsstk04,14,30,0.7709923664122137,SMALLEST_LAST,data\processed\initial_graph_coloring_dataset\colpack_outputs_week13_expanded\bcsstk04_smallest_last.txt
bcsstk04,17,31,0.7633587786259542,SMALLEST_LAST,data\processed\initial_graph_coloring_dataset\colpack_outputs_week13_expanded\bcsstk04_smallest_last.txt
bcsstk04,12,32,0.7557251908396947,SMALLEST_LAST,data\processed\initial_graph_coloring_dataset\colpack_outputs_week13_expanded\bcsstk04_smallest_last.txt
bcsstk04,13,33,0.7480916030534351,SMALLEST_LAST,data\processed\initial_graph_coloring_dataset\colpack_outputs_week13_expanded\bcsstk04_smallest_last.txt
bcsstk04,15,34,0.7404580152671756,SMALLEST_LAST,data\processed\initial_graph_coloring_dataset\colpack_outputs_week13_expanded\bcsstk04_smallest_last.txt
bcsstk04,16,35,0.732824427480916,SMALLEST_LAST,data\processed\initial_graph_coloring_dataset\colpack_outputs_week13_expanded\bcsstk04_smallest_last.txt
bcsstk04,60,36,0.7251908396946565,SMALLEST_LAST,data\processed\initial_graph_coloring_dataset\colpack_outputs_week13_expanded\bcsstk04_smallest_last.txt
bcsstk04,61,37,0.7175572519083969,SMALLEST_LAST,data\processed\initial_graph_coloring_dataset\colpack_outputs_week13_expanded\bcsstk04_smallest_last.txt
bcsstk04,62,38,0.7099236641221374,SMALLEST_LAST,data\processed\initial_graph_coloring_dataset\colpack_outputs_week13_expanded\bcsstk04_smallest_last.txt
bcsstk04,63,39,0.7022900763358778,SMALLEST_LAST,data\processed\initial_graph_coloring_dataset\colpack_outputs_week13_expanded\bcsstk04_smallest_last.txt
bcsstk04,64,40,0.6946564885496184,SMALLEST_LAST,data\processed\initial_graph_coloring_dataset\colpack_outputs_week13_expanded\bcsstk04_smallest_last.txt
bcsstk04,36,41,0.6870229007633588,SMALLEST_LAST,data\processed\initial_graph_coloring_dataset\colpack_outputs_week13_expanded\bcsstk04_smallest_last.txt
bcsstk04,38,42,0.6793893129770993,SMALLEST_LAST,data\processed\initial_graph_coloring_dataset\colpack_outputs_week13_expanded\bcsstk04_smallest_last.txt
bcsstk04,37,43,0.6717557251908397,SMALLEST_LAST,data\processed\initial_graph_coloring_dataset\colpack_outputs_week13_expanded\bcsstk04_smallest_last.txt
bcsstk04,65,44,0.6641221374045801,SMALLEST_LAST,data\processed\initial_graph_coloring_dataset\colpack_outputs_week13_expanded\bcsstk04_smallest_last.txt
bcsstk04,39,45,0.6564885496183206,SMALLEST_LAST,data\processed\initial_graph_coloring_dataset\colpack_outputs_week13_expanded\bcsstk04_smallest_last.txt
bcsstk04,40,46,0.648854961832061,SMALLEST_LAST,data\processed\initial_graph_coloring_dataset\colpack_outputs_week13_expanded\bcsstk04_smallest_last.txt
bcsstk04,41,47,0.6412213740458015,SMALLEST_LAST,data\processed\initial_graph_coloring_dataset\colpack_outputs_week13_expanded\bcsstk04_smallest_last.txt
bcsstk04,72,48,0.6335877862595419,SMALLEST_LAST,data\processed\initial_graph_coloring_dataset\colpack_outputs_week13_expanded\bcsstk04_smallest_last.txt
bcsstk04,73,49,0.6259541984732825,SMALLEST_LAST,data\processed\initial_graph_coloring_dataset\colpack_outputs_week13_expanded\bcsstk04_smallest_last.txt
bcsstk04,75,50,0.6183206106870229,SMALLEST_LAST,data\processed\initial_graph_coloring_dataset\colpack_outputs_week13_expanded\bcsstk04_smallest_last.txt
bcsstk04,76,51,0.6106870229007634,SMALLEST_LAST,data\processed\initial_graph_coloring_dataset\colpack_outputs_week13_expanded\bcsstk04_smallest_last.txt
bcsstk04,74,52,0.6030534351145038,SMALLEST_LAST,data\processed\initial_graph_coloring_dataset\colpack_outputs_week13_expanded\bcsstk04_smallest_last.txt
bcsstk04,48,53,0.5954198473282443,SMALLEST_LAST,data\processed\initial_graph_coloring_dataset\colpack_outputs_week13_expanded\bcsstk04_smallest_last.txt
bcsstk04,50,54,0.5877862595419847,SMALLEST_LAST,data\processed\initial_graph_coloring_dataset\colpack_outputs_week13_expanded\bcsstk04_smallest_last.txt
bcsstk04,49,55,0.5801526717557252,SMALLEST_LAST,data\processed\initial_graph_coloring_dataset\colpack_outputs_week13_expanded\bcsstk04_smallest_last.txt
bcsstk04,77,56,0.5725190839694656,SMALLEST_LAST,data\processed\initial_graph_coloring_dataset\colpack_outputs_week13_expanded\bcsstk04_smallest_last.txt
bcsstk04,51,57,0.5648854961832062,SMALLEST_LAST,data\processed\initial_graph_coloring_dataset\colpack_outputs_week13_expanded\bcsstk04_smallest_last.txt
bcsstk04,52,58,0.5572519083969466,SMALLEST_LAST,data\processed\initial_graph_coloring_dataset\colpack_outputs_week13_expanded\bcsstk04_smallest_last.txt
bcsstk04,53,59,0.549618320610687,SMALLEST_LAST,data\processed\initial_graph_coloring_dataset\colpack_outputs_week13_expanded\bcsstk04_smallest_last.txt
bcsstk04,66,60,0.5419847328244275,SMALLEST_LAST,data\processed\initial_graph_coloring_dataset\colpack_outputs_week13_expanded\bcsstk04_smallest_last.txt
bcsstk04,68,61,0.5343511450381679,SMALLEST_LAST,data\processed\initial_graph_coloring_dataset\colpack_outputs_week13_expanded\bcsstk04_smallest_last.txt
bcsstk04,67,62,0.5267175572519084,SMALLEST_LAST,data\processed\initial_graph_coloring_dataset\colpack_outputs_week13_expanded\bcsstk04_smallest_last.txt
bcsstk04,71,63,0.5190839694656488,SMALLEST_LAST,data\processed\initial_graph_coloring_dataset\colpack_outputs_week13_expanded\bcsstk04_smallest_last.txt
bcsstk04,90,64,0.5114503816793893,SMALLEST_LAST,data\processed\initial_graph_coloring_dataset\colpack_outputs_week13_expanded\bcsstk04_smallest_last.txt
bcsstk04,91,65,0.5038167938931297,SMALLEST_LAST,data\processed\initial_graph_coloring_dataset\colpack_outputs_week13_expanded\bcsstk04_smallest_last.txt
bcsstk04,93,66,0.4961832061068702,SMALLEST_LAST,data\processed\initial_graph_coloring_dataset\colpack_outputs_week13_expanded\bcsstk04_smallest_last.txt
bcsstk04,94,67,0.48854961832061067,SMALLEST_LAST,data\processed\initial_graph_coloring_dataset\colpack_outputs_week13_expanded\bcsstk04_smallest_last.txt
bcsstk04,69,68,0.48091603053435117,SMALLEST_LAST,data\processed\initial_graph_coloring_dataset\colpack_outputs_week13_expanded\bcsstk04_smallest_last.txt
bcsstk04,70,69,0.4732824427480916,SMALLEST_LAST,data\processed\initial_graph_coloring_dataset\colpack_outputs_week13_expanded\bcsstk04_smallest_last.txt
bcsstk04,92,70,0.46564885496183206,SMALLEST_LAST,data\processed\initial_graph_coloring_dataset\colpack_outputs_week13_expanded\bcsstk04_smallest_last.txt
bcsstk04,95,71,0.4580152671755725,SMALLEST_LAST,data\processed\initial_graph_coloring_dataset\colpack_outputs_week13_expanded\bcsstk04_smallest_last.txt
bcsstk04,108,72,0.45038167938931295,SMALLEST_LAST,data\processed\initial_graph_coloring_dataset\colpack_outputs_week13_expanded\bcsstk04_smallest_last.txt
bcsstk04,109,73,0.44274809160305345,SMALLEST_LAST,data\processed\initial_graph_coloring_dataset\colpack_outputs_week13_expanded\bcsstk04_smallest_last.txt
bcsstk04,111,74,0.4351145038167939,SMALLEST_LAST,data\processed\initial_graph_coloring_dataset\colpack_outputs_week13_expanded\bcsstk04_smallest_last.txt
bcsstk04,112,75,0.42748091603053434,SMALLEST_LAST,data\processed\initial_graph_coloring_dataset\colpack_outputs_week13_expanded\bcsstk04_smallest_last.txt
bcsstk04,110,76,0.4198473282442748,SMALLEST_LAST,data\processed\initial_graph_coloring_dataset\colpack_outputs_week13_expanded\bcsstk04_smallest_last.txt
bcsstk04,78,77,0.4122137404580153,SMALLEST_LAST,data\processed\initial_graph_coloring_dataset\colpack_outputs_week13_expanded\bcsstk04_smallest_last.txt
bcsstk04,80,78,0.40458015267175573,SMALLEST_LAST,data\processed\initial_graph_coloring_dataset\colpack_outputs_week13_expanded\bcsstk04_smallest_last.txt
bcsstk04,79,79,0.3969465648854962,SMALLEST_LAST,data\processed\initial_graph_coloring_dataset\colpack_outputs_week13_expanded\bcsstk04_smallest_last.txt
bcsstk04,113,80,0.3893129770992366,SMALLEST_LAST,data\processed\initial_graph_coloring_dataset\colpack_outputs_week13_expanded\bcsstk04_smallest_last.txt
bcsstk04,81,81,0.3816793893129771,SMALLEST_LAST,data\processed\initial_graph_coloring_dataset\colpack_outputs_week13_expanded\bcsstk04_smallest_last.txt
bcsstk04,83,82,0.37404580152671757,SMALLEST_LAST,data\processed\initial_graph_coloring_dataset\colpack_outputs_week13_expanded\bcsstk04_smallest_last.txt
bcsstk04,82,83,0.366412213740458,SMALLEST_LAST,data\processed\initial_graph_coloring_dataset\colpack_outputs_week13_expanded\bcsstk04_smallest_last.txt
bcsstk04,114,84,0.35877862595419846,SMALLEST_LAST,data\processed\initial_graph_coloring_dataset\colpack_outputs_week13_expanded\bcsstk04_smallest_last.txt
bcsstk04,115,85,0.3511450381679389,SMALLEST_LAST,data\processed\initial_graph_coloring_dataset\colpack_outputs_week13_expanded\bcsstk04_smallest_last.txt
bcsstk04,117,86,0.3435114503816794,SMALLEST_LAST,data\processed\initial_graph_coloring_dataset\colpack_outputs_week13_expanded\bcsstk04_smallest_last.txt
bcsstk04,118,87,0.33587786259541985,SMALLEST_LAST,data\processed\initial_graph_coloring_dataset\colpack_outputs_week13_expanded\bcsstk04_smallest_last.txt
bcsstk04,116,88,0.3282442748091603,SMALLEST_LAST,data\processed\initial_graph_coloring_dataset\colpack_outputs_week13_expanded\bcsstk04_smallest_last.txt
bcsstk04,84,89,0.32061068702290074,SMALLEST_LAST,data\processed\initial_graph_coloring_dataset\colpack_outputs_week13_expanded\bcsstk04_smallest_last.txt
bcsstk04,86,90,0.31297709923664124,SMALLEST_LAST,data\processed\initial_graph_coloring_dataset\colpack_outputs_week13_expanded\bcsstk04_smallest_last.txt
bcsstk04,85,91,0.3053435114503817,SMALLEST_LAST,data\processed\initial_graph_coloring_dataset\colpack_outputs_week13_expanded\bcsstk04_smallest_last.txt
bcsstk04,119,92,0.29770992366412213,SMALLEST_LAST,data\processed\initial_graph_coloring_dataset\colpack_outputs_week13_expanded\bcsstk04_smallest_last.txt
bcsstk04,87,93,0.2900763358778626,SMALLEST_LAST,data\processed\initial_graph_coloring_dataset\colpack_outputs_week13_expanded\bcsstk04_smallest_last.txt
bcsstk04,89,94,0.2824427480916031,SMALLEST_LAST,data\processed\initial_graph_coloring_dataset\colpack_outputs_week13_expanded\bcsstk04_smallest_last.txt
bcsstk04,88,95,0.2748091603053435,SMALLEST_LAST,data\processed\initial_graph_coloring_dataset\colpack_outputs_week13_expanded\bcsstk04_smallest_last.txt
bcsstk04,0,96,0.26717557251908397,SMALLEST_LAST,data\processed\initial_graph_coloring_dataset\colpack_outputs_week13_expanded\bcsstk04_smallest_last.txt
bcsstk04,5,97,0.2595419847328244,SMALLEST_LAST,data\processed\initial_graph_coloring_dataset\colpack_outputs_week13_expanded\bcsstk04_smallest_last.txt
bcsstk04,18,98,0.25190839694656486,SMALLEST_LAST,data\processed\initial_graph_coloring_dataset\colpack_outputs_week13_expanded\bcsstk04_smallest_last.txt
bcsstk04,19,99,0.24427480916030533,SMALLEST_LAST,data\processed\initial_graph_coloring_dataset\colpack_outputs_week13_expanded\bcsstk04_smallest_last.txt
bcsstk04,23,100,0.2366412213740458,SMALLEST_LAST,data\processed\initial_graph_coloring_dataset\colpack_outputs_week13_expanded\bcsstk04_smallest_last.txt
bcsstk04,1,101,0.22900763358778625,SMALLEST_LAST,data\processed\initial_graph_coloring_dataset\colpack_outputs_week13_expanded\bcsstk04_smallest_last.txt
bcsstk04,2,102,0.22137404580152673,SMALLEST_LAST,data\processed\initial_graph_coloring_dataset\colpack_outputs_week13_expanded\bcsstk04_smallest_last.txt
bcsstk04,20,103,0.21374045801526717,SMALLEST_LAST,data\processed\initial_graph_coloring_dataset\colpack_outputs_week13_expanded\bcsstk04_smallest_last.txt
bcsstk04,3,104,0.20610687022900764,SMALLEST_LAST,data\processed\initial_graph_coloring_dataset\colpack_outputs_week13_expanded\bcsstk04_smallest_last.txt
bcsstk04,4,105,0.1984732824427481,SMALLEST_LAST,data\processed\initial_graph_coloring_dataset\colpack_outputs_week13_expanded\bcsstk04_smallest_last.txt
bcsstk04,21,106,0.19083969465648856,SMALLEST_LAST,data\processed\initial_graph_coloring_dataset\colpack_outputs_week13_expanded\bcsstk04_smallest_last.txt
bcsstk04,22,107,0.183206106870229,SMALLEST_LAST,data\processed\initial_graph_coloring_dataset\colpack_outputs_week13_expanded\bcsstk04_smallest_last.txt
bcsstk04,100,108,0.17557251908396945,SMALLEST_LAST,data\processed\initial_graph_coloring_dataset\colpack_outputs_week13_expanded\bcsstk04_smallest_last.txt
bcsstk04,96,109,0.16793893129770993,SMALLEST_LAST,data\processed\initial_graph_coloring_dataset\colpack_outputs_week13_expanded\bcsstk04_smallest_last.txt
bcsstk04,102,110,0.16030534351145037,SMALLEST_LAST,data\processed\initial_graph_coloring_dataset\colpack_outputs_week13_expanded\bcsstk04_smallest_last.txt
bcsstk04,103,111,0.15267175572519084,SMALLEST_LAST,data\processed\initial_graph_coloring_dataset\colpack_outputs_week13_expanded\bcsstk04_smallest_last.txt
bcsstk04,105,112,0.1450381679389313,SMALLEST_LAST,data\processed\initial_graph_coloring_dataset\colpack_outputs_week13_expanded\bcsstk04_smallest_last.txt
bcsstk04,107,113,0.13740458015267176,SMALLEST_LAST,data\processed\initial_graph_coloring_dataset\colpack_outputs_week13_expanded\bcsstk04_smallest_last.txt
bcsstk04,106,114,0.1297709923664122,SMALLEST_LAST,data\processed\initial_graph_coloring_dataset\colpack_outputs_week13_expanded\bcsstk04_smallest_last.txt
bcsstk04,104,115,0.12213740458015267,SMALLEST_LAST,data\processed\initial_graph_coloring_dataset\colpack_outputs_week13_expanded\bcsstk04_smallest_last.txt
bcsstk04,130,116,0.11450381679389313,SMALLEST_LAST,data\processed\initial_graph_coloring_dataset\colpack_outputs_week13_expanded\bcsstk04_smallest_last.txt
bcsstk04,122,117,0.10687022900763359,SMALLEST_LAST,data\processed\initial_graph_coloring_dataset\colpack_outputs_week13_expanded\bcsstk04_smallest_last.txt
bcsstk04,123,118,0.09923664122137404,SMALLEST_LAST,data\processed\initial_graph_coloring_dataset\colpack_outputs_week13_expanded\bcsstk04_smallest_last.txt
bcsstk04,124,119,0.0916030534351145,SMALLEST_LAST,data\processed\initial_graph_coloring_dataset\colpack_outputs_week13_expanded\bcsstk04_smallest_last.txt
bcsstk04,120,120,0.08396946564885496,SMALLEST_LAST,data\processed\initial_graph_coloring_dataset\colpack_outputs_week13_expanded\bcsstk04_smallest_last.txt
bcsstk04,121,121,0.07633587786259542,SMALLEST_LAST,data\processed\initial_graph_coloring_dataset\colpack_outputs_week13_expanded\bcsstk04_smallest_last.txt
bcsstk04,126,122,0.06870229007633588,SMALLEST_LAST,data\processed\initial_graph_coloring_dataset\colpack_outputs_week13_expanded\bcsstk04_smallest_last.txt
bcsstk04,125,123,0.061068702290076333,SMALLEST_LAST,data\processed\initial_graph_coloring_dataset\colpack_outputs_week13_expanded\bcsstk04_smallest_last.txt
bcsstk04,97,124,0.05343511450381679,SMALLEST_LAST,data\processed\initial_graph_coloring_dataset\colpack_outputs_week13_expanded\bcsstk04_smallest_last.txt
bcsstk04,127,125,0.04580152671755725,SMALLEST_LAST,data\processed\initial_graph_coloring_dataset\colpack_outputs_week13_expanded\bcsstk04_smallest_last.txt
bcsstk04,129,126,0.03816793893129771,SMALLEST_LAST,data\processed\initial_graph_coloring_dataset\colpack_outputs_week13_expanded\bcsstk04_smallest_last.txt
bcsstk04,99,127,0.030534351145038167,SMALLEST_LAST,data\processed\initial_graph_coloring_dataset\colpack_outputs_week13_expanded\bcsstk04_smallest_last.txt
bcsstk04,98,128,0.022900763358778626,SMALLEST_LAST,data\processed\initial_graph_coloring_dataset\colpack_outputs_week13_expanded\bcsstk04_smallest_last.txt
bcsstk04,128,129,0.015267175572519083,SMALLEST_LAST,data\processed\initial_graph_coloring_dataset\colpack_outputs_week13_expanded\bcsstk04_smallest_last.txt
bcsstk04,101,130,0.007633587786259542,SMALLEST_LAST,data\processed\initial_graph_coloring_dataset\colpack_outputs_week13_expanded\bcsstk04_smallest_last.txt
bcsstk04,131,131,0.0,SMALLEST_LAST,data\processed\initial_graph_coloring_dataset\colpack_outputs_week13_expanded\bcsstk04_smallest_last.txt
bcsstk05,126,0,1.0,SMALLEST_LAST,data\processed\initial_graph_coloring_dataset\colpack_outputs_week13_expanded\bcsstk05_smallest_last.txt
bcsstk05,127,1,0.993421052631579,SMALLEST_LAST,data\processed\initial_graph_coloring_dataset\colpack_outputs_week13_expanded\bcsstk05_smallest_last.txt
bcsstk05,128,2,0.9868421052631579,SMALLEST_LAST,data\processed\initial_graph_coloring_dataset\colpack_outputs_week13_expanded\bcsstk05_smallest_last.txt
bcsstk05,138,3,0.9802631578947368,SMALLEST_LAST,data\processed\initial_graph_coloring_dataset\colpack_outputs_week13_expanded\bcsstk05_smallest_last.txt
bcsstk05,139,4,0.9736842105263158,SMALLEST_LAST,data\processed\initial_graph_coloring_dataset\colpack_outputs_week13_expanded\bcsstk05_smallest_last.txt
bcsstk05,140,5,0.9671052631578947,SMALLEST_LAST,data\processed\initial_graph_coloring_dataset\colpack_outputs_week13_expanded\bcsstk05_smallest_last.txt
bcsstk05,141,6,0.9605263157894737,SMALLEST_LAST,data\processed\initial_graph_coloring_dataset\colpack_outputs_week13_expanded\bcsstk05_smallest_last.txt
bcsstk05,142,7,0.9539473684210527,SMALLEST_LAST,data\processed\initial_graph_coloring_dataset\colpack_outputs_week13_expanded\bcsstk05_smallest_last.txt
bcsstk05,143,8,0.9473684210526315,SMALLEST_LAST,data\processed\initial_graph_coloring_dataset\colpack_outputs_week13_expanded\bcsstk05_smallest_last.txt
bcsstk05,132,9,0.9407894736842105,SMALLEST_LAST,data\processed\initial_graph_coloring_dataset\colpack_outputs_week13_expanded\bcsstk05_smallest_last.txt
bcsstk05,134,10,0.9342105263157895,SMALLEST_LAST,data\processed\initial_graph_coloring_dataset\colpack_outputs_week13_expanded\bcsstk05_smallest_last.txt
bcsstk05,117,11,0.9276315789473685,SMALLEST_LAST,data\processed\initial_graph_coloring_dataset\colpack_outputs_week13_expanded\bcsstk05_smallest_last.txt
bcsstk05,118,12,0.9210526315789473,SMALLEST_LAST,data\processed\initial_graph_coloring_dataset\colpack_outputs_week13_expanded\bcsstk05_smallest_last.txt
bcsstk05,119,13,0.9144736842105263,SMALLEST_LAST,data\processed\initial_graph_coloring_dataset\colpack_outputs_week13_expanded\bcsstk05_smallest_last.txt
bcsstk05,105,14,0.9078947368421053,SMALLEST_LAST,data\processed\initial_graph_coloring_dataset\colpack_outputs_week13_expanded\bcsstk05_smallest_last.txt
bcsstk05,106,15,0.9013157894736842,SMALLEST_LAST,data\processed\initial_graph_coloring_dataset\colpack_outputs_week13_expanded\bcsstk05_smallest_last.txt
bcsstk05,107,16,0.8947368421052632,SMALLEST_LAST,data\processed\initial_graph_coloring_dataset\colpack_outputs_week13_expanded\bcsstk05_smallest_last.txt
bcsstk05,129,17,0.8881578947368421,SMALLEST_LAST,data\processed\initial_graph_coloring_dataset\colpack_outputs_week13_expanded\bcsstk05_smallest_last.txt
bcsstk05,131,18,0.881578947368421,SMALLEST_LAST,data\processed\initial_graph_coloring_dataset\colpack_outputs_week13_expanded\bcsstk05_smallest_last.txt
bcsstk05,133,19,0.875,SMALLEST_LAST,data\processed\initial_graph_coloring_dataset\colpack_outputs_week13_expanded\bcsstk05_smallest_last.txt
bcsstk05,120,20,0.868421052631579,SMALLEST_LAST,data\processed\initial_graph_coloring_dataset\colpack_outputs_week13_expanded\bcsstk05_smallest_last.txt
bcsstk05,121,21,0.8618421052631579,SMALLEST_LAST,data\processed\initial_graph_coloring_dataset\colpack_outputs_week13_expanded\bcsstk05_smallest_last.txt
bcsstk05,122,22,0.8552631578947368,SMALLEST_LAST,data\processed\initial_graph_coloring_dataset\colpack_outputs_week13_expanded\bcsstk05_smallest_last.txt
bcsstk05,135,23,0.8486842105263158,SMALLEST_LAST,data\processed\initial_graph_coloring_dataset\colpack_outputs_week13_expanded\bcsstk05_smallest_last.txt
bcsstk05,137,24,0.8421052631578947,SMALLEST_LAST,data\processed\initial_graph_coloring_dataset\colpack_outputs_week13_expanded\bcsstk05_smallest_last.txt
bcsstk05,123,25,0.8355263157894737,SMALLEST_LAST,data\processed\initial_graph_coloring_dataset\colpack_outputs_week13_expanded\bcsstk05_smallest_last.txt
bcsstk05,124,26,0.8289473684210527,SMALLEST_LAST,data\processed\initial_graph_coloring_dataset\colpack_outputs_week13_expanded\bcsstk05_smallest_last.txt
bcsstk05,125,27,0.8223684210526315,SMALLEST_LAST,data\processed\initial_graph_coloring_dataset\colpack_outputs_week13_expanded\bcsstk05_smallest_last.txt
bcsstk05,108,28,0.8157894736842105,SMALLEST_LAST,data\processed\initial_graph_coloring_dataset\colpack_outputs_week13_expanded\bcsstk05_smallest_last.txt
bcsstk05,109,29,0.8092105263157895,SMALLEST_LAST,data\processed\initial_graph_coloring_dataset\colpack_outputs_week13_expanded\bcsstk05_smallest_last.txt
bcsstk05,110,30,0.8026315789473685,SMALLEST_LAST,data\processed\initial_graph_coloring_dataset\colpack_outputs_week13_expanded\bcsstk05_smallest_last.txt
bcsstk05,114,31,0.7960526315789473,SMALLEST_LAST,data\processed\initial_graph_coloring_dataset\colpack_outputs_week13_expanded\bcsstk05_smallest_last.txt
bcsstk05,115,32,0.7894736842105263,SMALLEST_LAST,data\processed\initial_graph_coloring_dataset\colpack_outputs_week13_expanded\bcsstk05_smallest_last.txt
bcsstk05,116,33,0.7828947368421053,SMALLEST_LAST,data\processed\initial_graph_coloring_dataset\colpack_outputs_week13_expanded\bcsstk05_smallest_last.txt
bcsstk05,93,34,0.7763157894736842,SMALLEST_LAST,data\processed\initial_graph_coloring_dataset\colpack_outputs_week13_expanded\bcsstk05_smallest_last.txt
bcsstk05,94,35,0.7697368421052632,SMALLEST_LAST,data\processed\initial_graph_coloring_dataset\colpack_outputs_week13_expanded\bcsstk05_smallest_last.txt
bcsstk05,95,36,0.7631578947368421,SMALLEST_LAST,data\processed\initial_graph_coloring_dataset\colpack_outputs_week13_expanded\bcsstk05_smallest_last.txt
bcsstk05,111,37,0.756578947368421,SMALLEST_LAST,data\processed\initial_graph_coloring_dataset\colpack_outputs_week13_expanded\bcsstk05_smallest_last.txt
bcsstk05,112,38,0.75,SMALLEST_LAST,data\processed\initial_graph_coloring_dataset\colpack_outputs_week13_expanded\bcsstk05_smallest_last.txt
bcsstk05,113,39,0.743421052631579,SMALLEST_LAST,data\processed\initial_graph_coloring_dataset\colpack_outputs_week13_expanded\bcsstk05_smallest_last.txt
bcsstk05,99,40,0.7368421052631579,SMALLEST_LAST,data\processed\initial_graph_coloring_dataset\colpack_outputs_week13_expanded\bcsstk05_smallest_last.txt
bcsstk05,100,41,0.7302631578947368,SMALLEST_LAST,data\processed\initial_graph_coloring_dataset\colpack_outputs_week13_expanded\bcsstk05_smallest_last.txt
bcsstk05,101,42,0.7236842105263158,SMALLEST_LAST,data\processed\initial_graph_coloring_dataset\colpack_outputs_week13_expanded\bcsstk05_smallest_last.txt
bcsstk05,102,43,0.7171052631578947,SMALLEST_LAST,data\processed\initial_graph_coloring_dataset\colpack_outputs_week13_expanded\bcsstk05_smallest_last.txt
bcsstk05,103,44,0.7105263157894737,SMALLEST_LAST,data\processed\initial_graph_coloring_dataset\colpack_outputs_week13_expanded\bcsstk05_smallest_last.txt
bcsstk05,104,45,0.7039473684210527,SMALLEST_LAST,data\processed\initial_graph_coloring_dataset\colpack_outputs_week13_expanded\bcsstk05_smallest_last.txt
bcsstk05,90,46,0.6973684210526315,SMALLEST_LAST,data\processed\initial_graph_coloring_dataset\colpack_outputs_week13_expanded\bcsstk05_smallest_last.txt
bcsstk05,91,47,0.6907894736842105,SMALLEST_LAST,data\processed\initial_graph_coloring_dataset\colpack_outputs_week13_expanded\bcsstk05_smallest_last.txt
bcsstk05,92,48,0.6842105263157895,SMALLEST_LAST,data\processed\initial_graph_coloring_dataset\colpack_outputs_week13_expanded\bcsstk05_smallest_last.txt
bcsstk05,96,49,0.6776315789473685,SMALLEST_LAST,data\processed\initial_graph_coloring_dataset\colpack_outputs_week13_expanded\bcsstk05_smallest_last.txt
bcsstk05,97,50,0.6710526315789473,SMALLEST_LAST,data\processed\initial_graph_coloring_dataset\colpack_outputs_week13_expanded\bcsstk05_smallest_last.txt
bcsstk05,98,51,0.6644736842105263,SMALLEST_LAST,data\processed\initial_graph_coloring_dataset\colpack_outputs_week13_expanded\bcsstk05_smallest_last.txt
bcsstk05,81,52,0.6578947368421053,SMALLEST_LAST,data\processed\initial_graph_coloring_dataset\colpack_outputs_week13_expanded\bcsstk05_smallest_last.txt
bcsstk05,82,53,0.6513157894736842,SMALLEST_LAST,data\processed\initial_graph_coloring_dataset\colpack_outputs_week13_expanded\bcsstk05_smallest_last.txt
bcsstk05,83,54,0.6447368421052632,SMALLEST_LAST,data\processed\initial_graph_coloring_dataset\colpack_outputs_week13_expanded\bcsstk05_smallest_last.txt
bcsstk05,84,55,0.6381578947368421,SMALLEST_LAST,data\processed\initial_graph_coloring_dataset\colpack_outputs_week13_expanded\bcsstk05_smallest_last.txt
bcsstk05,85,56,0.631578947368421,SMALLEST_LAST,data\processed\initial_graph_coloring_dataset\colpack_outputs_week13_expanded\bcsstk05_smallest_last.txt
bcsstk05,86,57,0.625,SMALLEST_LAST,data\processed\initial_graph_coloring_dataset\colpack_outputs_week13_expanded\bcsstk05_smallest_last.txt
bcsstk05,87,58,0.618421052631579,SMALLEST_LAST,data\processed\initial_graph_coloring_dataset\colpack_outputs_week13_expanded\bcsstk05_smallest_last.txt
bcsstk05,88,59,0.6118421052631579,SMALLEST_LAST,data\processed\initial_graph_coloring_dataset\colpack_outputs_week13_expanded\bcsstk05_smallest_last.txt
bcsstk05,89,60,0.6052631578947368,SMALLEST_LAST,data\processed\initial_graph_coloring_dataset\colpack_outputs_week13_expanded\bcsstk05_smallest_last.txt
bcsstk05,71,61,0.5986842105263158,SMALLEST_LAST,data\processed\initial_graph_coloring_dataset\colpack_outputs_week13_expanded\bcsstk05_smallest_last.txt
bcsstk05,78,62,0.5921052631578947,SMALLEST_LAST,data\processed\initial_graph_coloring_dataset\colpack_outputs_week13_expanded\bcsstk05_smallest_last.txt
bcsstk05,80,63,0.5855263157894737,SMALLEST_LAST,data\processed\initial_graph_coloring_dataset\colpack_outputs_week13_expanded\bcsstk05_smallest_last.txt
bcsstk05,69,64,0.5789473684210527,SMALLEST_LAST,data\processed\initial_graph_coloring_dataset\colpack_outputs_week13_expanded\bcsstk05_smallest_last.txt
bcsstk05,130,65,0.5723684210526315,SMALLEST_LAST,data\processed\initial_graph_coloring_dataset\colpack_outputs_week13_expanded\bcsstk05_smallest_last.txt
bcsstk05,136,66,0.5657894736842105,SMALLEST_LAST,data\processed\initial_graph_coloring_dataset\colpack_outputs_week13_expanded\bcsstk05_smallest_last.txt
bcsstk05,144,67,0.5592105263157895,SMALLEST_LAST,data\processed\initial_graph_coloring_dataset\colpack_outputs_week13_expanded\bcsstk05_smallest_last.txt
bcsstk05,145,68,0.5526315789473685,SMALLEST_LAST,data\processed\initial_graph_coloring_dataset\colpack_outputs_week13_expanded\bcsstk05_smallest_last.txt
bcsstk05,146,69,0.5460526315789473,SMALLEST_LAST,data\processed\initial_graph_coloring_dataset\colpack_outputs_week13_expanded\bcsstk05_smallest_last.txt
bcsstk05,149,70,0.5394736842105263,SMALLEST_LAST,data\processed\initial_graph_coloring_dataset\colpack_outputs_week13_expanded\bcsstk05_smallest_last.txt
bcsstk05,148,71,0.5328947368421053,SMALLEST_LAST,data\processed\initial_graph_coloring_dataset\colpack_outputs_week13_expanded\bcsstk05_smallest_last.txt
bcsstk05,147,72,0.5263157894736842,SMALLEST_LAST,data\processed\initial_graph_coloring_dataset\colpack_outputs_week13_expanded\bcsstk05_smallest_last.txt
bcsstk05,150,73,0.5197368421052632,SMALLEST_LAST,data\processed\initial_graph_coloring_dataset\colpack_outputs_week13_expanded\bcsstk05_smallest_last.txt
bcsstk05,152,74,0.5131578947368421,SMALLEST_LAST,data\processed\initial_graph_coloring_dataset\colpack_outputs_week13_expanded\bcsstk05_smallest_last.txt
bcsstk05,151,75,0.506578947368421,SMALLEST_LAST,data\processed\initial_graph_coloring_dataset\colpack_outputs_week13_expanded\bcsstk05_smallest_last.txt
bcsstk05,79,76,0.5,SMALLEST_LAST,data\processed\initial_graph_coloring_dataset\colpack_outputs_week13_expanded\bcsstk05_smallest_last.txt
bcsstk05,66,77,0.4934210526315789,SMALLEST_LAST,data\processed\initial_graph_coloring_dataset\colpack_outputs_week13_expanded\bcsstk05_smallest_last.txt
bcsstk05,68,78,0.4868421052631579,SMALLEST_LAST,data\processed\initial_graph_coloring_dataset\colpack_outputs_week13_expanded\bcsstk05_smallest_last.txt
bcsstk05,67,79,0.48026315789473684,SMALLEST_LAST,data\processed\initial_graph_coloring_dataset\colpack_outputs_week13_expanded\bcsstk05_smallest_last.txt
bcsstk05,70,80,0.47368421052631576,SMALLEST_LAST,data\processed\initial_graph_coloring_dataset\colpack_outputs_week13_expanded\bcsstk05_smallest_last.txt
bcsstk05,75,81,0.46710526315789475,SMALLEST_LAST,data\processed\initial_graph_coloring_dataset\colpack_outputs_week13_expanded\bcsstk05_smallest_last.txt
bcsstk05,77,82,0.4605263157894737,SMALLEST_LAST,data\processed\initial_graph_coloring_dataset\colpack_outputs_week13_expanded\bcsstk05_smallest_last.txt
bcsstk05,76,83,0.45394736842105265,SMALLEST_LAST,data\processed\initial_graph_coloring_dataset\colpack_outputs_week13_expanded\bcsstk05_smallest_last.txt
bcsstk05,55,84,0.4473684210526316,SMALLEST_LAST,data\processed\initial_graph_coloring_dataset\colpack_outputs_week13_expanded\bcsstk05_smallest_last.txt
bcsstk05,72,85,0.4407894736842105,SMALLEST_LAST,data\processed\initial_graph_coloring_dataset\colpack_outputs_week13_expanded\bcsstk05_smallest_last.txt
bcsstk05,58,86,0.4342105263157895,SMALLEST_LAST,data\processed\initial_graph_coloring_dataset\colpack_outputs_week13_expanded\bcsstk05_smallest_last.txt
bcsstk05,74,87,0.4276315789473684,SMALLEST_LAST,data\processed\initial_graph_coloring_dataset\colpack_outputs_week13_expanded\bcsstk05_smallest_last.txt
bcsstk05,54,88,0.42105263157894735,SMALLEST_LAST,data\processed\initial_graph_coloring_dataset\colpack_outputs_week13_expanded\bcsstk05_smallest_last.txt
bcsstk05,56,89,0.4144736842105263,SMALLEST_LAST,data\processed\initial_graph_coloring_dataset\colpack_outputs_week13_expanded\bcsstk05_smallest_last.txt
bcsstk05,1,90,0.40789473684210525,SMALLEST_LAST,data\processed\initial_graph_coloring_dataset\colpack_outputs_week13_expanded\bcsstk05_smallest_last.txt
bcsstk05,2,91,0.40131578947368424,SMALLEST_LAST,data\processed\initial_graph_coloring_dataset\colpack_outputs_week13_expanded\bcsstk05_smallest_last.txt
bcsstk05,9,92,0.39473684210526316,SMALLEST_LAST,data\processed\initial_graph_coloring_dataset\colpack_outputs_week13_expanded\bcsstk05_smallest_last.txt
bcsstk05,11,93,0.3881578947368421,SMALLEST_LAST,data\processed\initial_graph_coloring_dataset\colpack_outputs_week13_expanded\bcsstk05_smallest_last.txt
bcsstk05,18,94,0.3815789473684211,SMALLEST_LAST,data\processed\initial_graph_coloring_dataset\colpack_outputs_week13_expanded\bcsstk05_smallest_last.txt
bcsstk05,20,95,0.375,SMALLEST_LAST,data\processed\initial_graph_coloring_dataset\colpack_outputs_week13_expanded\bcsstk05_smallest_last.txt
bcsstk05,0,96,0.3684210526315789,SMALLEST_LAST,data\processed\initial_graph_coloring_dataset\colpack_outputs_week13_expanded\bcsstk05_smallest_last.txt
bcsstk05,6,97,0.3618421052631579,SMALLEST_LAST,data\processed\initial_graph_coloring_dataset\colpack_outputs_week13_expanded\bcsstk05_smallest_last.txt
bcsstk05,8,98,0.35526315789473684,SMALLEST_LAST,data\processed\initial_graph_coloring_dataset\colpack_outputs_week13_expanded\bcsstk05_smallest_last.txt
bcsstk05,7,99,0.34868421052631576,SMALLEST_LAST,data\processed\initial_graph_coloring_dataset\colpack_outputs_week13_expanded\bcsstk05_smallest_last.txt
bcsstk05,10,100,0.34210526315789475,SMALLEST_LAST,data\processed\initial_graph_coloring_dataset\colpack_outputs_week13_expanded\bcsstk05_smallest_last.txt
bcsstk05,15,101,0.3355263157894737,SMALLEST_LAST,data\processed\initial_graph_coloring_dataset\colpack_outputs_week13_expanded\bcsstk05_smallest_last.txt
bcsstk05,17,102,0.32894736842105265,SMALLEST_LAST,data\processed\initial_graph_coloring_dataset\colpack_outputs_week13_expanded\bcsstk05_smallest_last.txt
bcsstk05,16,103,0.3223684210526316,SMALLEST_LAST,data\processed\initial_graph_coloring_dataset\colpack_outputs_week13_expanded\bcsstk05_smallest_last.txt
bcsstk05,25,104,0.3157894736842105,SMALLEST_LAST,data\processed\initial_graph_coloring_dataset\colpack_outputs_week13_expanded\bcsstk05_smallest_last.txt
bcsstk05,19,105,0.3092105263157895,SMALLEST_LAST,data\processed\initial_graph_coloring_dataset\colpack_outputs_week13_expanded\bcsstk05_smallest_last.txt
bcsstk05,28,106,0.3026315789473684,SMALLEST_LAST,data\processed\initial_graph_coloring_dataset\colpack_outputs_week13_expanded\bcsstk05_smallest_last.txt
bcsstk05,31,107,0.29605263157894735,SMALLEST_LAST,data\processed\initial_graph_coloring_dataset\colpack_outputs_week13_expanded\bcsstk05_smallest_last.txt
bcsstk05,46,108,0.2894736842105263,SMALLEST_LAST,data\processed\initial_graph_coloring_dataset\colpack_outputs_week13_expanded\bcsstk05_smallest_last.txt
bcsstk05,61,109,0.28289473684210525,SMALLEST_LAST,data\processed\initial_graph_coloring_dataset\colpack_outputs_week13_expanded\bcsstk05_smallest_last.txt
bcsstk05,22,110,0.27631578947368424,SMALLEST_LAST,data\processed\initial_graph_coloring_dataset\colpack_outputs_week13_expanded\bcsstk05_smallest_last.txt
bcsstk05,37,111,0.26973684210526316,SMALLEST_LAST,data\processed\initial_graph_coloring_dataset\colpack_outputs_week13_expanded\bcsstk05_smallest_last.txt
bcsstk05,52,112,0.2631578947368421,SMALLEST_LAST,data\processed\initial_graph_coloring_dataset\colpack_outputs_week13_expanded\bcsstk05_smallest_last.txt
bcsstk05,40,113,0.2565789473684211,SMALLEST_LAST,data\processed\initial_graph_coloring_dataset\colpack_outputs_week13_expanded\bcsstk05_smallest_last.txt
bcsstk05,49,114,0.25,SMALLEST_LAST,data\processed\initial_graph_coloring_dataset\colpack_outputs_week13_expanded\bcsstk05_smallest_last.txt
bcsstk05,26,115,0.24342105263157895,SMALLEST_LAST,data\processed\initial_graph_coloring_dataset\colpack_outputs_week13_expanded\bcsstk05_smallest_last.txt
bcsstk05,24,116,0.23684210526315788,SMALLEST_LAST,data\processed\initial_graph_coloring_dataset\colpack_outputs_week13_expanded\bcsstk05_smallest_last.txt
bcsstk05,27,117,0.23026315789473684,SMALLEST_LAST,data\processed\initial_graph_coloring_dataset\colpack_outputs_week13_expanded\bcsstk05_smallest_last.txt
bcsstk05,42,118,0.2236842105263158,SMALLEST_LAST,data\processed\initial_graph_coloring_dataset\colpack_outputs_week13_expanded\bcsstk05_smallest_last.txt
bcsstk05,29,119,0.21710526315789475,SMALLEST_LAST,data\processed\initial_graph_coloring_dataset\colpack_outputs_week13_expanded\bcsstk05_smallest_last.txt
bcsstk05,44,120,0.21052631578947367,SMALLEST_LAST,data\processed\initial_graph_coloring_dataset\colpack_outputs_week13_expanded\bcsstk05_smallest_last.txt
bcsstk05,47,121,0.20394736842105263,SMALLEST_LAST,data\processed\initial_graph_coloring_dataset\colpack_outputs_week13_expanded\bcsstk05_smallest_last.txt
bcsstk05,41,122,0.19736842105263158,SMALLEST_LAST,data\processed\initial_graph_coloring_dataset\colpack_outputs_week13_expanded\bcsstk05_smallest_last.txt
bcsstk05,59,123,0.19078947368421054,SMALLEST_LAST,data\processed\initial_graph_coloring_dataset\colpack_outputs_week13_expanded\bcsstk05_smallest_last.txt
bcsstk05,57,124,0.18421052631578946,SMALLEST_LAST,data\processed\initial_graph_coloring_dataset\colpack_outputs_week13_expanded\bcsstk05_smallest_last.txt
bcsstk05,39,125,0.17763157894736842,SMALLEST_LAST,data\processed\initial_graph_coloring_dataset\colpack_outputs_week13_expanded\bcsstk05_smallest_last.txt
bcsstk05,48,126,0.17105263157894737,SMALLEST_LAST,data\processed\initial_graph_coloring_dataset\colpack_outputs_week13_expanded\bcsstk05_smallest_last.txt
bcsstk05,50,127,0.16447368421052633,SMALLEST_LAST,data\processed\initial_graph_coloring_dataset\colpack_outputs_week13_expanded\bcsstk05_smallest_last.txt
bcsstk05,21,128,0.15789473684210525,SMALLEST_LAST,data\processed\initial_graph_coloring_dataset\colpack_outputs_week13_expanded\bcsstk05_smallest_last.txt
bcsstk05,23,129,0.1513157894736842,SMALLEST_LAST,data\processed\initial_graph_coloring_dataset\colpack_outputs_week13_expanded\bcsstk05_smallest_last.txt
bcsstk05,33,130,0.14473684210526316,SMALLEST_LAST,data\processed\initial_graph_coloring_dataset\colpack_outputs_week13_expanded\bcsstk05_smallest_last.txt
bcsstk05,36,131,0.13815789473684212,SMALLEST_LAST,data\processed\initial_graph_coloring_dataset\colpack_outputs_week13_expanded\bcsstk05_smallest_last.txt
bcsstk05,35,132,0.13157894736842105,SMALLEST_LAST,data\processed\initial_graph_coloring_dataset\colpack_outputs_week13_expanded\bcsstk05_smallest_last.txt
bcsstk05,38,133,0.125,SMALLEST_LAST,data\processed\initial_graph_coloring_dataset\colpack_outputs_week13_expanded\bcsstk05_smallest_last.txt
bcsstk05,32,134,0.11842105263157894,SMALLEST_LAST,data\processed\initial_graph_coloring_dataset\colpack_outputs_week13_expanded\bcsstk05_smallest_last.txt
bcsstk05,30,135,0.1118421052631579,SMALLEST_LAST,data\processed\initial_graph_coloring_dataset\colpack_outputs_week13_expanded\bcsstk05_smallest_last.txt
bcsstk05,45,136,0.10526315789473684,SMALLEST_LAST,data\processed\initial_graph_coloring_dataset\colpack_outputs_week13_expanded\bcsstk05_smallest_last.txt
bcsstk05,63,137,0.09868421052631579,SMALLEST_LAST,data\processed\initial_graph_coloring_dataset\colpack_outputs_week13_expanded\bcsstk05_smallest_last.txt
bcsstk05,51,138,0.09210526315789473,SMALLEST_LAST,data\processed\initial_graph_coloring_dataset\colpack_outputs_week13_expanded\bcsstk05_smallest_last.txt
bcsstk05,53,139,0.08552631578947369,SMALLEST_LAST,data\processed\initial_graph_coloring_dataset\colpack_outputs_week13_expanded\bcsstk05_smallest_last.txt
bcsstk05,65,140,0.07894736842105263,SMALLEST_LAST,data\processed\initial_graph_coloring_dataset\colpack_outputs_week13_expanded\bcsstk05_smallest_last.txt
bcsstk05,60,141,0.07236842105263158,SMALLEST_LAST,data\processed\initial_graph_coloring_dataset\colpack_outputs_week13_expanded\bcsstk05_smallest_last.txt
bcsstk05,62,142,0.06578947368421052,SMALLEST_LAST,data\processed\initial_graph_coloring_dataset\colpack_outputs_week13_expanded\bcsstk05_smallest_last.txt
bcsstk05,64,143,0.05921052631578947,SMALLEST_LAST,data\processed\initial_graph_coloring_dataset\colpack_outputs_week13_expanded\bcsstk05_smallest_last.txt
bcsstk05,73,144,0.05263157894736842,SMALLEST_LAST,data\processed\initial_graph_coloring_dataset\colpack_outputs_week13_expanded\bcsstk05_smallest_last.txt
bcsstk05,34,145,0.046052631578947366,SMALLEST_LAST,data\processed\initial_graph_coloring_dataset\colpack_outputs_week13_expanded\bcsstk05_smallest_last.txt
bcsstk05,43,146,0.039473684210526314,SMALLEST_LAST,data\processed\initial_graph_coloring_dataset\colpack_outputs_week13_expanded\bcsstk05_smallest_last.txt
bcsstk05,12,147,0.03289473684210526,SMALLEST_LAST,data\processed\initial_graph_coloring_dataset\colpack_outputs_week13_expanded\bcsstk05_smallest_last.txt
bcsstk05,3,148,0.02631578947368421,SMALLEST_LAST,data\processed\initial_graph_coloring_dataset\colpack_outputs_week13_expanded\bcsstk05_smallest_last.txt
bcsstk05,5,149,0.019736842105263157,SMALLEST_LAST,data\processed\initial_graph_coloring_dataset\colpack_outputs_week13_expanded\bcsstk05_smallest_last.txt
bcsstk05,14,150,0.013157894736842105,SMALLEST_LAST,data\processed\initial_graph_coloring_dataset\colpack_outputs_week13_expanded\bcsstk05_smallest_last.txt
bcsstk05,4,151,0.006578947368421052,SMALLEST_LAST,data\processed\initial_graph_coloring_dataset\colpack_outputs_week13_expanded\bcsstk05_smallest_last.txt
bcsstk05,13,152,0.0,SMALLEST_LAST,data\processed\initial_graph_coloring_dataset\colpack_outputs_week13_expanded\bcsstk05_smallest_last.txt
bcsstk06,3,0,1.0,SMALLEST_LAST,data\processed\initial_graph_coloring_dataset\colpack_outputs_week13_expanded\bcsstk06_smallest_last.txt
bcsstk06,5,1,0.9976133651551312,SMALLEST_LAST,data\processed\initial_graph_coloring_dataset\colpack_outputs_week13_expanded\bcsstk06_smallest_last.txt
bcsstk06,6,2,0.9952267303102625,SMALLEST_LAST,data\processed\initial_graph_coloring_dataset\colpack_outputs_week13_expanded\bcsstk06_smallest_last.txt
bcsstk06,7,3,0.9928400954653938,SMALLEST_LAST,data\processed\initial_graph_coloring_dataset\colpack_outputs_week13_expanded\bcsstk06_smallest_last.txt
bcsstk06,45,4,0.9904534606205251,SMALLEST_LAST,data\processed\initial_graph_coloring_dataset\colpack_outputs_week13_expanded\bcsstk06_smallest_last.txt
bcsstk06,47,5,0.9880668257756563,SMALLEST_LAST,data\processed\initial_graph_coloring_dataset\colpack_outputs_week13_expanded\bcsstk06_smallest_last.txt
bcsstk06,48,6,0.9856801909307876,SMALLEST_LAST,data\processed\initial_graph_coloring_dataset\colpack_outputs_week13_expanded\bcsstk06_smallest_last.txt
bcsstk06,49,7,0.9832935560859188,SMALLEST_LAST,data\processed\initial_graph_coloring_dataset\colpack_outputs_week13_expanded\bcsstk06_smallest_last.txt
bcsstk06,50,8,0.9809069212410502,SMALLEST_LAST,data\processed\initial_graph_coloring_dataset\colpack_outputs_week13_expanded\bcsstk06_smallest_last.txt
bcsstk06,8,9,0.9785202863961814,SMALLEST_LAST,data\processed\initial_graph_coloring_dataset\colpack_outputs_week13_expanded\bcsstk06_smallest_last.txt
bcsstk06,9,10,0.9761336515513126,SMALLEST_LAST,data\processed\initial_graph_coloring_dataset\colpack_outputs_week13_expanded\bcsstk06_smallest_last.txt
bcsstk06,11,11,0.9737470167064439,SMALLEST_LAST,data\processed\initial_graph_coloring_dataset\colpack_outputs_week13_expanded\bcsstk06_smallest_last.txt
bcsstk06,12,12,0.9713603818615751,SMALLEST_LAST,data\processed\initial_graph_coloring_dataset\colpack_outputs_week13_expanded\bcsstk06_smallest_last.txt
bcsstk06,14,13,0.9689737470167065,SMALLEST_LAST,data\processed\initial_graph_coloring_dataset\colpack_outputs_week13_expanded\bcsstk06_smallest_last.txt
bcsstk06,51,14,0.9665871121718377,SMALLEST_LAST,data\processed\initial_graph_coloring_dataset\colpack_outputs_week13_expanded\bcsstk06_smallest_last.txt
bcsstk06,53,15,0.964200477326969,SMALLEST_LAST,data\processed\initial_graph_coloring_dataset\colpack_outputs_week13_expanded\bcsstk06_smallest_last.txt
bcsstk06,54,16,0.9618138424821002,SMALLEST_LAST,data\processed\initial_graph_coloring_dataset\colpack_outputs_week13_expanded\bcsstk06_smallest_last.txt
bcsstk06,56,17,0.9594272076372315,SMALLEST_LAST,data\processed\initial_graph_coloring_dataset\colpack_outputs_week13_expanded\bcsstk06_smallest_last.txt
bcsstk06,46,18,0.9570405727923628,SMALLEST_LAST,data\processed\initial_graph_coloring_dataset\colpack_outputs_week13_expanded\bcsstk06_smallest_last.txt
bcsstk06,52,19,0.954653937947494,SMALLEST_LAST,data\processed\initial_graph_coloring_dataset\colpack_outputs_week13_expanded\bcsstk06_smallest_last.txt
bcsstk06,55,20,0.9522673031026253,SMALLEST_LAST,data\processed\initial_graph_coloring_dataset\colpack_outputs_week13_expanded\bcsstk06_smallest_last.txt
bcsstk06,87,21,0.9498806682577565,SMALLEST_LAST,data\processed\initial_graph_coloring_dataset\colpack_outputs_week13_expanded\bcsstk06_smallest_last.txt
bcsstk06,89,22,0.9474940334128878,SMALLEST_LAST,data\processed\initial_graph_coloring_dataset\colpack_outputs_week13_expanded\bcsstk06_smallest_last.txt
bcsstk06,90,23,0.9451073985680191,SMALLEST_LAST,data\processed\initial_graph_coloring_dataset\colpack_outputs_week13_expanded\bcsstk06_smallest_last.txt
bcsstk06,91,24,0.9427207637231504,SMALLEST_LAST,data\processed\initial_graph_coloring_dataset\colpack_outputs_week13_expanded\bcsstk06_smallest_last.txt
bcsstk06,92,25,0.9403341288782816,SMALLEST_LAST,data\processed\initial_graph_coloring_dataset\colpack_outputs_week13_expanded\bcsstk06_smallest_last.txt
bcsstk06,93,26,0.9379474940334129,SMALLEST_LAST,data\processed\initial_graph_coloring_dataset\colpack_outputs_week13_expanded\bcsstk06_smallest_last.txt
bcsstk06,95,27,0.9355608591885441,SMALLEST_LAST,data\processed\initial_graph_coloring_dataset\colpack_outputs_week13_expanded\bcsstk06_smallest_last.txt
bcsstk06,96,28,0.9331742243436754,SMALLEST_LAST,data\processed\initial_graph_coloring_dataset\colpack_outputs_week13_expanded\bcsstk06_smallest_last.txt
bcsstk06,98,29,0.9307875894988067,SMALLEST_LAST,data\processed\initial_graph_coloring_dataset\colpack_outputs_week13_expanded\bcsstk06_smallest_last.txt
bcsstk06,97,30,0.9284009546539379,SMALLEST_LAST,data\processed\initial_graph_coloring_dataset\colpack_outputs_week13_expanded\bcsstk06_smallest_last.txt
bcsstk06,57,31,0.9260143198090692,SMALLEST_LAST,data\processed\initial_graph_coloring_dataset\colpack_outputs_week13_expanded\bcsstk06_smallest_last.txt
bcsstk06,59,32,0.9236276849642004,SMALLEST_LAST,data\processed\initial_graph_coloring_dataset\colpack_outputs_week13_expanded\bcsstk06_smallest_last.txt
bcsstk06,60,33,0.9212410501193318,SMALLEST_LAST,data\processed\initial_graph_coloring_dataset\colpack_outputs_week13_expanded\bcsstk06_smallest_last.txt
bcsstk06,62,34,0.918854415274463,SMALLEST_LAST,data\processed\initial_graph_coloring_dataset\colpack_outputs_week13_expanded\bcsstk06_smallest_last.txt
bcsstk06,99,35,0.9164677804295943,SMALLEST_LAST,data\processed\initial_graph_coloring_dataset\colpack_outputs_week13_expanded\bcsstk06_smallest_last.txt
bcsstk06,101,36,0.9140811455847255,SMALLEST_LAST,data\processed\initial_graph_coloring_dataset\colpack_outputs_week13_expanded\bcsstk06_smallest_last.txt
bcsstk06,102,37,0.9116945107398569,SMALLEST_LAST,data\processed\initial_graph_coloring_dataset\colpack_outputs_week13_expanded\bcsstk06_smallest_last.txt
bcsstk06,104,38,0.9093078758949881,SMALLEST_LAST,data\processed\initial_graph_coloring_dataset\colpack_outputs_week13_expanded\bcsstk06_smallest_last.txt
bcsstk06,58,39,0.9069212410501193,SMALLEST_LAST,data\processed\initial_graph_coloring_dataset\colpack_outputs_week13_expanded\bcsstk06_smallest_last.txt
bcsstk06,61,40,0.9045346062052506,SMALLEST_LAST,data\processed\initial_graph_coloring_dataset\colpack_outputs_week13_expanded\bcsstk06_smallest_last.txt
bcsstk06,15,41,0.9021479713603818,SMALLEST_LAST,data\processed\initial_graph_coloring_dataset\colpack_outputs_week13_expanded\bcsstk06_smallest_last.txt
bcsstk06,17,42,0.8997613365155132,SMALLEST_LAST,data\processed\initial_graph_coloring_dataset\colpack_outputs_week13_expanded\bcsstk06_smallest_last.txt
bcsstk06,20,43,0.8973747016706444,SMALLEST_LAST,data\processed\initial_graph_coloring_dataset\colpack_outputs_week13_expanded\bcsstk06_smallest_last.txt
bcsstk06,18,44,0.8949880668257757,SMALLEST_LAST,data\processed\initial_graph_coloring_dataset\colpack_outputs_week13_expanded\bcsstk06_smallest_last.txt
bcsstk06,103,45,0.8926014319809069,SMALLEST_LAST,data\processed\initial_graph_coloring_dataset\colpack_outputs_week13_expanded\bcsstk06_smallest_last.txt
bcsstk06,63,46,0.8902147971360382,SMALLEST_LAST,data\processed\initial_graph_coloring_dataset\colpack_outputs_week13_expanded\bcsstk06_smallest_last.txt
bcsstk06,65,47,0.8878281622911695,SMALLEST_LAST,data\processed\initial_graph_coloring_dataset\colpack_outputs_week13_expanded\bcsstk06_smallest_last.txt
bcsstk06,66,48,0.8854415274463007,SMALLEST_LAST,data\processed\initial_graph_coloring_dataset\colpack_outputs_week13_expanded\bcsstk06_smallest_last.txt
bcsstk06,68,49,0.883054892601432,SMALLEST_LAST,data\processed\initial_graph_coloring_dataset\colpack_outputs_week13_expanded\bcsstk06_smallest_last.txt
bcsstk06,105,50,0.8806682577565632,SMALLEST_LAST,data\processed\initial_graph_coloring_dataset\colpack_outputs_week13_expanded\bcsstk06_smallest_last.txt
bcsstk06,107,51,0.8782816229116945,SMALLEST_LAST,data\processed\initial_graph_coloring_dataset\colpack_outputs_week13_expanded\bcsstk06_smallest_last.txt
bcsstk06,108,52,0.8758949880668258,SMALLEST_LAST,data\processed\initial_graph_coloring_dataset\colpack_outputs_week13_expanded\bcsstk06_smallest_last.txt
bcsstk06,110,53,0.8735083532219571,SMALLEST_LAST,data\processed\initial_graph_coloring_dataset\colpack_outputs_week13_expanded\bcsstk06_smallest_last.txt
bcsstk06,64,54,0.8711217183770883,SMALLEST_LAST,data\processed\initial_graph_coloring_dataset\colpack_outputs_week13_expanded\bcsstk06_smallest_last.txt
bcsstk06,67,55,0.8687350835322196,SMALLEST_LAST,data\processed\initial_graph_coloring_dataset\colpack_outputs_week13_expanded\bcsstk06_smallest_last.txt
bcsstk06,21,56,0.8663484486873508,SMALLEST_LAST,data\processed\initial_graph_coloring_dataset\colpack_outputs_week13_expanded\bcsstk06_smallest_last.txt
bcsstk06,23,57,0.863961813842482,SMALLEST_LAST,data\processed\initial_graph_coloring_dataset\colpack_outputs_week13_expanded\bcsstk06_smallest_last.txt
bcsstk06,26,58,0.8615751789976134,SMALLEST_LAST,data\processed\initial_graph_coloring_dataset\colpack_outputs_week13_expanded\bcsstk06_smallest_last.txt
bcsstk06,24,59,0.8591885441527446,SMALLEST_LAST,data\processed\initial_graph_coloring_dataset\colpack_outputs_week13_expanded\bcsstk06_smallest_last.txt
bcsstk06,94,60,0.8568019093078759,SMALLEST_LAST,data\processed\initial_graph_coloring_dataset\colpack_outputs_week13_expanded\bcsstk06_smallest_last.txt
bcsstk06,100,61,0.8544152744630071,SMALLEST_LAST,data\processed\initial_graph_coloring_dataset\colpack_outputs_week13_expanded\bcsstk06_smallest_last.txt
bcsstk06,106,62,0.8520286396181385,SMALLEST_LAST,data\processed\initial_graph_coloring_dataset\colpack_outputs_week13_expanded\bcsstk06_smallest_last.txt
bcsstk06,109,63,0.8496420047732697,SMALLEST_LAST,data\processed\initial_graph_coloring_dataset\colpack_outputs_week13_expanded\bcsstk06_smallest_last.txt
bcsstk06,69,64,0.847255369928401,SMALLEST_LAST,data\processed\initial_graph_coloring_dataset\colpack_outputs_week13_expanded\bcsstk06_smallest_last.txt
bcsstk06,71,65,0.8448687350835322,SMALLEST_LAST,data\processed\initial_graph_coloring_dataset\colpack_outputs_week13_expanded\bcsstk06_smallest_last.txt
bcsstk06,72,66,0.8424821002386634,SMALLEST_LAST,data\processed\initial_graph_coloring_dataset\colpack_outputs_week13_expanded\bcsstk06_smallest_last.txt
bcsstk06,74,67,0.8400954653937948,SMALLEST_LAST,data\processed\initial_graph_coloring_dataset\colpack_outputs_week13_expanded\bcsstk06_smallest_last.txt
bcsstk06,111,68,0.837708830548926,SMALLEST_LAST,data\processed\initial_graph_coloring_dataset\colpack_outputs_week13_expanded\bcsstk06_smallest_last.txt
bcsstk06,113,69,0.8353221957040573,SMALLEST_LAST,data\processed\initial_graph_coloring_dataset\colpack_outputs_week13_expanded\bcsstk06_smallest_last.txt
bcsstk06,114,70,0.8329355608591885,SMALLEST_LAST,data\processed\initial_graph_coloring_dataset\colpack_outputs_week13_expanded\bcsstk06_smallest_last.txt
bcsstk06,116,71,0.8305489260143198,SMALLEST_LAST,data\processed\initial_graph_coloring_dataset\colpack_outputs_week13_expanded\bcsstk06_smallest_last.txt
bcsstk06,70,72,0.8281622911694511,SMALLEST_LAST,data\processed\initial_graph_coloring_dataset\colpack_outputs_week13_expanded\bcsstk06_smallest_last.txt
bcsstk06,73,73,0.8257756563245824,SMALLEST_LAST,data\processed\initial_graph_coloring_dataset\colpack_outputs_week13_expanded\bcsstk06_smallest_last.txt
bcsstk06,29,74,0.8233890214797136,SMALLEST_LAST,data\processed\initial_graph_coloring_dataset\colpack_outputs_week13_expanded\bcsstk06_smallest_last.txt
bcsstk06,30,75,0.8210023866348448,SMALLEST_LAST,data\processed\initial_graph_coloring_dataset\colpack_outputs_week13_expanded\bcsstk06_smallest_last.txt
bcsstk06,32,76,0.8186157517899761,SMALLEST_LAST,data\processed\initial_graph_coloring_dataset\colpack_outputs_week13_expanded\bcsstk06_smallest_last.txt
bcsstk06,27,77,0.8162291169451074,SMALLEST_LAST,data\processed\initial_graph_coloring_dataset\colpack_outputs_week13_expanded\bcsstk06_smallest_last.txt
bcsstk06,112,78,0.8138424821002387,SMALLEST_LAST,data\processed\initial_graph_coloring_dataset\colpack_outputs_week13_expanded\bcsstk06_smallest_last.txt
bcsstk06,115,79,0.8114558472553699,SMALLEST_LAST,data\processed\initial_graph_coloring_dataset\colpack_outputs_week13_expanded\bcsstk06_smallest_last.txt
bcsstk06,153,80,0.8090692124105012,SMALLEST_LAST,data\processed\initial_graph_coloring_dataset\colpack_outputs_week13_expanded\bcsstk06_smallest_last.txt
bcsstk06,155,81,0.8066825775656324,SMALLEST_LAST,data\processed\initial_graph_coloring_dataset\colpack_outputs_week13_expanded\bcsstk06_smallest_last.txt
bcsstk06,156,82,0.8042959427207638,SMALLEST_LAST,data\processed\initial_graph_coloring_dataset\colpack_outputs_week13_expanded\bcsstk06_smallest_last.txt
bcsstk06,157,83,0.801909307875895,SMALLEST_LAST,data\processed\initial_graph_coloring_dataset\colpack_outputs_week13_expanded\bcsstk06_smallest_last.txt
bcsstk06,158,84,0.7995226730310262,SMALLEST_LAST,data\processed\initial_graph_coloring_dataset\colpack_outputs_week13_expanded\bcsstk06_smallest_last.txt
bcsstk06,117,85,0.7971360381861575,SMALLEST_LAST,data\processed\initial_graph_coloring_dataset\colpack_outputs_week13_expanded\bcsstk06_smallest_last.txt
bcsstk06,119,86,0.7947494033412887,SMALLEST_LAST,data\processed\initial_graph_coloring_dataset\colpack_outputs_week13_expanded\bcsstk06_smallest_last.txt
bcsstk06,120,87,0.7923627684964201,SMALLEST_LAST,data\processed\initial_graph_coloring_dataset\colpack_outputs_week13_expanded\bcsstk06_smallest_last.txt
bcsstk06,122,88,0.7899761336515513,SMALLEST_LAST,data\processed\initial_graph_coloring_dataset\colpack_outputs_week13_expanded\bcsstk06_smallest_last.txt
bcsstk06,159,89,0.7875894988066826,SMALLEST_LAST,data\processed\initial_graph_coloring_dataset\colpack_outputs_week13_expanded\bcsstk06_smallest_last.txt
bcsstk06,161,90,0.7852028639618138,SMALLEST_LAST,data\processed\initial_graph_coloring_dataset\colpack_outputs_week13_expanded\bcsstk06_smallest_last.txt
bcsstk06,162,91,0.7828162291169452,SMALLEST_LAST,data\processed\initial_graph_coloring_dataset\colpack_outputs_week13_expanded\bcsstk06_smallest_last.txt
bcsstk06,164,92,0.7804295942720764,SMALLEST_LAST,data\processed\initial_graph_coloring_dataset\colpack_outputs_week13_expanded\bcsstk06_smallest_last.txt
bcsstk06,118,93,0.7780429594272077,SMALLEST_LAST,data\processed\initial_graph_coloring_dataset\colpack_outputs_week13_expanded\bcsstk06_smallest_last.txt
bcsstk06,31,94,0.7756563245823389,SMALLEST_LAST,data\processed\initial_graph_coloring_dataset\colpack_outputs_week13_expanded\bcsstk06_smallest_last.txt
bcsstk06,121,95,0.7732696897374701,SMALLEST_LAST,data\processed\initial_graph_coloring_dataset\colpack_outputs_week13_expanded\bcsstk06_smallest_last.txt
bcsstk06,77,96,0.7708830548926014,SMALLEST_LAST,data\processed\initial_graph_coloring_dataset\colpack_outputs_week13_expanded\bcsstk06_smallest_last.txt
bcsstk06,80,97,0.7684964200477327,SMALLEST_LAST,data\processed\initial_graph_coloring_dataset\colpack_outputs_week13_expanded\bcsstk06_smallest_last.txt
bcsstk06,76,98,0.766109785202864,SMALLEST_LAST,data\processed\initial_graph_coloring_dataset\colpack_outputs_week13_expanded\bcsstk06_smallest_last.txt
bcsstk06,75,99,0.7637231503579952,SMALLEST_LAST,data\processed\initial_graph_coloring_dataset\colpack_outputs_week13_expanded\bcsstk06_smallest_last.txt
bcsstk06,78,100,0.7613365155131265,SMALLEST_LAST,data\processed\initial_graph_coloring_dataset\colpack_outputs_week13_expanded\bcsstk06_smallest_last.txt
bcsstk06,33,101,0.7589498806682577,SMALLEST_LAST,data\processed\initial_graph_coloring_dataset\colpack_outputs_week13_expanded\bcsstk06_smallest_last.txt
bcsstk06,36,102,0.7565632458233891,SMALLEST_LAST,data\processed\initial_graph_coloring_dataset\colpack_outputs_week13_expanded\bcsstk06_smallest_last.txt
bcsstk06,38,103,0.7541766109785203,SMALLEST_LAST,data\processed\initial_graph_coloring_dataset\colpack_outputs_week13_expanded\bcsstk06_smallest_last.txt
bcsstk06,79,104,0.7517899761336515,SMALLEST_LAST,data\processed\initial_graph_coloring_dataset\colpack_outputs_week13_expanded\bcsstk06_smallest_last.txt
bcsstk06,35,105,0.7494033412887828,SMALLEST_LAST,data\processed\initial_graph_coloring_dataset\colpack_outputs_week13_expanded\bcsstk06_smallest_last.txt
bcsstk06,363,106,0.747016706443914,SMALLEST_LAST,data\processed\initial_graph_coloring_dataset\colpack_outputs_week13_expanded\bcsstk06_smallest_last.txt
bcsstk06,365,107,0.7446300715990454,SMALLEST_LAST,data\processed\initial_graph_coloring_dataset\colpack_outputs_week13_expanded\bcsstk06_smallest_last.txt
bcsstk06,366,108,0.7422434367541766,SMALLEST_LAST,data\processed\initial_graph_coloring_dataset\colpack_outputs_week13_expanded\bcsstk06_smallest_last.txt
bcsstk06,367,109,0.7398568019093079,SMALLEST_LAST,data\processed\initial_graph_coloring_dataset\colpack_outputs_week13_expanded\bcsstk06_smallest_last.txt
bcsstk06,405,110,0.7374701670644391,SMALLEST_LAST,data\processed\initial_graph_coloring_dataset\colpack_outputs_week13_expanded\bcsstk06_smallest_last.txt
bcsstk06,407,111,0.7350835322195705,SMALLEST_LAST,data\processed\initial_graph_coloring_dataset\colpack_outputs_week13_expanded\bcsstk06_smallest_last.txt
bcsstk06,408,112,0.7326968973747017,SMALLEST_LAST,data\processed\initial_graph_coloring_dataset\colpack_outputs_week13_expanded\bcsstk06_smallest_last.txt
bcsstk06,409,113,0.7303102625298329,SMALLEST_LAST,data\processed\initial_graph_coloring_dataset\colpack_outputs_week13_expanded\bcsstk06_smallest_last.txt
bcsstk06,410,114,0.7279236276849642,SMALLEST_LAST,data\processed\initial_graph_coloring_dataset\colpack_outputs_week13_expanded\bcsstk06_smallest_last.txt
bcsstk06,368,115,0.7255369928400954,SMALLEST_LAST,data\processed\initial_graph_coloring_dataset\colpack_outputs_week13_expanded\bcsstk06_smallest_last.txt
bcsstk06,369,116,0.7231503579952268,SMALLEST_LAST,data\processed\initial_graph_coloring_dataset\colpack_outputs_week13_expanded\bcsstk06_smallest_last.txt
bcsstk06,371,117,0.720763723150358,SMALLEST_LAST,data\processed\initial_graph_coloring_dataset\colpack_outputs_week13_expanded\bcsstk06_smallest_last.txt
bcsstk06,372,118,0.7183770883054893,SMALLEST_LAST,data\processed\initial_graph_coloring_dataset\colpack_outputs_week13_expanded\bcsstk06_smallest_last.txt
bcsstk06,374,119,0.7159904534606205,SMALLEST_LAST,data\processed\initial_graph_coloring_dataset\colpack_outputs_week13_expanded\bcsstk06_smallest_last.txt
bcsstk06,411,120,0.7136038186157518,SMALLEST_LAST,data\processed\initial_graph_coloring_dataset\colpack_outputs_week13_expanded\bcsstk06_smallest_last.txt
bcsstk06,413,121,0.711217183770883,SMALLEST_LAST,data\processed\initial_graph_coloring_dataset\colpack_outputs_week13_expanded\bcsstk06_smallest_last.txt
bcsstk06,414,122,0.7088305489260143,SMALLEST_LAST,data\processed\initial_graph_coloring_dataset\colpack_outputs_week13_expanded\bcsstk06_smallest_last.txt
bcsstk06,416,123,0.7064439140811456,SMALLEST_LAST,data\processed\initial_graph_coloring_dataset\colpack_outputs_week13_expanded\bcsstk06_smallest_last.txt
bcsstk06,364,124,0.7040572792362768,SMALLEST_LAST,data\processed\initial_graph_coloring_dataset\colpack_outputs_week13_expanded\bcsstk06_smallest_last.txt
bcsstk06,370,125,0.7016706443914081,SMALLEST_LAST,data\processed\initial_graph_coloring_dataset\colpack_outputs_week13_expanded\bcsstk06_smallest_last.txt
bcsstk06,373,126,0.6992840095465394,SMALLEST_LAST,data\processed\initial_graph_coloring_dataset\colpack_outputs_week13_expanded\bcsstk06_smallest_last.txt
bcsstk06,321,127,0.6968973747016707,SMALLEST_LAST,data\processed\initial_graph_coloring_dataset\colpack_outputs_week13_expanded\bcsstk06_smallest_last.txt
bcsstk06,323,128,0.6945107398568019,SMALLEST_LAST,data\processed\initial_graph_coloring_dataset\colpack_outputs_week13_expanded\bcsstk06_smallest_last.txt
bcsstk06,324,129,0.6921241050119332,SMALLEST_LAST,data\processed\initial_graph_coloring_dataset\colpack_outputs_week13_expanded\bcsstk06_smallest_last.txt
bcsstk06,325,130,0.6897374701670644,SMALLEST_LAST,data\processed\initial_graph_coloring_dataset\colpack_outputs_week13_expanded\bcsstk06_smallest_last.txt
bcsstk06,327,131,0.6873508353221957,SMALLEST_LAST,data\processed\initial_graph_coloring_dataset\colpack_outputs_week13_expanded\bcsstk06_smallest_last.txt
bcsstk06,329,132,0.684964200477327,SMALLEST_LAST,data\processed\initial_graph_coloring_dataset\colpack_outputs_week13_expanded\bcsstk06_smallest_last.txt
bcsstk06,330,133,0.6825775656324582,SMALLEST_LAST,data\processed\initial_graph_coloring_dataset\colpack_outputs_week13_expanded\bcsstk06_smallest_last.txt
bcsstk06,332,134,0.6801909307875895,SMALLEST_LAST,data\processed\initial_graph_coloring_dataset\colpack_outputs_week13_expanded\bcsstk06_smallest_last.txt
bcsstk06,326,135,0.6778042959427207,SMALLEST_LAST,data\processed\initial_graph_coloring_dataset\colpack_outputs_week13_expanded\bcsstk06_smallest_last.txt
bcsstk06,319,136,0.6754176610978521,SMALLEST_LAST,data\processed\initial_graph_coloring_dataset\colpack_outputs_week13_expanded\bcsstk06_smallest_last.txt
bcsstk06,360,137,0.6730310262529833,SMALLEST_LAST,data\processed\initial_graph_coloring_dataset\colpack_outputs_week13_expanded\bcsstk06_smallest_last.txt
bcsstk06,361,138,0.6706443914081146,SMALLEST_LAST,data\processed\initial_graph_coloring_dataset\colpack_outputs_week13_expanded\bcsstk06_smallest_last.txt
bcsstk06,362,139,0.6682577565632458,SMALLEST_LAST,data\processed\initial_graph_coloring_dataset\colpack_outputs_week13_expanded\bcsstk06_smallest_last.txt
bcsstk06,315,140,0.665871121718377,SMALLEST_LAST,data\processed\initial_graph_coloring_dataset\colpack_outputs_week13_expanded\bcsstk06_smallest_last.txt
bcsstk06,317,141,0.6634844868735084,SMALLEST_LAST,data\processed\initial_graph_coloring_dataset\colpack_outputs_week13_expanded\bcsstk06_smallest_last.txt
bcsstk06,318,142,0.6610978520286396,SMALLEST_LAST,data\processed\initial_graph_coloring_dataset\colpack_outputs_week13_expanded\bcsstk06_smallest_last.txt
bcsstk06,320,143,0.6587112171837709,SMALLEST_LAST,data\processed\initial_graph_coloring_dataset\colpack_outputs_week13_expanded\bcsstk06_smallest_last.txt
bcsstk06,357,144,0.6563245823389021,SMALLEST_LAST,data\processed\initial_graph_coloring_dataset\colpack_outputs_week13_expanded\bcsstk06_smallest_last.txt
bcsstk06,359,145,0.6539379474940334,SMALLEST_LAST,data\processed\initial_graph_coloring_dataset\colpack_outputs_week13_expanded\bcsstk06_smallest_last.txt
bcsstk06,358,146,0.6515513126491647,SMALLEST_LAST,data\processed\initial_graph_coloring_dataset\colpack_outputs_week13_expanded\bcsstk06_smallest_last.txt
bcsstk06,403,147,0.649164677804296,SMALLEST_LAST,data\processed\initial_graph_coloring_dataset\colpack_outputs_week13_expanded\bcsstk06_smallest_last.txt
bcsstk06,399,148,0.6467780429594272,SMALLEST_LAST,data\processed\initial_graph_coloring_dataset\colpack_outputs_week13_expanded\bcsstk06_smallest_last.txt
bcsstk06,401,149,0.6443914081145584,SMALLEST_LAST,data\processed\initial_graph_coloring_dataset\colpack_outputs_week13_expanded\bcsstk06_smallest_last.txt
bcsstk06,404,150,0.6420047732696897,SMALLEST_LAST,data\processed\initial_graph_coloring_dataset\colpack_outputs_week13_expanded\bcsstk06_smallest_last.txt
bcsstk06,402,151,0.639618138424821,SMALLEST_LAST,data\processed\initial_graph_coloring_dataset\colpack_outputs_week13_expanded\bcsstk06_smallest_last.txt
bcsstk06,313,152,0.6372315035799523,SMALLEST_LAST,data\processed\initial_graph_coloring_dataset\colpack_outputs_week13_expanded\bcsstk06_smallest_last.txt
bcsstk06,354,153,0.6348448687350835,SMALLEST_LAST,data\processed\initial_graph_coloring_dataset\colpack_outputs_week13_expanded\bcsstk06_smallest_last.txt
bcsstk06,355,154,0.6324582338902148,SMALLEST_LAST,data\processed\initial_graph_coloring_dataset\colpack_outputs_week13_expanded\bcsstk06_smallest_last.txt
bcsstk06,356,155,0.630071599045346,SMALLEST_LAST,data\processed\initial_graph_coloring_dataset\colpack_outputs_week13_expanded\bcsstk06_smallest_last.txt
bcsstk06,309,156,0.6276849642004774,SMALLEST_LAST,data\processed\initial_graph_coloring_dataset\colpack_outputs_week13_expanded\bcsstk06_smallest_last.txt
bcsstk06,311,157,0.6252983293556086,SMALLEST_LAST,data\processed\initial_graph_coloring_dataset\colpack_outputs_week13_expanded\bcsstk06_smallest_last.txt
bcsstk06,312,158,0.6229116945107399,SMALLEST_LAST,data\processed\initial_graph_coloring_dataset\colpack_outputs_week13_expanded\bcsstk06_smallest_last.txt
bcsstk06,314,159,0.6205250596658711,SMALLEST_LAST,data\processed\initial_graph_coloring_dataset\colpack_outputs_week13_expanded\bcsstk06_smallest_last.txt
bcsstk06,351,160,0.6181384248210023,SMALLEST_LAST,data\processed\initial_graph_coloring_dataset\colpack_outputs_week13_expanded\bcsstk06_smallest_last.txt
bcsstk06,353,161,0.6157517899761337,SMALLEST_LAST,data\processed\initial_graph_coloring_dataset\colpack_outputs_week13_expanded\bcsstk06_smallest_last.txt
bcsstk06,352,162,0.6133651551312649,SMALLEST_LAST,data\processed\initial_graph_coloring_dataset\colpack_outputs_week13_expanded\bcsstk06_smallest_last.txt
bcsstk06,397,163,0.6109785202863962,SMALLEST_LAST,data\processed\initial_graph_coloring_dataset\colpack_outputs_week13_expanded\bcsstk06_smallest_last.txt
bcsstk06,393,164,0.6085918854415274,SMALLEST_LAST,data\processed\initial_graph_coloring_dataset\colpack_outputs_week13_expanded\bcsstk06_smallest_last.txt
bcsstk06,395,165,0.6062052505966588,SMALLEST_LAST,data\processed\initial_graph_coloring_dataset\colpack_outputs_week13_expanded\bcsstk06_smallest_last.txt
bcsstk06,396,166,0.60381861575179,SMALLEST_LAST,data\processed\initial_graph_coloring_dataset\colpack_outputs_week13_expanded\bcsstk06_smallest_last.txt
bcsstk06,398,167,0.6014319809069213,SMALLEST_LAST,data\processed\initial_graph_coloring_dataset\colpack_outputs_week13_expanded\bcsstk06_smallest_last.txt
bcsstk06,349,168,0.5990453460620525,SMALLEST_LAST,data\processed\initial_graph_coloring_dataset\colpack_outputs_week13_expanded\bcsstk06_smallest_last.txt
bcsstk06,350,169,0.5966587112171837,SMALLEST_LAST,data\processed\initial_graph_coloring_dataset\colpack_outputs_week13_expanded\bcsstk06_smallest_last.txt
bcsstk06,391,170,0.594272076372315,SMALLEST_LAST,data\processed\initial_graph_coloring_dataset\colpack_outputs_week13_expanded\bcsstk06_smallest_last.txt
bcsstk06,345,171,0.5918854415274463,SMALLEST_LAST,data\processed\initial_graph_coloring_dataset\colpack_outputs_week13_expanded\bcsstk06_smallest_last.txt
bcsstk06,347,172,0.5894988066825776,SMALLEST_LAST,data\processed\initial_graph_coloring_dataset\colpack_outputs_week13_expanded\bcsstk06_smallest_last.txt
bcsstk06,348,173,0.5871121718377088,SMALLEST_LAST,data\processed\initial_graph_coloring_dataset\colpack_outputs_week13_expanded\bcsstk06_smallest_last.txt
bcsstk06,387,174,0.5847255369928401,SMALLEST_LAST,data\processed\initial_graph_coloring_dataset\colpack_outputs_week13_expanded\bcsstk06_smallest_last.txt
bcsstk06,389,175,0.5823389021479713,SMALLEST_LAST,data\processed\initial_graph_coloring_dataset\colpack_outputs_week13_expanded\bcsstk06_smallest_last.txt
bcsstk06,390,176,0.5799522673031027,SMALLEST_LAST,data\processed\initial_graph_coloring_dataset\colpack_outputs_week13_expanded\bcsstk06_smallest_last.txt
bcsstk06,392,177,0.5775656324582339,SMALLEST_LAST,data\processed\initial_graph_coloring_dataset\colpack_outputs_week13_expanded\bcsstk06_smallest_last.txt
bcsstk06,346,178,0.5751789976133651,SMALLEST_LAST,data\processed\initial_graph_coloring_dataset\colpack_outputs_week13_expanded\bcsstk06_smallest_last.txt
bcsstk06,342,179,0.5727923627684964,SMALLEST_LAST,data\processed\initial_graph_coloring_dataset\colpack_outputs_week13_expanded\bcsstk06_smallest_last.txt
bcsstk06,343,180,0.5704057279236276,SMALLEST_LAST,data\processed\initial_graph_coloring_dataset\colpack_outputs_week13_expanded\bcsstk06_smallest_last.txt
bcsstk06,344,181,0.568019093078759,SMALLEST_LAST,data\processed\initial_graph_coloring_dataset\colpack_outputs_week13_expanded\bcsstk06_smallest_last.txt
bcsstk06,385,182,0.5656324582338902,SMALLEST_LAST,data\processed\initial_graph_coloring_dataset\colpack_outputs_week13_expanded\bcsstk06_smallest_last.txt
bcsstk06,339,183,0.5632458233890215,SMALLEST_LAST,data\processed\initial_graph_coloring_dataset\colpack_outputs_week13_expanded\bcsstk06_smallest_last.txt
bcsstk06,341,184,0.5608591885441527,SMALLEST_LAST,data\processed\initial_graph_coloring_dataset\colpack_outputs_week13_expanded\bcsstk06_smallest_last.txt
bcsstk06,381,185,0.5584725536992841,SMALLEST_LAST,data\processed\initial_graph_coloring_dataset\colpack_outputs_week13_expanded\bcsstk06_smallest_last.txt
bcsstk06,383,186,0.5560859188544153,SMALLEST_LAST,data\processed\initial_graph_coloring_dataset\colpack_outputs_week13_expanded\bcsstk06_smallest_last.txt
bcsstk06,384,187,0.5536992840095465,SMALLEST_LAST,data\processed\initial_graph_coloring_dataset\colpack_outputs_week13_expanded\bcsstk06_smallest_last.txt
bcsstk06,386,188,0.5513126491646778,SMALLEST_LAST,data\processed\initial_graph_coloring_dataset\colpack_outputs_week13_expanded\bcsstk06_smallest_last.txt
bcsstk06,340,189,0.548926014319809,SMALLEST_LAST,data\processed\initial_graph_coloring_dataset\colpack_outputs_week13_expanded\bcsstk06_smallest_last.txt
bcsstk06,305,190,0.5465393794749404,SMALLEST_LAST,data\processed\initial_graph_coloring_dataset\colpack_outputs_week13_expanded\bcsstk06_smallest_last.txt
bcsstk06,308,191,0.5441527446300716,SMALLEST_LAST,data\processed\initial_graph_coloring_dataset\colpack_outputs_week13_expanded\bcsstk06_smallest_last.txt
bcsstk06,297,192,0.5417661097852029,SMALLEST_LAST,data\processed\initial_graph_coloring_dataset\colpack_outputs_week13_expanded\bcsstk06_smallest_last.txt
bcsstk06,299,193,0.5393794749403341,SMALLEST_LAST,data\processed\initial_graph_coloring_dataset\colpack_outputs_week13_expanded\bcsstk06_smallest_last.txt
bcsstk06,300,194,0.5369928400954654,SMALLEST_LAST,data\processed\initial_graph_coloring_dataset\colpack_outputs_week13_expanded\bcsstk06_smallest_last.txt
bcsstk06,301,195,0.5346062052505967,SMALLEST_LAST,data\processed\initial_graph_coloring_dataset\colpack_outputs_week13_expanded\bcsstk06_smallest_last.txt
bcsstk06,302,196,0.5322195704057279,SMALLEST_LAST,data\processed\initial_graph_coloring_dataset\colpack_outputs_week13_expanded\bcsstk06_smallest_last.txt
bcsstk06,303,197,0.5298329355608592,SMALLEST_LAST,data\processed\initial_graph_coloring_dataset\colpack_outputs_week13_expanded\bcsstk06_smallest_last.txt
bcsstk06,307,198,0.5274463007159904,SMALLEST_LAST,data\processed\initial_graph_coloring_dataset\colpack_outputs_week13_expanded\bcsstk06_smallest_last.txt
bcsstk06,306,199,0.5250596658711217,SMALLEST_LAST,data\processed\initial_graph_coloring_dataset\colpack_outputs_week13_expanded\bcsstk06_smallest_last.txt
bcsstk06,310,200,0.522673031026253,SMALLEST_LAST,data\processed\initial_graph_coloring_dataset\colpack_outputs_week13_expanded\bcsstk06_smallest_last.txt
bcsstk06,316,201,0.5202863961813843,SMALLEST_LAST,data\processed\initial_graph_coloring_dataset\colpack_outputs_week13_expanded\bcsstk06_smallest_last.txt
bcsstk06,322,202,0.5178997613365155,SMALLEST_LAST,data\processed\initial_graph_coloring_dataset\colpack_outputs_week13_expanded\bcsstk06_smallest_last.txt
bcsstk06,328,203,0.5155131264916468,SMALLEST_LAST,data\processed\initial_graph_coloring_dataset\colpack_outputs_week13_expanded\bcsstk06_smallest_last.txt
bcsstk06,147,204,0.513126491646778,SMALLEST_LAST,data\processed\initial_graph_coloring_dataset\colpack_outputs_week13_expanded\bcsstk06_smallest_last.txt
bcsstk06,149,205,0.5107398568019093,SMALLEST_LAST,data\processed\initial_graph_coloring_dataset\colpack_outputs_week13_expanded\bcsstk06_smallest_last.txt
bcsstk06,150,206,0.5083532219570406,SMALLEST_LAST,data\processed\initial_graph_coloring_dataset\colpack_outputs_week13_expanded\bcsstk06_smallest_last.txt
bcsstk06,152,207,0.5059665871121718,SMALLEST_LAST,data\processed\initial_graph_coloring_dataset\colpack_outputs_week13_expanded\bcsstk06_smallest_last.txt
bcsstk06,141,208,0.5035799522673031,SMALLEST_LAST,data\processed\initial_graph_coloring_dataset\colpack_outputs_week13_expanded\bcsstk06_smallest_last.txt
bcsstk06,143,209,0.5011933174224343,SMALLEST_LAST,data\processed\initial_graph_coloring_dataset\colpack_outputs_week13_expanded\bcsstk06_smallest_last.txt
bcsstk06,144,210,0.4988066825775656,SMALLEST_LAST,data\processed\initial_graph_coloring_dataset\colpack_outputs_week13_expanded\bcsstk06_smallest_last.txt
bcsstk06,146,211,0.4964200477326969,SMALLEST_LAST,data\processed\initial_graph_coloring_dataset\colpack_outputs_week13_expanded\bcsstk06_smallest_last.txt
bcsstk06,88,212,0.49403341288782815,SMALLEST_LAST,data\processed\initial_graph_coloring_dataset\colpack_outputs_week13_expanded\bcsstk06_smallest_last.txt
bcsstk06,137,213,0.4916467780429594,SMALLEST_LAST,data\processed\initial_graph_coloring_dataset\colpack_outputs_week13_expanded\bcsstk06_smallest_last.txt
bcsstk06,140,214,0.4892601431980907,SMALLEST_LAST,data\processed\initial_graph_coloring_dataset\colpack_outputs_week13_expanded\bcsstk06_smallest_last.txt
bcsstk06,129,215,0.48687350835322196,SMALLEST_LAST,data\processed\initial_graph_coloring_dataset\colpack_outputs_week13_expanded\bcsstk06_smallest_last.txt
bcsstk06,131,216,0.48448687350835323,SMALLEST_LAST,data\processed\initial_graph_coloring_dataset\colpack_outputs_week13_expanded\bcsstk06_smallest_last.txt
bcsstk06,132,217,0.4821002386634845,SMALLEST_LAST,data\processed\initial_graph_coloring_dataset\colpack_outputs_week13_expanded\bcsstk06_smallest_last.txt
bcsstk06,133,218,0.4797136038186158,SMALLEST_LAST,data\processed\initial_graph_coloring_dataset\colpack_outputs_week13_expanded\bcsstk06_smallest_last.txt
bcsstk06,134,219,0.477326968973747,SMALLEST_LAST,data\processed\initial_graph_coloring_dataset\colpack_outputs_week13_expanded\bcsstk06_smallest_last.txt
bcsstk06,135,220,0.47494033412887826,SMALLEST_LAST,data\processed\initial_graph_coloring_dataset\colpack_outputs_week13_expanded\bcsstk06_smallest_last.txt
bcsstk06,138,221,0.47255369928400953,SMALLEST_LAST,data\processed\initial_graph_coloring_dataset\colpack_outputs_week13_expanded\bcsstk06_smallest_last.txt
bcsstk06,139,222,0.4701670644391408,SMALLEST_LAST,data\processed\initial_graph_coloring_dataset\colpack_outputs_week13_expanded\bcsstk06_smallest_last.txt
bcsstk06,388,223,0.4677804295942721,SMALLEST_LAST,data\processed\initial_graph_coloring_dataset\colpack_outputs_week13_expanded\bcsstk06_smallest_last.txt
bcsstk06,394,224,0.46539379474940334,SMALLEST_LAST,data\processed\initial_graph_coloring_dataset\colpack_outputs_week13_expanded\bcsstk06_smallest_last.txt
bcsstk06,400,225,0.4630071599045346,SMALLEST_LAST,data\processed\initial_graph_coloring_dataset\colpack_outputs_week13_expanded\bcsstk06_smallest_last.txt
bcsstk06,406,226,0.4606205250596659,SMALLEST_LAST,data\processed\initial_graph_coloring_dataset\colpack_outputs_week13_expanded\bcsstk06_smallest_last.txt
bcsstk06,412,227,0.45823389021479716,SMALLEST_LAST,data\processed\initial_graph_coloring_dataset\colpack_outputs_week13_expanded\bcsstk06_smallest_last.txt
bcsstk06,142,228,0.45584725536992843,SMALLEST_LAST,data\processed\initial_graph_coloring_dataset\colpack_outputs_week13_expanded\bcsstk06_smallest_last.txt
bcsstk06,145,229,0.45346062052505964,SMALLEST_LAST,data\processed\initial_graph_coloring_dataset\colpack_outputs_week13_expanded\bcsstk06_smallest_last.txt
bcsstk06,151,230,0.4510739856801909,SMALLEST_LAST,data\processed\initial_graph_coloring_dataset\colpack_outputs_week13_expanded\bcsstk06_smallest_last.txt
bcsstk06,148,231,0.4486873508353222,SMALLEST_LAST,data\processed\initial_graph_coloring_dataset\colpack_outputs_week13_expanded\bcsstk06_smallest_last.txt
bcsstk06,154,232,0.44630071599045346,SMALLEST_LAST,data\processed\initial_graph_coloring_dataset\colpack_outputs_week13_expanded\bcsstk06_smallest_last.txt
bcsstk06,160,233,0.4439140811455847,SMALLEST_LAST,data\processed\initial_graph_coloring_dataset\colpack_outputs_week13_expanded\bcsstk06_smallest_last.txt
bcsstk06,382,234,0.441527446300716,SMALLEST_LAST,data\processed\initial_graph_coloring_dataset\colpack_outputs_week13_expanded\bcsstk06_smallest_last.txt
bcsstk06,163,235,0.43914081145584727,SMALLEST_LAST,data\processed\initial_graph_coloring_dataset\colpack_outputs_week13_expanded\bcsstk06_smallest_last.txt
bcsstk06,13,236,0.43675417661097854,SMALLEST_LAST,data\processed\initial_graph_coloring_dataset\colpack_outputs_week13_expanded\bcsstk06_smallest_last.txt
bcsstk06,10,237,0.4343675417661098,SMALLEST_LAST,data\processed\initial_graph_coloring_dataset\colpack_outputs_week13_expanded\bcsstk06_smallest_last.txt
bcsstk06,16,238,0.431980906921241,SMALLEST_LAST,data\processed\initial_graph_coloring_dataset\colpack_outputs_week13_expanded\bcsstk06_smallest_last.txt
bcsstk06,19,239,0.4295942720763723,SMALLEST_LAST,data\processed\initial_graph_coloring_dataset\colpack_outputs_week13_expanded\bcsstk06_smallest_last.txt
bcsstk06,25,240,0.42720763723150357,SMALLEST_LAST,data\processed\initial_graph_coloring_dataset\colpack_outputs_week13_expanded\bcsstk06_smallest_last.txt
bcsstk06,22,241,0.42482100238663484,SMALLEST_LAST,data\processed\initial_graph_coloring_dataset\colpack_outputs_week13_expanded\bcsstk06_smallest_last.txt
bcsstk06,28,242,0.4224343675417661,SMALLEST_LAST,data\processed\initial_graph_coloring_dataset\colpack_outputs_week13_expanded\bcsstk06_smallest_last.txt
bcsstk06,34,243,0.4200477326968974,SMALLEST_LAST,data\processed\initial_graph_coloring_dataset\colpack_outputs_week13_expanded\bcsstk06_smallest_last.txt
bcsstk06,37,244,0.41766109785202865,SMALLEST_LAST,data\processed\initial_graph_coloring_dataset\colpack_outputs_week13_expanded\bcsstk06_smallest_last.txt
bcsstk06,331,245,0.4152744630071599,SMALLEST_LAST,data\processed\initial_graph_coloring_dataset\colpack_outputs_week13_expanded\bcsstk06_smallest_last.txt
bcsstk06,4,246,0.4128878281622912,SMALLEST_LAST,data\processed\initial_graph_coloring_dataset\colpack_outputs_week13_expanded\bcsstk06_smallest_last.txt
bcsstk06,415,247,0.4105011933174224,SMALLEST_LAST,data\processed\initial_graph_coloring_dataset\colpack_outputs_week13_expanded\bcsstk06_smallest_last.txt
bcsstk06,130,248,0.4081145584725537,SMALLEST_LAST,data\processed\initial_graph_coloring_dataset\colpack_outputs_week13_expanded\bcsstk06_smallest_last.txt
bcsstk06,136,249,0.40572792362768495,SMALLEST_LAST,data\processed\initial_graph_coloring_dataset\colpack_outputs_week13_expanded\bcsstk06_smallest_last.txt
bcsstk06,304,250,0.4033412887828162,SMALLEST_LAST,data\processed\initial_graph_coloring_dataset\colpack_outputs_week13_expanded\bcsstk06_smallest_last.txt
bcsstk06,298,251,0.4009546539379475,SMALLEST_LAST,data\processed\initial_graph_coloring_dataset\colpack_outputs_week13_expanded\bcsstk06_smallest_last.txt
bcsstk06,256,252,0.39856801909307876,SMALLEST_LAST,data\processed\initial_graph_coloring_dataset\colpack_outputs_week13_expanded\bcsstk06_smallest_last.txt
bcsstk06,257,253,0.39618138424821003,SMALLEST_LAST,data\processed\initial_graph_coloring_dataset\colpack_outputs_week13_expanded\bcsstk06_smallest_last.txt
bcsstk06,259,254,0.3937947494033413,SMALLEST_LAST,data\processed\initial_graph_coloring_dataset\colpack_outputs_week13_expanded\bcsstk06_smallest_last.txt
bcsstk06,260,255,0.3914081145584726,SMALLEST_LAST,data\processed\initial_graph_coloring_dataset\colpack_outputs_week13_expanded\bcsstk06_smallest_last.txt
bcsstk06,172,256,0.38902147971360385,SMALLEST_LAST,data\processed\initial_graph_coloring_dataset\colpack_outputs_week13_expanded\bcsstk06_smallest_last.txt
bcsstk06,173,257,0.38663484486873506,SMALLEST_LAST,data\processed\initial_graph_coloring_dataset\colpack_outputs_week13_expanded\bcsstk06_smallest_last.txt
bcsstk06,175,258,0.38424821002386633,SMALLEST_LAST,data\processed\initial_graph_coloring_dataset\colpack_outputs_week13_expanded\bcsstk06_smallest_last.txt
bcsstk06,214,259,0.3818615751789976,SMALLEST_LAST,data\processed\initial_graph_coloring_dataset\colpack_outputs_week13_expanded\bcsstk06_smallest_last.txt
bcsstk06,215,260,0.3794749403341289,SMALLEST_LAST,data\processed\initial_graph_coloring_dataset\colpack_outputs_week13_expanded\bcsstk06_smallest_last.txt
bcsstk06,217,261,0.37708830548926014,SMALLEST_LAST,data\processed\initial_graph_coloring_dataset\colpack_outputs_week13_expanded\bcsstk06_smallest_last.txt
bcsstk06,218,262,0.3747016706443914,SMALLEST_LAST,data\processed\initial_graph_coloring_dataset\colpack_outputs_week13_expanded\bcsstk06_smallest_last.txt
bcsstk06,176,263,0.3723150357995227,SMALLEST_LAST,data\processed\initial_graph_coloring_dataset\colpack_outputs_week13_expanded\bcsstk06_smallest_last.txt
bcsstk06,179,264,0.36992840095465396,SMALLEST_LAST,data\processed\initial_graph_coloring_dataset\colpack_outputs_week13_expanded\bcsstk06_smallest_last.txt
bcsstk06,182,265,0.36754176610978523,SMALLEST_LAST,data\processed\initial_graph_coloring_dataset\colpack_outputs_week13_expanded\bcsstk06_smallest_last.txt
bcsstk06,178,266,0.36515513126491644,SMALLEST_LAST,data\processed\initial_graph_coloring_dataset\colpack_outputs_week13_expanded\bcsstk06_smallest_last.txt
bcsstk06,263,267,0.3627684964200477,SMALLEST_LAST,data\processed\initial_graph_coloring_dataset\colpack_outputs_week13_expanded\bcsstk06_smallest_last.txt
bcsstk06,266,268,0.360381861575179,SMALLEST_LAST,data\processed\initial_graph_coloring_dataset\colpack_outputs_week13_expanded\bcsstk06_smallest_last.txt
bcsstk06,221,269,0.35799522673031026,SMALLEST_LAST,data\processed\initial_graph_coloring_dataset\colpack_outputs_week13_expanded\bcsstk06_smallest_last.txt
bcsstk06,224,270,0.3556085918854415,SMALLEST_LAST,data\processed\initial_graph_coloring_dataset\colpack_outputs_week13_expanded\bcsstk06_smallest_last.txt
bcsstk06,262,271,0.3532219570405728,SMALLEST_LAST,data\processed\initial_graph_coloring_dataset\colpack_outputs_week13_expanded\bcsstk06_smallest_last.txt
bcsstk06,220,272,0.35083532219570407,SMALLEST_LAST,data\processed\initial_graph_coloring_dataset\colpack_outputs_week13_expanded\bcsstk06_smallest_last.txt
bcsstk06,265,273,0.34844868735083534,SMALLEST_LAST,data\processed\initial_graph_coloring_dataset\colpack_outputs_week13_expanded\bcsstk06_smallest_last.txt
bcsstk06,223,274,0.3460620525059666,SMALLEST_LAST,data\processed\initial_graph_coloring_dataset\colpack_outputs_week13_expanded\bcsstk06_smallest_last.txt
bcsstk06,181,275,0.3436754176610978,SMALLEST_LAST,data\processed\initial_graph_coloring_dataset\colpack_outputs_week13_expanded\bcsstk06_smallest_last.txt
bcsstk06,185,276,0.3412887828162291,SMALLEST_LAST,data\processed\initial_graph_coloring_dataset\colpack_outputs_week13_expanded\bcsstk06_smallest_last.txt
bcsstk06,188,277,0.33890214797136037,SMALLEST_LAST,data\processed\initial_graph_coloring_dataset\colpack_outputs_week13_expanded\bcsstk06_smallest_last.txt
bcsstk06,184,278,0.33651551312649164,SMALLEST_LAST,data\processed\initial_graph_coloring_dataset\colpack_outputs_week13_expanded\bcsstk06_smallest_last.txt
bcsstk06,187,279,0.3341288782816229,SMALLEST_LAST,data\processed\initial_graph_coloring_dataset\colpack_outputs_week13_expanded\bcsstk06_smallest_last.txt
bcsstk06,227,280,0.3317422434367542,SMALLEST_LAST,data\processed\initial_graph_coloring_dataset\colpack_outputs_week13_expanded\bcsstk06_smallest_last.txt
bcsstk06,230,281,0.32935560859188545,SMALLEST_LAST,data\processed\initial_graph_coloring_dataset\colpack_outputs_week13_expanded\bcsstk06_smallest_last.txt
bcsstk06,269,282,0.3269689737470167,SMALLEST_LAST,data\processed\initial_graph_coloring_dataset\colpack_outputs_week13_expanded\bcsstk06_smallest_last.txt
bcsstk06,272,283,0.324582338902148,SMALLEST_LAST,data\processed\initial_graph_coloring_dataset\colpack_outputs_week13_expanded\bcsstk06_smallest_last.txt
bcsstk06,268,284,0.3221957040572792,SMALLEST_LAST,data\processed\initial_graph_coloring_dataset\colpack_outputs_week13_expanded\bcsstk06_smallest_last.txt
bcsstk06,229,285,0.3198090692124105,SMALLEST_LAST,data\processed\initial_graph_coloring_dataset\colpack_outputs_week13_expanded\bcsstk06_smallest_last.txt
bcsstk06,271,286,0.31742243436754175,SMALLEST_LAST,data\processed\initial_graph_coloring_dataset\colpack_outputs_week13_expanded\bcsstk06_smallest_last.txt
bcsstk06,226,287,0.315035799522673,SMALLEST_LAST,data\processed\initial_graph_coloring_dataset\colpack_outputs_week13_expanded\bcsstk06_smallest_last.txt
bcsstk06,180,288,0.3126491646778043,SMALLEST_LAST,data\processed\initial_graph_coloring_dataset\colpack_outputs_week13_expanded\bcsstk06_smallest_last.txt
bcsstk06,222,289,0.31026252983293556,SMALLEST_LAST,data\processed\initial_graph_coloring_dataset\colpack_outputs_week13_expanded\bcsstk06_smallest_last.txt
bcsstk06,264,290,0.30787589498806683,SMALLEST_LAST,data\processed\initial_graph_coloring_dataset\colpack_outputs_week13_expanded\bcsstk06_smallest_last.txt
bcsstk06,261,291,0.3054892601431981,SMALLEST_LAST,data\processed\initial_graph_coloring_dataset\colpack_outputs_week13_expanded\bcsstk06_smallest_last.txt
bcsstk06,219,292,0.3031026252983294,SMALLEST_LAST,data\processed\initial_graph_coloring_dataset\colpack_outputs_week13_expanded\bcsstk06_smallest_last.txt
bcsstk06,177,293,0.30071599045346065,SMALLEST_LAST,data\processed\initial_graph_coloring_dataset\colpack_outputs_week13_expanded\bcsstk06_smallest_last.txt
bcsstk06,183,294,0.29832935560859186,SMALLEST_LAST,data\processed\initial_graph_coloring_dataset\colpack_outputs_week13_expanded\bcsstk06_smallest_last.txt
bcsstk06,186,295,0.29594272076372313,SMALLEST_LAST,data\processed\initial_graph_coloring_dataset\colpack_outputs_week13_expanded\bcsstk06_smallest_last.txt
bcsstk06,194,296,0.2935560859188544,SMALLEST_LAST,data\processed\initial_graph_coloring_dataset\colpack_outputs_week13_expanded\bcsstk06_smallest_last.txt
bcsstk06,191,297,0.2911694510739857,SMALLEST_LAST,data\processed\initial_graph_coloring_dataset\colpack_outputs_week13_expanded\bcsstk06_smallest_last.txt
bcsstk06,228,298,0.28878281622911695,SMALLEST_LAST,data\processed\initial_graph_coloring_dataset\colpack_outputs_week13_expanded\bcsstk06_smallest_last.txt
bcsstk06,225,299,0.2863961813842482,SMALLEST_LAST,data\processed\initial_graph_coloring_dataset\colpack_outputs_week13_expanded\bcsstk06_smallest_last.txt
bcsstk06,267,300,0.2840095465393795,SMALLEST_LAST,data\processed\initial_graph_coloring_dataset\colpack_outputs_week13_expanded\bcsstk06_smallest_last.txt
bcsstk06,270,301,0.28162291169451076,SMALLEST_LAST,data\processed\initial_graph_coloring_dataset\colpack_outputs_week13_expanded\bcsstk06_smallest_last.txt
bcsstk06,275,302,0.27923627684964203,SMALLEST_LAST,data\processed\initial_graph_coloring_dataset\colpack_outputs_week13_expanded\bcsstk06_smallest_last.txt
bcsstk06,278,303,0.27684964200477324,SMALLEST_LAST,data\processed\initial_graph_coloring_dataset\colpack_outputs_week13_expanded\bcsstk06_smallest_last.txt
bcsstk06,190,304,0.2744630071599045,SMALLEST_LAST,data\processed\initial_graph_coloring_dataset\colpack_outputs_week13_expanded\bcsstk06_smallest_last.txt
bcsstk06,233,305,0.2720763723150358,SMALLEST_LAST,data\processed\initial_graph_coloring_dataset\colpack_outputs_week13_expanded\bcsstk06_smallest_last.txt
bcsstk06,236,306,0.26968973747016706,SMALLEST_LAST,data\processed\initial_graph_coloring_dataset\colpack_outputs_week13_expanded\bcsstk06_smallest_last.txt
bcsstk06,274,307,0.26730310262529833,SMALLEST_LAST,data\processed\initial_graph_coloring_dataset\colpack_outputs_week13_expanded\bcsstk06_smallest_last.txt
bcsstk06,277,308,0.2649164677804296,SMALLEST_LAST,data\processed\initial_graph_coloring_dataset\colpack_outputs_week13_expanded\bcsstk06_smallest_last.txt
bcsstk06,232,309,0.26252983293556087,SMALLEST_LAST,data\processed\initial_graph_coloring_dataset\colpack_outputs_week13_expanded\bcsstk06_smallest_last.txt
bcsstk06,235,310,0.26014319809069214,SMALLEST_LAST,data\processed\initial_graph_coloring_dataset\colpack_outputs_week13_expanded\bcsstk06_smallest_last.txt
bcsstk06,193,311,0.2577565632458234,SMALLEST_LAST,data\processed\initial_graph_coloring_dataset\colpack_outputs_week13_expanded\bcsstk06_smallest_last.txt
bcsstk06,197,312,0.2553699284009546,SMALLEST_LAST,data\processed\initial_graph_coloring_dataset\colpack_outputs_week13_expanded\bcsstk06_smallest_last.txt
bcsstk06,200,313,0.2529832935560859,SMALLEST_LAST,data\processed\initial_graph_coloring_dataset\colpack_outputs_week13_expanded\bcsstk06_smallest_last.txt
bcsstk06,196,314,0.25059665871121717,SMALLEST_LAST,data\processed\initial_graph_coloring_dataset\colpack_outputs_week13_expanded\bcsstk06_smallest_last.txt
bcsstk06,281,315,0.24821002386634844,SMALLEST_LAST,data\processed\initial_graph_coloring_dataset\colpack_outputs_week13_expanded\bcsstk06_smallest_last.txt
bcsstk06,284,316,0.2458233890214797,SMALLEST_LAST,data\processed\initial_graph_coloring_dataset\colpack_outputs_week13_expanded\bcsstk06_smallest_last.txt
bcsstk06,239,317,0.24343675417661098,SMALLEST_LAST,data\processed\initial_graph_coloring_dataset\colpack_outputs_week13_expanded\bcsstk06_smallest_last.txt
bcsstk06,242,318,0.24105011933174225,SMALLEST_LAST,data\processed\initial_graph_coloring_dataset\colpack_outputs_week13_expanded\bcsstk06_smallest_last.txt
bcsstk06,280,319,0.2386634844868735,SMALLEST_LAST,data\processed\initial_graph_coloring_dataset\colpack_outputs_week13_expanded\bcsstk06_smallest_last.txt
bcsstk06,283,320,0.23627684964200477,SMALLEST_LAST,data\processed\initial_graph_coloring_dataset\colpack_outputs_week13_expanded\bcsstk06_smallest_last.txt
bcsstk06,238,321,0.23389021479713604,SMALLEST_LAST,data\processed\initial_graph_coloring_dataset\colpack_outputs_week13_expanded\bcsstk06_smallest_last.txt
bcsstk06,241,322,0.2315035799522673,SMALLEST_LAST,data\processed\initial_graph_coloring_dataset\colpack_outputs_week13_expanded\bcsstk06_smallest_last.txt
bcsstk06,199,323,0.22911694510739858,SMALLEST_LAST,data\processed\initial_graph_coloring_dataset\colpack_outputs_week13_expanded\bcsstk06_smallest_last.txt
bcsstk06,192,324,0.22673031026252982,SMALLEST_LAST,data\processed\initial_graph_coloring_dataset\colpack_outputs_week13_expanded\bcsstk06_smallest_last.txt
bcsstk06,189,325,0.2243436754176611,SMALLEST_LAST,data\processed\initial_graph_coloring_dataset\colpack_outputs_week13_expanded\bcsstk06_smallest_last.txt
bcsstk06,198,326,0.22195704057279236,SMALLEST_LAST,data\processed\initial_graph_coloring_dataset\colpack_outputs_week13_expanded\bcsstk06_smallest_last.txt
bcsstk06,195,327,0.21957040572792363,SMALLEST_LAST,data\processed\initial_graph_coloring_dataset\colpack_outputs_week13_expanded\bcsstk06_smallest_last.txt
bcsstk06,276,328,0.2171837708830549,SMALLEST_LAST,data\processed\initial_graph_coloring_dataset\colpack_outputs_week13_expanded\bcsstk06_smallest_last.txt
bcsstk06,234,329,0.21479713603818615,SMALLEST_LAST,data\processed\initial_graph_coloring_dataset\colpack_outputs_week13_expanded\bcsstk06_smallest_last.txt
bcsstk06,231,330,0.21241050119331742,SMALLEST_LAST,data\processed\initial_graph_coloring_dataset\colpack_outputs_week13_expanded\bcsstk06_smallest_last.txt
bcsstk06,273,331,0.2100238663484487,SMALLEST_LAST,data\processed\initial_graph_coloring_dataset\colpack_outputs_week13_expanded\bcsstk06_smallest_last.txt
bcsstk06,282,332,0.20763723150357996,SMALLEST_LAST,data\processed\initial_graph_coloring_dataset\colpack_outputs_week13_expanded\bcsstk06_smallest_last.txt
bcsstk06,240,333,0.2052505966587112,SMALLEST_LAST,data\processed\initial_graph_coloring_dataset\colpack_outputs_week13_expanded\bcsstk06_smallest_last.txt
bcsstk06,237,334,0.20286396181384247,SMALLEST_LAST,data\processed\initial_graph_coloring_dataset\colpack_outputs_week13_expanded\bcsstk06_smallest_last.txt
bcsstk06,279,335,0.20047732696897375,SMALLEST_LAST,data\processed\initial_graph_coloring_dataset\colpack_outputs_week13_expanded\bcsstk06_smallest_last.txt
bcsstk06,287,336,0.19809069212410502,SMALLEST_LAST,data\processed\initial_graph_coloring_dataset\colpack_outputs_week13_expanded\bcsstk06_smallest_last.txt
bcsstk06,290,337,0.1957040572792363,SMALLEST_LAST,data\processed\initial_graph_coloring_dataset\colpack_outputs_week13_expanded\bcsstk06_smallest_last.txt
bcsstk06,203,338,0.19331742243436753,SMALLEST_LAST,data\processed\initial_graph_coloring_dataset\colpack_outputs_week13_expanded\bcsstk06_smallest_last.txt
bcsstk06,206,339,0.1909307875894988,SMALLEST_LAST,data\processed\initial_graph_coloring_dataset\colpack_outputs_week13_expanded\bcsstk06_smallest_last.txt
bcsstk06,202,340,0.18854415274463007,SMALLEST_LAST,data\processed\initial_graph_coloring_dataset\colpack_outputs_week13_expanded\bcsstk06_smallest_last.txt
bcsstk06,245,341,0.18615751789976134,SMALLEST_LAST,data\processed\initial_graph_coloring_dataset\colpack_outputs_week13_expanded\bcsstk06_smallest_last.txt
bcsstk06,248,342,0.18377088305489261,SMALLEST_LAST,data\processed\initial_graph_coloring_dataset\colpack_outputs_week13_expanded\bcsstk06_smallest_last.txt
bcsstk06,286,343,0.18138424821002386,SMALLEST_LAST,data\processed\initial_graph_coloring_dataset\colpack_outputs_week13_expanded\bcsstk06_smallest_last.txt
bcsstk06,244,344,0.17899761336515513,SMALLEST_LAST,data\processed\initial_graph_coloring_dataset\colpack_outputs_week13_expanded\bcsstk06_smallest_last.txt
bcsstk06,289,345,0.1766109785202864,SMALLEST_LAST,data\processed\initial_graph_coloring_dataset\colpack_outputs_week13_expanded\bcsstk06_smallest_last.txt
bcsstk06,247,346,0.17422434367541767,SMALLEST_LAST,data\processed\initial_graph_coloring_dataset\colpack_outputs_week13_expanded\bcsstk06_smallest_last.txt
bcsstk06,205,347,0.1718377088305489,SMALLEST_LAST,data\processed\initial_graph_coloring_dataset\colpack_outputs_week13_expanded\bcsstk06_smallest_last.txt
bcsstk06,201,348,0.16945107398568018,SMALLEST_LAST,data\processed\initial_graph_coloring_dataset\colpack_outputs_week13_expanded\bcsstk06_smallest_last.txt
bcsstk06,243,349,0.16706443914081145,SMALLEST_LAST,data\processed\initial_graph_coloring_dataset\colpack_outputs_week13_expanded\bcsstk06_smallest_last.txt
bcsstk06,285,350,0.16467780429594273,SMALLEST_LAST,data\processed\initial_graph_coloring_dataset\colpack_outputs_week13_expanded\bcsstk06_smallest_last.txt
bcsstk06,288,351,0.162291169451074,SMALLEST_LAST,data\processed\initial_graph_coloring_dataset\colpack_outputs_week13_expanded\bcsstk06_smallest_last.txt
bcsstk06,246,352,0.15990453460620524,SMALLEST_LAST,data\processed\initial_graph_coloring_dataset\colpack_outputs_week13_expanded\bcsstk06_smallest_last.txt
bcsstk06,204,353,0.1575178997613365,SMALLEST_LAST,data\processed\initial_graph_coloring_dataset\colpack_outputs_week13_expanded\bcsstk06_smallest_last.txt
bcsstk06,174,354,0.15513126491646778,SMALLEST_LAST,data\processed\initial_graph_coloring_dataset\colpack_outputs_week13_expanded\bcsstk06_smallest_last.txt
bcsstk06,216,355,0.15274463007159905,SMALLEST_LAST,data\processed\initial_graph_coloring_dataset\colpack_outputs_week13_expanded\bcsstk06_smallest_last.txt
bcsstk06,258,356,0.15035799522673032,SMALLEST_LAST,data\processed\initial_graph_coloring_dataset\colpack_outputs_week13_expanded\bcsstk06_smallest_last.txt
bcsstk06,255,357,0.14797136038186157,SMALLEST_LAST,data\processed\initial_graph_coloring_dataset\colpack_outputs_week13_expanded\bcsstk06_smallest_last.txt
bcsstk06,213,358,0.14558472553699284,SMALLEST_LAST,data\processed\initial_graph_coloring_dataset\colpack_outputs_week13_expanded\bcsstk06_smallest_last.txt
bcsstk06,171,359,0.1431980906921241,SMALLEST_LAST,data\processed\initial_graph_coloring_dataset\colpack_outputs_week13_expanded\bcsstk06_smallest_last.txt
bcsstk06,42,360,0.14081145584725538,SMALLEST_LAST,data\processed\initial_graph_coloring_dataset\colpack_outputs_week13_expanded\bcsstk06_smallest_last.txt
bcsstk06,43,361,0.13842482100238662,SMALLEST_LAST,data\processed\initial_graph_coloring_dataset\colpack_outputs_week13_expanded\bcsstk06_smallest_last.txt
bcsstk06,44,362,0.1360381861575179,SMALLEST_LAST,data\processed\initial_graph_coloring_dataset\colpack_outputs_week13_expanded\bcsstk06_smallest_last.txt
bcsstk06,84,363,0.13365155131264916,SMALLEST_LAST,data\processed\initial_graph_coloring_dataset\colpack_outputs_week13_expanded\bcsstk06_smallest_last.txt
bcsstk06,85,364,0.13126491646778043,SMALLEST_LAST,data\processed\initial_graph_coloring_dataset\colpack_outputs_week13_expanded\bcsstk06_smallest_last.txt
bcsstk06,86,365,0.1288782816229117,SMALLEST_LAST,data\processed\initial_graph_coloring_dataset\colpack_outputs_week13_expanded\bcsstk06_smallest_last.txt
bcsstk06,126,366,0.12649164677804295,SMALLEST_LAST,data\processed\initial_graph_coloring_dataset\colpack_outputs_week13_expanded\bcsstk06_smallest_last.txt
bcsstk06,127,367,0.12410501193317422,SMALLEST_LAST,data\processed\initial_graph_coloring_dataset\colpack_outputs_week13_expanded\bcsstk06_smallest_last.txt
bcsstk06,128,368,0.12171837708830549,SMALLEST_LAST,data\processed\initial_graph_coloring_dataset\colpack_outputs_week13_expanded\bcsstk06_smallest_last.txt
bcsstk06,168,369,0.11933174224343675,SMALLEST_LAST,data\processed\initial_graph_coloring_dataset\colpack_outputs_week13_expanded\bcsstk06_smallest_last.txt
bcsstk06,169,370,0.11694510739856802,SMALLEST_LAST,data\processed\initial_graph_coloring_dataset\colpack_outputs_week13_expanded\bcsstk06_smallest_last.txt
bcsstk06,170,371,0.11455847255369929,SMALLEST_LAST,data\processed\initial_graph_coloring_dataset\colpack_outputs_week13_expanded\bcsstk06_smallest_last.txt
bcsstk06,210,372,0.11217183770883055,SMALLEST_LAST,data\processed\initial_graph_coloring_dataset\colpack_outputs_week13_expanded\bcsstk06_smallest_last.txt
bcsstk06,211,373,0.10978520286396182,SMALLEST_LAST,data\processed\initial_graph_coloring_dataset\colpack_outputs_week13_expanded\bcsstk06_smallest_last.txt
bcsstk06,212,374,0.10739856801909307,SMALLEST_LAST,data\processed\initial_graph_coloring_dataset\colpack_outputs_week13_expanded\bcsstk06_smallest_last.txt
bcsstk06,252,375,0.10501193317422435,SMALLEST_LAST,data\processed\initial_graph_coloring_dataset\colpack_outputs_week13_expanded\bcsstk06_smallest_last.txt
bcsstk06,253,376,0.1026252983293556,SMALLEST_LAST,data\processed\initial_graph_coloring_dataset\colpack_outputs_week13_expanded\bcsstk06_smallest_last.txt
bcsstk06,254,377,0.10023866348448687,SMALLEST_LAST,data\processed\initial_graph_coloring_dataset\colpack_outputs_week13_expanded\bcsstk06_smallest_last.txt
bcsstk06,294,378,0.09785202863961814,SMALLEST_LAST,data\processed\initial_graph_coloring_dataset\colpack_outputs_week13_expanded\bcsstk06_smallest_last.txt
bcsstk06,295,379,0.0954653937947494,SMALLEST_LAST,data\processed\initial_graph_coloring_dataset\colpack_outputs_week13_expanded\bcsstk06_smallest_last.txt
bcsstk06,296,380,0.09307875894988067,SMALLEST_LAST,data\processed\initial_graph_coloring_dataset\colpack_outputs_week13_expanded\bcsstk06_smallest_last.txt
bcsstk06,336,381,0.09069212410501193,SMALLEST_LAST,data\processed\initial_graph_coloring_dataset\colpack_outputs_week13_expanded\bcsstk06_smallest_last.txt
bcsstk06,337,382,0.0883054892601432,SMALLEST_LAST,data\processed\initial_graph_coloring_dataset\colpack_outputs_week13_expanded\bcsstk06_smallest_last.txt
bcsstk06,338,383,0.08591885441527446,SMALLEST_LAST,data\processed\initial_graph_coloring_dataset\colpack_outputs_week13_expanded\bcsstk06_smallest_last.txt
bcsstk06,81,384,0.08353221957040573,SMALLEST_LAST,data\processed\initial_graph_coloring_dataset\colpack_outputs_week13_expanded\bcsstk06_smallest_last.txt
bcsstk06,83,385,0.081145584725537,SMALLEST_LAST,data\processed\initial_graph_coloring_dataset\colpack_outputs_week13_expanded\bcsstk06_smallest_last.txt
bcsstk06,123,386,0.07875894988066826,SMALLEST_LAST,data\processed\initial_graph_coloring_dataset\colpack_outputs_week13_expanded\bcsstk06_smallest_last.txt
bcsstk06,125,387,0.07637231503579953,SMALLEST_LAST,data\processed\initial_graph_coloring_dataset\colpack_outputs_week13_expanded\bcsstk06_smallest_last.txt
bcsstk06,165,388,0.07398568019093078,SMALLEST_LAST,data\processed\initial_graph_coloring_dataset\colpack_outputs_week13_expanded\bcsstk06_smallest_last.txt
bcsstk06,167,389,0.07159904534606205,SMALLEST_LAST,data\processed\initial_graph_coloring_dataset\colpack_outputs_week13_expanded\bcsstk06_smallest_last.txt
bcsstk06,207,390,0.06921241050119331,SMALLEST_LAST,data\processed\initial_graph_coloring_dataset\colpack_outputs_week13_expanded\bcsstk06_smallest_last.txt
bcsstk06,209,391,0.06682577565632458,SMALLEST_LAST,data\processed\initial_graph_coloring_dataset\colpack_outputs_week13_expanded\bcsstk06_smallest_last.txt
bcsstk06,249,392,0.06443914081145585,SMALLEST_LAST,data\processed\initial_graph_coloring_dataset\colpack_outputs_week13_expanded\bcsstk06_smallest_last.txt
bcsstk06,251,393,0.06205250596658711,SMALLEST_LAST,data\processed\initial_graph_coloring_dataset\colpack_outputs_week13_expanded\bcsstk06_smallest_last.txt
bcsstk06,291,394,0.059665871121718374,SMALLEST_LAST,data\processed\initial_graph_coloring_dataset\colpack_outputs_week13_expanded\bcsstk06_smallest_last.txt
bcsstk06,293,395,0.057279236276849645,SMALLEST_LAST,data\processed\initial_graph_coloring_dataset\colpack_outputs_week13_expanded\bcsstk06_smallest_last.txt
bcsstk06,333,396,0.05489260143198091,SMALLEST_LAST,data\processed\initial_graph_coloring_dataset\colpack_outputs_week13_expanded\bcsstk06_smallest_last.txt
bcsstk06,335,397,0.05250596658711217,SMALLEST_LAST,data\processed\initial_graph_coloring_dataset\colpack_outputs_week13_expanded\bcsstk06_smallest_last.txt
bcsstk06,375,398,0.050119331742243436,SMALLEST_LAST,data\processed\initial_graph_coloring_dataset\colpack_outputs_week13_expanded\bcsstk06_smallest_last.txt
bcsstk06,377,399,0.0477326968973747,SMALLEST_LAST,data\processed\initial_graph_coloring_dataset\colpack_outputs_week13_expanded\bcsstk06_smallest_last.txt
bcsstk06,82,400,0.045346062052505964,SMALLEST_LAST,data\processed\initial_graph_coloring_dataset\colpack_outputs_week13_expanded\bcsstk06_smallest_last.txt
bcsstk06,124,401,0.04295942720763723,SMALLEST_LAST,data\processed\initial_graph_coloring_dataset\colpack_outputs_week13_expanded\bcsstk06_smallest_last.txt
bcsstk06,166,402,0.0405727923627685,SMALLEST_LAST,data\processed\initial_graph_coloring_dataset\colpack_outputs_week13_expanded\bcsstk06_smallest_last.txt
bcsstk06,208,403,0.03818615751789976,SMALLEST_LAST,data\processed\initial_graph_coloring_dataset\colpack_outputs_week13_expanded\bcsstk06_smallest_last.txt
bcsstk06,250,404,0.03579952267303103,SMALLEST_LAST,data\processed\initial_graph_coloring_dataset\colpack_outputs_week13_expanded\bcsstk06_smallest_last.txt
bcsstk06,292,405,0.03341288782816229,SMALLEST_LAST,data\processed\initial_graph_coloring_dataset\colpack_outputs_week13_expanded\bcsstk06_smallest_last.txt
bcsstk06,334,406,0.031026252983293555,SMALLEST_LAST,data\processed\initial_graph_coloring_dataset\colpack_outputs_week13_expanded\bcsstk06_smallest_last.txt
bcsstk06,376,407,0.028639618138424822,SMALLEST_LAST,data\processed\initial_graph_coloring_dataset\colpack_outputs_week13_expanded\bcsstk06_smallest_last.txt
bcsstk06,0,408,0.026252983293556086,SMALLEST_LAST,data\processed\initial_graph_coloring_dataset\colpack_outputs_week13_expanded\bcsstk06_smallest_last.txt
bcsstk06,1,409,0.02386634844868735,SMALLEST_LAST,data\processed\initial_graph_coloring_dataset\colpack_outputs_week13_expanded\bcsstk06_smallest_last.txt
bcsstk06,39,410,0.021479713603818614,SMALLEST_LAST,data\processed\initial_graph_coloring_dataset\colpack_outputs_week13_expanded\bcsstk06_smallest_last.txt
bcsstk06,40,411,0.01909307875894988,SMALLEST_LAST,data\processed\initial_graph_coloring_dataset\colpack_outputs_week13_expanded\bcsstk06_smallest_last.txt
bcsstk06,378,412,0.016706443914081145,SMALLEST_LAST,data\processed\initial_graph_coloring_dataset\colpack_outputs_week13_expanded\bcsstk06_smallest_last.txt
bcsstk06,379,413,0.014319809069212411,SMALLEST_LAST,data\processed\initial_graph_coloring_dataset\colpack_outputs_week13_expanded\bcsstk06_smallest_last.txt
bcsstk06,417,414,0.011933174224343675,SMALLEST_LAST,data\processed\initial_graph_coloring_dataset\colpack_outputs_week13_expanded\bcsstk06_smallest_last.txt
bcsstk06,418,415,0.00954653937947494,SMALLEST_LAST,data\processed\initial_graph_coloring_dataset\colpack_outputs_week13_expanded\bcsstk06_smallest_last.txt
bcsstk06,2,416,0.007159904534606206,SMALLEST_LAST,data\processed\initial_graph_coloring_dataset\colpack_outputs_week13_expanded\bcsstk06_smallest_last.txt
bcsstk06,41,417,0.00477326968973747,SMALLEST_LAST,data\processed\initial_graph_coloring_dataset\colpack_outputs_week13_expanded\bcsstk06_smallest_last.txt
bcsstk06,380,418,0.002386634844868735,SMALLEST_LAST,data\processed\initial_graph_coloring_dataset\colpack_outputs_week13_expanded\bcsstk06_smallest_last.txt
bcsstk06,419,419,0.0,SMALLEST_LAST,data\processed\initial_graph_coloring_dataset\colpack_outputs_week13_expanded\bcsstk06_smallest_last.txt
can_24,0,0,1.0,SMALLEST_LAST,data\processed\initial_graph_coloring_dataset\colpack_outputs_week13_expanded\can_24_smallest_last.txt
can_24,6,1,0.9565217391304348,SMALLEST_LAST,data\processed\initial_graph_coloring_dataset\colpack_outputs_week13_expanded\can_24_smallest_last.txt
can_24,19,2,0.9130434782608695,SMALLEST_LAST,data\processed\initial_graph_coloring_dataset\colpack_outputs_week13_expanded\can_24_smallest_last.txt
can_24,21,3,0.8695652173913043,SMALLEST_LAST,data\processed\initial_graph_coloring_dataset\colpack_outputs_week13_expanded\can_24_smallest_last.txt
can_24,10,4,0.8260869565217391,SMALLEST_LAST,data\processed\initial_graph_coloring_dataset\colpack_outputs_week13_expanded\can_24_smallest_last.txt
can_24,20,5,0.782608695652174,SMALLEST_LAST,data\processed\initial_graph_coloring_dataset\colpack_outputs_week13_expanded\can_24_smallest_last.txt
can_24,2,6,0.7391304347826086,SMALLEST_LAST,data\processed\initial_graph_coloring_dataset\colpack_outputs_week13_expanded\can_24_smallest_last.txt
can_24,11,7,0.6956521739130435,SMALLEST_LAST,data\processed\initial_graph_coloring_dataset\colpack_outputs_week13_expanded\can_24_smallest_last.txt
can_24,12,8,0.6521739130434783,SMALLEST_LAST,data\processed\initial_graph_coloring_dataset\colpack_outputs_week13_expanded\can_24_smallest_last.txt
can_24,5,9,0.6086956521739131,SMALLEST_LAST,data\processed\initial_graph_coloring_dataset\colpack_outputs_week13_expanded\can_24_smallest_last.txt
can_24,17,10,0.5652173913043478,SMALLEST_LAST,data\processed\initial_graph_coloring_dataset\colpack_outputs_week13_expanded\can_24_smallest_last.txt
can_24,18,11,0.5217391304347826,SMALLEST_LAST,data\processed\initial_graph_coloring_dataset\colpack_outputs_week13_expanded\can_24_smallest_last.txt
can_24,3,12,0.4782608695652174,SMALLEST_LAST,data\processed\initial_graph_coloring_dataset\colpack_outputs_week13_expanded\can_24_smallest_last.txt
can_24,7,13,0.43478260869565216,SMALLEST_LAST,data\processed\initial_graph_coloring_dataset\colpack_outputs_week13_expanded\can_24_smallest_last.txt
can_24,9,14,0.391304347826087,SMALLEST_LAST,data\processed\initial_graph_coloring_dataset\colpack_outputs_week13_expanded\can_24_smallest_last.txt
can_24,13,15,0.34782608695652173,SMALLEST_LAST,data\processed\initial_graph_coloring_dataset\colpack_outputs_week13_expanded\can_24_smallest_last.txt
can_24,1,16,0.30434782608695654,SMALLEST_LAST,data\processed\initial_graph_coloring_dataset\colpack_outputs_week13_expanded\can_24_smallest_last.txt
can_24,15,17,0.2608695652173913,SMALLEST_LAST,data\processed\initial_graph_coloring_dataset\colpack_outputs_week13_expanded\can_24_smallest_last.txt
can_24,4,18,0.21739130434782608,SMALLEST_LAST,data\processed\initial_graph_coloring_dataset\colpack_outputs_week13_expanded\can_24_smallest_last.txt
can_24,14,19,0.17391304347826086,SMALLEST_LAST,data\processed\initial_graph_coloring_dataset\colpack_outputs_week13_expanded\can_24_smallest_last.txt
can_24,8,20,0.13043478260869565,SMALLEST_LAST,data\processed\initial_graph_coloring_dataset\colpack_outputs_week13_expanded\can_24_smallest_last.txt
can_24,16,21,0.08695652173913043,SMALLEST_LAST,data\processed\initial_graph_coloring_dataset\colpack_outputs_week13_expanded\can_24_smallest_last.txt
can_24,22,22,0.043478260869565216,SMALLEST_LAST,data\processed\initial_graph_coloring_dataset\colpack_outputs_week13_expanded\can_24_smallest_last.txt
can_24,23,23,0.0,SMALLEST_LAST,data\processed\initial_graph_coloring_dataset\colpack_outputs_week13_expanded\can_24_smallest_last.txt
dwt_234,19,0,1.0,SMALLEST_LAST,data\processed\initial_graph_coloring_dataset\colpack_outputs_week13_expanded\dwt_234_smallest_last.txt
dwt_234,18,1,0.9957081545064378,SMALLEST_LAST,data\processed\initial_graph_coloring_dataset\colpack_outputs_week13_expanded\dwt_234_smallest_last.txt
dwt_234,17,2,0.9914163090128756,SMALLEST_LAST,data\processed\initial_graph_coloring_dataset\colpack_outputs_week13_expanded\dwt_234_smallest_last.txt
dwt_234,16,3,0.9871244635193133,SMALLEST_LAST,data\processed\initial_graph_coloring_dataset\colpack_outputs_week13_expanded\dwt_234_smallest_last.txt
dwt_234,23,4,0.9828326180257511,SMALLEST_LAST,data\processed\initial_graph_coloring_dataset\colpack_outputs_week13_expanded\dwt_234_smallest_last.txt
dwt_234,24,5,0.9785407725321889,SMALLEST_LAST,data\processed\initial_graph_coloring_dataset\colpack_outputs_week13_expanded\dwt_234_smallest_last.txt
dwt_234,20,6,0.9742489270386266,SMALLEST_LAST,data\processed\initial_graph_coloring_dataset\colpack_outputs_week13_expanded\dwt_234_smallest_last.txt
dwt_234,4,7,0.9699570815450643,SMALLEST_LAST,data\processed\initial_graph_coloring_dataset\colpack_outputs_week13_expanded\dwt_234_smallest_last.txt
dwt_234,5,8,0.9656652360515021,SMALLEST_LAST,data\processed\initial_graph_coloring_dataset\colpack_outputs_week13_expanded\dwt_234_smallest_last.txt
dwt_234,6,9,0.9613733905579399,SMALLEST_LAST,data\processed\initial_graph_coloring_dataset\colpack_outputs_week13_expanded\dwt_234_smallest_last.txt
dwt_234,7,10,0.9570815450643777,SMALLEST_LAST,data\processed\initial_graph_coloring_dataset\colpack_outputs_week13_expanded\dwt_234_smallest_last.txt
dwt_234,21,11,0.9527896995708155,SMALLEST_LAST,data\processed\initial_graph_coloring_dataset\colpack_outputs_week13_expanded\dwt_234_smallest_last.txt
dwt_234,8,12,0.9484978540772532,SMALLEST_LAST,data\processed\initial_graph_coloring_dataset\colpack_outputs_week13_expanded\dwt_234_smallest_last.txt
dwt_234,27,13,0.944206008583691,SMALLEST_LAST,data\processed\initial_graph_coloring_dataset\colpack_outputs_week13_expanded\dwt_234_smallest_last.txt
dwt_234,28,14,0.9399141630901288,SMALLEST_LAST,data\processed\initial_graph_coloring_dataset\colpack_outputs_week13_expanded\dwt_234_smallest_last.txt
dwt_234,34,15,0.9356223175965666,SMALLEST_LAST,data\processed\initial_graph_coloring_dataset\colpack_outputs_week13_expanded\dwt_234_smallest_last.txt
dwt_234,43,16,0.9313304721030042,SMALLEST_LAST,data\processed\initial_graph_coloring_dataset\colpack_outputs_week13_expanded\dwt_234_smallest_last.txt
dwt_234,9,17,0.927038626609442,SMALLEST_LAST,data\processed\initial_graph_coloring_dataset\colpack_outputs_week13_expanded\dwt_234_smallest_last.txt
dwt_234,35,18,0.9227467811158798,SMALLEST_LAST,data\processed\initial_graph_coloring_dataset\colpack_outputs_week13_expanded\dwt_234_smallest_last.txt
dwt_234,10,19,0.9184549356223176,SMALLEST_LAST,data\processed\initial_graph_coloring_dataset\colpack_outputs_week13_expanded\dwt_234_smallest_last.txt
dwt_234,11,20,0.9141630901287554,SMALLEST_LAST,data\processed\initial_graph_coloring_dataset\colpack_outputs_week13_expanded\dwt_234_smallest_last.txt
dwt_234,22,21,0.9098712446351931,SMALLEST_LAST,data\processed\initial_graph_coloring_dataset\colpack_outputs_week13_expanded\dwt_234_smallest_last.txt
dwt_234,12,22,0.9055793991416309,SMALLEST_LAST,data\processed\initial_graph_coloring_dataset\colpack_outputs_week13_expanded\dwt_234_smallest_last.txt
dwt_234,13,23,0.9012875536480687,SMALLEST_LAST,data\processed\initial_graph_coloring_dataset\colpack_outputs_week13_expanded\dwt_234_smallest_last.txt
dwt_234,15,24,0.8969957081545065,SMALLEST_LAST,data\processed\initial_graph_coloring_dataset\colpack_outputs_week13_expanded\dwt_234_smallest_last.txt
dwt_234,14,25,0.8927038626609443,SMALLEST_LAST,data\processed\initial_graph_coloring_dataset\colpack_outputs_week13_expanded\dwt_234_smallest_last.txt
dwt_234,38,26,0.8884120171673819,SMALLEST_LAST,data\processed\initial_graph_coloring_dataset\colpack_outputs_week13_expanded\dwt_234_smallest_last.txt
dwt_234,39,27,0.8841201716738197,SMALLEST_LAST,data\processed\initial_graph_coloring_dataset\colpack_outputs_week13_expanded\dwt_234_smallest_last.txt
dwt_234,47,28,0.8798283261802575,SMALLEST_LAST,data\processed\initial_graph_coloring_dataset\colpack_outputs_week13_expanded\dwt_234_smallest_last.txt
dwt_234,31,29,0.8755364806866953,SMALLEST_LAST,data\processed\initial_graph_coloring_dataset\colpack_outputs_week13_expanded\dwt_234_smallest_last.txt
dwt_234,32,30,0.871244635193133,SMALLEST_LAST,data\processed\initial_graph_coloring_dataset\colpack_outputs_week13_expanded\dwt_234_smallest_last.txt
dwt_234,29,31,0.8669527896995708,SMALLEST_LAST,data\processed\initial_graph_coloring_dataset\colpack_outputs_week13_expanded\dwt_234_smallest_last.txt
dwt_234,30,32,0.8626609442060086,SMALLEST_LAST,data\processed\initial_graph_coloring_dataset\colpack_outputs_week13_expanded\dwt_234_smallest_last.txt
dwt_234,37,33,0.8583690987124464,SMALLEST_LAST,data\processed\initial_graph_coloring_dataset\colpack_outputs_week13_expanded\dwt_234_smallest_last.txt
dwt_234,45,34,0.8540772532188842,SMALLEST_LAST,data\processed\initial_graph_coloring_dataset\colpack_outputs_week13_expanded\dwt_234_smallest_last.txt
dwt_234,36,35,0.8497854077253219,SMALLEST_LAST,data\processed\initial_graph_coloring_dataset\colpack_outputs_week13_expanded\dwt_234_smallest_last.txt
dwt_234,25,36,0.8454935622317596,SMALLEST_LAST,data\processed\initial_graph_coloring_dataset\colpack_outputs_week13_expanded\dwt_234_smallest_last.txt
dwt_234,26,37,0.8412017167381974,SMALLEST_LAST,data\processed\initial_graph_coloring_dataset\colpack_outputs_week13_expanded\dwt_234_smallest_last.txt
dwt_234,33,38,0.8369098712446352,SMALLEST_LAST,data\processed\initial_graph_coloring_dataset\colpack_outputs_week13_expanded\dwt_234_smallest_last.txt
dwt_234,41,39,0.8326180257510729,SMALLEST_LAST,data\processed\initial_graph_coloring_dataset\colpack_outputs_week13_expanded\dwt_234_smallest_last.txt
dwt_234,40,40,0.8283261802575107,SMALLEST_LAST,data\processed\initial_graph_coloring_dataset\colpack_outputs_week13_expanded\dwt_234_smallest_last.txt
dwt_234,42,41,0.8240343347639485,SMALLEST_LAST,data\processed\initial_graph_coloring_dataset\colpack_outputs_week13_expanded\dwt_234_smallest_last.txt
dwt_234,44,42,0.8197424892703863,SMALLEST_LAST,data\processed\initial_graph_coloring_dataset\colpack_outputs_week13_expanded\dwt_234_smallest_last.txt
dwt_234,46,43,0.8154506437768241,SMALLEST_LAST,data\processed\initial_graph_coloring_dataset\colpack_outputs_week13_expanded\dwt_234_smallest_last.txt
dwt_234,48,44,0.8111587982832618,SMALLEST_LAST,data\processed\initial_graph_coloring_dataset\colpack_outputs_week13_expanded\dwt_234_smallest_last.txt
dwt_234,49,45,0.8068669527896996,SMALLEST_LAST,data\processed\initial_graph_coloring_dataset\colpack_outputs_week13_expanded\dwt_234_smallest_last.txt
dwt_234,50,46,0.8025751072961373,SMALLEST_LAST,data\processed\initial_graph_coloring_dataset\colpack_outputs_week13_expanded\dwt_234_smallest_last.txt
dwt_234,51,47,0.7982832618025751,SMALLEST_LAST,data\processed\initial_graph_coloring_dataset\colpack_outputs_week13_expanded\dwt_234_smallest_last.txt
dwt_234,58,48,0.7939914163090128,SMALLEST_LAST,data\processed\initial_graph_coloring_dataset\colpack_outputs_week13_expanded\dwt_234_smallest_last.txt
dwt_234,62,49,0.7896995708154506,SMALLEST_LAST,data\processed\initial_graph_coloring_dataset\colpack_outputs_week13_expanded\dwt_234_smallest_last.txt
dwt_234,52,50,0.7854077253218884,SMALLEST_LAST,data\processed\initial_graph_coloring_dataset\colpack_outputs_week13_expanded\dwt_234_smallest_last.txt
dwt_234,53,51,0.7811158798283262,SMALLEST_LAST,data\processed\initial_graph_coloring_dataset\colpack_outputs_week13_expanded\dwt_234_smallest_last.txt
dwt_234,64,52,0.776824034334764,SMALLEST_LAST,data\processed\initial_graph_coloring_dataset\colpack_outputs_week13_expanded\dwt_234_smallest_last.txt
dwt_234,63,53,0.7725321888412017,SMALLEST_LAST,data\processed\initial_graph_coloring_dataset\colpack_outputs_week13_expanded\dwt_234_smallest_last.txt
dwt_234,56,54,0.7682403433476395,SMALLEST_LAST,data\processed\initial_graph_coloring_dataset\colpack_outputs_week13_expanded\dwt_234_smallest_last.txt
dwt_234,57,55,0.7639484978540773,SMALLEST_LAST,data\processed\initial_graph_coloring_dataset\colpack_outputs_week13_expanded\dwt_234_smallest_last.txt
dwt_234,61,56,0.759656652360515,SMALLEST_LAST,data\processed\initial_graph_coloring_dataset\colpack_outputs_week13_expanded\dwt_234_smallest_last.txt
dwt_234,68,57,0.7553648068669528,SMALLEST_LAST,data\processed\initial_graph_coloring_dataset\colpack_outputs_week13_expanded\dwt_234_smallest_last.txt
dwt_234,60,58,0.7510729613733905,SMALLEST_LAST,data\processed\initial_graph_coloring_dataset\colpack_outputs_week13_expanded\dwt_234_smallest_last.txt
dwt_234,54,59,0.7467811158798283,SMALLEST_LAST,data\processed\initial_graph_coloring_dataset\colpack_outputs_week13_expanded\dwt_234_smallest_last.txt
dwt_234,55,60,0.7424892703862661,SMALLEST_LAST,data\processed\initial_graph_coloring_dataset\colpack_outputs_week13_expanded\dwt_234_smallest_last.txt
dwt_234,59,61,0.7381974248927039,SMALLEST_LAST,data\processed\initial_graph_coloring_dataset\colpack_outputs_week13_expanded\dwt_234_smallest_last.txt
dwt_234,66,62,0.7339055793991416,SMALLEST_LAST,data\processed\initial_graph_coloring_dataset\colpack_outputs_week13_expanded\dwt_234_smallest_last.txt
dwt_234,65,63,0.7296137339055794,SMALLEST_LAST,data\processed\initial_graph_coloring_dataset\colpack_outputs_week13_expanded\dwt_234_smallest_last.txt
dwt_234,67,64,0.7253218884120172,SMALLEST_LAST,data\processed\initial_graph_coloring_dataset\colpack_outputs_week13_expanded\dwt_234_smallest_last.txt
dwt_234,69,65,0.721030042918455,SMALLEST_LAST,data\processed\initial_graph_coloring_dataset\colpack_outputs_week13_expanded\dwt_234_smallest_last.txt
dwt_234,70,66,0.7167381974248928,SMALLEST_LAST,data\processed\initial_graph_coloring_dataset\colpack_outputs_week13_expanded\dwt_234_smallest_last.txt
dwt_234,79,67,0.7124463519313304,SMALLEST_LAST,data\processed\initial_graph_coloring_dataset\colpack_outputs_week13_expanded\dwt_234_smallest_last.txt
dwt_234,80,68,0.7081545064377682,SMALLEST_LAST,data\processed\initial_graph_coloring_dataset\colpack_outputs_week13_expanded\dwt_234_smallest_last.txt
dwt_234,85,69,0.703862660944206,SMALLEST_LAST,data\processed\initial_graph_coloring_dataset\colpack_outputs_week13_expanded\dwt_234_smallest_last.txt
dwt_234,73,70,0.6995708154506438,SMALLEST_LAST,data\processed\initial_graph_coloring_dataset\colpack_outputs_week13_expanded\dwt_234_smallest_last.txt
dwt_234,74,71,0.6952789699570815,SMALLEST_LAST,data\processed\initial_graph_coloring_dataset\colpack_outputs_week13_expanded\dwt_234_smallest_last.txt
dwt_234,75,72,0.6909871244635193,SMALLEST_LAST,data\processed\initial_graph_coloring_dataset\colpack_outputs_week13_expanded\dwt_234_smallest_last.txt
dwt_234,76,73,0.6866952789699571,SMALLEST_LAST,data\processed\initial_graph_coloring_dataset\colpack_outputs_week13_expanded\dwt_234_smallest_last.txt
dwt_234,81,74,0.6824034334763949,SMALLEST_LAST,data\processed\initial_graph_coloring_dataset\colpack_outputs_week13_expanded\dwt_234_smallest_last.txt
dwt_234,87,75,0.6781115879828327,SMALLEST_LAST,data\processed\initial_graph_coloring_dataset\colpack_outputs_week13_expanded\dwt_234_smallest_last.txt
dwt_234,86,76,0.6738197424892703,SMALLEST_LAST,data\processed\initial_graph_coloring_dataset\colpack_outputs_week13_expanded\dwt_234_smallest_last.txt
dwt_234,71,77,0.6695278969957081,SMALLEST_LAST,data\processed\initial_graph_coloring_dataset\colpack_outputs_week13_expanded\dwt_234_smallest_last.txt
dwt_234,72,78,0.6652360515021459,SMALLEST_LAST,data\processed\initial_graph_coloring_dataset\colpack_outputs_week13_expanded\dwt_234_smallest_last.txt
dwt_234,84,79,0.6609442060085837,SMALLEST_LAST,data\processed\initial_graph_coloring_dataset\colpack_outputs_week13_expanded\dwt_234_smallest_last.txt
dwt_234,83,80,0.6566523605150214,SMALLEST_LAST,data\processed\initial_graph_coloring_dataset\colpack_outputs_week13_expanded\dwt_234_smallest_last.txt
dwt_234,82,81,0.6523605150214592,SMALLEST_LAST,data\processed\initial_graph_coloring_dataset\colpack_outputs_week13_expanded\dwt_234_smallest_last.txt
dwt_234,77,82,0.648068669527897,SMALLEST_LAST,data\processed\initial_graph_coloring_dataset\colpack_outputs_week13_expanded\dwt_234_smallest_last.txt
dwt_234,78,83,0.6437768240343348,SMALLEST_LAST,data\processed\initial_graph_coloring_dataset\colpack_outputs_week13_expanded\dwt_234_smallest_last.txt
dwt_234,88,84,0.6394849785407726,SMALLEST_LAST,data\processed\initial_graph_coloring_dataset\colpack_outputs_week13_expanded\dwt_234_smallest_last.txt
dwt_234,89,85,0.6351931330472103,SMALLEST_LAST,data\processed\initial_graph_coloring_dataset\colpack_outputs_week13_expanded\dwt_234_smallest_last.txt
dwt_234,90,86,0.630901287553648,SMALLEST_LAST,data\processed\initial_graph_coloring_dataset\colpack_outputs_week13_expanded\dwt_234_smallest_last.txt
dwt_234,91,87,0.6266094420600858,SMALLEST_LAST,data\processed\initial_graph_coloring_dataset\colpack_outputs_week13_expanded\dwt_234_smallest_last.txt
dwt_234,103,88,0.6223175965665236,SMALLEST_LAST,data\processed\initial_graph_coloring_dataset\colpack_outputs_week13_expanded\dwt_234_smallest_last.txt
dwt_234,110,89,0.6180257510729614,SMALLEST_LAST,data\processed\initial_graph_coloring_dataset\colpack_outputs_week13_expanded\dwt_234_smallest_last.txt
dwt_234,102,90,0.6137339055793991,SMALLEST_LAST,data\processed\initial_graph_coloring_dataset\colpack_outputs_week13_expanded\dwt_234_smallest_last.txt
dwt_234,92,91,0.6094420600858369,SMALLEST_LAST,data\processed\initial_graph_coloring_dataset\colpack_outputs_week13_expanded\dwt_234_smallest_last.txt
dwt_234,93,92,0.6051502145922747,SMALLEST_LAST,data\processed\initial_graph_coloring_dataset\colpack_outputs_week13_expanded\dwt_234_smallest_last.txt
dwt_234,112,93,0.6008583690987125,SMALLEST_LAST,data\processed\initial_graph_coloring_dataset\colpack_outputs_week13_expanded\dwt_234_smallest_last.txt
dwt_234,104,94,0.5965665236051502,SMALLEST_LAST,data\processed\initial_graph_coloring_dataset\colpack_outputs_week13_expanded\dwt_234_smallest_last.txt
dwt_234,100,95,0.592274678111588,SMALLEST_LAST,data\processed\initial_graph_coloring_dataset\colpack_outputs_week13_expanded\dwt_234_smallest_last.txt
dwt_234,98,96,0.5879828326180258,SMALLEST_LAST,data\processed\initial_graph_coloring_dataset\colpack_outputs_week13_expanded\dwt_234_smallest_last.txt
dwt_234,99,97,0.5836909871244635,SMALLEST_LAST,data\processed\initial_graph_coloring_dataset\colpack_outputs_week13_expanded\dwt_234_smallest_last.txt
dwt_234,96,98,0.5793991416309013,SMALLEST_LAST,data\processed\initial_graph_coloring_dataset\colpack_outputs_week13_expanded\dwt_234_smallest_last.txt
dwt_234,97,99,0.575107296137339,SMALLEST_LAST,data\processed\initial_graph_coloring_dataset\colpack_outputs_week13_expanded\dwt_234_smallest_last.txt
dwt_234,108,100,0.5708154506437768,SMALLEST_LAST,data\processed\initial_graph_coloring_dataset\colpack_outputs_week13_expanded\dwt_234_smallest_last.txt
dwt_234,101,101,0.5665236051502146,SMALLEST_LAST,data\processed\initial_graph_coloring_dataset\colpack_outputs_week13_expanded\dwt_234_smallest_last.txt
dwt_234,94,102,0.5622317596566524,SMALLEST_LAST,data\processed\initial_graph_coloring_dataset\colpack_outputs_week13_expanded\dwt_234_smallest_last.txt
dwt_234,95,103,0.5579399141630901,SMALLEST_LAST,data\processed\initial_graph_coloring_dataset\colpack_outputs_week13_expanded\dwt_234_smallest_last.txt
dwt_234,106,104,0.5536480686695279,SMALLEST_LAST,data\processed\initial_graph_coloring_dataset\colpack_outputs_week13_expanded\dwt_234_smallest_last.txt
dwt_234,105,105,0.5493562231759657,SMALLEST_LAST,data\processed\initial_graph_coloring_dataset\colpack_outputs_week13_expanded\dwt_234_smallest_last.txt
dwt_234,107,106,0.5450643776824035,SMALLEST_LAST,data\processed\initial_graph_coloring_dataset\colpack_outputs_week13_expanded\dwt_234_smallest_last.txt
dwt_234,109,107,0.5407725321888412,SMALLEST_LAST,data\processed\initial_graph_coloring_dataset\colpack_outputs_week13_expanded\dwt_234_smallest_last.txt
dwt_234,111,108,0.5364806866952789,SMALLEST_LAST,data\processed\initial_graph_coloring_dataset\colpack_outputs_week13_expanded\dwt_234_smallest_last.txt
dwt_234,208,109,0.5321888412017167,SMALLEST_LAST,data\processed\initial_graph_coloring_dataset\colpack_outputs_week13_expanded\dwt_234_smallest_last.txt
dwt_234,209,110,0.5278969957081545,SMALLEST_LAST,data\processed\initial_graph_coloring_dataset\colpack_outputs_week13_expanded\dwt_234_smallest_last.txt
dwt_234,215,111,0.5236051502145923,SMALLEST_LAST,data\processed\initial_graph_coloring_dataset\colpack_outputs_week13_expanded\dwt_234_smallest_last.txt
dwt_234,214,112,0.51931330472103,SMALLEST_LAST,data\processed\initial_graph_coloring_dataset\colpack_outputs_week13_expanded\dwt_234_smallest_last.txt
dwt_234,220,113,0.5150214592274678,SMALLEST_LAST,data\processed\initial_graph_coloring_dataset\colpack_outputs_week13_expanded\dwt_234_smallest_last.txt
dwt_234,226,114,0.5107296137339056,SMALLEST_LAST,data\processed\initial_graph_coloring_dataset\colpack_outputs_week13_expanded\dwt_234_smallest_last.txt
dwt_234,225,115,0.5064377682403434,SMALLEST_LAST,data\processed\initial_graph_coloring_dataset\colpack_outputs_week13_expanded\dwt_234_smallest_last.txt
dwt_234,219,116,0.5021459227467812,SMALLEST_LAST,data\processed\initial_graph_coloring_dataset\colpack_outputs_week13_expanded\dwt_234_smallest_last.txt
dwt_234,213,117,0.4978540772532189,SMALLEST_LAST,data\processed\initial_graph_coloring_dataset\colpack_outputs_week13_expanded\dwt_234_smallest_last.txt
dwt_234,207,118,0.49356223175965663,SMALLEST_LAST,data\processed\initial_graph_coloring_dataset\colpack_outputs_week13_expanded\dwt_234_smallest_last.txt
dwt_234,206,119,0.4892703862660944,SMALLEST_LAST,data\processed\initial_graph_coloring_dataset\colpack_outputs_week13_expanded\dwt_234_smallest_last.txt
dwt_234,212,120,0.48497854077253216,SMALLEST_LAST,data\processed\initial_graph_coloring_dataset\colpack_outputs_week13_expanded\dwt_234_smallest_last.txt
dwt_234,218,121,0.48068669527896996,SMALLEST_LAST,data\processed\initial_graph_coloring_dataset\colpack_outputs_week13_expanded\dwt_234_smallest_last.txt
dwt_234,224,122,0.47639484978540775,SMALLEST_LAST,data\processed\initial_graph_coloring_dataset\colpack_outputs_week13_expanded\dwt_234_smallest_last.txt
dwt_234,223,123,0.4721030042918455,SMALLEST_LAST,data\processed\initial_graph_coloring_dataset\colpack_outputs_week13_expanded\dwt_234_smallest_last.txt
dwt_234,217,124,0.4678111587982833,SMALLEST_LAST,data\processed\initial_graph_coloring_dataset\colpack_outputs_week13_expanded\dwt_234_smallest_last.txt
dwt_234,211,125,0.463519313304721,SMALLEST_LAST,data\processed\initial_graph_coloring_dataset\colpack_outputs_week13_expanded\dwt_234_smallest_last.txt
dwt_234,205,126,0.4592274678111588,SMALLEST_LAST,data\processed\initial_graph_coloring_dataset\colpack_outputs_week13_expanded\dwt_234_smallest_last.txt
dwt_234,204,127,0.45493562231759654,SMALLEST_LAST,data\processed\initial_graph_coloring_dataset\colpack_outputs_week13_expanded\dwt_234_smallest_last.txt
dwt_234,210,128,0.45064377682403434,SMALLEST_LAST,data\processed\initial_graph_coloring_dataset\colpack_outputs_week13_expanded\dwt_234_smallest_last.txt
dwt_234,216,129,0.44635193133047213,SMALLEST_LAST,data\processed\initial_graph_coloring_dataset\colpack_outputs_week13_expanded\dwt_234_smallest_last.txt
dwt_234,222,130,0.44206008583690987,SMALLEST_LAST,data\processed\initial_graph_coloring_dataset\colpack_outputs_week13_expanded\dwt_234_smallest_last.txt
dwt_234,228,131,0.43776824034334766,SMALLEST_LAST,data\processed\initial_graph_coloring_dataset\colpack_outputs_week13_expanded\dwt_234_smallest_last.txt
dwt_234,229,132,0.4334763948497854,SMALLEST_LAST,data\processed\initial_graph_coloring_dataset\colpack_outputs_week13_expanded\dwt_234_smallest_last.txt
dwt_234,230,133,0.4291845493562232,SMALLEST_LAST,data\processed\initial_graph_coloring_dataset\colpack_outputs_week13_expanded\dwt_234_smallest_last.txt
dwt_234,231,134,0.4248927038626609,SMALLEST_LAST,data\processed\initial_graph_coloring_dataset\colpack_outputs_week13_expanded\dwt_234_smallest_last.txt
dwt_234,232,135,0.4206008583690987,SMALLEST_LAST,data\processed\initial_graph_coloring_dataset\colpack_outputs_week13_expanded\dwt_234_smallest_last.txt
dwt_234,233,136,0.41630901287553645,SMALLEST_LAST,data\processed\initial_graph_coloring_dataset\colpack_outputs_week13_expanded\dwt_234_smallest_last.txt
dwt_234,227,137,0.41201716738197425,SMALLEST_LAST,data\processed\initial_graph_coloring_dataset\colpack_outputs_week13_expanded\dwt_234_smallest_last.txt
dwt_234,221,138,0.40772532188841204,SMALLEST_LAST,data\processed\initial_graph_coloring_dataset\colpack_outputs_week13_expanded\dwt_234_smallest_last.txt
dwt_234,185,139,0.4034334763948498,SMALLEST_LAST,data\processed\initial_graph_coloring_dataset\colpack_outputs_week13_expanded\dwt_234_smallest_last.txt
dwt_234,157,140,0.39914163090128757,SMALLEST_LAST,data\processed\initial_graph_coloring_dataset\colpack_outputs_week13_expanded\dwt_234_smallest_last.txt
dwt_234,158,141,0.3948497854077253,SMALLEST_LAST,data\processed\initial_graph_coloring_dataset\colpack_outputs_week13_expanded\dwt_234_smallest_last.txt
dwt_234,159,142,0.3905579399141631,SMALLEST_LAST,data\processed\initial_graph_coloring_dataset\colpack_outputs_week13_expanded\dwt_234_smallest_last.txt
dwt_234,189,143,0.38626609442060084,SMALLEST_LAST,data\processed\initial_graph_coloring_dataset\colpack_outputs_week13_expanded\dwt_234_smallest_last.txt
dwt_234,146,144,0.38197424892703863,SMALLEST_LAST,data\processed\initial_graph_coloring_dataset\colpack_outputs_week13_expanded\dwt_234_smallest_last.txt
dwt_234,147,145,0.3776824034334764,SMALLEST_LAST,data\processed\initial_graph_coloring_dataset\colpack_outputs_week13_expanded\dwt_234_smallest_last.txt
dwt_234,148,146,0.37339055793991416,SMALLEST_LAST,data\processed\initial_graph_coloring_dataset\colpack_outputs_week13_expanded\dwt_234_smallest_last.txt
dwt_234,193,147,0.36909871244635195,SMALLEST_LAST,data\processed\initial_graph_coloring_dataset\colpack_outputs_week13_expanded\dwt_234_smallest_last.txt
dwt_234,197,148,0.3648068669527897,SMALLEST_LAST,data\processed\initial_graph_coloring_dataset\colpack_outputs_week13_expanded\dwt_234_smallest_last.txt
dwt_234,201,149,0.3605150214592275,SMALLEST_LAST,data\processed\initial_graph_coloring_dataset\colpack_outputs_week13_expanded\dwt_234_smallest_last.txt
dwt_234,202,150,0.3562231759656652,SMALLEST_LAST,data\processed\initial_graph_coloring_dataset\colpack_outputs_week13_expanded\dwt_234_smallest_last.txt
dwt_234,198,151,0.351931330472103,SMALLEST_LAST,data\processed\initial_graph_coloring_dataset\colpack_outputs_week13_expanded\dwt_234_smallest_last.txt
dwt_234,194,152,0.34763948497854075,SMALLEST_LAST,data\processed\initial_graph_coloring_dataset\colpack_outputs_week13_expanded\dwt_234_smallest_last.txt
dwt_234,195,153,0.34334763948497854,SMALLEST_LAST,data\processed\initial_graph_coloring_dataset\colpack_outputs_week13_expanded\dwt_234_smallest_last.txt
dwt_234,199,154,0.33905579399141633,SMALLEST_LAST,data\processed\initial_graph_coloring_dataset\colpack_outputs_week13_expanded\dwt_234_smallest_last.txt
dwt_234,203,155,0.33476394849785407,SMALLEST_LAST,data\processed\initial_graph_coloring_dataset\colpack_outputs_week13_expanded\dwt_234_smallest_last.txt
dwt_234,200,156,0.33047210300429186,SMALLEST_LAST,data\processed\initial_graph_coloring_dataset\colpack_outputs_week13_expanded\dwt_234_smallest_last.txt
dwt_234,170,157,0.3261802575107296,SMALLEST_LAST,data\processed\initial_graph_coloring_dataset\colpack_outputs_week13_expanded\dwt_234_smallest_last.txt
dwt_234,169,158,0.3218884120171674,SMALLEST_LAST,data\processed\initial_graph_coloring_dataset\colpack_outputs_week13_expanded\dwt_234_smallest_last.txt
dwt_234,186,159,0.31759656652360513,SMALLEST_LAST,data\processed\initial_graph_coloring_dataset\colpack_outputs_week13_expanded\dwt_234_smallest_last.txt
dwt_234,168,160,0.3133047210300429,SMALLEST_LAST,data\processed\initial_graph_coloring_dataset\colpack_outputs_week13_expanded\dwt_234_smallest_last.txt
dwt_234,187,161,0.3090128755364807,SMALLEST_LAST,data\processed\initial_graph_coloring_dataset\colpack_outputs_week13_expanded\dwt_234_smallest_last.txt
dwt_234,188,162,0.30472103004291845,SMALLEST_LAST,data\processed\initial_graph_coloring_dataset\colpack_outputs_week13_expanded\dwt_234_smallest_last.txt
dwt_234,179,163,0.30042918454935624,SMALLEST_LAST,data\processed\initial_graph_coloring_dataset\colpack_outputs_week13_expanded\dwt_234_smallest_last.txt
dwt_234,180,164,0.296137339055794,SMALLEST_LAST,data\processed\initial_graph_coloring_dataset\colpack_outputs_week13_expanded\dwt_234_smallest_last.txt
dwt_234,181,165,0.2918454935622318,SMALLEST_LAST,data\processed\initial_graph_coloring_dataset\colpack_outputs_week13_expanded\dwt_234_smallest_last.txt
dwt_234,196,166,0.2875536480686695,SMALLEST_LAST,data\processed\initial_graph_coloring_dataset\colpack_outputs_week13_expanded\dwt_234_smallest_last.txt
dwt_234,192,167,0.2832618025751073,SMALLEST_LAST,data\processed\initial_graph_coloring_dataset\colpack_outputs_week13_expanded\dwt_234_smallest_last.txt
dwt_234,191,168,0.27896995708154504,SMALLEST_LAST,data\processed\initial_graph_coloring_dataset\colpack_outputs_week13_expanded\dwt_234_smallest_last.txt
dwt_234,190,169,0.27467811158798283,SMALLEST_LAST,data\processed\initial_graph_coloring_dataset\colpack_outputs_week13_expanded\dwt_234_smallest_last.txt
dwt_234,0,170,0.2703862660944206,SMALLEST_LAST,data\processed\initial_graph_coloring_dataset\colpack_outputs_week13_expanded\dwt_234_smallest_last.txt
dwt_234,1,171,0.26609442060085836,SMALLEST_LAST,data\processed\initial_graph_coloring_dataset\colpack_outputs_week13_expanded\dwt_234_smallest_last.txt
dwt_234,2,172,0.26180257510729615,SMALLEST_LAST,data\processed\initial_graph_coloring_dataset\colpack_outputs_week13_expanded\dwt_234_smallest_last.txt
dwt_234,3,173,0.2575107296137339,SMALLEST_LAST,data\processed\initial_graph_coloring_dataset\colpack_outputs_week13_expanded\dwt_234_smallest_last.txt
dwt_234,113,174,0.2532188841201717,SMALLEST_LAST,data\processed\initial_graph_coloring_dataset\colpack_outputs_week13_expanded\dwt_234_smallest_last.txt
dwt_234,114,175,0.24892703862660945,SMALLEST_LAST,data\processed\initial_graph_coloring_dataset\colpack_outputs_week13_expanded\dwt_234_smallest_last.txt
dwt_234,115,176,0.2446351931330472,SMALLEST_LAST,data\processed\initial_graph_coloring_dataset\colpack_outputs_week13_expanded\dwt_234_smallest_last.txt
dwt_234,116,177,0.24034334763948498,SMALLEST_LAST,data\processed\initial_graph_coloring_dataset\colpack_outputs_week13_expanded\dwt_234_smallest_last.txt
dwt_234,117,178,0.23605150214592274,SMALLEST_LAST,data\processed\initial_graph_coloring_dataset\colpack_outputs_week13_expanded\dwt_234_smallest_last.txt
dwt_234,121,179,0.2317596566523605,SMALLEST_LAST,data\processed\initial_graph_coloring_dataset\colpack_outputs_week13_expanded\dwt_234_smallest_last.txt
dwt_234,125,180,0.22746781115879827,SMALLEST_LAST,data\processed\initial_graph_coloring_dataset\colpack_outputs_week13_expanded\dwt_234_smallest_last.txt
dwt_234,129,181,0.22317596566523606,SMALLEST_LAST,data\processed\initial_graph_coloring_dataset\colpack_outputs_week13_expanded\dwt_234_smallest_last.txt
dwt_234,133,182,0.21888412017167383,SMALLEST_LAST,data\processed\initial_graph_coloring_dataset\colpack_outputs_week13_expanded\dwt_234_smallest_last.txt
dwt_234,137,183,0.2145922746781116,SMALLEST_LAST,data\processed\initial_graph_coloring_dataset\colpack_outputs_week13_expanded\dwt_234_smallest_last.txt
dwt_234,119,184,0.21030042918454936,SMALLEST_LAST,data\processed\initial_graph_coloring_dataset\colpack_outputs_week13_expanded\dwt_234_smallest_last.txt
dwt_234,123,185,0.20600858369098712,SMALLEST_LAST,data\processed\initial_graph_coloring_dataset\colpack_outputs_week13_expanded\dwt_234_smallest_last.txt
dwt_234,127,186,0.2017167381974249,SMALLEST_LAST,data\processed\initial_graph_coloring_dataset\colpack_outputs_week13_expanded\dwt_234_smallest_last.txt
dwt_234,131,187,0.19742489270386265,SMALLEST_LAST,data\processed\initial_graph_coloring_dataset\colpack_outputs_week13_expanded\dwt_234_smallest_last.txt
dwt_234,135,188,0.19313304721030042,SMALLEST_LAST,data\processed\initial_graph_coloring_dataset\colpack_outputs_week13_expanded\dwt_234_smallest_last.txt
dwt_234,139,189,0.1888412017167382,SMALLEST_LAST,data\processed\initial_graph_coloring_dataset\colpack_outputs_week13_expanded\dwt_234_smallest_last.txt
dwt_234,118,190,0.18454935622317598,SMALLEST_LAST,data\processed\initial_graph_coloring_dataset\colpack_outputs_week13_expanded\dwt_234_smallest_last.txt
dwt_234,122,191,0.18025751072961374,SMALLEST_LAST,data\processed\initial_graph_coloring_dataset\colpack_outputs_week13_expanded\dwt_234_smallest_last.txt
dwt_234,126,192,0.1759656652360515,SMALLEST_LAST,data\processed\initial_graph_coloring_dataset\colpack_outputs_week13_expanded\dwt_234_smallest_last.txt
dwt_234,130,193,0.17167381974248927,SMALLEST_LAST,data\processed\initial_graph_coloring_dataset\colpack_outputs_week13_expanded\dwt_234_smallest_last.txt
dwt_234,134,194,0.16738197424892703,SMALLEST_LAST,data\processed\initial_graph_coloring_dataset\colpack_outputs_week13_expanded\dwt_234_smallest_last.txt
dwt_234,138,195,0.1630901287553648,SMALLEST_LAST,data\processed\initial_graph_coloring_dataset\colpack_outputs_week13_expanded\dwt_234_smallest_last.txt
dwt_234,120,196,0.15879828326180256,SMALLEST_LAST,data\processed\initial_graph_coloring_dataset\colpack_outputs_week13_expanded\dwt_234_smallest_last.txt
dwt_234,124,197,0.15450643776824036,SMALLEST_LAST,data\processed\initial_graph_coloring_dataset\colpack_outputs_week13_expanded\dwt_234_smallest_last.txt
dwt_234,128,198,0.15021459227467812,SMALLEST_LAST,data\processed\initial_graph_coloring_dataset\colpack_outputs_week13_expanded\dwt_234_smallest_last.txt
dwt_234,132,199,0.1459227467811159,SMALLEST_LAST,data\processed\initial_graph_coloring_dataset\colpack_outputs_week13_expanded\dwt_234_smallest_last.txt
dwt_234,136,200,0.14163090128755365,SMALLEST_LAST,data\processed\initial_graph_coloring_dataset\colpack_outputs_week13_expanded\dwt_234_smallest_last.txt
dwt_234,140,201,0.13733905579399142,SMALLEST_LAST,data\processed\initial_graph_coloring_dataset\colpack_outputs_week13_expanded\dwt_234_smallest_last.txt
dwt_234,145,202,0.13304721030042918,SMALLEST_LAST,data\processed\initial_graph_coloring_dataset\colpack_outputs_week13_expanded\dwt_234_smallest_last.txt
dwt_234,144,203,0.12875536480686695,SMALLEST_LAST,data\processed\initial_graph_coloring_dataset\colpack_outputs_week13_expanded\dwt_234_smallest_last.txt
dwt_234,143,204,0.12446351931330472,SMALLEST_LAST,data\processed\initial_graph_coloring_dataset\colpack_outputs_week13_expanded\dwt_234_smallest_last.txt
dwt_234,142,205,0.12017167381974249,SMALLEST_LAST,data\processed\initial_graph_coloring_dataset\colpack_outputs_week13_expanded\dwt_234_smallest_last.txt
dwt_234,141,206,0.11587982832618025,SMALLEST_LAST,data\processed\initial_graph_coloring_dataset\colpack_outputs_week13_expanded\dwt_234_smallest_last.txt
dwt_234,149,207,0.11158798283261803,SMALLEST_LAST,data\processed\initial_graph_coloring_dataset\colpack_outputs_week13_expanded\dwt_234_smallest_last.txt
dwt_234,150,208,0.1072961373390558,SMALLEST_LAST,data\processed\initial_graph_coloring_dataset\colpack_outputs_week13_expanded\dwt_234_smallest_last.txt
dwt_234,151,209,0.10300429184549356,SMALLEST_LAST,data\processed\initial_graph_coloring_dataset\colpack_outputs_week13_expanded\dwt_234_smallest_last.txt
dwt_234,156,210,0.09871244635193133,SMALLEST_LAST,data\processed\initial_graph_coloring_dataset\colpack_outputs_week13_expanded\dwt_234_smallest_last.txt
dwt_234,155,211,0.0944206008583691,SMALLEST_LAST,data\processed\initial_graph_coloring_dataset\colpack_outputs_week13_expanded\dwt_234_smallest_last.txt
dwt_234,154,212,0.09012875536480687,SMALLEST_LAST,data\processed\initial_graph_coloring_dataset\colpack_outputs_week13_expanded\dwt_234_smallest_last.txt
dwt_234,153,213,0.08583690987124463,SMALLEST_LAST,data\processed\initial_graph_coloring_dataset\colpack_outputs_week13_expanded\dwt_234_smallest_last.txt
dwt_234,152,214,0.0815450643776824,SMALLEST_LAST,data\processed\initial_graph_coloring_dataset\colpack_outputs_week13_expanded\dwt_234_smallest_last.txt
dwt_234,160,215,0.07725321888412018,SMALLEST_LAST,data\processed\initial_graph_coloring_dataset\colpack_outputs_week13_expanded\dwt_234_smallest_last.txt
dwt_234,161,216,0.07296137339055794,SMALLEST_LAST,data\processed\initial_graph_coloring_dataset\colpack_outputs_week13_expanded\dwt_234_smallest_last.txt
dwt_234,162,217,0.06866952789699571,SMALLEST_LAST,data\processed\initial_graph_coloring_dataset\colpack_outputs_week13_expanded\dwt_234_smallest_last.txt
dwt_234,167,218,0.06437768240343347,SMALLEST_LAST,data\processed\initial_graph_coloring_dataset\colpack_outputs_week13_expanded\dwt_234_smallest_last.txt
dwt_234,166,219,0.060085836909871244,SMALLEST_LAST,data\processed\initial_graph_coloring_dataset\colpack_outputs_week13_expanded\dwt_234_smallest_last.txt
dwt_234,165,220,0.055793991416309016,SMALLEST_LAST,data\processed\initial_graph_coloring_dataset\colpack_outputs_week13_expanded\dwt_234_smallest_last.txt
dwt_234,164,221,0.05150214592274678,SMALLEST_LAST,data\processed\initial_graph_coloring_dataset\colpack_outputs_week13_expanded\dwt_234_smallest_last.txt
dwt_234,163,222,0.04721030042918455,SMALLEST_LAST,data\processed\initial_graph_coloring_dataset\colpack_outputs_week13_expanded\dwt_234_smallest_last.txt
dwt_234,171,223,0.04291845493562232,SMALLEST_LAST,data\processed\initial_graph_coloring_dataset\colpack_outputs_week13_expanded\dwt_234_smallest_last.txt
dwt_234,172,224,0.03862660944206009,SMALLEST_LAST,data\processed\initial_graph_coloring_dataset\colpack_outputs_week13_expanded\dwt_234_smallest_last.txt
dwt_234,173,225,0.034334763948497854,SMALLEST_LAST,data\processed\initial_graph_coloring_dataset\colpack_outputs_week13_expanded\dwt_234_smallest_last.txt
dwt_234,178,226,0.030042918454935622,SMALLEST_LAST,data\processed\initial_graph_coloring_dataset\colpack_outputs_week13_expanded\dwt_234_smallest_last.txt
dwt_234,177,227,0.02575107296137339,SMALLEST_LAST,data\processed\initial_graph_coloring_dataset\colpack_outputs_week13_expanded\dwt_234_smallest_last.txt
dwt_234,176,228,0.02145922746781116,SMALLEST_LAST,data\processed\initial_graph_coloring_dataset\colpack_outputs_week13_expanded\dwt_234_smallest_last.txt
dwt_234,175,229,0.017167381974248927,SMALLEST_LAST,data\processed\initial_graph_coloring_dataset\colpack_outputs_week13_expanded\dwt_234_smallest_last.txt
dwt_234,174,230,0.012875536480686695,SMALLEST_LAST,data\processed\initial_graph_coloring_dataset\colpack_outputs_week13_expanded\dwt_234_smallest_last.txt
dwt_234,182,231,0.008583690987124463,SMALLEST_LAST,data\processed\initial_graph_coloring_dataset\colpack_outputs_week13_expanded\dwt_234_smallest_last.txt
dwt_234,183,232,0.004291845493562232,SMALLEST_LAST,data\processed\initial_graph_coloring_dataset\colpack_outputs_week13_expanded\dwt_234_smallest_last.txt
dwt_234,184,233,0.0,SMALLEST_LAST,data\processed\initial_graph_coloring_dataset\colpack_outputs_week13_expanded\dwt_234_smallest_last.txt
dwt_361,3,0,1.0,SMALLEST_LAST,data\processed\initial_graph_coloring_dataset\colpack_outputs_week13_expanded\dwt_361_smallest_last.txt
dwt_361,4,1,0.9972222222222222,SMALLEST_LAST,data\processed\initial_graph_coloring_dataset\colpack_outputs_week13_expanded\dwt_361_smallest_last.txt
dwt_361,17,2,0.9944444444444445,SMALLEST_LAST,data\processed\initial_graph_coloring_dataset\colpack_outputs_week13_expanded\dwt_361_smallest_last.txt
dwt_361,16,3,0.9916666666666667,SMALLEST_LAST,data\processed\initial_graph_coloring_dataset\colpack_outputs_week13_expanded\dwt_361_smallest_last.txt
dwt_361,15,4,0.9888888888888889,SMALLEST_LAST,data\processed\initial_graph_coloring_dataset\colpack_outputs_week13_expanded\dwt_361_smallest_last.txt
dwt_361,29,5,0.9861111111111112,SMALLEST_LAST,data\processed\initial_graph_coloring_dataset\colpack_outputs_week13_expanded\dwt_361_smallest_last.txt
dwt_361,28,6,0.9833333333333333,SMALLEST_LAST,data\processed\initial_graph_coloring_dataset\colpack_outputs_week13_expanded\dwt_361_smallest_last.txt
dwt_361,30,7,0.9805555555555555,SMALLEST_LAST,data\processed\initial_graph_coloring_dataset\colpack_outputs_week13_expanded\dwt_361_smallest_last.txt
dwt_361,42,8,0.9777777777777777,SMALLEST_LAST,data\processed\initial_graph_coloring_dataset\colpack_outputs_week13_expanded\dwt_361_smallest_last.txt
dwt_361,43,9,0.975,SMALLEST_LAST,data\processed\initial_graph_coloring_dataset\colpack_outputs_week13_expanded\dwt_361_smallest_last.txt
dwt_361,31,10,0.9722222222222222,SMALLEST_LAST,data\processed\initial_graph_coloring_dataset\colpack_outputs_week13_expanded\dwt_361_smallest_last.txt
dwt_361,18,11,0.9694444444444444,SMALLEST_LAST,data\processed\initial_graph_coloring_dataset\colpack_outputs_week13_expanded\dwt_361_smallest_last.txt
dwt_361,5,12,0.9666666666666667,SMALLEST_LAST,data\processed\initial_graph_coloring_dataset\colpack_outputs_week13_expanded\dwt_361_smallest_last.txt
dwt_361,44,13,0.9638888888888889,SMALLEST_LAST,data\processed\initial_graph_coloring_dataset\colpack_outputs_week13_expanded\dwt_361_smallest_last.txt
dwt_361,32,14,0.9611111111111111,SMALLEST_LAST,data\processed\initial_graph_coloring_dataset\colpack_outputs_week13_expanded\dwt_361_smallest_last.txt
dwt_361,19,15,0.9583333333333334,SMALLEST_LAST,data\processed\initial_graph_coloring_dataset\colpack_outputs_week13_expanded\dwt_361_smallest_last.txt
dwt_361,6,16,0.9555555555555556,SMALLEST_LAST,data\processed\initial_graph_coloring_dataset\colpack_outputs_week13_expanded\dwt_361_smallest_last.txt
dwt_361,45,17,0.9527777777777777,SMALLEST_LAST,data\processed\initial_graph_coloring_dataset\colpack_outputs_week13_expanded\dwt_361_smallest_last.txt
dwt_361,33,18,0.95,SMALLEST_LAST,data\processed\initial_graph_coloring_dataset\colpack_outputs_week13_expanded\dwt_361_smallest_last.txt
dwt_361,20,19,0.9472222222222222,SMALLEST_LAST,data\processed\initial_graph_coloring_dataset\colpack_outputs_week13_expanded\dwt_361_smallest_last.txt
dwt_361,7,20,0.9444444444444444,SMALLEST_LAST,data\processed\initial_graph_coloring_dataset\colpack_outputs_week13_expanded\dwt_361_smallest_last.txt
dwt_361,46,21,0.9416666666666667,SMALLEST_LAST,data\processed\initial_graph_coloring_dataset\colpack_outputs_week13_expanded\dwt_361_smallest_last.txt
dwt_361,34,22,0.9388888888888889,SMALLEST_LAST,data\processed\initial_graph_coloring_dataset\colpack_outputs_week13_expanded\dwt_361_smallest_last.txt
dwt_361,21,23,0.9361111111111111,SMALLEST_LAST,data\processed\initial_graph_coloring_dataset\colpack_outputs_week13_expanded\dwt_361_smallest_last.txt
dwt_361,8,24,0.9333333333333333,SMALLEST_LAST,data\processed\initial_graph_coloring_dataset\colpack_outputs_week13_expanded\dwt_361_smallest_last.txt
dwt_361,47,25,0.9305555555555556,SMALLEST_LAST,data\processed\initial_graph_coloring_dataset\colpack_outputs_week13_expanded\dwt_361_smallest_last.txt
dwt_361,35,26,0.9277777777777778,SMALLEST_LAST,data\processed\initial_graph_coloring_dataset\colpack_outputs_week13_expanded\dwt_361_smallest_last.txt
dwt_361,22,27,0.925,SMALLEST_LAST,data\processed\initial_graph_coloring_dataset\colpack_outputs_week13_expanded\dwt_361_smallest_last.txt
dwt_361,9,28,0.9222222222222223,SMALLEST_LAST,data\processed\initial_graph_coloring_dataset\colpack_outputs_week13_expanded\dwt_361_smallest_last.txt
dwt_361,48,29,0.9194444444444444,SMALLEST_LAST,data\processed\initial_graph_coloring_dataset\colpack_outputs_week13_expanded\dwt_361_smallest_last.txt
dwt_361,36,30,0.9166666666666666,SMALLEST_LAST,data\processed\initial_graph_coloring_dataset\colpack_outputs_week13_expanded\dwt_361_smallest_last.txt
dwt_361,23,31,0.9138888888888889,SMALLEST_LAST,data\processed\initial_graph_coloring_dataset\colpack_outputs_week13_expanded\dwt_361_smallest_last.txt
dwt_361,10,32,0.9111111111111111,SMALLEST_LAST,data\processed\initial_graph_coloring_dataset\colpack_outputs_week13_expanded\dwt_361_smallest_last.txt
dwt_361,49,33,0.9083333333333333,SMALLEST_LAST,data\processed\initial_graph_coloring_dataset\colpack_outputs_week13_expanded\dwt_361_smallest_last.txt
dwt_361,37,34,0.9055555555555556,SMALLEST_LAST,data\processed\initial_graph_coloring_dataset\colpack_outputs_week13_expanded\dwt_361_smallest_last.txt
dwt_361,24,35,0.9027777777777778,SMALLEST_LAST,data\processed\initial_graph_coloring_dataset\colpack_outputs_week13_expanded\dwt_361_smallest_last.txt
dwt_361,11,36,0.9,SMALLEST_LAST,data\processed\initial_graph_coloring_dataset\colpack_outputs_week13_expanded\dwt_361_smallest_last.txt
dwt_361,25,37,0.8972222222222223,SMALLEST_LAST,data\processed\initial_graph_coloring_dataset\colpack_outputs_week13_expanded\dwt_361_smallest_last.txt
dwt_361,38,38,0.8944444444444445,SMALLEST_LAST,data\processed\initial_graph_coloring_dataset\colpack_outputs_week13_expanded\dwt_361_smallest_last.txt
dwt_361,50,39,0.8916666666666667,SMALLEST_LAST,data\processed\initial_graph_coloring_dataset\colpack_outputs_week13_expanded\dwt_361_smallest_last.txt
dwt_361,62,40,0.8888888888888888,SMALLEST_LAST,data\processed\initial_graph_coloring_dataset\colpack_outputs_week13_expanded\dwt_361_smallest_last.txt
dwt_361,61,41,0.8861111111111111,SMALLEST_LAST,data\processed\initial_graph_coloring_dataset\colpack_outputs_week13_expanded\dwt_361_smallest_last.txt
dwt_361,60,42,0.8833333333333333,SMALLEST_LAST,data\processed\initial_graph_coloring_dataset\colpack_outputs_week13_expanded\dwt_361_smallest_last.txt
dwt_361,59,43,0.8805555555555555,SMALLEST_LAST,data\processed\initial_graph_coloring_dataset\colpack_outputs_week13_expanded\dwt_361_smallest_last.txt
dwt_361,58,44,0.8777777777777778,SMALLEST_LAST,data\processed\initial_graph_coloring_dataset\colpack_outputs_week13_expanded\dwt_361_smallest_last.txt
dwt_361,57,45,0.875,SMALLEST_LAST,data\processed\initial_graph_coloring_dataset\colpack_outputs_week13_expanded\dwt_361_smallest_last.txt
dwt_361,56,46,0.8722222222222222,SMALLEST_LAST,data\processed\initial_graph_coloring_dataset\colpack_outputs_week13_expanded\dwt_361_smallest_last.txt
dwt_361,55,47,0.8694444444444445,SMALLEST_LAST,data\processed\initial_graph_coloring_dataset\colpack_outputs_week13_expanded\dwt_361_smallest_last.txt
dwt_361,41,48,0.8666666666666667,SMALLEST_LAST,data\processed\initial_graph_coloring_dataset\colpack_outputs_week13_expanded\dwt_361_smallest_last.txt
dwt_361,27,49,0.8638888888888889,SMALLEST_LAST,data\processed\initial_graph_coloring_dataset\colpack_outputs_week13_expanded\dwt_361_smallest_last.txt
dwt_361,40,50,0.8611111111111112,SMALLEST_LAST,data\processed\initial_graph_coloring_dataset\colpack_outputs_week13_expanded\dwt_361_smallest_last.txt
dwt_361,54,51,0.8583333333333333,SMALLEST_LAST,data\processed\initial_graph_coloring_dataset\colpack_outputs_week13_expanded\dwt_361_smallest_last.txt
dwt_361,68,52,0.8555555555555555,SMALLEST_LAST,data\processed\initial_graph_coloring_dataset\colpack_outputs_week13_expanded\dwt_361_smallest_last.txt
dwt_361,69,53,0.8527777777777777,SMALLEST_LAST,data\processed\initial_graph_coloring_dataset\colpack_outputs_week13_expanded\dwt_361_smallest_last.txt
dwt_361,70,54,0.85,SMALLEST_LAST,data\processed\initial_graph_coloring_dataset\colpack_outputs_week13_expanded\dwt_361_smallest_last.txt
dwt_361,71,55,0.8472222222222222,SMALLEST_LAST,data\processed\initial_graph_coloring_dataset\colpack_outputs_week13_expanded\dwt_361_smallest_last.txt
dwt_361,72,56,0.8444444444444444,SMALLEST_LAST,data\processed\initial_graph_coloring_dataset\colpack_outputs_week13_expanded\dwt_361_smallest_last.txt
dwt_361,73,57,0.8416666666666667,SMALLEST_LAST,data\processed\initial_graph_coloring_dataset\colpack_outputs_week13_expanded\dwt_361_smallest_last.txt
dwt_361,74,58,0.8388888888888889,SMALLEST_LAST,data\processed\initial_graph_coloring_dataset\colpack_outputs_week13_expanded\dwt_361_smallest_last.txt
dwt_361,75,59,0.8361111111111111,SMALLEST_LAST,data\processed\initial_graph_coloring_dataset\colpack_outputs_week13_expanded\dwt_361_smallest_last.txt
dwt_361,63,60,0.8333333333333334,SMALLEST_LAST,data\processed\initial_graph_coloring_dataset\colpack_outputs_week13_expanded\dwt_361_smallest_last.txt
dwt_361,51,61,0.8305555555555556,SMALLEST_LAST,data\processed\initial_graph_coloring_dataset\colpack_outputs_week13_expanded\dwt_361_smallest_last.txt
dwt_361,64,62,0.8277777777777777,SMALLEST_LAST,data\processed\initial_graph_coloring_dataset\colpack_outputs_week13_expanded\dwt_361_smallest_last.txt
dwt_361,76,63,0.825,SMALLEST_LAST,data\processed\initial_graph_coloring_dataset\colpack_outputs_week13_expanded\dwt_361_smallest_last.txt
dwt_361,88,64,0.8222222222222222,SMALLEST_LAST,data\processed\initial_graph_coloring_dataset\colpack_outputs_week13_expanded\dwt_361_smallest_last.txt
dwt_361,87,65,0.8194444444444444,SMALLEST_LAST,data\processed\initial_graph_coloring_dataset\colpack_outputs_week13_expanded\dwt_361_smallest_last.txt
dwt_361,86,66,0.8166666666666667,SMALLEST_LAST,data\processed\initial_graph_coloring_dataset\colpack_outputs_week13_expanded\dwt_361_smallest_last.txt
dwt_361,85,67,0.8138888888888889,SMALLEST_LAST,data\processed\initial_graph_coloring_dataset\colpack_outputs_week13_expanded\dwt_361_smallest_last.txt
dwt_361,84,68,0.8111111111111111,SMALLEST_LAST,data\processed\initial_graph_coloring_dataset\colpack_outputs_week13_expanded\dwt_361_smallest_last.txt
dwt_361,83,69,0.8083333333333333,SMALLEST_LAST,data\processed\initial_graph_coloring_dataset\colpack_outputs_week13_expanded\dwt_361_smallest_last.txt
dwt_361,82,70,0.8055555555555556,SMALLEST_LAST,data\processed\initial_graph_coloring_dataset\colpack_outputs_week13_expanded\dwt_361_smallest_last.txt
dwt_361,81,71,0.8027777777777778,SMALLEST_LAST,data\processed\initial_graph_coloring_dataset\colpack_outputs_week13_expanded\dwt_361_smallest_last.txt
dwt_361,67,72,0.8,SMALLEST_LAST,data\processed\initial_graph_coloring_dataset\colpack_outputs_week13_expanded\dwt_361_smallest_last.txt
dwt_361,53,73,0.7972222222222223,SMALLEST_LAST,data\processed\initial_graph_coloring_dataset\colpack_outputs_week13_expanded\dwt_361_smallest_last.txt
dwt_361,66,74,0.7944444444444444,SMALLEST_LAST,data\processed\initial_graph_coloring_dataset\colpack_outputs_week13_expanded\dwt_361_smallest_last.txt
dwt_361,80,75,0.7916666666666666,SMALLEST_LAST,data\processed\initial_graph_coloring_dataset\colpack_outputs_week13_expanded\dwt_361_smallest_last.txt
dwt_361,94,76,0.7888888888888889,SMALLEST_LAST,data\processed\initial_graph_coloring_dataset\colpack_outputs_week13_expanded\dwt_361_smallest_last.txt
dwt_361,95,77,0.7861111111111111,SMALLEST_LAST,data\processed\initial_graph_coloring_dataset\colpack_outputs_week13_expanded\dwt_361_smallest_last.txt
dwt_361,96,78,0.7833333333333333,SMALLEST_LAST,data\processed\initial_graph_coloring_dataset\colpack_outputs_week13_expanded\dwt_361_smallest_last.txt
dwt_361,97,79,0.7805555555555556,SMALLEST_LAST,data\processed\initial_graph_coloring_dataset\colpack_outputs_week13_expanded\dwt_361_smallest_last.txt
dwt_361,98,80,0.7777777777777778,SMALLEST_LAST,data\processed\initial_graph_coloring_dataset\colpack_outputs_week13_expanded\dwt_361_smallest_last.txt
dwt_361,99,81,0.775,SMALLEST_LAST,data\processed\initial_graph_coloring_dataset\colpack_outputs_week13_expanded\dwt_361_smallest_last.txt
dwt_361,100,82,0.7722222222222223,SMALLEST_LAST,data\processed\initial_graph_coloring_dataset\colpack_outputs_week13_expanded\dwt_361_smallest_last.txt
dwt_361,101,83,0.7694444444444445,SMALLEST_LAST,data\processed\initial_graph_coloring_dataset\colpack_outputs_week13_expanded\dwt_361_smallest_last.txt
dwt_361,89,84,0.7666666666666667,SMALLEST_LAST,data\processed\initial_graph_coloring_dataset\colpack_outputs_week13_expanded\dwt_361_smallest_last.txt
dwt_361,77,85,0.7638888888888888,SMALLEST_LAST,data\processed\initial_graph_coloring_dataset\colpack_outputs_week13_expanded\dwt_361_smallest_last.txt
dwt_361,90,86,0.7611111111111111,SMALLEST_LAST,data\processed\initial_graph_coloring_dataset\colpack_outputs_week13_expanded\dwt_361_smallest_last.txt
dwt_361,102,87,0.7583333333333333,SMALLEST_LAST,data\processed\initial_graph_coloring_dataset\colpack_outputs_week13_expanded\dwt_361_smallest_last.txt
dwt_361,114,88,0.7555555555555555,SMALLEST_LAST,data\processed\initial_graph_coloring_dataset\colpack_outputs_week13_expanded\dwt_361_smallest_last.txt
dwt_361,113,89,0.7527777777777778,SMALLEST_LAST,data\processed\initial_graph_coloring_dataset\colpack_outputs_week13_expanded\dwt_361_smallest_last.txt
dwt_361,112,90,0.75,SMALLEST_LAST,data\processed\initial_graph_coloring_dataset\colpack_outputs_week13_expanded\dwt_361_smallest_last.txt
dwt_361,111,91,0.7472222222222222,SMALLEST_LAST,data\processed\initial_graph_coloring_dataset\colpack_outputs_week13_expanded\dwt_361_smallest_last.txt
dwt_361,110,92,0.7444444444444445,SMALLEST_LAST,data\processed\initial_graph_coloring_dataset\colpack_outputs_week13_expanded\dwt_361_smallest_last.txt
dwt_361,109,93,0.7416666666666667,SMALLEST_LAST,data\processed\initial_graph_coloring_dataset\colpack_outputs_week13_expanded\dwt_361_smallest_last.txt
dwt_361,108,94,0.7388888888888889,SMALLEST_LAST,data\processed\initial_graph_coloring_dataset\colpack_outputs_week13_expanded\dwt_361_smallest_last.txt
dwt_361,107,95,0.7361111111111112,SMALLEST_LAST,data\processed\initial_graph_coloring_dataset\colpack_outputs_week13_expanded\dwt_361_smallest_last.txt
dwt_361,93,96,0.7333333333333333,SMALLEST_LAST,data\processed\initial_graph_coloring_dataset\colpack_outputs_week13_expanded\dwt_361_smallest_last.txt
dwt_361,79,97,0.7305555555555555,SMALLEST_LAST,data\processed\initial_graph_coloring_dataset\colpack_outputs_week13_expanded\dwt_361_smallest_last.txt
dwt_361,92,98,0.7277777777777777,SMALLEST_LAST,data\processed\initial_graph_coloring_dataset\colpack_outputs_week13_expanded\dwt_361_smallest_last.txt
dwt_361,106,99,0.725,SMALLEST_LAST,data\processed\initial_graph_coloring_dataset\colpack_outputs_week13_expanded\dwt_361_smallest_last.txt
dwt_361,120,100,0.7222222222222222,SMALLEST_LAST,data\processed\initial_graph_coloring_dataset\colpack_outputs_week13_expanded\dwt_361_smallest_last.txt
dwt_361,121,101,0.7194444444444444,SMALLEST_LAST,data\processed\initial_graph_coloring_dataset\colpack_outputs_week13_expanded\dwt_361_smallest_last.txt
dwt_361,122,102,0.7166666666666667,SMALLEST_LAST,data\processed\initial_graph_coloring_dataset\colpack_outputs_week13_expanded\dwt_361_smallest_last.txt
dwt_361,123,103,0.7138888888888889,SMALLEST_LAST,data\processed\initial_graph_coloring_dataset\colpack_outputs_week13_expanded\dwt_361_smallest_last.txt
dwt_361,124,104,0.7111111111111111,SMALLEST_LAST,data\processed\initial_graph_coloring_dataset\colpack_outputs_week13_expanded\dwt_361_smallest_last.txt
dwt_361,125,105,0.7083333333333334,SMALLEST_LAST,data\processed\initial_graph_coloring_dataset\colpack_outputs_week13_expanded\dwt_361_smallest_last.txt
dwt_361,126,106,0.7055555555555556,SMALLEST_LAST,data\processed\initial_graph_coloring_dataset\colpack_outputs_week13_expanded\dwt_361_smallest_last.txt
dwt_361,127,107,0.7027777777777777,SMALLEST_LAST,data\processed\initial_graph_coloring_dataset\colpack_outputs_week13_expanded\dwt_361_smallest_last.txt
dwt_361,115,108,0.7,SMALLEST_LAST,data\processed\initial_graph_coloring_dataset\colpack_outputs_week13_expanded\dwt_361_smallest_last.txt
dwt_361,103,109,0.6972222222222222,SMALLEST_LAST,data\processed\initial_graph_coloring_dataset\colpack_outputs_week13_expanded\dwt_361_smallest_last.txt
dwt_361,116,110,0.6944444444444444,SMALLEST_LAST,data\processed\initial_graph_coloring_dataset\colpack_outputs_week13_expanded\dwt_361_smallest_last.txt
dwt_361,128,111,0.6916666666666667,SMALLEST_LAST,data\processed\initial_graph_coloring_dataset\colpack_outputs_week13_expanded\dwt_361_smallest_last.txt
dwt_361,140,112,0.6888888888888889,SMALLEST_LAST,data\processed\initial_graph_coloring_dataset\colpack_outputs_week13_expanded\dwt_361_smallest_last.txt
dwt_361,139,113,0.6861111111111111,SMALLEST_LAST,data\processed\initial_graph_coloring_dataset\colpack_outputs_week13_expanded\dwt_361_smallest_last.txt
dwt_361,138,114,0.6833333333333333,SMALLEST_LAST,data\processed\initial_graph_coloring_dataset\colpack_outputs_week13_expanded\dwt_361_smallest_last.txt
dwt_361,137,115,0.6805555555555556,SMALLEST_LAST,data\processed\initial_graph_coloring_dataset\colpack_outputs_week13_expanded\dwt_361_smallest_last.txt
dwt_361,136,116,0.6777777777777778,SMALLEST_LAST,data\processed\initial_graph_coloring_dataset\colpack_outputs_week13_expanded\dwt_361_smallest_last.txt
dwt_361,135,117,0.675,SMALLEST_LAST,data\processed\initial_graph_coloring_dataset\colpack_outputs_week13_expanded\dwt_361_smallest_last.txt
dwt_361,134,118,0.6722222222222223,SMALLEST_LAST,data\processed\initial_graph_coloring_dataset\colpack_outputs_week13_expanded\dwt_361_smallest_last.txt
dwt_361,133,119,0.6694444444444444,SMALLEST_LAST,data\processed\initial_graph_coloring_dataset\colpack_outputs_week13_expanded\dwt_361_smallest_last.txt
dwt_361,119,120,0.6666666666666666,SMALLEST_LAST,data\processed\initial_graph_coloring_dataset\colpack_outputs_week13_expanded\dwt_361_smallest_last.txt
dwt_361,105,121,0.6638888888888889,SMALLEST_LAST,data\processed\initial_graph_coloring_dataset\colpack_outputs_week13_expanded\dwt_361_smallest_last.txt
dwt_361,118,122,0.6611111111111111,SMALLEST_LAST,data\processed\initial_graph_coloring_dataset\colpack_outputs_week13_expanded\dwt_361_smallest_last.txt
dwt_361,132,123,0.6583333333333333,SMALLEST_LAST,data\processed\initial_graph_coloring_dataset\colpack_outputs_week13_expanded\dwt_361_smallest_last.txt
dwt_361,146,124,0.6555555555555556,SMALLEST_LAST,data\processed\initial_graph_coloring_dataset\colpack_outputs_week13_expanded\dwt_361_smallest_last.txt
dwt_361,147,125,0.6527777777777778,SMALLEST_LAST,data\processed\initial_graph_coloring_dataset\colpack_outputs_week13_expanded\dwt_361_smallest_last.txt
dwt_361,148,126,0.65,SMALLEST_LAST,data\processed\initial_graph_coloring_dataset\colpack_outputs_week13_expanded\dwt_361_smallest_last.txt
dwt_361,149,127,0.6472222222222223,SMALLEST_LAST,data\processed\initial_graph_coloring_dataset\colpack_outputs_week13_expanded\dwt_361_smallest_last.txt
dwt_361,150,128,0.6444444444444445,SMALLEST_LAST,data\processed\initial_graph_coloring_dataset\colpack_outputs_week13_expanded\dwt_361_smallest_last.txt
dwt_361,151,129,0.6416666666666667,SMALLEST_LAST,data\processed\initial_graph_coloring_dataset\colpack_outputs_week13_expanded\dwt_361_smallest_last.txt
dwt_361,152,130,0.6388888888888888,SMALLEST_LAST,data\processed\initial_graph_coloring_dataset\colpack_outputs_week13_expanded\dwt_361_smallest_last.txt
dwt_361,153,131,0.6361111111111111,SMALLEST_LAST,data\processed\initial_graph_coloring_dataset\colpack_outputs_week13_expanded\dwt_361_smallest_last.txt
dwt_361,141,132,0.6333333333333333,SMALLEST_LAST,data\processed\initial_graph_coloring_dataset\colpack_outputs_week13_expanded\dwt_361_smallest_last.txt
dwt_361,129,133,0.6305555555555555,SMALLEST_LAST,data\processed\initial_graph_coloring_dataset\colpack_outputs_week13_expanded\dwt_361_smallest_last.txt
dwt_361,142,134,0.6277777777777778,SMALLEST_LAST,data\processed\initial_graph_coloring_dataset\colpack_outputs_week13_expanded\dwt_361_smallest_last.txt
dwt_361,154,135,0.625,SMALLEST_LAST,data\processed\initial_graph_coloring_dataset\colpack_outputs_week13_expanded\dwt_361_smallest_last.txt
dwt_361,166,136,0.6222222222222222,SMALLEST_LAST,data\processed\initial_graph_coloring_dataset\colpack_outputs_week13_expanded\dwt_361_smallest_last.txt
dwt_361,165,137,0.6194444444444445,SMALLEST_LAST,data\processed\initial_graph_coloring_dataset\colpack_outputs_week13_expanded\dwt_361_smallest_last.txt
dwt_361,164,138,0.6166666666666667,SMALLEST_LAST,data\processed\initial_graph_coloring_dataset\colpack_outputs_week13_expanded\dwt_361_smallest_last.txt
dwt_361,163,139,0.6138888888888889,SMALLEST_LAST,data\processed\initial_graph_coloring_dataset\colpack_outputs_week13_expanded\dwt_361_smallest_last.txt
dwt_361,162,140,0.6111111111111112,SMALLEST_LAST,data\processed\initial_graph_coloring_dataset\colpack_outputs_week13_expanded\dwt_361_smallest_last.txt
dwt_361,161,141,0.6083333333333333,SMALLEST_LAST,data\processed\initial_graph_coloring_dataset\colpack_outputs_week13_expanded\dwt_361_smallest_last.txt
dwt_361,160,142,0.6055555555555555,SMALLEST_LAST,data\processed\initial_graph_coloring_dataset\colpack_outputs_week13_expanded\dwt_361_smallest_last.txt
dwt_361,159,143,0.6027777777777777,SMALLEST_LAST,data\processed\initial_graph_coloring_dataset\colpack_outputs_week13_expanded\dwt_361_smallest_last.txt
dwt_361,145,144,0.6,SMALLEST_LAST,data\processed\initial_graph_coloring_dataset\colpack_outputs_week13_expanded\dwt_361_smallest_last.txt
dwt_361,131,145,0.5972222222222222,SMALLEST_LAST,data\processed\initial_graph_coloring_dataset\colpack_outputs_week13_expanded\dwt_361_smallest_last.txt
dwt_361,144,146,0.5944444444444444,SMALLEST_LAST,data\processed\initial_graph_coloring_dataset\colpack_outputs_week13_expanded\dwt_361_smallest_last.txt
dwt_361,158,147,0.5916666666666667,SMALLEST_LAST,data\processed\initial_graph_coloring_dataset\colpack_outputs_week13_expanded\dwt_361_smallest_last.txt
dwt_361,172,148,0.5888888888888889,SMALLEST_LAST,data\processed\initial_graph_coloring_dataset\colpack_outputs_week13_expanded\dwt_361_smallest_last.txt
dwt_361,173,149,0.5861111111111111,SMALLEST_LAST,data\processed\initial_graph_coloring_dataset\colpack_outputs_week13_expanded\dwt_361_smallest_last.txt
dwt_361,174,150,0.5833333333333334,SMALLEST_LAST,data\processed\initial_graph_coloring_dataset\colpack_outputs_week13_expanded\dwt_361_smallest_last.txt
dwt_361,175,151,0.5805555555555556,SMALLEST_LAST,data\processed\initial_graph_coloring_dataset\colpack_outputs_week13_expanded\dwt_361_smallest_last.txt
dwt_361,176,152,0.5777777777777777,SMALLEST_LAST,data\processed\initial_graph_coloring_dataset\colpack_outputs_week13_expanded\dwt_361_smallest_last.txt
dwt_361,177,153,0.575,SMALLEST_LAST,data\processed\initial_graph_coloring_dataset\colpack_outputs_week13_expanded\dwt_361_smallest_last.txt
dwt_361,178,154,0.5722222222222222,SMALLEST_LAST,data\processed\initial_graph_coloring_dataset\colpack_outputs_week13_expanded\dwt_361_smallest_last.txt
dwt_361,179,155,0.5694444444444444,SMALLEST_LAST,data\processed\initial_graph_coloring_dataset\colpack_outputs_week13_expanded\dwt_361_smallest_last.txt
dwt_361,167,156,0.5666666666666667,SMALLEST_LAST,data\processed\initial_graph_coloring_dataset\colpack_outputs_week13_expanded\dwt_361_smallest_last.txt
dwt_361,155,157,0.5638888888888889,SMALLEST_LAST,data\processed\initial_graph_coloring_dataset\colpack_outputs_week13_expanded\dwt_361_smallest_last.txt
dwt_361,168,158,0.5611111111111111,SMALLEST_LAST,data\processed\initial_graph_coloring_dataset\colpack_outputs_week13_expanded\dwt_361_smallest_last.txt
dwt_361,180,159,0.5583333333333333,SMALLEST_LAST,data\processed\initial_graph_coloring_dataset\colpack_outputs_week13_expanded\dwt_361_smallest_last.txt
dwt_361,192,160,0.5555555555555556,SMALLEST_LAST,data\processed\initial_graph_coloring_dataset\colpack_outputs_week13_expanded\dwt_361_smallest_last.txt
dwt_361,191,161,0.5527777777777778,SMALLEST_LAST,data\processed\initial_graph_coloring_dataset\colpack_outputs_week13_expanded\dwt_361_smallest_last.txt
dwt_361,190,162,0.55,SMALLEST_LAST,data\processed\initial_graph_coloring_dataset\colpack_outputs_week13_expanded\dwt_361_smallest_last.txt
dwt_361,189,163,0.5472222222222223,SMALLEST_LAST,data\processed\initial_graph_coloring_dataset\colpack_outputs_week13_expanded\dwt_361_smallest_last.txt
dwt_361,188,164,0.5444444444444444,SMALLEST_LAST,data\processed\initial_graph_coloring_dataset\colpack_outputs_week13_expanded\dwt_361_smallest_last.txt
dwt_361,187,165,0.5416666666666666,SMALLEST_LAST,data\processed\initial_graph_coloring_dataset\colpack_outputs_week13_expanded\dwt_361_smallest_last.txt
dwt_361,186,166,0.5388888888888889,SMALLEST_LAST,data\processed\initial_graph_coloring_dataset\colpack_outputs_week13_expanded\dwt_361_smallest_last.txt
dwt_361,185,167,0.5361111111111111,SMALLEST_LAST,data\processed\initial_graph_coloring_dataset\colpack_outputs_week13_expanded\dwt_361_smallest_last.txt
dwt_361,171,168,0.5333333333333333,SMALLEST_LAST,data\processed\initial_graph_coloring_dataset\colpack_outputs_week13_expanded\dwt_361_smallest_last.txt
dwt_361,157,169,0.5305555555555556,SMALLEST_LAST,data\processed\initial_graph_coloring_dataset\colpack_outputs_week13_expanded\dwt_361_smallest_last.txt
dwt_361,170,170,0.5277777777777778,SMALLEST_LAST,data\processed\initial_graph_coloring_dataset\colpack_outputs_week13_expanded\dwt_361_smallest_last.txt
dwt_361,184,171,0.525,SMALLEST_LAST,data\processed\initial_graph_coloring_dataset\colpack_outputs_week13_expanded\dwt_361_smallest_last.txt
dwt_361,198,172,0.5222222222222223,SMALLEST_LAST,data\processed\initial_graph_coloring_dataset\colpack_outputs_week13_expanded\dwt_361_smallest_last.txt
dwt_361,199,173,0.5194444444444445,SMALLEST_LAST,data\processed\initial_graph_coloring_dataset\colpack_outputs_week13_expanded\dwt_361_smallest_last.txt
dwt_361,200,174,0.5166666666666667,SMALLEST_LAST,data\processed\initial_graph_coloring_dataset\colpack_outputs_week13_expanded\dwt_361_smallest_last.txt
dwt_361,201,175,0.5138888888888888,SMALLEST_LAST,data\processed\initial_graph_coloring_dataset\colpack_outputs_week13_expanded\dwt_361_smallest_last.txt
dwt_361,202,176,0.5111111111111111,SMALLEST_LAST,data\processed\initial_graph_coloring_dataset\colpack_outputs_week13_expanded\dwt_361_smallest_last.txt
dwt_361,203,177,0.5083333333333333,SMALLEST_LAST,data\processed\initial_graph_coloring_dataset\colpack_outputs_week13_expanded\dwt_361_smallest_last.txt
dwt_361,204,178,0.5055555555555555,SMALLEST_LAST,data\processed\initial_graph_coloring_dataset\colpack_outputs_week13_expanded\dwt_361_smallest_last.txt
dwt_361,205,179,0.5027777777777778,SMALLEST_LAST,data\processed\initial_graph_coloring_dataset\colpack_outputs_week13_expanded\dwt_361_smallest_last.txt
dwt_361,193,180,0.5,SMALLEST_LAST,data\processed\initial_graph_coloring_dataset\colpack_outputs_week13_expanded\dwt_361_smallest_last.txt
dwt_361,181,181,0.49722222222222223,SMALLEST_LAST,data\processed\initial_graph_coloring_dataset\colpack_outputs_week13_expanded\dwt_361_smallest_last.txt
dwt_361,194,182,0.49444444444444446,SMALLEST_LAST,data\processed\initial_graph_coloring_dataset\colpack_outputs_week13_expanded\dwt_361_smallest_last.txt
dwt_361,206,183,0.49166666666666664,SMALLEST_LAST,data\processed\initial_graph_coloring_dataset\colpack_outputs_week13_expanded\dwt_361_smallest_last.txt
dwt_361,218,184,0.4888888888888889,SMALLEST_LAST,data\processed\initial_graph_coloring_dataset\colpack_outputs_week13_expanded\dwt_361_smallest_last.txt
dwt_361,217,185,0.4861111111111111,SMALLEST_LAST,data\processed\initial_graph_coloring_dataset\colpack_outputs_week13_expanded\dwt_361_smallest_last.txt
dwt_361,216,186,0.48333333333333334,SMALLEST_LAST,data\processed\initial_graph_coloring_dataset\colpack_outputs_week13_expanded\dwt_361_smallest_last.txt
dwt_361,215,187,0.48055555555555557,SMALLEST_LAST,data\processed\initial_graph_coloring_dataset\colpack_outputs_week13_expanded\dwt_361_smallest_last.txt
dwt_361,214,188,0.4777777777777778,SMALLEST_LAST,data\processed\initial_graph_coloring_dataset\colpack_outputs_week13_expanded\dwt_361_smallest_last.txt
dwt_361,213,189,0.475,SMALLEST_LAST,data\processed\initial_graph_coloring_dataset\colpack_outputs_week13_expanded\dwt_361_smallest_last.txt
dwt_361,212,190,0.4722222222222222,SMALLEST_LAST,data\processed\initial_graph_coloring_dataset\colpack_outputs_week13_expanded\dwt_361_smallest_last.txt
dwt_361,211,191,0.46944444444444444,SMALLEST_LAST,data\processed\initial_graph_coloring_dataset\colpack_outputs_week13_expanded\dwt_361_smallest_last.txt
dwt_361,197,192,0.4666666666666667,SMALLEST_LAST,data\processed\initial_graph_coloring_dataset\colpack_outputs_week13_expanded\dwt_361_smallest_last.txt
dwt_361,183,193,0.4638888888888889,SMALLEST_LAST,data\processed\initial_graph_coloring_dataset\colpack_outputs_week13_expanded\dwt_361_smallest_last.txt
dwt_361,196,194,0.46111111111111114,SMALLEST_LAST,data\processed\initial_graph_coloring_dataset\colpack_outputs_week13_expanded\dwt_361_smallest_last.txt
dwt_361,210,195,0.4583333333333333,SMALLEST_LAST,data\processed\initial_graph_coloring_dataset\colpack_outputs_week13_expanded\dwt_361_smallest_last.txt
dwt_361,224,196,0.45555555555555555,SMALLEST_LAST,data\processed\initial_graph_coloring_dataset\colpack_outputs_week13_expanded\dwt_361_smallest_last.txt
dwt_361,225,197,0.4527777777777778,SMALLEST_LAST,data\processed\initial_graph_coloring_dataset\colpack_outputs_week13_expanded\dwt_361_smallest_last.txt
dwt_361,226,198,0.45,SMALLEST_LAST,data\processed\initial_graph_coloring_dataset\colpack_outputs_week13_expanded\dwt_361_smallest_last.txt
dwt_361,227,199,0.44722222222222224,SMALLEST_LAST,data\processed\initial_graph_coloring_dataset\colpack_outputs_week13_expanded\dwt_361_smallest_last.txt
dwt_361,228,200,0.4444444444444444,SMALLEST_LAST,data\processed\initial_graph_coloring_dataset\colpack_outputs_week13_expanded\dwt_361_smallest_last.txt
dwt_361,229,201,0.44166666666666665,SMALLEST_LAST,data\processed\initial_graph_coloring_dataset\colpack_outputs_week13_expanded\dwt_361_smallest_last.txt
dwt_361,230,202,0.4388888888888889,SMALLEST_LAST,data\processed\initial_graph_coloring_dataset\colpack_outputs_week13_expanded\dwt_361_smallest_last.txt
dwt_361,231,203,0.4361111111111111,SMALLEST_LAST,data\processed\initial_graph_coloring_dataset\colpack_outputs_week13_expanded\dwt_361_smallest_last.txt
dwt_361,219,204,0.43333333333333335,SMALLEST_LAST,data\processed\initial_graph_coloring_dataset\colpack_outputs_week13_expanded\dwt_361_smallest_last.txt
dwt_361,207,205,0.4305555555555556,SMALLEST_LAST,data\processed\initial_graph_coloring_dataset\colpack_outputs_week13_expanded\dwt_361_smallest_last.txt
dwt_361,220,206,0.42777777777777776,SMALLEST_LAST,data\processed\initial_graph_coloring_dataset\colpack_outputs_week13_expanded\dwt_361_smallest_last.txt
dwt_361,232,207,0.425,SMALLEST_LAST,data\processed\initial_graph_coloring_dataset\colpack_outputs_week13_expanded\dwt_361_smallest_last.txt
dwt_361,244,208,0.4222222222222222,SMALLEST_LAST,data\processed\initial_graph_coloring_dataset\colpack_outputs_week13_expanded\dwt_361_smallest_last.txt
dwt_361,243,209,0.41944444444444445,SMALLEST_LAST,data\processed\initial_graph_coloring_dataset\colpack_outputs_week13_expanded\dwt_361_smallest_last.txt
dwt_361,242,210,0.4166666666666667,SMALLEST_LAST,data\processed\initial_graph_coloring_dataset\colpack_outputs_week13_expanded\dwt_361_smallest_last.txt
dwt_361,241,211,0.41388888888888886,SMALLEST_LAST,data\processed\initial_graph_coloring_dataset\colpack_outputs_week13_expanded\dwt_361_smallest_last.txt
dwt_361,240,212,0.4111111111111111,SMALLEST_LAST,data\processed\initial_graph_coloring_dataset\colpack_outputs_week13_expanded\dwt_361_smallest_last.txt
dwt_361,239,213,0.4083333333333333,SMALLEST_LAST,data\processed\initial_graph_coloring_dataset\colpack_outputs_week13_expanded\dwt_361_smallest_last.txt
dwt_361,238,214,0.40555555555555556,SMALLEST_LAST,data\processed\initial_graph_coloring_dataset\colpack_outputs_week13_expanded\dwt_361_smallest_last.txt
dwt_361,237,215,0.4027777777777778,SMALLEST_LAST,data\processed\initial_graph_coloring_dataset\colpack_outputs_week13_expanded\dwt_361_smallest_last.txt
dwt_361,223,216,0.4,SMALLEST_LAST,data\processed\initial_graph_coloring_dataset\colpack_outputs_week13_expanded\dwt_361_smallest_last.txt
dwt_361,209,217,0.3972222222222222,SMALLEST_LAST,data\processed\initial_graph_coloring_dataset\colpack_outputs_week13_expanded\dwt_361_smallest_last.txt
dwt_361,222,218,0.39444444444444443,SMALLEST_LAST,data\processed\initial_graph_coloring_dataset\colpack_outputs_week13_expanded\dwt_361_smallest_last.txt
dwt_361,236,219,0.39166666666666666,SMALLEST_LAST,data\processed\initial_graph_coloring_dataset\colpack_outputs_week13_expanded\dwt_361_smallest_last.txt
dwt_361,250,220,0.3888888888888889,SMALLEST_LAST,data\processed\initial_graph_coloring_dataset\colpack_outputs_week13_expanded\dwt_361_smallest_last.txt
dwt_361,251,221,0.3861111111111111,SMALLEST_LAST,data\processed\initial_graph_coloring_dataset\colpack_outputs_week13_expanded\dwt_361_smallest_last.txt
dwt_361,252,222,0.38333333333333336,SMALLEST_LAST,data\processed\initial_graph_coloring_dataset\colpack_outputs_week13_expanded\dwt_361_smallest_last.txt
dwt_361,253,223,0.38055555555555554,SMALLEST_LAST,data\processed\initial_graph_coloring_dataset\colpack_outputs_week13_expanded\dwt_361_smallest_last.txt
dwt_361,254,224,0.37777777777777777,SMALLEST_LAST,data\processed\initial_graph_coloring_dataset\colpack_outputs_week13_expanded\dwt_361_smallest_last.txt
dwt_361,255,225,0.375,SMALLEST_LAST,data\processed\initial_graph_coloring_dataset\colpack_outputs_week13_expanded\dwt_361_smallest_last.txt
dwt_361,256,226,0.37222222222222223,SMALLEST_LAST,data\processed\initial_graph_coloring_dataset\colpack_outputs_week13_expanded\dwt_361_smallest_last.txt
dwt_361,257,227,0.36944444444444446,SMALLEST_LAST,data\processed\initial_graph_coloring_dataset\colpack_outputs_week13_expanded\dwt_361_smallest_last.txt
dwt_361,245,228,0.36666666666666664,SMALLEST_LAST,data\processed\initial_graph_coloring_dataset\colpack_outputs_week13_expanded\dwt_361_smallest_last.txt
dwt_361,233,229,0.3638888888888889,SMALLEST_LAST,data\processed\initial_graph_coloring_dataset\colpack_outputs_week13_expanded\dwt_361_smallest_last.txt
dwt_361,246,230,0.3611111111111111,SMALLEST_LAST,data\processed\initial_graph_coloring_dataset\colpack_outputs_week13_expanded\dwt_361_smallest_last.txt
dwt_361,258,231,0.35833333333333334,SMALLEST_LAST,data\processed\initial_graph_coloring_dataset\colpack_outputs_week13_expanded\dwt_361_smallest_last.txt
dwt_361,270,232,0.35555555555555557,SMALLEST_LAST,data\processed\initial_graph_coloring_dataset\colpack_outputs_week13_expanded\dwt_361_smallest_last.txt
dwt_361,269,233,0.3527777777777778,SMALLEST_LAST,data\processed\initial_graph_coloring_dataset\colpack_outputs_week13_expanded\dwt_361_smallest_last.txt
dwt_361,268,234,0.35,SMALLEST_LAST,data\processed\initial_graph_coloring_dataset\colpack_outputs_week13_expanded\dwt_361_smallest_last.txt
dwt_361,267,235,0.3472222222222222,SMALLEST_LAST,data\processed\initial_graph_coloring_dataset\colpack_outputs_week13_expanded\dwt_361_smallest_last.txt
dwt_361,266,236,0.34444444444444444,SMALLEST_LAST,data\processed\initial_graph_coloring_dataset\colpack_outputs_week13_expanded\dwt_361_smallest_last.txt
dwt_361,265,237,0.3416666666666667,SMALLEST_LAST,data\processed\initial_graph_coloring_dataset\colpack_outputs_week13_expanded\dwt_361_smallest_last.txt
dwt_361,264,238,0.3388888888888889,SMALLEST_LAST,data\processed\initial_graph_coloring_dataset\colpack_outputs_week13_expanded\dwt_361_smallest_last.txt
dwt_361,263,239,0.33611111111111114,SMALLEST_LAST,data\processed\initial_graph_coloring_dataset\colpack_outputs_week13_expanded\dwt_361_smallest_last.txt
dwt_361,249,240,0.3333333333333333,SMALLEST_LAST,data\processed\initial_graph_coloring_dataset\colpack_outputs_week13_expanded\dwt_361_smallest_last.txt
dwt_361,235,241,0.33055555555555555,SMALLEST_LAST,data\processed\initial_graph_coloring_dataset\colpack_outputs_week13_expanded\dwt_361_smallest_last.txt
dwt_361,248,242,0.3277777777777778,SMALLEST_LAST,data\processed\initial_graph_coloring_dataset\colpack_outputs_week13_expanded\dwt_361_smallest_last.txt
dwt_361,262,243,0.325,SMALLEST_LAST,data\processed\initial_graph_coloring_dataset\colpack_outputs_week13_expanded\dwt_361_smallest_last.txt
dwt_361,276,244,0.32222222222222224,SMALLEST_LAST,data\processed\initial_graph_coloring_dataset\colpack_outputs_week13_expanded\dwt_361_smallest_last.txt
dwt_361,277,245,0.3194444444444444,SMALLEST_LAST,data\processed\initial_graph_coloring_dataset\colpack_outputs_week13_expanded\dwt_361_smallest_last.txt
dwt_361,278,246,0.31666666666666665,SMALLEST_LAST,data\processed\initial_graph_coloring_dataset\colpack_outputs_week13_expanded\dwt_361_smallest_last.txt
dwt_361,279,247,0.3138888888888889,SMALLEST_LAST,data\processed\initial_graph_coloring_dataset\colpack_outputs_week13_expanded\dwt_361_smallest_last.txt
dwt_361,280,248,0.3111111111111111,SMALLEST_LAST,data\processed\initial_graph_coloring_dataset\colpack_outputs_week13_expanded\dwt_361_smallest_last.txt
dwt_361,281,249,0.30833333333333335,SMALLEST_LAST,data\processed\initial_graph_coloring_dataset\colpack_outputs_week13_expanded\dwt_361_smallest_last.txt
dwt_361,282,250,0.3055555555555556,SMALLEST_LAST,data\processed\initial_graph_coloring_dataset\colpack_outputs_week13_expanded\dwt_361_smallest_last.txt
dwt_361,283,251,0.30277777777777776,SMALLEST_LAST,data\processed\initial_graph_coloring_dataset\colpack_outputs_week13_expanded\dwt_361_smallest_last.txt
dwt_361,271,252,0.3,SMALLEST_LAST,data\processed\initial_graph_coloring_dataset\colpack_outputs_week13_expanded\dwt_361_smallest_last.txt
dwt_361,259,253,0.2972222222222222,SMALLEST_LAST,data\processed\initial_graph_coloring_dataset\colpack_outputs_week13_expanded\dwt_361_smallest_last.txt
dwt_361,272,254,0.29444444444444445,SMALLEST_LAST,data\processed\initial_graph_coloring_dataset\colpack_outputs_week13_expanded\dwt_361_smallest_last.txt
dwt_361,284,255,0.2916666666666667,SMALLEST_LAST,data\processed\initial_graph_coloring_dataset\colpack_outputs_week13_expanded\dwt_361_smallest_last.txt
dwt_361,296,256,0.28888888888888886,SMALLEST_LAST,data\processed\initial_graph_coloring_dataset\colpack_outputs_week13_expanded\dwt_361_smallest_last.txt
dwt_361,295,257,0.2861111111111111,SMALLEST_LAST,data\processed\initial_graph_coloring_dataset\colpack_outputs_week13_expanded\dwt_361_smallest_last.txt
dwt_361,294,258,0.2833333333333333,SMALLEST_LAST,data\processed\initial_graph_coloring_dataset\colpack_outputs_week13_expanded\dwt_361_smallest_last.txt
dwt_361,293,259,0.28055555555555556,SMALLEST_LAST,data\processed\initial_graph_coloring_dataset\colpack_outputs_week13_expanded\dwt_361_smallest_last.txt
dwt_361,292,260,0.2777777777777778,SMALLEST_LAST,data\processed\initial_graph_coloring_dataset\colpack_outputs_week13_expanded\dwt_361_smallest_last.txt
dwt_361,291,261,0.275,SMALLEST_LAST,data\processed\initial_graph_coloring_dataset\colpack_outputs_week13_expanded\dwt_361_smallest_last.txt
dwt_361,290,262,0.2722222222222222,SMALLEST_LAST,data\processed\initial_graph_coloring_dataset\colpack_outputs_week13_expanded\dwt_361_smallest_last.txt
dwt_361,289,263,0.26944444444444443,SMALLEST_LAST,data\processed\initial_graph_coloring_dataset\colpack_outputs_week13_expanded\dwt_361_smallest_last.txt
dwt_361,275,264,0.26666666666666666,SMALLEST_LAST,data\processed\initial_graph_coloring_dataset\colpack_outputs_week13_expanded\dwt_361_smallest_last.txt
dwt_361,261,265,0.2638888888888889,SMALLEST_LAST,data\processed\initial_graph_coloring_dataset\colpack_outputs_week13_expanded\dwt_361_smallest_last.txt
dwt_361,274,266,0.2611111111111111,SMALLEST_LAST,data\processed\initial_graph_coloring_dataset\colpack_outputs_week13_expanded\dwt_361_smallest_last.txt
dwt_361,288,267,0.25833333333333336,SMALLEST_LAST,data\processed\initial_graph_coloring_dataset\colpack_outputs_week13_expanded\dwt_361_smallest_last.txt
dwt_361,302,268,0.25555555555555554,SMALLEST_LAST,data\processed\initial_graph_coloring_dataset\colpack_outputs_week13_expanded\dwt_361_smallest_last.txt
dwt_361,303,269,0.25277777777777777,SMALLEST_LAST,data\processed\initial_graph_coloring_dataset\colpack_outputs_week13_expanded\dwt_361_smallest_last.txt
dwt_361,304,270,0.25,SMALLEST_LAST,data\processed\initial_graph_coloring_dataset\colpack_outputs_week13_expanded\dwt_361_smallest_last.txt
dwt_361,305,271,0.24722222222222223,SMALLEST_LAST,data\processed\initial_graph_coloring_dataset\colpack_outputs_week13_expanded\dwt_361_smallest_last.txt
dwt_361,306,272,0.24444444444444444,SMALLEST_LAST,data\processed\initial_graph_coloring_dataset\colpack_outputs_week13_expanded\dwt_361_smallest_last.txt
dwt_361,307,273,0.24166666666666667,SMALLEST_LAST,data\processed\initial_graph_coloring_dataset\colpack_outputs_week13_expanded\dwt_361_smallest_last.txt
dwt_361,308,274,0.2388888888888889,SMALLEST_LAST,data\processed\initial_graph_coloring_dataset\colpack_outputs_week13_expanded\dwt_361_smallest_last.txt
dwt_361,309,275,0.2361111111111111,SMALLEST_LAST,data\processed\initial_graph_coloring_dataset\colpack_outputs_week13_expanded\dwt_361_smallest_last.txt
dwt_361,297,276,0.23333333333333334,SMALLEST_LAST,data\processed\initial_graph_coloring_dataset\colpack_outputs_week13_expanded\dwt_361_smallest_last.txt
dwt_361,285,277,0.23055555555555557,SMALLEST_LAST,data\processed\initial_graph_coloring_dataset\colpack_outputs_week13_expanded\dwt_361_smallest_last.txt
dwt_361,298,278,0.22777777777777777,SMALLEST_LAST,data\processed\initial_graph_coloring_dataset\colpack_outputs_week13_expanded\dwt_361_smallest_last.txt
dwt_361,310,279,0.225,SMALLEST_LAST,data\processed\initial_graph_coloring_dataset\colpack_outputs_week13_expanded\dwt_361_smallest_last.txt
dwt_361,311,280,0.2222222222222222,SMALLEST_LAST,data\processed\initial_graph_coloring_dataset\colpack_outputs_week13_expanded\dwt_361_smallest_last.txt
dwt_361,359,281,0.21944444444444444,SMALLEST_LAST,data\processed\initial_graph_coloring_dataset\colpack_outputs_week13_expanded\dwt_361_smallest_last.txt
dwt_361,358,282,0.21666666666666667,SMALLEST_LAST,data\processed\initial_graph_coloring_dataset\colpack_outputs_week13_expanded\dwt_361_smallest_last.txt
dwt_361,357,283,0.21388888888888888,SMALLEST_LAST,data\processed\initial_graph_coloring_dataset\colpack_outputs_week13_expanded\dwt_361_smallest_last.txt
dwt_361,356,284,0.2111111111111111,SMALLEST_LAST,data\processed\initial_graph_coloring_dataset\colpack_outputs_week13_expanded\dwt_361_smallest_last.txt
dwt_361,355,285,0.20833333333333334,SMALLEST_LAST,data\processed\initial_graph_coloring_dataset\colpack_outputs_week13_expanded\dwt_361_smallest_last.txt
dwt_361,354,286,0.20555555555555555,SMALLEST_LAST,data\processed\initial_graph_coloring_dataset\colpack_outputs_week13_expanded\dwt_361_smallest_last.txt
dwt_361,353,287,0.20277777777777778,SMALLEST_LAST,data\processed\initial_graph_coloring_dataset\colpack_outputs_week13_expanded\dwt_361_smallest_last.txt
dwt_361,352,288,0.2,SMALLEST_LAST,data\processed\initial_graph_coloring_dataset\colpack_outputs_week13_expanded\dwt_361_smallest_last.txt
dwt_361,351,289,0.19722222222222222,SMALLEST_LAST,data\processed\initial_graph_coloring_dataset\colpack_outputs_week13_expanded\dwt_361_smallest_last.txt
dwt_361,301,290,0.19444444444444445,SMALLEST_LAST,data\processed\initial_graph_coloring_dataset\colpack_outputs_week13_expanded\dwt_361_smallest_last.txt
dwt_361,287,291,0.19166666666666668,SMALLEST_LAST,data\processed\initial_graph_coloring_dataset\colpack_outputs_week13_expanded\dwt_361_smallest_last.txt
dwt_361,300,292,0.18888888888888888,SMALLEST_LAST,data\processed\initial_graph_coloring_dataset\colpack_outputs_week13_expanded\dwt_361_smallest_last.txt
dwt_361,350,293,0.18611111111111112,SMALLEST_LAST,data\processed\initial_graph_coloring_dataset\colpack_outputs_week13_expanded\dwt_361_smallest_last.txt
dwt_361,349,294,0.18333333333333332,SMALLEST_LAST,data\processed\initial_graph_coloring_dataset\colpack_outputs_week13_expanded\dwt_361_smallest_last.txt
dwt_361,299,295,0.18055555555555555,SMALLEST_LAST,data\processed\initial_graph_coloring_dataset\colpack_outputs_week13_expanded\dwt_361_smallest_last.txt
dwt_361,286,296,0.17777777777777778,SMALLEST_LAST,data\processed\initial_graph_coloring_dataset\colpack_outputs_week13_expanded\dwt_361_smallest_last.txt
dwt_361,273,297,0.175,SMALLEST_LAST,data\processed\initial_graph_coloring_dataset\colpack_outputs_week13_expanded\dwt_361_smallest_last.txt
dwt_361,260,298,0.17222222222222222,SMALLEST_LAST,data\processed\initial_graph_coloring_dataset\colpack_outputs_week13_expanded\dwt_361_smallest_last.txt
dwt_361,247,299,0.16944444444444445,SMALLEST_LAST,data\processed\initial_graph_coloring_dataset\colpack_outputs_week13_expanded\dwt_361_smallest_last.txt
dwt_361,234,300,0.16666666666666666,SMALLEST_LAST,data\processed\initial_graph_coloring_dataset\colpack_outputs_week13_expanded\dwt_361_smallest_last.txt
dwt_361,221,301,0.1638888888888889,SMALLEST_LAST,data\processed\initial_graph_coloring_dataset\colpack_outputs_week13_expanded\dwt_361_smallest_last.txt
dwt_361,208,302,0.16111111111111112,SMALLEST_LAST,data\processed\initial_graph_coloring_dataset\colpack_outputs_week13_expanded\dwt_361_smallest_last.txt
dwt_361,195,303,0.15833333333333333,SMALLEST_LAST,data\processed\initial_graph_coloring_dataset\colpack_outputs_week13_expanded\dwt_361_smallest_last.txt
dwt_361,182,304,0.15555555555555556,SMALLEST_LAST,data\processed\initial_graph_coloring_dataset\colpack_outputs_week13_expanded\dwt_361_smallest_last.txt
dwt_361,169,305,0.1527777777777778,SMALLEST_LAST,data\processed\initial_graph_coloring_dataset\colpack_outputs_week13_expanded\dwt_361_smallest_last.txt
dwt_361,156,306,0.15,SMALLEST_LAST,data\processed\initial_graph_coloring_dataset\colpack_outputs_week13_expanded\dwt_361_smallest_last.txt
dwt_361,143,307,0.14722222222222223,SMALLEST_LAST,data\processed\initial_graph_coloring_dataset\colpack_outputs_week13_expanded\dwt_361_smallest_last.txt
dwt_361,130,308,0.14444444444444443,SMALLEST_LAST,data\processed\initial_graph_coloring_dataset\colpack_outputs_week13_expanded\dwt_361_smallest_last.txt
dwt_361,117,309,0.14166666666666666,SMALLEST_LAST,data\processed\initial_graph_coloring_dataset\colpack_outputs_week13_expanded\dwt_361_smallest_last.txt
dwt_361,104,310,0.1388888888888889,SMALLEST_LAST,data\processed\initial_graph_coloring_dataset\colpack_outputs_week13_expanded\dwt_361_smallest_last.txt
dwt_361,91,311,0.1361111111111111,SMALLEST_LAST,data\processed\initial_graph_coloring_dataset\colpack_outputs_week13_expanded\dwt_361_smallest_last.txt
dwt_361,78,312,0.13333333333333333,SMALLEST_LAST,data\processed\initial_graph_coloring_dataset\colpack_outputs_week13_expanded\dwt_361_smallest_last.txt
dwt_361,65,313,0.13055555555555556,SMALLEST_LAST,data\processed\initial_graph_coloring_dataset\colpack_outputs_week13_expanded\dwt_361_smallest_last.txt
dwt_361,52,314,0.12777777777777777,SMALLEST_LAST,data\processed\initial_graph_coloring_dataset\colpack_outputs_week13_expanded\dwt_361_smallest_last.txt
dwt_361,39,315,0.125,SMALLEST_LAST,data\processed\initial_graph_coloring_dataset\colpack_outputs_week13_expanded\dwt_361_smallest_last.txt
dwt_361,26,316,0.12222222222222222,SMALLEST_LAST,data\processed\initial_graph_coloring_dataset\colpack_outputs_week13_expanded\dwt_361_smallest_last.txt
dwt_361,14,317,0.11944444444444445,SMALLEST_LAST,data\processed\initial_graph_coloring_dataset\colpack_outputs_week13_expanded\dwt_361_smallest_last.txt
dwt_361,2,318,0.11666666666666667,SMALLEST_LAST,data\processed\initial_graph_coloring_dataset\colpack_outputs_week13_expanded\dwt_361_smallest_last.txt
dwt_361,1,319,0.11388888888888889,SMALLEST_LAST,data\processed\initial_graph_coloring_dataset\colpack_outputs_week13_expanded\dwt_361_smallest_last.txt
dwt_361,13,320,0.1111111111111111,SMALLEST_LAST,data\processed\initial_graph_coloring_dataset\colpack_outputs_week13_expanded\dwt_361_smallest_last.txt
dwt_361,0,321,0.10833333333333334,SMALLEST_LAST,data\processed\initial_graph_coloring_dataset\colpack_outputs_week13_expanded\dwt_361_smallest_last.txt
dwt_361,12,322,0.10555555555555556,SMALLEST_LAST,data\processed\initial_graph_coloring_dataset\colpack_outputs_week13_expanded\dwt_361_smallest_last.txt
dwt_361,342,323,0.10277777777777777,SMALLEST_LAST,data\processed\initial_graph_coloring_dataset\colpack_outputs_week13_expanded\dwt_361_smallest_last.txt
dwt_361,341,324,0.1,SMALLEST_LAST,data\processed\initial_graph_coloring_dataset\colpack_outputs_week13_expanded\dwt_361_smallest_last.txt
dwt_361,343,325,0.09722222222222222,SMALLEST_LAST,data\processed\initial_graph_coloring_dataset\colpack_outputs_week13_expanded\dwt_361_smallest_last.txt
dwt_361,332,326,0.09444444444444444,SMALLEST_LAST,data\processed\initial_graph_coloring_dataset\colpack_outputs_week13_expanded\dwt_361_smallest_last.txt
dwt_361,340,327,0.09166666666666666,SMALLEST_LAST,data\processed\initial_graph_coloring_dataset\colpack_outputs_week13_expanded\dwt_361_smallest_last.txt
dwt_361,331,328,0.08888888888888889,SMALLEST_LAST,data\processed\initial_graph_coloring_dataset\colpack_outputs_week13_expanded\dwt_361_smallest_last.txt
dwt_361,344,329,0.08611111111111111,SMALLEST_LAST,data\processed\initial_graph_coloring_dataset\colpack_outputs_week13_expanded\dwt_361_smallest_last.txt
dwt_361,333,330,0.08333333333333333,SMALLEST_LAST,data\processed\initial_graph_coloring_dataset\colpack_outputs_week13_expanded\dwt_361_smallest_last.txt
dwt_361,324,331,0.08055555555555556,SMALLEST_LAST,data\processed\initial_graph_coloring_dataset\colpack_outputs_week13_expanded\dwt_361_smallest_last.txt
dwt_361,339,332,0.07777777777777778,SMALLEST_LAST,data\processed\initial_graph_coloring_dataset\colpack_outputs_week13_expanded\dwt_361_smallest_last.txt
dwt_361,330,333,0.075,SMALLEST_LAST,data\processed\initial_graph_coloring_dataset\colpack_outputs_week13_expanded\dwt_361_smallest_last.txt
dwt_361,323,334,0.07222222222222222,SMALLEST_LAST,data\processed\initial_graph_coloring_dataset\colpack_outputs_week13_expanded\dwt_361_smallest_last.txt
dwt_361,345,335,0.06944444444444445,SMALLEST_LAST,data\processed\initial_graph_coloring_dataset\colpack_outputs_week13_expanded\dwt_361_smallest_last.txt
dwt_361,334,336,0.06666666666666667,SMALLEST_LAST,data\processed\initial_graph_coloring_dataset\colpack_outputs_week13_expanded\dwt_361_smallest_last.txt
dwt_361,325,337,0.06388888888888888,SMALLEST_LAST,data\processed\initial_graph_coloring_dataset\colpack_outputs_week13_expanded\dwt_361_smallest_last.txt
dwt_361,318,338,0.06111111111111111,SMALLEST_LAST,data\processed\initial_graph_coloring_dataset\colpack_outputs_week13_expanded\dwt_361_smallest_last.txt
dwt_361,338,339,0.058333333333333334,SMALLEST_LAST,data\processed\initial_graph_coloring_dataset\colpack_outputs_week13_expanded\dwt_361_smallest_last.txt
dwt_361,329,340,0.05555555555555555,SMALLEST_LAST,data\processed\initial_graph_coloring_dataset\colpack_outputs_week13_expanded\dwt_361_smallest_last.txt
dwt_361,322,341,0.05277777777777778,SMALLEST_LAST,data\processed\initial_graph_coloring_dataset\colpack_outputs_week13_expanded\dwt_361_smallest_last.txt
dwt_361,317,342,0.05,SMALLEST_LAST,data\processed\initial_graph_coloring_dataset\colpack_outputs_week13_expanded\dwt_361_smallest_last.txt
dwt_361,346,343,0.04722222222222222,SMALLEST_LAST,data\processed\initial_graph_coloring_dataset\colpack_outputs_week13_expanded\dwt_361_smallest_last.txt
dwt_361,335,344,0.044444444444444446,SMALLEST_LAST,data\processed\initial_graph_coloring_dataset\colpack_outputs_week13_expanded\dwt_361_smallest_last.txt
dwt_361,326,345,0.041666666666666664,SMALLEST_LAST,data\processed\initial_graph_coloring_dataset\colpack_outputs_week13_expanded\dwt_361_smallest_last.txt
dwt_361,319,346,0.03888888888888889,SMALLEST_LAST,data\processed\initial_graph_coloring_dataset\colpack_outputs_week13_expanded\dwt_361_smallest_last.txt
dwt_361,314,347,0.03611111111111111,SMALLEST_LAST,data\processed\initial_graph_coloring_dataset\colpack_outputs_week13_expanded\dwt_361_smallest_last.txt
dwt_361,348,348,0.03333333333333333,SMALLEST_LAST,data\processed\initial_graph_coloring_dataset\colpack_outputs_week13_expanded\dwt_361_smallest_last.txt
dwt_361,337,349,0.030555555555555555,SMALLEST_LAST,data\processed\initial_graph_coloring_dataset\colpack_outputs_week13_expanded\dwt_361_smallest_last.txt
dwt_361,328,350,0.027777777777777776,SMALLEST_LAST,data\processed\initial_graph_coloring_dataset\colpack_outputs_week13_expanded\dwt_361_smallest_last.txt
dwt_361,321,351,0.025,SMALLEST_LAST,data\processed\initial_graph_coloring_dataset\colpack_outputs_week13_expanded\dwt_361_smallest_last.txt
dwt_361,316,352,0.022222222222222223,SMALLEST_LAST,data\processed\initial_graph_coloring_dataset\colpack_outputs_week13_expanded\dwt_361_smallest_last.txt
dwt_361,313,353,0.019444444444444445,SMALLEST_LAST,data\processed\initial_graph_coloring_dataset\colpack_outputs_week13_expanded\dwt_361_smallest_last.txt
dwt_361,360,354,0.016666666666666666,SMALLEST_LAST,data\processed\initial_graph_coloring_dataset\colpack_outputs_week13_expanded\dwt_361_smallest_last.txt
dwt_361,347,355,0.013888888888888888,SMALLEST_LAST,data\processed\initial_graph_coloring_dataset\colpack_outputs_week13_expanded\dwt_361_smallest_last.txt
dwt_361,336,356,0.011111111111111112,SMALLEST_LAST,data\processed\initial_graph_coloring_dataset\colpack_outputs_week13_expanded\dwt_361_smallest_last.txt
dwt_361,327,357,0.008333333333333333,SMALLEST_LAST,data\processed\initial_graph_coloring_dataset\colpack_outputs_week13_expanded\dwt_361_smallest_last.txt
dwt_361,320,358,0.005555555555555556,SMALLEST_LAST,data\processed\initial_graph_coloring_dataset\colpack_outputs_week13_expanded\dwt_361_smallest_last.txt
dwt_361,315,359,0.002777777777777778,SMALLEST_LAST,data\processed\initial_graph_coloring_dataset\colpack_outputs_week13_expanded\dwt_361_smallest_last.txt
dwt_361,312,360,0.0,SMALLEST_LAST,data\processed\initial_graph_coloring_dataset\colpack_outputs_week13_expanded\dwt_361_smallest_last.txt
dwt_419,12,0,1.0,SMALLEST_LAST,data\processed\initial_graph_coloring_dataset\colpack_outputs_week13_expanded\dwt_419_smallest_last.txt
dwt_419,13,1,0.9976076555023924,SMALLEST_LAST,data\processed\initial_graph_coloring_dataset\colpack_outputs_week13_expanded\dwt_419_smallest_last.txt
dwt_419,17,2,0.9952153110047847,SMALLEST_LAST,data\processed\initial_graph_coloring_dataset\colpack_outputs_week13_expanded\dwt_419_smallest_last.txt
dwt_419,16,3,0.992822966507177,SMALLEST_LAST,data\processed\initial_graph_coloring_dataset\colpack_outputs_week13_expanded\dwt_419_smallest_last.txt
dwt_419,223,4,0.9904306220095693,SMALLEST_LAST,data\processed\initial_graph_coloring_dataset\colpack_outputs_week13_expanded\dwt_419_smallest_last.txt
dwt_419,227,5,0.9880382775119617,SMALLEST_LAST,data\processed\initial_graph_coloring_dataset\colpack_outputs_week13_expanded\dwt_419_smallest_last.txt
dwt_419,224,6,0.9856459330143541,SMALLEST_LAST,data\processed\initial_graph_coloring_dataset\colpack_outputs_week13_expanded\dwt_419_smallest_last.txt
dwt_419,228,7,0.9832535885167464,SMALLEST_LAST,data\processed\initial_graph_coloring_dataset\colpack_outputs_week13_expanded\dwt_419_smallest_last.txt
dwt_419,18,8,0.9808612440191388,SMALLEST_LAST,data\processed\initial_graph_coloring_dataset\colpack_outputs_week13_expanded\dwt_419_smallest_last.txt
dwt_419,14,9,0.9784688995215312,SMALLEST_LAST,data\processed\initial_graph_coloring_dataset\colpack_outputs_week13_expanded\dwt_419_smallest_last.txt
dwt_419,225,10,0.9760765550239234,SMALLEST_LAST,data\processed\initial_graph_coloring_dataset\colpack_outputs_week13_expanded\dwt_419_smallest_last.txt
dwt_419,229,11,0.9736842105263158,SMALLEST_LAST,data\processed\initial_graph_coloring_dataset\colpack_outputs_week13_expanded\dwt_419_smallest_last.txt
dwt_419,19,12,0.9712918660287081,SMALLEST_LAST,data\processed\initial_graph_coloring_dataset\colpack_outputs_week13_expanded\dwt_419_smallest_last.txt
dwt_419,15,13,0.9688995215311005,SMALLEST_LAST,data\processed\initial_graph_coloring_dataset\colpack_outputs_week13_expanded\dwt_419_smallest_last.txt
dwt_419,226,14,0.9665071770334929,SMALLEST_LAST,data\processed\initial_graph_coloring_dataset\colpack_outputs_week13_expanded\dwt_419_smallest_last.txt
dwt_419,230,15,0.9641148325358851,SMALLEST_LAST,data\processed\initial_graph_coloring_dataset\colpack_outputs_week13_expanded\dwt_419_smallest_last.txt
dwt_419,5,16,0.9617224880382775,SMALLEST_LAST,data\processed\initial_graph_coloring_dataset\colpack_outputs_week13_expanded\dwt_419_smallest_last.txt
dwt_419,4,17,0.9593301435406698,SMALLEST_LAST,data\processed\initial_graph_coloring_dataset\colpack_outputs_week13_expanded\dwt_419_smallest_last.txt
dwt_419,215,18,0.9569377990430622,SMALLEST_LAST,data\processed\initial_graph_coloring_dataset\colpack_outputs_week13_expanded\dwt_419_smallest_last.txt
dwt_419,216,19,0.9545454545454546,SMALLEST_LAST,data\processed\initial_graph_coloring_dataset\colpack_outputs_week13_expanded\dwt_419_smallest_last.txt
dwt_419,1,20,0.9521531100478469,SMALLEST_LAST,data\processed\initial_graph_coloring_dataset\colpack_outputs_week13_expanded\dwt_419_smallest_last.txt
dwt_419,3,21,0.9497607655502392,SMALLEST_LAST,data\processed\initial_graph_coloring_dataset\colpack_outputs_week13_expanded\dwt_419_smallest_last.txt
dwt_419,214,22,0.9473684210526315,SMALLEST_LAST,data\processed\initial_graph_coloring_dataset\colpack_outputs_week13_expanded\dwt_419_smallest_last.txt
dwt_419,212,23,0.9449760765550239,SMALLEST_LAST,data\processed\initial_graph_coloring_dataset\colpack_outputs_week13_expanded\dwt_419_smallest_last.txt
dwt_419,8,24,0.9425837320574163,SMALLEST_LAST,data\processed\initial_graph_coloring_dataset\colpack_outputs_week13_expanded\dwt_419_smallest_last.txt
dwt_419,9,25,0.9401913875598086,SMALLEST_LAST,data\processed\initial_graph_coloring_dataset\colpack_outputs_week13_expanded\dwt_419_smallest_last.txt
dwt_419,220,26,0.937799043062201,SMALLEST_LAST,data\processed\initial_graph_coloring_dataset\colpack_outputs_week13_expanded\dwt_419_smallest_last.txt
dwt_419,219,27,0.9354066985645934,SMALLEST_LAST,data\processed\initial_graph_coloring_dataset\colpack_outputs_week13_expanded\dwt_419_smallest_last.txt
dwt_419,20,28,0.9330143540669856,SMALLEST_LAST,data\processed\initial_graph_coloring_dataset\colpack_outputs_week13_expanded\dwt_419_smallest_last.txt
dwt_419,24,29,0.930622009569378,SMALLEST_LAST,data\processed\initial_graph_coloring_dataset\colpack_outputs_week13_expanded\dwt_419_smallest_last.txt
dwt_419,235,30,0.9282296650717703,SMALLEST_LAST,data\processed\initial_graph_coloring_dataset\colpack_outputs_week13_expanded\dwt_419_smallest_last.txt
dwt_419,231,31,0.9258373205741627,SMALLEST_LAST,data\processed\initial_graph_coloring_dataset\colpack_outputs_week13_expanded\dwt_419_smallest_last.txt
dwt_419,21,32,0.9234449760765551,SMALLEST_LAST,data\processed\initial_graph_coloring_dataset\colpack_outputs_week13_expanded\dwt_419_smallest_last.txt
dwt_419,25,33,0.9210526315789473,SMALLEST_LAST,data\processed\initial_graph_coloring_dataset\colpack_outputs_week13_expanded\dwt_419_smallest_last.txt
dwt_419,236,34,0.9186602870813397,SMALLEST_LAST,data\processed\initial_graph_coloring_dataset\colpack_outputs_week13_expanded\dwt_419_smallest_last.txt
dwt_419,232,35,0.916267942583732,SMALLEST_LAST,data\processed\initial_graph_coloring_dataset\colpack_outputs_week13_expanded\dwt_419_smallest_last.txt
dwt_419,22,36,0.9138755980861244,SMALLEST_LAST,data\processed\initial_graph_coloring_dataset\colpack_outputs_week13_expanded\dwt_419_smallest_last.txt
dwt_419,26,37,0.9114832535885168,SMALLEST_LAST,data\processed\initial_graph_coloring_dataset\colpack_outputs_week13_expanded\dwt_419_smallest_last.txt
dwt_419,237,38,0.9090909090909091,SMALLEST_LAST,data\processed\initial_graph_coloring_dataset\colpack_outputs_week13_expanded\dwt_419_smallest_last.txt
dwt_419,233,39,0.9066985645933014,SMALLEST_LAST,data\processed\initial_graph_coloring_dataset\colpack_outputs_week13_expanded\dwt_419_smallest_last.txt
dwt_419,23,40,0.9043062200956937,SMALLEST_LAST,data\processed\initial_graph_coloring_dataset\colpack_outputs_week13_expanded\dwt_419_smallest_last.txt
dwt_419,27,41,0.9019138755980861,SMALLEST_LAST,data\processed\initial_graph_coloring_dataset\colpack_outputs_week13_expanded\dwt_419_smallest_last.txt
dwt_419,234,42,0.8995215311004785,SMALLEST_LAST,data\processed\initial_graph_coloring_dataset\colpack_outputs_week13_expanded\dwt_419_smallest_last.txt
dwt_419,238,43,0.8971291866028708,SMALLEST_LAST,data\processed\initial_graph_coloring_dataset\colpack_outputs_week13_expanded\dwt_419_smallest_last.txt
dwt_419,320,44,0.8947368421052632,SMALLEST_LAST,data\processed\initial_graph_coloring_dataset\colpack_outputs_week13_expanded\dwt_419_smallest_last.txt
dwt_419,109,45,0.8923444976076556,SMALLEST_LAST,data\processed\initial_graph_coloring_dataset\colpack_outputs_week13_expanded\dwt_419_smallest_last.txt
dwt_419,108,46,0.8899521531100478,SMALLEST_LAST,data\processed\initial_graph_coloring_dataset\colpack_outputs_week13_expanded\dwt_419_smallest_last.txt
dwt_419,120,47,0.8875598086124402,SMALLEST_LAST,data\processed\initial_graph_coloring_dataset\colpack_outputs_week13_expanded\dwt_419_smallest_last.txt
dwt_419,119,48,0.8851674641148325,SMALLEST_LAST,data\processed\initial_graph_coloring_dataset\colpack_outputs_week13_expanded\dwt_419_smallest_last.txt
dwt_419,331,49,0.8827751196172249,SMALLEST_LAST,data\processed\initial_graph_coloring_dataset\colpack_outputs_week13_expanded\dwt_419_smallest_last.txt
dwt_419,319,50,0.8803827751196173,SMALLEST_LAST,data\processed\initial_graph_coloring_dataset\colpack_outputs_week13_expanded\dwt_419_smallest_last.txt
dwt_419,330,51,0.8779904306220095,SMALLEST_LAST,data\processed\initial_graph_coloring_dataset\colpack_outputs_week13_expanded\dwt_419_smallest_last.txt
dwt_419,337,52,0.8755980861244019,SMALLEST_LAST,data\processed\initial_graph_coloring_dataset\colpack_outputs_week13_expanded\dwt_419_smallest_last.txt
dwt_419,126,53,0.8732057416267942,SMALLEST_LAST,data\processed\initial_graph_coloring_dataset\colpack_outputs_week13_expanded\dwt_419_smallest_last.txt
dwt_419,125,54,0.8708133971291866,SMALLEST_LAST,data\processed\initial_graph_coloring_dataset\colpack_outputs_week13_expanded\dwt_419_smallest_last.txt
dwt_419,140,55,0.868421052631579,SMALLEST_LAST,data\processed\initial_graph_coloring_dataset\colpack_outputs_week13_expanded\dwt_419_smallest_last.txt
dwt_419,139,56,0.8660287081339713,SMALLEST_LAST,data\processed\initial_graph_coloring_dataset\colpack_outputs_week13_expanded\dwt_419_smallest_last.txt
dwt_419,351,57,0.8636363636363636,SMALLEST_LAST,data\processed\initial_graph_coloring_dataset\colpack_outputs_week13_expanded\dwt_419_smallest_last.txt
dwt_419,152,58,0.861244019138756,SMALLEST_LAST,data\processed\initial_graph_coloring_dataset\colpack_outputs_week13_expanded\dwt_419_smallest_last.txt
dwt_419,363,59,0.8588516746411483,SMALLEST_LAST,data\processed\initial_graph_coloring_dataset\colpack_outputs_week13_expanded\dwt_419_smallest_last.txt
dwt_419,350,60,0.8564593301435407,SMALLEST_LAST,data\processed\initial_graph_coloring_dataset\colpack_outputs_week13_expanded\dwt_419_smallest_last.txt
dwt_419,418,61,0.854066985645933,SMALLEST_LAST,data\processed\initial_graph_coloring_dataset\colpack_outputs_week13_expanded\dwt_419_smallest_last.txt
dwt_419,210,62,0.8516746411483254,SMALLEST_LAST,data\processed\initial_graph_coloring_dataset\colpack_outputs_week13_expanded\dwt_419_smallest_last.txt
dwt_419,150,63,0.8492822966507177,SMALLEST_LAST,data\processed\initial_graph_coloring_dataset\colpack_outputs_week13_expanded\dwt_419_smallest_last.txt
dwt_419,361,64,0.84688995215311,SMALLEST_LAST,data\processed\initial_graph_coloring_dataset\colpack_outputs_week13_expanded\dwt_419_smallest_last.txt
dwt_419,417,65,0.8444976076555024,SMALLEST_LAST,data\processed\initial_graph_coloring_dataset\colpack_outputs_week13_expanded\dwt_419_smallest_last.txt
dwt_419,209,66,0.8421052631578947,SMALLEST_LAST,data\processed\initial_graph_coloring_dataset\colpack_outputs_week13_expanded\dwt_419_smallest_last.txt
dwt_419,138,67,0.8397129186602871,SMALLEST_LAST,data\processed\initial_graph_coloring_dataset\colpack_outputs_week13_expanded\dwt_419_smallest_last.txt
dwt_419,149,68,0.8373205741626795,SMALLEST_LAST,data\processed\initial_graph_coloring_dataset\colpack_outputs_week13_expanded\dwt_419_smallest_last.txt
dwt_419,208,69,0.8349282296650717,SMALLEST_LAST,data\processed\initial_graph_coloring_dataset\colpack_outputs_week13_expanded\dwt_419_smallest_last.txt
dwt_419,349,70,0.8325358851674641,SMALLEST_LAST,data\processed\initial_graph_coloring_dataset\colpack_outputs_week13_expanded\dwt_419_smallest_last.txt
dwt_419,416,71,0.8301435406698564,SMALLEST_LAST,data\processed\initial_graph_coloring_dataset\colpack_outputs_week13_expanded\dwt_419_smallest_last.txt
dwt_419,360,72,0.8277511961722488,SMALLEST_LAST,data\processed\initial_graph_coloring_dataset\colpack_outputs_week13_expanded\dwt_419_smallest_last.txt
dwt_419,239,73,0.8253588516746412,SMALLEST_LAST,data\processed\initial_graph_coloring_dataset\colpack_outputs_week13_expanded\dwt_419_smallest_last.txt
dwt_419,28,74,0.8229665071770335,SMALLEST_LAST,data\processed\initial_graph_coloring_dataset\colpack_outputs_week13_expanded\dwt_419_smallest_last.txt
dwt_419,29,75,0.8205741626794258,SMALLEST_LAST,data\processed\initial_graph_coloring_dataset\colpack_outputs_week13_expanded\dwt_419_smallest_last.txt
dwt_419,34,76,0.8181818181818182,SMALLEST_LAST,data\processed\initial_graph_coloring_dataset\colpack_outputs_week13_expanded\dwt_419_smallest_last.txt
dwt_419,35,77,0.8157894736842105,SMALLEST_LAST,data\processed\initial_graph_coloring_dataset\colpack_outputs_week13_expanded\dwt_419_smallest_last.txt
dwt_419,245,78,0.8133971291866029,SMALLEST_LAST,data\processed\initial_graph_coloring_dataset\colpack_outputs_week13_expanded\dwt_419_smallest_last.txt
dwt_419,240,79,0.8110047846889952,SMALLEST_LAST,data\processed\initial_graph_coloring_dataset\colpack_outputs_week13_expanded\dwt_419_smallest_last.txt
dwt_419,246,80,0.8086124401913876,SMALLEST_LAST,data\processed\initial_graph_coloring_dataset\colpack_outputs_week13_expanded\dwt_419_smallest_last.txt
dwt_419,256,81,0.80622009569378,SMALLEST_LAST,data\processed\initial_graph_coloring_dataset\colpack_outputs_week13_expanded\dwt_419_smallest_last.txt
dwt_419,45,82,0.8038277511961722,SMALLEST_LAST,data\processed\initial_graph_coloring_dataset\colpack_outputs_week13_expanded\dwt_419_smallest_last.txt
dwt_419,46,83,0.8014354066985646,SMALLEST_LAST,data\processed\initial_graph_coloring_dataset\colpack_outputs_week13_expanded\dwt_419_smallest_last.txt
dwt_419,257,84,0.7990430622009569,SMALLEST_LAST,data\processed\initial_graph_coloring_dataset\colpack_outputs_week13_expanded\dwt_419_smallest_last.txt
dwt_419,262,85,0.7966507177033493,SMALLEST_LAST,data\processed\initial_graph_coloring_dataset\colpack_outputs_week13_expanded\dwt_419_smallest_last.txt
dwt_419,51,86,0.7942583732057417,SMALLEST_LAST,data\processed\initial_graph_coloring_dataset\colpack_outputs_week13_expanded\dwt_419_smallest_last.txt
dwt_419,52,87,0.7918660287081339,SMALLEST_LAST,data\processed\initial_graph_coloring_dataset\colpack_outputs_week13_expanded\dwt_419_smallest_last.txt
dwt_419,63,88,0.7894736842105263,SMALLEST_LAST,data\processed\initial_graph_coloring_dataset\colpack_outputs_week13_expanded\dwt_419_smallest_last.txt
dwt_419,263,89,0.7870813397129187,SMALLEST_LAST,data\processed\initial_graph_coloring_dataset\colpack_outputs_week13_expanded\dwt_419_smallest_last.txt
dwt_419,274,90,0.784688995215311,SMALLEST_LAST,data\processed\initial_graph_coloring_dataset\colpack_outputs_week13_expanded\dwt_419_smallest_last.txt
dwt_419,397,91,0.7822966507177034,SMALLEST_LAST,data\processed\initial_graph_coloring_dataset\colpack_outputs_week13_expanded\dwt_419_smallest_last.txt
dwt_419,189,92,0.7799043062200957,SMALLEST_LAST,data\processed\initial_graph_coloring_dataset\colpack_outputs_week13_expanded\dwt_419_smallest_last.txt
dwt_419,65,93,0.777511961722488,SMALLEST_LAST,data\processed\initial_graph_coloring_dataset\colpack_outputs_week13_expanded\dwt_419_smallest_last.txt
dwt_419,276,94,0.7751196172248804,SMALLEST_LAST,data\processed\initial_graph_coloring_dataset\colpack_outputs_week13_expanded\dwt_419_smallest_last.txt
dwt_419,398,95,0.7727272727272727,SMALLEST_LAST,data\processed\initial_graph_coloring_dataset\colpack_outputs_week13_expanded\dwt_419_smallest_last.txt
dwt_419,190,96,0.7703349282296651,SMALLEST_LAST,data\processed\initial_graph_coloring_dataset\colpack_outputs_week13_expanded\dwt_419_smallest_last.txt
dwt_419,66,97,0.7679425837320574,SMALLEST_LAST,data\processed\initial_graph_coloring_dataset\colpack_outputs_week13_expanded\dwt_419_smallest_last.txt
dwt_419,53,98,0.7655502392344498,SMALLEST_LAST,data\processed\initial_graph_coloring_dataset\colpack_outputs_week13_expanded\dwt_419_smallest_last.txt
dwt_419,264,99,0.7631578947368421,SMALLEST_LAST,data\processed\initial_graph_coloring_dataset\colpack_outputs_week13_expanded\dwt_419_smallest_last.txt
dwt_419,277,100,0.7607655502392344,SMALLEST_LAST,data\processed\initial_graph_coloring_dataset\colpack_outputs_week13_expanded\dwt_419_smallest_last.txt
dwt_419,399,101,0.7583732057416268,SMALLEST_LAST,data\processed\initial_graph_coloring_dataset\colpack_outputs_week13_expanded\dwt_419_smallest_last.txt
dwt_419,191,102,0.7559808612440191,SMALLEST_LAST,data\processed\initial_graph_coloring_dataset\colpack_outputs_week13_expanded\dwt_419_smallest_last.txt
dwt_419,54,103,0.7535885167464115,SMALLEST_LAST,data\processed\initial_graph_coloring_dataset\colpack_outputs_week13_expanded\dwt_419_smallest_last.txt
dwt_419,67,104,0.7511961722488039,SMALLEST_LAST,data\processed\initial_graph_coloring_dataset\colpack_outputs_week13_expanded\dwt_419_smallest_last.txt
dwt_419,192,105,0.7488038277511961,SMALLEST_LAST,data\processed\initial_graph_coloring_dataset\colpack_outputs_week13_expanded\dwt_419_smallest_last.txt
dwt_419,278,106,0.7464114832535885,SMALLEST_LAST,data\processed\initial_graph_coloring_dataset\colpack_outputs_week13_expanded\dwt_419_smallest_last.txt
dwt_419,265,107,0.7440191387559809,SMALLEST_LAST,data\processed\initial_graph_coloring_dataset\colpack_outputs_week13_expanded\dwt_419_smallest_last.txt
dwt_419,400,108,0.7416267942583732,SMALLEST_LAST,data\processed\initial_graph_coloring_dataset\colpack_outputs_week13_expanded\dwt_419_smallest_last.txt
dwt_419,244,109,0.7392344497607656,SMALLEST_LAST,data\processed\initial_graph_coloring_dataset\colpack_outputs_week13_expanded\dwt_419_smallest_last.txt
dwt_419,33,110,0.7368421052631579,SMALLEST_LAST,data\processed\initial_graph_coloring_dataset\colpack_outputs_week13_expanded\dwt_419_smallest_last.txt
dwt_419,32,111,0.7344497607655502,SMALLEST_LAST,data\processed\initial_graph_coloring_dataset\colpack_outputs_week13_expanded\dwt_419_smallest_last.txt
dwt_419,44,112,0.7320574162679426,SMALLEST_LAST,data\processed\initial_graph_coloring_dataset\colpack_outputs_week13_expanded\dwt_419_smallest_last.txt
dwt_419,43,113,0.7296650717703349,SMALLEST_LAST,data\processed\initial_graph_coloring_dataset\colpack_outputs_week13_expanded\dwt_419_smallest_last.txt
dwt_419,255,114,0.7272727272727273,SMALLEST_LAST,data\processed\initial_graph_coloring_dataset\colpack_outputs_week13_expanded\dwt_419_smallest_last.txt
dwt_419,243,115,0.7248803827751196,SMALLEST_LAST,data\processed\initial_graph_coloring_dataset\colpack_outputs_week13_expanded\dwt_419_smallest_last.txt
dwt_419,254,116,0.722488038277512,SMALLEST_LAST,data\processed\initial_graph_coloring_dataset\colpack_outputs_week13_expanded\dwt_419_smallest_last.txt
dwt_419,261,117,0.7200956937799043,SMALLEST_LAST,data\processed\initial_graph_coloring_dataset\colpack_outputs_week13_expanded\dwt_419_smallest_last.txt
dwt_419,50,118,0.7177033492822966,SMALLEST_LAST,data\processed\initial_graph_coloring_dataset\colpack_outputs_week13_expanded\dwt_419_smallest_last.txt
dwt_419,49,119,0.715311004784689,SMALLEST_LAST,data\processed\initial_graph_coloring_dataset\colpack_outputs_week13_expanded\dwt_419_smallest_last.txt
dwt_419,260,120,0.7129186602870813,SMALLEST_LAST,data\processed\initial_graph_coloring_dataset\colpack_outputs_week13_expanded\dwt_419_smallest_last.txt
dwt_419,273,121,0.7105263157894737,SMALLEST_LAST,data\processed\initial_graph_coloring_dataset\colpack_outputs_week13_expanded\dwt_419_smallest_last.txt
dwt_419,62,122,0.7081339712918661,SMALLEST_LAST,data\processed\initial_graph_coloring_dataset\colpack_outputs_week13_expanded\dwt_419_smallest_last.txt
dwt_419,61,123,0.7057416267942583,SMALLEST_LAST,data\processed\initial_graph_coloring_dataset\colpack_outputs_week13_expanded\dwt_419_smallest_last.txt
dwt_419,76,124,0.7033492822966507,SMALLEST_LAST,data\processed\initial_graph_coloring_dataset\colpack_outputs_week13_expanded\dwt_419_smallest_last.txt
dwt_419,272,125,0.7009569377990431,SMALLEST_LAST,data\processed\initial_graph_coloring_dataset\colpack_outputs_week13_expanded\dwt_419_smallest_last.txt
dwt_419,287,126,0.6985645933014354,SMALLEST_LAST,data\processed\initial_graph_coloring_dataset\colpack_outputs_week13_expanded\dwt_419_smallest_last.txt
dwt_419,406,127,0.6961722488038278,SMALLEST_LAST,data\processed\initial_graph_coloring_dataset\colpack_outputs_week13_expanded\dwt_419_smallest_last.txt
dwt_419,198,128,0.69377990430622,SMALLEST_LAST,data\processed\initial_graph_coloring_dataset\colpack_outputs_week13_expanded\dwt_419_smallest_last.txt
dwt_419,74,129,0.6913875598086124,SMALLEST_LAST,data\processed\initial_graph_coloring_dataset\colpack_outputs_week13_expanded\dwt_419_smallest_last.txt
dwt_419,285,130,0.6889952153110048,SMALLEST_LAST,data\processed\initial_graph_coloring_dataset\colpack_outputs_week13_expanded\dwt_419_smallest_last.txt
dwt_419,405,131,0.6866028708133971,SMALLEST_LAST,data\processed\initial_graph_coloring_dataset\colpack_outputs_week13_expanded\dwt_419_smallest_last.txt
dwt_419,197,132,0.6842105263157895,SMALLEST_LAST,data\processed\initial_graph_coloring_dataset\colpack_outputs_week13_expanded\dwt_419_smallest_last.txt
dwt_419,73,133,0.6818181818181818,SMALLEST_LAST,data\processed\initial_graph_coloring_dataset\colpack_outputs_week13_expanded\dwt_419_smallest_last.txt
dwt_419,60,134,0.6794258373205742,SMALLEST_LAST,data\processed\initial_graph_coloring_dataset\colpack_outputs_week13_expanded\dwt_419_smallest_last.txt
dwt_419,271,135,0.6770334928229665,SMALLEST_LAST,data\processed\initial_graph_coloring_dataset\colpack_outputs_week13_expanded\dwt_419_smallest_last.txt
dwt_419,284,136,0.6746411483253588,SMALLEST_LAST,data\processed\initial_graph_coloring_dataset\colpack_outputs_week13_expanded\dwt_419_smallest_last.txt
dwt_419,404,137,0.6722488038277512,SMALLEST_LAST,data\processed\initial_graph_coloring_dataset\colpack_outputs_week13_expanded\dwt_419_smallest_last.txt
dwt_419,196,138,0.6698564593301436,SMALLEST_LAST,data\processed\initial_graph_coloring_dataset\colpack_outputs_week13_expanded\dwt_419_smallest_last.txt
dwt_419,59,139,0.6674641148325359,SMALLEST_LAST,data\processed\initial_graph_coloring_dataset\colpack_outputs_week13_expanded\dwt_419_smallest_last.txt
dwt_419,72,140,0.6650717703349283,SMALLEST_LAST,data\processed\initial_graph_coloring_dataset\colpack_outputs_week13_expanded\dwt_419_smallest_last.txt
dwt_419,283,141,0.6626794258373205,SMALLEST_LAST,data\processed\initial_graph_coloring_dataset\colpack_outputs_week13_expanded\dwt_419_smallest_last.txt
dwt_419,270,142,0.6602870813397129,SMALLEST_LAST,data\processed\initial_graph_coloring_dataset\colpack_outputs_week13_expanded\dwt_419_smallest_last.txt
dwt_419,403,143,0.6578947368421053,SMALLEST_LAST,data\processed\initial_graph_coloring_dataset\colpack_outputs_week13_expanded\dwt_419_smallest_last.txt
dwt_419,195,144,0.6555023923444976,SMALLEST_LAST,data\processed\initial_graph_coloring_dataset\colpack_outputs_week13_expanded\dwt_419_smallest_last.txt
dwt_419,58,145,0.65311004784689,SMALLEST_LAST,data\processed\initial_graph_coloring_dataset\colpack_outputs_week13_expanded\dwt_419_smallest_last.txt
dwt_419,83,146,0.6507177033492823,SMALLEST_LAST,data\processed\initial_graph_coloring_dataset\colpack_outputs_week13_expanded\dwt_419_smallest_last.txt
dwt_419,269,147,0.6483253588516746,SMALLEST_LAST,data\processed\initial_graph_coloring_dataset\colpack_outputs_week13_expanded\dwt_419_smallest_last.txt
dwt_419,294,148,0.645933014354067,SMALLEST_LAST,data\processed\initial_graph_coloring_dataset\colpack_outputs_week13_expanded\dwt_419_smallest_last.txt
dwt_419,292,149,0.6435406698564593,SMALLEST_LAST,data\processed\initial_graph_coloring_dataset\colpack_outputs_week13_expanded\dwt_419_smallest_last.txt
dwt_419,81,150,0.6411483253588517,SMALLEST_LAST,data\processed\initial_graph_coloring_dataset\colpack_outputs_week13_expanded\dwt_419_smallest_last.txt
dwt_419,55,151,0.638755980861244,SMALLEST_LAST,data\processed\initial_graph_coloring_dataset\colpack_outputs_week13_expanded\dwt_419_smallest_last.txt
dwt_419,77,152,0.6363636363636364,SMALLEST_LAST,data\processed\initial_graph_coloring_dataset\colpack_outputs_week13_expanded\dwt_419_smallest_last.txt
dwt_419,80,153,0.6339712918660287,SMALLEST_LAST,data\processed\initial_graph_coloring_dataset\colpack_outputs_week13_expanded\dwt_419_smallest_last.txt
dwt_419,186,154,0.631578947368421,SMALLEST_LAST,data\processed\initial_graph_coloring_dataset\colpack_outputs_week13_expanded\dwt_419_smallest_last.txt
dwt_419,78,155,0.6291866028708134,SMALLEST_LAST,data\processed\initial_graph_coloring_dataset\colpack_outputs_week13_expanded\dwt_419_smallest_last.txt
dwt_419,288,156,0.6267942583732058,SMALLEST_LAST,data\processed\initial_graph_coloring_dataset\colpack_outputs_week13_expanded\dwt_419_smallest_last.txt
dwt_419,266,157,0.6244019138755981,SMALLEST_LAST,data\processed\initial_graph_coloring_dataset\colpack_outputs_week13_expanded\dwt_419_smallest_last.txt
dwt_419,289,158,0.6220095693779905,SMALLEST_LAST,data\processed\initial_graph_coloring_dataset\colpack_outputs_week13_expanded\dwt_419_smallest_last.txt
dwt_419,79,159,0.6196172248803827,SMALLEST_LAST,data\processed\initial_graph_coloring_dataset\colpack_outputs_week13_expanded\dwt_419_smallest_last.txt
dwt_419,290,160,0.6172248803827751,SMALLEST_LAST,data\processed\initial_graph_coloring_dataset\colpack_outputs_week13_expanded\dwt_419_smallest_last.txt
dwt_419,182,161,0.6148325358851675,SMALLEST_LAST,data\processed\initial_graph_coloring_dataset\colpack_outputs_week13_expanded\dwt_419_smallest_last.txt
dwt_419,291,162,0.6124401913875598,SMALLEST_LAST,data\processed\initial_graph_coloring_dataset\colpack_outputs_week13_expanded\dwt_419_smallest_last.txt
dwt_419,393,163,0.6100478468899522,SMALLEST_LAST,data\processed\initial_graph_coloring_dataset\colpack_outputs_week13_expanded\dwt_419_smallest_last.txt
dwt_419,56,164,0.6076555023923444,SMALLEST_LAST,data\processed\initial_graph_coloring_dataset\colpack_outputs_week13_expanded\dwt_419_smallest_last.txt
dwt_419,57,165,0.6052631578947368,SMALLEST_LAST,data\processed\initial_graph_coloring_dataset\colpack_outputs_week13_expanded\dwt_419_smallest_last.txt
dwt_419,188,166,0.6028708133971292,SMALLEST_LAST,data\processed\initial_graph_coloring_dataset\colpack_outputs_week13_expanded\dwt_419_smallest_last.txt
dwt_419,267,167,0.6004784688995215,SMALLEST_LAST,data\processed\initial_graph_coloring_dataset\colpack_outputs_week13_expanded\dwt_419_smallest_last.txt
dwt_419,268,168,0.5980861244019139,SMALLEST_LAST,data\processed\initial_graph_coloring_dataset\colpack_outputs_week13_expanded\dwt_419_smallest_last.txt
dwt_419,396,169,0.5956937799043063,SMALLEST_LAST,data\processed\initial_graph_coloring_dataset\colpack_outputs_week13_expanded\dwt_419_smallest_last.txt
dwt_419,395,170,0.5933014354066986,SMALLEST_LAST,data\processed\initial_graph_coloring_dataset\colpack_outputs_week13_expanded\dwt_419_smallest_last.txt
dwt_419,187,171,0.5909090909090909,SMALLEST_LAST,data\processed\initial_graph_coloring_dataset\colpack_outputs_week13_expanded\dwt_419_smallest_last.txt
dwt_419,48,172,0.5885167464114832,SMALLEST_LAST,data\processed\initial_graph_coloring_dataset\colpack_outputs_week13_expanded\dwt_419_smallest_last.txt
dwt_419,39,173,0.5861244019138756,SMALLEST_LAST,data\processed\initial_graph_coloring_dataset\colpack_outputs_week13_expanded\dwt_419_smallest_last.txt
dwt_419,250,174,0.583732057416268,SMALLEST_LAST,data\processed\initial_graph_coloring_dataset\colpack_outputs_week13_expanded\dwt_419_smallest_last.txt
dwt_419,40,175,0.5813397129186603,SMALLEST_LAST,data\processed\initial_graph_coloring_dataset\colpack_outputs_week13_expanded\dwt_419_smallest_last.txt
dwt_419,42,176,0.5789473684210527,SMALLEST_LAST,data\processed\initial_graph_coloring_dataset\colpack_outputs_week13_expanded\dwt_419_smallest_last.txt
dwt_419,253,177,0.5765550239234449,SMALLEST_LAST,data\processed\initial_graph_coloring_dataset\colpack_outputs_week13_expanded\dwt_419_smallest_last.txt
dwt_419,41,178,0.5741626794258373,SMALLEST_LAST,data\processed\initial_graph_coloring_dataset\colpack_outputs_week13_expanded\dwt_419_smallest_last.txt
dwt_419,252,179,0.5717703349282297,SMALLEST_LAST,data\processed\initial_graph_coloring_dataset\colpack_outputs_week13_expanded\dwt_419_smallest_last.txt
dwt_419,251,180,0.569377990430622,SMALLEST_LAST,data\processed\initial_graph_coloring_dataset\colpack_outputs_week13_expanded\dwt_419_smallest_last.txt
dwt_419,259,181,0.5669856459330144,SMALLEST_LAST,data\processed\initial_graph_coloring_dataset\colpack_outputs_week13_expanded\dwt_419_smallest_last.txt
dwt_419,64,182,0.5645933014354066,SMALLEST_LAST,data\processed\initial_graph_coloring_dataset\colpack_outputs_week13_expanded\dwt_419_smallest_last.txt
dwt_419,275,183,0.562200956937799,SMALLEST_LAST,data\processed\initial_graph_coloring_dataset\colpack_outputs_week13_expanded\dwt_419_smallest_last.txt
dwt_419,298,184,0.5598086124401914,SMALLEST_LAST,data\processed\initial_graph_coloring_dataset\colpack_outputs_week13_expanded\dwt_419_smallest_last.txt
dwt_419,87,185,0.5574162679425837,SMALLEST_LAST,data\processed\initial_graph_coloring_dataset\colpack_outputs_week13_expanded\dwt_419_smallest_last.txt
dwt_419,88,186,0.5550239234449761,SMALLEST_LAST,data\processed\initial_graph_coloring_dataset\colpack_outputs_week13_expanded\dwt_419_smallest_last.txt
dwt_419,93,187,0.5526315789473685,SMALLEST_LAST,data\processed\initial_graph_coloring_dataset\colpack_outputs_week13_expanded\dwt_419_smallest_last.txt
dwt_419,94,188,0.5502392344497608,SMALLEST_LAST,data\processed\initial_graph_coloring_dataset\colpack_outputs_week13_expanded\dwt_419_smallest_last.txt
dwt_419,304,189,0.5478468899521531,SMALLEST_LAST,data\processed\initial_graph_coloring_dataset\colpack_outputs_week13_expanded\dwt_419_smallest_last.txt
dwt_419,299,190,0.5454545454545454,SMALLEST_LAST,data\processed\initial_graph_coloring_dataset\colpack_outputs_week13_expanded\dwt_419_smallest_last.txt
dwt_419,305,191,0.5430622009569378,SMALLEST_LAST,data\processed\initial_graph_coloring_dataset\colpack_outputs_week13_expanded\dwt_419_smallest_last.txt
dwt_419,315,192,0.5406698564593302,SMALLEST_LAST,data\processed\initial_graph_coloring_dataset\colpack_outputs_week13_expanded\dwt_419_smallest_last.txt
dwt_419,104,193,0.5382775119617225,SMALLEST_LAST,data\processed\initial_graph_coloring_dataset\colpack_outputs_week13_expanded\dwt_419_smallest_last.txt
dwt_419,105,194,0.5358851674641149,SMALLEST_LAST,data\processed\initial_graph_coloring_dataset\colpack_outputs_week13_expanded\dwt_419_smallest_last.txt
dwt_419,110,195,0.5334928229665071,SMALLEST_LAST,data\processed\initial_graph_coloring_dataset\colpack_outputs_week13_expanded\dwt_419_smallest_last.txt
dwt_419,316,196,0.5311004784688995,SMALLEST_LAST,data\processed\initial_graph_coloring_dataset\colpack_outputs_week13_expanded\dwt_419_smallest_last.txt
dwt_419,321,197,0.5287081339712919,SMALLEST_LAST,data\processed\initial_graph_coloring_dataset\colpack_outputs_week13_expanded\dwt_419_smallest_last.txt
dwt_419,322,198,0.5263157894736842,SMALLEST_LAST,data\processed\initial_graph_coloring_dataset\colpack_outputs_week13_expanded\dwt_419_smallest_last.txt
dwt_419,111,199,0.5239234449760766,SMALLEST_LAST,data\processed\initial_graph_coloring_dataset\colpack_outputs_week13_expanded\dwt_419_smallest_last.txt
dwt_419,121,200,0.5215311004784688,SMALLEST_LAST,data\processed\initial_graph_coloring_dataset\colpack_outputs_week13_expanded\dwt_419_smallest_last.txt
dwt_419,332,201,0.5191387559808612,SMALLEST_LAST,data\processed\initial_graph_coloring_dataset\colpack_outputs_week13_expanded\dwt_419_smallest_last.txt
dwt_419,164,202,0.5167464114832536,SMALLEST_LAST,data\processed\initial_graph_coloring_dataset\colpack_outputs_week13_expanded\dwt_419_smallest_last.txt
dwt_419,170,203,0.5143540669856459,SMALLEST_LAST,data\processed\initial_graph_coloring_dataset\colpack_outputs_week13_expanded\dwt_419_smallest_last.txt
dwt_419,375,204,0.5119617224880383,SMALLEST_LAST,data\processed\initial_graph_coloring_dataset\colpack_outputs_week13_expanded\dwt_419_smallest_last.txt
dwt_419,381,205,0.5095693779904307,SMALLEST_LAST,data\processed\initial_graph_coloring_dataset\colpack_outputs_week13_expanded\dwt_419_smallest_last.txt
dwt_419,382,206,0.507177033492823,SMALLEST_LAST,data\processed\initial_graph_coloring_dataset\colpack_outputs_week13_expanded\dwt_419_smallest_last.txt
dwt_419,171,207,0.5047846889952153,SMALLEST_LAST,data\processed\initial_graph_coloring_dataset\colpack_outputs_week13_expanded\dwt_419_smallest_last.txt
dwt_419,165,208,0.5023923444976076,SMALLEST_LAST,data\processed\initial_graph_coloring_dataset\colpack_outputs_week13_expanded\dwt_419_smallest_last.txt
dwt_419,129,209,0.5,SMALLEST_LAST,data\processed\initial_graph_coloring_dataset\colpack_outputs_week13_expanded\dwt_419_smallest_last.txt
dwt_419,340,210,0.49760765550239233,SMALLEST_LAST,data\processed\initial_graph_coloring_dataset\colpack_outputs_week13_expanded\dwt_419_smallest_last.txt
dwt_419,376,211,0.49521531100478466,SMALLEST_LAST,data\processed\initial_graph_coloring_dataset\colpack_outputs_week13_expanded\dwt_419_smallest_last.txt
dwt_419,352,212,0.49282296650717705,SMALLEST_LAST,data\processed\initial_graph_coloring_dataset\colpack_outputs_week13_expanded\dwt_419_smallest_last.txt
dwt_419,141,213,0.4904306220095694,SMALLEST_LAST,data\processed\initial_graph_coloring_dataset\colpack_outputs_week13_expanded\dwt_419_smallest_last.txt
dwt_419,128,214,0.4880382775119617,SMALLEST_LAST,data\processed\initial_graph_coloring_dataset\colpack_outputs_week13_expanded\dwt_419_smallest_last.txt
dwt_419,339,215,0.48564593301435405,SMALLEST_LAST,data\processed\initial_graph_coloring_dataset\colpack_outputs_week13_expanded\dwt_419_smallest_last.txt
dwt_419,338,216,0.48325358851674644,SMALLEST_LAST,data\processed\initial_graph_coloring_dataset\colpack_outputs_week13_expanded\dwt_419_smallest_last.txt
dwt_419,127,217,0.48086124401913877,SMALLEST_LAST,data\processed\initial_graph_coloring_dataset\colpack_outputs_week13_expanded\dwt_419_smallest_last.txt
dwt_419,122,218,0.4784688995215311,SMALLEST_LAST,data\processed\initial_graph_coloring_dataset\colpack_outputs_week13_expanded\dwt_419_smallest_last.txt
dwt_419,130,219,0.47607655502392343,SMALLEST_LAST,data\processed\initial_graph_coloring_dataset\colpack_outputs_week13_expanded\dwt_419_smallest_last.txt
dwt_419,204,220,0.47368421052631576,SMALLEST_LAST,data\processed\initial_graph_coloring_dataset\colpack_outputs_week13_expanded\dwt_419_smallest_last.txt
dwt_419,341,221,0.47129186602870815,SMALLEST_LAST,data\processed\initial_graph_coloring_dataset\colpack_outputs_week13_expanded\dwt_419_smallest_last.txt
dwt_419,412,222,0.4688995215311005,SMALLEST_LAST,data\processed\initial_graph_coloring_dataset\colpack_outputs_week13_expanded\dwt_419_smallest_last.txt
dwt_419,411,223,0.4665071770334928,SMALLEST_LAST,data\processed\initial_graph_coloring_dataset\colpack_outputs_week13_expanded\dwt_419_smallest_last.txt
dwt_419,203,224,0.46411483253588515,SMALLEST_LAST,data\processed\initial_graph_coloring_dataset\colpack_outputs_week13_expanded\dwt_419_smallest_last.txt
dwt_419,142,225,0.46172248803827753,SMALLEST_LAST,data\processed\initial_graph_coloring_dataset\colpack_outputs_week13_expanded\dwt_419_smallest_last.txt
dwt_419,131,226,0.45933014354066987,SMALLEST_LAST,data\processed\initial_graph_coloring_dataset\colpack_outputs_week13_expanded\dwt_419_smallest_last.txt
dwt_419,342,227,0.4569377990430622,SMALLEST_LAST,data\processed\initial_graph_coloring_dataset\colpack_outputs_week13_expanded\dwt_419_smallest_last.txt
dwt_419,353,228,0.45454545454545453,SMALLEST_LAST,data\processed\initial_graph_coloring_dataset\colpack_outputs_week13_expanded\dwt_419_smallest_last.txt
dwt_419,410,229,0.45215311004784686,SMALLEST_LAST,data\processed\initial_graph_coloring_dataset\colpack_outputs_week13_expanded\dwt_419_smallest_last.txt
dwt_419,202,230,0.44976076555023925,SMALLEST_LAST,data\processed\initial_graph_coloring_dataset\colpack_outputs_week13_expanded\dwt_419_smallest_last.txt
dwt_419,143,231,0.4473684210526316,SMALLEST_LAST,data\processed\initial_graph_coloring_dataset\colpack_outputs_week13_expanded\dwt_419_smallest_last.txt
dwt_419,354,232,0.4449760765550239,SMALLEST_LAST,data\processed\initial_graph_coloring_dataset\colpack_outputs_week13_expanded\dwt_419_smallest_last.txt
dwt_419,409,233,0.44258373205741625,SMALLEST_LAST,data\processed\initial_graph_coloring_dataset\colpack_outputs_week13_expanded\dwt_419_smallest_last.txt
dwt_419,201,234,0.44019138755980863,SMALLEST_LAST,data\processed\initial_graph_coloring_dataset\colpack_outputs_week13_expanded\dwt_419_smallest_last.txt
dwt_419,144,235,0.43779904306220097,SMALLEST_LAST,data\processed\initial_graph_coloring_dataset\colpack_outputs_week13_expanded\dwt_419_smallest_last.txt
dwt_419,153,236,0.4354066985645933,SMALLEST_LAST,data\processed\initial_graph_coloring_dataset\colpack_outputs_week13_expanded\dwt_419_smallest_last.txt
dwt_419,355,237,0.43301435406698563,SMALLEST_LAST,data\processed\initial_graph_coloring_dataset\colpack_outputs_week13_expanded\dwt_419_smallest_last.txt
dwt_419,364,238,0.430622009569378,SMALLEST_LAST,data\processed\initial_graph_coloring_dataset\colpack_outputs_week13_expanded\dwt_419_smallest_last.txt
dwt_419,374,239,0.42822966507177035,SMALLEST_LAST,data\processed\initial_graph_coloring_dataset\colpack_outputs_week13_expanded\dwt_419_smallest_last.txt
dwt_419,163,240,0.4258373205741627,SMALLEST_LAST,data\processed\initial_graph_coloring_dataset\colpack_outputs_week13_expanded\dwt_419_smallest_last.txt
dwt_419,148,241,0.423444976076555,SMALLEST_LAST,data\processed\initial_graph_coloring_dataset\colpack_outputs_week13_expanded\dwt_419_smallest_last.txt
dwt_419,359,242,0.42105263157894735,SMALLEST_LAST,data\processed\initial_graph_coloring_dataset\colpack_outputs_week13_expanded\dwt_419_smallest_last.txt
dwt_419,415,243,0.41866028708133973,SMALLEST_LAST,data\processed\initial_graph_coloring_dataset\colpack_outputs_week13_expanded\dwt_419_smallest_last.txt
dwt_419,207,244,0.41626794258373206,SMALLEST_LAST,data\processed\initial_graph_coloring_dataset\colpack_outputs_week13_expanded\dwt_419_smallest_last.txt
dwt_419,147,245,0.4138755980861244,SMALLEST_LAST,data\processed\initial_graph_coloring_dataset\colpack_outputs_week13_expanded\dwt_419_smallest_last.txt
dwt_419,159,246,0.41148325358851673,SMALLEST_LAST,data\processed\initial_graph_coloring_dataset\colpack_outputs_week13_expanded\dwt_419_smallest_last.txt
dwt_419,162,247,0.4090909090909091,SMALLEST_LAST,data\processed\initial_graph_coloring_dataset\colpack_outputs_week13_expanded\dwt_419_smallest_last.txt
dwt_419,184,248,0.40669856459330145,SMALLEST_LAST,data\processed\initial_graph_coloring_dataset\colpack_outputs_week13_expanded\dwt_419_smallest_last.txt
dwt_419,160,249,0.4043062200956938,SMALLEST_LAST,data\processed\initial_graph_coloring_dataset\colpack_outputs_week13_expanded\dwt_419_smallest_last.txt
dwt_419,370,250,0.4019138755980861,SMALLEST_LAST,data\processed\initial_graph_coloring_dataset\colpack_outputs_week13_expanded\dwt_419_smallest_last.txt
dwt_419,358,251,0.39952153110047844,SMALLEST_LAST,data\processed\initial_graph_coloring_dataset\colpack_outputs_week13_expanded\dwt_419_smallest_last.txt
dwt_419,371,252,0.39712918660287083,SMALLEST_LAST,data\processed\initial_graph_coloring_dataset\colpack_outputs_week13_expanded\dwt_419_smallest_last.txt
dwt_419,161,253,0.39473684210526316,SMALLEST_LAST,data\processed\initial_graph_coloring_dataset\colpack_outputs_week13_expanded\dwt_419_smallest_last.txt
dwt_419,372,254,0.3923444976076555,SMALLEST_LAST,data\processed\initial_graph_coloring_dataset\colpack_outputs_week13_expanded\dwt_419_smallest_last.txt
dwt_419,183,255,0.38995215311004783,SMALLEST_LAST,data\processed\initial_graph_coloring_dataset\colpack_outputs_week13_expanded\dwt_419_smallest_last.txt
dwt_419,373,256,0.3875598086124402,SMALLEST_LAST,data\processed\initial_graph_coloring_dataset\colpack_outputs_week13_expanded\dwt_419_smallest_last.txt
dwt_419,394,257,0.38516746411483255,SMALLEST_LAST,data\processed\initial_graph_coloring_dataset\colpack_outputs_week13_expanded\dwt_419_smallest_last.txt
dwt_419,145,258,0.3827751196172249,SMALLEST_LAST,data\processed\initial_graph_coloring_dataset\colpack_outputs_week13_expanded\dwt_419_smallest_last.txt
dwt_419,146,259,0.3803827751196172,SMALLEST_LAST,data\processed\initial_graph_coloring_dataset\colpack_outputs_week13_expanded\dwt_419_smallest_last.txt
dwt_419,200,260,0.37799043062200954,SMALLEST_LAST,data\processed\initial_graph_coloring_dataset\colpack_outputs_week13_expanded\dwt_419_smallest_last.txt
dwt_419,356,261,0.37559808612440193,SMALLEST_LAST,data\processed\initial_graph_coloring_dataset\colpack_outputs_week13_expanded\dwt_419_smallest_last.txt
dwt_419,357,262,0.37320574162679426,SMALLEST_LAST,data\processed\initial_graph_coloring_dataset\colpack_outputs_week13_expanded\dwt_419_smallest_last.txt
dwt_419,408,263,0.3708133971291866,SMALLEST_LAST,data\processed\initial_graph_coloring_dataset\colpack_outputs_week13_expanded\dwt_419_smallest_last.txt
dwt_419,199,264,0.3684210526315789,SMALLEST_LAST,data\processed\initial_graph_coloring_dataset\colpack_outputs_week13_expanded\dwt_419_smallest_last.txt
dwt_419,407,265,0.3660287081339713,SMALLEST_LAST,data\processed\initial_graph_coloring_dataset\colpack_outputs_week13_expanded\dwt_419_smallest_last.txt
dwt_419,377,266,0.36363636363636365,SMALLEST_LAST,data\processed\initial_graph_coloring_dataset\colpack_outputs_week13_expanded\dwt_419_smallest_last.txt
dwt_419,172,267,0.361244019138756,SMALLEST_LAST,data\processed\initial_graph_coloring_dataset\colpack_outputs_week13_expanded\dwt_419_smallest_last.txt
dwt_419,383,268,0.3588516746411483,SMALLEST_LAST,data\processed\initial_graph_coloring_dataset\colpack_outputs_week13_expanded\dwt_419_smallest_last.txt
dwt_419,173,269,0.35645933014354064,SMALLEST_LAST,data\processed\initial_graph_coloring_dataset\colpack_outputs_week13_expanded\dwt_419_smallest_last.txt
dwt_419,384,270,0.35406698564593303,SMALLEST_LAST,data\processed\initial_graph_coloring_dataset\colpack_outputs_week13_expanded\dwt_419_smallest_last.txt
dwt_419,385,271,0.35167464114832536,SMALLEST_LAST,data\processed\initial_graph_coloring_dataset\colpack_outputs_week13_expanded\dwt_419_smallest_last.txt
dwt_419,386,272,0.3492822966507177,SMALLEST_LAST,data\processed\initial_graph_coloring_dataset\colpack_outputs_week13_expanded\dwt_419_smallest_last.txt
dwt_419,174,273,0.34688995215311,SMALLEST_LAST,data\processed\initial_graph_coloring_dataset\colpack_outputs_week13_expanded\dwt_419_smallest_last.txt
dwt_419,175,274,0.3444976076555024,SMALLEST_LAST,data\processed\initial_graph_coloring_dataset\colpack_outputs_week13_expanded\dwt_419_smallest_last.txt
dwt_419,166,275,0.34210526315789475,SMALLEST_LAST,data\processed\initial_graph_coloring_dataset\colpack_outputs_week13_expanded\dwt_419_smallest_last.txt
dwt_419,185,276,0.3397129186602871,SMALLEST_LAST,data\processed\initial_graph_coloring_dataset\colpack_outputs_week13_expanded\dwt_419_smallest_last.txt
dwt_419,6,277,0.3373205741626794,SMALLEST_LAST,data\processed\initial_graph_coloring_dataset\colpack_outputs_week13_expanded\dwt_419_smallest_last.txt
dwt_419,7,278,0.3349282296650718,SMALLEST_LAST,data\processed\initial_graph_coloring_dataset\colpack_outputs_week13_expanded\dwt_419_smallest_last.txt
dwt_419,31,279,0.33253588516746413,SMALLEST_LAST,data\processed\initial_graph_coloring_dataset\colpack_outputs_week13_expanded\dwt_419_smallest_last.txt
dwt_419,30,280,0.33014354066985646,SMALLEST_LAST,data\processed\initial_graph_coloring_dataset\colpack_outputs_week13_expanded\dwt_419_smallest_last.txt
dwt_419,47,281,0.3277511961722488,SMALLEST_LAST,data\processed\initial_graph_coloring_dataset\colpack_outputs_week13_expanded\dwt_419_smallest_last.txt
dwt_419,38,282,0.3253588516746411,SMALLEST_LAST,data\processed\initial_graph_coloring_dataset\colpack_outputs_week13_expanded\dwt_419_smallest_last.txt
dwt_419,213,283,0.3229665071770335,SMALLEST_LAST,data\processed\initial_graph_coloring_dataset\colpack_outputs_week13_expanded\dwt_419_smallest_last.txt
dwt_419,211,284,0.32057416267942584,SMALLEST_LAST,data\processed\initial_graph_coloring_dataset\colpack_outputs_week13_expanded\dwt_419_smallest_last.txt
dwt_419,217,285,0.3181818181818182,SMALLEST_LAST,data\processed\initial_graph_coloring_dataset\colpack_outputs_week13_expanded\dwt_419_smallest_last.txt
dwt_419,218,286,0.3157894736842105,SMALLEST_LAST,data\processed\initial_graph_coloring_dataset\colpack_outputs_week13_expanded\dwt_419_smallest_last.txt
dwt_419,242,287,0.3133971291866029,SMALLEST_LAST,data\processed\initial_graph_coloring_dataset\colpack_outputs_week13_expanded\dwt_419_smallest_last.txt
dwt_419,241,288,0.31100478468899523,SMALLEST_LAST,data\processed\initial_graph_coloring_dataset\colpack_outputs_week13_expanded\dwt_419_smallest_last.txt
dwt_419,258,289,0.30861244019138756,SMALLEST_LAST,data\processed\initial_graph_coloring_dataset\colpack_outputs_week13_expanded\dwt_419_smallest_last.txt
dwt_419,249,290,0.3062200956937799,SMALLEST_LAST,data\processed\initial_graph_coloring_dataset\colpack_outputs_week13_expanded\dwt_419_smallest_last.txt
dwt_419,36,291,0.3038277511961722,SMALLEST_LAST,data\processed\initial_graph_coloring_dataset\colpack_outputs_week13_expanded\dwt_419_smallest_last.txt
dwt_419,37,292,0.3014354066985646,SMALLEST_LAST,data\processed\initial_graph_coloring_dataset\colpack_outputs_week13_expanded\dwt_419_smallest_last.txt
dwt_419,247,293,0.29904306220095694,SMALLEST_LAST,data\processed\initial_graph_coloring_dataset\colpack_outputs_week13_expanded\dwt_419_smallest_last.txt
dwt_419,248,294,0.2966507177033493,SMALLEST_LAST,data\processed\initial_graph_coloring_dataset\colpack_outputs_week13_expanded\dwt_419_smallest_last.txt
dwt_419,68,295,0.2942583732057416,SMALLEST_LAST,data\processed\initial_graph_coloring_dataset\colpack_outputs_week13_expanded\dwt_419_smallest_last.txt
dwt_419,86,296,0.291866028708134,SMALLEST_LAST,data\processed\initial_graph_coloring_dataset\colpack_outputs_week13_expanded\dwt_419_smallest_last.txt
dwt_419,279,297,0.2894736842105263,SMALLEST_LAST,data\processed\initial_graph_coloring_dataset\colpack_outputs_week13_expanded\dwt_419_smallest_last.txt
dwt_419,297,298,0.28708133971291866,SMALLEST_LAST,data\processed\initial_graph_coloring_dataset\colpack_outputs_week13_expanded\dwt_419_smallest_last.txt
dwt_419,85,299,0.284688995215311,SMALLEST_LAST,data\processed\initial_graph_coloring_dataset\colpack_outputs_week13_expanded\dwt_419_smallest_last.txt
dwt_419,71,300,0.2822966507177033,SMALLEST_LAST,data\processed\initial_graph_coloring_dataset\colpack_outputs_week13_expanded\dwt_419_smallest_last.txt
dwt_419,82,301,0.2799043062200957,SMALLEST_LAST,data\processed\initial_graph_coloring_dataset\colpack_outputs_week13_expanded\dwt_419_smallest_last.txt
dwt_419,282,302,0.27751196172248804,SMALLEST_LAST,data\processed\initial_graph_coloring_dataset\colpack_outputs_week13_expanded\dwt_419_smallest_last.txt
dwt_419,293,303,0.2751196172248804,SMALLEST_LAST,data\processed\initial_graph_coloring_dataset\colpack_outputs_week13_expanded\dwt_419_smallest_last.txt
dwt_419,84,304,0.2727272727272727,SMALLEST_LAST,data\processed\initial_graph_coloring_dataset\colpack_outputs_week13_expanded\dwt_419_smallest_last.txt
dwt_419,295,305,0.2703349282296651,SMALLEST_LAST,data\processed\initial_graph_coloring_dataset\colpack_outputs_week13_expanded\dwt_419_smallest_last.txt
dwt_419,181,306,0.2679425837320574,SMALLEST_LAST,data\processed\initial_graph_coloring_dataset\colpack_outputs_week13_expanded\dwt_419_smallest_last.txt
dwt_419,296,307,0.26555023923444976,SMALLEST_LAST,data\processed\initial_graph_coloring_dataset\colpack_outputs_week13_expanded\dwt_419_smallest_last.txt
dwt_419,392,308,0.2631578947368421,SMALLEST_LAST,data\processed\initial_graph_coloring_dataset\colpack_outputs_week13_expanded\dwt_419_smallest_last.txt
dwt_419,69,309,0.2607655502392344,SMALLEST_LAST,data\processed\initial_graph_coloring_dataset\colpack_outputs_week13_expanded\dwt_419_smallest_last.txt
dwt_419,70,310,0.2583732057416268,SMALLEST_LAST,data\processed\initial_graph_coloring_dataset\colpack_outputs_week13_expanded\dwt_419_smallest_last.txt
dwt_419,193,311,0.25598086124401914,SMALLEST_LAST,data\processed\initial_graph_coloring_dataset\colpack_outputs_week13_expanded\dwt_419_smallest_last.txt
dwt_419,280,312,0.2535885167464115,SMALLEST_LAST,data\processed\initial_graph_coloring_dataset\colpack_outputs_week13_expanded\dwt_419_smallest_last.txt
dwt_419,281,313,0.2511961722488038,SMALLEST_LAST,data\processed\initial_graph_coloring_dataset\colpack_outputs_week13_expanded\dwt_419_smallest_last.txt
dwt_419,401,314,0.24880382775119617,SMALLEST_LAST,data\processed\initial_graph_coloring_dataset\colpack_outputs_week13_expanded\dwt_419_smallest_last.txt
dwt_419,402,315,0.24641148325358853,SMALLEST_LAST,data\processed\initial_graph_coloring_dataset\colpack_outputs_week13_expanded\dwt_419_smallest_last.txt
dwt_419,194,316,0.24401913875598086,SMALLEST_LAST,data\processed\initial_graph_coloring_dataset\colpack_outputs_week13_expanded\dwt_419_smallest_last.txt
dwt_419,89,317,0.24162679425837322,SMALLEST_LAST,data\processed\initial_graph_coloring_dataset\colpack_outputs_week13_expanded\dwt_419_smallest_last.txt
dwt_419,90,318,0.23923444976076555,SMALLEST_LAST,data\processed\initial_graph_coloring_dataset\colpack_outputs_week13_expanded\dwt_419_smallest_last.txt
dwt_419,98,319,0.23684210526315788,SMALLEST_LAST,data\processed\initial_graph_coloring_dataset\colpack_outputs_week13_expanded\dwt_419_smallest_last.txt
dwt_419,95,320,0.23444976076555024,SMALLEST_LAST,data\processed\initial_graph_coloring_dataset\colpack_outputs_week13_expanded\dwt_419_smallest_last.txt
dwt_419,306,321,0.23205741626794257,SMALLEST_LAST,data\processed\initial_graph_coloring_dataset\colpack_outputs_week13_expanded\dwt_419_smallest_last.txt
dwt_419,96,322,0.22966507177033493,SMALLEST_LAST,data\processed\initial_graph_coloring_dataset\colpack_outputs_week13_expanded\dwt_419_smallest_last.txt
dwt_419,97,323,0.22727272727272727,SMALLEST_LAST,data\processed\initial_graph_coloring_dataset\colpack_outputs_week13_expanded\dwt_419_smallest_last.txt
dwt_419,307,324,0.22488038277511962,SMALLEST_LAST,data\processed\initial_graph_coloring_dataset\colpack_outputs_week13_expanded\dwt_419_smallest_last.txt
dwt_419,308,325,0.22248803827751196,SMALLEST_LAST,data\processed\initial_graph_coloring_dataset\colpack_outputs_week13_expanded\dwt_419_smallest_last.txt
dwt_419,309,326,0.22009569377990432,SMALLEST_LAST,data\processed\initial_graph_coloring_dataset\colpack_outputs_week13_expanded\dwt_419_smallest_last.txt
dwt_419,300,327,0.21770334928229665,SMALLEST_LAST,data\processed\initial_graph_coloring_dataset\colpack_outputs_week13_expanded\dwt_419_smallest_last.txt
dwt_419,301,328,0.215311004784689,SMALLEST_LAST,data\processed\initial_graph_coloring_dataset\colpack_outputs_week13_expanded\dwt_419_smallest_last.txt
dwt_419,310,329,0.21291866028708134,SMALLEST_LAST,data\processed\initial_graph_coloring_dataset\colpack_outputs_week13_expanded\dwt_419_smallest_last.txt
dwt_419,99,330,0.21052631578947367,SMALLEST_LAST,data\processed\initial_graph_coloring_dataset\colpack_outputs_week13_expanded\dwt_419_smallest_last.txt
dwt_419,75,331,0.20813397129186603,SMALLEST_LAST,data\processed\initial_graph_coloring_dataset\colpack_outputs_week13_expanded\dwt_419_smallest_last.txt
dwt_419,286,332,0.20574162679425836,SMALLEST_LAST,data\processed\initial_graph_coloring_dataset\colpack_outputs_week13_expanded\dwt_419_smallest_last.txt
dwt_419,303,333,0.20334928229665072,SMALLEST_LAST,data\processed\initial_graph_coloring_dataset\colpack_outputs_week13_expanded\dwt_419_smallest_last.txt
dwt_419,92,334,0.20095693779904306,SMALLEST_LAST,data\processed\initial_graph_coloring_dataset\colpack_outputs_week13_expanded\dwt_419_smallest_last.txt
dwt_419,91,335,0.19856459330143542,SMALLEST_LAST,data\processed\initial_graph_coloring_dataset\colpack_outputs_week13_expanded\dwt_419_smallest_last.txt
dwt_419,103,336,0.19617224880382775,SMALLEST_LAST,data\processed\initial_graph_coloring_dataset\colpack_outputs_week13_expanded\dwt_419_smallest_last.txt
dwt_419,102,337,0.1937799043062201,SMALLEST_LAST,data\processed\initial_graph_coloring_dataset\colpack_outputs_week13_expanded\dwt_419_smallest_last.txt
dwt_419,100,338,0.19138755980861244,SMALLEST_LAST,data\processed\initial_graph_coloring_dataset\colpack_outputs_week13_expanded\dwt_419_smallest_last.txt
dwt_419,311,339,0.18899521531100477,SMALLEST_LAST,data\processed\initial_graph_coloring_dataset\colpack_outputs_week13_expanded\dwt_419_smallest_last.txt
dwt_419,101,340,0.18660287081339713,SMALLEST_LAST,data\processed\initial_graph_coloring_dataset\colpack_outputs_week13_expanded\dwt_419_smallest_last.txt
dwt_419,312,341,0.18421052631578946,SMALLEST_LAST,data\processed\initial_graph_coloring_dataset\colpack_outputs_week13_expanded\dwt_419_smallest_last.txt
dwt_419,313,342,0.18181818181818182,SMALLEST_LAST,data\processed\initial_graph_coloring_dataset\colpack_outputs_week13_expanded\dwt_419_smallest_last.txt
dwt_419,314,343,0.17942583732057416,SMALLEST_LAST,data\processed\initial_graph_coloring_dataset\colpack_outputs_week13_expanded\dwt_419_smallest_last.txt
dwt_419,302,344,0.17703349282296652,SMALLEST_LAST,data\processed\initial_graph_coloring_dataset\colpack_outputs_week13_expanded\dwt_419_smallest_last.txt
dwt_419,348,345,0.17464114832535885,SMALLEST_LAST,data\processed\initial_graph_coloring_dataset\colpack_outputs_week13_expanded\dwt_419_smallest_last.txt
dwt_419,132,346,0.1722488038277512,SMALLEST_LAST,data\processed\initial_graph_coloring_dataset\colpack_outputs_week13_expanded\dwt_419_smallest_last.txt
dwt_419,343,347,0.16985645933014354,SMALLEST_LAST,data\processed\initial_graph_coloring_dataset\colpack_outputs_week13_expanded\dwt_419_smallest_last.txt
dwt_419,137,348,0.1674641148325359,SMALLEST_LAST,data\processed\initial_graph_coloring_dataset\colpack_outputs_week13_expanded\dwt_419_smallest_last.txt
dwt_419,136,349,0.16507177033492823,SMALLEST_LAST,data\processed\initial_graph_coloring_dataset\colpack_outputs_week13_expanded\dwt_419_smallest_last.txt
dwt_419,158,350,0.16267942583732056,SMALLEST_LAST,data\processed\initial_graph_coloring_dataset\colpack_outputs_week13_expanded\dwt_419_smallest_last.txt
dwt_419,347,351,0.16028708133971292,SMALLEST_LAST,data\processed\initial_graph_coloring_dataset\colpack_outputs_week13_expanded\dwt_419_smallest_last.txt
dwt_419,369,352,0.15789473684210525,SMALLEST_LAST,data\processed\initial_graph_coloring_dataset\colpack_outputs_week13_expanded\dwt_419_smallest_last.txt
dwt_419,157,353,0.15550239234449761,SMALLEST_LAST,data\processed\initial_graph_coloring_dataset\colpack_outputs_week13_expanded\dwt_419_smallest_last.txt
dwt_419,133,354,0.15311004784688995,SMALLEST_LAST,data\processed\initial_graph_coloring_dataset\colpack_outputs_week13_expanded\dwt_419_smallest_last.txt
dwt_419,154,355,0.1507177033492823,SMALLEST_LAST,data\processed\initial_graph_coloring_dataset\colpack_outputs_week13_expanded\dwt_419_smallest_last.txt
dwt_419,344,356,0.14832535885167464,SMALLEST_LAST,data\processed\initial_graph_coloring_dataset\colpack_outputs_week13_expanded\dwt_419_smallest_last.txt
dwt_419,365,357,0.145933014354067,SMALLEST_LAST,data\processed\initial_graph_coloring_dataset\colpack_outputs_week13_expanded\dwt_419_smallest_last.txt
dwt_419,155,358,0.14354066985645933,SMALLEST_LAST,data\processed\initial_graph_coloring_dataset\colpack_outputs_week13_expanded\dwt_419_smallest_last.txt
dwt_419,366,359,0.14114832535885166,SMALLEST_LAST,data\processed\initial_graph_coloring_dataset\colpack_outputs_week13_expanded\dwt_419_smallest_last.txt
dwt_419,156,360,0.13875598086124402,SMALLEST_LAST,data\processed\initial_graph_coloring_dataset\colpack_outputs_week13_expanded\dwt_419_smallest_last.txt
dwt_419,368,361,0.13636363636363635,SMALLEST_LAST,data\processed\initial_graph_coloring_dataset\colpack_outputs_week13_expanded\dwt_419_smallest_last.txt
dwt_419,367,362,0.1339712918660287,SMALLEST_LAST,data\processed\initial_graph_coloring_dataset\colpack_outputs_week13_expanded\dwt_419_smallest_last.txt
dwt_419,134,363,0.13157894736842105,SMALLEST_LAST,data\processed\initial_graph_coloring_dataset\colpack_outputs_week13_expanded\dwt_419_smallest_last.txt
dwt_419,135,364,0.1291866028708134,SMALLEST_LAST,data\processed\initial_graph_coloring_dataset\colpack_outputs_week13_expanded\dwt_419_smallest_last.txt
dwt_419,205,365,0.12679425837320574,SMALLEST_LAST,data\processed\initial_graph_coloring_dataset\colpack_outputs_week13_expanded\dwt_419_smallest_last.txt
dwt_419,345,366,0.12440191387559808,SMALLEST_LAST,data\processed\initial_graph_coloring_dataset\colpack_outputs_week13_expanded\dwt_419_smallest_last.txt
dwt_419,346,367,0.12200956937799043,SMALLEST_LAST,data\processed\initial_graph_coloring_dataset\colpack_outputs_week13_expanded\dwt_419_smallest_last.txt
dwt_419,413,368,0.11961722488038277,SMALLEST_LAST,data\processed\initial_graph_coloring_dataset\colpack_outputs_week13_expanded\dwt_419_smallest_last.txt
dwt_419,414,369,0.11722488038277512,SMALLEST_LAST,data\processed\initial_graph_coloring_dataset\colpack_outputs_week13_expanded\dwt_419_smallest_last.txt
dwt_419,206,370,0.11483253588516747,SMALLEST_LAST,data\processed\initial_graph_coloring_dataset\colpack_outputs_week13_expanded\dwt_419_smallest_last.txt
dwt_419,123,371,0.11244019138755981,SMALLEST_LAST,data\processed\initial_graph_coloring_dataset\colpack_outputs_week13_expanded\dwt_419_smallest_last.txt
dwt_419,112,372,0.11004784688995216,SMALLEST_LAST,data\processed\initial_graph_coloring_dataset\colpack_outputs_week13_expanded\dwt_419_smallest_last.txt
dwt_419,323,373,0.1076555023923445,SMALLEST_LAST,data\processed\initial_graph_coloring_dataset\colpack_outputs_week13_expanded\dwt_419_smallest_last.txt
dwt_419,113,374,0.10526315789473684,SMALLEST_LAST,data\processed\initial_graph_coloring_dataset\colpack_outputs_week13_expanded\dwt_419_smallest_last.txt
dwt_419,324,375,0.10287081339712918,SMALLEST_LAST,data\processed\initial_graph_coloring_dataset\colpack_outputs_week13_expanded\dwt_419_smallest_last.txt
dwt_419,114,376,0.10047846889952153,SMALLEST_LAST,data\processed\initial_graph_coloring_dataset\colpack_outputs_week13_expanded\dwt_419_smallest_last.txt
dwt_419,115,377,0.09808612440191387,SMALLEST_LAST,data\processed\initial_graph_coloring_dataset\colpack_outputs_week13_expanded\dwt_419_smallest_last.txt
dwt_419,326,378,0.09569377990430622,SMALLEST_LAST,data\processed\initial_graph_coloring_dataset\colpack_outputs_week13_expanded\dwt_419_smallest_last.txt
dwt_419,325,379,0.09330143540669857,SMALLEST_LAST,data\processed\initial_graph_coloring_dataset\colpack_outputs_week13_expanded\dwt_419_smallest_last.txt
dwt_419,0,380,0.09090909090909091,SMALLEST_LAST,data\processed\initial_graph_coloring_dataset\colpack_outputs_week13_expanded\dwt_419_smallest_last.txt
dwt_419,2,381,0.08851674641148326,SMALLEST_LAST,data\processed\initial_graph_coloring_dataset\colpack_outputs_week13_expanded\dwt_419_smallest_last.txt
dwt_419,10,382,0.0861244019138756,SMALLEST_LAST,data\processed\initial_graph_coloring_dataset\colpack_outputs_week13_expanded\dwt_419_smallest_last.txt
dwt_419,11,383,0.08373205741626795,SMALLEST_LAST,data\processed\initial_graph_coloring_dataset\colpack_outputs_week13_expanded\dwt_419_smallest_last.txt
dwt_419,106,384,0.08133971291866028,SMALLEST_LAST,data\processed\initial_graph_coloring_dataset\colpack_outputs_week13_expanded\dwt_419_smallest_last.txt
dwt_419,107,385,0.07894736842105263,SMALLEST_LAST,data\processed\initial_graph_coloring_dataset\colpack_outputs_week13_expanded\dwt_419_smallest_last.txt
dwt_419,124,386,0.07655502392344497,SMALLEST_LAST,data\processed\initial_graph_coloring_dataset\colpack_outputs_week13_expanded\dwt_419_smallest_last.txt
dwt_419,116,387,0.07416267942583732,SMALLEST_LAST,data\processed\initial_graph_coloring_dataset\colpack_outputs_week13_expanded\dwt_419_smallest_last.txt
dwt_419,221,388,0.07177033492822966,SMALLEST_LAST,data\processed\initial_graph_coloring_dataset\colpack_outputs_week13_expanded\dwt_419_smallest_last.txt
dwt_419,222,389,0.06937799043062201,SMALLEST_LAST,data\processed\initial_graph_coloring_dataset\colpack_outputs_week13_expanded\dwt_419_smallest_last.txt
dwt_419,317,390,0.06698564593301436,SMALLEST_LAST,data\processed\initial_graph_coloring_dataset\colpack_outputs_week13_expanded\dwt_419_smallest_last.txt
dwt_419,318,391,0.0645933014354067,SMALLEST_LAST,data\processed\initial_graph_coloring_dataset\colpack_outputs_week13_expanded\dwt_419_smallest_last.txt
dwt_419,327,392,0.06220095693779904,SMALLEST_LAST,data\processed\initial_graph_coloring_dataset\colpack_outputs_week13_expanded\dwt_419_smallest_last.txt
dwt_419,117,393,0.05980861244019139,SMALLEST_LAST,data\processed\initial_graph_coloring_dataset\colpack_outputs_week13_expanded\dwt_419_smallest_last.txt
dwt_419,118,394,0.05741626794258373,SMALLEST_LAST,data\processed\initial_graph_coloring_dataset\colpack_outputs_week13_expanded\dwt_419_smallest_last.txt
dwt_419,328,395,0.05502392344497608,SMALLEST_LAST,data\processed\initial_graph_coloring_dataset\colpack_outputs_week13_expanded\dwt_419_smallest_last.txt
dwt_419,329,396,0.05263157894736842,SMALLEST_LAST,data\processed\initial_graph_coloring_dataset\colpack_outputs_week13_expanded\dwt_419_smallest_last.txt
dwt_419,333,397,0.050239234449760764,SMALLEST_LAST,data\processed\initial_graph_coloring_dataset\colpack_outputs_week13_expanded\dwt_419_smallest_last.txt
dwt_419,334,398,0.04784688995215311,SMALLEST_LAST,data\processed\initial_graph_coloring_dataset\colpack_outputs_week13_expanded\dwt_419_smallest_last.txt
dwt_419,335,399,0.045454545454545456,SMALLEST_LAST,data\processed\initial_graph_coloring_dataset\colpack_outputs_week13_expanded\dwt_419_smallest_last.txt
dwt_419,336,400,0.0430622009569378,SMALLEST_LAST,data\processed\initial_graph_coloring_dataset\colpack_outputs_week13_expanded\dwt_419_smallest_last.txt
dwt_419,151,401,0.04066985645933014,SMALLEST_LAST,data\processed\initial_graph_coloring_dataset\colpack_outputs_week13_expanded\dwt_419_smallest_last.txt
dwt_419,362,402,0.03827751196172249,SMALLEST_LAST,data\processed\initial_graph_coloring_dataset\colpack_outputs_week13_expanded\dwt_419_smallest_last.txt
dwt_419,380,403,0.03588516746411483,SMALLEST_LAST,data\processed\initial_graph_coloring_dataset\colpack_outputs_week13_expanded\dwt_419_smallest_last.txt
dwt_419,169,404,0.03349282296650718,SMALLEST_LAST,data\processed\initial_graph_coloring_dataset\colpack_outputs_week13_expanded\dwt_419_smallest_last.txt
dwt_419,168,405,0.03110047846889952,SMALLEST_LAST,data\processed\initial_graph_coloring_dataset\colpack_outputs_week13_expanded\dwt_419_smallest_last.txt
dwt_419,180,406,0.028708133971291867,SMALLEST_LAST,data\processed\initial_graph_coloring_dataset\colpack_outputs_week13_expanded\dwt_419_smallest_last.txt
dwt_419,179,407,0.02631578947368421,SMALLEST_LAST,data\processed\initial_graph_coloring_dataset\colpack_outputs_week13_expanded\dwt_419_smallest_last.txt
dwt_419,391,408,0.023923444976076555,SMALLEST_LAST,data\processed\initial_graph_coloring_dataset\colpack_outputs_week13_expanded\dwt_419_smallest_last.txt
dwt_419,390,409,0.0215311004784689,SMALLEST_LAST,data\processed\initial_graph_coloring_dataset\colpack_outputs_week13_expanded\dwt_419_smallest_last.txt
dwt_419,379,410,0.019138755980861243,SMALLEST_LAST,data\processed\initial_graph_coloring_dataset\colpack_outputs_week13_expanded\dwt_419_smallest_last.txt
dwt_419,378,411,0.01674641148325359,SMALLEST_LAST,data\processed\initial_graph_coloring_dataset\colpack_outputs_week13_expanded\dwt_419_smallest_last.txt
dwt_419,167,412,0.014354066985645933,SMALLEST_LAST,data\processed\initial_graph_coloring_dataset\colpack_outputs_week13_expanded\dwt_419_smallest_last.txt
dwt_419,176,413,0.011961722488038277,SMALLEST_LAST,data\processed\initial_graph_coloring_dataset\colpack_outputs_week13_expanded\dwt_419_smallest_last.txt
dwt_419,387,414,0.009569377990430622,SMALLEST_LAST,data\processed\initial_graph_coloring_dataset\colpack_outputs_week13_expanded\dwt_419_smallest_last.txt
dwt_419,177,415,0.007177033492822967,SMALLEST_LAST,data\processed\initial_graph_coloring_dataset\colpack_outputs_week13_expanded\dwt_419_smallest_last.txt
dwt_419,178,416,0.004784688995215311,SMALLEST_LAST,data\processed\initial_graph_coloring_dataset\colpack_outputs_week13_expanded\dwt_419_smallest_last.txt
dwt_419,388,417,0.0023923444976076554,SMALLEST_LAST,data\processed\initial_graph_coloring_dataset\colpack_outputs_week13_expanded\dwt_419_smallest_last.txt
dwt_419,389,418,0.0,SMALLEST_LAST,data\processed\initial_graph_coloring_dataset\colpack_outputs_week13_expanded\dwt_419_smallest_last.txt
hess_pat_small,0,0,1.0,SMALLEST_LAST,data\processed\initial_graph_coloring_dataset\colpack_outputs_week13_expanded\hess_pat_small_smallest_last.txt
hess_pat_small,1,1,0.8888888888888888,SMALLEST_LAST,data\processed\initial_graph_coloring_dataset\colpack_outputs_week13_expanded\hess_pat_small_smallest_last.txt
hess_pat_small,4,2,0.7777777777777778,SMALLEST_LAST,data\processed\initial_graph_coloring_dataset\colpack_outputs_week13_expanded\hess_pat_small_smallest_last.txt
hess_pat_small,3,3,0.6666666666666666,SMALLEST_LAST,data\processed\initial_graph_coloring_dataset\colpack_outputs_week13_expanded\hess_pat_small_smallest_last.txt
hess_pat_small,2,4,0.5555555555555556,SMALLEST_LAST,data\processed\initial_graph_coloring_dataset\colpack_outputs_week13_expanded\hess_pat_small_smallest_last.txt
hess_pat_small,8,5,0.4444444444444444,SMALLEST_LAST,data\processed\initial_graph_coloring_dataset\colpack_outputs_week13_expanded\hess_pat_small_smallest_last.txt
hess_pat_small,6,6,0.3333333333333333,SMALLEST_LAST,data\processed\initial_graph_coloring_dataset\colpack_outputs_week13_expanded\hess_pat_small_smallest_last.txt
hess_pat_small,5,7,0.2222222222222222,SMALLEST_LAST,data\processed\initial_graph_coloring_dataset\colpack_outputs_week13_expanded\hess_pat_small_smallest_last.txt
hess_pat_small,7,8,0.1111111111111111,SMALLEST_LAST,data\processed\initial_graph_coloring_dataset\colpack_outputs_week13_expanded\hess_pat_small_smallest_last.txt
hess_pat_small,9,9,0.0,SMALLEST_LAST,data\processed\initial_graph_coloring_dataset\colpack_outputs_week13_expanded\hess_pat_small_smallest_last.txt
hess_pat,1,0,1.0,SMALLEST_LAST,data\processed\initial_graph_coloring_dataset\colpack_outputs_week13_expanded\hess_pat_smallest_last.txt
hess_pat,2,1,0.9761904761904762,SMALLEST_LAST,data\processed\initial_graph_coloring_dataset\colpack_outputs_week13_expanded\hess_pat_smallest_last.txt
hess_pat,3,2,0.9523809523809523,SMALLEST_LAST,data\processed\initial_graph_coloring_dataset\colpack_outputs_week13_expanded\hess_pat_smallest_last.txt
hess_pat,15,3,0.9285714285714286,SMALLEST_LAST,data\processed\initial_graph_coloring_dataset\colpack_outputs_week13_expanded\hess_pat_smallest_last.txt
hess_pat,16,4,0.9047619047619048,SMALLEST_LAST,data\processed\initial_graph_coloring_dataset\colpack_outputs_week13_expanded\hess_pat_smallest_last.txt
hess_pat,17,5,0.8809523809523809,SMALLEST_LAST,data\processed\initial_graph_coloring_dataset\colpack_outputs_week13_expanded\hess_pat_smallest_last.txt
hess_pat,4,6,0.8571428571428571,SMALLEST_LAST,data\processed\initial_graph_coloring_dataset\colpack_outputs_week13_expanded\hess_pat_smallest_last.txt
hess_pat,18,7,0.8333333333333334,SMALLEST_LAST,data\processed\initial_graph_coloring_dataset\colpack_outputs_week13_expanded\hess_pat_smallest_last.txt
hess_pat,0,8,0.8095238095238095,SMALLEST_LAST,data\processed\initial_graph_coloring_dataset\colpack_outputs_week13_expanded\hess_pat_smallest_last.txt
hess_pat,14,9,0.7857142857142857,SMALLEST_LAST,data\processed\initial_graph_coloring_dataset\colpack_outputs_week13_expanded\hess_pat_smallest_last.txt
hess_pat,8,10,0.7619047619047619,SMALLEST_LAST,data\processed\initial_graph_coloring_dataset\colpack_outputs_week13_expanded\hess_pat_smallest_last.txt
hess_pat,22,11,0.7380952380952381,SMALLEST_LAST,data\processed\initial_graph_coloring_dataset\colpack_outputs_week13_expanded\hess_pat_smallest_last.txt
hess_pat,9,12,0.7142857142857143,SMALLEST_LAST,data\processed\initial_graph_coloring_dataset\colpack_outputs_week13_expanded\hess_pat_smallest_last.txt
hess_pat,23,13,0.6904761904761905,SMALLEST_LAST,data\processed\initial_graph_coloring_dataset\colpack_outputs_week13_expanded\hess_pat_smallest_last.txt
hess_pat,5,14,0.6666666666666666,SMALLEST_LAST,data\processed\initial_graph_coloring_dataset\colpack_outputs_week13_expanded\hess_pat_smallest_last.txt
hess_pat,10,15,0.6428571428571429,SMALLEST_LAST,data\processed\initial_graph_coloring_dataset\colpack_outputs_week13_expanded\hess_pat_smallest_last.txt
hess_pat,24,16,0.6190476190476191,SMALLEST_LAST,data\processed\initial_graph_coloring_dataset\colpack_outputs_week13_expanded\hess_pat_smallest_last.txt
hess_pat,19,17,0.5952380952380952,SMALLEST_LAST,data\processed\initial_graph_coloring_dataset\colpack_outputs_week13_expanded\hess_pat_smallest_last.txt
hess_pat,11,18,0.5714285714285714,SMALLEST_LAST,data\processed\initial_graph_coloring_dataset\colpack_outputs_week13_expanded\hess_pat_smallest_last.txt
hess_pat,12,19,0.5476190476190477,SMALLEST_LAST,data\processed\initial_graph_coloring_dataset\colpack_outputs_week13_expanded\hess_pat_smallest_last.txt
hess_pat,25,20,0.5238095238095238,SMALLEST_LAST,data\processed\initial_graph_coloring_dataset\colpack_outputs_week13_expanded\hess_pat_smallest_last.txt
hess_pat,26,21,0.5,SMALLEST_LAST,data\processed\initial_graph_coloring_dataset\colpack_outputs_week13_expanded\hess_pat_smallest_last.txt
hess_pat,13,22,0.47619047619047616,SMALLEST_LAST,data\processed\initial_graph_coloring_dataset\colpack_outputs_week13_expanded\hess_pat_smallest_last.txt
hess_pat,27,23,0.4523809523809524,SMALLEST_LAST,data\processed\initial_graph_coloring_dataset\colpack_outputs_week13_expanded\hess_pat_smallest_last.txt
hess_pat,6,24,0.42857142857142855,SMALLEST_LAST,data\processed\initial_graph_coloring_dataset\colpack_outputs_week13_expanded\hess_pat_smallest_last.txt
hess_pat,20,25,0.40476190476190477,SMALLEST_LAST,data\processed\initial_graph_coloring_dataset\colpack_outputs_week13_expanded\hess_pat_smallest_last.txt
hess_pat,7,26,0.38095238095238093,SMALLEST_LAST,data\processed\initial_graph_coloring_dataset\colpack_outputs_week13_expanded\hess_pat_smallest_last.txt
hess_pat,21,27,0.35714285714285715,SMALLEST_LAST,data\processed\initial_graph_coloring_dataset\colpack_outputs_week13_expanded\hess_pat_smallest_last.txt
hess_pat,28,28,0.3333333333333333,SMALLEST_LAST,data\processed\initial_graph_coloring_dataset\colpack_outputs_week13_expanded\hess_pat_smallest_last.txt
hess_pat,29,29,0.30952380952380953,SMALLEST_LAST,data\processed\initial_graph_coloring_dataset\colpack_outputs_week13_expanded\hess_pat_smallest_last.txt
hess_pat,30,30,0.2857142857142857,SMALLEST_LAST,data\processed\initial_graph_coloring_dataset\colpack_outputs_week13_expanded\hess_pat_smallest_last.txt
hess_pat,31,31,0.2619047619047619,SMALLEST_LAST,data\processed\initial_graph_coloring_dataset\colpack_outputs_week13_expanded\hess_pat_smallest_last.txt
hess_pat,32,32,0.23809523809523808,SMALLEST_LAST,data\processed\initial_graph_coloring_dataset\colpack_outputs_week13_expanded\hess_pat_smallest_last.txt
hess_pat,33,33,0.21428571428571427,SMALLEST_LAST,data\processed\initial_graph_coloring_dataset\colpack_outputs_week13_expanded\hess_pat_smallest_last.txt
hess_pat,34,34,0.19047619047619047,SMALLEST_LAST,data\processed\initial_graph_coloring_dataset\colpack_outputs_week13_expanded\hess_pat_smallest_last.txt
hess_pat,35,35,0.16666666666666666,SMALLEST_LAST,data\processed\initial_graph_coloring_dataset\colpack_outputs_week13_expanded\hess_pat_smallest_last.txt
hess_pat,36,36,0.14285714285714285,SMALLEST_LAST,data\processed\initial_graph_coloring_dataset\colpack_outputs_week13_expanded\hess_pat_smallest_last.txt
hess_pat,37,37,0.11904761904761904,SMALLEST_LAST,data\processed\initial_graph_coloring_dataset\colpack_outputs_week13_expanded\hess_pat_smallest_last.txt
hess_pat,38,38,0.09523809523809523,SMALLEST_LAST,data\processed\initial_graph_coloring_dataset\colpack_outputs_week13_expanded\hess_pat_smallest_last.txt
hess_pat,39,39,0.07142857142857142,SMALLEST_LAST,data\processed\initial_graph_coloring_dataset\colpack_outputs_week13_expanded\hess_pat_smallest_last.txt
hess_pat,40,40,0.047619047619047616,SMALLEST_LAST,data\processed\initial_graph_coloring_dataset\colpack_outputs_week13_expanded\hess_pat_smallest_last.txt
hess_pat,41,41,0.023809523809523808,SMALLEST_LAST,data\processed\initial_graph_coloring_dataset\colpack_outputs_week13_expanded\hess_pat_smallest_last.txt
hess_pat,42,42,0.0,SMALLEST_LAST,data\processed\initial_graph_coloring_dataset\colpack_outputs_week13_expanded\hess_pat_smallest_last.txt
jac_pat,4,0,1.0,SMALLEST_LAST,data\processed\initial_graph_coloring_dataset\colpack_outputs_week13_expanded\jac_pat_smallest_last.txt
jac_pat,5,1,0.9761904761904762,SMALLEST_LAST,data\processed\initial_graph_coloring_dataset\colpack_outputs_week13_expanded\jac_pat_smallest_last.txt
jac_pat,10,2,0.9523809523809523,SMALLEST_LAST,data\processed\initial_graph_coloring_dataset\colpack_outputs_week13_expanded\jac_pat_smallest_last.txt
jac_pat,11,3,0.9285714285714286,SMALLEST_LAST,data\processed\initial_graph_coloring_dataset\colpack_outputs_week13_expanded\jac_pat_smallest_last.txt
jac_pat,12,4,0.9047619047619048,SMALLEST_LAST,data\processed\initial_graph_coloring_dataset\colpack_outputs_week13_expanded\jac_pat_smallest_last.txt
jac_pat,19,5,0.8809523809523809,SMALLEST_LAST,data\processed\initial_graph_coloring_dataset\colpack_outputs_week13_expanded\jac_pat_smallest_last.txt
jac_pat,24,6,0.8571428571428571,SMALLEST_LAST,data\processed\initial_graph_coloring_dataset\colpack_outputs_week13_expanded\jac_pat_smallest_last.txt
jac_pat,25,7,0.8333333333333334,SMALLEST_LAST,data\processed\initial_graph_coloring_dataset\colpack_outputs_week13_expanded\jac_pat_smallest_last.txt
jac_pat,26,8,0.8095238095238095,SMALLEST_LAST,data\processed\initial_graph_coloring_dataset\colpack_outputs_week13_expanded\jac_pat_smallest_last.txt
jac_pat,33,9,0.7857142857142857,SMALLEST_LAST,data\processed\initial_graph_coloring_dataset\colpack_outputs_week13_expanded\jac_pat_smallest_last.txt
jac_pat,18,10,0.7619047619047619,SMALLEST_LAST,data\processed\initial_graph_coloring_dataset\colpack_outputs_week13_expanded\jac_pat_smallest_last.txt
jac_pat,0,11,0.7380952380952381,SMALLEST_LAST,data\processed\initial_graph_coloring_dataset\colpack_outputs_week13_expanded\jac_pat_smallest_last.txt
jac_pat,1,12,0.7142857142857143,SMALLEST_LAST,data\processed\initial_graph_coloring_dataset\colpack_outputs_week13_expanded\jac_pat_smallest_last.txt
jac_pat,2,13,0.6904761904761905,SMALLEST_LAST,data\processed\initial_graph_coloring_dataset\colpack_outputs_week13_expanded\jac_pat_smallest_last.txt
jac_pat,3,14,0.6666666666666666,SMALLEST_LAST,data\processed\initial_graph_coloring_dataset\colpack_outputs_week13_expanded\jac_pat_smallest_last.txt
jac_pat,14,15,0.6428571428571429,SMALLEST_LAST,data\processed\initial_graph_coloring_dataset\colpack_outputs_week13_expanded\jac_pat_smallest_last.txt
jac_pat,15,16,0.6190476190476191,SMALLEST_LAST,data\processed\initial_graph_coloring_dataset\colpack_outputs_week13_expanded\jac_pat_smallest_last.txt
jac_pat,16,17,0.5952380952380952,SMALLEST_LAST,data\processed\initial_graph_coloring_dataset\colpack_outputs_week13_expanded\jac_pat_smallest_last.txt
jac_pat,29,18,0.5714285714285714,SMALLEST_LAST,data\processed\initial_graph_coloring_dataset\colpack_outputs_week13_expanded\jac_pat_smallest_last.txt
jac_pat,17,19,0.5476190476190477,SMALLEST_LAST,data\processed\initial_graph_coloring_dataset\colpack_outputs_week13_expanded\jac_pat_smallest_last.txt
jac_pat,30,20,0.5238095238095238,SMALLEST_LAST,data\processed\initial_graph_coloring_dataset\colpack_outputs_week13_expanded\jac_pat_smallest_last.txt
jac_pat,6,21,0.5,SMALLEST_LAST,data\processed\initial_graph_coloring_dataset\colpack_outputs_week13_expanded\jac_pat_smallest_last.txt
jac_pat,7,22,0.47619047619047616,SMALLEST_LAST,data\processed\initial_graph_coloring_dataset\colpack_outputs_week13_expanded\jac_pat_smallest_last.txt
jac_pat,20,23,0.4523809523809524,SMALLEST_LAST,data\processed\initial_graph_coloring_dataset\colpack_outputs_week13_expanded\jac_pat_smallest_last.txt
jac_pat,21,24,0.42857142857142855,SMALLEST_LAST,data\processed\initial_graph_coloring_dataset\colpack_outputs_week13_expanded\jac_pat_smallest_last.txt
jac_pat,8,25,0.40476190476190477,SMALLEST_LAST,data\processed\initial_graph_coloring_dataset\colpack_outputs_week13_expanded\jac_pat_smallest_last.txt
jac_pat,9,26,0.38095238095238093,SMALLEST_LAST,data\processed\initial_graph_coloring_dataset\colpack_outputs_week13_expanded\jac_pat_smallest_last.txt
jac_pat,13,27,0.35714285714285715,SMALLEST_LAST,data\processed\initial_graph_coloring_dataset\colpack_outputs_week13_expanded\jac_pat_smallest_last.txt
jac_pat,22,28,0.3333333333333333,SMALLEST_LAST,data\processed\initial_graph_coloring_dataset\colpack_outputs_week13_expanded\jac_pat_smallest_last.txt
jac_pat,23,29,0.30952380952380953,SMALLEST_LAST,data\processed\initial_graph_coloring_dataset\colpack_outputs_week13_expanded\jac_pat_smallest_last.txt
jac_pat,27,30,0.2857142857142857,SMALLEST_LAST,data\processed\initial_graph_coloring_dataset\colpack_outputs_week13_expanded\jac_pat_smallest_last.txt
jac_pat,28,31,0.2619047619047619,SMALLEST_LAST,data\processed\initial_graph_coloring_dataset\colpack_outputs_week13_expanded\jac_pat_smallest_last.txt
jac_pat,31,32,0.23809523809523808,SMALLEST_LAST,data\processed\initial_graph_coloring_dataset\colpack_outputs_week13_expanded\jac_pat_smallest_last.txt
jac_pat,32,33,0.21428571428571427,SMALLEST_LAST,data\processed\initial_graph_coloring_dataset\colpack_outputs_week13_expanded\jac_pat_smallest_last.txt
jac_pat,34,34,0.19047619047619047,SMALLEST_LAST,data\processed\initial_graph_coloring_dataset\colpack_outputs_week13_expanded\jac_pat_smallest_last.txt
jac_pat,35,35,0.16666666666666666,SMALLEST_LAST,data\processed\initial_graph_coloring_dataset\colpack_outputs_week13_expanded\jac_pat_smallest_last.txt
jac_pat,36,36,0.14285714285714285,SMALLEST_LAST,data\processed\initial_graph_coloring_dataset\colpack_outputs_week13_expanded\jac_pat_smallest_last.txt
jac_pat,37,37,0.11904761904761904,SMALLEST_LAST,data\processed\initial_graph_coloring_dataset\colpack_outputs_week13_expanded\jac_pat_smallest_last.txt
jac_pat,38,38,0.09523809523809523,SMALLEST_LAST,data\processed\initial_graph_coloring_dataset\colpack_outputs_week13_expanded\jac_pat_smallest_last.txt
jac_pat,39,39,0.07142857142857142,SMALLEST_LAST,data\processed\initial_graph_coloring_dataset\colpack_outputs_week13_expanded\jac_pat_smallest_last.txt
jac_pat,40,40,0.047619047619047616,SMALLEST_LAST,data\processed\initial_graph_coloring_dataset\colpack_outputs_week13_expanded\jac_pat_smallest_last.txt
jac_pat,41,41,0.023809523809523808,SMALLEST_LAST,data\processed\initial_graph_coloring_dataset\colpack_outputs_week13_expanded\jac_pat_smallest_last.txt
jac_pat,42,42,0.0,SMALLEST_LAST,data\processed\initial_graph_coloring_dataset\colpack_outputs_week13_expanded\jac_pat_smallest_last.txt
sherman1,808,0,1.0,SMALLEST_LAST,data\processed\initial_graph_coloring_dataset\colpack_outputs_week13_expanded\sherman1_smallest_last.txt
sherman1,908,1,0.998998998998999,SMALLEST_LAST,data\processed\initial_graph_coloring_dataset\colpack_outputs_week13_expanded\sherman1_smallest_last.txt
sherman1,907,2,0.997997997997998,SMALLEST_LAST,data\processed\initial_graph_coloring_dataset\colpack_outputs_week13_expanded\sherman1_smallest_last.txt
sherman1,807,3,0.996996996996997,SMALLEST_LAST,data\processed\initial_graph_coloring_dataset\colpack_outputs_week13_expanded\sherman1_smallest_last.txt
sherman1,817,4,0.995995995995996,SMALLEST_LAST,data\processed\initial_graph_coloring_dataset\colpack_outputs_week13_expanded\sherman1_smallest_last.txt
sherman1,917,5,0.994994994994995,SMALLEST_LAST,data\processed\initial_graph_coloring_dataset\colpack_outputs_week13_expanded\sherman1_smallest_last.txt
sherman1,918,6,0.993993993993994,SMALLEST_LAST,data\processed\initial_graph_coloring_dataset\colpack_outputs_week13_expanded\sherman1_smallest_last.txt
sherman1,818,7,0.992992992992993,SMALLEST_LAST,data\processed\initial_graph_coloring_dataset\colpack_outputs_week13_expanded\sherman1_smallest_last.txt
sherman1,828,8,0.991991991991992,SMALLEST_LAST,data\processed\initial_graph_coloring_dataset\colpack_outputs_week13_expanded\sherman1_smallest_last.txt
sherman1,928,9,0.990990990990991,SMALLEST_LAST,data\processed\initial_graph_coloring_dataset\colpack_outputs_week13_expanded\sherman1_smallest_last.txt
sherman1,927,10,0.98998998998999,SMALLEST_LAST,data\processed\initial_graph_coloring_dataset\colpack_outputs_week13_expanded\sherman1_smallest_last.txt
sherman1,827,11,0.988988988988989,SMALLEST_LAST,data\processed\initial_graph_coloring_dataset\colpack_outputs_week13_expanded\sherman1_smallest_last.txt
sherman1,837,12,0.987987987987988,SMALLEST_LAST,data\processed\initial_graph_coloring_dataset\colpack_outputs_week13_expanded\sherman1_smallest_last.txt
sherman1,937,13,0.986986986986987,SMALLEST_LAST,data\processed\initial_graph_coloring_dataset\colpack_outputs_week13_expanded\sherman1_smallest_last.txt
sherman1,938,14,0.985985985985986,SMALLEST_LAST,data\processed\initial_graph_coloring_dataset\colpack_outputs_week13_expanded\sherman1_smallest_last.txt
sherman1,838,15,0.984984984984985,SMALLEST_LAST,data\processed\initial_graph_coloring_dataset\colpack_outputs_week13_expanded\sherman1_smallest_last.txt
sherman1,848,16,0.983983983983984,SMALLEST_LAST,data\processed\initial_graph_coloring_dataset\colpack_outputs_week13_expanded\sherman1_smallest_last.txt
sherman1,948,17,0.982982982982983,SMALLEST_LAST,data\processed\initial_graph_coloring_dataset\colpack_outputs_week13_expanded\sherman1_smallest_last.txt
sherman1,947,18,0.9819819819819819,SMALLEST_LAST,data\processed\initial_graph_coloring_dataset\colpack_outputs_week13_expanded\sherman1_smallest_last.txt
sherman1,847,19,0.980980980980981,SMALLEST_LAST,data\processed\initial_graph_coloring_dataset\colpack_outputs_week13_expanded\sherman1_smallest_last.txt
sherman1,747,20,0.97997997997998,SMALLEST_LAST,data\processed\initial_graph_coloring_dataset\colpack_outputs_week13_expanded\sherman1_smallest_last.txt
sherman1,647,21,0.978978978978979,SMALLEST_LAST,data\processed\initial_graph_coloring_dataset\colpack_outputs_week13_expanded\sherman1_smallest_last.txt
sherman1,648,22,0.977977977977978,SMALLEST_LAST,data\processed\initial_graph_coloring_dataset\colpack_outputs_week13_expanded\sherman1_smallest_last.txt
sherman1,649,23,0.9769769769769769,SMALLEST_LAST,data\processed\initial_graph_coloring_dataset\colpack_outputs_week13_expanded\sherman1_smallest_last.txt
sherman1,658,24,0.975975975975976,SMALLEST_LAST,data\processed\initial_graph_coloring_dataset\colpack_outputs_week13_expanded\sherman1_smallest_last.txt
sherman1,659,25,0.974974974974975,SMALLEST_LAST,data\processed\initial_graph_coloring_dataset\colpack_outputs_week13_expanded\sherman1_smallest_last.txt
sherman1,759,26,0.973973973973974,SMALLEST_LAST,data\processed\initial_graph_coloring_dataset\colpack_outputs_week13_expanded\sherman1_smallest_last.txt
sherman1,749,27,0.972972972972973,SMALLEST_LAST,data\processed\initial_graph_coloring_dataset\colpack_outputs_week13_expanded\sherman1_smallest_last.txt
sherman1,849,28,0.9719719719719719,SMALLEST_LAST,data\processed\initial_graph_coloring_dataset\colpack_outputs_week13_expanded\sherman1_smallest_last.txt
sherman1,859,29,0.970970970970971,SMALLEST_LAST,data\processed\initial_graph_coloring_dataset\colpack_outputs_week13_expanded\sherman1_smallest_last.txt
sherman1,858,30,0.96996996996997,SMALLEST_LAST,data\processed\initial_graph_coloring_dataset\colpack_outputs_week13_expanded\sherman1_smallest_last.txt
sherman1,857,31,0.968968968968969,SMALLEST_LAST,data\processed\initial_graph_coloring_dataset\colpack_outputs_week13_expanded\sherman1_smallest_last.txt
sherman1,757,32,0.9679679679679679,SMALLEST_LAST,data\processed\initial_graph_coloring_dataset\colpack_outputs_week13_expanded\sherman1_smallest_last.txt
sherman1,657,33,0.9669669669669669,SMALLEST_LAST,data\processed\initial_graph_coloring_dataset\colpack_outputs_week13_expanded\sherman1_smallest_last.txt
sherman1,13,34,0.965965965965966,SMALLEST_LAST,data\processed\initial_graph_coloring_dataset\colpack_outputs_week13_expanded\sherman1_smallest_last.txt
sherman1,113,35,0.964964964964965,SMALLEST_LAST,data\processed\initial_graph_coloring_dataset\colpack_outputs_week13_expanded\sherman1_smallest_last.txt
sherman1,123,36,0.963963963963964,SMALLEST_LAST,data\processed\initial_graph_coloring_dataset\colpack_outputs_week13_expanded\sherman1_smallest_last.txt
sherman1,23,37,0.9629629629629629,SMALLEST_LAST,data\processed\initial_graph_coloring_dataset\colpack_outputs_week13_expanded\sherman1_smallest_last.txt
sherman1,22,38,0.9619619619619619,SMALLEST_LAST,data\processed\initial_graph_coloring_dataset\colpack_outputs_week13_expanded\sherman1_smallest_last.txt
sherman1,12,39,0.960960960960961,SMALLEST_LAST,data\processed\initial_graph_coloring_dataset\colpack_outputs_week13_expanded\sherman1_smallest_last.txt
sherman1,11,40,0.95995995995996,SMALLEST_LAST,data\processed\initial_graph_coloring_dataset\colpack_outputs_week13_expanded\sherman1_smallest_last.txt
sherman1,111,41,0.958958958958959,SMALLEST_LAST,data\processed\initial_graph_coloring_dataset\colpack_outputs_week13_expanded\sherman1_smallest_last.txt
sherman1,211,42,0.9579579579579579,SMALLEST_LAST,data\processed\initial_graph_coloring_dataset\colpack_outputs_week13_expanded\sherman1_smallest_last.txt
sherman1,212,43,0.9569569569569569,SMALLEST_LAST,data\processed\initial_graph_coloring_dataset\colpack_outputs_week13_expanded\sherman1_smallest_last.txt
sherman1,213,44,0.955955955955956,SMALLEST_LAST,data\processed\initial_graph_coloring_dataset\colpack_outputs_week13_expanded\sherman1_smallest_last.txt
sherman1,223,45,0.954954954954955,SMALLEST_LAST,data\processed\initial_graph_coloring_dataset\colpack_outputs_week13_expanded\sherman1_smallest_last.txt
sherman1,222,46,0.953953953953954,SMALLEST_LAST,data\processed\initial_graph_coloring_dataset\colpack_outputs_week13_expanded\sherman1_smallest_last.txt
sherman1,221,47,0.9529529529529529,SMALLEST_LAST,data\processed\initial_graph_coloring_dataset\colpack_outputs_week13_expanded\sherman1_smallest_last.txt
sherman1,121,48,0.9519519519519519,SMALLEST_LAST,data\processed\initial_graph_coloring_dataset\colpack_outputs_week13_expanded\sherman1_smallest_last.txt
sherman1,21,49,0.950950950950951,SMALLEST_LAST,data\processed\initial_graph_coloring_dataset\colpack_outputs_week13_expanded\sherman1_smallest_last.txt
sherman1,31,50,0.94994994994995,SMALLEST_LAST,data\processed\initial_graph_coloring_dataset\colpack_outputs_week13_expanded\sherman1_smallest_last.txt
sherman1,32,51,0.948948948948949,SMALLEST_LAST,data\processed\initial_graph_coloring_dataset\colpack_outputs_week13_expanded\sherman1_smallest_last.txt
sherman1,33,52,0.9479479479479479,SMALLEST_LAST,data\processed\initial_graph_coloring_dataset\colpack_outputs_week13_expanded\sherman1_smallest_last.txt
sherman1,133,53,0.9469469469469469,SMALLEST_LAST,data\processed\initial_graph_coloring_dataset\colpack_outputs_week13_expanded\sherman1_smallest_last.txt
sherman1,233,54,0.9459459459459459,SMALLEST_LAST,data\processed\initial_graph_coloring_dataset\colpack_outputs_week13_expanded\sherman1_smallest_last.txt
sherman1,232,55,0.944944944944945,SMALLEST_LAST,data\processed\initial_graph_coloring_dataset\colpack_outputs_week13_expanded\sherman1_smallest_last.txt
sherman1,231,56,0.943943943943944,SMALLEST_LAST,data\processed\initial_graph_coloring_dataset\colpack_outputs_week13_expanded\sherman1_smallest_last.txt
sherman1,131,57,0.9429429429429429,SMALLEST_LAST,data\processed\initial_graph_coloring_dataset\colpack_outputs_week13_expanded\sherman1_smallest_last.txt
sherman1,141,58,0.9419419419419419,SMALLEST_LAST,data\processed\initial_graph_coloring_dataset\colpack_outputs_week13_expanded\sherman1_smallest_last.txt
sherman1,41,59,0.9409409409409409,SMALLEST_LAST,data\processed\initial_graph_coloring_dataset\colpack_outputs_week13_expanded\sherman1_smallest_last.txt
sherman1,42,60,0.93993993993994,SMALLEST_LAST,data\processed\initial_graph_coloring_dataset\colpack_outputs_week13_expanded\sherman1_smallest_last.txt
sherman1,43,61,0.938938938938939,SMALLEST_LAST,data\processed\initial_graph_coloring_dataset\colpack_outputs_week13_expanded\sherman1_smallest_last.txt
sherman1,143,62,0.9379379379379379,SMALLEST_LAST,data\processed\initial_graph_coloring_dataset\colpack_outputs_week13_expanded\sherman1_smallest_last.txt
sherman1,243,63,0.9369369369369369,SMALLEST_LAST,data\processed\initial_graph_coloring_dataset\colpack_outputs_week13_expanded\sherman1_smallest_last.txt
sherman1,242,64,0.9359359359359359,SMALLEST_LAST,data\processed\initial_graph_coloring_dataset\colpack_outputs_week13_expanded\sherman1_smallest_last.txt
sherman1,241,65,0.934934934934935,SMALLEST_LAST,data\processed\initial_graph_coloring_dataset\colpack_outputs_week13_expanded\sherman1_smallest_last.txt
sherman1,230,66,0.933933933933934,SMALLEST_LAST,data\processed\initial_graph_coloring_dataset\colpack_outputs_week13_expanded\sherman1_smallest_last.txt
sherman1,240,67,0.9329329329329329,SMALLEST_LAST,data\processed\initial_graph_coloring_dataset\colpack_outputs_week13_expanded\sherman1_smallest_last.txt
sherman1,340,68,0.9319319319319319,SMALLEST_LAST,data\processed\initial_graph_coloring_dataset\colpack_outputs_week13_expanded\sherman1_smallest_last.txt
sherman1,330,69,0.9309309309309309,SMALLEST_LAST,data\processed\initial_graph_coloring_dataset\colpack_outputs_week13_expanded\sherman1_smallest_last.txt
sherman1,430,70,0.92992992992993,SMALLEST_LAST,data\processed\initial_graph_coloring_dataset\colpack_outputs_week13_expanded\sherman1_smallest_last.txt
sherman1,440,71,0.928928928928929,SMALLEST_LAST,data\processed\initial_graph_coloring_dataset\colpack_outputs_week13_expanded\sherman1_smallest_last.txt
sherman1,441,72,0.9279279279279279,SMALLEST_LAST,data\processed\initial_graph_coloring_dataset\colpack_outputs_week13_expanded\sherman1_smallest_last.txt
sherman1,431,73,0.9269269269269269,SMALLEST_LAST,data\processed\initial_graph_coloring_dataset\colpack_outputs_week13_expanded\sherman1_smallest_last.txt
sherman1,432,74,0.9259259259259259,SMALLEST_LAST,data\processed\initial_graph_coloring_dataset\colpack_outputs_week13_expanded\sherman1_smallest_last.txt
sherman1,442,75,0.924924924924925,SMALLEST_LAST,data\processed\initial_graph_coloring_dataset\colpack_outputs_week13_expanded\sherman1_smallest_last.txt
sherman1,343,76,0.923923923923924,SMALLEST_LAST,data\processed\initial_graph_coloring_dataset\colpack_outputs_week13_expanded\sherman1_smallest_last.txt
sherman1,443,77,0.9229229229229229,SMALLEST_LAST,data\processed\initial_graph_coloring_dataset\colpack_outputs_week13_expanded\sherman1_smallest_last.txt
sherman1,433,78,0.9219219219219219,SMALLEST_LAST,data\processed\initial_graph_coloring_dataset\colpack_outputs_week13_expanded\sherman1_smallest_last.txt
sherman1,333,79,0.9209209209209209,SMALLEST_LAST,data\processed\initial_graph_coloring_dataset\colpack_outputs_week13_expanded\sherman1_smallest_last.txt
sherman1,183,80,0.91991991991992,SMALLEST_LAST,data\processed\initial_graph_coloring_dataset\colpack_outputs_week13_expanded\sherman1_smallest_last.txt
sherman1,283,81,0.918918918918919,SMALLEST_LAST,data\processed\initial_graph_coloring_dataset\colpack_outputs_week13_expanded\sherman1_smallest_last.txt
sherman1,273,82,0.9179179179179179,SMALLEST_LAST,data\processed\initial_graph_coloring_dataset\colpack_outputs_week13_expanded\sherman1_smallest_last.txt
sherman1,173,83,0.9169169169169169,SMALLEST_LAST,data\processed\initial_graph_coloring_dataset\colpack_outputs_week13_expanded\sherman1_smallest_last.txt
sherman1,73,84,0.9159159159159159,SMALLEST_LAST,data\processed\initial_graph_coloring_dataset\colpack_outputs_week13_expanded\sherman1_smallest_last.txt
sherman1,83,85,0.914914914914915,SMALLEST_LAST,data\processed\initial_graph_coloring_dataset\colpack_outputs_week13_expanded\sherman1_smallest_last.txt
sherman1,84,86,0.913913913913914,SMALLEST_LAST,data\processed\initial_graph_coloring_dataset\colpack_outputs_week13_expanded\sherman1_smallest_last.txt
sherman1,74,87,0.9129129129129129,SMALLEST_LAST,data\processed\initial_graph_coloring_dataset\colpack_outputs_week13_expanded\sherman1_smallest_last.txt
sherman1,75,88,0.9119119119119119,SMALLEST_LAST,data\processed\initial_graph_coloring_dataset\colpack_outputs_week13_expanded\sherman1_smallest_last.txt
sherman1,85,89,0.9109109109109109,SMALLEST_LAST,data\processed\initial_graph_coloring_dataset\colpack_outputs_week13_expanded\sherman1_smallest_last.txt
sherman1,185,90,0.9099099099099099,SMALLEST_LAST,data\processed\initial_graph_coloring_dataset\colpack_outputs_week13_expanded\sherman1_smallest_last.txt
sherman1,175,91,0.908908908908909,SMALLEST_LAST,data\processed\initial_graph_coloring_dataset\colpack_outputs_week13_expanded\sherman1_smallest_last.txt
sherman1,275,92,0.9079079079079079,SMALLEST_LAST,data\processed\initial_graph_coloring_dataset\colpack_outputs_week13_expanded\sherman1_smallest_last.txt
sherman1,285,93,0.9069069069069069,SMALLEST_LAST,data\processed\initial_graph_coloring_dataset\colpack_outputs_week13_expanded\sherman1_smallest_last.txt
sherman1,284,94,0.9059059059059059,SMALLEST_LAST,data\processed\initial_graph_coloring_dataset\colpack_outputs_week13_expanded\sherman1_smallest_last.txt
sherman1,274,95,0.9049049049049049,SMALLEST_LAST,data\processed\initial_graph_coloring_dataset\colpack_outputs_week13_expanded\sherman1_smallest_last.txt
sherman1,264,96,0.9039039039039038,SMALLEST_LAST,data\processed\initial_graph_coloring_dataset\colpack_outputs_week13_expanded\sherman1_smallest_last.txt
sherman1,263,97,0.9029029029029029,SMALLEST_LAST,data\processed\initial_graph_coloring_dataset\colpack_outputs_week13_expanded\sherman1_smallest_last.txt
sherman1,363,98,0.9019019019019019,SMALLEST_LAST,data\processed\initial_graph_coloring_dataset\colpack_outputs_week13_expanded\sherman1_smallest_last.txt
sherman1,373,99,0.9009009009009009,SMALLEST_LAST,data\processed\initial_graph_coloring_dataset\colpack_outputs_week13_expanded\sherman1_smallest_last.txt
sherman1,374,100,0.8998998998998999,SMALLEST_LAST,data\processed\initial_graph_coloring_dataset\colpack_outputs_week13_expanded\sherman1_smallest_last.txt
sherman1,364,101,0.8988988988988988,SMALLEST_LAST,data\processed\initial_graph_coloring_dataset\colpack_outputs_week13_expanded\sherman1_smallest_last.txt
sherman1,464,102,0.8978978978978979,SMALLEST_LAST,data\processed\initial_graph_coloring_dataset\colpack_outputs_week13_expanded\sherman1_smallest_last.txt
sherman1,474,103,0.8968968968968969,SMALLEST_LAST,data\processed\initial_graph_coloring_dataset\colpack_outputs_week13_expanded\sherman1_smallest_last.txt
sherman1,473,104,0.8958958958958959,SMALLEST_LAST,data\processed\initial_graph_coloring_dataset\colpack_outputs_week13_expanded\sherman1_smallest_last.txt
sherman1,463,105,0.8948948948948949,SMALLEST_LAST,data\processed\initial_graph_coloring_dataset\colpack_outputs_week13_expanded\sherman1_smallest_last.txt
sherman1,453,106,0.8938938938938938,SMALLEST_LAST,data\processed\initial_graph_coloring_dataset\colpack_outputs_week13_expanded\sherman1_smallest_last.txt
sherman1,353,107,0.8928928928928929,SMALLEST_LAST,data\processed\initial_graph_coloring_dataset\colpack_outputs_week13_expanded\sherman1_smallest_last.txt
sherman1,253,108,0.8918918918918919,SMALLEST_LAST,data\processed\initial_graph_coloring_dataset\colpack_outputs_week13_expanded\sherman1_smallest_last.txt
sherman1,153,109,0.8908908908908909,SMALLEST_LAST,data\processed\initial_graph_coloring_dataset\colpack_outputs_week13_expanded\sherman1_smallest_last.txt
sherman1,163,110,0.8898898898898899,SMALLEST_LAST,data\processed\initial_graph_coloring_dataset\colpack_outputs_week13_expanded\sherman1_smallest_last.txt
sherman1,63,111,0.8888888888888888,SMALLEST_LAST,data\processed\initial_graph_coloring_dataset\colpack_outputs_week13_expanded\sherman1_smallest_last.txt
sherman1,53,112,0.8878878878878879,SMALLEST_LAST,data\processed\initial_graph_coloring_dataset\colpack_outputs_week13_expanded\sherman1_smallest_last.txt
sherman1,52,113,0.8868868868868869,SMALLEST_LAST,data\processed\initial_graph_coloring_dataset\colpack_outputs_week13_expanded\sherman1_smallest_last.txt
sherman1,51,114,0.8858858858858859,SMALLEST_LAST,data\processed\initial_graph_coloring_dataset\colpack_outputs_week13_expanded\sherman1_smallest_last.txt
sherman1,151,115,0.8848848848848849,SMALLEST_LAST,data\processed\initial_graph_coloring_dataset\colpack_outputs_week13_expanded\sherman1_smallest_last.txt
sherman1,252,116,0.8838838838838838,SMALLEST_LAST,data\processed\initial_graph_coloring_dataset\colpack_outputs_week13_expanded\sherman1_smallest_last.txt
sherman1,251,117,0.8828828828828829,SMALLEST_LAST,data\processed\initial_graph_coloring_dataset\colpack_outputs_week13_expanded\sherman1_smallest_last.txt
sherman1,250,118,0.8818818818818819,SMALLEST_LAST,data\processed\initial_graph_coloring_dataset\colpack_outputs_week13_expanded\sherman1_smallest_last.txt
sherman1,350,119,0.8808808808808809,SMALLEST_LAST,data\processed\initial_graph_coloring_dataset\colpack_outputs_week13_expanded\sherman1_smallest_last.txt
sherman1,450,120,0.8798798798798799,SMALLEST_LAST,data\processed\initial_graph_coloring_dataset\colpack_outputs_week13_expanded\sherman1_smallest_last.txt
sherman1,451,121,0.8788788788788788,SMALLEST_LAST,data\processed\initial_graph_coloring_dataset\colpack_outputs_week13_expanded\sherman1_smallest_last.txt
sherman1,452,122,0.8778778778778779,SMALLEST_LAST,data\processed\initial_graph_coloring_dataset\colpack_outputs_week13_expanded\sherman1_smallest_last.txt
sherman1,462,123,0.8768768768768769,SMALLEST_LAST,data\processed\initial_graph_coloring_dataset\colpack_outputs_week13_expanded\sherman1_smallest_last.txt
sherman1,461,124,0.8758758758758759,SMALLEST_LAST,data\processed\initial_graph_coloring_dataset\colpack_outputs_week13_expanded\sherman1_smallest_last.txt
sherman1,460,125,0.8748748748748749,SMALLEST_LAST,data\processed\initial_graph_coloring_dataset\colpack_outputs_week13_expanded\sherman1_smallest_last.txt
sherman1,360,126,0.8738738738738738,SMALLEST_LAST,data\processed\initial_graph_coloring_dataset\colpack_outputs_week13_expanded\sherman1_smallest_last.txt
sherman1,260,127,0.8728728728728729,SMALLEST_LAST,data\processed\initial_graph_coloring_dataset\colpack_outputs_week13_expanded\sherman1_smallest_last.txt
sherman1,262,128,0.8718718718718719,SMALLEST_LAST,data\processed\initial_graph_coloring_dataset\colpack_outputs_week13_expanded\sherman1_smallest_last.txt
sherman1,261,129,0.8708708708708709,SMALLEST_LAST,data\processed\initial_graph_coloring_dataset\colpack_outputs_week13_expanded\sherman1_smallest_last.txt
sherman1,161,130,0.8698698698698699,SMALLEST_LAST,data\processed\initial_graph_coloring_dataset\colpack_outputs_week13_expanded\sherman1_smallest_last.txt
sherman1,61,131,0.8688688688688688,SMALLEST_LAST,data\processed\initial_graph_coloring_dataset\colpack_outputs_week13_expanded\sherman1_smallest_last.txt
sherman1,62,132,0.8678678678678678,SMALLEST_LAST,data\processed\initial_graph_coloring_dataset\colpack_outputs_week13_expanded\sherman1_smallest_last.txt
sherman1,72,133,0.8668668668668669,SMALLEST_LAST,data\processed\initial_graph_coloring_dataset\colpack_outputs_week13_expanded\sherman1_smallest_last.txt
sherman1,71,134,0.8658658658658659,SMALLEST_LAST,data\processed\initial_graph_coloring_dataset\colpack_outputs_week13_expanded\sherman1_smallest_last.txt
sherman1,171,135,0.8648648648648649,SMALLEST_LAST,data\processed\initial_graph_coloring_dataset\colpack_outputs_week13_expanded\sherman1_smallest_last.txt
sherman1,272,136,0.8638638638638638,SMALLEST_LAST,data\processed\initial_graph_coloring_dataset\colpack_outputs_week13_expanded\sherman1_smallest_last.txt
sherman1,271,137,0.8628628628628628,SMALLEST_LAST,data\processed\initial_graph_coloring_dataset\colpack_outputs_week13_expanded\sherman1_smallest_last.txt
sherman1,270,138,0.8618618618618619,SMALLEST_LAST,data\processed\initial_graph_coloring_dataset\colpack_outputs_week13_expanded\sherman1_smallest_last.txt
sherman1,370,139,0.8608608608608609,SMALLEST_LAST,data\processed\initial_graph_coloring_dataset\colpack_outputs_week13_expanded\sherman1_smallest_last.txt
sherman1,470,140,0.8598598598598599,SMALLEST_LAST,data\processed\initial_graph_coloring_dataset\colpack_outputs_week13_expanded\sherman1_smallest_last.txt
sherman1,471,141,0.8588588588588588,SMALLEST_LAST,data\processed\initial_graph_coloring_dataset\colpack_outputs_week13_expanded\sherman1_smallest_last.txt
sherman1,472,142,0.8578578578578578,SMALLEST_LAST,data\processed\initial_graph_coloring_dataset\colpack_outputs_week13_expanded\sherman1_smallest_last.txt
sherman1,372,143,0.8568568568568569,SMALLEST_LAST,data\processed\initial_graph_coloring_dataset\colpack_outputs_week13_expanded\sherman1_smallest_last.txt
sherman1,384,144,0.8558558558558559,SMALLEST_LAST,data\processed\initial_graph_coloring_dataset\colpack_outputs_week13_expanded\sherman1_smallest_last.txt
sherman1,484,145,0.8548548548548549,SMALLEST_LAST,data\processed\initial_graph_coloring_dataset\colpack_outputs_week13_expanded\sherman1_smallest_last.txt
sherman1,483,146,0.8538538538538538,SMALLEST_LAST,data\processed\initial_graph_coloring_dataset\colpack_outputs_week13_expanded\sherman1_smallest_last.txt
sherman1,482,147,0.8528528528528528,SMALLEST_LAST,data\processed\initial_graph_coloring_dataset\colpack_outputs_week13_expanded\sherman1_smallest_last.txt
sherman1,382,148,0.8518518518518519,SMALLEST_LAST,data\processed\initial_graph_coloring_dataset\colpack_outputs_week13_expanded\sherman1_smallest_last.txt
sherman1,282,149,0.8508508508508509,SMALLEST_LAST,data\processed\initial_graph_coloring_dataset\colpack_outputs_week13_expanded\sherman1_smallest_last.txt
sherman1,281,150,0.8498498498498499,SMALLEST_LAST,data\processed\initial_graph_coloring_dataset\colpack_outputs_week13_expanded\sherman1_smallest_last.txt
sherman1,280,151,0.8488488488488488,SMALLEST_LAST,data\processed\initial_graph_coloring_dataset\colpack_outputs_week13_expanded\sherman1_smallest_last.txt
sherman1,380,152,0.8478478478478478,SMALLEST_LAST,data\processed\initial_graph_coloring_dataset\colpack_outputs_week13_expanded\sherman1_smallest_last.txt
sherman1,480,153,0.8468468468468469,SMALLEST_LAST,data\processed\initial_graph_coloring_dataset\colpack_outputs_week13_expanded\sherman1_smallest_last.txt
sherman1,481,154,0.8458458458458459,SMALLEST_LAST,data\processed\initial_graph_coloring_dataset\colpack_outputs_week13_expanded\sherman1_smallest_last.txt
sherman1,581,155,0.8448448448448449,SMALLEST_LAST,data\processed\initial_graph_coloring_dataset\colpack_outputs_week13_expanded\sherman1_smallest_last.txt
sherman1,571,156,0.8438438438438438,SMALLEST_LAST,data\processed\initial_graph_coloring_dataset\colpack_outputs_week13_expanded\sherman1_smallest_last.txt
sherman1,561,157,0.8428428428428428,SMALLEST_LAST,data\processed\initial_graph_coloring_dataset\colpack_outputs_week13_expanded\sherman1_smallest_last.txt
sherman1,551,158,0.8418418418418419,SMALLEST_LAST,data\processed\initial_graph_coloring_dataset\colpack_outputs_week13_expanded\sherman1_smallest_last.txt
sherman1,541,159,0.8408408408408409,SMALLEST_LAST,data\processed\initial_graph_coloring_dataset\colpack_outputs_week13_expanded\sherman1_smallest_last.txt
sherman1,540,160,0.8398398398398398,SMALLEST_LAST,data\processed\initial_graph_coloring_dataset\colpack_outputs_week13_expanded\sherman1_smallest_last.txt
sherman1,550,161,0.8388388388388388,SMALLEST_LAST,data\processed\initial_graph_coloring_dataset\colpack_outputs_week13_expanded\sherman1_smallest_last.txt
sherman1,560,162,0.8378378378378378,SMALLEST_LAST,data\processed\initial_graph_coloring_dataset\colpack_outputs_week13_expanded\sherman1_smallest_last.txt
sherman1,570,163,0.8368368368368369,SMALLEST_LAST,data\processed\initial_graph_coloring_dataset\colpack_outputs_week13_expanded\sherman1_smallest_last.txt
sherman1,580,164,0.8358358358358359,SMALLEST_LAST,data\processed\initial_graph_coloring_dataset\colpack_outputs_week13_expanded\sherman1_smallest_last.txt
sherman1,671,165,0.8348348348348348,SMALLEST_LAST,data\processed\initial_graph_coloring_dataset\colpack_outputs_week13_expanded\sherman1_smallest_last.txt
sherman1,681,166,0.8338338338338338,SMALLEST_LAST,data\processed\initial_graph_coloring_dataset\colpack_outputs_week13_expanded\sherman1_smallest_last.txt
sherman1,680,167,0.8328328328328328,SMALLEST_LAST,data\processed\initial_graph_coloring_dataset\colpack_outputs_week13_expanded\sherman1_smallest_last.txt
sherman1,670,168,0.8318318318318318,SMALLEST_LAST,data\processed\initial_graph_coloring_dataset\colpack_outputs_week13_expanded\sherman1_smallest_last.txt
sherman1,660,169,0.8308308308308309,SMALLEST_LAST,data\processed\initial_graph_coloring_dataset\colpack_outputs_week13_expanded\sherman1_smallest_last.txt
sherman1,661,170,0.8298298298298298,SMALLEST_LAST,data\processed\initial_graph_coloring_dataset\colpack_outputs_week13_expanded\sherman1_smallest_last.txt
sherman1,651,171,0.8288288288288288,SMALLEST_LAST,data\processed\initial_graph_coloring_dataset\colpack_outputs_week13_expanded\sherman1_smallest_last.txt
sherman1,650,172,0.8278278278278278,SMALLEST_LAST,data\processed\initial_graph_coloring_dataset\colpack_outputs_week13_expanded\sherman1_smallest_last.txt
sherman1,640,173,0.8268268268268268,SMALLEST_LAST,data\processed\initial_graph_coloring_dataset\colpack_outputs_week13_expanded\sherman1_smallest_last.txt
sherman1,641,174,0.8258258258258259,SMALLEST_LAST,data\processed\initial_graph_coloring_dataset\colpack_outputs_week13_expanded\sherman1_smallest_last.txt
sherman1,652,175,0.8248248248248248,SMALLEST_LAST,data\processed\initial_graph_coloring_dataset\colpack_outputs_week13_expanded\sherman1_smallest_last.txt
sherman1,642,176,0.8238238238238238,SMALLEST_LAST,data\processed\initial_graph_coloring_dataset\colpack_outputs_week13_expanded\sherman1_smallest_last.txt
sherman1,643,177,0.8228228228228228,SMALLEST_LAST,data\processed\initial_graph_coloring_dataset\colpack_outputs_week13_expanded\sherman1_smallest_last.txt
sherman1,653,178,0.8218218218218218,SMALLEST_LAST,data\processed\initial_graph_coloring_dataset\colpack_outputs_week13_expanded\sherman1_smallest_last.txt
sherman1,454,179,0.8208208208208209,SMALLEST_LAST,data\processed\initial_graph_coloring_dataset\colpack_outputs_week13_expanded\sherman1_smallest_last.txt
sherman1,554,180,0.8198198198198198,SMALLEST_LAST,data\processed\initial_graph_coloring_dataset\colpack_outputs_week13_expanded\sherman1_smallest_last.txt
sherman1,654,181,0.8188188188188188,SMALLEST_LAST,data\processed\initial_graph_coloring_dataset\colpack_outputs_week13_expanded\sherman1_smallest_last.txt
sherman1,644,182,0.8178178178178178,SMALLEST_LAST,data\processed\initial_graph_coloring_dataset\colpack_outputs_week13_expanded\sherman1_smallest_last.txt
sherman1,544,183,0.8168168168168168,SMALLEST_LAST,data\processed\initial_graph_coloring_dataset\colpack_outputs_week13_expanded\sherman1_smallest_last.txt
sherman1,444,184,0.8158158158158159,SMALLEST_LAST,data\processed\initial_graph_coloring_dataset\colpack_outputs_week13_expanded\sherman1_smallest_last.txt
sherman1,434,185,0.8148148148148148,SMALLEST_LAST,data\processed\initial_graph_coloring_dataset\colpack_outputs_week13_expanded\sherman1_smallest_last.txt
sherman1,534,186,0.8138138138138138,SMALLEST_LAST,data\processed\initial_graph_coloring_dataset\colpack_outputs_week13_expanded\sherman1_smallest_last.txt
sherman1,531,187,0.8128128128128128,SMALLEST_LAST,data\processed\initial_graph_coloring_dataset\colpack_outputs_week13_expanded\sherman1_smallest_last.txt
sherman1,631,188,0.8118118118118118,SMALLEST_LAST,data\processed\initial_graph_coloring_dataset\colpack_outputs_week13_expanded\sherman1_smallest_last.txt
sherman1,632,189,0.8108108108108109,SMALLEST_LAST,data\processed\initial_graph_coloring_dataset\colpack_outputs_week13_expanded\sherman1_smallest_last.txt
sherman1,633,190,0.8098098098098098,SMALLEST_LAST,data\processed\initial_graph_coloring_dataset\colpack_outputs_week13_expanded\sherman1_smallest_last.txt
sherman1,634,191,0.8088088088088088,SMALLEST_LAST,data\processed\initial_graph_coloring_dataset\colpack_outputs_week13_expanded\sherman1_smallest_last.txt
sherman1,635,192,0.8078078078078078,SMALLEST_LAST,data\processed\initial_graph_coloring_dataset\colpack_outputs_week13_expanded\sherman1_smallest_last.txt
sherman1,645,193,0.8068068068068068,SMALLEST_LAST,data\processed\initial_graph_coloring_dataset\colpack_outputs_week13_expanded\sherman1_smallest_last.txt
sherman1,646,194,0.8058058058058059,SMALLEST_LAST,data\processed\initial_graph_coloring_dataset\colpack_outputs_week13_expanded\sherman1_smallest_last.txt
sherman1,636,195,0.8048048048048048,SMALLEST_LAST,data\processed\initial_graph_coloring_dataset\colpack_outputs_week13_expanded\sherman1_smallest_last.txt
sherman1,637,196,0.8038038038038038,SMALLEST_LAST,data\processed\initial_graph_coloring_dataset\colpack_outputs_week13_expanded\sherman1_smallest_last.txt
sherman1,638,197,0.8028028028028028,SMALLEST_LAST,data\processed\initial_graph_coloring_dataset\colpack_outputs_week13_expanded\sherman1_smallest_last.txt
sherman1,639,198,0.8018018018018018,SMALLEST_LAST,data\processed\initial_graph_coloring_dataset\colpack_outputs_week13_expanded\sherman1_smallest_last.txt
sherman1,739,199,0.8008008008008008,SMALLEST_LAST,data\processed\initial_graph_coloring_dataset\colpack_outputs_week13_expanded\sherman1_smallest_last.txt
sherman1,839,200,0.7997997997997998,SMALLEST_LAST,data\processed\initial_graph_coloring_dataset\colpack_outputs_week13_expanded\sherman1_smallest_last.txt
sherman1,829,201,0.7987987987987988,SMALLEST_LAST,data\processed\initial_graph_coloring_dataset\colpack_outputs_week13_expanded\sherman1_smallest_last.txt
sherman1,729,202,0.7977977977977978,SMALLEST_LAST,data\processed\initial_graph_coloring_dataset\colpack_outputs_week13_expanded\sherman1_smallest_last.txt
sherman1,629,203,0.7967967967967968,SMALLEST_LAST,data\processed\initial_graph_coloring_dataset\colpack_outputs_week13_expanded\sherman1_smallest_last.txt
sherman1,628,204,0.7957957957957958,SMALLEST_LAST,data\processed\initial_graph_coloring_dataset\colpack_outputs_week13_expanded\sherman1_smallest_last.txt
sherman1,627,205,0.7947947947947948,SMALLEST_LAST,data\processed\initial_graph_coloring_dataset\colpack_outputs_week13_expanded\sherman1_smallest_last.txt
sherman1,626,206,0.7937937937937938,SMALLEST_LAST,data\processed\initial_graph_coloring_dataset\colpack_outputs_week13_expanded\sherman1_smallest_last.txt
sherman1,625,207,0.7927927927927928,SMALLEST_LAST,data\processed\initial_graph_coloring_dataset\colpack_outputs_week13_expanded\sherman1_smallest_last.txt
sherman1,624,208,0.7917917917917918,SMALLEST_LAST,data\processed\initial_graph_coloring_dataset\colpack_outputs_week13_expanded\sherman1_smallest_last.txt
sherman1,623,209,0.7907907907907908,SMALLEST_LAST,data\processed\initial_graph_coloring_dataset\colpack_outputs_week13_expanded\sherman1_smallest_last.txt
sherman1,622,210,0.7897897897897898,SMALLEST_LAST,data\processed\initial_graph_coloring_dataset\colpack_outputs_week13_expanded\sherman1_smallest_last.txt
sherman1,621,211,0.7887887887887888,SMALLEST_LAST,data\processed\initial_graph_coloring_dataset\colpack_outputs_week13_expanded\sherman1_smallest_last.txt
sherman1,521,212,0.7877877877877878,SMALLEST_LAST,data\processed\initial_graph_coloring_dataset\colpack_outputs_week13_expanded\sherman1_smallest_last.txt
sherman1,421,213,0.7867867867867868,SMALLEST_LAST,data\processed\initial_graph_coloring_dataset\colpack_outputs_week13_expanded\sherman1_smallest_last.txt
sherman1,422,214,0.7857857857857858,SMALLEST_LAST,data\processed\initial_graph_coloring_dataset\colpack_outputs_week13_expanded\sherman1_smallest_last.txt
sherman1,524,215,0.7847847847847848,SMALLEST_LAST,data\processed\initial_graph_coloring_dataset\colpack_outputs_week13_expanded\sherman1_smallest_last.txt
sherman1,424,216,0.7837837837837838,SMALLEST_LAST,data\processed\initial_graph_coloring_dataset\colpack_outputs_week13_expanded\sherman1_smallest_last.txt
sherman1,423,217,0.7827827827827828,SMALLEST_LAST,data\processed\initial_graph_coloring_dataset\colpack_outputs_week13_expanded\sherman1_smallest_last.txt
sherman1,323,218,0.7817817817817818,SMALLEST_LAST,data\processed\initial_graph_coloring_dataset\colpack_outputs_week13_expanded\sherman1_smallest_last.txt
sherman1,313,219,0.7807807807807807,SMALLEST_LAST,data\processed\initial_graph_coloring_dataset\colpack_outputs_week13_expanded\sherman1_smallest_last.txt
sherman1,413,220,0.7797797797797797,SMALLEST_LAST,data\processed\initial_graph_coloring_dataset\colpack_outputs_week13_expanded\sherman1_smallest_last.txt
sherman1,414,221,0.7787787787787788,SMALLEST_LAST,data\processed\initial_graph_coloring_dataset\colpack_outputs_week13_expanded\sherman1_smallest_last.txt
sherman1,514,222,0.7777777777777778,SMALLEST_LAST,data\processed\initial_graph_coloring_dataset\colpack_outputs_week13_expanded\sherman1_smallest_last.txt
sherman1,614,223,0.7767767767767768,SMALLEST_LAST,data\processed\initial_graph_coloring_dataset\colpack_outputs_week13_expanded\sherman1_smallest_last.txt
sherman1,615,224,0.7757757757757757,SMALLEST_LAST,data\processed\initial_graph_coloring_dataset\colpack_outputs_week13_expanded\sherman1_smallest_last.txt
sherman1,616,225,0.7747747747747747,SMALLEST_LAST,data\processed\initial_graph_coloring_dataset\colpack_outputs_week13_expanded\sherman1_smallest_last.txt
sherman1,617,226,0.7737737737737738,SMALLEST_LAST,data\processed\initial_graph_coloring_dataset\colpack_outputs_week13_expanded\sherman1_smallest_last.txt
sherman1,618,227,0.7727727727727728,SMALLEST_LAST,data\processed\initial_graph_coloring_dataset\colpack_outputs_week13_expanded\sherman1_smallest_last.txt
sherman1,619,228,0.7717717717717718,SMALLEST_LAST,data\processed\initial_graph_coloring_dataset\colpack_outputs_week13_expanded\sherman1_smallest_last.txt
sherman1,719,229,0.7707707707707707,SMALLEST_LAST,data\processed\initial_graph_coloring_dataset\colpack_outputs_week13_expanded\sherman1_smallest_last.txt
sherman1,819,230,0.7697697697697697,SMALLEST_LAST,data\processed\initial_graph_coloring_dataset\colpack_outputs_week13_expanded\sherman1_smallest_last.txt
sherman1,809,231,0.7687687687687688,SMALLEST_LAST,data\processed\initial_graph_coloring_dataset\colpack_outputs_week13_expanded\sherman1_smallest_last.txt
sherman1,709,232,0.7677677677677678,SMALLEST_LAST,data\processed\initial_graph_coloring_dataset\colpack_outputs_week13_expanded\sherman1_smallest_last.txt
sherman1,609,233,0.7667667667667668,SMALLEST_LAST,data\processed\initial_graph_coloring_dataset\colpack_outputs_week13_expanded\sherman1_smallest_last.txt
sherman1,608,234,0.7657657657657657,SMALLEST_LAST,data\processed\initial_graph_coloring_dataset\colpack_outputs_week13_expanded\sherman1_smallest_last.txt
sherman1,607,235,0.7647647647647647,SMALLEST_LAST,data\processed\initial_graph_coloring_dataset\colpack_outputs_week13_expanded\sherman1_smallest_last.txt
sherman1,606,236,0.7637637637637638,SMALLEST_LAST,data\processed\initial_graph_coloring_dataset\colpack_outputs_week13_expanded\sherman1_smallest_last.txt
sherman1,605,237,0.7627627627627628,SMALLEST_LAST,data\processed\initial_graph_coloring_dataset\colpack_outputs_week13_expanded\sherman1_smallest_last.txt
sherman1,604,238,0.7617617617617618,SMALLEST_LAST,data\processed\initial_graph_coloring_dataset\colpack_outputs_week13_expanded\sherman1_smallest_last.txt
sherman1,504,239,0.7607607607607607,SMALLEST_LAST,data\processed\initial_graph_coloring_dataset\colpack_outputs_week13_expanded\sherman1_smallest_last.txt
sherman1,404,240,0.7597597597597597,SMALLEST_LAST,data\processed\initial_graph_coloring_dataset\colpack_outputs_week13_expanded\sherman1_smallest_last.txt
sherman1,405,241,0.7587587587587588,SMALLEST_LAST,data\processed\initial_graph_coloring_dataset\colpack_outputs_week13_expanded\sherman1_smallest_last.txt
sherman1,406,242,0.7577577577577578,SMALLEST_LAST,data\processed\initial_graph_coloring_dataset\colpack_outputs_week13_expanded\sherman1_smallest_last.txt
sherman1,407,243,0.7567567567567568,SMALLEST_LAST,data\processed\initial_graph_coloring_dataset\colpack_outputs_week13_expanded\sherman1_smallest_last.txt
sherman1,408,244,0.7557557557557557,SMALLEST_LAST,data\processed\initial_graph_coloring_dataset\colpack_outputs_week13_expanded\sherman1_smallest_last.txt
sherman1,508,245,0.7547547547547547,SMALLEST_LAST,data\processed\initial_graph_coloring_dataset\colpack_outputs_week13_expanded\sherman1_smallest_last.txt
sherman1,518,246,0.7537537537537538,SMALLEST_LAST,data\processed\initial_graph_coloring_dataset\colpack_outputs_week13_expanded\sherman1_smallest_last.txt
sherman1,418,247,0.7527527527527528,SMALLEST_LAST,data\processed\initial_graph_coloring_dataset\colpack_outputs_week13_expanded\sherman1_smallest_last.txt
sherman1,417,248,0.7517517517517518,SMALLEST_LAST,data\processed\initial_graph_coloring_dataset\colpack_outputs_week13_expanded\sherman1_smallest_last.txt
sherman1,416,249,0.7507507507507507,SMALLEST_LAST,data\processed\initial_graph_coloring_dataset\colpack_outputs_week13_expanded\sherman1_smallest_last.txt
sherman1,415,250,0.7497497497497497,SMALLEST_LAST,data\processed\initial_graph_coloring_dataset\colpack_outputs_week13_expanded\sherman1_smallest_last.txt
sherman1,425,251,0.7487487487487487,SMALLEST_LAST,data\processed\initial_graph_coloring_dataset\colpack_outputs_week13_expanded\sherman1_smallest_last.txt
sherman1,426,252,0.7477477477477478,SMALLEST_LAST,data\processed\initial_graph_coloring_dataset\colpack_outputs_week13_expanded\sherman1_smallest_last.txt
sherman1,427,253,0.7467467467467468,SMALLEST_LAST,data\processed\initial_graph_coloring_dataset\colpack_outputs_week13_expanded\sherman1_smallest_last.txt
sherman1,428,254,0.7457457457457457,SMALLEST_LAST,data\processed\initial_graph_coloring_dataset\colpack_outputs_week13_expanded\sherman1_smallest_last.txt
sherman1,528,255,0.7447447447447447,SMALLEST_LAST,data\processed\initial_graph_coloring_dataset\colpack_outputs_week13_expanded\sherman1_smallest_last.txt
sherman1,538,256,0.7437437437437437,SMALLEST_LAST,data\processed\initial_graph_coloring_dataset\colpack_outputs_week13_expanded\sherman1_smallest_last.txt
sherman1,438,257,0.7427427427427428,SMALLEST_LAST,data\processed\initial_graph_coloring_dataset\colpack_outputs_week13_expanded\sherman1_smallest_last.txt
sherman1,437,258,0.7417417417417418,SMALLEST_LAST,data\processed\initial_graph_coloring_dataset\colpack_outputs_week13_expanded\sherman1_smallest_last.txt
sherman1,526,259,0.7407407407407407,SMALLEST_LAST,data\processed\initial_graph_coloring_dataset\colpack_outputs_week13_expanded\sherman1_smallest_last.txt
sherman1,536,260,0.7397397397397397,SMALLEST_LAST,data\processed\initial_graph_coloring_dataset\colpack_outputs_week13_expanded\sherman1_smallest_last.txt
sherman1,436,261,0.7387387387387387,SMALLEST_LAST,data\processed\initial_graph_coloring_dataset\colpack_outputs_week13_expanded\sherman1_smallest_last.txt
sherman1,435,262,0.7377377377377378,SMALLEST_LAST,data\processed\initial_graph_coloring_dataset\colpack_outputs_week13_expanded\sherman1_smallest_last.txt
sherman1,445,263,0.7367367367367368,SMALLEST_LAST,data\processed\initial_graph_coloring_dataset\colpack_outputs_week13_expanded\sherman1_smallest_last.txt
sherman1,546,264,0.7357357357357357,SMALLEST_LAST,data\processed\initial_graph_coloring_dataset\colpack_outputs_week13_expanded\sherman1_smallest_last.txt
sherman1,446,265,0.7347347347347347,SMALLEST_LAST,data\processed\initial_graph_coloring_dataset\colpack_outputs_week13_expanded\sherman1_smallest_last.txt
sherman1,447,266,0.7337337337337337,SMALLEST_LAST,data\processed\initial_graph_coloring_dataset\colpack_outputs_week13_expanded\sherman1_smallest_last.txt
sherman1,448,267,0.7327327327327328,SMALLEST_LAST,data\processed\initial_graph_coloring_dataset\colpack_outputs_week13_expanded\sherman1_smallest_last.txt
sherman1,455,268,0.7317317317317318,SMALLEST_LAST,data\processed\initial_graph_coloring_dataset\colpack_outputs_week13_expanded\sherman1_smallest_last.txt
sherman1,456,269,0.7307307307307307,SMALLEST_LAST,data\processed\initial_graph_coloring_dataset\colpack_outputs_week13_expanded\sherman1_smallest_last.txt
sherman1,457,270,0.7297297297297297,SMALLEST_LAST,data\processed\initial_graph_coloring_dataset\colpack_outputs_week13_expanded\sherman1_smallest_last.txt
sherman1,458,271,0.7287287287287287,SMALLEST_LAST,data\processed\initial_graph_coloring_dataset\colpack_outputs_week13_expanded\sherman1_smallest_last.txt
sherman1,465,272,0.7277277277277278,SMALLEST_LAST,data\processed\initial_graph_coloring_dataset\colpack_outputs_week13_expanded\sherman1_smallest_last.txt
sherman1,466,273,0.7267267267267268,SMALLEST_LAST,data\processed\initial_graph_coloring_dataset\colpack_outputs_week13_expanded\sherman1_smallest_last.txt
sherman1,467,274,0.7257257257257257,SMALLEST_LAST,data\processed\initial_graph_coloring_dataset\colpack_outputs_week13_expanded\sherman1_smallest_last.txt
sherman1,468,275,0.7247247247247247,SMALLEST_LAST,data\processed\initial_graph_coloring_dataset\colpack_outputs_week13_expanded\sherman1_smallest_last.txt
sherman1,469,276,0.7237237237237237,SMALLEST_LAST,data\processed\initial_graph_coloring_dataset\colpack_outputs_week13_expanded\sherman1_smallest_last.txt
sherman1,459,277,0.7227227227227228,SMALLEST_LAST,data\processed\initial_graph_coloring_dataset\colpack_outputs_week13_expanded\sherman1_smallest_last.txt
sherman1,559,278,0.7217217217217218,SMALLEST_LAST,data\processed\initial_graph_coloring_dataset\colpack_outputs_week13_expanded\sherman1_smallest_last.txt
sherman1,569,279,0.7207207207207207,SMALLEST_LAST,data\processed\initial_graph_coloring_dataset\colpack_outputs_week13_expanded\sherman1_smallest_last.txt
sherman1,669,280,0.7197197197197197,SMALLEST_LAST,data\processed\initial_graph_coloring_dataset\colpack_outputs_week13_expanded\sherman1_smallest_last.txt
sherman1,668,281,0.7187187187187187,SMALLEST_LAST,data\processed\initial_graph_coloring_dataset\colpack_outputs_week13_expanded\sherman1_smallest_last.txt
sherman1,667,282,0.7177177177177178,SMALLEST_LAST,data\processed\initial_graph_coloring_dataset\colpack_outputs_week13_expanded\sherman1_smallest_last.txt
sherman1,475,283,0.7167167167167167,SMALLEST_LAST,data\processed\initial_graph_coloring_dataset\colpack_outputs_week13_expanded\sherman1_smallest_last.txt
sherman1,476,284,0.7157157157157157,SMALLEST_LAST,data\processed\initial_graph_coloring_dataset\colpack_outputs_week13_expanded\sherman1_smallest_last.txt
sherman1,477,285,0.7147147147147147,SMALLEST_LAST,data\processed\initial_graph_coloring_dataset\colpack_outputs_week13_expanded\sherman1_smallest_last.txt
sherman1,478,286,0.7137137137137137,SMALLEST_LAST,data\processed\initial_graph_coloring_dataset\colpack_outputs_week13_expanded\sherman1_smallest_last.txt
sherman1,479,287,0.7127127127127127,SMALLEST_LAST,data\processed\initial_graph_coloring_dataset\colpack_outputs_week13_expanded\sherman1_smallest_last.txt
sherman1,579,288,0.7117117117117117,SMALLEST_LAST,data\processed\initial_graph_coloring_dataset\colpack_outputs_week13_expanded\sherman1_smallest_last.txt
sherman1,679,289,0.7107107107107107,SMALLEST_LAST,data\processed\initial_graph_coloring_dataset\colpack_outputs_week13_expanded\sherman1_smallest_last.txt
sherman1,678,290,0.7097097097097097,SMALLEST_LAST,data\processed\initial_graph_coloring_dataset\colpack_outputs_week13_expanded\sherman1_smallest_last.txt
sherman1,677,291,0.7087087087087087,SMALLEST_LAST,data\processed\initial_graph_coloring_dataset\colpack_outputs_week13_expanded\sherman1_smallest_last.txt
sherman1,485,292,0.7077077077077077,SMALLEST_LAST,data\processed\initial_graph_coloring_dataset\colpack_outputs_week13_expanded\sherman1_smallest_last.txt
sherman1,486,293,0.7067067067067067,SMALLEST_LAST,data\processed\initial_graph_coloring_dataset\colpack_outputs_week13_expanded\sherman1_smallest_last.txt
sherman1,487,294,0.7057057057057057,SMALLEST_LAST,data\processed\initial_graph_coloring_dataset\colpack_outputs_week13_expanded\sherman1_smallest_last.txt
sherman1,488,295,0.7047047047047047,SMALLEST_LAST,data\processed\initial_graph_coloring_dataset\colpack_outputs_week13_expanded\sherman1_smallest_last.txt
sherman1,489,296,0.7037037037037037,SMALLEST_LAST,data\processed\initial_graph_coloring_dataset\colpack_outputs_week13_expanded\sherman1_smallest_last.txt
sherman1,589,297,0.7027027027027027,SMALLEST_LAST,data\processed\initial_graph_coloring_dataset\colpack_outputs_week13_expanded\sherman1_smallest_last.txt
sherman1,689,298,0.7017017017017017,SMALLEST_LAST,data\processed\initial_graph_coloring_dataset\colpack_outputs_week13_expanded\sherman1_smallest_last.txt
sherman1,688,299,0.7007007007007007,SMALLEST_LAST,data\processed\initial_graph_coloring_dataset\colpack_outputs_week13_expanded\sherman1_smallest_last.txt
sherman1,687,300,0.6996996996996997,SMALLEST_LAST,data\processed\initial_graph_coloring_dataset\colpack_outputs_week13_expanded\sherman1_smallest_last.txt
sherman1,767,301,0.6986986986986987,SMALLEST_LAST,data\processed\initial_graph_coloring_dataset\colpack_outputs_week13_expanded\sherman1_smallest_last.txt
sherman1,777,302,0.6976976976976977,SMALLEST_LAST,data\processed\initial_graph_coloring_dataset\colpack_outputs_week13_expanded\sherman1_smallest_last.txt
sherman1,787,303,0.6966966966966966,SMALLEST_LAST,data\processed\initial_graph_coloring_dataset\colpack_outputs_week13_expanded\sherman1_smallest_last.txt
sherman1,867,304,0.6956956956956957,SMALLEST_LAST,data\processed\initial_graph_coloring_dataset\colpack_outputs_week13_expanded\sherman1_smallest_last.txt
sherman1,877,305,0.6946946946946947,SMALLEST_LAST,data\processed\initial_graph_coloring_dataset\colpack_outputs_week13_expanded\sherman1_smallest_last.txt
sherman1,887,306,0.6936936936936937,SMALLEST_LAST,data\processed\initial_graph_coloring_dataset\colpack_outputs_week13_expanded\sherman1_smallest_last.txt
sherman1,876,307,0.6926926926926927,SMALLEST_LAST,data\processed\initial_graph_coloring_dataset\colpack_outputs_week13_expanded\sherman1_smallest_last.txt
sherman1,886,308,0.6916916916916916,SMALLEST_LAST,data\processed\initial_graph_coloring_dataset\colpack_outputs_week13_expanded\sherman1_smallest_last.txt
sherman1,885,309,0.6906906906906907,SMALLEST_LAST,data\processed\initial_graph_coloring_dataset\colpack_outputs_week13_expanded\sherman1_smallest_last.txt
sherman1,875,310,0.6896896896896897,SMALLEST_LAST,data\processed\initial_graph_coloring_dataset\colpack_outputs_week13_expanded\sherman1_smallest_last.txt
sherman1,874,311,0.6886886886886887,SMALLEST_LAST,data\processed\initial_graph_coloring_dataset\colpack_outputs_week13_expanded\sherman1_smallest_last.txt
sherman1,884,312,0.6876876876876877,SMALLEST_LAST,data\processed\initial_graph_coloring_dataset\colpack_outputs_week13_expanded\sherman1_smallest_last.txt
sherman1,883,313,0.6866866866866866,SMALLEST_LAST,data\processed\initial_graph_coloring_dataset\colpack_outputs_week13_expanded\sherman1_smallest_last.txt
sherman1,873,314,0.6856856856856857,SMALLEST_LAST,data\processed\initial_graph_coloring_dataset\colpack_outputs_week13_expanded\sherman1_smallest_last.txt
sherman1,872,315,0.6846846846846847,SMALLEST_LAST,data\processed\initial_graph_coloring_dataset\colpack_outputs_week13_expanded\sherman1_smallest_last.txt
sherman1,882,316,0.6836836836836837,SMALLEST_LAST,data\processed\initial_graph_coloring_dataset\colpack_outputs_week13_expanded\sherman1_smallest_last.txt
sherman1,781,317,0.6826826826826827,SMALLEST_LAST,data\processed\initial_graph_coloring_dataset\colpack_outputs_week13_expanded\sherman1_smallest_last.txt
sherman1,881,318,0.6816816816816816,SMALLEST_LAST,data\processed\initial_graph_coloring_dataset\colpack_outputs_week13_expanded\sherman1_smallest_last.txt
sherman1,871,319,0.6806806806806807,SMALLEST_LAST,data\processed\initial_graph_coloring_dataset\colpack_outputs_week13_expanded\sherman1_smallest_last.txt
sherman1,771,320,0.6796796796796797,SMALLEST_LAST,data\processed\initial_graph_coloring_dataset\colpack_outputs_week13_expanded\sherman1_smallest_last.txt
sherman1,761,321,0.6786786786786787,SMALLEST_LAST,data\processed\initial_graph_coloring_dataset\colpack_outputs_week13_expanded\sherman1_smallest_last.txt
sherman1,861,322,0.6776776776776777,SMALLEST_LAST,data\processed\initial_graph_coloring_dataset\colpack_outputs_week13_expanded\sherman1_smallest_last.txt
sherman1,862,323,0.6766766766766766,SMALLEST_LAST,data\processed\initial_graph_coloring_dataset\colpack_outputs_week13_expanded\sherman1_smallest_last.txt
sherman1,863,324,0.6756756756756757,SMALLEST_LAST,data\processed\initial_graph_coloring_dataset\colpack_outputs_week13_expanded\sherman1_smallest_last.txt
sherman1,864,325,0.6746746746746747,SMALLEST_LAST,data\processed\initial_graph_coloring_dataset\colpack_outputs_week13_expanded\sherman1_smallest_last.txt
sherman1,865,326,0.6736736736736737,SMALLEST_LAST,data\processed\initial_graph_coloring_dataset\colpack_outputs_week13_expanded\sherman1_smallest_last.txt
sherman1,866,327,0.6726726726726727,SMALLEST_LAST,data\processed\initial_graph_coloring_dataset\colpack_outputs_week13_expanded\sherman1_smallest_last.txt
sherman1,856,328,0.6716716716716716,SMALLEST_LAST,data\processed\initial_graph_coloring_dataset\colpack_outputs_week13_expanded\sherman1_smallest_last.txt
sherman1,855,329,0.6706706706706707,SMALLEST_LAST,data\processed\initial_graph_coloring_dataset\colpack_outputs_week13_expanded\sherman1_smallest_last.txt
sherman1,854,330,0.6696696696696697,SMALLEST_LAST,data\processed\initial_graph_coloring_dataset\colpack_outputs_week13_expanded\sherman1_smallest_last.txt
sherman1,853,331,0.6686686686686687,SMALLEST_LAST,data\processed\initial_graph_coloring_dataset\colpack_outputs_week13_expanded\sherman1_smallest_last.txt
sherman1,852,332,0.6676676676676677,SMALLEST_LAST,data\processed\initial_graph_coloring_dataset\colpack_outputs_week13_expanded\sherman1_smallest_last.txt
sherman1,851,333,0.6666666666666666,SMALLEST_LAST,data\processed\initial_graph_coloring_dataset\colpack_outputs_week13_expanded\sherman1_smallest_last.txt
sherman1,751,334,0.6656656656656657,SMALLEST_LAST,data\processed\initial_graph_coloring_dataset\colpack_outputs_week13_expanded\sherman1_smallest_last.txt
sherman1,741,335,0.6646646646646647,SMALLEST_LAST,data\processed\initial_graph_coloring_dataset\colpack_outputs_week13_expanded\sherman1_smallest_last.txt
sherman1,841,336,0.6636636636636637,SMALLEST_LAST,data\processed\initial_graph_coloring_dataset\colpack_outputs_week13_expanded\sherman1_smallest_last.txt
sherman1,842,337,0.6626626626626627,SMALLEST_LAST,data\processed\initial_graph_coloring_dataset\colpack_outputs_week13_expanded\sherman1_smallest_last.txt
sherman1,843,338,0.6616616616616616,SMALLEST_LAST,data\processed\initial_graph_coloring_dataset\colpack_outputs_week13_expanded\sherman1_smallest_last.txt
sherman1,844,339,0.6606606606606606,SMALLEST_LAST,data\processed\initial_graph_coloring_dataset\colpack_outputs_week13_expanded\sherman1_smallest_last.txt
sherman1,845,340,0.6596596596596597,SMALLEST_LAST,data\processed\initial_graph_coloring_dataset\colpack_outputs_week13_expanded\sherman1_smallest_last.txt
sherman1,846,341,0.6586586586586587,SMALLEST_LAST,data\processed\initial_graph_coloring_dataset\colpack_outputs_week13_expanded\sherman1_smallest_last.txt
sherman1,836,342,0.6576576576576577,SMALLEST_LAST,data\processed\initial_graph_coloring_dataset\colpack_outputs_week13_expanded\sherman1_smallest_last.txt
sherman1,835,343,0.6566566566566566,SMALLEST_LAST,data\processed\initial_graph_coloring_dataset\colpack_outputs_week13_expanded\sherman1_smallest_last.txt
sherman1,834,344,0.6556556556556556,SMALLEST_LAST,data\processed\initial_graph_coloring_dataset\colpack_outputs_week13_expanded\sherman1_smallest_last.txt
sherman1,833,345,0.6546546546546547,SMALLEST_LAST,data\processed\initial_graph_coloring_dataset\colpack_outputs_week13_expanded\sherman1_smallest_last.txt
sherman1,832,346,0.6536536536536537,SMALLEST_LAST,data\processed\initial_graph_coloring_dataset\colpack_outputs_week13_expanded\sherman1_smallest_last.txt
sherman1,831,347,0.6526526526526526,SMALLEST_LAST,data\processed\initial_graph_coloring_dataset\colpack_outputs_week13_expanded\sherman1_smallest_last.txt
sherman1,731,348,0.6516516516516516,SMALLEST_LAST,data\processed\initial_graph_coloring_dataset\colpack_outputs_week13_expanded\sherman1_smallest_last.txt
sherman1,721,349,0.6506506506506506,SMALLEST_LAST,data\processed\initial_graph_coloring_dataset\colpack_outputs_week13_expanded\sherman1_smallest_last.txt
sherman1,821,350,0.6496496496496497,SMALLEST_LAST,data\processed\initial_graph_coloring_dataset\colpack_outputs_week13_expanded\sherman1_smallest_last.txt
sherman1,822,351,0.6486486486486487,SMALLEST_LAST,data\processed\initial_graph_coloring_dataset\colpack_outputs_week13_expanded\sherman1_smallest_last.txt
sherman1,823,352,0.6476476476476476,SMALLEST_LAST,data\processed\initial_graph_coloring_dataset\colpack_outputs_week13_expanded\sherman1_smallest_last.txt
sherman1,824,353,0.6466466466466466,SMALLEST_LAST,data\processed\initial_graph_coloring_dataset\colpack_outputs_week13_expanded\sherman1_smallest_last.txt
sherman1,825,354,0.6456456456456456,SMALLEST_LAST,data\processed\initial_graph_coloring_dataset\colpack_outputs_week13_expanded\sherman1_smallest_last.txt
sherman1,826,355,0.6446446446446447,SMALLEST_LAST,data\processed\initial_graph_coloring_dataset\colpack_outputs_week13_expanded\sherman1_smallest_last.txt
sherman1,816,356,0.6436436436436437,SMALLEST_LAST,data\processed\initial_graph_coloring_dataset\colpack_outputs_week13_expanded\sherman1_smallest_last.txt
sherman1,806,357,0.6426426426426426,SMALLEST_LAST,data\processed\initial_graph_coloring_dataset\colpack_outputs_week13_expanded\sherman1_smallest_last.txt
sherman1,815,358,0.6416416416416416,SMALLEST_LAST,data\processed\initial_graph_coloring_dataset\colpack_outputs_week13_expanded\sherman1_smallest_last.txt
sherman1,805,359,0.6406406406406406,SMALLEST_LAST,data\processed\initial_graph_coloring_dataset\colpack_outputs_week13_expanded\sherman1_smallest_last.txt
sherman1,705,360,0.6396396396396397,SMALLEST_LAST,data\processed\initial_graph_coloring_dataset\colpack_outputs_week13_expanded\sherman1_smallest_last.txt
sherman1,715,361,0.6386386386386387,SMALLEST_LAST,data\processed\initial_graph_coloring_dataset\colpack_outputs_week13_expanded\sherman1_smallest_last.txt
sherman1,725,362,0.6376376376376376,SMALLEST_LAST,data\processed\initial_graph_coloring_dataset\colpack_outputs_week13_expanded\sherman1_smallest_last.txt
sherman1,735,363,0.6366366366366366,SMALLEST_LAST,data\processed\initial_graph_coloring_dataset\colpack_outputs_week13_expanded\sherman1_smallest_last.txt
sherman1,745,364,0.6356356356356356,SMALLEST_LAST,data\processed\initial_graph_coloring_dataset\colpack_outputs_week13_expanded\sherman1_smallest_last.txt
sherman1,755,365,0.6346346346346347,SMALLEST_LAST,data\processed\initial_graph_coloring_dataset\colpack_outputs_week13_expanded\sherman1_smallest_last.txt
sherman1,655,366,0.6336336336336337,SMALLEST_LAST,data\processed\initial_graph_coloring_dataset\colpack_outputs_week13_expanded\sherman1_smallest_last.txt
sherman1,656,367,0.6326326326326326,SMALLEST_LAST,data\processed\initial_graph_coloring_dataset\colpack_outputs_week13_expanded\sherman1_smallest_last.txt
sherman1,666,368,0.6316316316316316,SMALLEST_LAST,data\processed\initial_graph_coloring_dataset\colpack_outputs_week13_expanded\sherman1_smallest_last.txt
sherman1,765,369,0.6306306306306306,SMALLEST_LAST,data\processed\initial_graph_coloring_dataset\colpack_outputs_week13_expanded\sherman1_smallest_last.txt
sherman1,665,370,0.6296296296296297,SMALLEST_LAST,data\processed\initial_graph_coloring_dataset\colpack_outputs_week13_expanded\sherman1_smallest_last.txt
sherman1,664,371,0.6286286286286287,SMALLEST_LAST,data\processed\initial_graph_coloring_dataset\colpack_outputs_week13_expanded\sherman1_smallest_last.txt
sherman1,663,372,0.6276276276276276,SMALLEST_LAST,data\processed\initial_graph_coloring_dataset\colpack_outputs_week13_expanded\sherman1_smallest_last.txt
sherman1,662,373,0.6266266266266266,SMALLEST_LAST,data\processed\initial_graph_coloring_dataset\colpack_outputs_week13_expanded\sherman1_smallest_last.txt
sherman1,672,374,0.6256256256256256,SMALLEST_LAST,data\processed\initial_graph_coloring_dataset\colpack_outputs_week13_expanded\sherman1_smallest_last.txt
sherman1,673,375,0.6246246246246246,SMALLEST_LAST,data\processed\initial_graph_coloring_dataset\colpack_outputs_week13_expanded\sherman1_smallest_last.txt
sherman1,674,376,0.6236236236236237,SMALLEST_LAST,data\processed\initial_graph_coloring_dataset\colpack_outputs_week13_expanded\sherman1_smallest_last.txt
sherman1,775,377,0.6226226226226226,SMALLEST_LAST,data\processed\initial_graph_coloring_dataset\colpack_outputs_week13_expanded\sherman1_smallest_last.txt
sherman1,675,378,0.6216216216216216,SMALLEST_LAST,data\processed\initial_graph_coloring_dataset\colpack_outputs_week13_expanded\sherman1_smallest_last.txt
sherman1,676,379,0.6206206206206206,SMALLEST_LAST,data\processed\initial_graph_coloring_dataset\colpack_outputs_week13_expanded\sherman1_smallest_last.txt
sherman1,576,380,0.6196196196196196,SMALLEST_LAST,data\processed\initial_graph_coloring_dataset\colpack_outputs_week13_expanded\sherman1_smallest_last.txt
sherman1,586,381,0.6186186186186187,SMALLEST_LAST,data\processed\initial_graph_coloring_dataset\colpack_outputs_week13_expanded\sherman1_smallest_last.txt
sherman1,686,382,0.6176176176176176,SMALLEST_LAST,data\processed\initial_graph_coloring_dataset\colpack_outputs_week13_expanded\sherman1_smallest_last.txt
sherman1,685,383,0.6166166166166166,SMALLEST_LAST,data\processed\initial_graph_coloring_dataset\colpack_outputs_week13_expanded\sherman1_smallest_last.txt
sherman1,684,384,0.6156156156156156,SMALLEST_LAST,data\processed\initial_graph_coloring_dataset\colpack_outputs_week13_expanded\sherman1_smallest_last.txt
sherman1,683,385,0.6146146146146146,SMALLEST_LAST,data\processed\initial_graph_coloring_dataset\colpack_outputs_week13_expanded\sherman1_smallest_last.txt
sherman1,682,386,0.6136136136136137,SMALLEST_LAST,data\processed\initial_graph_coloring_dataset\colpack_outputs_week13_expanded\sherman1_smallest_last.txt
sherman1,692,387,0.6126126126126126,SMALLEST_LAST,data\processed\initial_graph_coloring_dataset\colpack_outputs_week13_expanded\sherman1_smallest_last.txt
sherman1,693,388,0.6116116116116116,SMALLEST_LAST,data\processed\initial_graph_coloring_dataset\colpack_outputs_week13_expanded\sherman1_smallest_last.txt
sherman1,694,389,0.6106106106106106,SMALLEST_LAST,data\processed\initial_graph_coloring_dataset\colpack_outputs_week13_expanded\sherman1_smallest_last.txt
sherman1,695,390,0.6096096096096096,SMALLEST_LAST,data\processed\initial_graph_coloring_dataset\colpack_outputs_week13_expanded\sherman1_smallest_last.txt
sherman1,696,391,0.6086086086086087,SMALLEST_LAST,data\processed\initial_graph_coloring_dataset\colpack_outputs_week13_expanded\sherman1_smallest_last.txt
sherman1,697,392,0.6076076076076076,SMALLEST_LAST,data\processed\initial_graph_coloring_dataset\colpack_outputs_week13_expanded\sherman1_smallest_last.txt
sherman1,797,393,0.6066066066066066,SMALLEST_LAST,data\processed\initial_graph_coloring_dataset\colpack_outputs_week13_expanded\sherman1_smallest_last.txt
sherman1,897,394,0.6056056056056056,SMALLEST_LAST,data\processed\initial_graph_coloring_dataset\colpack_outputs_week13_expanded\sherman1_smallest_last.txt
sherman1,896,395,0.6046046046046046,SMALLEST_LAST,data\processed\initial_graph_coloring_dataset\colpack_outputs_week13_expanded\sherman1_smallest_last.txt
sherman1,895,396,0.6036036036036037,SMALLEST_LAST,data\processed\initial_graph_coloring_dataset\colpack_outputs_week13_expanded\sherman1_smallest_last.txt
sherman1,894,397,0.6026026026026026,SMALLEST_LAST,data\processed\initial_graph_coloring_dataset\colpack_outputs_week13_expanded\sherman1_smallest_last.txt
sherman1,893,398,0.6016016016016016,SMALLEST_LAST,data\processed\initial_graph_coloring_dataset\colpack_outputs_week13_expanded\sherman1_smallest_last.txt
sherman1,892,399,0.6006006006006006,SMALLEST_LAST,data\processed\initial_graph_coloring_dataset\colpack_outputs_week13_expanded\sherman1_smallest_last.txt
sherman1,891,400,0.5995995995995996,SMALLEST_LAST,data\processed\initial_graph_coloring_dataset\colpack_outputs_week13_expanded\sherman1_smallest_last.txt
sherman1,791,401,0.5985985985985987,SMALLEST_LAST,data\processed\initial_graph_coloring_dataset\colpack_outputs_week13_expanded\sherman1_smallest_last.txt
sherman1,691,402,0.5975975975975976,SMALLEST_LAST,data\processed\initial_graph_coloring_dataset\colpack_outputs_week13_expanded\sherman1_smallest_last.txt
sherman1,690,403,0.5965965965965966,SMALLEST_LAST,data\processed\initial_graph_coloring_dataset\colpack_outputs_week13_expanded\sherman1_smallest_last.txt
sherman1,590,404,0.5955955955955956,SMALLEST_LAST,data\processed\initial_graph_coloring_dataset\colpack_outputs_week13_expanded\sherman1_smallest_last.txt
sherman1,591,405,0.5945945945945946,SMALLEST_LAST,data\processed\initial_graph_coloring_dataset\colpack_outputs_week13_expanded\sherman1_smallest_last.txt
sherman1,491,406,0.5935935935935935,SMALLEST_LAST,data\processed\initial_graph_coloring_dataset\colpack_outputs_week13_expanded\sherman1_smallest_last.txt
sherman1,490,407,0.5925925925925926,SMALLEST_LAST,data\processed\initial_graph_coloring_dataset\colpack_outputs_week13_expanded\sherman1_smallest_last.txt
sherman1,390,408,0.5915915915915916,SMALLEST_LAST,data\processed\initial_graph_coloring_dataset\colpack_outputs_week13_expanded\sherman1_smallest_last.txt
sherman1,290,409,0.5905905905905906,SMALLEST_LAST,data\processed\initial_graph_coloring_dataset\colpack_outputs_week13_expanded\sherman1_smallest_last.txt
sherman1,291,410,0.5895895895895896,SMALLEST_LAST,data\processed\initial_graph_coloring_dataset\colpack_outputs_week13_expanded\sherman1_smallest_last.txt
sherman1,492,411,0.5885885885885885,SMALLEST_LAST,data\processed\initial_graph_coloring_dataset\colpack_outputs_week13_expanded\sherman1_smallest_last.txt
sherman1,392,412,0.5875875875875876,SMALLEST_LAST,data\processed\initial_graph_coloring_dataset\colpack_outputs_week13_expanded\sherman1_smallest_last.txt
sherman1,292,413,0.5865865865865866,SMALLEST_LAST,data\processed\initial_graph_coloring_dataset\colpack_outputs_week13_expanded\sherman1_smallest_last.txt
sherman1,293,414,0.5855855855855856,SMALLEST_LAST,data\processed\initial_graph_coloring_dataset\colpack_outputs_week13_expanded\sherman1_smallest_last.txt
sherman1,493,415,0.5845845845845846,SMALLEST_LAST,data\processed\initial_graph_coloring_dataset\colpack_outputs_week13_expanded\sherman1_smallest_last.txt
sherman1,494,416,0.5835835835835835,SMALLEST_LAST,data\processed\initial_graph_coloring_dataset\colpack_outputs_week13_expanded\sherman1_smallest_last.txt
sherman1,394,417,0.5825825825825826,SMALLEST_LAST,data\processed\initial_graph_coloring_dataset\colpack_outputs_week13_expanded\sherman1_smallest_last.txt
sherman1,294,418,0.5815815815815816,SMALLEST_LAST,data\processed\initial_graph_coloring_dataset\colpack_outputs_week13_expanded\sherman1_smallest_last.txt
sherman1,295,419,0.5805805805805806,SMALLEST_LAST,data\processed\initial_graph_coloring_dataset\colpack_outputs_week13_expanded\sherman1_smallest_last.txt
sherman1,195,420,0.5795795795795796,SMALLEST_LAST,data\processed\initial_graph_coloring_dataset\colpack_outputs_week13_expanded\sherman1_smallest_last.txt
sherman1,95,421,0.5785785785785785,SMALLEST_LAST,data\processed\initial_graph_coloring_dataset\colpack_outputs_week13_expanded\sherman1_smallest_last.txt
sherman1,86,422,0.5775775775775776,SMALLEST_LAST,data\processed\initial_graph_coloring_dataset\colpack_outputs_week13_expanded\sherman1_smallest_last.txt
sherman1,96,423,0.5765765765765766,SMALLEST_LAST,data\processed\initial_graph_coloring_dataset\colpack_outputs_week13_expanded\sherman1_smallest_last.txt
sherman1,97,424,0.5755755755755756,SMALLEST_LAST,data\processed\initial_graph_coloring_dataset\colpack_outputs_week13_expanded\sherman1_smallest_last.txt
sherman1,87,425,0.5745745745745746,SMALLEST_LAST,data\processed\initial_graph_coloring_dataset\colpack_outputs_week13_expanded\sherman1_smallest_last.txt
sherman1,88,426,0.5735735735735735,SMALLEST_LAST,data\processed\initial_graph_coloring_dataset\colpack_outputs_week13_expanded\sherman1_smallest_last.txt
sherman1,98,427,0.5725725725725725,SMALLEST_LAST,data\processed\initial_graph_coloring_dataset\colpack_outputs_week13_expanded\sherman1_smallest_last.txt
sherman1,99,428,0.5715715715715716,SMALLEST_LAST,data\processed\initial_graph_coloring_dataset\colpack_outputs_week13_expanded\sherman1_smallest_last.txt
sherman1,89,429,0.5705705705705706,SMALLEST_LAST,data\processed\initial_graph_coloring_dataset\colpack_outputs_week13_expanded\sherman1_smallest_last.txt
sherman1,189,430,0.5695695695695696,SMALLEST_LAST,data\processed\initial_graph_coloring_dataset\colpack_outputs_week13_expanded\sherman1_smallest_last.txt
sherman1,199,431,0.5685685685685685,SMALLEST_LAST,data\processed\initial_graph_coloring_dataset\colpack_outputs_week13_expanded\sherman1_smallest_last.txt
sherman1,299,432,0.5675675675675675,SMALLEST_LAST,data\processed\initial_graph_coloring_dataset\colpack_outputs_week13_expanded\sherman1_smallest_last.txt
sherman1,289,433,0.5665665665665666,SMALLEST_LAST,data\processed\initial_graph_coloring_dataset\colpack_outputs_week13_expanded\sherman1_smallest_last.txt
sherman1,389,434,0.5655655655655656,SMALLEST_LAST,data\processed\initial_graph_coloring_dataset\colpack_outputs_week13_expanded\sherman1_smallest_last.txt
sherman1,399,435,0.5645645645645646,SMALLEST_LAST,data\processed\initial_graph_coloring_dataset\colpack_outputs_week13_expanded\sherman1_smallest_last.txt
sherman1,698,436,0.5635635635635635,SMALLEST_LAST,data\processed\initial_graph_coloring_dataset\colpack_outputs_week13_expanded\sherman1_smallest_last.txt
sherman1,699,437,0.5625625625625625,SMALLEST_LAST,data\processed\initial_graph_coloring_dataset\colpack_outputs_week13_expanded\sherman1_smallest_last.txt
sherman1,599,438,0.5615615615615616,SMALLEST_LAST,data\processed\initial_graph_coloring_dataset\colpack_outputs_week13_expanded\sherman1_smallest_last.txt
sherman1,499,439,0.5605605605605606,SMALLEST_LAST,data\processed\initial_graph_coloring_dataset\colpack_outputs_week13_expanded\sherman1_smallest_last.txt
sherman1,498,440,0.5595595595595596,SMALLEST_LAST,data\processed\initial_graph_coloring_dataset\colpack_outputs_week13_expanded\sherman1_smallest_last.txt
sherman1,497,441,0.5585585585585585,SMALLEST_LAST,data\processed\initial_graph_coloring_dataset\colpack_outputs_week13_expanded\sherman1_smallest_last.txt
sherman1,496,442,0.5575575575575575,SMALLEST_LAST,data\processed\initial_graph_coloring_dataset\colpack_outputs_week13_expanded\sherman1_smallest_last.txt
sherman1,495,443,0.5565565565565566,SMALLEST_LAST,data\processed\initial_graph_coloring_dataset\colpack_outputs_week13_expanded\sherman1_smallest_last.txt
sherman1,395,444,0.5555555555555556,SMALLEST_LAST,data\processed\initial_graph_coloring_dataset\colpack_outputs_week13_expanded\sherman1_smallest_last.txt
sherman1,385,445,0.5545545545545546,SMALLEST_LAST,data\processed\initial_graph_coloring_dataset\colpack_outputs_week13_expanded\sherman1_smallest_last.txt
sherman1,375,446,0.5535535535535535,SMALLEST_LAST,data\processed\initial_graph_coloring_dataset\colpack_outputs_week13_expanded\sherman1_smallest_last.txt
sherman1,365,447,0.5525525525525525,SMALLEST_LAST,data\processed\initial_graph_coloring_dataset\colpack_outputs_week13_expanded\sherman1_smallest_last.txt
sherman1,265,448,0.5515515515515516,SMALLEST_LAST,data\processed\initial_graph_coloring_dataset\colpack_outputs_week13_expanded\sherman1_smallest_last.txt
sherman1,165,449,0.5505505505505506,SMALLEST_LAST,data\processed\initial_graph_coloring_dataset\colpack_outputs_week13_expanded\sherman1_smallest_last.txt
sherman1,65,450,0.5495495495495496,SMALLEST_LAST,data\processed\initial_graph_coloring_dataset\colpack_outputs_week13_expanded\sherman1_smallest_last.txt
sherman1,64,451,0.5485485485485485,SMALLEST_LAST,data\processed\initial_graph_coloring_dataset\colpack_outputs_week13_expanded\sherman1_smallest_last.txt
sherman1,54,452,0.5475475475475475,SMALLEST_LAST,data\processed\initial_graph_coloring_dataset\colpack_outputs_week13_expanded\sherman1_smallest_last.txt
sherman1,55,453,0.5465465465465466,SMALLEST_LAST,data\processed\initial_graph_coloring_dataset\colpack_outputs_week13_expanded\sherman1_smallest_last.txt
sherman1,155,454,0.5455455455455456,SMALLEST_LAST,data\processed\initial_graph_coloring_dataset\colpack_outputs_week13_expanded\sherman1_smallest_last.txt
sherman1,255,455,0.5445445445445446,SMALLEST_LAST,data\processed\initial_graph_coloring_dataset\colpack_outputs_week13_expanded\sherman1_smallest_last.txt
sherman1,355,456,0.5435435435435435,SMALLEST_LAST,data\processed\initial_graph_coloring_dataset\colpack_outputs_week13_expanded\sherman1_smallest_last.txt
sherman1,345,457,0.5425425425425425,SMALLEST_LAST,data\processed\initial_graph_coloring_dataset\colpack_outputs_week13_expanded\sherman1_smallest_last.txt
sherman1,245,458,0.5415415415415415,SMALLEST_LAST,data\processed\initial_graph_coloring_dataset\colpack_outputs_week13_expanded\sherman1_smallest_last.txt
sherman1,145,459,0.5405405405405406,SMALLEST_LAST,data\processed\initial_graph_coloring_dataset\colpack_outputs_week13_expanded\sherman1_smallest_last.txt
sherman1,45,460,0.5395395395395396,SMALLEST_LAST,data\processed\initial_graph_coloring_dataset\colpack_outputs_week13_expanded\sherman1_smallest_last.txt
sherman1,44,461,0.5385385385385385,SMALLEST_LAST,data\processed\initial_graph_coloring_dataset\colpack_outputs_week13_expanded\sherman1_smallest_last.txt
sherman1,34,462,0.5375375375375375,SMALLEST_LAST,data\processed\initial_graph_coloring_dataset\colpack_outputs_week13_expanded\sherman1_smallest_last.txt
sherman1,35,463,0.5365365365365365,SMALLEST_LAST,data\processed\initial_graph_coloring_dataset\colpack_outputs_week13_expanded\sherman1_smallest_last.txt
sherman1,135,464,0.5355355355355356,SMALLEST_LAST,data\processed\initial_graph_coloring_dataset\colpack_outputs_week13_expanded\sherman1_smallest_last.txt
sherman1,335,465,0.5345345345345346,SMALLEST_LAST,data\processed\initial_graph_coloring_dataset\colpack_outputs_week13_expanded\sherman1_smallest_last.txt
sherman1,235,466,0.5335335335335335,SMALLEST_LAST,data\processed\initial_graph_coloring_dataset\colpack_outputs_week13_expanded\sherman1_smallest_last.txt
sherman1,254,467,0.5325325325325325,SMALLEST_LAST,data\processed\initial_graph_coloring_dataset\colpack_outputs_week13_expanded\sherman1_smallest_last.txt
sherman1,244,468,0.5315315315315315,SMALLEST_LAST,data\processed\initial_graph_coloring_dataset\colpack_outputs_week13_expanded\sherman1_smallest_last.txt
sherman1,234,469,0.5305305305305306,SMALLEST_LAST,data\processed\initial_graph_coloring_dataset\colpack_outputs_week13_expanded\sherman1_smallest_last.txt
sherman1,224,470,0.5295295295295295,SMALLEST_LAST,data\processed\initial_graph_coloring_dataset\colpack_outputs_week13_expanded\sherman1_smallest_last.txt
sherman1,325,471,0.5285285285285285,SMALLEST_LAST,data\processed\initial_graph_coloring_dataset\colpack_outputs_week13_expanded\sherman1_smallest_last.txt
sherman1,225,472,0.5275275275275275,SMALLEST_LAST,data\processed\initial_graph_coloring_dataset\colpack_outputs_week13_expanded\sherman1_smallest_last.txt
sherman1,125,473,0.5265265265265265,SMALLEST_LAST,data\processed\initial_graph_coloring_dataset\colpack_outputs_week13_expanded\sherman1_smallest_last.txt
sherman1,25,474,0.5255255255255256,SMALLEST_LAST,data\processed\initial_graph_coloring_dataset\colpack_outputs_week13_expanded\sherman1_smallest_last.txt
sherman1,24,475,0.5245245245245245,SMALLEST_LAST,data\processed\initial_graph_coloring_dataset\colpack_outputs_week13_expanded\sherman1_smallest_last.txt
sherman1,14,476,0.5235235235235235,SMALLEST_LAST,data\processed\initial_graph_coloring_dataset\colpack_outputs_week13_expanded\sherman1_smallest_last.txt
sherman1,15,477,0.5225225225225225,SMALLEST_LAST,data\processed\initial_graph_coloring_dataset\colpack_outputs_week13_expanded\sherman1_smallest_last.txt
sherman1,76,478,0.5215215215215215,SMALLEST_LAST,data\processed\initial_graph_coloring_dataset\colpack_outputs_week13_expanded\sherman1_smallest_last.txt
sherman1,66,479,0.5205205205205206,SMALLEST_LAST,data\processed\initial_graph_coloring_dataset\colpack_outputs_week13_expanded\sherman1_smallest_last.txt
sherman1,56,480,0.5195195195195195,SMALLEST_LAST,data\processed\initial_graph_coloring_dataset\colpack_outputs_week13_expanded\sherman1_smallest_last.txt
sherman1,46,481,0.5185185185185185,SMALLEST_LAST,data\processed\initial_graph_coloring_dataset\colpack_outputs_week13_expanded\sherman1_smallest_last.txt
sherman1,36,482,0.5175175175175175,SMALLEST_LAST,data\processed\initial_graph_coloring_dataset\colpack_outputs_week13_expanded\sherman1_smallest_last.txt
sherman1,26,483,0.5165165165165165,SMALLEST_LAST,data\processed\initial_graph_coloring_dataset\colpack_outputs_week13_expanded\sherman1_smallest_last.txt
sherman1,16,484,0.5155155155155156,SMALLEST_LAST,data\processed\initial_graph_coloring_dataset\colpack_outputs_week13_expanded\sherman1_smallest_last.txt
sherman1,77,485,0.5145145145145145,SMALLEST_LAST,data\processed\initial_graph_coloring_dataset\colpack_outputs_week13_expanded\sherman1_smallest_last.txt
sherman1,67,486,0.5135135135135135,SMALLEST_LAST,data\processed\initial_graph_coloring_dataset\colpack_outputs_week13_expanded\sherman1_smallest_last.txt
sherman1,57,487,0.5125125125125125,SMALLEST_LAST,data\processed\initial_graph_coloring_dataset\colpack_outputs_week13_expanded\sherman1_smallest_last.txt
sherman1,47,488,0.5115115115115115,SMALLEST_LAST,data\processed\initial_graph_coloring_dataset\colpack_outputs_week13_expanded\sherman1_smallest_last.txt
sherman1,37,489,0.5105105105105106,SMALLEST_LAST,data\processed\initial_graph_coloring_dataset\colpack_outputs_week13_expanded\sherman1_smallest_last.txt
sherman1,27,490,0.5095095095095095,SMALLEST_LAST,data\processed\initial_graph_coloring_dataset\colpack_outputs_week13_expanded\sherman1_smallest_last.txt
sherman1,17,491,0.5085085085085085,SMALLEST_LAST,data\processed\initial_graph_coloring_dataset\colpack_outputs_week13_expanded\sherman1_smallest_last.txt
sherman1,117,492,0.5075075075075075,SMALLEST_LAST,data\processed\initial_graph_coloring_dataset\colpack_outputs_week13_expanded\sherman1_smallest_last.txt
sherman1,217,493,0.5065065065065065,SMALLEST_LAST,data\processed\initial_graph_coloring_dataset\colpack_outputs_week13_expanded\sherman1_smallest_last.txt
sherman1,317,494,0.5055055055055055,SMALLEST_LAST,data\processed\initial_graph_coloring_dataset\colpack_outputs_week13_expanded\sherman1_smallest_last.txt
sherman1,307,495,0.5045045045045045,SMALLEST_LAST,data\processed\initial_graph_coloring_dataset\colpack_outputs_week13_expanded\sherman1_smallest_last.txt
sherman1,207,496,0.5035035035035035,SMALLEST_LAST,data\processed\initial_graph_coloring_dataset\colpack_outputs_week13_expanded\sherman1_smallest_last.txt
sherman1,107,497,0.5025025025025025,SMALLEST_LAST,data\processed\initial_graph_coloring_dataset\colpack_outputs_week13_expanded\sherman1_smallest_last.txt
sherman1,7,498,0.5015015015015015,SMALLEST_LAST,data\processed\initial_graph_coloring_dataset\colpack_outputs_week13_expanded\sherman1_smallest_last.txt
sherman1,6,499,0.5005005005005005,SMALLEST_LAST,data\processed\initial_graph_coloring_dataset\colpack_outputs_week13_expanded\sherman1_smallest_last.txt
sherman1,5,500,0.4994994994994995,SMALLEST_LAST,data\processed\initial_graph_coloring_dataset\colpack_outputs_week13_expanded\sherman1_smallest_last.txt
sherman1,4,501,0.4984984984984985,SMALLEST_LAST,data\processed\initial_graph_coloring_dataset\colpack_outputs_week13_expanded\sherman1_smallest_last.txt
sherman1,3,502,0.4974974974974975,SMALLEST_LAST,data\processed\initial_graph_coloring_dataset\colpack_outputs_week13_expanded\sherman1_smallest_last.txt
sherman1,2,503,0.4964964964964965,SMALLEST_LAST,data\processed\initial_graph_coloring_dataset\colpack_outputs_week13_expanded\sherman1_smallest_last.txt
sherman1,1,504,0.4954954954954955,SMALLEST_LAST,data\processed\initial_graph_coloring_dataset\colpack_outputs_week13_expanded\sherman1_smallest_last.txt
sherman1,101,505,0.4944944944944945,SMALLEST_LAST,data\processed\initial_graph_coloring_dataset\colpack_outputs_week13_expanded\sherman1_smallest_last.txt
sherman1,201,506,0.4934934934934935,SMALLEST_LAST,data\processed\initial_graph_coloring_dataset\colpack_outputs_week13_expanded\sherman1_smallest_last.txt
sherman1,202,507,0.4924924924924925,SMALLEST_LAST,data\processed\initial_graph_coloring_dataset\colpack_outputs_week13_expanded\sherman1_smallest_last.txt
sherman1,203,508,0.4914914914914915,SMALLEST_LAST,data\processed\initial_graph_coloring_dataset\colpack_outputs_week13_expanded\sherman1_smallest_last.txt
sherman1,214,509,0.4904904904904905,SMALLEST_LAST,data\processed\initial_graph_coloring_dataset\colpack_outputs_week13_expanded\sherman1_smallest_last.txt
sherman1,204,510,0.4894894894894895,SMALLEST_LAST,data\processed\initial_graph_coloring_dataset\colpack_outputs_week13_expanded\sherman1_smallest_last.txt
sherman1,215,511,0.48848848848848847,SMALLEST_LAST,data\processed\initial_graph_coloring_dataset\colpack_outputs_week13_expanded\sherman1_smallest_last.txt
sherman1,205,512,0.4874874874874875,SMALLEST_LAST,data\processed\initial_graph_coloring_dataset\colpack_outputs_week13_expanded\sherman1_smallest_last.txt
sherman1,206,513,0.4864864864864865,SMALLEST_LAST,data\processed\initial_graph_coloring_dataset\colpack_outputs_week13_expanded\sherman1_smallest_last.txt
sherman1,216,514,0.4854854854854855,SMALLEST_LAST,data\processed\initial_graph_coloring_dataset\colpack_outputs_week13_expanded\sherman1_smallest_last.txt
sherman1,226,515,0.4844844844844845,SMALLEST_LAST,data\processed\initial_graph_coloring_dataset\colpack_outputs_week13_expanded\sherman1_smallest_last.txt
sherman1,327,516,0.48348348348348347,SMALLEST_LAST,data\processed\initial_graph_coloring_dataset\colpack_outputs_week13_expanded\sherman1_smallest_last.txt
sherman1,227,517,0.4824824824824825,SMALLEST_LAST,data\processed\initial_graph_coloring_dataset\colpack_outputs_week13_expanded\sherman1_smallest_last.txt
sherman1,127,518,0.48148148148148145,SMALLEST_LAST,data\processed\initial_graph_coloring_dataset\colpack_outputs_week13_expanded\sherman1_smallest_last.txt
sherman1,137,519,0.4804804804804805,SMALLEST_LAST,data\processed\initial_graph_coloring_dataset\colpack_outputs_week13_expanded\sherman1_smallest_last.txt
sherman1,337,520,0.4794794794794795,SMALLEST_LAST,data\processed\initial_graph_coloring_dataset\colpack_outputs_week13_expanded\sherman1_smallest_last.txt
sherman1,237,521,0.47847847847847846,SMALLEST_LAST,data\processed\initial_graph_coloring_dataset\colpack_outputs_week13_expanded\sherman1_smallest_last.txt
sherman1,236,522,0.4774774774774775,SMALLEST_LAST,data\processed\initial_graph_coloring_dataset\colpack_outputs_week13_expanded\sherman1_smallest_last.txt
sherman1,246,523,0.47647647647647645,SMALLEST_LAST,data\processed\initial_graph_coloring_dataset\colpack_outputs_week13_expanded\sherman1_smallest_last.txt
sherman1,347,524,0.4754754754754755,SMALLEST_LAST,data\processed\initial_graph_coloring_dataset\colpack_outputs_week13_expanded\sherman1_smallest_last.txt
sherman1,247,525,0.4744744744744745,SMALLEST_LAST,data\processed\initial_graph_coloring_dataset\colpack_outputs_week13_expanded\sherman1_smallest_last.txt
sherman1,147,526,0.47347347347347346,SMALLEST_LAST,data\processed\initial_graph_coloring_dataset\colpack_outputs_week13_expanded\sherman1_smallest_last.txt
sherman1,157,527,0.4724724724724725,SMALLEST_LAST,data\processed\initial_graph_coloring_dataset\colpack_outputs_week13_expanded\sherman1_smallest_last.txt
sherman1,357,528,0.47147147147147145,SMALLEST_LAST,data\processed\initial_graph_coloring_dataset\colpack_outputs_week13_expanded\sherman1_smallest_last.txt
sherman1,257,529,0.47047047047047047,SMALLEST_LAST,data\processed\initial_graph_coloring_dataset\colpack_outputs_week13_expanded\sherman1_smallest_last.txt
sherman1,256,530,0.4694694694694695,SMALLEST_LAST,data\processed\initial_graph_coloring_dataset\colpack_outputs_week13_expanded\sherman1_smallest_last.txt
sherman1,266,531,0.46846846846846846,SMALLEST_LAST,data\processed\initial_graph_coloring_dataset\colpack_outputs_week13_expanded\sherman1_smallest_last.txt
sherman1,267,532,0.4674674674674675,SMALLEST_LAST,data\processed\initial_graph_coloring_dataset\colpack_outputs_week13_expanded\sherman1_smallest_last.txt
sherman1,367,533,0.46646646646646645,SMALLEST_LAST,data\processed\initial_graph_coloring_dataset\colpack_outputs_week13_expanded\sherman1_smallest_last.txt
sherman1,377,534,0.46546546546546547,SMALLEST_LAST,data\processed\initial_graph_coloring_dataset\colpack_outputs_week13_expanded\sherman1_smallest_last.txt
sherman1,277,535,0.4644644644644645,SMALLEST_LAST,data\processed\initial_graph_coloring_dataset\colpack_outputs_week13_expanded\sherman1_smallest_last.txt
sherman1,276,536,0.46346346346346345,SMALLEST_LAST,data\processed\initial_graph_coloring_dataset\colpack_outputs_week13_expanded\sherman1_smallest_last.txt
sherman1,286,537,0.4624624624624625,SMALLEST_LAST,data\processed\initial_graph_coloring_dataset\colpack_outputs_week13_expanded\sherman1_smallest_last.txt
sherman1,287,538,0.46146146146146144,SMALLEST_LAST,data\processed\initial_graph_coloring_dataset\colpack_outputs_week13_expanded\sherman1_smallest_last.txt
sherman1,296,539,0.46046046046046046,SMALLEST_LAST,data\processed\initial_graph_coloring_dataset\colpack_outputs_week13_expanded\sherman1_smallest_last.txt
sherman1,297,540,0.4594594594594595,SMALLEST_LAST,data\processed\initial_graph_coloring_dataset\colpack_outputs_week13_expanded\sherman1_smallest_last.txt
sherman1,298,541,0.45845845845845845,SMALLEST_LAST,data\processed\initial_graph_coloring_dataset\colpack_outputs_week13_expanded\sherman1_smallest_last.txt
sherman1,288,542,0.4574574574574575,SMALLEST_LAST,data\processed\initial_graph_coloring_dataset\colpack_outputs_week13_expanded\sherman1_smallest_last.txt
sherman1,278,543,0.45645645645645644,SMALLEST_LAST,data\processed\initial_graph_coloring_dataset\colpack_outputs_week13_expanded\sherman1_smallest_last.txt
sherman1,379,544,0.45545545545545546,SMALLEST_LAST,data\processed\initial_graph_coloring_dataset\colpack_outputs_week13_expanded\sherman1_smallest_last.txt
sherman1,279,545,0.4544544544544545,SMALLEST_LAST,data\processed\initial_graph_coloring_dataset\colpack_outputs_week13_expanded\sherman1_smallest_last.txt
sherman1,179,546,0.45345345345345345,SMALLEST_LAST,data\processed\initial_graph_coloring_dataset\colpack_outputs_week13_expanded\sherman1_smallest_last.txt
sherman1,79,547,0.45245245245245247,SMALLEST_LAST,data\processed\initial_graph_coloring_dataset\colpack_outputs_week13_expanded\sherman1_smallest_last.txt
sherman1,78,548,0.45145145145145144,SMALLEST_LAST,data\processed\initial_graph_coloring_dataset\colpack_outputs_week13_expanded\sherman1_smallest_last.txt
sherman1,68,549,0.45045045045045046,SMALLEST_LAST,data\processed\initial_graph_coloring_dataset\colpack_outputs_week13_expanded\sherman1_smallest_last.txt
sherman1,69,550,0.4494494494494494,SMALLEST_LAST,data\processed\initial_graph_coloring_dataset\colpack_outputs_week13_expanded\sherman1_smallest_last.txt
sherman1,169,551,0.44844844844844844,SMALLEST_LAST,data\processed\initial_graph_coloring_dataset\colpack_outputs_week13_expanded\sherman1_smallest_last.txt
sherman1,269,552,0.44744744744744747,SMALLEST_LAST,data\processed\initial_graph_coloring_dataset\colpack_outputs_week13_expanded\sherman1_smallest_last.txt
sherman1,268,553,0.44644644644644643,SMALLEST_LAST,data\processed\initial_graph_coloring_dataset\colpack_outputs_week13_expanded\sherman1_smallest_last.txt
sherman1,258,554,0.44544544544544545,SMALLEST_LAST,data\processed\initial_graph_coloring_dataset\colpack_outputs_week13_expanded\sherman1_smallest_last.txt
sherman1,259,555,0.4444444444444444,SMALLEST_LAST,data\processed\initial_graph_coloring_dataset\colpack_outputs_week13_expanded\sherman1_smallest_last.txt
sherman1,159,556,0.44344344344344344,SMALLEST_LAST,data\processed\initial_graph_coloring_dataset\colpack_outputs_week13_expanded\sherman1_smallest_last.txt
sherman1,59,557,0.44244244244244246,SMALLEST_LAST,data\processed\initial_graph_coloring_dataset\colpack_outputs_week13_expanded\sherman1_smallest_last.txt
sherman1,58,558,0.44144144144144143,SMALLEST_LAST,data\processed\initial_graph_coloring_dataset\colpack_outputs_week13_expanded\sherman1_smallest_last.txt
sherman1,48,559,0.44044044044044045,SMALLEST_LAST,data\processed\initial_graph_coloring_dataset\colpack_outputs_week13_expanded\sherman1_smallest_last.txt
sherman1,38,560,0.4394394394394394,SMALLEST_LAST,data\processed\initial_graph_coloring_dataset\colpack_outputs_week13_expanded\sherman1_smallest_last.txt
sherman1,28,561,0.43843843843843844,SMALLEST_LAST,data\processed\initial_graph_coloring_dataset\colpack_outputs_week13_expanded\sherman1_smallest_last.txt
sherman1,18,562,0.43743743743743746,SMALLEST_LAST,data\processed\initial_graph_coloring_dataset\colpack_outputs_week13_expanded\sherman1_smallest_last.txt
sherman1,8,563,0.4364364364364364,SMALLEST_LAST,data\processed\initial_graph_coloring_dataset\colpack_outputs_week13_expanded\sherman1_smallest_last.txt
sherman1,49,564,0.43543543543543545,SMALLEST_LAST,data\processed\initial_graph_coloring_dataset\colpack_outputs_week13_expanded\sherman1_smallest_last.txt
sherman1,39,565,0.4344344344344344,SMALLEST_LAST,data\processed\initial_graph_coloring_dataset\colpack_outputs_week13_expanded\sherman1_smallest_last.txt
sherman1,29,566,0.43343343343343343,SMALLEST_LAST,data\processed\initial_graph_coloring_dataset\colpack_outputs_week13_expanded\sherman1_smallest_last.txt
sherman1,19,567,0.43243243243243246,SMALLEST_LAST,data\processed\initial_graph_coloring_dataset\colpack_outputs_week13_expanded\sherman1_smallest_last.txt
sherman1,9,568,0.4314314314314314,SMALLEST_LAST,data\processed\initial_graph_coloring_dataset\colpack_outputs_week13_expanded\sherman1_smallest_last.txt
sherman1,0,569,0.43043043043043044,SMALLEST_LAST,data\processed\initial_graph_coloring_dataset\colpack_outputs_week13_expanded\sherman1_smallest_last.txt
sherman1,10,570,0.4294294294294294,SMALLEST_LAST,data\processed\initial_graph_coloring_dataset\colpack_outputs_week13_expanded\sherman1_smallest_last.txt
sherman1,20,571,0.42842842842842843,SMALLEST_LAST,data\processed\initial_graph_coloring_dataset\colpack_outputs_week13_expanded\sherman1_smallest_last.txt
sherman1,30,572,0.42742742742742745,SMALLEST_LAST,data\processed\initial_graph_coloring_dataset\colpack_outputs_week13_expanded\sherman1_smallest_last.txt
sherman1,40,573,0.4264264264264264,SMALLEST_LAST,data\processed\initial_graph_coloring_dataset\colpack_outputs_week13_expanded\sherman1_smallest_last.txt
sherman1,50,574,0.42542542542542544,SMALLEST_LAST,data\processed\initial_graph_coloring_dataset\colpack_outputs_week13_expanded\sherman1_smallest_last.txt
sherman1,60,575,0.4244244244244244,SMALLEST_LAST,data\processed\initial_graph_coloring_dataset\colpack_outputs_week13_expanded\sherman1_smallest_last.txt
sherman1,70,576,0.42342342342342343,SMALLEST_LAST,data\processed\initial_graph_coloring_dataset\colpack_outputs_week13_expanded\sherman1_smallest_last.txt
sherman1,82,577,0.42242242242242245,SMALLEST_LAST,data\processed\initial_graph_coloring_dataset\colpack_outputs_week13_expanded\sherman1_smallest_last.txt
sherman1,81,578,0.4214214214214214,SMALLEST_LAST,data\processed\initial_graph_coloring_dataset\colpack_outputs_week13_expanded\sherman1_smallest_last.txt
sherman1,80,579,0.42042042042042044,SMALLEST_LAST,data\processed\initial_graph_coloring_dataset\colpack_outputs_week13_expanded\sherman1_smallest_last.txt
sherman1,94,580,0.4194194194194194,SMALLEST_LAST,data\processed\initial_graph_coloring_dataset\colpack_outputs_week13_expanded\sherman1_smallest_last.txt
sherman1,93,581,0.4184184184184184,SMALLEST_LAST,data\processed\initial_graph_coloring_dataset\colpack_outputs_week13_expanded\sherman1_smallest_last.txt
sherman1,92,582,0.4174174174174174,SMALLEST_LAST,data\processed\initial_graph_coloring_dataset\colpack_outputs_week13_expanded\sherman1_smallest_last.txt
sherman1,91,583,0.4164164164164164,SMALLEST_LAST,data\processed\initial_graph_coloring_dataset\colpack_outputs_week13_expanded\sherman1_smallest_last.txt
sherman1,90,584,0.41541541541541543,SMALLEST_LAST,data\processed\initial_graph_coloring_dataset\colpack_outputs_week13_expanded\sherman1_smallest_last.txt
sherman1,220,585,0.4144144144144144,SMALLEST_LAST,data\processed\initial_graph_coloring_dataset\colpack_outputs_week13_expanded\sherman1_smallest_last.txt
sherman1,210,586,0.4134134134134134,SMALLEST_LAST,data\processed\initial_graph_coloring_dataset\colpack_outputs_week13_expanded\sherman1_smallest_last.txt
sherman1,200,587,0.4124124124124124,SMALLEST_LAST,data\processed\initial_graph_coloring_dataset\colpack_outputs_week13_expanded\sherman1_smallest_last.txt
sherman1,248,588,0.4114114114114114,SMALLEST_LAST,data\processed\initial_graph_coloring_dataset\colpack_outputs_week13_expanded\sherman1_smallest_last.txt
sherman1,238,589,0.41041041041041043,SMALLEST_LAST,data\processed\initial_graph_coloring_dataset\colpack_outputs_week13_expanded\sherman1_smallest_last.txt
sherman1,228,590,0.4094094094094094,SMALLEST_LAST,data\processed\initial_graph_coloring_dataset\colpack_outputs_week13_expanded\sherman1_smallest_last.txt
sherman1,218,591,0.4084084084084084,SMALLEST_LAST,data\processed\initial_graph_coloring_dataset\colpack_outputs_week13_expanded\sherman1_smallest_last.txt
sherman1,208,592,0.4074074074074074,SMALLEST_LAST,data\processed\initial_graph_coloring_dataset\colpack_outputs_week13_expanded\sherman1_smallest_last.txt
sherman1,249,593,0.4064064064064064,SMALLEST_LAST,data\processed\initial_graph_coloring_dataset\colpack_outputs_week13_expanded\sherman1_smallest_last.txt
sherman1,239,594,0.40540540540540543,SMALLEST_LAST,data\processed\initial_graph_coloring_dataset\colpack_outputs_week13_expanded\sherman1_smallest_last.txt
sherman1,229,595,0.4044044044044044,SMALLEST_LAST,data\processed\initial_graph_coloring_dataset\colpack_outputs_week13_expanded\sherman1_smallest_last.txt
sherman1,219,596,0.4034034034034034,SMALLEST_LAST,data\processed\initial_graph_coloring_dataset\colpack_outputs_week13_expanded\sherman1_smallest_last.txt
sherman1,209,597,0.4024024024024024,SMALLEST_LAST,data\processed\initial_graph_coloring_dataset\colpack_outputs_week13_expanded\sherman1_smallest_last.txt
sherman1,403,598,0.4014014014014014,SMALLEST_LAST,data\processed\initial_graph_coloring_dataset\colpack_outputs_week13_expanded\sherman1_smallest_last.txt
sherman1,412,599,0.4004004004004004,SMALLEST_LAST,data\processed\initial_graph_coloring_dataset\colpack_outputs_week13_expanded\sherman1_smallest_last.txt
sherman1,402,600,0.3993993993993994,SMALLEST_LAST,data\processed\initial_graph_coloring_dataset\colpack_outputs_week13_expanded\sherman1_smallest_last.txt
sherman1,411,601,0.3983983983983984,SMALLEST_LAST,data\processed\initial_graph_coloring_dataset\colpack_outputs_week13_expanded\sherman1_smallest_last.txt
sherman1,401,602,0.3973973973973974,SMALLEST_LAST,data\processed\initial_graph_coloring_dataset\colpack_outputs_week13_expanded\sherman1_smallest_last.txt
sherman1,420,603,0.3963963963963964,SMALLEST_LAST,data\processed\initial_graph_coloring_dataset\colpack_outputs_week13_expanded\sherman1_smallest_last.txt
sherman1,410,604,0.3953953953953954,SMALLEST_LAST,data\processed\initial_graph_coloring_dataset\colpack_outputs_week13_expanded\sherman1_smallest_last.txt
sherman1,400,605,0.3943943943943944,SMALLEST_LAST,data\processed\initial_graph_coloring_dataset\colpack_outputs_week13_expanded\sherman1_smallest_last.txt
sherman1,449,606,0.3933933933933934,SMALLEST_LAST,data\processed\initial_graph_coloring_dataset\colpack_outputs_week13_expanded\sherman1_smallest_last.txt
sherman1,439,607,0.3923923923923924,SMALLEST_LAST,data\processed\initial_graph_coloring_dataset\colpack_outputs_week13_expanded\sherman1_smallest_last.txt
sherman1,429,608,0.3913913913913914,SMALLEST_LAST,data\processed\initial_graph_coloring_dataset\colpack_outputs_week13_expanded\sherman1_smallest_last.txt
sherman1,419,609,0.39039039039039036,SMALLEST_LAST,data\processed\initial_graph_coloring_dataset\colpack_outputs_week13_expanded\sherman1_smallest_last.txt
sherman1,409,610,0.3893893893893894,SMALLEST_LAST,data\processed\initial_graph_coloring_dataset\colpack_outputs_week13_expanded\sherman1_smallest_last.txt
sherman1,613,611,0.3883883883883884,SMALLEST_LAST,data\processed\initial_graph_coloring_dataset\colpack_outputs_week13_expanded\sherman1_smallest_last.txt
sherman1,603,612,0.38738738738738737,SMALLEST_LAST,data\processed\initial_graph_coloring_dataset\colpack_outputs_week13_expanded\sherman1_smallest_last.txt
sherman1,612,613,0.3863863863863864,SMALLEST_LAST,data\processed\initial_graph_coloring_dataset\colpack_outputs_week13_expanded\sherman1_smallest_last.txt
sherman1,602,614,0.38538538538538536,SMALLEST_LAST,data\processed\initial_graph_coloring_dataset\colpack_outputs_week13_expanded\sherman1_smallest_last.txt
sherman1,611,615,0.3843843843843844,SMALLEST_LAST,data\processed\initial_graph_coloring_dataset\colpack_outputs_week13_expanded\sherman1_smallest_last.txt
sherman1,601,616,0.3833833833833834,SMALLEST_LAST,data\processed\initial_graph_coloring_dataset\colpack_outputs_week13_expanded\sherman1_smallest_last.txt
sherman1,630,617,0.38238238238238237,SMALLEST_LAST,data\processed\initial_graph_coloring_dataset\colpack_outputs_week13_expanded\sherman1_smallest_last.txt
sherman1,620,618,0.3813813813813814,SMALLEST_LAST,data\processed\initial_graph_coloring_dataset\colpack_outputs_week13_expanded\sherman1_smallest_last.txt
sherman1,610,619,0.38038038038038036,SMALLEST_LAST,data\processed\initial_graph_coloring_dataset\colpack_outputs_week13_expanded\sherman1_smallest_last.txt
sherman1,600,620,0.3793793793793794,SMALLEST_LAST,data\processed\initial_graph_coloring_dataset\colpack_outputs_week13_expanded\sherman1_smallest_last.txt
sherman1,814,621,0.3783783783783784,SMALLEST_LAST,data\processed\initial_graph_coloring_dataset\colpack_outputs_week13_expanded\sherman1_smallest_last.txt
sherman1,804,622,0.37737737737737737,SMALLEST_LAST,data\processed\initial_graph_coloring_dataset\colpack_outputs_week13_expanded\sherman1_smallest_last.txt
sherman1,813,623,0.3763763763763764,SMALLEST_LAST,data\processed\initial_graph_coloring_dataset\colpack_outputs_week13_expanded\sherman1_smallest_last.txt
sherman1,803,624,0.37537537537537535,SMALLEST_LAST,data\processed\initial_graph_coloring_dataset\colpack_outputs_week13_expanded\sherman1_smallest_last.txt
sherman1,812,625,0.3743743743743744,SMALLEST_LAST,data\processed\initial_graph_coloring_dataset\colpack_outputs_week13_expanded\sherman1_smallest_last.txt
sherman1,802,626,0.3733733733733734,SMALLEST_LAST,data\processed\initial_graph_coloring_dataset\colpack_outputs_week13_expanded\sherman1_smallest_last.txt
sherman1,811,627,0.37237237237237236,SMALLEST_LAST,data\processed\initial_graph_coloring_dataset\colpack_outputs_week13_expanded\sherman1_smallest_last.txt
sherman1,801,628,0.3713713713713714,SMALLEST_LAST,data\processed\initial_graph_coloring_dataset\colpack_outputs_week13_expanded\sherman1_smallest_last.txt
sherman1,890,629,0.37037037037037035,SMALLEST_LAST,data\processed\initial_graph_coloring_dataset\colpack_outputs_week13_expanded\sherman1_smallest_last.txt
sherman1,880,630,0.36936936936936937,SMALLEST_LAST,data\processed\initial_graph_coloring_dataset\colpack_outputs_week13_expanded\sherman1_smallest_last.txt
sherman1,870,631,0.3683683683683684,SMALLEST_LAST,data\processed\initial_graph_coloring_dataset\colpack_outputs_week13_expanded\sherman1_smallest_last.txt
sherman1,860,632,0.36736736736736736,SMALLEST_LAST,data\processed\initial_graph_coloring_dataset\colpack_outputs_week13_expanded\sherman1_smallest_last.txt
sherman1,850,633,0.3663663663663664,SMALLEST_LAST,data\processed\initial_graph_coloring_dataset\colpack_outputs_week13_expanded\sherman1_smallest_last.txt
sherman1,840,634,0.36536536536536535,SMALLEST_LAST,data\processed\initial_graph_coloring_dataset\colpack_outputs_week13_expanded\sherman1_smallest_last.txt
sherman1,830,635,0.36436436436436437,SMALLEST_LAST,data\processed\initial_graph_coloring_dataset\colpack_outputs_week13_expanded\sherman1_smallest_last.txt
sherman1,820,636,0.3633633633633634,SMALLEST_LAST,data\processed\initial_graph_coloring_dataset\colpack_outputs_week13_expanded\sherman1_smallest_last.txt
sherman1,810,637,0.36236236236236236,SMALLEST_LAST,data\processed\initial_graph_coloring_dataset\colpack_outputs_week13_expanded\sherman1_smallest_last.txt
sherman1,800,638,0.3613613613613614,SMALLEST_LAST,data\processed\initial_graph_coloring_dataset\colpack_outputs_week13_expanded\sherman1_smallest_last.txt
sherman1,900,639,0.36036036036036034,SMALLEST_LAST,data\processed\initial_graph_coloring_dataset\colpack_outputs_week13_expanded\sherman1_smallest_last.txt
sherman1,910,640,0.35935935935935936,SMALLEST_LAST,data\processed\initial_graph_coloring_dataset\colpack_outputs_week13_expanded\sherman1_smallest_last.txt
sherman1,920,641,0.35835835835835833,SMALLEST_LAST,data\processed\initial_graph_coloring_dataset\colpack_outputs_week13_expanded\sherman1_smallest_last.txt
sherman1,993,642,0.35735735735735735,SMALLEST_LAST,data\processed\initial_graph_coloring_dataset\colpack_outputs_week13_expanded\sherman1_smallest_last.txt
sherman1,983,643,0.3563563563563564,SMALLEST_LAST,data\processed\initial_graph_coloring_dataset\colpack_outputs_week13_expanded\sherman1_smallest_last.txt
sherman1,973,644,0.35535535535535534,SMALLEST_LAST,data\processed\initial_graph_coloring_dataset\colpack_outputs_week13_expanded\sherman1_smallest_last.txt
sherman1,963,645,0.35435435435435436,SMALLEST_LAST,data\processed\initial_graph_coloring_dataset\colpack_outputs_week13_expanded\sherman1_smallest_last.txt
sherman1,953,646,0.3533533533533533,SMALLEST_LAST,data\processed\initial_graph_coloring_dataset\colpack_outputs_week13_expanded\sherman1_smallest_last.txt
sherman1,943,647,0.35235235235235235,SMALLEST_LAST,data\processed\initial_graph_coloring_dataset\colpack_outputs_week13_expanded\sherman1_smallest_last.txt
sherman1,933,648,0.35135135135135137,SMALLEST_LAST,data\processed\initial_graph_coloring_dataset\colpack_outputs_week13_expanded\sherman1_smallest_last.txt
sherman1,868,649,0.35035035035035034,SMALLEST_LAST,data\processed\initial_graph_coloring_dataset\colpack_outputs_week13_expanded\sherman1_smallest_last.txt
sherman1,869,650,0.34934934934934936,SMALLEST_LAST,data\processed\initial_graph_coloring_dataset\colpack_outputs_week13_expanded\sherman1_smallest_last.txt
sherman1,878,651,0.3483483483483483,SMALLEST_LAST,data\processed\initial_graph_coloring_dataset\colpack_outputs_week13_expanded\sherman1_smallest_last.txt
sherman1,879,652,0.34734734734734735,SMALLEST_LAST,data\processed\initial_graph_coloring_dataset\colpack_outputs_week13_expanded\sherman1_smallest_last.txt
sherman1,888,653,0.34634634634634637,SMALLEST_LAST,data\processed\initial_graph_coloring_dataset\colpack_outputs_week13_expanded\sherman1_smallest_last.txt
sherman1,889,654,0.34534534534534533,SMALLEST_LAST,data\processed\initial_graph_coloring_dataset\colpack_outputs_week13_expanded\sherman1_smallest_last.txt
sherman1,898,655,0.34434434434434436,SMALLEST_LAST,data\processed\initial_graph_coloring_dataset\colpack_outputs_week13_expanded\sherman1_smallest_last.txt
sherman1,899,656,0.3433433433433433,SMALLEST_LAST,data\processed\initial_graph_coloring_dataset\colpack_outputs_week13_expanded\sherman1_smallest_last.txt
sherman1,940,657,0.34234234234234234,SMALLEST_LAST,data\processed\initial_graph_coloring_dataset\colpack_outputs_week13_expanded\sherman1_smallest_last.txt
sherman1,950,658,0.34134134134134136,SMALLEST_LAST,data\processed\initial_graph_coloring_dataset\colpack_outputs_week13_expanded\sherman1_smallest_last.txt
sherman1,960,659,0.34034034034034033,SMALLEST_LAST,data\processed\initial_graph_coloring_dataset\colpack_outputs_week13_expanded\sherman1_smallest_last.txt
sherman1,970,660,0.33933933933933935,SMALLEST_LAST,data\processed\initial_graph_coloring_dataset\colpack_outputs_week13_expanded\sherman1_smallest_last.txt
sherman1,915,661,0.3383383383383383,SMALLEST_LAST,data\processed\initial_graph_coloring_dataset\colpack_outputs_week13_expanded\sherman1_smallest_last.txt
sherman1,925,662,0.33733733733733734,SMALLEST_LAST,data\processed\initial_graph_coloring_dataset\colpack_outputs_week13_expanded\sherman1_smallest_last.txt
sherman1,935,663,0.33633633633633636,SMALLEST_LAST,data\processed\initial_graph_coloring_dataset\colpack_outputs_week13_expanded\sherman1_smallest_last.txt
sherman1,945,664,0.3353353353353353,SMALLEST_LAST,data\processed\initial_graph_coloring_dataset\colpack_outputs_week13_expanded\sherman1_smallest_last.txt
sherman1,955,665,0.33433433433433435,SMALLEST_LAST,data\processed\initial_graph_coloring_dataset\colpack_outputs_week13_expanded\sherman1_smallest_last.txt
sherman1,965,666,0.3333333333333333,SMALLEST_LAST,data\processed\initial_graph_coloring_dataset\colpack_outputs_week13_expanded\sherman1_smallest_last.txt
sherman1,975,667,0.33233233233233234,SMALLEST_LAST,data\processed\initial_graph_coloring_dataset\colpack_outputs_week13_expanded\sherman1_smallest_last.txt
sherman1,985,668,0.33133133133133136,SMALLEST_LAST,data\processed\initial_graph_coloring_dataset\colpack_outputs_week13_expanded\sherman1_smallest_last.txt
sherman1,995,669,0.3303303303303303,SMALLEST_LAST,data\processed\initial_graph_coloring_dataset\colpack_outputs_week13_expanded\sherman1_smallest_last.txt
sherman1,959,670,0.32932932932932935,SMALLEST_LAST,data\processed\initial_graph_coloring_dataset\colpack_outputs_week13_expanded\sherman1_smallest_last.txt
sherman1,969,671,0.3283283283283283,SMALLEST_LAST,data\processed\initial_graph_coloring_dataset\colpack_outputs_week13_expanded\sherman1_smallest_last.txt
sherman1,979,672,0.32732732732732733,SMALLEST_LAST,data\processed\initial_graph_coloring_dataset\colpack_outputs_week13_expanded\sherman1_smallest_last.txt
sherman1,989,673,0.3263263263263263,SMALLEST_LAST,data\processed\initial_graph_coloring_dataset\colpack_outputs_week13_expanded\sherman1_smallest_last.txt
sherman1,999,674,0.3253253253253253,SMALLEST_LAST,data\processed\initial_graph_coloring_dataset\colpack_outputs_week13_expanded\sherman1_smallest_last.txt
sherman1,958,675,0.32432432432432434,SMALLEST_LAST,data\processed\initial_graph_coloring_dataset\colpack_outputs_week13_expanded\sherman1_smallest_last.txt
sherman1,968,676,0.3233233233233233,SMALLEST_LAST,data\processed\initial_graph_coloring_dataset\colpack_outputs_week13_expanded\sherman1_smallest_last.txt
sherman1,978,677,0.32232232232232233,SMALLEST_LAST,data\processed\initial_graph_coloring_dataset\colpack_outputs_week13_expanded\sherman1_smallest_last.txt
sherman1,957,678,0.3213213213213213,SMALLEST_LAST,data\processed\initial_graph_coloring_dataset\colpack_outputs_week13_expanded\sherman1_smallest_last.txt
sherman1,967,679,0.3203203203203203,SMALLEST_LAST,data\processed\initial_graph_coloring_dataset\colpack_outputs_week13_expanded\sherman1_smallest_last.txt
sherman1,977,680,0.31931931931931934,SMALLEST_LAST,data\processed\initial_graph_coloring_dataset\colpack_outputs_week13_expanded\sherman1_smallest_last.txt
sherman1,987,681,0.3183183183183183,SMALLEST_LAST,data\processed\initial_graph_coloring_dataset\colpack_outputs_week13_expanded\sherman1_smallest_last.txt
sherman1,988,682,0.3173173173173173,SMALLEST_LAST,data\processed\initial_graph_coloring_dataset\colpack_outputs_week13_expanded\sherman1_smallest_last.txt
sherman1,997,683,0.3163163163163163,SMALLEST_LAST,data\processed\initial_graph_coloring_dataset\colpack_outputs_week13_expanded\sherman1_smallest_last.txt
sherman1,998,684,0.3153153153153153,SMALLEST_LAST,data\processed\initial_graph_coloring_dataset\colpack_outputs_week13_expanded\sherman1_smallest_last.txt
sherman1,100,685,0.31431431431431434,SMALLEST_LAST,data\processed\initial_graph_coloring_dataset\colpack_outputs_week13_expanded\sherman1_smallest_last.txt
sherman1,102,686,0.3133133133133133,SMALLEST_LAST,data\processed\initial_graph_coloring_dataset\colpack_outputs_week13_expanded\sherman1_smallest_last.txt
sherman1,103,687,0.3123123123123123,SMALLEST_LAST,data\processed\initial_graph_coloring_dataset\colpack_outputs_week13_expanded\sherman1_smallest_last.txt
sherman1,104,688,0.3113113113113113,SMALLEST_LAST,data\processed\initial_graph_coloring_dataset\colpack_outputs_week13_expanded\sherman1_smallest_last.txt
sherman1,105,689,0.3103103103103103,SMALLEST_LAST,data\processed\initial_graph_coloring_dataset\colpack_outputs_week13_expanded\sherman1_smallest_last.txt
sherman1,106,690,0.30930930930930933,SMALLEST_LAST,data\processed\initial_graph_coloring_dataset\colpack_outputs_week13_expanded\sherman1_smallest_last.txt
sherman1,108,691,0.3083083083083083,SMALLEST_LAST,data\processed\initial_graph_coloring_dataset\colpack_outputs_week13_expanded\sherman1_smallest_last.txt
sherman1,109,692,0.3073073073073073,SMALLEST_LAST,data\processed\initial_graph_coloring_dataset\colpack_outputs_week13_expanded\sherman1_smallest_last.txt
sherman1,110,693,0.3063063063063063,SMALLEST_LAST,data\processed\initial_graph_coloring_dataset\colpack_outputs_week13_expanded\sherman1_smallest_last.txt
sherman1,112,694,0.3053053053053053,SMALLEST_LAST,data\processed\initial_graph_coloring_dataset\colpack_outputs_week13_expanded\sherman1_smallest_last.txt
sherman1,114,695,0.30430430430430433,SMALLEST_LAST,data\processed\initial_graph_coloring_dataset\colpack_outputs_week13_expanded\sherman1_smallest_last.txt
sherman1,115,696,0.3033033033033033,SMALLEST_LAST,data\processed\initial_graph_coloring_dataset\colpack_outputs_week13_expanded\sherman1_smallest_last.txt
sherman1,116,697,0.3023023023023023,SMALLEST_LAST,data\processed\initial_graph_coloring_dataset\colpack_outputs_week13_expanded\sherman1_smallest_last.txt
sherman1,118,698,0.3013013013013013,SMALLEST_LAST,data\processed\initial_graph_coloring_dataset\colpack_outputs_week13_expanded\sherman1_smallest_last.txt
sherman1,119,699,0.3003003003003003,SMALLEST_LAST,data\processed\initial_graph_coloring_dataset\colpack_outputs_week13_expanded\sherman1_smallest_last.txt
sherman1,120,700,0.2992992992992993,SMALLEST_LAST,data\processed\initial_graph_coloring_dataset\colpack_outputs_week13_expanded\sherman1_smallest_last.txt
sherman1,122,701,0.2982982982982983,SMALLEST_LAST,data\processed\initial_graph_coloring_dataset\colpack_outputs_week13_expanded\sherman1_smallest_last.txt
sherman1,124,702,0.2972972972972973,SMALLEST_LAST,data\processed\initial_graph_coloring_dataset\colpack_outputs_week13_expanded\sherman1_smallest_last.txt
sherman1,126,703,0.2962962962962963,SMALLEST_LAST,data\processed\initial_graph_coloring_dataset\colpack_outputs_week13_expanded\sherman1_smallest_last.txt
sherman1,128,704,0.2952952952952953,SMALLEST_LAST,data\processed\initial_graph_coloring_dataset\colpack_outputs_week13_expanded\sherman1_smallest_last.txt
sherman1,129,705,0.29429429429429427,SMALLEST_LAST,data\processed\initial_graph_coloring_dataset\colpack_outputs_week13_expanded\sherman1_smallest_last.txt
sherman1,130,706,0.2932932932932933,SMALLEST_LAST,data\processed\initial_graph_coloring_dataset\colpack_outputs_week13_expanded\sherman1_smallest_last.txt
sherman1,132,707,0.2922922922922923,SMALLEST_LAST,data\processed\initial_graph_coloring_dataset\colpack_outputs_week13_expanded\sherman1_smallest_last.txt
sherman1,134,708,0.2912912912912913,SMALLEST_LAST,data\processed\initial_graph_coloring_dataset\colpack_outputs_week13_expanded\sherman1_smallest_last.txt
sherman1,136,709,0.2902902902902903,SMALLEST_LAST,data\processed\initial_graph_coloring_dataset\colpack_outputs_week13_expanded\sherman1_smallest_last.txt
sherman1,138,710,0.28928928928928926,SMALLEST_LAST,data\processed\initial_graph_coloring_dataset\colpack_outputs_week13_expanded\sherman1_smallest_last.txt
sherman1,139,711,0.2882882882882883,SMALLEST_LAST,data\processed\initial_graph_coloring_dataset\colpack_outputs_week13_expanded\sherman1_smallest_last.txt
sherman1,140,712,0.2872872872872873,SMALLEST_LAST,data\processed\initial_graph_coloring_dataset\colpack_outputs_week13_expanded\sherman1_smallest_last.txt
sherman1,142,713,0.2862862862862863,SMALLEST_LAST,data\processed\initial_graph_coloring_dataset\colpack_outputs_week13_expanded\sherman1_smallest_last.txt
sherman1,144,714,0.2852852852852853,SMALLEST_LAST,data\processed\initial_graph_coloring_dataset\colpack_outputs_week13_expanded\sherman1_smallest_last.txt
sherman1,146,715,0.28428428428428426,SMALLEST_LAST,data\processed\initial_graph_coloring_dataset\colpack_outputs_week13_expanded\sherman1_smallest_last.txt
sherman1,148,716,0.2832832832832833,SMALLEST_LAST,data\processed\initial_graph_coloring_dataset\colpack_outputs_week13_expanded\sherman1_smallest_last.txt
sherman1,149,717,0.2822822822822823,SMALLEST_LAST,data\processed\initial_graph_coloring_dataset\colpack_outputs_week13_expanded\sherman1_smallest_last.txt
sherman1,150,718,0.28128128128128127,SMALLEST_LAST,data\processed\initial_graph_coloring_dataset\colpack_outputs_week13_expanded\sherman1_smallest_last.txt
sherman1,152,719,0.2802802802802803,SMALLEST_LAST,data\processed\initial_graph_coloring_dataset\colpack_outputs_week13_expanded\sherman1_smallest_last.txt
sherman1,154,720,0.27927927927927926,SMALLEST_LAST,data\processed\initial_graph_coloring_dataset\colpack_outputs_week13_expanded\sherman1_smallest_last.txt
sherman1,156,721,0.2782782782782783,SMALLEST_LAST,data\processed\initial_graph_coloring_dataset\colpack_outputs_week13_expanded\sherman1_smallest_last.txt
sherman1,158,722,0.2772772772772773,SMALLEST_LAST,data\processed\initial_graph_coloring_dataset\colpack_outputs_week13_expanded\sherman1_smallest_last.txt
sherman1,160,723,0.27627627627627627,SMALLEST_LAST,data\processed\initial_graph_coloring_dataset\colpack_outputs_week13_expanded\sherman1_smallest_last.txt
sherman1,162,724,0.2752752752752753,SMALLEST_LAST,data\processed\initial_graph_coloring_dataset\colpack_outputs_week13_expanded\sherman1_smallest_last.txt
sherman1,164,725,0.27427427427427425,SMALLEST_LAST,data\processed\initial_graph_coloring_dataset\colpack_outputs_week13_expanded\sherman1_smallest_last.txt
sherman1,166,726,0.2732732732732733,SMALLEST_LAST,data\processed\initial_graph_coloring_dataset\colpack_outputs_week13_expanded\sherman1_smallest_last.txt
sherman1,167,727,0.2722722722722723,SMALLEST_LAST,data\processed\initial_graph_coloring_dataset\colpack_outputs_week13_expanded\sherman1_smallest_last.txt
sherman1,168,728,0.27127127127127126,SMALLEST_LAST,data\processed\initial_graph_coloring_dataset\colpack_outputs_week13_expanded\sherman1_smallest_last.txt
sherman1,170,729,0.2702702702702703,SMALLEST_LAST,data\processed\initial_graph_coloring_dataset\colpack_outputs_week13_expanded\sherman1_smallest_last.txt
sherman1,172,730,0.26926926926926925,SMALLEST_LAST,data\processed\initial_graph_coloring_dataset\colpack_outputs_week13_expanded\sherman1_smallest_last.txt
sherman1,174,731,0.2682682682682683,SMALLEST_LAST,data\processed\initial_graph_coloring_dataset\colpack_outputs_week13_expanded\sherman1_smallest_last.txt
sherman1,176,732,0.2672672672672673,SMALLEST_LAST,data\processed\initial_graph_coloring_dataset\colpack_outputs_week13_expanded\sherman1_smallest_last.txt
sherman1,177,733,0.26626626626626626,SMALLEST_LAST,data\processed\initial_graph_coloring_dataset\colpack_outputs_week13_expanded\sherman1_smallest_last.txt
sherman1,178,734,0.2652652652652653,SMALLEST_LAST,data\processed\initial_graph_coloring_dataset\colpack_outputs_week13_expanded\sherman1_smallest_last.txt
sherman1,180,735,0.26426426426426425,SMALLEST_LAST,data\processed\initial_graph_coloring_dataset\colpack_outputs_week13_expanded\sherman1_smallest_last.txt
sherman1,181,736,0.26326326326326327,SMALLEST_LAST,data\processed\initial_graph_coloring_dataset\colpack_outputs_week13_expanded\sherman1_smallest_last.txt
sherman1,182,737,0.26226226226226224,SMALLEST_LAST,data\processed\initial_graph_coloring_dataset\colpack_outputs_week13_expanded\sherman1_smallest_last.txt
sherman1,184,738,0.26126126126126126,SMALLEST_LAST,data\processed\initial_graph_coloring_dataset\colpack_outputs_week13_expanded\sherman1_smallest_last.txt
sherman1,186,739,0.2602602602602603,SMALLEST_LAST,data\processed\initial_graph_coloring_dataset\colpack_outputs_week13_expanded\sherman1_smallest_last.txt
sherman1,187,740,0.25925925925925924,SMALLEST_LAST,data\processed\initial_graph_coloring_dataset\colpack_outputs_week13_expanded\sherman1_smallest_last.txt
sherman1,188,741,0.25825825825825827,SMALLEST_LAST,data\processed\initial_graph_coloring_dataset\colpack_outputs_week13_expanded\sherman1_smallest_last.txt
sherman1,190,742,0.25725725725725723,SMALLEST_LAST,data\processed\initial_graph_coloring_dataset\colpack_outputs_week13_expanded\sherman1_smallest_last.txt
sherman1,191,743,0.25625625625625625,SMALLEST_LAST,data\processed\initial_graph_coloring_dataset\colpack_outputs_week13_expanded\sherman1_smallest_last.txt
sherman1,192,744,0.2552552552552553,SMALLEST_LAST,data\processed\initial_graph_coloring_dataset\colpack_outputs_week13_expanded\sherman1_smallest_last.txt
sherman1,193,745,0.25425425425425424,SMALLEST_LAST,data\processed\initial_graph_coloring_dataset\colpack_outputs_week13_expanded\sherman1_smallest_last.txt
sherman1,194,746,0.25325325325325326,SMALLEST_LAST,data\processed\initial_graph_coloring_dataset\colpack_outputs_week13_expanded\sherman1_smallest_last.txt
sherman1,196,747,0.25225225225225223,SMALLEST_LAST,data\processed\initial_graph_coloring_dataset\colpack_outputs_week13_expanded\sherman1_smallest_last.txt
sherman1,197,748,0.25125125125125125,SMALLEST_LAST,data\processed\initial_graph_coloring_dataset\colpack_outputs_week13_expanded\sherman1_smallest_last.txt
sherman1,198,749,0.2502502502502503,SMALLEST_LAST,data\processed\initial_graph_coloring_dataset\colpack_outputs_week13_expanded\sherman1_smallest_last.txt
sherman1,300,750,0.24924924924924924,SMALLEST_LAST,data\processed\initial_graph_coloring_dataset\colpack_outputs_week13_expanded\sherman1_smallest_last.txt
sherman1,301,751,0.24824824824824826,SMALLEST_LAST,data\processed\initial_graph_coloring_dataset\colpack_outputs_week13_expanded\sherman1_smallest_last.txt
sherman1,302,752,0.24724724724724725,SMALLEST_LAST,data\processed\initial_graph_coloring_dataset\colpack_outputs_week13_expanded\sherman1_smallest_last.txt
sherman1,303,753,0.24624624624624625,SMALLEST_LAST,data\processed\initial_graph_coloring_dataset\colpack_outputs_week13_expanded\sherman1_smallest_last.txt
sherman1,304,754,0.24524524524524524,SMALLEST_LAST,data\processed\initial_graph_coloring_dataset\colpack_outputs_week13_expanded\sherman1_smallest_last.txt
sherman1,305,755,0.24424424424424424,SMALLEST_LAST,data\processed\initial_graph_coloring_dataset\colpack_outputs_week13_expanded\sherman1_smallest_last.txt
sherman1,306,756,0.24324324324324326,SMALLEST_LAST,data\processed\initial_graph_coloring_dataset\colpack_outputs_week13_expanded\sherman1_smallest_last.txt
sherman1,308,757,0.24224224224224225,SMALLEST_LAST,data\processed\initial_graph_coloring_dataset\colpack_outputs_week13_expanded\sherman1_smallest_last.txt
sherman1,309,758,0.24124124124124124,SMALLEST_LAST,data\processed\initial_graph_coloring_dataset\colpack_outputs_week13_expanded\sherman1_smallest_last.txt
sherman1,310,759,0.24024024024024024,SMALLEST_LAST,data\processed\initial_graph_coloring_dataset\colpack_outputs_week13_expanded\sherman1_smallest_last.txt
sherman1,311,760,0.23923923923923923,SMALLEST_LAST,data\processed\initial_graph_coloring_dataset\colpack_outputs_week13_expanded\sherman1_smallest_last.txt
sherman1,312,761,0.23823823823823823,SMALLEST_LAST,data\processed\initial_graph_coloring_dataset\colpack_outputs_week13_expanded\sherman1_smallest_last.txt
sherman1,314,762,0.23723723723723725,SMALLEST_LAST,data\processed\initial_graph_coloring_dataset\colpack_outputs_week13_expanded\sherman1_smallest_last.txt
sherman1,315,763,0.23623623623623624,SMALLEST_LAST,data\processed\initial_graph_coloring_dataset\colpack_outputs_week13_expanded\sherman1_smallest_last.txt
sherman1,316,764,0.23523523523523523,SMALLEST_LAST,data\processed\initial_graph_coloring_dataset\colpack_outputs_week13_expanded\sherman1_smallest_last.txt
sherman1,318,765,0.23423423423423423,SMALLEST_LAST,data\processed\initial_graph_coloring_dataset\colpack_outputs_week13_expanded\sherman1_smallest_last.txt
sherman1,319,766,0.23323323323323322,SMALLEST_LAST,data\processed\initial_graph_coloring_dataset\colpack_outputs_week13_expanded\sherman1_smallest_last.txt
sherman1,320,767,0.23223223223223224,SMALLEST_LAST,data\processed\initial_graph_coloring_dataset\colpack_outputs_week13_expanded\sherman1_smallest_last.txt
sherman1,321,768,0.23123123123123124,SMALLEST_LAST,data\processed\initial_graph_coloring_dataset\colpack_outputs_week13_expanded\sherman1_smallest_last.txt
sherman1,322,769,0.23023023023023023,SMALLEST_LAST,data\processed\initial_graph_coloring_dataset\colpack_outputs_week13_expanded\sherman1_smallest_last.txt
sherman1,324,770,0.22922922922922923,SMALLEST_LAST,data\processed\initial_graph_coloring_dataset\colpack_outputs_week13_expanded\sherman1_smallest_last.txt
sherman1,326,771,0.22822822822822822,SMALLEST_LAST,data\processed\initial_graph_coloring_dataset\colpack_outputs_week13_expanded\sherman1_smallest_last.txt
sherman1,328,772,0.22722722722722724,SMALLEST_LAST,data\processed\initial_graph_coloring_dataset\colpack_outputs_week13_expanded\sherman1_smallest_last.txt
sherman1,329,773,0.22622622622622623,SMALLEST_LAST,data\processed\initial_graph_coloring_dataset\colpack_outputs_week13_expanded\sherman1_smallest_last.txt
sherman1,331,774,0.22522522522522523,SMALLEST_LAST,data\processed\initial_graph_coloring_dataset\colpack_outputs_week13_expanded\sherman1_smallest_last.txt
sherman1,332,775,0.22422422422422422,SMALLEST_LAST,data\processed\initial_graph_coloring_dataset\colpack_outputs_week13_expanded\sherman1_smallest_last.txt
sherman1,334,776,0.22322322322322322,SMALLEST_LAST,data\processed\initial_graph_coloring_dataset\colpack_outputs_week13_expanded\sherman1_smallest_last.txt
sherman1,336,777,0.2222222222222222,SMALLEST_LAST,data\processed\initial_graph_coloring_dataset\colpack_outputs_week13_expanded\sherman1_smallest_last.txt
sherman1,338,778,0.22122122122122123,SMALLEST_LAST,data\processed\initial_graph_coloring_dataset\colpack_outputs_week13_expanded\sherman1_smallest_last.txt
sherman1,339,779,0.22022022022022023,SMALLEST_LAST,data\processed\initial_graph_coloring_dataset\colpack_outputs_week13_expanded\sherman1_smallest_last.txt
sherman1,341,780,0.21921921921921922,SMALLEST_LAST,data\processed\initial_graph_coloring_dataset\colpack_outputs_week13_expanded\sherman1_smallest_last.txt
sherman1,342,781,0.2182182182182182,SMALLEST_LAST,data\processed\initial_graph_coloring_dataset\colpack_outputs_week13_expanded\sherman1_smallest_last.txt
sherman1,344,782,0.2172172172172172,SMALLEST_LAST,data\processed\initial_graph_coloring_dataset\colpack_outputs_week13_expanded\sherman1_smallest_last.txt
sherman1,346,783,0.21621621621621623,SMALLEST_LAST,data\processed\initial_graph_coloring_dataset\colpack_outputs_week13_expanded\sherman1_smallest_last.txt
sherman1,348,784,0.21521521521521522,SMALLEST_LAST,data\processed\initial_graph_coloring_dataset\colpack_outputs_week13_expanded\sherman1_smallest_last.txt
sherman1,349,785,0.21421421421421422,SMALLEST_LAST,data\processed\initial_graph_coloring_dataset\colpack_outputs_week13_expanded\sherman1_smallest_last.txt
sherman1,351,786,0.2132132132132132,SMALLEST_LAST,data\processed\initial_graph_coloring_dataset\colpack_outputs_week13_expanded\sherman1_smallest_last.txt
sherman1,352,787,0.2122122122122122,SMALLEST_LAST,data\processed\initial_graph_coloring_dataset\colpack_outputs_week13_expanded\sherman1_smallest_last.txt
sherman1,354,788,0.21121121121121122,SMALLEST_LAST,data\processed\initial_graph_coloring_dataset\colpack_outputs_week13_expanded\sherman1_smallest_last.txt
sherman1,356,789,0.21021021021021022,SMALLEST_LAST,data\processed\initial_graph_coloring_dataset\colpack_outputs_week13_expanded\sherman1_smallest_last.txt
sherman1,358,790,0.2092092092092092,SMALLEST_LAST,data\processed\initial_graph_coloring_dataset\colpack_outputs_week13_expanded\sherman1_smallest_last.txt
sherman1,359,791,0.2082082082082082,SMALLEST_LAST,data\processed\initial_graph_coloring_dataset\colpack_outputs_week13_expanded\sherman1_smallest_last.txt
sherman1,361,792,0.2072072072072072,SMALLEST_LAST,data\processed\initial_graph_coloring_dataset\colpack_outputs_week13_expanded\sherman1_smallest_last.txt
sherman1,362,793,0.2062062062062062,SMALLEST_LAST,data\processed\initial_graph_coloring_dataset\colpack_outputs_week13_expanded\sherman1_smallest_last.txt
sherman1,366,794,0.20520520520520522,SMALLEST_LAST,data\processed\initial_graph_coloring_dataset\colpack_outputs_week13_expanded\sherman1_smallest_last.txt
sherman1,368,795,0.2042042042042042,SMALLEST_LAST,data\processed\initial_graph_coloring_dataset\colpack_outputs_week13_expanded\sherman1_smallest_last.txt
sherman1,369,796,0.2032032032032032,SMALLEST_LAST,data\processed\initial_graph_coloring_dataset\colpack_outputs_week13_expanded\sherman1_smallest_last.txt
sherman1,371,797,0.2022022022022022,SMALLEST_LAST,data\processed\initial_graph_coloring_dataset\colpack_outputs_week13_expanded\sherman1_smallest_last.txt
sherman1,376,798,0.2012012012012012,SMALLEST_LAST,data\processed\initial_graph_coloring_dataset\colpack_outputs_week13_expanded\sherman1_smallest_last.txt
sherman1,378,799,0.2002002002002002,SMALLEST_LAST,data\processed\initial_graph_coloring_dataset\colpack_outputs_week13_expanded\sherman1_smallest_last.txt
sherman1,381,800,0.1991991991991992,SMALLEST_LAST,data\processed\initial_graph_coloring_dataset\colpack_outputs_week13_expanded\sherman1_smallest_last.txt
sherman1,383,801,0.1981981981981982,SMALLEST_LAST,data\processed\initial_graph_coloring_dataset\colpack_outputs_week13_expanded\sherman1_smallest_last.txt
sherman1,386,802,0.1971971971971972,SMALLEST_LAST,data\processed\initial_graph_coloring_dataset\colpack_outputs_week13_expanded\sherman1_smallest_last.txt
sherman1,387,803,0.1961961961961962,SMALLEST_LAST,data\processed\initial_graph_coloring_dataset\colpack_outputs_week13_expanded\sherman1_smallest_last.txt
sherman1,388,804,0.19519519519519518,SMALLEST_LAST,data\processed\initial_graph_coloring_dataset\colpack_outputs_week13_expanded\sherman1_smallest_last.txt
sherman1,391,805,0.1941941941941942,SMALLEST_LAST,data\processed\initial_graph_coloring_dataset\colpack_outputs_week13_expanded\sherman1_smallest_last.txt
sherman1,393,806,0.1931931931931932,SMALLEST_LAST,data\processed\initial_graph_coloring_dataset\colpack_outputs_week13_expanded\sherman1_smallest_last.txt
sherman1,396,807,0.1921921921921922,SMALLEST_LAST,data\processed\initial_graph_coloring_dataset\colpack_outputs_week13_expanded\sherman1_smallest_last.txt
sherman1,397,808,0.19119119119119118,SMALLEST_LAST,data\processed\initial_graph_coloring_dataset\colpack_outputs_week13_expanded\sherman1_smallest_last.txt
sherman1,398,809,0.19019019019019018,SMALLEST_LAST,data\processed\initial_graph_coloring_dataset\colpack_outputs_week13_expanded\sherman1_smallest_last.txt
sherman1,500,810,0.1891891891891892,SMALLEST_LAST,data\processed\initial_graph_coloring_dataset\colpack_outputs_week13_expanded\sherman1_smallest_last.txt
sherman1,501,811,0.1881881881881882,SMALLEST_LAST,data\processed\initial_graph_coloring_dataset\colpack_outputs_week13_expanded\sherman1_smallest_last.txt
sherman1,502,812,0.1871871871871872,SMALLEST_LAST,data\processed\initial_graph_coloring_dataset\colpack_outputs_week13_expanded\sherman1_smallest_last.txt
sherman1,503,813,0.18618618618618618,SMALLEST_LAST,data\processed\initial_graph_coloring_dataset\colpack_outputs_week13_expanded\sherman1_smallest_last.txt
sherman1,505,814,0.18518518518518517,SMALLEST_LAST,data\processed\initial_graph_coloring_dataset\colpack_outputs_week13_expanded\sherman1_smallest_last.txt
sherman1,506,815,0.1841841841841842,SMALLEST_LAST,data\processed\initial_graph_coloring_dataset\colpack_outputs_week13_expanded\sherman1_smallest_last.txt
sherman1,507,816,0.1831831831831832,SMALLEST_LAST,data\processed\initial_graph_coloring_dataset\colpack_outputs_week13_expanded\sherman1_smallest_last.txt
sherman1,509,817,0.18218218218218218,SMALLEST_LAST,data\processed\initial_graph_coloring_dataset\colpack_outputs_week13_expanded\sherman1_smallest_last.txt
sherman1,510,818,0.18118118118118118,SMALLEST_LAST,data\processed\initial_graph_coloring_dataset\colpack_outputs_week13_expanded\sherman1_smallest_last.txt
sherman1,511,819,0.18018018018018017,SMALLEST_LAST,data\processed\initial_graph_coloring_dataset\colpack_outputs_week13_expanded\sherman1_smallest_last.txt
sherman1,512,820,0.17917917917917917,SMALLEST_LAST,data\processed\initial_graph_coloring_dataset\colpack_outputs_week13_expanded\sherman1_smallest_last.txt
sherman1,513,821,0.1781781781781782,SMALLEST_LAST,data\processed\initial_graph_coloring_dataset\colpack_outputs_week13_expanded\sherman1_smallest_last.txt
sherman1,515,822,0.17717717717717718,SMALLEST_LAST,data\processed\initial_graph_coloring_dataset\colpack_outputs_week13_expanded\sherman1_smallest_last.txt
sherman1,516,823,0.17617617617617617,SMALLEST_LAST,data\processed\initial_graph_coloring_dataset\colpack_outputs_week13_expanded\sherman1_smallest_last.txt
sherman1,517,824,0.17517517517517517,SMALLEST_LAST,data\processed\initial_graph_coloring_dataset\colpack_outputs_week13_expanded\sherman1_smallest_last.txt
sherman1,519,825,0.17417417417417416,SMALLEST_LAST,data\processed\initial_graph_coloring_dataset\colpack_outputs_week13_expanded\sherman1_smallest_last.txt
sherman1,520,826,0.17317317317317318,SMALLEST_LAST,data\processed\initial_graph_coloring_dataset\colpack_outputs_week13_expanded\sherman1_smallest_last.txt
sherman1,522,827,0.17217217217217218,SMALLEST_LAST,data\processed\initial_graph_coloring_dataset\colpack_outputs_week13_expanded\sherman1_smallest_last.txt
sherman1,523,828,0.17117117117117117,SMALLEST_LAST,data\processed\initial_graph_coloring_dataset\colpack_outputs_week13_expanded\sherman1_smallest_last.txt
sherman1,525,829,0.17017017017017017,SMALLEST_LAST,data\processed\initial_graph_coloring_dataset\colpack_outputs_week13_expanded\sherman1_smallest_last.txt
sherman1,527,830,0.16916916916916916,SMALLEST_LAST,data\processed\initial_graph_coloring_dataset\colpack_outputs_week13_expanded\sherman1_smallest_last.txt
sherman1,529,831,0.16816816816816818,SMALLEST_LAST,data\processed\initial_graph_coloring_dataset\colpack_outputs_week13_expanded\sherman1_smallest_last.txt
sherman1,530,832,0.16716716716716717,SMALLEST_LAST,data\processed\initial_graph_coloring_dataset\colpack_outputs_week13_expanded\sherman1_smallest_last.txt
sherman1,532,833,0.16616616616616617,SMALLEST_LAST,data\processed\initial_graph_coloring_dataset\colpack_outputs_week13_expanded\sherman1_smallest_last.txt
sherman1,533,834,0.16516516516516516,SMALLEST_LAST,data\processed\initial_graph_coloring_dataset\colpack_outputs_week13_expanded\sherman1_smallest_last.txt
sherman1,535,835,0.16416416416416416,SMALLEST_LAST,data\processed\initial_graph_coloring_dataset\colpack_outputs_week13_expanded\sherman1_smallest_last.txt
sherman1,537,836,0.16316316316316315,SMALLEST_LAST,data\processed\initial_graph_coloring_dataset\colpack_outputs_week13_expanded\sherman1_smallest_last.txt
sherman1,539,837,0.16216216216216217,SMALLEST_LAST,data\processed\initial_graph_coloring_dataset\colpack_outputs_week13_expanded\sherman1_smallest_last.txt
sherman1,542,838,0.16116116116116116,SMALLEST_LAST,data\processed\initial_graph_coloring_dataset\colpack_outputs_week13_expanded\sherman1_smallest_last.txt
sherman1,543,839,0.16016016016016016,SMALLEST_LAST,data\processed\initial_graph_coloring_dataset\colpack_outputs_week13_expanded\sherman1_smallest_last.txt
sherman1,545,840,0.15915915915915915,SMALLEST_LAST,data\processed\initial_graph_coloring_dataset\colpack_outputs_week13_expanded\sherman1_smallest_last.txt
sherman1,547,841,0.15815815815815815,SMALLEST_LAST,data\processed\initial_graph_coloring_dataset\colpack_outputs_week13_expanded\sherman1_smallest_last.txt
sherman1,548,842,0.15715715715715717,SMALLEST_LAST,data\processed\initial_graph_coloring_dataset\colpack_outputs_week13_expanded\sherman1_smallest_last.txt
sherman1,549,843,0.15615615615615616,SMALLEST_LAST,data\processed\initial_graph_coloring_dataset\colpack_outputs_week13_expanded\sherman1_smallest_last.txt
sherman1,552,844,0.15515515515515516,SMALLEST_LAST,data\processed\initial_graph_coloring_dataset\colpack_outputs_week13_expanded\sherman1_smallest_last.txt
sherman1,553,845,0.15415415415415415,SMALLEST_LAST,data\processed\initial_graph_coloring_dataset\colpack_outputs_week13_expanded\sherman1_smallest_last.txt
sherman1,555,846,0.15315315315315314,SMALLEST_LAST,data\processed\initial_graph_coloring_dataset\colpack_outputs_week13_expanded\sherman1_smallest_last.txt
sherman1,556,847,0.15215215215215216,SMALLEST_LAST,data\processed\initial_graph_coloring_dataset\colpack_outputs_week13_expanded\sherman1_smallest_last.txt
sherman1,557,848,0.15115115115115116,SMALLEST_LAST,data\processed\initial_graph_coloring_dataset\colpack_outputs_week13_expanded\sherman1_smallest_last.txt
sherman1,558,849,0.15015015015015015,SMALLEST_LAST,data\processed\initial_graph_coloring_dataset\colpack_outputs_week13_expanded\sherman1_smallest_last.txt
sherman1,562,850,0.14914914914914915,SMALLEST_LAST,data\processed\initial_graph_coloring_dataset\colpack_outputs_week13_expanded\sherman1_smallest_last.txt
sherman1,563,851,0.14814814814814814,SMALLEST_LAST,data\processed\initial_graph_coloring_dataset\colpack_outputs_week13_expanded\sherman1_smallest_last.txt
sherman1,564,852,0.14714714714714713,SMALLEST_LAST,data\processed\initial_graph_coloring_dataset\colpack_outputs_week13_expanded\sherman1_smallest_last.txt
sherman1,565,853,0.14614614614614616,SMALLEST_LAST,data\processed\initial_graph_coloring_dataset\colpack_outputs_week13_expanded\sherman1_smallest_last.txt
sherman1,566,854,0.14514514514514515,SMALLEST_LAST,data\processed\initial_graph_coloring_dataset\colpack_outputs_week13_expanded\sherman1_smallest_last.txt
sherman1,567,855,0.14414414414414414,SMALLEST_LAST,data\processed\initial_graph_coloring_dataset\colpack_outputs_week13_expanded\sherman1_smallest_last.txt
sherman1,568,856,0.14314314314314314,SMALLEST_LAST,data\processed\initial_graph_coloring_dataset\colpack_outputs_week13_expanded\sherman1_smallest_last.txt
sherman1,572,857,0.14214214214214213,SMALLEST_LAST,data\processed\initial_graph_coloring_dataset\colpack_outputs_week13_expanded\sherman1_smallest_last.txt
sherman1,573,858,0.14114114114114115,SMALLEST_LAST,data\processed\initial_graph_coloring_dataset\colpack_outputs_week13_expanded\sherman1_smallest_last.txt
sherman1,574,859,0.14014014014014015,SMALLEST_LAST,data\processed\initial_graph_coloring_dataset\colpack_outputs_week13_expanded\sherman1_smallest_last.txt
sherman1,575,860,0.13913913913913914,SMALLEST_LAST,data\processed\initial_graph_coloring_dataset\colpack_outputs_week13_expanded\sherman1_smallest_last.txt
sherman1,577,861,0.13813813813813813,SMALLEST_LAST,data\processed\initial_graph_coloring_dataset\colpack_outputs_week13_expanded\sherman1_smallest_last.txt
sherman1,578,862,0.13713713713713713,SMALLEST_LAST,data\processed\initial_graph_coloring_dataset\colpack_outputs_week13_expanded\sherman1_smallest_last.txt
sherman1,582,863,0.13613613613613615,SMALLEST_LAST,data\processed\initial_graph_coloring_dataset\colpack_outputs_week13_expanded\sherman1_smallest_last.txt
sherman1,583,864,0.13513513513513514,SMALLEST_LAST,data\processed\initial_graph_coloring_dataset\colpack_outputs_week13_expanded\sherman1_smallest_last.txt
sherman1,584,865,0.13413413413413414,SMALLEST_LAST,data\processed\initial_graph_coloring_dataset\colpack_outputs_week13_expanded\sherman1_smallest_last.txt
sherman1,585,866,0.13313313313313313,SMALLEST_LAST,data\processed\initial_graph_coloring_dataset\colpack_outputs_week13_expanded\sherman1_smallest_last.txt
sherman1,587,867,0.13213213213213212,SMALLEST_LAST,data\processed\initial_graph_coloring_dataset\colpack_outputs_week13_expanded\sherman1_smallest_last.txt
sherman1,588,868,0.13113113113113112,SMALLEST_LAST,data\processed\initial_graph_coloring_dataset\colpack_outputs_week13_expanded\sherman1_smallest_last.txt
sherman1,592,869,0.13013013013013014,SMALLEST_LAST,data\processed\initial_graph_coloring_dataset\colpack_outputs_week13_expanded\sherman1_smallest_last.txt
sherman1,593,870,0.12912912912912913,SMALLEST_LAST,data\processed\initial_graph_coloring_dataset\colpack_outputs_week13_expanded\sherman1_smallest_last.txt
sherman1,594,871,0.12812812812812813,SMALLEST_LAST,data\processed\initial_graph_coloring_dataset\colpack_outputs_week13_expanded\sherman1_smallest_last.txt
sherman1,595,872,0.12712712712712712,SMALLEST_LAST,data\processed\initial_graph_coloring_dataset\colpack_outputs_week13_expanded\sherman1_smallest_last.txt
sherman1,596,873,0.12612612612612611,SMALLEST_LAST,data\processed\initial_graph_coloring_dataset\colpack_outputs_week13_expanded\sherman1_smallest_last.txt
sherman1,597,874,0.12512512512512514,SMALLEST_LAST,data\processed\initial_graph_coloring_dataset\colpack_outputs_week13_expanded\sherman1_smallest_last.txt
sherman1,598,875,0.12412412412412413,SMALLEST_LAST,data\processed\initial_graph_coloring_dataset\colpack_outputs_week13_expanded\sherman1_smallest_last.txt
sherman1,700,876,0.12312312312312312,SMALLEST_LAST,data\processed\initial_graph_coloring_dataset\colpack_outputs_week13_expanded\sherman1_smallest_last.txt
sherman1,701,877,0.12212212212212212,SMALLEST_LAST,data\processed\initial_graph_coloring_dataset\colpack_outputs_week13_expanded\sherman1_smallest_last.txt
sherman1,702,878,0.12112112112112113,SMALLEST_LAST,data\processed\initial_graph_coloring_dataset\colpack_outputs_week13_expanded\sherman1_smallest_last.txt
sherman1,703,879,0.12012012012012012,SMALLEST_LAST,data\processed\initial_graph_coloring_dataset\colpack_outputs_week13_expanded\sherman1_smallest_last.txt
sherman1,704,880,0.11911911911911911,SMALLEST_LAST,data\processed\initial_graph_coloring_dataset\colpack_outputs_week13_expanded\sherman1_smallest_last.txt
sherman1,706,881,0.11811811811811812,SMALLEST_LAST,data\processed\initial_graph_coloring_dataset\colpack_outputs_week13_expanded\sherman1_smallest_last.txt
sherman1,707,882,0.11711711711711711,SMALLEST_LAST,data\processed\initial_graph_coloring_dataset\colpack_outputs_week13_expanded\sherman1_smallest_last.txt
sherman1,708,883,0.11611611611611612,SMALLEST_LAST,data\processed\initial_graph_coloring_dataset\colpack_outputs_week13_expanded\sherman1_smallest_last.txt
sherman1,710,884,0.11511511511511512,SMALLEST_LAST,data\processed\initial_graph_coloring_dataset\colpack_outputs_week13_expanded\sherman1_smallest_last.txt
sherman1,711,885,0.11411411411411411,SMALLEST_LAST,data\processed\initial_graph_coloring_dataset\colpack_outputs_week13_expanded\sherman1_smallest_last.txt
sherman1,712,886,0.11311311311311312,SMALLEST_LAST,data\processed\initial_graph_coloring_dataset\colpack_outputs_week13_expanded\sherman1_smallest_last.txt
sherman1,713,887,0.11211211211211211,SMALLEST_LAST,data\processed\initial_graph_coloring_dataset\colpack_outputs_week13_expanded\sherman1_smallest_last.txt
sherman1,714,888,0.1111111111111111,SMALLEST_LAST,data\processed\initial_graph_coloring_dataset\colpack_outputs_week13_expanded\sherman1_smallest_last.txt
sherman1,716,889,0.11011011011011011,SMALLEST_LAST,data\processed\initial_graph_coloring_dataset\colpack_outputs_week13_expanded\sherman1_smallest_last.txt
sherman1,717,890,0.1091091091091091,SMALLEST_LAST,data\processed\initial_graph_coloring_dataset\colpack_outputs_week13_expanded\sherman1_smallest_last.txt
sherman1,718,891,0.10810810810810811,SMALLEST_LAST,data\processed\initial_graph_coloring_dataset\colpack_outputs_week13_expanded\sherman1_smallest_last.txt
sherman1,720,892,0.10710710710710711,SMALLEST_LAST,data\processed\initial_graph_coloring_dataset\colpack_outputs_week13_expanded\sherman1_smallest_last.txt
sherman1,722,893,0.1061061061061061,SMALLEST_LAST,data\processed\initial_graph_coloring_dataset\colpack_outputs_week13_expanded\sherman1_smallest_last.txt
sherman1,723,894,0.10510510510510511,SMALLEST_LAST,data\processed\initial_graph_coloring_dataset\colpack_outputs_week13_expanded\sherman1_smallest_last.txt
sherman1,724,895,0.1041041041041041,SMALLEST_LAST,data\processed\initial_graph_coloring_dataset\colpack_outputs_week13_expanded\sherman1_smallest_last.txt
sherman1,726,896,0.1031031031031031,SMALLEST_LAST,data\processed\initial_graph_coloring_dataset\colpack_outputs_week13_expanded\sherman1_smallest_last.txt
sherman1,727,897,0.1021021021021021,SMALLEST_LAST,data\processed\initial_graph_coloring_dataset\colpack_outputs_week13_expanded\sherman1_smallest_last.txt
sherman1,728,898,0.1011011011011011,SMALLEST_LAST,data\processed\initial_graph_coloring_dataset\colpack_outputs_week13_expanded\sherman1_smallest_last.txt
sherman1,730,899,0.1001001001001001,SMALLEST_LAST,data\processed\initial_graph_coloring_dataset\colpack_outputs_week13_expanded\sherman1_smallest_last.txt
sherman1,732,900,0.0990990990990991,SMALLEST_LAST,data\processed\initial_graph_coloring_dataset\colpack_outputs_week13_expanded\sherman1_smallest_last.txt
sherman1,733,901,0.0980980980980981,SMALLEST_LAST,data\processed\initial_graph_coloring_dataset\colpack_outputs_week13_expanded\sherman1_smallest_last.txt
sherman1,734,902,0.0970970970970971,SMALLEST_LAST,data\processed\initial_graph_coloring_dataset\colpack_outputs_week13_expanded\sherman1_smallest_last.txt
sherman1,736,903,0.0960960960960961,SMALLEST_LAST,data\processed\initial_graph_coloring_dataset\colpack_outputs_week13_expanded\sherman1_smallest_last.txt
sherman1,737,904,0.09509509509509509,SMALLEST_LAST,data\processed\initial_graph_coloring_dataset\colpack_outputs_week13_expanded\sherman1_smallest_last.txt
sherman1,738,905,0.0940940940940941,SMALLEST_LAST,data\processed\initial_graph_coloring_dataset\colpack_outputs_week13_expanded\sherman1_smallest_last.txt
sherman1,740,906,0.09309309309309309,SMALLEST_LAST,data\processed\initial_graph_coloring_dataset\colpack_outputs_week13_expanded\sherman1_smallest_last.txt
sherman1,742,907,0.0920920920920921,SMALLEST_LAST,data\processed\initial_graph_coloring_dataset\colpack_outputs_week13_expanded\sherman1_smallest_last.txt
sherman1,743,908,0.09109109109109109,SMALLEST_LAST,data\processed\initial_graph_coloring_dataset\colpack_outputs_week13_expanded\sherman1_smallest_last.txt
sherman1,744,909,0.09009009009009009,SMALLEST_LAST,data\processed\initial_graph_coloring_dataset\colpack_outputs_week13_expanded\sherman1_smallest_last.txt
sherman1,746,910,0.0890890890890891,SMALLEST_LAST,data\processed\initial_graph_coloring_dataset\colpack_outputs_week13_expanded\sherman1_smallest_last.txt
sherman1,748,911,0.08808808808808809,SMALLEST_LAST,data\processed\initial_graph_coloring_dataset\colpack_outputs_week13_expanded\sherman1_smallest_last.txt
sherman1,750,912,0.08708708708708708,SMALLEST_LAST,data\processed\initial_graph_coloring_dataset\colpack_outputs_week13_expanded\sherman1_smallest_last.txt
sherman1,752,913,0.08608608608608609,SMALLEST_LAST,data\processed\initial_graph_coloring_dataset\colpack_outputs_week13_expanded\sherman1_smallest_last.txt
sherman1,753,914,0.08508508508508508,SMALLEST_LAST,data\processed\initial_graph_coloring_dataset\colpack_outputs_week13_expanded\sherman1_smallest_last.txt
sherman1,754,915,0.08408408408408409,SMALLEST_LAST,data\processed\initial_graph_coloring_dataset\colpack_outputs_week13_expanded\sherman1_smallest_last.txt
sherman1,756,916,0.08308308308308308,SMALLEST_LAST,data\processed\initial_graph_coloring_dataset\colpack_outputs_week13_expanded\sherman1_smallest_last.txt
sherman1,758,917,0.08208208208208208,SMALLEST_LAST,data\processed\initial_graph_coloring_dataset\colpack_outputs_week13_expanded\sherman1_smallest_last.txt
sherman1,760,918,0.08108108108108109,SMALLEST_LAST,data\processed\initial_graph_coloring_dataset\colpack_outputs_week13_expanded\sherman1_smallest_last.txt
sherman1,762,919,0.08008008008008008,SMALLEST_LAST,data\processed\initial_graph_coloring_dataset\colpack_outputs_week13_expanded\sherman1_smallest_last.txt
sherman1,763,920,0.07907907907907907,SMALLEST_LAST,data\processed\initial_graph_coloring_dataset\colpack_outputs_week13_expanded\sherman1_smallest_last.txt
sherman1,764,921,0.07807807807807808,SMALLEST_LAST,data\processed\initial_graph_coloring_dataset\colpack_outputs_week13_expanded\sherman1_smallest_last.txt
sherman1,766,922,0.07707707707707707,SMALLEST_LAST,data\processed\initial_graph_coloring_dataset\colpack_outputs_week13_expanded\sherman1_smallest_last.txt
sherman1,768,923,0.07607607607607608,SMALLEST_LAST,data\processed\initial_graph_coloring_dataset\colpack_outputs_week13_expanded\sherman1_smallest_last.txt
sherman1,769,924,0.07507507507507508,SMALLEST_LAST,data\processed\initial_graph_coloring_dataset\colpack_outputs_week13_expanded\sherman1_smallest_last.txt
sherman1,770,925,0.07407407407407407,SMALLEST_LAST,data\processed\initial_graph_coloring_dataset\colpack_outputs_week13_expanded\sherman1_smallest_last.txt
sherman1,772,926,0.07307307307307308,SMALLEST_LAST,data\processed\initial_graph_coloring_dataset\colpack_outputs_week13_expanded\sherman1_smallest_last.txt
sherman1,773,927,0.07207207207207207,SMALLEST_LAST,data\processed\initial_graph_coloring_dataset\colpack_outputs_week13_expanded\sherman1_smallest_last.txt
sherman1,774,928,0.07107107107107107,SMALLEST_LAST,data\processed\initial_graph_coloring_dataset\colpack_outputs_week13_expanded\sherman1_smallest_last.txt
sherman1,776,929,0.07007007007007007,SMALLEST_LAST,data\processed\initial_graph_coloring_dataset\colpack_outputs_week13_expanded\sherman1_smallest_last.txt
sherman1,778,930,0.06906906906906907,SMALLEST_LAST,data\processed\initial_graph_coloring_dataset\colpack_outputs_week13_expanded\sherman1_smallest_last.txt
sherman1,779,931,0.06806806806806807,SMALLEST_LAST,data\processed\initial_graph_coloring_dataset\colpack_outputs_week13_expanded\sherman1_smallest_last.txt
sherman1,780,932,0.06706706706706707,SMALLEST_LAST,data\processed\initial_graph_coloring_dataset\colpack_outputs_week13_expanded\sherman1_smallest_last.txt
sherman1,782,933,0.06606606606606606,SMALLEST_LAST,data\processed\initial_graph_coloring_dataset\colpack_outputs_week13_expanded\sherman1_smallest_last.txt
sherman1,783,934,0.06506506506506507,SMALLEST_LAST,data\processed\initial_graph_coloring_dataset\colpack_outputs_week13_expanded\sherman1_smallest_last.txt
sherman1,784,935,0.06406406406406406,SMALLEST_LAST,data\processed\initial_graph_coloring_dataset\colpack_outputs_week13_expanded\sherman1_smallest_last.txt
sherman1,785,936,0.06306306306306306,SMALLEST_LAST,data\processed\initial_graph_coloring_dataset\colpack_outputs_week13_expanded\sherman1_smallest_last.txt
sherman1,786,937,0.062062062062062065,SMALLEST_LAST,data\processed\initial_graph_coloring_dataset\colpack_outputs_week13_expanded\sherman1_smallest_last.txt
sherman1,788,938,0.06106106106106106,SMALLEST_LAST,data\processed\initial_graph_coloring_dataset\colpack_outputs_week13_expanded\sherman1_smallest_last.txt
sherman1,789,939,0.06006006006006006,SMALLEST_LAST,data\processed\initial_graph_coloring_dataset\colpack_outputs_week13_expanded\sherman1_smallest_last.txt
sherman1,790,940,0.05905905905905906,SMALLEST_LAST,data\processed\initial_graph_coloring_dataset\colpack_outputs_week13_expanded\sherman1_smallest_last.txt
sherman1,792,941,0.05805805805805806,SMALLEST_LAST,data\processed\initial_graph_coloring_dataset\colpack_outputs_week13_expanded\sherman1_smallest_last.txt
sherman1,793,942,0.057057057057057055,SMALLEST_LAST,data\processed\initial_graph_coloring_dataset\colpack_outputs_week13_expanded\sherman1_smallest_last.txt
sherman1,794,943,0.056056056056056056,SMALLEST_LAST,data\processed\initial_graph_coloring_dataset\colpack_outputs_week13_expanded\sherman1_smallest_last.txt
sherman1,795,944,0.055055055055055056,SMALLEST_LAST,data\processed\initial_graph_coloring_dataset\colpack_outputs_week13_expanded\sherman1_smallest_last.txt
sherman1,796,945,0.05405405405405406,SMALLEST_LAST,data\processed\initial_graph_coloring_dataset\colpack_outputs_week13_expanded\sherman1_smallest_last.txt
sherman1,798,946,0.05305305305305305,SMALLEST_LAST,data\processed\initial_graph_coloring_dataset\colpack_outputs_week13_expanded\sherman1_smallest_last.txt
sherman1,799,947,0.05205205205205205,SMALLEST_LAST,data\processed\initial_graph_coloring_dataset\colpack_outputs_week13_expanded\sherman1_smallest_last.txt
sherman1,901,948,0.05105105105105105,SMALLEST_LAST,data\processed\initial_graph_coloring_dataset\colpack_outputs_week13_expanded\sherman1_smallest_last.txt
sherman1,902,949,0.05005005005005005,SMALLEST_LAST,data\processed\initial_graph_coloring_dataset\colpack_outputs_week13_expanded\sherman1_smallest_last.txt
sherman1,903,950,0.04904904904904905,SMALLEST_LAST,data\processed\initial_graph_coloring_dataset\colpack_outputs_week13_expanded\sherman1_smallest_last.txt
sherman1,904,951,0.04804804804804805,SMALLEST_LAST,data\processed\initial_graph_coloring_dataset\colpack_outputs_week13_expanded\sherman1_smallest_last.txt
sherman1,905,952,0.04704704704704705,SMALLEST_LAST,data\processed\initial_graph_coloring_dataset\colpack_outputs_week13_expanded\sherman1_smallest_last.txt
sherman1,906,953,0.04604604604604605,SMALLEST_LAST,data\processed\initial_graph_coloring_dataset\colpack_outputs_week13_expanded\sherman1_smallest_last.txt
sherman1,909,954,0.04504504504504504,SMALLEST_LAST,data\processed\initial_graph_coloring_dataset\colpack_outputs_week13_expanded\sherman1_smallest_last.txt
sherman1,911,955,0.044044044044044044,SMALLEST_LAST,data\processed\initial_graph_coloring_dataset\colpack_outputs_week13_expanded\sherman1_smallest_last.txt
sherman1,912,956,0.043043043043043044,SMALLEST_LAST,data\processed\initial_graph_coloring_dataset\colpack_outputs_week13_expanded\sherman1_smallest_last.txt
sherman1,913,957,0.042042042042042045,SMALLEST_LAST,data\processed\initial_graph_coloring_dataset\colpack_outputs_week13_expanded\sherman1_smallest_last.txt
sherman1,914,958,0.04104104104104104,SMALLEST_LAST,data\processed\initial_graph_coloring_dataset\colpack_outputs_week13_expanded\sherman1_smallest_last.txt
sherman1,916,959,0.04004004004004004,SMALLEST_LAST,data\processed\initial_graph_coloring_dataset\colpack_outputs_week13_expanded\sherman1_smallest_last.txt
sherman1,919,960,0.03903903903903904,SMALLEST_LAST,data\processed\initial_graph_coloring_dataset\colpack_outputs_week13_expanded\sherman1_smallest_last.txt
sherman1,921,961,0.03803803803803804,SMALLEST_LAST,data\processed\initial_graph_coloring_dataset\colpack_outputs_week13_expanded\sherman1_smallest_last.txt
sherman1,922,962,0.037037037037037035,SMALLEST_LAST,data\processed\initial_graph_coloring_dataset\colpack_outputs_week13_expanded\sherman1_smallest_last.txt
sherman1,923,963,0.036036036036036036,SMALLEST_LAST,data\processed\initial_graph_coloring_dataset\colpack_outputs_week13_expanded\sherman1_smallest_last.txt
sherman1,924,964,0.035035035035035036,SMALLEST_LAST,data\processed\initial_graph_coloring_dataset\colpack_outputs_week13_expanded\sherman1_smallest_last.txt
sherman1,926,965,0.03403403403403404,SMALLEST_LAST,data\processed\initial_graph_coloring_dataset\colpack_outputs_week13_expanded\sherman1_smallest_last.txt
sherman1,929,966,0.03303303303303303,SMALLEST_LAST,data\processed\initial_graph_coloring_dataset\colpack_outputs_week13_expanded\sherman1_smallest_last.txt
sherman1,930,967,0.03203203203203203,SMALLEST_LAST,data\processed\initial_graph_coloring_dataset\colpack_outputs_week13_expanded\sherman1_smallest_last.txt
sherman1,931,968,0.031031031031031032,SMALLEST_LAST,data\processed\initial_graph_coloring_dataset\colpack_outputs_week13_expanded\sherman1_smallest_last.txt
sherman1,932,969,0.03003003003003003,SMALLEST_LAST,data\processed\initial_graph_coloring_dataset\colpack_outputs_week13_expanded\sherman1_smallest_last.txt
sherman1,934,970,0.02902902902902903,SMALLEST_LAST,data\processed\initial_graph_coloring_dataset\colpack_outputs_week13_expanded\sherman1_smallest_last.txt
sherman1,936,971,0.028028028028028028,SMALLEST_LAST,data\processed\initial_graph_coloring_dataset\colpack_outputs_week13_expanded\sherman1_smallest_last.txt
sherman1,939,972,0.02702702702702703,SMALLEST_LAST,data\processed\initial_graph_coloring_dataset\colpack_outputs_week13_expanded\sherman1_smallest_last.txt
sherman1,941,973,0.026026026026026026,SMALLEST_LAST,data\processed\initial_graph_coloring_dataset\colpack_outputs_week13_expanded\sherman1_smallest_last.txt
sherman1,942,974,0.025025025025025027,SMALLEST_LAST,data\processed\initial_graph_coloring_dataset\colpack_outputs_week13_expanded\sherman1_smallest_last.txt
sherman1,944,975,0.024024024024024024,SMALLEST_LAST,data\processed\initial_graph_coloring_dataset\colpack_outputs_week13_expanded\sherman1_smallest_last.txt
sherman1,946,976,0.023023023023023025,SMALLEST_LAST,data\processed\initial_graph_coloring_dataset\colpack_outputs_week13_expanded\sherman1_smallest_last.txt
sherman1,949,977,0.022022022022022022,SMALLEST_LAST,data\processed\initial_graph_coloring_dataset\colpack_outputs_week13_expanded\sherman1_smallest_last.txt
sherman1,951,978,0.021021021021021023,SMALLEST_LAST,data\processed\initial_graph_coloring_dataset\colpack_outputs_week13_expanded\sherman1_smallest_last.txt
sherman1,952,979,0.02002002002002002,SMALLEST_LAST,data\processed\initial_graph_coloring_dataset\colpack_outputs_week13_expanded\sherman1_smallest_last.txt
sherman1,954,980,0.01901901901901902,SMALLEST_LAST,data\processed\initial_graph_coloring_dataset\colpack_outputs_week13_expanded\sherman1_smallest_last.txt
sherman1,956,981,0.018018018018018018,SMALLEST_LAST,data\processed\initial_graph_coloring_dataset\colpack_outputs_week13_expanded\sherman1_smallest_last.txt
sherman1,961,982,0.01701701701701702,SMALLEST_LAST,data\processed\initial_graph_coloring_dataset\colpack_outputs_week13_expanded\sherman1_smallest_last.txt
sherman1,962,983,0.016016016016016016,SMALLEST_LAST,data\processed\initial_graph_coloring_dataset\colpack_outputs_week13_expanded\sherman1_smallest_last.txt
sherman1,964,984,0.015015015015015015,SMALLEST_LAST,data\processed\initial_graph_coloring_dataset\colpack_outputs_week13_expanded\sherman1_smallest_last.txt
sherman1,966,985,0.014014014014014014,SMALLEST_LAST,data\processed\initial_graph_coloring_dataset\colpack_outputs_week13_expanded\sherman1_smallest_last.txt
sherman1,971,986,0.013013013013013013,SMALLEST_LAST,data\processed\initial_graph_coloring_dataset\colpack_outputs_week13_expanded\sherman1_smallest_last.txt
sherman1,972,987,0.012012012012012012,SMALLEST_LAST,data\processed\initial_graph_coloring_dataset\colpack_outputs_week13_expanded\sherman1_smallest_last.txt
sherman1,974,988,0.011011011011011011,SMALLEST_LAST,data\processed\initial_graph_coloring_dataset\colpack_outputs_week13_expanded\sherman1_smallest_last.txt
sherman1,976,989,0.01001001001001001,SMALLEST_LAST,data\processed\initial_graph_coloring_dataset\colpack_outputs_week13_expanded\sherman1_smallest_last.txt
sherman1,980,990,0.009009009009009009,SMALLEST_LAST,data\processed\initial_graph_coloring_dataset\colpack_outputs_week13_expanded\sherman1_smallest_last.txt
sherman1,981,991,0.008008008008008008,SMALLEST_LAST,data\processed\initial_graph_coloring_dataset\colpack_outputs_week13_expanded\sherman1_smallest_last.txt
sherman1,982,992,0.007007007007007007,SMALLEST_LAST,data\processed\initial_graph_coloring_dataset\colpack_outputs_week13_expanded\sherman1_smallest_last.txt
sherman1,984,993,0.006006006006006006,SMALLEST_LAST,data\processed\initial_graph_coloring_dataset\colpack_outputs_week13_expanded\sherman1_smallest_last.txt
sherman1,986,994,0.005005005005005005,SMALLEST_LAST,data\processed\initial_graph_coloring_dataset\colpack_outputs_week13_expanded\sherman1_smallest_last.txt
sherman1,990,995,0.004004004004004004,SMALLEST_LAST,data\processed\initial_graph_coloring_dataset\colpack_outputs_week13_expanded\sherman1_smallest_last.txt
sherman1,991,996,0.003003003003003003,SMALLEST_LAST,data\processed\initial_graph_coloring_dataset\colpack_outputs_week13_expanded\sherman1_smallest_last.txt
sherman1,992,997,0.002002002002002002,SMALLEST_LAST,data\processed\initial_graph_coloring_dataset\colpack_outputs_week13_expanded\sherman1_smallest_last.txt
sherman1,994,998,0.001001001001001001,SMALLEST_LAST,data\processed\initial_graph_coloring_dataset\colpack_outputs_week13_expanded\sherman1_smallest_last.txt
sherman1,996,999,0.0,SMALLEST_LAST,data\processed\initial_graph_coloring_dataset\colpack_outputs_week13_expanded\sherman1_smallest_last.txt
west0479,130,0,1.0,SMALLEST_LAST,data\processed\initial_graph_coloring_dataset\colpack_outputs_week13_expanded\west0479_smallest_last.txt
west0479,284,1,0.997907949790795,SMALLEST_LAST,data\processed\initial_graph_coloring_dataset\colpack_outputs_week13_expanded\west0479_smallest_last.txt
west0479,328,2,0.99581589958159,SMALLEST_LAST,data\processed\initial_graph_coloring_dataset\colpack_outputs_week13_expanded\west0479_smallest_last.txt
west0479,131,3,0.9937238493723849,SMALLEST_LAST,data\processed\initial_graph_coloring_dataset\colpack_outputs_week13_expanded\west0479_smallest_last.txt
west0479,132,4,0.9916317991631799,SMALLEST_LAST,data\processed\initial_graph_coloring_dataset\colpack_outputs_week13_expanded\west0479_smallest_last.txt
west0479,306,5,0.9895397489539749,SMALLEST_LAST,data\processed\initial_graph_coloring_dataset\colpack_outputs_week13_expanded\west0479_smallest_last.txt
west0479,350,6,0.9874476987447699,SMALLEST_LAST,data\processed\initial_graph_coloring_dataset\colpack_outputs_week13_expanded\west0479_smallest_last.txt
west0479,133,7,0.9853556485355649,SMALLEST_LAST,data\processed\initial_graph_coloring_dataset\colpack_outputs_week13_expanded\west0479_smallest_last.txt
west0479,372,8,0.9832635983263598,SMALLEST_LAST,data\processed\initial_graph_coloring_dataset\colpack_outputs_week13_expanded\west0479_smallest_last.txt
west0479,134,9,0.9811715481171548,SMALLEST_LAST,data\processed\initial_graph_coloring_dataset\colpack_outputs_week13_expanded\west0479_smallest_last.txt
west0479,262,10,0.9790794979079498,SMALLEST_LAST,data\processed\initial_graph_coloring_dataset\colpack_outputs_week13_expanded\west0479_smallest_last.txt
west0479,135,11,0.9769874476987448,SMALLEST_LAST,data\processed\initial_graph_coloring_dataset\colpack_outputs_week13_expanded\west0479_smallest_last.txt
west0479,248,12,0.9748953974895398,SMALLEST_LAST,data\processed\initial_graph_coloring_dataset\colpack_outputs_week13_expanded\west0479_smallest_last.txt
west0479,138,13,0.9728033472803347,SMALLEST_LAST,data\processed\initial_graph_coloring_dataset\colpack_outputs_week13_expanded\west0479_smallest_last.txt
west0479,308,14,0.9707112970711297,SMALLEST_LAST,data\processed\initial_graph_coloring_dataset\colpack_outputs_week13_expanded\west0479_smallest_last.txt
west0479,141,15,0.9686192468619247,SMALLEST_LAST,data\processed\initial_graph_coloring_dataset\colpack_outputs_week13_expanded\west0479_smallest_last.txt
west0479,352,16,0.9665271966527197,SMALLEST_LAST,data\processed\initial_graph_coloring_dataset\colpack_outputs_week13_expanded\west0479_smallest_last.txt
west0479,136,17,0.9644351464435147,SMALLEST_LAST,data\processed\initial_graph_coloring_dataset\colpack_outputs_week13_expanded\west0479_smallest_last.txt
west0479,264,18,0.9623430962343096,SMALLEST_LAST,data\processed\initial_graph_coloring_dataset\colpack_outputs_week13_expanded\west0479_smallest_last.txt
west0479,137,19,0.9602510460251046,SMALLEST_LAST,data\processed\initial_graph_coloring_dataset\colpack_outputs_week13_expanded\west0479_smallest_last.txt
west0479,374,20,0.9581589958158996,SMALLEST_LAST,data\processed\initial_graph_coloring_dataset\colpack_outputs_week13_expanded\west0479_smallest_last.txt
west0479,139,21,0.9560669456066946,SMALLEST_LAST,data\processed\initial_graph_coloring_dataset\colpack_outputs_week13_expanded\west0479_smallest_last.txt
west0479,392,22,0.9539748953974896,SMALLEST_LAST,data\processed\initial_graph_coloring_dataset\colpack_outputs_week13_expanded\west0479_smallest_last.txt
west0479,140,23,0.9518828451882845,SMALLEST_LAST,data\processed\initial_graph_coloring_dataset\colpack_outputs_week13_expanded\west0479_smallest_last.txt
west0479,330,24,0.9497907949790795,SMALLEST_LAST,data\processed\initial_graph_coloring_dataset\colpack_outputs_week13_expanded\west0479_smallest_last.txt
west0479,286,25,0.9476987447698745,SMALLEST_LAST,data\processed\initial_graph_coloring_dataset\colpack_outputs_week13_expanded\west0479_smallest_last.txt
west0479,95,26,0.9456066945606695,SMALLEST_LAST,data\processed\initial_graph_coloring_dataset\colpack_outputs_week13_expanded\west0479_smallest_last.txt
west0479,118,27,0.9435146443514645,SMALLEST_LAST,data\processed\initial_graph_coloring_dataset\colpack_outputs_week13_expanded\west0479_smallest_last.txt
west0479,327,28,0.9414225941422594,SMALLEST_LAST,data\processed\initial_graph_coloring_dataset\colpack_outputs_week13_expanded\west0479_smallest_last.txt
west0479,121,29,0.9393305439330544,SMALLEST_LAST,data\processed\initial_graph_coloring_dataset\colpack_outputs_week13_expanded\west0479_smallest_last.txt
west0479,87,30,0.9372384937238494,SMALLEST_LAST,data\processed\initial_graph_coloring_dataset\colpack_outputs_week13_expanded\west0479_smallest_last.txt
west0479,119,31,0.9351464435146444,SMALLEST_LAST,data\processed\initial_graph_coloring_dataset\colpack_outputs_week13_expanded\west0479_smallest_last.txt
west0479,371,32,0.9330543933054394,SMALLEST_LAST,data\processed\initial_graph_coloring_dataset\colpack_outputs_week13_expanded\west0479_smallest_last.txt
west0479,120,33,0.9309623430962343,SMALLEST_LAST,data\processed\initial_graph_coloring_dataset\colpack_outputs_week13_expanded\west0479_smallest_last.txt
west0479,283,34,0.9288702928870293,SMALLEST_LAST,data\processed\initial_graph_coloring_dataset\colpack_outputs_week13_expanded\west0479_smallest_last.txt
west0479,349,35,0.9267782426778243,SMALLEST_LAST,data\processed\initial_graph_coloring_dataset\colpack_outputs_week13_expanded\west0479_smallest_last.txt
west0479,305,36,0.9246861924686193,SMALLEST_LAST,data\processed\initial_graph_coloring_dataset\colpack_outputs_week13_expanded\west0479_smallest_last.txt
west0479,122,37,0.9225941422594143,SMALLEST_LAST,data\processed\initial_graph_coloring_dataset\colpack_outputs_week13_expanded\west0479_smallest_last.txt
west0479,261,38,0.9205020920502092,SMALLEST_LAST,data\processed\initial_graph_coloring_dataset\colpack_outputs_week13_expanded\west0479_smallest_last.txt
west0479,123,39,0.9184100418410042,SMALLEST_LAST,data\processed\initial_graph_coloring_dataset\colpack_outputs_week13_expanded\west0479_smallest_last.txt
west0479,128,40,0.9163179916317992,SMALLEST_LAST,data\processed\initial_graph_coloring_dataset\colpack_outputs_week13_expanded\west0479_smallest_last.txt
west0479,307,41,0.9142259414225942,SMALLEST_LAST,data\processed\initial_graph_coloring_dataset\colpack_outputs_week13_expanded\west0479_smallest_last.txt
west0479,129,42,0.9121338912133892,SMALLEST_LAST,data\processed\initial_graph_coloring_dataset\colpack_outputs_week13_expanded\west0479_smallest_last.txt
west0479,351,43,0.9100418410041841,SMALLEST_LAST,data\processed\initial_graph_coloring_dataset\colpack_outputs_week13_expanded\west0479_smallest_last.txt
west0479,124,44,0.9079497907949791,SMALLEST_LAST,data\processed\initial_graph_coloring_dataset\colpack_outputs_week13_expanded\west0479_smallest_last.txt
west0479,285,45,0.9058577405857741,SMALLEST_LAST,data\processed\initial_graph_coloring_dataset\colpack_outputs_week13_expanded\west0479_smallest_last.txt
west0479,127,46,0.9037656903765691,SMALLEST_LAST,data\processed\initial_graph_coloring_dataset\colpack_outputs_week13_expanded\west0479_smallest_last.txt
west0479,329,47,0.9016736401673641,SMALLEST_LAST,data\processed\initial_graph_coloring_dataset\colpack_outputs_week13_expanded\west0479_smallest_last.txt
west0479,373,48,0.899581589958159,SMALLEST_LAST,data\processed\initial_graph_coloring_dataset\colpack_outputs_week13_expanded\west0479_smallest_last.txt
west0479,125,49,0.897489539748954,SMALLEST_LAST,data\processed\initial_graph_coloring_dataset\colpack_outputs_week13_expanded\west0479_smallest_last.txt
west0479,391,50,0.895397489539749,SMALLEST_LAST,data\processed\initial_graph_coloring_dataset\colpack_outputs_week13_expanded\west0479_smallest_last.txt
west0479,126,51,0.893305439330544,SMALLEST_LAST,data\processed\initial_graph_coloring_dataset\colpack_outputs_week13_expanded\west0479_smallest_last.txt
west0479,247,52,0.891213389121339,SMALLEST_LAST,data\processed\initial_graph_coloring_dataset\colpack_outputs_week13_expanded\west0479_smallest_last.txt
west0479,109,53,0.8891213389121339,SMALLEST_LAST,data\processed\initial_graph_coloring_dataset\colpack_outputs_week13_expanded\west0479_smallest_last.txt
west0479,108,54,0.8870292887029289,SMALLEST_LAST,data\processed\initial_graph_coloring_dataset\colpack_outputs_week13_expanded\west0479_smallest_last.txt
west0479,107,55,0.8849372384937239,SMALLEST_LAST,data\processed\initial_graph_coloring_dataset\colpack_outputs_week13_expanded\west0479_smallest_last.txt
west0479,277,56,0.8828451882845189,SMALLEST_LAST,data\processed\initial_graph_coloring_dataset\colpack_outputs_week13_expanded\west0479_smallest_last.txt
west0479,296,57,0.8807531380753139,SMALLEST_LAST,data\processed\initial_graph_coloring_dataset\colpack_outputs_week13_expanded\west0479_smallest_last.txt
west0479,240,58,0.8786610878661087,SMALLEST_LAST,data\processed\initial_graph_coloring_dataset\colpack_outputs_week13_expanded\west0479_smallest_last.txt
west0479,253,59,0.8765690376569037,SMALLEST_LAST,data\processed\initial_graph_coloring_dataset\colpack_outputs_week13_expanded\west0479_smallest_last.txt
west0479,297,60,0.8744769874476988,SMALLEST_LAST,data\processed\initial_graph_coloring_dataset\colpack_outputs_week13_expanded\west0479_smallest_last.txt
west0479,272,61,0.8723849372384938,SMALLEST_LAST,data\processed\initial_graph_coloring_dataset\colpack_outputs_week13_expanded\west0479_smallest_last.txt
west0479,298,62,0.8702928870292888,SMALLEST_LAST,data\processed\initial_graph_coloring_dataset\colpack_outputs_week13_expanded\west0479_smallest_last.txt
west0479,245,63,0.8682008368200836,SMALLEST_LAST,data\processed\initial_graph_coloring_dataset\colpack_outputs_week13_expanded\west0479_smallest_last.txt
west0479,299,64,0.8661087866108786,SMALLEST_LAST,data\processed\initial_graph_coloring_dataset\colpack_outputs_week13_expanded\west0479_smallest_last.txt
west0479,275,65,0.8640167364016736,SMALLEST_LAST,data\processed\initial_graph_coloring_dataset\colpack_outputs_week13_expanded\west0479_smallest_last.txt
west0479,259,66,0.8619246861924686,SMALLEST_LAST,data\processed\initial_graph_coloring_dataset\colpack_outputs_week13_expanded\west0479_smallest_last.txt
west0479,251,67,0.8598326359832636,SMALLEST_LAST,data\processed\initial_graph_coloring_dataset\colpack_outputs_week13_expanded\west0479_smallest_last.txt
west0479,252,68,0.8577405857740585,SMALLEST_LAST,data\processed\initial_graph_coloring_dataset\colpack_outputs_week13_expanded\west0479_smallest_last.txt
west0479,226,69,0.8556485355648535,SMALLEST_LAST,data\processed\initial_graph_coloring_dataset\colpack_outputs_week13_expanded\west0479_smallest_last.txt
west0479,233,70,0.8535564853556485,SMALLEST_LAST,data\processed\initial_graph_coloring_dataset\colpack_outputs_week13_expanded\west0479_smallest_last.txt
west0479,254,71,0.8514644351464435,SMALLEST_LAST,data\processed\initial_graph_coloring_dataset\colpack_outputs_week13_expanded\west0479_smallest_last.txt
west0479,234,72,0.8493723849372385,SMALLEST_LAST,data\processed\initial_graph_coloring_dataset\colpack_outputs_week13_expanded\west0479_smallest_last.txt
west0479,276,73,0.8472803347280334,SMALLEST_LAST,data\processed\initial_graph_coloring_dataset\colpack_outputs_week13_expanded\west0479_smallest_last.txt
west0479,241,74,0.8451882845188284,SMALLEST_LAST,data\processed\initial_graph_coloring_dataset\colpack_outputs_week13_expanded\west0479_smallest_last.txt
west0479,218,75,0.8430962343096234,SMALLEST_LAST,data\processed\initial_graph_coloring_dataset\colpack_outputs_week13_expanded\west0479_smallest_last.txt
west0479,232,76,0.8410041841004184,SMALLEST_LAST,data\processed\initial_graph_coloring_dataset\colpack_outputs_week13_expanded\west0479_smallest_last.txt
west0479,111,77,0.8389121338912134,SMALLEST_LAST,data\processed\initial_graph_coloring_dataset\colpack_outputs_week13_expanded\west0479_smallest_last.txt
west0479,231,78,0.8368200836820083,SMALLEST_LAST,data\processed\initial_graph_coloring_dataset\colpack_outputs_week13_expanded\west0479_smallest_last.txt
west0479,274,79,0.8347280334728033,SMALLEST_LAST,data\processed\initial_graph_coloring_dataset\colpack_outputs_week13_expanded\west0479_smallest_last.txt
west0479,250,80,0.8326359832635983,SMALLEST_LAST,data\processed\initial_graph_coloring_dataset\colpack_outputs_week13_expanded\west0479_smallest_last.txt
west0479,263,81,0.8305439330543933,SMALLEST_LAST,data\processed\initial_graph_coloring_dataset\colpack_outputs_week13_expanded\west0479_smallest_last.txt
west0479,224,82,0.8284518828451883,SMALLEST_LAST,data\processed\initial_graph_coloring_dataset\colpack_outputs_week13_expanded\west0479_smallest_last.txt
west0479,273,83,0.8263598326359832,SMALLEST_LAST,data\processed\initial_graph_coloring_dataset\colpack_outputs_week13_expanded\west0479_smallest_last.txt
west0479,260,84,0.8242677824267782,SMALLEST_LAST,data\processed\initial_graph_coloring_dataset\colpack_outputs_week13_expanded\west0479_smallest_last.txt
west0479,225,85,0.8221757322175732,SMALLEST_LAST,data\processed\initial_graph_coloring_dataset\colpack_outputs_week13_expanded\west0479_smallest_last.txt
west0479,239,86,0.8200836820083682,SMALLEST_LAST,data\processed\initial_graph_coloring_dataset\colpack_outputs_week13_expanded\west0479_smallest_last.txt
west0479,271,87,0.8179916317991632,SMALLEST_LAST,data\processed\initial_graph_coloring_dataset\colpack_outputs_week13_expanded\west0479_smallest_last.txt
west0479,321,88,0.8158995815899581,SMALLEST_LAST,data\processed\initial_graph_coloring_dataset\colpack_outputs_week13_expanded\west0479_smallest_last.txt
west0479,223,89,0.8138075313807531,SMALLEST_LAST,data\processed\initial_graph_coloring_dataset\colpack_outputs_week13_expanded\west0479_smallest_last.txt
west0479,102,90,0.8117154811715481,SMALLEST_LAST,data\processed\initial_graph_coloring_dataset\colpack_outputs_week13_expanded\west0479_smallest_last.txt
west0479,318,91,0.8096234309623431,SMALLEST_LAST,data\processed\initial_graph_coloring_dataset\colpack_outputs_week13_expanded\west0479_smallest_last.txt
west0479,320,92,0.8075313807531381,SMALLEST_LAST,data\processed\initial_graph_coloring_dataset\colpack_outputs_week13_expanded\west0479_smallest_last.txt
west0479,341,93,0.805439330543933,SMALLEST_LAST,data\processed\initial_graph_coloring_dataset\colpack_outputs_week13_expanded\west0479_smallest_last.txt
west0479,291,94,0.803347280334728,SMALLEST_LAST,data\processed\initial_graph_coloring_dataset\colpack_outputs_week13_expanded\west0479_smallest_last.txt
west0479,342,95,0.801255230125523,SMALLEST_LAST,data\processed\initial_graph_coloring_dataset\colpack_outputs_week13_expanded\west0479_smallest_last.txt
west0479,290,96,0.799163179916318,SMALLEST_LAST,data\processed\initial_graph_coloring_dataset\colpack_outputs_week13_expanded\west0479_smallest_last.txt
west0479,317,97,0.797071129707113,SMALLEST_LAST,data\processed\initial_graph_coloring_dataset\colpack_outputs_week13_expanded\west0479_smallest_last.txt
west0479,279,98,0.7949790794979079,SMALLEST_LAST,data\processed\initial_graph_coloring_dataset\colpack_outputs_week13_expanded\west0479_smallest_last.txt
west0479,255,99,0.7928870292887029,SMALLEST_LAST,data\processed\initial_graph_coloring_dataset\colpack_outputs_week13_expanded\west0479_smallest_last.txt
west0479,237,100,0.7907949790794979,SMALLEST_LAST,data\processed\initial_graph_coloring_dataset\colpack_outputs_week13_expanded\west0479_smallest_last.txt
west0479,168,101,0.7887029288702929,SMALLEST_LAST,data\processed\initial_graph_coloring_dataset\colpack_outputs_week13_expanded\west0479_smallest_last.txt
west0479,99,102,0.7866108786610879,SMALLEST_LAST,data\processed\initial_graph_coloring_dataset\colpack_outputs_week13_expanded\west0479_smallest_last.txt
west0479,101,103,0.7845188284518828,SMALLEST_LAST,data\processed\initial_graph_coloring_dataset\colpack_outputs_week13_expanded\west0479_smallest_last.txt
west0479,160,104,0.7824267782426778,SMALLEST_LAST,data\processed\initial_graph_coloring_dataset\colpack_outputs_week13_expanded\west0479_smallest_last.txt
west0479,161,105,0.7803347280334728,SMALLEST_LAST,data\processed\initial_graph_coloring_dataset\colpack_outputs_week13_expanded\west0479_smallest_last.txt
west0479,409,106,0.7782426778242678,SMALLEST_LAST,data\processed\initial_graph_coloring_dataset\colpack_outputs_week13_expanded\west0479_smallest_last.txt
west0479,169,107,0.7761506276150628,SMALLEST_LAST,data\processed\initial_graph_coloring_dataset\colpack_outputs_week13_expanded\west0479_smallest_last.txt
west0479,162,108,0.7740585774058577,SMALLEST_LAST,data\processed\initial_graph_coloring_dataset\colpack_outputs_week13_expanded\west0479_smallest_last.txt
west0479,175,109,0.7719665271966527,SMALLEST_LAST,data\processed\initial_graph_coloring_dataset\colpack_outputs_week13_expanded\west0479_smallest_last.txt
west0479,163,110,0.7698744769874477,SMALLEST_LAST,data\processed\initial_graph_coloring_dataset\colpack_outputs_week13_expanded\west0479_smallest_last.txt
west0479,170,111,0.7677824267782427,SMALLEST_LAST,data\processed\initial_graph_coloring_dataset\colpack_outputs_week13_expanded\west0479_smallest_last.txt
west0479,164,112,0.7656903765690377,SMALLEST_LAST,data\processed\initial_graph_coloring_dataset\colpack_outputs_week13_expanded\west0479_smallest_last.txt
west0479,410,113,0.7635983263598326,SMALLEST_LAST,data\processed\initial_graph_coloring_dataset\colpack_outputs_week13_expanded\west0479_smallest_last.txt
west0479,100,114,0.7615062761506276,SMALLEST_LAST,data\processed\initial_graph_coloring_dataset\colpack_outputs_week13_expanded\west0479_smallest_last.txt
west0479,315,115,0.7594142259414226,SMALLEST_LAST,data\processed\initial_graph_coloring_dataset\colpack_outputs_week13_expanded\west0479_smallest_last.txt
west0479,340,116,0.7573221757322176,SMALLEST_LAST,data\processed\initial_graph_coloring_dataset\colpack_outputs_week13_expanded\west0479_smallest_last.txt
west0479,288,117,0.7552301255230126,SMALLEST_LAST,data\processed\initial_graph_coloring_dataset\colpack_outputs_week13_expanded\west0479_smallest_last.txt
west0479,146,118,0.7531380753138075,SMALLEST_LAST,data\processed\initial_graph_coloring_dataset\colpack_outputs_week13_expanded\west0479_smallest_last.txt
west0479,103,119,0.7510460251046025,SMALLEST_LAST,data\processed\initial_graph_coloring_dataset\colpack_outputs_week13_expanded\west0479_smallest_last.txt
west0479,343,120,0.7489539748953975,SMALLEST_LAST,data\processed\initial_graph_coloring_dataset\colpack_outputs_week13_expanded\west0479_smallest_last.txt
west0479,319,121,0.7468619246861925,SMALLEST_LAST,data\processed\initial_graph_coloring_dataset\colpack_outputs_week13_expanded\west0479_smallest_last.txt
west0479,302,122,0.7447698744769874,SMALLEST_LAST,data\processed\initial_graph_coloring_dataset\colpack_outputs_week13_expanded\west0479_smallest_last.txt
west0479,310,123,0.7426778242677824,SMALLEST_LAST,data\processed\initial_graph_coloring_dataset\colpack_outputs_week13_expanded\west0479_smallest_last.txt
west0479,362,124,0.7405857740585774,SMALLEST_LAST,data\processed\initial_graph_coloring_dataset\colpack_outputs_week13_expanded\west0479_smallest_last.txt
west0479,326,125,0.7384937238493724,SMALLEST_LAST,data\processed\initial_graph_coloring_dataset\colpack_outputs_week13_expanded\west0479_smallest_last.txt
west0479,278,126,0.7364016736401674,SMALLEST_LAST,data\processed\initial_graph_coloring_dataset\colpack_outputs_week13_expanded\west0479_smallest_last.txt
west0479,316,127,0.7343096234309623,SMALLEST_LAST,data\processed\initial_graph_coloring_dataset\colpack_outputs_week13_expanded\west0479_smallest_last.txt
west0479,363,128,0.7322175732217573,SMALLEST_LAST,data\processed\initial_graph_coloring_dataset\colpack_outputs_week13_expanded\west0479_smallest_last.txt
west0479,116,129,0.7301255230125523,SMALLEST_LAST,data\processed\initial_graph_coloring_dataset\colpack_outputs_week13_expanded\west0479_smallest_last.txt
west0479,360,130,0.7280334728033473,SMALLEST_LAST,data\processed\initial_graph_coloring_dataset\colpack_outputs_week13_expanded\west0479_smallest_last.txt
west0479,364,131,0.7259414225941423,SMALLEST_LAST,data\processed\initial_graph_coloring_dataset\colpack_outputs_week13_expanded\west0479_smallest_last.txt
west0479,117,132,0.7238493723849372,SMALLEST_LAST,data\processed\initial_graph_coloring_dataset\colpack_outputs_week13_expanded\west0479_smallest_last.txt
west0479,229,133,0.7217573221757322,SMALLEST_LAST,data\processed\initial_graph_coloring_dataset\colpack_outputs_week13_expanded\west0479_smallest_last.txt
west0479,115,134,0.7196652719665272,SMALLEST_LAST,data\processed\initial_graph_coloring_dataset\colpack_outputs_week13_expanded\west0479_smallest_last.txt
west0479,359,135,0.7175732217573222,SMALLEST_LAST,data\processed\initial_graph_coloring_dataset\colpack_outputs_week13_expanded\west0479_smallest_last.txt
west0479,143,136,0.7154811715481172,SMALLEST_LAST,data\processed\initial_graph_coloring_dataset\colpack_outputs_week13_expanded\west0479_smallest_last.txt
west0479,174,137,0.7133891213389121,SMALLEST_LAST,data\processed\initial_graph_coloring_dataset\colpack_outputs_week13_expanded\west0479_smallest_last.txt
west0479,376,138,0.7112970711297071,SMALLEST_LAST,data\processed\initial_graph_coloring_dataset\colpack_outputs_week13_expanded\west0479_smallest_last.txt
west0479,176,139,0.7092050209205021,SMALLEST_LAST,data\processed\initial_graph_coloring_dataset\colpack_outputs_week13_expanded\west0479_smallest_last.txt
west0479,322,140,0.7071129707112971,SMALLEST_LAST,data\processed\initial_graph_coloring_dataset\colpack_outputs_week13_expanded\west0479_smallest_last.txt
west0479,375,141,0.7050209205020921,SMALLEST_LAST,data\processed\initial_graph_coloring_dataset\colpack_outputs_week13_expanded\west0479_smallest_last.txt
west0479,142,142,0.702928870292887,SMALLEST_LAST,data\processed\initial_graph_coloring_dataset\colpack_outputs_week13_expanded\west0479_smallest_last.txt
west0479,309,143,0.700836820083682,SMALLEST_LAST,data\processed\initial_graph_coloring_dataset\colpack_outputs_week13_expanded\west0479_smallest_last.txt
west0479,265,144,0.698744769874477,SMALLEST_LAST,data\processed\initial_graph_coloring_dataset\colpack_outputs_week13_expanded\west0479_smallest_last.txt
west0479,145,145,0.696652719665272,SMALLEST_LAST,data\processed\initial_graph_coloring_dataset\colpack_outputs_week13_expanded\west0479_smallest_last.txt
west0479,361,146,0.694560669456067,SMALLEST_LAST,data\processed\initial_graph_coloring_dataset\colpack_outputs_week13_expanded\west0479_smallest_last.txt
west0479,242,147,0.6924686192468619,SMALLEST_LAST,data\processed\initial_graph_coloring_dataset\colpack_outputs_week13_expanded\west0479_smallest_last.txt
west0479,94,148,0.6903765690376569,SMALLEST_LAST,data\processed\initial_graph_coloring_dataset\colpack_outputs_week13_expanded\west0479_smallest_last.txt
west0479,339,149,0.6882845188284519,SMALLEST_LAST,data\processed\initial_graph_coloring_dataset\colpack_outputs_week13_expanded\west0479_smallest_last.txt
west0479,105,150,0.6861924686192469,SMALLEST_LAST,data\processed\initial_graph_coloring_dataset\colpack_outputs_week13_expanded\west0479_smallest_last.txt
west0479,243,151,0.6841004184100419,SMALLEST_LAST,data\processed\initial_graph_coloring_dataset\colpack_outputs_week13_expanded\west0479_smallest_last.txt
west0479,289,152,0.6820083682008368,SMALLEST_LAST,data\processed\initial_graph_coloring_dataset\colpack_outputs_week13_expanded\west0479_smallest_last.txt
west0479,388,153,0.6799163179916318,SMALLEST_LAST,data\processed\initial_graph_coloring_dataset\colpack_outputs_week13_expanded\west0479_smallest_last.txt
west0479,422,154,0.6778242677824268,SMALLEST_LAST,data\processed\initial_graph_coloring_dataset\colpack_outputs_week13_expanded\west0479_smallest_last.txt
west0479,193,155,0.6757322175732218,SMALLEST_LAST,data\processed\initial_graph_coloring_dataset\colpack_outputs_week13_expanded\west0479_smallest_last.txt
west0479,194,156,0.6736401673640168,SMALLEST_LAST,data\processed\initial_graph_coloring_dataset\colpack_outputs_week13_expanded\west0479_smallest_last.txt
west0479,195,157,0.6715481171548117,SMALLEST_LAST,data\processed\initial_graph_coloring_dataset\colpack_outputs_week13_expanded\west0479_smallest_last.txt
west0479,230,158,0.6694560669456067,SMALLEST_LAST,data\processed\initial_graph_coloring_dataset\colpack_outputs_week13_expanded\west0479_smallest_last.txt
west0479,196,159,0.6673640167364017,SMALLEST_LAST,data\processed\initial_graph_coloring_dataset\colpack_outputs_week13_expanded\west0479_smallest_last.txt
west0479,197,160,0.6652719665271967,SMALLEST_LAST,data\processed\initial_graph_coloring_dataset\colpack_outputs_week13_expanded\west0479_smallest_last.txt
west0479,198,161,0.6631799163179917,SMALLEST_LAST,data\processed\initial_graph_coloring_dataset\colpack_outputs_week13_expanded\west0479_smallest_last.txt
west0479,202,162,0.6610878661087866,SMALLEST_LAST,data\processed\initial_graph_coloring_dataset\colpack_outputs_week13_expanded\west0479_smallest_last.txt
west0479,385,163,0.6589958158995816,SMALLEST_LAST,data\processed\initial_graph_coloring_dataset\colpack_outputs_week13_expanded\west0479_smallest_last.txt
west0479,423,164,0.6569037656903766,SMALLEST_LAST,data\processed\initial_graph_coloring_dataset\colpack_outputs_week13_expanded\west0479_smallest_last.txt
west0479,97,165,0.6548117154811716,SMALLEST_LAST,data\processed\initial_graph_coloring_dataset\colpack_outputs_week13_expanded\west0479_smallest_last.txt
west0479,337,166,0.6527196652719666,SMALLEST_LAST,data\processed\initial_graph_coloring_dataset\colpack_outputs_week13_expanded\west0479_smallest_last.txt
west0479,384,167,0.6506276150627615,SMALLEST_LAST,data\processed\initial_graph_coloring_dataset\colpack_outputs_week13_expanded\west0479_smallest_last.txt
west0479,91,168,0.6485355648535565,SMALLEST_LAST,data\processed\initial_graph_coloring_dataset\colpack_outputs_week13_expanded\west0479_smallest_last.txt
west0479,466,169,0.6464435146443515,SMALLEST_LAST,data\processed\initial_graph_coloring_dataset\colpack_outputs_week13_expanded\west0479_smallest_last.txt
west0479,92,170,0.6443514644351465,SMALLEST_LAST,data\processed\initial_graph_coloring_dataset\colpack_outputs_week13_expanded\west0479_smallest_last.txt
west0479,204,171,0.6422594142259415,SMALLEST_LAST,data\processed\initial_graph_coloring_dataset\colpack_outputs_week13_expanded\west0479_smallest_last.txt
west0479,93,172,0.6401673640167364,SMALLEST_LAST,data\processed\initial_graph_coloring_dataset\colpack_outputs_week13_expanded\west0479_smallest_last.txt
west0479,203,173,0.6380753138075314,SMALLEST_LAST,data\processed\initial_graph_coloring_dataset\colpack_outputs_week13_expanded\west0479_smallest_last.txt
west0479,173,174,0.6359832635983264,SMALLEST_LAST,data\processed\initial_graph_coloring_dataset\colpack_outputs_week13_expanded\west0479_smallest_last.txt
west0479,235,175,0.6338912133891214,SMALLEST_LAST,data\processed\initial_graph_coloring_dataset\colpack_outputs_week13_expanded\west0479_smallest_last.txt
west0479,207,176,0.6317991631799164,SMALLEST_LAST,data\processed\initial_graph_coloring_dataset\colpack_outputs_week13_expanded\west0479_smallest_last.txt
west0479,414,177,0.6297071129707112,SMALLEST_LAST,data\processed\initial_graph_coloring_dataset\colpack_outputs_week13_expanded\west0479_smallest_last.txt
west0479,96,178,0.6276150627615062,SMALLEST_LAST,data\processed\initial_graph_coloring_dataset\colpack_outputs_week13_expanded\west0479_smallest_last.txt
west0479,205,179,0.6255230125523012,SMALLEST_LAST,data\processed\initial_graph_coloring_dataset\colpack_outputs_week13_expanded\west0479_smallest_last.txt
west0479,412,180,0.6234309623430963,SMALLEST_LAST,data\processed\initial_graph_coloring_dataset\colpack_outputs_week13_expanded\west0479_smallest_last.txt
west0479,208,181,0.6213389121338913,SMALLEST_LAST,data\processed\initial_graph_coloring_dataset\colpack_outputs_week13_expanded\west0479_smallest_last.txt
west0479,209,182,0.6192468619246861,SMALLEST_LAST,data\processed\initial_graph_coloring_dataset\colpack_outputs_week13_expanded\west0479_smallest_last.txt
west0479,210,183,0.6171548117154811,SMALLEST_LAST,data\processed\initial_graph_coloring_dataset\colpack_outputs_week13_expanded\west0479_smallest_last.txt
west0479,413,184,0.6150627615062761,SMALLEST_LAST,data\processed\initial_graph_coloring_dataset\colpack_outputs_week13_expanded\west0479_smallest_last.txt
west0479,370,185,0.6129707112970711,SMALLEST_LAST,data\processed\initial_graph_coloring_dataset\colpack_outputs_week13_expanded\west0479_smallest_last.txt
west0479,110,186,0.6108786610878661,SMALLEST_LAST,data\processed\initial_graph_coloring_dataset\colpack_outputs_week13_expanded\west0479_smallest_last.txt
west0479,365,187,0.608786610878661,SMALLEST_LAST,data\processed\initial_graph_coloring_dataset\colpack_outputs_week13_expanded\west0479_smallest_last.txt
west0479,201,188,0.606694560669456,SMALLEST_LAST,data\processed\initial_graph_coloring_dataset\colpack_outputs_week13_expanded\west0479_smallest_last.txt
west0479,411,189,0.604602510460251,SMALLEST_LAST,data\processed\initial_graph_coloring_dataset\colpack_outputs_week13_expanded\west0479_smallest_last.txt
west0479,199,190,0.602510460251046,SMALLEST_LAST,data\processed\initial_graph_coloring_dataset\colpack_outputs_week13_expanded\west0479_smallest_last.txt
west0479,227,191,0.600418410041841,SMALLEST_LAST,data\processed\initial_graph_coloring_dataset\colpack_outputs_week13_expanded\west0479_smallest_last.txt
west0479,267,192,0.5983263598326359,SMALLEST_LAST,data\processed\initial_graph_coloring_dataset\colpack_outputs_week13_expanded\west0479_smallest_last.txt
west0479,144,193,0.5962343096234309,SMALLEST_LAST,data\processed\initial_graph_coloring_dataset\colpack_outputs_week13_expanded\west0479_smallest_last.txt
west0479,269,194,0.5941422594142259,SMALLEST_LAST,data\processed\initial_graph_coloring_dataset\colpack_outputs_week13_expanded\west0479_smallest_last.txt
west0479,294,195,0.5920502092050209,SMALLEST_LAST,data\processed\initial_graph_coloring_dataset\colpack_outputs_week13_expanded\west0479_smallest_last.txt
west0479,270,196,0.5899581589958159,SMALLEST_LAST,data\processed\initial_graph_coloring_dataset\colpack_outputs_week13_expanded\west0479_smallest_last.txt
west0479,303,197,0.5878661087866108,SMALLEST_LAST,data\processed\initial_graph_coloring_dataset\colpack_outputs_week13_expanded\west0479_smallest_last.txt
west0479,355,198,0.5857740585774058,SMALLEST_LAST,data\processed\initial_graph_coloring_dataset\colpack_outputs_week13_expanded\west0479_smallest_last.txt
west0479,147,199,0.5836820083682008,SMALLEST_LAST,data\processed\initial_graph_coloring_dataset\colpack_outputs_week13_expanded\west0479_smallest_last.txt
west0479,333,200,0.5815899581589958,SMALLEST_LAST,data\processed\initial_graph_coloring_dataset\colpack_outputs_week13_expanded\west0479_smallest_last.txt
west0479,311,201,0.5794979079497908,SMALLEST_LAST,data\processed\initial_graph_coloring_dataset\colpack_outputs_week13_expanded\west0479_smallest_last.txt
west0479,366,202,0.5774058577405857,SMALLEST_LAST,data\processed\initial_graph_coloring_dataset\colpack_outputs_week13_expanded\west0479_smallest_last.txt
west0479,354,203,0.5753138075313807,SMALLEST_LAST,data\processed\initial_graph_coloring_dataset\colpack_outputs_week13_expanded\west0479_smallest_last.txt
west0479,369,204,0.5732217573221757,SMALLEST_LAST,data\processed\initial_graph_coloring_dataset\colpack_outputs_week13_expanded\west0479_smallest_last.txt
west0479,435,205,0.5711297071129707,SMALLEST_LAST,data\processed\initial_graph_coloring_dataset\colpack_outputs_week13_expanded\west0479_smallest_last.txt
west0479,399,206,0.5690376569037657,SMALLEST_LAST,data\processed\initial_graph_coloring_dataset\colpack_outputs_week13_expanded\west0479_smallest_last.txt
west0479,434,207,0.5669456066945606,SMALLEST_LAST,data\processed\initial_graph_coloring_dataset\colpack_outputs_week13_expanded\west0479_smallest_last.txt
west0479,377,208,0.5648535564853556,SMALLEST_LAST,data\processed\initial_graph_coloring_dataset\colpack_outputs_week13_expanded\west0479_smallest_last.txt
west0479,478,209,0.5627615062761506,SMALLEST_LAST,data\processed\initial_graph_coloring_dataset\colpack_outputs_week13_expanded\west0479_smallest_last.txt
west0479,246,210,0.5606694560669456,SMALLEST_LAST,data\processed\initial_graph_coloring_dataset\colpack_outputs_week13_expanded\west0479_smallest_last.txt
west0479,258,211,0.5585774058577406,SMALLEST_LAST,data\processed\initial_graph_coloring_dataset\colpack_outputs_week13_expanded\west0479_smallest_last.txt
west0479,236,212,0.5564853556485355,SMALLEST_LAST,data\processed\initial_graph_coloring_dataset\colpack_outputs_week13_expanded\west0479_smallest_last.txt
west0479,416,213,0.5543933054393305,SMALLEST_LAST,data\processed\initial_graph_coloring_dataset\colpack_outputs_week13_expanded\west0479_smallest_last.txt
west0479,206,214,0.5523012552301255,SMALLEST_LAST,data\processed\initial_graph_coloring_dataset\colpack_outputs_week13_expanded\west0479_smallest_last.txt
west0479,190,215,0.5502092050209205,SMALLEST_LAST,data\processed\initial_graph_coloring_dataset\colpack_outputs_week13_expanded\west0479_smallest_last.txt
west0479,221,216,0.5481171548117155,SMALLEST_LAST,data\processed\initial_graph_coloring_dataset\colpack_outputs_week13_expanded\west0479_smallest_last.txt
west0479,415,217,0.5460251046025104,SMALLEST_LAST,data\processed\initial_graph_coloring_dataset\colpack_outputs_week13_expanded\west0479_smallest_last.txt
west0479,249,218,0.5439330543933054,SMALLEST_LAST,data\processed\initial_graph_coloring_dataset\colpack_outputs_week13_expanded\west0479_smallest_last.txt
west0479,159,219,0.5418410041841004,SMALLEST_LAST,data\processed\initial_graph_coloring_dataset\colpack_outputs_week13_expanded\west0479_smallest_last.txt
west0479,405,220,0.5397489539748954,SMALLEST_LAST,data\processed\initial_graph_coloring_dataset\colpack_outputs_week13_expanded\west0479_smallest_last.txt
west0479,165,221,0.5376569037656904,SMALLEST_LAST,data\processed\initial_graph_coloring_dataset\colpack_outputs_week13_expanded\west0479_smallest_last.txt
west0479,180,222,0.5355648535564853,SMALLEST_LAST,data\processed\initial_graph_coloring_dataset\colpack_outputs_week13_expanded\west0479_smallest_last.txt
west0479,353,223,0.5334728033472803,SMALLEST_LAST,data\processed\initial_graph_coloring_dataset\colpack_outputs_week13_expanded\west0479_smallest_last.txt
west0479,338,224,0.5313807531380753,SMALLEST_LAST,data\processed\initial_graph_coloring_dataset\colpack_outputs_week13_expanded\west0479_smallest_last.txt
west0479,104,225,0.5292887029288703,SMALLEST_LAST,data\processed\initial_graph_coloring_dataset\colpack_outputs_week13_expanded\west0479_smallest_last.txt
west0479,148,226,0.5271966527196653,SMALLEST_LAST,data\processed\initial_graph_coloring_dataset\colpack_outputs_week13_expanded\west0479_smallest_last.txt
west0479,150,227,0.5251046025104602,SMALLEST_LAST,data\processed\initial_graph_coloring_dataset\colpack_outputs_week13_expanded\west0479_smallest_last.txt
west0479,149,228,0.5230125523012552,SMALLEST_LAST,data\processed\initial_graph_coloring_dataset\colpack_outputs_week13_expanded\west0479_smallest_last.txt
west0479,238,229,0.5209205020920502,SMALLEST_LAST,data\processed\initial_graph_coloring_dataset\colpack_outputs_week13_expanded\west0479_smallest_last.txt
west0479,386,230,0.5188284518828452,SMALLEST_LAST,data\processed\initial_graph_coloring_dataset\colpack_outputs_week13_expanded\west0479_smallest_last.txt
west0479,347,231,0.5167364016736402,SMALLEST_LAST,data\processed\initial_graph_coloring_dataset\colpack_outputs_week13_expanded\west0479_smallest_last.txt
west0479,332,232,0.5146443514644351,SMALLEST_LAST,data\processed\initial_graph_coloring_dataset\colpack_outputs_week13_expanded\west0479_smallest_last.txt
west0479,86,233,0.5125523012552301,SMALLEST_LAST,data\processed\initial_graph_coloring_dataset\colpack_outputs_week13_expanded\west0479_smallest_last.txt
west0479,387,234,0.5104602510460251,SMALLEST_LAST,data\processed\initial_graph_coloring_dataset\colpack_outputs_week13_expanded\west0479_smallest_last.txt
west0479,427,235,0.5083682008368201,SMALLEST_LAST,data\processed\initial_graph_coloring_dataset\colpack_outputs_week13_expanded\west0479_smallest_last.txt
west0479,113,236,0.5062761506276151,SMALLEST_LAST,data\processed\initial_graph_coloring_dataset\colpack_outputs_week13_expanded\west0479_smallest_last.txt
west0479,432,237,0.50418410041841,SMALLEST_LAST,data\processed\initial_graph_coloring_dataset\colpack_outputs_week13_expanded\west0479_smallest_last.txt
west0479,266,238,0.502092050209205,SMALLEST_LAST,data\processed\initial_graph_coloring_dataset\colpack_outputs_week13_expanded\west0479_smallest_last.txt
west0479,462,239,0.5,SMALLEST_LAST,data\processed\initial_graph_coloring_dataset\colpack_outputs_week13_expanded\west0479_smallest_last.txt
west0479,287,240,0.497907949790795,SMALLEST_LAST,data\processed\initial_graph_coloring_dataset\colpack_outputs_week13_expanded\west0479_smallest_last.txt
west0479,156,241,0.49581589958158995,SMALLEST_LAST,data\processed\initial_graph_coloring_dataset\colpack_outputs_week13_expanded\west0479_smallest_last.txt
west0479,396,242,0.49372384937238495,SMALLEST_LAST,data\processed\initial_graph_coloring_dataset\colpack_outputs_week13_expanded\west0479_smallest_last.txt
west0479,325,243,0.4916317991631799,SMALLEST_LAST,data\processed\initial_graph_coloring_dataset\colpack_outputs_week13_expanded\west0479_smallest_last.txt
west0479,383,244,0.4895397489539749,SMALLEST_LAST,data\processed\initial_graph_coloring_dataset\colpack_outputs_week13_expanded\west0479_smallest_last.txt
west0479,417,245,0.4874476987447699,SMALLEST_LAST,data\processed\initial_graph_coloring_dataset\colpack_outputs_week13_expanded\west0479_smallest_last.txt
west0479,426,246,0.48535564853556484,SMALLEST_LAST,data\processed\initial_graph_coloring_dataset\colpack_outputs_week13_expanded\west0479_smallest_last.txt
west0479,465,247,0.48326359832635984,SMALLEST_LAST,data\processed\initial_graph_coloring_dataset\colpack_outputs_week13_expanded\west0479_smallest_last.txt
west0479,453,248,0.4811715481171548,SMALLEST_LAST,data\processed\initial_graph_coloring_dataset\colpack_outputs_week13_expanded\west0479_smallest_last.txt
west0479,452,249,0.4790794979079498,SMALLEST_LAST,data\processed\initial_graph_coloring_dataset\colpack_outputs_week13_expanded\west0479_smallest_last.txt
west0479,437,250,0.4769874476987448,SMALLEST_LAST,data\processed\initial_graph_coloring_dataset\colpack_outputs_week13_expanded\west0479_smallest_last.txt
west0479,438,251,0.47489539748953974,SMALLEST_LAST,data\processed\initial_graph_coloring_dataset\colpack_outputs_week13_expanded\west0479_smallest_last.txt
west0479,439,252,0.47280334728033474,SMALLEST_LAST,data\processed\initial_graph_coloring_dataset\colpack_outputs_week13_expanded\west0479_smallest_last.txt
west0479,444,253,0.4707112970711297,SMALLEST_LAST,data\processed\initial_graph_coloring_dataset\colpack_outputs_week13_expanded\west0479_smallest_last.txt
west0479,442,254,0.4686192468619247,SMALLEST_LAST,data\processed\initial_graph_coloring_dataset\colpack_outputs_week13_expanded\west0479_smallest_last.txt
west0479,443,255,0.4665271966527197,SMALLEST_LAST,data\processed\initial_graph_coloring_dataset\colpack_outputs_week13_expanded\west0479_smallest_last.txt
west0479,441,256,0.46443514644351463,SMALLEST_LAST,data\processed\initial_graph_coloring_dataset\colpack_outputs_week13_expanded\west0479_smallest_last.txt
west0479,440,257,0.46234309623430964,SMALLEST_LAST,data\processed\initial_graph_coloring_dataset\colpack_outputs_week13_expanded\west0479_smallest_last.txt
west0479,445,258,0.4602510460251046,SMALLEST_LAST,data\processed\initial_graph_coloring_dataset\colpack_outputs_week13_expanded\west0479_smallest_last.txt
west0479,446,259,0.4581589958158996,SMALLEST_LAST,data\processed\initial_graph_coloring_dataset\colpack_outputs_week13_expanded\west0479_smallest_last.txt
west0479,447,260,0.4560669456066946,SMALLEST_LAST,data\processed\initial_graph_coloring_dataset\colpack_outputs_week13_expanded\west0479_smallest_last.txt
west0479,448,261,0.45397489539748953,SMALLEST_LAST,data\processed\initial_graph_coloring_dataset\colpack_outputs_week13_expanded\west0479_smallest_last.txt
west0479,408,262,0.45188284518828453,SMALLEST_LAST,data\processed\initial_graph_coloring_dataset\colpack_outputs_week13_expanded\west0479_smallest_last.txt
west0479,56,263,0.4497907949790795,SMALLEST_LAST,data\processed\initial_graph_coloring_dataset\colpack_outputs_week13_expanded\west0479_smallest_last.txt
west0479,85,264,0.4476987447698745,SMALLEST_LAST,data\processed\initial_graph_coloring_dataset\colpack_outputs_week13_expanded\west0479_smallest_last.txt
west0479,46,265,0.4456066945606695,SMALLEST_LAST,data\processed\initial_graph_coloring_dataset\colpack_outputs_week13_expanded\west0479_smallest_last.txt
west0479,348,266,0.4435146443514644,SMALLEST_LAST,data\processed\initial_graph_coloring_dataset\colpack_outputs_week13_expanded\west0479_smallest_last.txt
west0479,114,267,0.44142259414225943,SMALLEST_LAST,data\processed\initial_graph_coloring_dataset\colpack_outputs_week13_expanded\west0479_smallest_last.txt
west0479,200,268,0.4393305439330544,SMALLEST_LAST,data\processed\initial_graph_coloring_dataset\colpack_outputs_week13_expanded\west0479_smallest_last.txt
west0479,281,269,0.4372384937238494,SMALLEST_LAST,data\processed\initial_graph_coloring_dataset\colpack_outputs_week13_expanded\west0479_smallest_last.txt
west0479,313,270,0.4351464435146444,SMALLEST_LAST,data\processed\initial_graph_coloring_dataset\colpack_outputs_week13_expanded\west0479_smallest_last.txt
west0479,468,271,0.4330543933054393,SMALLEST_LAST,data\processed\initial_graph_coloring_dataset\colpack_outputs_week13_expanded\west0479_smallest_last.txt
west0479,428,272,0.4309623430962343,SMALLEST_LAST,data\processed\initial_graph_coloring_dataset\colpack_outputs_week13_expanded\west0479_smallest_last.txt
west0479,393,273,0.42887029288702927,SMALLEST_LAST,data\processed\initial_graph_coloring_dataset\colpack_outputs_week13_expanded\west0479_smallest_last.txt
west0479,429,274,0.42677824267782427,SMALLEST_LAST,data\processed\initial_graph_coloring_dataset\colpack_outputs_week13_expanded\west0479_smallest_last.txt
west0479,394,275,0.4246861924686193,SMALLEST_LAST,data\processed\initial_graph_coloring_dataset\colpack_outputs_week13_expanded\west0479_smallest_last.txt
west0479,389,276,0.4225941422594142,SMALLEST_LAST,data\processed\initial_graph_coloring_dataset\colpack_outputs_week13_expanded\west0479_smallest_last.txt
west0479,112,277,0.4205020920502092,SMALLEST_LAST,data\processed\initial_graph_coloring_dataset\colpack_outputs_week13_expanded\west0479_smallest_last.txt
west0479,367,278,0.41841004184100417,SMALLEST_LAST,data\processed\initial_graph_coloring_dataset\colpack_outputs_week13_expanded\west0479_smallest_last.txt
west0479,90,279,0.41631799163179917,SMALLEST_LAST,data\processed\initial_graph_coloring_dataset\colpack_outputs_week13_expanded\west0479_smallest_last.txt
west0479,301,280,0.41422594142259417,SMALLEST_LAST,data\processed\initial_graph_coloring_dataset\colpack_outputs_week13_expanded\west0479_smallest_last.txt
west0479,336,281,0.4121338912133891,SMALLEST_LAST,data\processed\initial_graph_coloring_dataset\colpack_outputs_week13_expanded\west0479_smallest_last.txt
west0479,472,282,0.4100418410041841,SMALLEST_LAST,data\processed\initial_graph_coloring_dataset\colpack_outputs_week13_expanded\west0479_smallest_last.txt
west0479,431,283,0.40794979079497906,SMALLEST_LAST,data\processed\initial_graph_coloring_dataset\colpack_outputs_week13_expanded\west0479_smallest_last.txt
west0479,474,284,0.40585774058577406,SMALLEST_LAST,data\processed\initial_graph_coloring_dataset\colpack_outputs_week13_expanded\west0479_smallest_last.txt
west0479,357,285,0.40376569037656906,SMALLEST_LAST,data\processed\initial_graph_coloring_dataset\colpack_outputs_week13_expanded\west0479_smallest_last.txt
west0479,166,286,0.401673640167364,SMALLEST_LAST,data\processed\initial_graph_coloring_dataset\colpack_outputs_week13_expanded\west0479_smallest_last.txt
west0479,181,287,0.399581589958159,SMALLEST_LAST,data\processed\initial_graph_coloring_dataset\colpack_outputs_week13_expanded\west0479_smallest_last.txt
west0479,419,288,0.39748953974895396,SMALLEST_LAST,data\processed\initial_graph_coloring_dataset\colpack_outputs_week13_expanded\west0479_smallest_last.txt
west0479,212,289,0.39539748953974896,SMALLEST_LAST,data\processed\initial_graph_coloring_dataset\colpack_outputs_week13_expanded\west0479_smallest_last.txt
west0479,106,290,0.39330543933054396,SMALLEST_LAST,data\processed\initial_graph_coloring_dataset\colpack_outputs_week13_expanded\west0479_smallest_last.txt
west0479,295,291,0.3912133891213389,SMALLEST_LAST,data\processed\initial_graph_coloring_dataset\colpack_outputs_week13_expanded\west0479_smallest_last.txt
west0479,282,292,0.3891213389121339,SMALLEST_LAST,data\processed\initial_graph_coloring_dataset\colpack_outputs_week13_expanded\west0479_smallest_last.txt
west0479,171,293,0.38702928870292885,SMALLEST_LAST,data\processed\initial_graph_coloring_dataset\colpack_outputs_week13_expanded\west0479_smallest_last.txt
west0479,397,294,0.38493723849372385,SMALLEST_LAST,data\processed\initial_graph_coloring_dataset\colpack_outputs_week13_expanded\west0479_smallest_last.txt
west0479,157,295,0.38284518828451886,SMALLEST_LAST,data\processed\initial_graph_coloring_dataset\colpack_outputs_week13_expanded\west0479_smallest_last.txt
west0479,256,296,0.3807531380753138,SMALLEST_LAST,data\processed\initial_graph_coloring_dataset\colpack_outputs_week13_expanded\west0479_smallest_last.txt
west0479,219,297,0.3786610878661088,SMALLEST_LAST,data\processed\initial_graph_coloring_dataset\colpack_outputs_week13_expanded\west0479_smallest_last.txt
west0479,404,298,0.37656903765690375,SMALLEST_LAST,data\processed\initial_graph_coloring_dataset\colpack_outputs_week13_expanded\west0479_smallest_last.txt
west0479,191,299,0.37447698744769875,SMALLEST_LAST,data\processed\initial_graph_coloring_dataset\colpack_outputs_week13_expanded\west0479_smallest_last.txt
west0479,403,300,0.3723849372384937,SMALLEST_LAST,data\processed\initial_graph_coloring_dataset\colpack_outputs_week13_expanded\west0479_smallest_last.txt
west0479,154,301,0.3702928870292887,SMALLEST_LAST,data\processed\initial_graph_coloring_dataset\colpack_outputs_week13_expanded\west0479_smallest_last.txt
west0479,400,302,0.3682008368200837,SMALLEST_LAST,data\processed\initial_graph_coloring_dataset\colpack_outputs_week13_expanded\west0479_smallest_last.txt
west0479,184,303,0.36610878661087864,SMALLEST_LAST,data\processed\initial_graph_coloring_dataset\colpack_outputs_week13_expanded\west0479_smallest_last.txt
west0479,382,304,0.36401673640167365,SMALLEST_LAST,data\processed\initial_graph_coloring_dataset\colpack_outputs_week13_expanded\west0479_smallest_last.txt
west0479,152,305,0.3619246861924686,SMALLEST_LAST,data\processed\initial_graph_coloring_dataset\colpack_outputs_week13_expanded\west0479_smallest_last.txt
west0479,167,306,0.3598326359832636,SMALLEST_LAST,data\processed\initial_graph_coloring_dataset\colpack_outputs_week13_expanded\west0479_smallest_last.txt
west0479,182,307,0.3577405857740586,SMALLEST_LAST,data\processed\initial_graph_coloring_dataset\colpack_outputs_week13_expanded\west0479_smallest_last.txt
west0479,153,308,0.35564853556485354,SMALLEST_LAST,data\processed\initial_graph_coloring_dataset\colpack_outputs_week13_expanded\west0479_smallest_last.txt
west0479,420,309,0.35355648535564854,SMALLEST_LAST,data\processed\initial_graph_coloring_dataset\colpack_outputs_week13_expanded\west0479_smallest_last.txt
west0479,213,310,0.3514644351464435,SMALLEST_LAST,data\processed\initial_graph_coloring_dataset\colpack_outputs_week13_expanded\west0479_smallest_last.txt
west0479,418,311,0.3493723849372385,SMALLEST_LAST,data\processed\initial_graph_coloring_dataset\colpack_outputs_week13_expanded\west0479_smallest_last.txt
west0479,211,312,0.3472803347280335,SMALLEST_LAST,data\processed\initial_graph_coloring_dataset\colpack_outputs_week13_expanded\west0479_smallest_last.txt
west0479,183,313,0.34518828451882844,SMALLEST_LAST,data\processed\initial_graph_coloring_dataset\colpack_outputs_week13_expanded\west0479_smallest_last.txt
west0479,214,314,0.34309623430962344,SMALLEST_LAST,data\processed\initial_graph_coloring_dataset\colpack_outputs_week13_expanded\west0479_smallest_last.txt
west0479,402,315,0.3410041841004184,SMALLEST_LAST,data\processed\initial_graph_coloring_dataset\colpack_outputs_week13_expanded\west0479_smallest_last.txt
west0479,186,316,0.3389121338912134,SMALLEST_LAST,data\processed\initial_graph_coloring_dataset\colpack_outputs_week13_expanded\west0479_smallest_last.txt
west0479,192,317,0.3368200836820084,SMALLEST_LAST,data\processed\initial_graph_coloring_dataset\colpack_outputs_week13_expanded\west0479_smallest_last.txt
west0479,220,318,0.33472803347280333,SMALLEST_LAST,data\processed\initial_graph_coloring_dataset\colpack_outputs_week13_expanded\west0479_smallest_last.txt
west0479,244,319,0.33263598326359833,SMALLEST_LAST,data\processed\initial_graph_coloring_dataset\colpack_outputs_week13_expanded\west0479_smallest_last.txt
west0479,292,320,0.3305439330543933,SMALLEST_LAST,data\processed\initial_graph_coloring_dataset\colpack_outputs_week13_expanded\west0479_smallest_last.txt
west0479,344,321,0.3284518828451883,SMALLEST_LAST,data\processed\initial_graph_coloring_dataset\colpack_outputs_week13_expanded\west0479_smallest_last.txt
west0479,433,322,0.3263598326359833,SMALLEST_LAST,data\processed\initial_graph_coloring_dataset\colpack_outputs_week13_expanded\west0479_smallest_last.txt
west0479,473,323,0.32426778242677823,SMALLEST_LAST,data\processed\initial_graph_coloring_dataset\colpack_outputs_week13_expanded\west0479_smallest_last.txt
west0479,356,324,0.32217573221757323,SMALLEST_LAST,data\processed\initial_graph_coloring_dataset\colpack_outputs_week13_expanded\west0479_smallest_last.txt
west0479,463,325,0.3200836820083682,SMALLEST_LAST,data\processed\initial_graph_coloring_dataset\colpack_outputs_week13_expanded\west0479_smallest_last.txt
west0479,424,326,0.3179916317991632,SMALLEST_LAST,data\processed\initial_graph_coloring_dataset\colpack_outputs_week13_expanded\west0479_smallest_last.txt
west0479,464,327,0.3158995815899582,SMALLEST_LAST,data\processed\initial_graph_coloring_dataset\colpack_outputs_week13_expanded\west0479_smallest_last.txt
west0479,425,328,0.3138075313807531,SMALLEST_LAST,data\processed\initial_graph_coloring_dataset\colpack_outputs_week13_expanded\west0479_smallest_last.txt
west0479,390,329,0.3117154811715481,SMALLEST_LAST,data\processed\initial_graph_coloring_dataset\colpack_outputs_week13_expanded\west0479_smallest_last.txt
west0479,88,330,0.30962343096234307,SMALLEST_LAST,data\processed\initial_graph_coloring_dataset\colpack_outputs_week13_expanded\west0479_smallest_last.txt
west0479,454,331,0.3075313807531381,SMALLEST_LAST,data\processed\initial_graph_coloring_dataset\colpack_outputs_week13_expanded\west0479_smallest_last.txt
west0479,331,332,0.3054393305439331,SMALLEST_LAST,data\processed\initial_graph_coloring_dataset\colpack_outputs_week13_expanded\west0479_smallest_last.txt
west0479,430,333,0.303347280334728,SMALLEST_LAST,data\processed\initial_graph_coloring_dataset\colpack_outputs_week13_expanded\west0479_smallest_last.txt
west0479,470,334,0.301255230125523,SMALLEST_LAST,data\processed\initial_graph_coloring_dataset\colpack_outputs_week13_expanded\west0479_smallest_last.txt
west0479,334,335,0.29916317991631797,SMALLEST_LAST,data\processed\initial_graph_coloring_dataset\colpack_outputs_week13_expanded\west0479_smallest_last.txt
west0479,324,336,0.29707112970711297,SMALLEST_LAST,data\processed\initial_graph_coloring_dataset\colpack_outputs_week13_expanded\west0479_smallest_last.txt
west0479,293,337,0.29497907949790797,SMALLEST_LAST,data\processed\initial_graph_coloring_dataset\colpack_outputs_week13_expanded\west0479_smallest_last.txt
west0479,280,338,0.2928870292887029,SMALLEST_LAST,data\processed\initial_graph_coloring_dataset\colpack_outputs_week13_expanded\west0479_smallest_last.txt
west0479,304,339,0.2907949790794979,SMALLEST_LAST,data\processed\initial_graph_coloring_dataset\colpack_outputs_week13_expanded\west0479_smallest_last.txt
west0479,346,340,0.28870292887029286,SMALLEST_LAST,data\processed\initial_graph_coloring_dataset\colpack_outputs_week13_expanded\west0479_smallest_last.txt
west0479,467,341,0.28661087866108786,SMALLEST_LAST,data\processed\initial_graph_coloring_dataset\colpack_outputs_week13_expanded\west0479_smallest_last.txt
west0479,312,342,0.28451882845188287,SMALLEST_LAST,data\processed\initial_graph_coloring_dataset\colpack_outputs_week13_expanded\west0479_smallest_last.txt
west0479,345,343,0.2824267782426778,SMALLEST_LAST,data\processed\initial_graph_coloring_dataset\colpack_outputs_week13_expanded\west0479_smallest_last.txt
west0479,300,344,0.2803347280334728,SMALLEST_LAST,data\processed\initial_graph_coloring_dataset\colpack_outputs_week13_expanded\west0479_smallest_last.txt
west0479,471,345,0.27824267782426776,SMALLEST_LAST,data\processed\initial_graph_coloring_dataset\colpack_outputs_week13_expanded\west0479_smallest_last.txt
west0479,335,346,0.27615062761506276,SMALLEST_LAST,data\processed\initial_graph_coloring_dataset\colpack_outputs_week13_expanded\west0479_smallest_last.txt
west0479,89,347,0.27405857740585776,SMALLEST_LAST,data\processed\initial_graph_coloring_dataset\colpack_outputs_week13_expanded\west0479_smallest_last.txt
west0479,421,348,0.2719665271966527,SMALLEST_LAST,data\processed\initial_graph_coloring_dataset\colpack_outputs_week13_expanded\west0479_smallest_last.txt
west0479,477,349,0.2698744769874477,SMALLEST_LAST,data\processed\initial_graph_coloring_dataset\colpack_outputs_week13_expanded\west0479_smallest_last.txt
west0479,460,350,0.26778242677824265,SMALLEST_LAST,data\processed\initial_graph_coloring_dataset\colpack_outputs_week13_expanded\west0479_smallest_last.txt
west0479,459,351,0.26569037656903766,SMALLEST_LAST,data\processed\initial_graph_coloring_dataset\colpack_outputs_week13_expanded\west0479_smallest_last.txt
west0479,457,352,0.26359832635983266,SMALLEST_LAST,data\processed\initial_graph_coloring_dataset\colpack_outputs_week13_expanded\west0479_smallest_last.txt
west0479,458,353,0.2615062761506276,SMALLEST_LAST,data\processed\initial_graph_coloring_dataset\colpack_outputs_week13_expanded\west0479_smallest_last.txt
west0479,475,354,0.2594142259414226,SMALLEST_LAST,data\processed\initial_graph_coloring_dataset\colpack_outputs_week13_expanded\west0479_smallest_last.txt
west0479,358,355,0.25732217573221755,SMALLEST_LAST,data\processed\initial_graph_coloring_dataset\colpack_outputs_week13_expanded\west0479_smallest_last.txt
west0479,436,356,0.25523012552301255,SMALLEST_LAST,data\processed\initial_graph_coloring_dataset\colpack_outputs_week13_expanded\west0479_smallest_last.txt
west0479,476,357,0.25313807531380755,SMALLEST_LAST,data\processed\initial_graph_coloring_dataset\colpack_outputs_week13_expanded\west0479_smallest_last.txt
west0479,172,358,0.2510460251046025,SMALLEST_LAST,data\processed\initial_graph_coloring_dataset\colpack_outputs_week13_expanded\west0479_smallest_last.txt
west0479,378,359,0.2489539748953975,SMALLEST_LAST,data\processed\initial_graph_coloring_dataset\colpack_outputs_week13_expanded\west0479_smallest_last.txt
west0479,379,360,0.24686192468619247,SMALLEST_LAST,data\processed\initial_graph_coloring_dataset\colpack_outputs_week13_expanded\west0479_smallest_last.txt
west0479,151,361,0.24476987447698745,SMALLEST_LAST,data\processed\initial_graph_coloring_dataset\colpack_outputs_week13_expanded\west0479_smallest_last.txt
west0479,381,362,0.24267782426778242,SMALLEST_LAST,data\processed\initial_graph_coloring_dataset\colpack_outputs_week13_expanded\west0479_smallest_last.txt
west0479,395,363,0.2405857740585774,SMALLEST_LAST,data\processed\initial_graph_coloring_dataset\colpack_outputs_week13_expanded\west0479_smallest_last.txt
west0479,155,364,0.2384937238493724,SMALLEST_LAST,data\processed\initial_graph_coloring_dataset\colpack_outputs_week13_expanded\west0479_smallest_last.txt
west0479,185,365,0.23640167364016737,SMALLEST_LAST,data\processed\initial_graph_coloring_dataset\colpack_outputs_week13_expanded\west0479_smallest_last.txt
west0479,401,366,0.23430962343096234,SMALLEST_LAST,data\processed\initial_graph_coloring_dataset\colpack_outputs_week13_expanded\west0479_smallest_last.txt
west0479,158,367,0.23221757322175732,SMALLEST_LAST,data\processed\initial_graph_coloring_dataset\colpack_outputs_week13_expanded\west0479_smallest_last.txt
west0479,398,368,0.2301255230125523,SMALLEST_LAST,data\processed\initial_graph_coloring_dataset\colpack_outputs_week13_expanded\west0479_smallest_last.txt
west0479,406,369,0.2280334728033473,SMALLEST_LAST,data\processed\initial_graph_coloring_dataset\colpack_outputs_week13_expanded\west0479_smallest_last.txt
west0479,407,370,0.22594142259414227,SMALLEST_LAST,data\processed\initial_graph_coloring_dataset\colpack_outputs_week13_expanded\west0479_smallest_last.txt
west0479,6,371,0.22384937238493724,SMALLEST_LAST,data\processed\initial_graph_coloring_dataset\colpack_outputs_week13_expanded\west0479_smallest_last.txt
west0479,16,372,0.2217573221757322,SMALLEST_LAST,data\processed\initial_graph_coloring_dataset\colpack_outputs_week13_expanded\west0479_smallest_last.txt
west0479,42,373,0.2196652719665272,SMALLEST_LAST,data\processed\initial_graph_coloring_dataset\colpack_outputs_week13_expanded\west0479_smallest_last.txt
west0479,52,374,0.2175732217573222,SMALLEST_LAST,data\processed\initial_graph_coloring_dataset\colpack_outputs_week13_expanded\west0479_smallest_last.txt
west0479,59,375,0.21548117154811716,SMALLEST_LAST,data\processed\initial_graph_coloring_dataset\colpack_outputs_week13_expanded\west0479_smallest_last.txt
west0479,65,376,0.21338912133891214,SMALLEST_LAST,data\processed\initial_graph_coloring_dataset\colpack_outputs_week13_expanded\west0479_smallest_last.txt
west0479,73,377,0.2112970711297071,SMALLEST_LAST,data\processed\initial_graph_coloring_dataset\colpack_outputs_week13_expanded\west0479_smallest_last.txt
west0479,53,378,0.20920502092050208,SMALLEST_LAST,data\processed\initial_graph_coloring_dataset\colpack_outputs_week13_expanded\west0479_smallest_last.txt
west0479,60,379,0.20711297071129708,SMALLEST_LAST,data\processed\initial_graph_coloring_dataset\colpack_outputs_week13_expanded\west0479_smallest_last.txt
west0479,66,380,0.20502092050209206,SMALLEST_LAST,data\processed\initial_graph_coloring_dataset\colpack_outputs_week13_expanded\west0479_smallest_last.txt
west0479,82,381,0.20292887029288703,SMALLEST_LAST,data\processed\initial_graph_coloring_dataset\colpack_outputs_week13_expanded\west0479_smallest_last.txt
west0479,77,382,0.200836820083682,SMALLEST_LAST,data\processed\initial_graph_coloring_dataset\colpack_outputs_week13_expanded\west0479_smallest_last.txt
west0479,49,383,0.19874476987447698,SMALLEST_LAST,data\processed\initial_graph_coloring_dataset\colpack_outputs_week13_expanded\west0479_smallest_last.txt
west0479,62,384,0.19665271966527198,SMALLEST_LAST,data\processed\initial_graph_coloring_dataset\colpack_outputs_week13_expanded\west0479_smallest_last.txt
west0479,83,385,0.19456066945606695,SMALLEST_LAST,data\processed\initial_graph_coloring_dataset\colpack_outputs_week13_expanded\west0479_smallest_last.txt
west0479,55,386,0.19246861924686193,SMALLEST_LAST,data\processed\initial_graph_coloring_dataset\colpack_outputs_week13_expanded\west0479_smallest_last.txt
west0479,84,387,0.1903765690376569,SMALLEST_LAST,data\processed\initial_graph_coloring_dataset\colpack_outputs_week13_expanded\west0479_smallest_last.txt
west0479,72,388,0.18828451882845187,SMALLEST_LAST,data\processed\initial_graph_coloring_dataset\colpack_outputs_week13_expanded\west0479_smallest_last.txt
west0479,78,389,0.18619246861924685,SMALLEST_LAST,data\processed\initial_graph_coloring_dataset\colpack_outputs_week13_expanded\west0479_smallest_last.txt
west0479,79,390,0.18410041841004185,SMALLEST_LAST,data\processed\initial_graph_coloring_dataset\colpack_outputs_week13_expanded\west0479_smallest_last.txt
west0479,50,391,0.18200836820083682,SMALLEST_LAST,data\processed\initial_graph_coloring_dataset\colpack_outputs_week13_expanded\west0479_smallest_last.txt
west0479,80,392,0.1799163179916318,SMALLEST_LAST,data\processed\initial_graph_coloring_dataset\colpack_outputs_week13_expanded\west0479_smallest_last.txt
west0479,30,393,0.17782426778242677,SMALLEST_LAST,data\processed\initial_graph_coloring_dataset\colpack_outputs_week13_expanded\west0479_smallest_last.txt
west0479,5,394,0.17573221757322174,SMALLEST_LAST,data\processed\initial_graph_coloring_dataset\colpack_outputs_week13_expanded\west0479_smallest_last.txt
west0479,13,395,0.17364016736401675,SMALLEST_LAST,data\processed\initial_graph_coloring_dataset\colpack_outputs_week13_expanded\west0479_smallest_last.txt
west0479,29,396,0.17154811715481172,SMALLEST_LAST,data\processed\initial_graph_coloring_dataset\colpack_outputs_week13_expanded\west0479_smallest_last.txt
west0479,41,397,0.1694560669456067,SMALLEST_LAST,data\processed\initial_graph_coloring_dataset\colpack_outputs_week13_expanded\west0479_smallest_last.txt
west0479,38,398,0.16736401673640167,SMALLEST_LAST,data\processed\initial_graph_coloring_dataset\colpack_outputs_week13_expanded\west0479_smallest_last.txt
west0479,32,399,0.16527196652719664,SMALLEST_LAST,data\processed\initial_graph_coloring_dataset\colpack_outputs_week13_expanded\west0479_smallest_last.txt
west0479,7,400,0.16317991631799164,SMALLEST_LAST,data\processed\initial_graph_coloring_dataset\colpack_outputs_week13_expanded\west0479_smallest_last.txt
west0479,2,401,0.16108786610878661,SMALLEST_LAST,data\processed\initial_graph_coloring_dataset\colpack_outputs_week13_expanded\west0479_smallest_last.txt
west0479,17,402,0.1589958158995816,SMALLEST_LAST,data\processed\initial_graph_coloring_dataset\colpack_outputs_week13_expanded\west0479_smallest_last.txt
west0479,10,403,0.15690376569037656,SMALLEST_LAST,data\processed\initial_graph_coloring_dataset\colpack_outputs_week13_expanded\west0479_smallest_last.txt
west0479,26,404,0.15481171548117154,SMALLEST_LAST,data\processed\initial_graph_coloring_dataset\colpack_outputs_week13_expanded\west0479_smallest_last.txt
west0479,23,405,0.15271966527196654,SMALLEST_LAST,data\processed\initial_graph_coloring_dataset\colpack_outputs_week13_expanded\west0479_smallest_last.txt
west0479,33,406,0.1506276150627615,SMALLEST_LAST,data\processed\initial_graph_coloring_dataset\colpack_outputs_week13_expanded\west0479_smallest_last.txt
west0479,8,407,0.14853556485355648,SMALLEST_LAST,data\processed\initial_graph_coloring_dataset\colpack_outputs_week13_expanded\west0479_smallest_last.txt
west0479,18,408,0.14644351464435146,SMALLEST_LAST,data\processed\initial_graph_coloring_dataset\colpack_outputs_week13_expanded\west0479_smallest_last.txt
west0479,11,409,0.14435146443514643,SMALLEST_LAST,data\processed\initial_graph_coloring_dataset\colpack_outputs_week13_expanded\west0479_smallest_last.txt
west0479,21,410,0.14225941422594143,SMALLEST_LAST,data\processed\initial_graph_coloring_dataset\colpack_outputs_week13_expanded\west0479_smallest_last.txt
west0479,36,411,0.1401673640167364,SMALLEST_LAST,data\processed\initial_graph_coloring_dataset\colpack_outputs_week13_expanded\west0479_smallest_last.txt
west0479,20,412,0.13807531380753138,SMALLEST_LAST,data\processed\initial_graph_coloring_dataset\colpack_outputs_week13_expanded\west0479_smallest_last.txt
west0479,34,413,0.13598326359832635,SMALLEST_LAST,data\processed\initial_graph_coloring_dataset\colpack_outputs_week13_expanded\west0479_smallest_last.txt
west0479,9,414,0.13389121338912133,SMALLEST_LAST,data\processed\initial_graph_coloring_dataset\colpack_outputs_week13_expanded\west0479_smallest_last.txt
west0479,22,415,0.13179916317991633,SMALLEST_LAST,data\processed\initial_graph_coloring_dataset\colpack_outputs_week13_expanded\west0479_smallest_last.txt
west0479,45,416,0.1297071129707113,SMALLEST_LAST,data\processed\initial_graph_coloring_dataset\colpack_outputs_week13_expanded\west0479_smallest_last.txt
west0479,98,417,0.12761506276150628,SMALLEST_LAST,data\processed\initial_graph_coloring_dataset\colpack_outputs_week13_expanded\west0479_smallest_last.txt
west0479,40,418,0.12552301255230125,SMALLEST_LAST,data\processed\initial_graph_coloring_dataset\colpack_outputs_week13_expanded\west0479_smallest_last.txt
west0479,37,419,0.12343096234309624,SMALLEST_LAST,data\processed\initial_graph_coloring_dataset\colpack_outputs_week13_expanded\west0479_smallest_last.txt
west0479,12,420,0.12133891213389121,SMALLEST_LAST,data\processed\initial_graph_coloring_dataset\colpack_outputs_week13_expanded\west0479_smallest_last.txt
west0479,39,421,0.1192468619246862,SMALLEST_LAST,data\processed\initial_graph_coloring_dataset\colpack_outputs_week13_expanded\west0479_smallest_last.txt
west0479,14,422,0.11715481171548117,SMALLEST_LAST,data\processed\initial_graph_coloring_dataset\colpack_outputs_week13_expanded\west0479_smallest_last.txt
west0479,19,423,0.11506276150627615,SMALLEST_LAST,data\processed\initial_graph_coloring_dataset\colpack_outputs_week13_expanded\west0479_smallest_last.txt
west0479,4,424,0.11297071129707113,SMALLEST_LAST,data\processed\initial_graph_coloring_dataset\colpack_outputs_week13_expanded\west0479_smallest_last.txt
west0479,28,425,0.1108786610878661,SMALLEST_LAST,data\processed\initial_graph_coloring_dataset\colpack_outputs_week13_expanded\west0479_smallest_last.txt
west0479,3,426,0.1087866108786611,SMALLEST_LAST,data\processed\initial_graph_coloring_dataset\colpack_outputs_week13_expanded\west0479_smallest_last.txt
west0479,27,427,0.10669456066945607,SMALLEST_LAST,data\processed\initial_graph_coloring_dataset\colpack_outputs_week13_expanded\west0479_smallest_last.txt
west0479,0,428,0.10460251046025104,SMALLEST_LAST,data\processed\initial_graph_coloring_dataset\colpack_outputs_week13_expanded\west0479_smallest_last.txt
west0479,24,429,0.10251046025104603,SMALLEST_LAST,data\processed\initial_graph_coloring_dataset\colpack_outputs_week13_expanded\west0479_smallest_last.txt
west0479,1,430,0.100418410041841,SMALLEST_LAST,data\processed\initial_graph_coloring_dataset\colpack_outputs_week13_expanded\west0479_smallest_last.txt
west0479,25,431,0.09832635983263599,SMALLEST_LAST,data\processed\initial_graph_coloring_dataset\colpack_outputs_week13_expanded\west0479_smallest_last.txt
west0479,15,432,0.09623430962343096,SMALLEST_LAST,data\processed\initial_graph_coloring_dataset\colpack_outputs_week13_expanded\west0479_smallest_last.txt
west0479,31,433,0.09414225941422594,SMALLEST_LAST,data\processed\initial_graph_coloring_dataset\colpack_outputs_week13_expanded\west0479_smallest_last.txt
west0479,35,434,0.09205020920502092,SMALLEST_LAST,data\processed\initial_graph_coloring_dataset\colpack_outputs_week13_expanded\west0479_smallest_last.txt
west0479,69,435,0.0899581589958159,SMALLEST_LAST,data\processed\initial_graph_coloring_dataset\colpack_outputs_week13_expanded\west0479_smallest_last.txt
west0479,51,436,0.08786610878661087,SMALLEST_LAST,data\processed\initial_graph_coloring_dataset\colpack_outputs_week13_expanded\west0479_smallest_last.txt
west0479,58,437,0.08577405857740586,SMALLEST_LAST,data\processed\initial_graph_coloring_dataset\colpack_outputs_week13_expanded\west0479_smallest_last.txt
west0479,54,438,0.08368200836820083,SMALLEST_LAST,data\processed\initial_graph_coloring_dataset\colpack_outputs_week13_expanded\west0479_smallest_last.txt
west0479,67,439,0.08158995815899582,SMALLEST_LAST,data\processed\initial_graph_coloring_dataset\colpack_outputs_week13_expanded\west0479_smallest_last.txt
west0479,68,440,0.0794979079497908,SMALLEST_LAST,data\processed\initial_graph_coloring_dataset\colpack_outputs_week13_expanded\west0479_smallest_last.txt
west0479,57,441,0.07740585774058577,SMALLEST_LAST,data\processed\initial_graph_coloring_dataset\colpack_outputs_week13_expanded\west0479_smallest_last.txt
west0479,44,442,0.07531380753138076,SMALLEST_LAST,data\processed\initial_graph_coloring_dataset\colpack_outputs_week13_expanded\west0479_smallest_last.txt
west0479,71,443,0.07322175732217573,SMALLEST_LAST,data\processed\initial_graph_coloring_dataset\colpack_outputs_week13_expanded\west0479_smallest_last.txt
west0479,43,444,0.07112970711297072,SMALLEST_LAST,data\processed\initial_graph_coloring_dataset\colpack_outputs_week13_expanded\west0479_smallest_last.txt
west0479,70,445,0.06903765690376569,SMALLEST_LAST,data\processed\initial_graph_coloring_dataset\colpack_outputs_week13_expanded\west0479_smallest_last.txt
west0479,61,446,0.06694560669456066,SMALLEST_LAST,data\processed\initial_graph_coloring_dataset\colpack_outputs_week13_expanded\west0479_smallest_last.txt
west0479,48,447,0.06485355648535565,SMALLEST_LAST,data\processed\initial_graph_coloring_dataset\colpack_outputs_week13_expanded\west0479_smallest_last.txt
west0479,64,448,0.06276150627615062,SMALLEST_LAST,data\processed\initial_graph_coloring_dataset\colpack_outputs_week13_expanded\west0479_smallest_last.txt
west0479,76,449,0.060669456066945605,SMALLEST_LAST,data\processed\initial_graph_coloring_dataset\colpack_outputs_week13_expanded\west0479_smallest_last.txt
west0479,63,450,0.058577405857740586,SMALLEST_LAST,data\processed\initial_graph_coloring_dataset\colpack_outputs_week13_expanded\west0479_smallest_last.txt
west0479,74,451,0.056485355648535567,SMALLEST_LAST,data\processed\initial_graph_coloring_dataset\colpack_outputs_week13_expanded\west0479_smallest_last.txt
west0479,47,452,0.05439330543933055,SMALLEST_LAST,data\processed\initial_graph_coloring_dataset\colpack_outputs_week13_expanded\west0479_smallest_last.txt
west0479,75,453,0.05230125523012552,SMALLEST_LAST,data\processed\initial_graph_coloring_dataset\colpack_outputs_week13_expanded\west0479_smallest_last.txt
west0479,81,454,0.0502092050209205,SMALLEST_LAST,data\processed\initial_graph_coloring_dataset\colpack_outputs_week13_expanded\west0479_smallest_last.txt
west0479,187,455,0.04811715481171548,SMALLEST_LAST,data\processed\initial_graph_coloring_dataset\colpack_outputs_week13_expanded\west0479_smallest_last.txt
west0479,215,456,0.04602510460251046,SMALLEST_LAST,data\processed\initial_graph_coloring_dataset\colpack_outputs_week13_expanded\west0479_smallest_last.txt
west0479,222,457,0.043933054393305436,SMALLEST_LAST,data\processed\initial_graph_coloring_dataset\colpack_outputs_week13_expanded\west0479_smallest_last.txt
west0479,188,458,0.04184100418410042,SMALLEST_LAST,data\processed\initial_graph_coloring_dataset\colpack_outputs_week13_expanded\west0479_smallest_last.txt
west0479,216,459,0.0397489539748954,SMALLEST_LAST,data\processed\initial_graph_coloring_dataset\colpack_outputs_week13_expanded\west0479_smallest_last.txt
west0479,189,460,0.03765690376569038,SMALLEST_LAST,data\processed\initial_graph_coloring_dataset\colpack_outputs_week13_expanded\west0479_smallest_last.txt
west0479,217,461,0.03556485355648536,SMALLEST_LAST,data\processed\initial_graph_coloring_dataset\colpack_outputs_week13_expanded\west0479_smallest_last.txt
west0479,228,462,0.03347280334728033,SMALLEST_LAST,data\processed\initial_graph_coloring_dataset\colpack_outputs_week13_expanded\west0479_smallest_last.txt
west0479,257,463,0.03138075313807531,SMALLEST_LAST,data\processed\initial_graph_coloring_dataset\colpack_outputs_week13_expanded\west0479_smallest_last.txt
west0479,461,464,0.029288702928870293,SMALLEST_LAST,data\processed\initial_graph_coloring_dataset\colpack_outputs_week13_expanded\west0479_smallest_last.txt
west0479,268,465,0.027196652719665274,SMALLEST_LAST,data\processed\initial_graph_coloring_dataset\colpack_outputs_week13_expanded\west0479_smallest_last.txt
west0479,469,466,0.02510460251046025,SMALLEST_LAST,data\processed\initial_graph_coloring_dataset\colpack_outputs_week13_expanded\west0479_smallest_last.txt
west0479,314,467,0.02301255230125523,SMALLEST_LAST,data\processed\initial_graph_coloring_dataset\colpack_outputs_week13_expanded\west0479_smallest_last.txt
west0479,368,468,0.02092050209205021,SMALLEST_LAST,data\processed\initial_graph_coloring_dataset\colpack_outputs_week13_expanded\west0479_smallest_last.txt
west0479,323,469,0.01882845188284519,SMALLEST_LAST,data\processed\initial_graph_coloring_dataset\colpack_outputs_week13_expanded\west0479_smallest_last.txt
west0479,449,470,0.016736401673640166,SMALLEST_LAST,data\processed\initial_graph_coloring_dataset\colpack_outputs_week13_expanded\west0479_smallest_last.txt
west0479,450,471,0.014644351464435146,SMALLEST_LAST,data\processed\initial_graph_coloring_dataset\colpack_outputs_week13_expanded\west0479_smallest_last.txt
west0479,451,472,0.012552301255230125,SMALLEST_LAST,data\processed\initial_graph_coloring_dataset\colpack_outputs_week13_expanded\west0479_smallest_last.txt
west0479,455,473,0.010460251046025104,SMALLEST_LAST,data\processed\initial_graph_coloring_dataset\colpack_outputs_week13_expanded\west0479_smallest_last.txt
west0479,380,474,0.008368200836820083,SMALLEST_LAST,data\processed\initial_graph_coloring_dataset\colpack_outputs_week13_expanded\west0479_smallest_last.txt
west0479,177,475,0.006276150627615063,SMALLEST_LAST,data\processed\initial_graph_coloring_dataset\colpack_outputs_week13_expanded\west0479_smallest_last.txt
west0479,178,476,0.0041841004184100415,SMALLEST_LAST,data\processed\initial_graph_coloring_dataset\colpack_outputs_week13_expanded\west0479_smallest_last.txt
west0479,179,477,0.0020920502092050207,SMALLEST_LAST,data\processed\initial_graph_coloring_dataset\colpack_outputs_week13_expanded\west0479_smallest_last.txt
west0479,456,478,0.0,SMALLEST_LAST,data\processed\initial_graph_coloring_dataset\colpack_outputs_week13_expanded\west0479_smallest_last.txt
