graph_id,node_id,order_position,target_score,selected_ordering,selected_num_colors,known_chromatic_number,split,graph_family
week17_gap_cycle_square_c20,0,0,1.0,EXACT_OPTIMAL_COLOR_CLASS_ORDER,4,4,train,heuristic_gap_controlled
week17_gap_cycle_square_c20,3,1,0.9473684210526316,EXACT_OPTIMAL_COLOR_CLASS_ORDER,4,4,train,heuristic_gap_controlled
week17_gap_cycle_square_c20,6,2,0.8947368421052632,EXACT_OPTIMAL_COLOR_CLASS_ORDER,4,4,train,heuristic_gap_controlled
week17_gap_cycle_square_c20,9,3,0.8421052631578947,EXACT_OPTIMAL_COLOR_CLASS_ORDER,4,4,train,heuristic_gap_controlled
week17_gap_cycle_square_c20,12,4,0.7894736842105263,EXACT_OPTIMAL_COLOR_CLASS_ORDER,4,4,train,heuristic_gap_controlled
week17_gap_cycle_square_c20,15,5,0.736842105263158,EXACT_OPTIMAL_COLOR_CLASS_ORDER,4,4,train,heuristic_gap_controlled
week17_gap_cycle_square_c20,1,6,0.6842105263157895,EXACT_OPTIMAL_COLOR_CLASS_ORDER,4,4,train,heuristic_gap_controlled
week17_gap_cycle_square_c20,4,7,0.631578947368421,EXACT_OPTIMAL_COLOR_CLASS_ORDER,4,4,train,heuristic_gap_controlled
week17_gap_cycle_square_c20,7,8,0.5789473684210527,EXACT_OPTIMAL_COLOR_CLASS_ORDER,4,4,train,heuristic_gap_controlled
week17_gap_cycle_square_c20,10,9,0.5263157894736843,EXACT_OPTIMAL_COLOR_CLASS_ORDER,4,4,train,heuristic_gap_controlled
week17_gap_cycle_square_c20,13,10,0.4736842105263158,EXACT_OPTIMAL_COLOR_CLASS_ORDER,4,4,train,heuristic_gap_controlled
week17_gap_cycle_square_c20,17,11,0.42105263157894735,EXACT_OPTIMAL_COLOR_CLASS_ORDER,4,4,train,heuristic_gap_controlled
week17_gap_cycle_square_c20,2,12,0.368421052631579,EXACT_OPTIMAL_COLOR_CLASS_ORDER,4,4,train,heuristic_gap_controlled
week17_gap_cycle_square_c20,5,13,0.3157894736842105,EXACT_OPTIMAL_COLOR_CLASS_ORDER,4,4,train,heuristic_gap_controlled
week17_gap_cycle_square_c20,8,14,0.26315789473684215,EXACT_OPTIMAL_COLOR_CLASS_ORDER,4,4,train,heuristic_gap_controlled
week17_gap_cycle_square_c20,11,15,0.21052631578947367,EXACT_OPTIMAL_COLOR_CLASS_ORDER,4,4,train,heuristic_gap_controlled
week17_gap_cycle_square_c20,14,16,0.1578947368421053,EXACT_OPTIMAL_COLOR_CLASS_ORDER,4,4,train,heuristic_gap_controlled
week17_gap_cycle_square_c20,18,17,0.10526315789473684,EXACT_OPTIMAL_COLOR_CLASS_ORDER,4,4,train,heuristic_gap_controlled
week17_gap_cycle_square_c20,16,18,0.052631578947368474,EXACT_OPTIMAL_COLOR_CLASS_ORDER,4,4,train,heuristic_gap_controlled
week17_gap_cycle_square_c20,19,19,0.0,EXACT_OPTIMAL_COLOR_CLASS_ORDER,4,4,train,heuristic_gap_controlled
week17_gap_join_c20_join_2,0,0,1.0,EXACT_OPTIMAL_COLOR_CLASS_ORDER,8,8,train,heuristic_gap_controlled
week17_gap_join_c20_join_2,3,1,0.9743589743589743,EXACT_OPTIMAL_COLOR_CLASS_ORDER,8,8,train,heuristic_gap_controlled
week17_gap_join_c20_join_2,6,2,0.9487179487179487,EXACT_OPTIMAL_COLOR_CLASS_ORDER,8,8,train,heuristic_gap_controlled
week17_gap_join_c20_join_2,9,3,0.9230769230769231,EXACT_OPTIMAL_COLOR_CLASS_ORDER,8,8,train,heuristic_gap_controlled
week17_gap_join_c20_join_2,12,4,0.8974358974358975,EXACT_OPTIMAL_COLOR_CLASS_ORDER,8,8,train,heuristic_gap_controlled
week17_gap_join_c20_join_2,15,5,0.8717948717948718,EXACT_OPTIMAL_COLOR_CLASS_ORDER,8,8,train,heuristic_gap_controlled
week17_gap_join_c20_join_2,1,6,0.8461538461538461,EXACT_OPTIMAL_COLOR_CLASS_ORDER,8,8,train,heuristic_gap_controlled
week17_gap_join_c20_join_2,4,7,0.8205128205128205,EXACT_OPTIMAL_COLOR_CLASS_ORDER,8,8,train,heuristic_gap_controlled
week17_gap_join_c20_join_2,7,8,0.7948717948717949,EXACT_OPTIMAL_COLOR_CLASS_ORDER,8,8,train,heuristic_gap_controlled
week17_gap_join_c20_join_2,10,9,0.7692307692307692,EXACT_OPTIMAL_COLOR_CLASS_ORDER,8,8,train,heuristic_gap_controlled
week17_gap_join_c20_join_2,13,10,0.7435897435897436,EXACT_OPTIMAL_COLOR_CLASS_ORDER,8,8,train,heuristic_gap_controlled
week17_gap_join_c20_join_2,17,11,0.717948717948718,EXACT_OPTIMAL_COLOR_CLASS_ORDER,8,8,train,heuristic_gap_controlled
week17_gap_join_c20_join_2,2,12,0.6923076923076923,EXACT_OPTIMAL_COLOR_CLASS_ORDER,8,8,train,heuristic_gap_controlled
week17_gap_join_c20_join_2,5,13,0.6666666666666667,EXACT_OPTIMAL_COLOR_CLASS_ORDER,8,8,train,heuristic_gap_controlled
week17_gap_join_c20_join_2,8,14,0.641025641025641,EXACT_OPTIMAL_COLOR_CLASS_ORDER,8,8,train,heuristic_gap_controlled
week17_gap_join_c20_join_2,11,15,0.6153846153846154,EXACT_OPTIMAL_COLOR_CLASS_ORDER,8,8,train,heuristic_gap_controlled
week17_gap_join_c20_join_2,14,16,0.5897435897435898,EXACT_OPTIMAL_COLOR_CLASS_ORDER,8,8,train,heuristic_gap_controlled
week17_gap_join_c20_join_2,18,17,0.5641025641025641,EXACT_OPTIMAL_COLOR_CLASS_ORDER,8,8,train,heuristic_gap_controlled
week17_gap_join_c20_join_2,16,18,0.5384615384615384,EXACT_OPTIMAL_COLOR_CLASS_ORDER,8,8,train,heuristic_gap_controlled
week17_gap_join_c20_join_2,19,19,0.5128205128205128,EXACT_OPTIMAL_COLOR_CLASS_ORDER,8,8,train,heuristic_gap_controlled
week17_gap_join_c20_join_2,20,20,0.4871794871794872,EXACT_OPTIMAL_COLOR_CLASS_ORDER,8,8,train,heuristic_gap_controlled
week17_gap_join_c20_join_2,23,21,0.46153846153846156,EXACT_OPTIMAL_COLOR_CLASS_ORDER,8,8,train,heuristic_gap_controlled
week17_gap_join_c20_join_2,26,22,0.4358974358974359,EXACT_OPTIMAL_COLOR_CLASS_ORDER,8,8,train,heuristic_gap_controlled
week17_gap_join_c20_join_2,29,23,0.41025641025641024,EXACT_OPTIMAL_COLOR_CLASS_ORDER,8,8,train,heuristic_gap_controlled
week17_gap_join_c20_join_2,32,24,0.3846153846153846,EXACT_OPTIMAL_COLOR_CLASS_ORDER,8,8,train,heuristic_gap_controlled
week17_gap_join_c20_join_2,35,25,0.3589743589743589,EXACT_OPTIMAL_COLOR_CLASS_ORDER,8,8,train,heuristic_gap_controlled
week17_gap_join_c20_join_2,21,26,0.33333333333333337,EXACT_OPTIMAL_COLOR_CLASS_ORDER,8,8,train,heuristic_gap_controlled
week17_gap_join_c20_join_2,24,27,0.3076923076923077,EXACT_OPTIMAL_COLOR_CLASS_ORDER,8,8,train,heuristic_gap_controlled
week17_gap_join_c20_join_2,27,28,0.28205128205128205,EXACT_OPTIMAL_COLOR_CLASS_ORDER,8,8,train,heuristic_gap_controlled
week17_gap_join_c20_join_2,30,29,0.2564102564102564,EXACT_OPTIMAL_COLOR_CLASS_ORDER,8,8,train,heuristic_gap_controlled
week17_gap_join_c20_join_2,33,30,0.23076923076923073,EXACT_OPTIMAL_COLOR_CLASS_ORDER,8,8,train,heuristic_gap_controlled
week17_gap_join_c20_join_2,37,31,0.20512820512820518,EXACT_OPTIMAL_COLOR_CLASS_ORDER,8,8,train,heuristic_gap_controlled
week17_gap_join_c20_join_2,22,32,0.17948717948717952,EXACT_OPTIMAL_COLOR_CLASS_ORDER,8,8,train,heuristic_gap_controlled
week17_gap_join_c20_join_2,25,33,0.15384615384615385,EXACT_OPTIMAL_COLOR_CLASS_ORDER,8,8,train,heuristic_gap_controlled
week17_gap_join_c20_join_2,28,34,0.1282051282051282,EXACT_OPTIMAL_COLOR_CLASS_ORDER,8,8,train,heuristic_gap_controlled
week17_gap_join_c20_join_2,31,35,0.10256410256410253,EXACT_OPTIMAL_COLOR_CLASS_ORDER,8,8,train,heuristic_gap_controlled
week17_gap_join_c20_join_2,34,36,0.07692307692307687,EXACT_OPTIMAL_COLOR_CLASS_ORDER,8,8,train,heuristic_gap_controlled
week17_gap_join_c20_join_2,38,37,0.05128205128205132,EXACT_OPTIMAL_COLOR_CLASS_ORDER,8,8,train,heuristic_gap_controlled
week17_gap_join_c20_join_2,36,38,0.02564102564102566,EXACT_OPTIMAL_COLOR_CLASS_ORDER,8,8,train,heuristic_gap_controlled
week17_gap_join_c20_join_2,39,39,0.0,EXACT_OPTIMAL_COLOR_CLASS_ORDER,8,8,train,heuristic_gap_controlled
week17_gap_join_c20_join_3,0,0,1.0,EXACT_OPTIMAL_COLOR_CLASS_ORDER,12,12,train,heuristic_gap_controlled
week17_gap_join_c20_join_3,3,1,0.9830508474576272,EXACT_OPTIMAL_COLOR_CLASS_ORDER,12,12,train,heuristic_gap_controlled
week17_gap_join_c20_join_3,6,2,0.9661016949152542,EXACT_OPTIMAL_COLOR_CLASS_ORDER,12,12,train,heuristic_gap_controlled
week17_gap_join_c20_join_3,9,3,0.9491525423728814,EXACT_OPTIMAL_COLOR_CLASS_ORDER,12,12,train,heuristic_gap_controlled
week17_gap_join_c20_join_3,12,4,0.9322033898305084,EXACT_OPTIMAL_COLOR_CLASS_ORDER,12,12,train,heuristic_gap_controlled
week17_gap_join_c20_join_3,15,5,0.9152542372881356,EXACT_OPTIMAL_COLOR_CLASS_ORDER,12,12,train,heuristic_gap_controlled
week17_gap_join_c20_join_3,1,6,0.8983050847457628,EXACT_OPTIMAL_COLOR_CLASS_ORDER,12,12,train,heuristic_gap_controlled
week17_gap_join_c20_join_3,4,7,0.8813559322033898,EXACT_OPTIMAL_COLOR_CLASS_ORDER,12,12,train,heuristic_gap_controlled
week17_gap_join_c20_join_3,7,8,0.864406779661017,EXACT_OPTIMAL_COLOR_CLASS_ORDER,12,12,train,heuristic_gap_controlled
week17_gap_join_c20_join_3,10,9,0.847457627118644,EXACT_OPTIMAL_COLOR_CLASS_ORDER,12,12,train,heuristic_gap_controlled
week17_gap_join_c20_join_3,13,10,0.8305084745762712,EXACT_OPTIMAL_COLOR_CLASS_ORDER,12,12,train,heuristic_gap_controlled
week17_gap_join_c20_join_3,17,11,0.8135593220338984,EXACT_OPTIMAL_COLOR_CLASS_ORDER,12,12,train,heuristic_gap_controlled
week17_gap_join_c20_join_3,2,12,0.7966101694915254,EXACT_OPTIMAL_COLOR_CLASS_ORDER,12,12,train,heuristic_gap_controlled
week17_gap_join_c20_join_3,5,13,0.7796610169491526,EXACT_OPTIMAL_COLOR_CLASS_ORDER,12,12,train,heuristic_gap_controlled
week17_gap_join_c20_join_3,8,14,0.7627118644067796,EXACT_OPTIMAL_COLOR_CLASS_ORDER,12,12,train,heuristic_gap_controlled
week17_gap_join_c20_join_3,11,15,0.7457627118644068,EXACT_OPTIMAL_COLOR_CLASS_ORDER,12,12,train,heuristic_gap_controlled
week17_gap_join_c20_join_3,14,16,0.728813559322034,EXACT_OPTIMAL_COLOR_CLASS_ORDER,12,12,train,heuristic_gap_controlled
week17_gap_join_c20_join_3,18,17,0.711864406779661,EXACT_OPTIMAL_COLOR_CLASS_ORDER,12,12,train,heuristic_gap_controlled
week17_gap_join_c20_join_3,16,18,0.6949152542372881,EXACT_OPTIMAL_COLOR_CLASS_ORDER,12,12,train,heuristic_gap_controlled
week17_gap_join_c20_join_3,19,19,0.6779661016949152,EXACT_OPTIMAL_COLOR_CLASS_ORDER,12,12,train,heuristic_gap_controlled
week17_gap_join_c20_join_3,20,20,0.6610169491525424,EXACT_OPTIMAL_COLOR_CLASS_ORDER,12,12,train,heuristic_gap_controlled
week17_gap_join_c20_join_3,23,21,0.6440677966101696,EXACT_OPTIMAL_COLOR_CLASS_ORDER,12,12,train,heuristic_gap_controlled
week17_gap_join_c20_join_3,26,22,0.6271186440677966,EXACT_OPTIMAL_COLOR_CLASS_ORDER,12,12,train,heuristic_gap_controlled
week17_gap_join_c20_join_3,29,23,0.6101694915254237,EXACT_OPTIMAL_COLOR_CLASS_ORDER,12,12,train,heuristic_gap_controlled
week17_gap_join_c20_join_3,32,24,0.5932203389830508,EXACT_OPTIMAL_COLOR_CLASS_ORDER,12,12,train,heuristic_gap_controlled
week17_gap_join_c20_join_3,35,25,0.576271186440678,EXACT_OPTIMAL_COLOR_CLASS_ORDER,12,12,train,heuristic_gap_controlled
week17_gap_join_c20_join_3,21,26,0.5593220338983051,EXACT_OPTIMAL_COLOR_CLASS_ORDER,12,12,train,heuristic_gap_controlled
week17_gap_join_c20_join_3,24,27,0.5423728813559322,EXACT_OPTIMAL_COLOR_CLASS_ORDER,12,12,train,heuristic_gap_controlled
week17_gap_join_c20_join_3,27,28,0.5254237288135593,EXACT_OPTIMAL_COLOR_CLASS_ORDER,12,12,train,heuristic_gap_controlled
week17_gap_join_c20_join_3,30,29,0.5084745762711864,EXACT_OPTIMAL_COLOR_CLASS_ORDER,12,12,train,heuristic_gap_controlled
week17_gap_join_c20_join_3,33,30,0.4915254237288136,EXACT_OPTIMAL_COLOR_CLASS_ORDER,12,12,train,heuristic_gap_controlled
week17_gap_join_c20_join_3,37,31,0.47457627118644063,EXACT_OPTIMAL_COLOR_CLASS_ORDER,12,12,train,heuristic_gap_controlled
week17_gap_join_c20_join_3,22,32,0.4576271186440678,EXACT_OPTIMAL_COLOR_CLASS_ORDER,12,12,train,heuristic_gap_controlled
week17_gap_join_c20_join_3,25,33,0.44067796610169496,EXACT_OPTIMAL_COLOR_CLASS_ORDER,12,12,train,heuristic_gap_controlled
week17_gap_join_c20_join_3,28,34,0.423728813559322,EXACT_OPTIMAL_COLOR_CLASS_ORDER,12,12,train,heuristic_gap_controlled
week17_gap_join_c20_join_3,31,35,0.4067796610169492,EXACT_OPTIMAL_COLOR_CLASS_ORDER,12,12,train,heuristic_gap_controlled
week17_gap_join_c20_join_3,34,36,0.38983050847457623,EXACT_OPTIMAL_COLOR_CLASS_ORDER,12,12,train,heuristic_gap_controlled
week17_gap_join_c20_join_3,38,37,0.3728813559322034,EXACT_OPTIMAL_COLOR_CLASS_ORDER,12,12,train,heuristic_gap_controlled
week17_gap_join_c20_join_3,36,38,0.35593220338983056,EXACT_OPTIMAL_COLOR_CLASS_ORDER,12,12,train,heuristic_gap_controlled
week17_gap_join_c20_join_3,39,39,0.3389830508474576,EXACT_OPTIMAL_COLOR_CLASS_ORDER,12,12,train,heuristic_gap_controlled
week17_gap_join_c20_join_3,40,40,0.3220338983050848,EXACT_OPTIMAL_COLOR_CLASS_ORDER,12,12,train,heuristic_gap_controlled
week17_gap_join_c20_join_3,43,41,0.30508474576271183,EXACT_OPTIMAL_COLOR_CLASS_ORDER,12,12,train,heuristic_gap_controlled
week17_gap_join_c20_join_3,46,42,0.288135593220339,EXACT_OPTIMAL_COLOR_CLASS_ORDER,12,12,train,heuristic_gap_controlled
week17_gap_join_c20_join_3,49,43,0.27118644067796616,EXACT_OPTIMAL_COLOR_CLASS_ORDER,12,12,train,heuristic_gap_controlled
week17_gap_join_c20_join_3,52,44,0.2542372881355932,EXACT_OPTIMAL_COLOR_CLASS_ORDER,12,12,train,heuristic_gap_controlled
week17_gap_join_c20_join_3,55,45,0.23728813559322037,EXACT_OPTIMAL_COLOR_CLASS_ORDER,12,12,train,heuristic_gap_controlled
week17_gap_join_c20_join_3,41,46,0.22033898305084743,EXACT_OPTIMAL_COLOR_CLASS_ORDER,12,12,train,heuristic_gap_controlled
week17_gap_join_c20_join_3,44,47,0.2033898305084746,EXACT_OPTIMAL_COLOR_CLASS_ORDER,12,12,train,heuristic_gap_controlled
week17_gap_join_c20_join_3,47,48,0.18644067796610164,EXACT_OPTIMAL_COLOR_CLASS_ORDER,12,12,train,heuristic_gap_controlled
week17_gap_join_c20_join_3,50,49,0.1694915254237288,EXACT_OPTIMAL_COLOR_CLASS_ORDER,12,12,train,heuristic_gap_controlled
week17_gap_join_c20_join_3,53,50,0.15254237288135597,EXACT_OPTIMAL_COLOR_CLASS_ORDER,12,12,train,heuristic_gap_controlled
week17_gap_join_c20_join_3,57,51,0.13559322033898302,EXACT_OPTIMAL_COLOR_CLASS_ORDER,12,12,train,heuristic_gap_controlled
week17_gap_join_c20_join_3,42,52,0.11864406779661019,EXACT_OPTIMAL_COLOR_CLASS_ORDER,12,12,train,heuristic_gap_controlled
week17_gap_join_c20_join_3,45,53,0.10169491525423724,EXACT_OPTIMAL_COLOR_CLASS_ORDER,12,12,train,heuristic_gap_controlled
week17_gap_join_c20_join_3,48,54,0.0847457627118644,EXACT_OPTIMAL_COLOR_CLASS_ORDER,12,12,train,heuristic_gap_controlled
week17_gap_join_c20_join_3,51,55,0.06779661016949157,EXACT_OPTIMAL_COLOR_CLASS_ORDER,12,12,train,heuristic_gap_controlled
week17_gap_join_c20_join_3,54,56,0.05084745762711862,EXACT_OPTIMAL_COLOR_CLASS_ORDER,12,12,train,heuristic_gap_controlled
week17_gap_join_c20_join_3,58,57,0.03389830508474578,EXACT_OPTIMAL_COLOR_CLASS_ORDER,12,12,train,heuristic_gap_controlled
week17_gap_join_c20_join_3,56,58,0.016949152542372836,EXACT_OPTIMAL_COLOR_CLASS_ORDER,12,12,train,heuristic_gap_controlled
week17_gap_join_c20_join_3,59,59,0.0,EXACT_OPTIMAL_COLOR_CLASS_ORDER,12,12,train,heuristic_gap_controlled
week17_gap_join_c20_join_4,0,0,1.0,EXACT_OPTIMAL_COLOR_CLASS_ORDER,16,16,train,heuristic_gap_controlled
week17_gap_join_c20_join_4,3,1,0.9873417721518988,EXACT_OPTIMAL_COLOR_CLASS_ORDER,16,16,train,heuristic_gap_controlled
week17_gap_join_c20_join_4,6,2,0.9746835443037974,EXACT_OPTIMAL_COLOR_CLASS_ORDER,16,16,train,heuristic_gap_controlled
week17_gap_join_c20_join_4,9,3,0.9620253164556962,EXACT_OPTIMAL_COLOR_CLASS_ORDER,16,16,train,heuristic_gap_controlled
week17_gap_join_c20_join_4,12,4,0.9493670886075949,EXACT_OPTIMAL_COLOR_CLASS_ORDER,16,16,train,heuristic_gap_controlled
week17_gap_join_c20_join_4,15,5,0.9367088607594937,EXACT_OPTIMAL_COLOR_CLASS_ORDER,16,16,train,heuristic_gap_controlled
week17_gap_join_c20_join_4,1,6,0.9240506329113924,EXACT_OPTIMAL_COLOR_CLASS_ORDER,16,16,train,heuristic_gap_controlled
week17_gap_join_c20_join_4,4,7,0.9113924050632911,EXACT_OPTIMAL_COLOR_CLASS_ORDER,16,16,train,heuristic_gap_controlled
week17_gap_join_c20_join_4,7,8,0.8987341772151899,EXACT_OPTIMAL_COLOR_CLASS_ORDER,16,16,train,heuristic_gap_controlled
week17_gap_join_c20_join_4,10,9,0.8860759493670887,EXACT_OPTIMAL_COLOR_CLASS_ORDER,16,16,train,heuristic_gap_controlled
week17_gap_join_c20_join_4,13,10,0.8734177215189873,EXACT_OPTIMAL_COLOR_CLASS_ORDER,16,16,train,heuristic_gap_controlled
week17_gap_join_c20_join_4,17,11,0.8607594936708861,EXACT_OPTIMAL_COLOR_CLASS_ORDER,16,16,train,heuristic_gap_controlled
week17_gap_join_c20_join_4,2,12,0.8481012658227848,EXACT_OPTIMAL_COLOR_CLASS_ORDER,16,16,train,heuristic_gap_controlled
week17_gap_join_c20_join_4,5,13,0.8354430379746836,EXACT_OPTIMAL_COLOR_CLASS_ORDER,16,16,train,heuristic_gap_controlled
week17_gap_join_c20_join_4,8,14,0.8227848101265822,EXACT_OPTIMAL_COLOR_CLASS_ORDER,16,16,train,heuristic_gap_controlled
week17_gap_join_c20_join_4,11,15,0.810126582278481,EXACT_OPTIMAL_COLOR_CLASS_ORDER,16,16,train,heuristic_gap_controlled
week17_gap_join_c20_join_4,14,16,0.7974683544303798,EXACT_OPTIMAL_COLOR_CLASS_ORDER,16,16,train,heuristic_gap_controlled
week17_gap_join_c20_join_4,18,17,0.7848101265822784,EXACT_OPTIMAL_COLOR_CLASS_ORDER,16,16,train,heuristic_gap_controlled
week17_gap_join_c20_join_4,16,18,0.7721518987341772,EXACT_OPTIMAL_COLOR_CLASS_ORDER,16,16,train,heuristic_gap_controlled
week17_gap_join_c20_join_4,19,19,0.759493670886076,EXACT_OPTIMAL_COLOR_CLASS_ORDER,16,16,train,heuristic_gap_controlled
week17_gap_join_c20_join_4,20,20,0.7468354430379747,EXACT_OPTIMAL_COLOR_CLASS_ORDER,16,16,train,heuristic_gap_controlled
week17_gap_join_c20_join_4,23,21,0.7341772151898734,EXACT_OPTIMAL_COLOR_CLASS_ORDER,16,16,train,heuristic_gap_controlled
week17_gap_join_c20_join_4,26,22,0.7215189873417722,EXACT_OPTIMAL_COLOR_CLASS_ORDER,16,16,train,heuristic_gap_controlled
week17_gap_join_c20_join_4,29,23,0.7088607594936709,EXACT_OPTIMAL_COLOR_CLASS_ORDER,16,16,train,heuristic_gap_controlled
week17_gap_join_c20_join_4,32,24,0.6962025316455696,EXACT_OPTIMAL_COLOR_CLASS_ORDER,16,16,train,heuristic_gap_controlled
week17_gap_join_c20_join_4,35,25,0.6835443037974683,EXACT_OPTIMAL_COLOR_CLASS_ORDER,16,16,train,heuristic_gap_controlled
week17_gap_join_c20_join_4,21,26,0.6708860759493671,EXACT_OPTIMAL_COLOR_CLASS_ORDER,16,16,train,heuristic_gap_controlled
week17_gap_join_c20_join_4,24,27,0.6582278481012658,EXACT_OPTIMAL_COLOR_CLASS_ORDER,16,16,train,heuristic_gap_controlled
week17_gap_join_c20_join_4,27,28,0.6455696202531646,EXACT_OPTIMAL_COLOR_CLASS_ORDER,16,16,train,heuristic_gap_controlled
week17_gap_join_c20_join_4,30,29,0.6329113924050633,EXACT_OPTIMAL_COLOR_CLASS_ORDER,16,16,train,heuristic_gap_controlled
week17_gap_join_c20_join_4,33,30,0.620253164556962,EXACT_OPTIMAL_COLOR_CLASS_ORDER,16,16,train,heuristic_gap_controlled
week17_gap_join_c20_join_4,37,31,0.6075949367088608,EXACT_OPTIMAL_COLOR_CLASS_ORDER,16,16,train,heuristic_gap_controlled
week17_gap_join_c20_join_4,22,32,0.5949367088607596,EXACT_OPTIMAL_COLOR_CLASS_ORDER,16,16,train,heuristic_gap_controlled
week17_gap_join_c20_join_4,25,33,0.5822784810126582,EXACT_OPTIMAL_COLOR_CLASS_ORDER,16,16,train,heuristic_gap_controlled
week17_gap_join_c20_join_4,28,34,0.5696202531645569,EXACT_OPTIMAL_COLOR_CLASS_ORDER,16,16,train,heuristic_gap_controlled
week17_gap_join_c20_join_4,31,35,0.5569620253164558,EXACT_OPTIMAL_COLOR_CLASS_ORDER,16,16,train,heuristic_gap_controlled
week17_gap_join_c20_join_4,34,36,0.5443037974683544,EXACT_OPTIMAL_COLOR_CLASS_ORDER,16,16,train,heuristic_gap_controlled
week17_gap_join_c20_join_4,38,37,0.5316455696202531,EXACT_OPTIMAL_COLOR_CLASS_ORDER,16,16,train,heuristic_gap_controlled
week17_gap_join_c20_join_4,36,38,0.5189873417721519,EXACT_OPTIMAL_COLOR_CLASS_ORDER,16,16,train,heuristic_gap_controlled
week17_gap_join_c20_join_4,39,39,0.5063291139240507,EXACT_OPTIMAL_COLOR_CLASS_ORDER,16,16,train,heuristic_gap_controlled
week17_gap_join_c20_join_4,40,40,0.49367088607594933,EXACT_OPTIMAL_COLOR_CLASS_ORDER,16,16,train,heuristic_gap_controlled
week17_gap_join_c20_join_4,43,41,0.4810126582278481,EXACT_OPTIMAL_COLOR_CLASS_ORDER,16,16,train,heuristic_gap_controlled
week17_gap_join_c20_join_4,46,42,0.4683544303797469,EXACT_OPTIMAL_COLOR_CLASS_ORDER,16,16,train,heuristic_gap_controlled
week17_gap_join_c20_join_4,49,43,0.45569620253164556,EXACT_OPTIMAL_COLOR_CLASS_ORDER,16,16,train,heuristic_gap_controlled
week17_gap_join_c20_join_4,52,44,0.44303797468354433,EXACT_OPTIMAL_COLOR_CLASS_ORDER,16,16,train,heuristic_gap_controlled
week17_gap_join_c20_join_4,55,45,0.430379746835443,EXACT_OPTIMAL_COLOR_CLASS_ORDER,16,16,train,heuristic_gap_controlled
week17_gap_join_c20_join_4,41,46,0.4177215189873418,EXACT_OPTIMAL_COLOR_CLASS_ORDER,16,16,train,heuristic_gap_controlled
week17_gap_join_c20_join_4,44,47,0.40506329113924056,EXACT_OPTIMAL_COLOR_CLASS_ORDER,16,16,train,heuristic_gap_controlled
week17_gap_join_c20_join_4,47,48,0.3924050632911392,EXACT_OPTIMAL_COLOR_CLASS_ORDER,16,16,train,heuristic_gap_controlled
week17_gap_join_c20_join_4,50,49,0.379746835443038,EXACT_OPTIMAL_COLOR_CLASS_ORDER,16,16,train,heuristic_gap_controlled
week17_gap_join_c20_join_4,53,50,0.36708860759493667,EXACT_OPTIMAL_COLOR_CLASS_ORDER,16,16,train,heuristic_gap_controlled
week17_gap_join_c20_join_4,57,51,0.35443037974683544,EXACT_OPTIMAL_COLOR_CLASS_ORDER,16,16,train,heuristic_gap_controlled
week17_gap_join_c20_join_4,42,52,0.3417721518987342,EXACT_OPTIMAL_COLOR_CLASS_ORDER,16,16,train,heuristic_gap_controlled
week17_gap_join_c20_join_4,45,53,0.3291139240506329,EXACT_OPTIMAL_COLOR_CLASS_ORDER,16,16,train,heuristic_gap_controlled
week17_gap_join_c20_join_4,48,54,0.31645569620253167,EXACT_OPTIMAL_COLOR_CLASS_ORDER,16,16,train,heuristic_gap_controlled
week17_gap_join_c20_join_4,51,55,0.30379746835443033,EXACT_OPTIMAL_COLOR_CLASS_ORDER,16,16,train,heuristic_gap_controlled
week17_gap_join_c20_join_4,54,56,0.2911392405063291,EXACT_OPTIMAL_COLOR_CLASS_ORDER,16,16,train,heuristic_gap_controlled
week17_gap_join_c20_join_4,58,57,0.2784810126582279,EXACT_OPTIMAL_COLOR_CLASS_ORDER,16,16,train,heuristic_gap_controlled
week17_gap_join_c20_join_4,56,58,0.26582278481012656,EXACT_OPTIMAL_COLOR_CLASS_ORDER,16,16,train,heuristic_gap_controlled
week17_gap_join_c20_join_4,59,59,0.25316455696202533,EXACT_OPTIMAL_COLOR_CLASS_ORDER,16,16,train,heuristic_gap_controlled
week17_gap_join_c20_join_4,60,60,0.240506329113924,EXACT_OPTIMAL_COLOR_CLASS_ORDER,16,16,train,heuristic_gap_controlled
week17_gap_join_c20_join_4,63,61,0.22784810126582278,EXACT_OPTIMAL_COLOR_CLASS_ORDER,16,16,train,heuristic_gap_controlled
week17_gap_join_c20_join_4,66,62,0.21518987341772156,EXACT_OPTIMAL_COLOR_CLASS_ORDER,16,16,train,heuristic_gap_controlled
week17_gap_join_c20_join_4,69,63,0.20253164556962022,EXACT_OPTIMAL_COLOR_CLASS_ORDER,16,16,train,heuristic_gap_controlled
week17_gap_join_c20_join_4,72,64,0.189873417721519,EXACT_OPTIMAL_COLOR_CLASS_ORDER,16,16,train,heuristic_gap_controlled
week17_gap_join_c20_join_4,75,65,0.17721518987341767,EXACT_OPTIMAL_COLOR_CLASS_ORDER,16,16,train,heuristic_gap_controlled
week17_gap_join_c20_join_4,61,66,0.16455696202531644,EXACT_OPTIMAL_COLOR_CLASS_ORDER,16,16,train,heuristic_gap_controlled
week17_gap_join_c20_join_4,64,67,0.15189873417721522,EXACT_OPTIMAL_COLOR_CLASS_ORDER,16,16,train,heuristic_gap_controlled
week17_gap_join_c20_join_4,67,68,0.1392405063291139,EXACT_OPTIMAL_COLOR_CLASS_ORDER,16,16,train,heuristic_gap_controlled
week17_gap_join_c20_join_4,70,69,0.12658227848101267,EXACT_OPTIMAL_COLOR_CLASS_ORDER,16,16,train,heuristic_gap_controlled
week17_gap_join_c20_join_4,73,70,0.11392405063291144,EXACT_OPTIMAL_COLOR_CLASS_ORDER,16,16,train,heuristic_gap_controlled
week17_gap_join_c20_join_4,77,71,0.10126582278481011,EXACT_OPTIMAL_COLOR_CLASS_ORDER,16,16,train,heuristic_gap_controlled
week17_gap_join_c20_join_4,62,72,0.08860759493670889,EXACT_OPTIMAL_COLOR_CLASS_ORDER,16,16,train,heuristic_gap_controlled
week17_gap_join_c20_join_4,65,73,0.07594936708860756,EXACT_OPTIMAL_COLOR_CLASS_ORDER,16,16,train,heuristic_gap_controlled
week17_gap_join_c20_join_4,68,74,0.06329113924050633,EXACT_OPTIMAL_COLOR_CLASS_ORDER,16,16,train,heuristic_gap_controlled
week17_gap_join_c20_join_4,71,75,0.05063291139240511,EXACT_OPTIMAL_COLOR_CLASS_ORDER,16,16,train,heuristic_gap_controlled
week17_gap_join_c20_join_4,74,76,0.03797468354430378,EXACT_OPTIMAL_COLOR_CLASS_ORDER,16,16,train,heuristic_gap_controlled
week17_gap_join_c20_join_4,78,77,0.025316455696202556,EXACT_OPTIMAL_COLOR_CLASS_ORDER,16,16,train,heuristic_gap_controlled
week17_gap_join_c20_join_4,76,78,0.012658227848101222,EXACT_OPTIMAL_COLOR_CLASS_ORDER,16,16,train,heuristic_gap_controlled
week17_gap_join_c20_join_4,79,79,0.0,EXACT_OPTIMAL_COLOR_CLASS_ORDER,16,16,train,heuristic_gap_controlled
week17_gap_join_c20_join_5,0,0,1.0,EXACT_OPTIMAL_COLOR_CLASS_ORDER,20,20,train,heuristic_gap_controlled
week17_gap_join_c20_join_5,3,1,0.98989898989899,EXACT_OPTIMAL_COLOR_CLASS_ORDER,20,20,train,heuristic_gap_controlled
week17_gap_join_c20_join_5,6,2,0.9797979797979798,EXACT_OPTIMAL_COLOR_CLASS_ORDER,20,20,train,heuristic_gap_controlled
week17_gap_join_c20_join_5,9,3,0.9696969696969697,EXACT_OPTIMAL_COLOR_CLASS_ORDER,20,20,train,heuristic_gap_controlled
week17_gap_join_c20_join_5,12,4,0.9595959595959596,EXACT_OPTIMAL_COLOR_CLASS_ORDER,20,20,train,heuristic_gap_controlled
week17_gap_join_c20_join_5,15,5,0.9494949494949495,EXACT_OPTIMAL_COLOR_CLASS_ORDER,20,20,train,heuristic_gap_controlled
week17_gap_join_c20_join_5,1,6,0.9393939393939394,EXACT_OPTIMAL_COLOR_CLASS_ORDER,20,20,train,heuristic_gap_controlled
week17_gap_join_c20_join_5,4,7,0.9292929292929293,EXACT_OPTIMAL_COLOR_CLASS_ORDER,20,20,train,heuristic_gap_controlled
week17_gap_join_c20_join_5,7,8,0.9191919191919192,EXACT_OPTIMAL_COLOR_CLASS_ORDER,20,20,train,heuristic_gap_controlled
week17_gap_join_c20_join_5,10,9,0.9090909090909091,EXACT_OPTIMAL_COLOR_CLASS_ORDER,20,20,train,heuristic_gap_controlled
week17_gap_join_c20_join_5,13,10,0.898989898989899,EXACT_OPTIMAL_COLOR_CLASS_ORDER,20,20,train,heuristic_gap_controlled
week17_gap_join_c20_join_5,17,11,0.8888888888888888,EXACT_OPTIMAL_COLOR_CLASS_ORDER,20,20,train,heuristic_gap_controlled
week17_gap_join_c20_join_5,2,12,0.8787878787878788,EXACT_OPTIMAL_COLOR_CLASS_ORDER,20,20,train,heuristic_gap_controlled
week17_gap_join_c20_join_5,5,13,0.8686868686868687,EXACT_OPTIMAL_COLOR_CLASS_ORDER,20,20,train,heuristic_gap_controlled
week17_gap_join_c20_join_5,8,14,0.8585858585858586,EXACT_OPTIMAL_COLOR_CLASS_ORDER,20,20,train,heuristic_gap_controlled
week17_gap_join_c20_join_5,11,15,0.8484848484848485,EXACT_OPTIMAL_COLOR_CLASS_ORDER,20,20,train,heuristic_gap_controlled
week17_gap_join_c20_join_5,14,16,0.8383838383838383,EXACT_OPTIMAL_COLOR_CLASS_ORDER,20,20,train,heuristic_gap_controlled
week17_gap_join_c20_join_5,18,17,0.8282828282828283,EXACT_OPTIMAL_COLOR_CLASS_ORDER,20,20,train,heuristic_gap_controlled
week17_gap_join_c20_join_5,16,18,0.8181818181818181,EXACT_OPTIMAL_COLOR_CLASS_ORDER,20,20,train,heuristic_gap_controlled
week17_gap_join_c20_join_5,19,19,0.8080808080808081,EXACT_OPTIMAL_COLOR_CLASS_ORDER,20,20,train,heuristic_gap_controlled
week17_gap_join_c20_join_5,20,20,0.797979797979798,EXACT_OPTIMAL_COLOR_CLASS_ORDER,20,20,train,heuristic_gap_controlled
week17_gap_join_c20_join_5,23,21,0.7878787878787878,EXACT_OPTIMAL_COLOR_CLASS_ORDER,20,20,train,heuristic_gap_controlled
week17_gap_join_c20_join_5,26,22,0.7777777777777778,EXACT_OPTIMAL_COLOR_CLASS_ORDER,20,20,train,heuristic_gap_controlled
week17_gap_join_c20_join_5,29,23,0.7676767676767677,EXACT_OPTIMAL_COLOR_CLASS_ORDER,20,20,train,heuristic_gap_controlled
week17_gap_join_c20_join_5,32,24,0.7575757575757576,EXACT_OPTIMAL_COLOR_CLASS_ORDER,20,20,train,heuristic_gap_controlled
week17_gap_join_c20_join_5,35,25,0.7474747474747474,EXACT_OPTIMAL_COLOR_CLASS_ORDER,20,20,train,heuristic_gap_controlled
week17_gap_join_c20_join_5,21,26,0.7373737373737373,EXACT_OPTIMAL_COLOR_CLASS_ORDER,20,20,train,heuristic_gap_controlled
week17_gap_join_c20_join_5,24,27,0.7272727272727273,EXACT_OPTIMAL_COLOR_CLASS_ORDER,20,20,train,heuristic_gap_controlled
week17_gap_join_c20_join_5,27,28,0.7171717171717171,EXACT_OPTIMAL_COLOR_CLASS_ORDER,20,20,train,heuristic_gap_controlled
week17_gap_join_c20_join_5,30,29,0.7070707070707071,EXACT_OPTIMAL_COLOR_CLASS_ORDER,20,20,train,heuristic_gap_controlled
week17_gap_join_c20_join_5,33,30,0.696969696969697,EXACT_OPTIMAL_COLOR_CLASS_ORDER,20,20,train,heuristic_gap_controlled
week17_gap_join_c20_join_5,37,31,0.6868686868686869,EXACT_OPTIMAL_COLOR_CLASS_ORDER,20,20,train,heuristic_gap_controlled
week17_gap_join_c20_join_5,22,32,0.6767676767676767,EXACT_OPTIMAL_COLOR_CLASS_ORDER,20,20,train,heuristic_gap_controlled
week17_gap_join_c20_join_5,25,33,0.6666666666666667,EXACT_OPTIMAL_COLOR_CLASS_ORDER,20,20,train,heuristic_gap_controlled
week17_gap_join_c20_join_5,28,34,0.6565656565656566,EXACT_OPTIMAL_COLOR_CLASS_ORDER,20,20,train,heuristic_gap_controlled
week17_gap_join_c20_join_5,31,35,0.6464646464646464,EXACT_OPTIMAL_COLOR_CLASS_ORDER,20,20,train,heuristic_gap_controlled
week17_gap_join_c20_join_5,34,36,0.6363636363636364,EXACT_OPTIMAL_COLOR_CLASS_ORDER,20,20,train,heuristic_gap_controlled
week17_gap_join_c20_join_5,38,37,0.6262626262626263,EXACT_OPTIMAL_COLOR_CLASS_ORDER,20,20,train,heuristic_gap_controlled
week17_gap_join_c20_join_5,36,38,0.6161616161616161,EXACT_OPTIMAL_COLOR_CLASS_ORDER,20,20,train,heuristic_gap_controlled
week17_gap_join_c20_join_5,39,39,0.6060606060606061,EXACT_OPTIMAL_COLOR_CLASS_ORDER,20,20,train,heuristic_gap_controlled
week17_gap_join_c20_join_5,40,40,0.595959595959596,EXACT_OPTIMAL_COLOR_CLASS_ORDER,20,20,train,heuristic_gap_controlled
week17_gap_join_c20_join_5,43,41,0.5858585858585859,EXACT_OPTIMAL_COLOR_CLASS_ORDER,20,20,train,heuristic_gap_controlled
week17_gap_join_c20_join_5,46,42,0.5757575757575757,EXACT_OPTIMAL_COLOR_CLASS_ORDER,20,20,train,heuristic_gap_controlled
week17_gap_join_c20_join_5,49,43,0.5656565656565656,EXACT_OPTIMAL_COLOR_CLASS_ORDER,20,20,train,heuristic_gap_controlled
week17_gap_join_c20_join_5,52,44,0.5555555555555556,EXACT_OPTIMAL_COLOR_CLASS_ORDER,20,20,train,heuristic_gap_controlled
week17_gap_join_c20_join_5,55,45,0.5454545454545454,EXACT_OPTIMAL_COLOR_CLASS_ORDER,20,20,train,heuristic_gap_controlled
week17_gap_join_c20_join_5,41,46,0.5353535353535354,EXACT_OPTIMAL_COLOR_CLASS_ORDER,20,20,train,heuristic_gap_controlled
week17_gap_join_c20_join_5,44,47,0.5252525252525253,EXACT_OPTIMAL_COLOR_CLASS_ORDER,20,20,train,heuristic_gap_controlled
week17_gap_join_c20_join_5,47,48,0.5151515151515151,EXACT_OPTIMAL_COLOR_CLASS_ORDER,20,20,train,heuristic_gap_controlled
week17_gap_join_c20_join_5,50,49,0.505050505050505,EXACT_OPTIMAL_COLOR_CLASS_ORDER,20,20,train,heuristic_gap_controlled
week17_gap_join_c20_join_5,53,50,0.4949494949494949,EXACT_OPTIMAL_COLOR_CLASS_ORDER,20,20,train,heuristic_gap_controlled
week17_gap_join_c20_join_5,57,51,0.48484848484848486,EXACT_OPTIMAL_COLOR_CLASS_ORDER,20,20,train,heuristic_gap_controlled
week17_gap_join_c20_join_5,42,52,0.4747474747474747,EXACT_OPTIMAL_COLOR_CLASS_ORDER,20,20,train,heuristic_gap_controlled
week17_gap_join_c20_join_5,45,53,0.46464646464646464,EXACT_OPTIMAL_COLOR_CLASS_ORDER,20,20,train,heuristic_gap_controlled
week17_gap_join_c20_join_5,48,54,0.4545454545454546,EXACT_OPTIMAL_COLOR_CLASS_ORDER,20,20,train,heuristic_gap_controlled
week17_gap_join_c20_join_5,51,55,0.4444444444444444,EXACT_OPTIMAL_COLOR_CLASS_ORDER,20,20,train,heuristic_gap_controlled
week17_gap_join_c20_join_5,54,56,0.43434343434343436,EXACT_OPTIMAL_COLOR_CLASS_ORDER,20,20,train,heuristic_gap_controlled
week17_gap_join_c20_join_5,58,57,0.4242424242424242,EXACT_OPTIMAL_COLOR_CLASS_ORDER,20,20,train,heuristic_gap_controlled
week17_gap_join_c20_join_5,56,58,0.41414141414141414,EXACT_OPTIMAL_COLOR_CLASS_ORDER,20,20,train,heuristic_gap_controlled
week17_gap_join_c20_join_5,59,59,0.4040404040404041,EXACT_OPTIMAL_COLOR_CLASS_ORDER,20,20,train,heuristic_gap_controlled
week17_gap_join_c20_join_5,60,60,0.3939393939393939,EXACT_OPTIMAL_COLOR_CLASS_ORDER,20,20,train,heuristic_gap_controlled
week17_gap_join_c20_join_5,63,61,0.38383838383838387,EXACT_OPTIMAL_COLOR_CLASS_ORDER,20,20,train,heuristic_gap_controlled
week17_gap_join_c20_join_5,66,62,0.3737373737373737,EXACT_OPTIMAL_COLOR_CLASS_ORDER,20,20,train,heuristic_gap_controlled
week17_gap_join_c20_join_5,69,63,0.36363636363636365,EXACT_OPTIMAL_COLOR_CLASS_ORDER,20,20,train,heuristic_gap_controlled
week17_gap_join_c20_join_5,72,64,0.3535353535353535,EXACT_OPTIMAL_COLOR_CLASS_ORDER,20,20,train,heuristic_gap_controlled
week17_gap_join_c20_join_5,75,65,0.3434343434343434,EXACT_OPTIMAL_COLOR_CLASS_ORDER,20,20,train,heuristic_gap_controlled
week17_gap_join_c20_join_5,61,66,0.33333333333333337,EXACT_OPTIMAL_COLOR_CLASS_ORDER,20,20,train,heuristic_gap_controlled
week17_gap_join_c20_join_5,64,67,0.3232323232323232,EXACT_OPTIMAL_COLOR_CLASS_ORDER,20,20,train,heuristic_gap_controlled
week17_gap_join_c20_join_5,67,68,0.31313131313131315,EXACT_OPTIMAL_COLOR_CLASS_ORDER,20,20,train,heuristic_gap_controlled
week17_gap_join_c20_join_5,70,69,0.303030303030303,EXACT_OPTIMAL_COLOR_CLASS_ORDER,20,20,train,heuristic_gap_controlled
week17_gap_join_c20_join_5,73,70,0.29292929292929293,EXACT_OPTIMAL_COLOR_CLASS_ORDER,20,20,train,heuristic_gap_controlled
week17_gap_join_c20_join_5,77,71,0.2828282828282829,EXACT_OPTIMAL_COLOR_CLASS_ORDER,20,20,train,heuristic_gap_controlled
week17_gap_join_c20_join_5,62,72,0.2727272727272727,EXACT_OPTIMAL_COLOR_CLASS_ORDER,20,20,train,heuristic_gap_controlled
week17_gap_join_c20_join_5,65,73,0.26262626262626265,EXACT_OPTIMAL_COLOR_CLASS_ORDER,20,20,train,heuristic_gap_controlled
week17_gap_join_c20_join_5,68,74,0.2525252525252525,EXACT_OPTIMAL_COLOR_CLASS_ORDER,20,20,train,heuristic_gap_controlled
week17_gap_join_c20_join_5,71,75,0.24242424242424243,EXACT_OPTIMAL_COLOR_CLASS_ORDER,20,20,train,heuristic_gap_controlled
week17_gap_join_c20_join_5,74,76,0.23232323232323238,EXACT_OPTIMAL_COLOR_CLASS_ORDER,20,20,train,heuristic_gap_controlled
week17_gap_join_c20_join_5,78,77,0.2222222222222222,EXACT_OPTIMAL_COLOR_CLASS_ORDER,20,20,train,heuristic_gap_controlled
week17_gap_join_c20_join_5,76,78,0.21212121212121215,EXACT_OPTIMAL_COLOR_CLASS_ORDER,20,20,train,heuristic_gap_controlled
week17_gap_join_c20_join_5,79,79,0.202020202020202,EXACT_OPTIMAL_COLOR_CLASS_ORDER,20,20,train,heuristic_gap_controlled
week17_gap_join_c20_join_5,80,80,0.19191919191919193,EXACT_OPTIMAL_COLOR_CLASS_ORDER,20,20,train,heuristic_gap_controlled
week17_gap_join_c20_join_5,83,81,0.18181818181818177,EXACT_OPTIMAL_COLOR_CLASS_ORDER,20,20,train,heuristic_gap_controlled
week17_gap_join_c20_join_5,86,82,0.1717171717171717,EXACT_OPTIMAL_COLOR_CLASS_ORDER,20,20,train,heuristic_gap_controlled
week17_gap_join_c20_join_5,89,83,0.16161616161616166,EXACT_OPTIMAL_COLOR_CLASS_ORDER,20,20,train,heuristic_gap_controlled
week17_gap_join_c20_join_5,92,84,0.1515151515151515,EXACT_OPTIMAL_COLOR_CLASS_ORDER,20,20,train,heuristic_gap_controlled
week17_gap_join_c20_join_5,95,85,0.14141414141414144,EXACT_OPTIMAL_COLOR_CLASS_ORDER,20,20,train,heuristic_gap_controlled
week17_gap_join_c20_join_5,81,86,0.13131313131313127,EXACT_OPTIMAL_COLOR_CLASS_ORDER,20,20,train,heuristic_gap_controlled
week17_gap_join_c20_join_5,84,87,0.12121212121212122,EXACT_OPTIMAL_COLOR_CLASS_ORDER,20,20,train,heuristic_gap_controlled
week17_gap_join_c20_join_5,87,88,0.11111111111111116,EXACT_OPTIMAL_COLOR_CLASS_ORDER,20,20,train,heuristic_gap_controlled
week17_gap_join_c20_join_5,90,89,0.101010101010101,EXACT_OPTIMAL_COLOR_CLASS_ORDER,20,20,train,heuristic_gap_controlled
week17_gap_join_c20_join_5,93,90,0.09090909090909094,EXACT_OPTIMAL_COLOR_CLASS_ORDER,20,20,train,heuristic_gap_controlled
week17_gap_join_c20_join_5,97,91,0.08080808080808077,EXACT_OPTIMAL_COLOR_CLASS_ORDER,20,20,train,heuristic_gap_controlled
week17_gap_join_c20_join_5,82,92,0.07070707070707072,EXACT_OPTIMAL_COLOR_CLASS_ORDER,20,20,train,heuristic_gap_controlled
week17_gap_join_c20_join_5,85,93,0.06060606060606055,EXACT_OPTIMAL_COLOR_CLASS_ORDER,20,20,train,heuristic_gap_controlled
week17_gap_join_c20_join_5,88,94,0.0505050505050505,EXACT_OPTIMAL_COLOR_CLASS_ORDER,20,20,train,heuristic_gap_controlled
week17_gap_join_c20_join_5,91,95,0.04040404040404044,EXACT_OPTIMAL_COLOR_CLASS_ORDER,20,20,train,heuristic_gap_controlled
week17_gap_join_c20_join_5,94,96,0.030303030303030276,EXACT_OPTIMAL_COLOR_CLASS_ORDER,20,20,train,heuristic_gap_controlled
week17_gap_join_c20_join_5,98,97,0.02020202020202022,EXACT_OPTIMAL_COLOR_CLASS_ORDER,20,20,train,heuristic_gap_controlled
week17_gap_join_c20_join_5,96,98,0.010101010101010055,EXACT_OPTIMAL_COLOR_CLASS_ORDER,20,20,train,heuristic_gap_controlled
week17_gap_join_c20_join_5,99,99,0.0,EXACT_OPTIMAL_COLOR_CLASS_ORDER,20,20,train,heuristic_gap_controlled
week17_gap_cycle_square_c26,0,0,1.0,EXACT_OPTIMAL_COLOR_CLASS_ORDER,4,4,train,heuristic_gap_controlled
week17_gap_cycle_square_c26,3,1,0.96,EXACT_OPTIMAL_COLOR_CLASS_ORDER,4,4,train,heuristic_gap_controlled
week17_gap_cycle_square_c26,6,2,0.92,EXACT_OPTIMAL_COLOR_CLASS_ORDER,4,4,train,heuristic_gap_controlled
week17_gap_cycle_square_c26,9,3,0.88,EXACT_OPTIMAL_COLOR_CLASS_ORDER,4,4,train,heuristic_gap_controlled
week17_gap_cycle_square_c26,12,4,0.84,EXACT_OPTIMAL_COLOR_CLASS_ORDER,4,4,train,heuristic_gap_controlled
week17_gap_cycle_square_c26,15,5,0.8,EXACT_OPTIMAL_COLOR_CLASS_ORDER,4,4,train,heuristic_gap_controlled
week17_gap_cycle_square_c26,18,6,0.76,EXACT_OPTIMAL_COLOR_CLASS_ORDER,4,4,train,heuristic_gap_controlled
week17_gap_cycle_square_c26,21,7,0.72,EXACT_OPTIMAL_COLOR_CLASS_ORDER,4,4,train,heuristic_gap_controlled
week17_gap_cycle_square_c26,1,8,0.6799999999999999,EXACT_OPTIMAL_COLOR_CLASS_ORDER,4,4,train,heuristic_gap_controlled
week17_gap_cycle_square_c26,4,9,0.64,EXACT_OPTIMAL_COLOR_CLASS_ORDER,4,4,train,heuristic_gap_controlled
week17_gap_cycle_square_c26,7,10,0.6,EXACT_OPTIMAL_COLOR_CLASS_ORDER,4,4,train,heuristic_gap_controlled
week17_gap_cycle_square_c26,10,11,0.56,EXACT_OPTIMAL_COLOR_CLASS_ORDER,4,4,train,heuristic_gap_controlled
week17_gap_cycle_square_c26,13,12,0.52,EXACT_OPTIMAL_COLOR_CLASS_ORDER,4,4,train,heuristic_gap_controlled
week17_gap_cycle_square_c26,16,13,0.48,EXACT_OPTIMAL_COLOR_CLASS_ORDER,4,4,train,heuristic_gap_controlled
week17_gap_cycle_square_c26,19,14,0.43999999999999995,EXACT_OPTIMAL_COLOR_CLASS_ORDER,4,4,train,heuristic_gap_controlled
week17_gap_cycle_square_c26,23,15,0.4,EXACT_OPTIMAL_COLOR_CLASS_ORDER,4,4,train,heuristic_gap_controlled
week17_gap_cycle_square_c26,2,16,0.36,EXACT_OPTIMAL_COLOR_CLASS_ORDER,4,4,train,heuristic_gap_controlled
week17_gap_cycle_square_c26,5,17,0.31999999999999995,EXACT_OPTIMAL_COLOR_CLASS_ORDER,4,4,train,heuristic_gap_controlled
week17_gap_cycle_square_c26,8,18,0.28,EXACT_OPTIMAL_COLOR_CLASS_ORDER,4,4,train,heuristic_gap_controlled
week17_gap_cycle_square_c26,11,19,0.24,EXACT_OPTIMAL_COLOR_CLASS_ORDER,4,4,train,heuristic_gap_controlled
week17_gap_cycle_square_c26,14,20,0.19999999999999996,EXACT_OPTIMAL_COLOR_CLASS_ORDER,4,4,train,heuristic_gap_controlled
week17_gap_cycle_square_c26,17,21,0.16000000000000003,EXACT_OPTIMAL_COLOR_CLASS_ORDER,4,4,train,heuristic_gap_controlled
week17_gap_cycle_square_c26,20,22,0.12,EXACT_OPTIMAL_COLOR_CLASS_ORDER,4,4,train,heuristic_gap_controlled
week17_gap_cycle_square_c26,24,23,0.07999999999999996,EXACT_OPTIMAL_COLOR_CLASS_ORDER,4,4,train,heuristic_gap_controlled
week17_gap_cycle_square_c26,22,24,0.040000000000000036,EXACT_OPTIMAL_COLOR_CLASS_ORDER,4,4,train,heuristic_gap_controlled
week17_gap_cycle_square_c26,25,25,0.0,EXACT_OPTIMAL_COLOR_CLASS_ORDER,4,4,train,heuristic_gap_controlled
week17_gap_join_c26_join_2,0,0,1.0,EXACT_OPTIMAL_COLOR_CLASS_ORDER,8,8,train,heuristic_gap_controlled
week17_gap_join_c26_join_2,3,1,0.9803921568627451,EXACT_OPTIMAL_COLOR_CLASS_ORDER,8,8,train,heuristic_gap_controlled
week17_gap_join_c26_join_2,6,2,0.9607843137254902,EXACT_OPTIMAL_COLOR_CLASS_ORDER,8,8,train,heuristic_gap_controlled
week17_gap_join_c26_join_2,9,3,0.9411764705882353,EXACT_OPTIMAL_COLOR_CLASS_ORDER,8,8,train,heuristic_gap_controlled
week17_gap_join_c26_join_2,12,4,0.9215686274509804,EXACT_OPTIMAL_COLOR_CLASS_ORDER,8,8,train,heuristic_gap_controlled
week17_gap_join_c26_join_2,15,5,0.9019607843137255,EXACT_OPTIMAL_COLOR_CLASS_ORDER,8,8,train,heuristic_gap_controlled
week17_gap_join_c26_join_2,18,6,0.8823529411764706,EXACT_OPTIMAL_COLOR_CLASS_ORDER,8,8,train,heuristic_gap_controlled
week17_gap_join_c26_join_2,21,7,0.8627450980392157,EXACT_OPTIMAL_COLOR_CLASS_ORDER,8,8,train,heuristic_gap_controlled
week17_gap_join_c26_join_2,1,8,0.8431372549019608,EXACT_OPTIMAL_COLOR_CLASS_ORDER,8,8,train,heuristic_gap_controlled
week17_gap_join_c26_join_2,4,9,0.8235294117647058,EXACT_OPTIMAL_COLOR_CLASS_ORDER,8,8,train,heuristic_gap_controlled
week17_gap_join_c26_join_2,7,10,0.803921568627451,EXACT_OPTIMAL_COLOR_CLASS_ORDER,8,8,train,heuristic_gap_controlled
week17_gap_join_c26_join_2,10,11,0.7843137254901961,EXACT_OPTIMAL_COLOR_CLASS_ORDER,8,8,train,heuristic_gap_controlled
week17_gap_join_c26_join_2,13,12,0.7647058823529411,EXACT_OPTIMAL_COLOR_CLASS_ORDER,8,8,train,heuristic_gap_controlled
week17_gap_join_c26_join_2,16,13,0.7450980392156863,EXACT_OPTIMAL_COLOR_CLASS_ORDER,8,8,train,heuristic_gap_controlled
week17_gap_join_c26_join_2,19,14,0.7254901960784313,EXACT_OPTIMAL_COLOR_CLASS_ORDER,8,8,train,heuristic_gap_controlled
week17_gap_join_c26_join_2,23,15,0.7058823529411764,EXACT_OPTIMAL_COLOR_CLASS_ORDER,8,8,train,heuristic_gap_controlled
week17_gap_join_c26_join_2,2,16,0.6862745098039216,EXACT_OPTIMAL_COLOR_CLASS_ORDER,8,8,train,heuristic_gap_controlled
week17_gap_join_c26_join_2,5,17,0.6666666666666667,EXACT_OPTIMAL_COLOR_CLASS_ORDER,8,8,train,heuristic_gap_controlled
week17_gap_join_c26_join_2,8,18,0.6470588235294117,EXACT_OPTIMAL_COLOR_CLASS_ORDER,8,8,train,heuristic_gap_controlled
week17_gap_join_c26_join_2,11,19,0.6274509803921569,EXACT_OPTIMAL_COLOR_CLASS_ORDER,8,8,train,heuristic_gap_controlled
week17_gap_join_c26_join_2,14,20,0.607843137254902,EXACT_OPTIMAL_COLOR_CLASS_ORDER,8,8,train,heuristic_gap_controlled
week17_gap_join_c26_join_2,17,21,0.5882352941176471,EXACT_OPTIMAL_COLOR_CLASS_ORDER,8,8,train,heuristic_gap_controlled
week17_gap_join_c26_join_2,20,22,0.5686274509803921,EXACT_OPTIMAL_COLOR_CLASS_ORDER,8,8,train,heuristic_gap_controlled
week17_gap_join_c26_join_2,24,23,0.5490196078431373,EXACT_OPTIMAL_COLOR_CLASS_ORDER,8,8,train,heuristic_gap_controlled
week17_gap_join_c26_join_2,22,24,0.5294117647058824,EXACT_OPTIMAL_COLOR_CLASS_ORDER,8,8,train,heuristic_gap_controlled
week17_gap_join_c26_join_2,25,25,0.5098039215686274,EXACT_OPTIMAL_COLOR_CLASS_ORDER,8,8,train,heuristic_gap_controlled
week17_gap_join_c26_join_2,26,26,0.4901960784313726,EXACT_OPTIMAL_COLOR_CLASS_ORDER,8,8,train,heuristic_gap_controlled
week17_gap_join_c26_join_2,29,27,0.47058823529411764,EXACT_OPTIMAL_COLOR_CLASS_ORDER,8,8,train,heuristic_gap_controlled
week17_gap_join_c26_join_2,32,28,0.4509803921568627,EXACT_OPTIMAL_COLOR_CLASS_ORDER,8,8,train,heuristic_gap_controlled
week17_gap_join_c26_join_2,35,29,0.43137254901960786,EXACT_OPTIMAL_COLOR_CLASS_ORDER,8,8,train,heuristic_gap_controlled
week17_gap_join_c26_join_2,38,30,0.4117647058823529,EXACT_OPTIMAL_COLOR_CLASS_ORDER,8,8,train,heuristic_gap_controlled
week17_gap_join_c26_join_2,41,31,0.3921568627450981,EXACT_OPTIMAL_COLOR_CLASS_ORDER,8,8,train,heuristic_gap_controlled
week17_gap_join_c26_join_2,44,32,0.37254901960784315,EXACT_OPTIMAL_COLOR_CLASS_ORDER,8,8,train,heuristic_gap_controlled
week17_gap_join_c26_join_2,47,33,0.3529411764705882,EXACT_OPTIMAL_COLOR_CLASS_ORDER,8,8,train,heuristic_gap_controlled
week17_gap_join_c26_join_2,27,34,0.33333333333333337,EXACT_OPTIMAL_COLOR_CLASS_ORDER,8,8,train,heuristic_gap_controlled
week17_gap_join_c26_join_2,30,35,0.3137254901960784,EXACT_OPTIMAL_COLOR_CLASS_ORDER,8,8,train,heuristic_gap_controlled
week17_gap_join_c26_join_2,33,36,0.2941176470588235,EXACT_OPTIMAL_COLOR_CLASS_ORDER,8,8,train,heuristic_gap_controlled
week17_gap_join_c26_join_2,36,37,0.27450980392156865,EXACT_OPTIMAL_COLOR_CLASS_ORDER,8,8,train,heuristic_gap_controlled
week17_gap_join_c26_join_2,39,38,0.2549019607843137,EXACT_OPTIMAL_COLOR_CLASS_ORDER,8,8,train,heuristic_gap_controlled
week17_gap_join_c26_join_2,42,39,0.23529411764705888,EXACT_OPTIMAL_COLOR_CLASS_ORDER,8,8,train,heuristic_gap_controlled
week17_gap_join_c26_join_2,45,40,0.21568627450980393,EXACT_OPTIMAL_COLOR_CLASS_ORDER,8,8,train,heuristic_gap_controlled
week17_gap_join_c26_join_2,49,41,0.196078431372549,EXACT_OPTIMAL_COLOR_CLASS_ORDER,8,8,train,heuristic_gap_controlled
week17_gap_join_c26_join_2,28,42,0.17647058823529416,EXACT_OPTIMAL_COLOR_CLASS_ORDER,8,8,train,heuristic_gap_controlled
week17_gap_join_c26_join_2,31,43,0.1568627450980392,EXACT_OPTIMAL_COLOR_CLASS_ORDER,8,8,train,heuristic_gap_controlled
week17_gap_join_c26_join_2,34,44,0.13725490196078427,EXACT_OPTIMAL_COLOR_CLASS_ORDER,8,8,train,heuristic_gap_controlled
week17_gap_join_c26_join_2,37,45,0.11764705882352944,EXACT_OPTIMAL_COLOR_CLASS_ORDER,8,8,train,heuristic_gap_controlled
week17_gap_join_c26_join_2,40,46,0.0980392156862745,EXACT_OPTIMAL_COLOR_CLASS_ORDER,8,8,train,heuristic_gap_controlled
week17_gap_join_c26_join_2,43,47,0.07843137254901966,EXACT_OPTIMAL_COLOR_CLASS_ORDER,8,8,train,heuristic_gap_controlled
week17_gap_join_c26_join_2,46,48,0.05882352941176472,EXACT_OPTIMAL_COLOR_CLASS_ORDER,8,8,train,heuristic_gap_controlled
week17_gap_join_c26_join_2,50,49,0.039215686274509776,EXACT_OPTIMAL_COLOR_CLASS_ORDER,8,8,train,heuristic_gap_controlled
week17_gap_join_c26_join_2,48,50,0.019607843137254943,EXACT_OPTIMAL_COLOR_CLASS_ORDER,8,8,train,heuristic_gap_controlled
week17_gap_join_c26_join_2,51,51,0.0,EXACT_OPTIMAL_COLOR_CLASS_ORDER,8,8,train,heuristic_gap_controlled
week17_gap_join_c26_join_3,0,0,1.0,EXACT_OPTIMAL_COLOR_CLASS_ORDER,12,12,train,heuristic_gap_controlled
week17_gap_join_c26_join_3,3,1,0.987012987012987,EXACT_OPTIMAL_COLOR_CLASS_ORDER,12,12,train,heuristic_gap_controlled
week17_gap_join_c26_join_3,6,2,0.974025974025974,EXACT_OPTIMAL_COLOR_CLASS_ORDER,12,12,train,heuristic_gap_controlled
week17_gap_join_c26_join_3,9,3,0.961038961038961,EXACT_OPTIMAL_COLOR_CLASS_ORDER,12,12,train,heuristic_gap_controlled
week17_gap_join_c26_join_3,12,4,0.948051948051948,EXACT_OPTIMAL_COLOR_CLASS_ORDER,12,12,train,heuristic_gap_controlled
week17_gap_join_c26_join_3,15,5,0.935064935064935,EXACT_OPTIMAL_COLOR_CLASS_ORDER,12,12,train,heuristic_gap_controlled
week17_gap_join_c26_join_3,18,6,0.922077922077922,EXACT_OPTIMAL_COLOR_CLASS_ORDER,12,12,train,heuristic_gap_controlled
week17_gap_join_c26_join_3,21,7,0.9090909090909091,EXACT_OPTIMAL_COLOR_CLASS_ORDER,12,12,train,heuristic_gap_controlled
week17_gap_join_c26_join_3,1,8,0.8961038961038961,EXACT_OPTIMAL_COLOR_CLASS_ORDER,12,12,train,heuristic_gap_controlled
week17_gap_join_c26_join_3,4,9,0.8831168831168831,EXACT_OPTIMAL_COLOR_CLASS_ORDER,12,12,train,heuristic_gap_controlled
week17_gap_join_c26_join_3,7,10,0.8701298701298701,EXACT_OPTIMAL_COLOR_CLASS_ORDER,12,12,train,heuristic_gap_controlled
week17_gap_join_c26_join_3,10,11,0.8571428571428572,EXACT_OPTIMAL_COLOR_CLASS_ORDER,12,12,train,heuristic_gap_controlled
week17_gap_join_c26_join_3,13,12,0.8441558441558441,EXACT_OPTIMAL_COLOR_CLASS_ORDER,12,12,train,heuristic_gap_controlled
week17_gap_join_c26_join_3,16,13,0.8311688311688312,EXACT_OPTIMAL_COLOR_CLASS_ORDER,12,12,train,heuristic_gap_controlled
week17_gap_join_c26_join_3,19,14,0.8181818181818181,EXACT_OPTIMAL_COLOR_CLASS_ORDER,12,12,train,heuristic_gap_controlled
week17_gap_join_c26_join_3,23,15,0.8051948051948052,EXACT_OPTIMAL_COLOR_CLASS_ORDER,12,12,train,heuristic_gap_controlled
week17_gap_join_c26_join_3,2,16,0.7922077922077921,EXACT_OPTIMAL_COLOR_CLASS_ORDER,12,12,train,heuristic_gap_controlled
week17_gap_join_c26_join_3,5,17,0.7792207792207793,EXACT_OPTIMAL_COLOR_CLASS_ORDER,12,12,train,heuristic_gap_controlled
week17_gap_join_c26_join_3,8,18,0.7662337662337663,EXACT_OPTIMAL_COLOR_CLASS_ORDER,12,12,train,heuristic_gap_controlled
week17_gap_join_c26_join_3,11,19,0.7532467532467533,EXACT_OPTIMAL_COLOR_CLASS_ORDER,12,12,train,heuristic_gap_controlled
week17_gap_join_c26_join_3,14,20,0.7402597402597403,EXACT_OPTIMAL_COLOR_CLASS_ORDER,12,12,train,heuristic_gap_controlled
week17_gap_join_c26_join_3,17,21,0.7272727272727273,EXACT_OPTIMAL_COLOR_CLASS_ORDER,12,12,train,heuristic_gap_controlled
week17_gap_join_c26_join_3,20,22,0.7142857142857143,EXACT_OPTIMAL_COLOR_CLASS_ORDER,12,12,train,heuristic_gap_controlled
week17_gap_join_c26_join_3,24,23,0.7012987012987013,EXACT_OPTIMAL_COLOR_CLASS_ORDER,12,12,train,heuristic_gap_controlled
week17_gap_join_c26_join_3,22,24,0.6883116883116883,EXACT_OPTIMAL_COLOR_CLASS_ORDER,12,12,train,heuristic_gap_controlled
week17_gap_join_c26_join_3,25,25,0.6753246753246753,EXACT_OPTIMAL_COLOR_CLASS_ORDER,12,12,train,heuristic_gap_controlled
week17_gap_join_c26_join_3,26,26,0.6623376623376623,EXACT_OPTIMAL_COLOR_CLASS_ORDER,12,12,train,heuristic_gap_controlled
week17_gap_join_c26_join_3,29,27,0.6493506493506493,EXACT_OPTIMAL_COLOR_CLASS_ORDER,12,12,train,heuristic_gap_controlled
week17_gap_join_c26_join_3,32,28,0.6363636363636364,EXACT_OPTIMAL_COLOR_CLASS_ORDER,12,12,train,heuristic_gap_controlled
week17_gap_join_c26_join_3,35,29,0.6233766233766234,EXACT_OPTIMAL_COLOR_CLASS_ORDER,12,12,train,heuristic_gap_controlled
week17_gap_join_c26_join_3,38,30,0.6103896103896104,EXACT_OPTIMAL_COLOR_CLASS_ORDER,12,12,train,heuristic_gap_controlled
week17_gap_join_c26_join_3,41,31,0.5974025974025974,EXACT_OPTIMAL_COLOR_CLASS_ORDER,12,12,train,heuristic_gap_controlled
week17_gap_join_c26_join_3,44,32,0.5844155844155844,EXACT_OPTIMAL_COLOR_CLASS_ORDER,12,12,train,heuristic_gap_controlled
week17_gap_join_c26_join_3,47,33,0.5714285714285714,EXACT_OPTIMAL_COLOR_CLASS_ORDER,12,12,train,heuristic_gap_controlled
week17_gap_join_c26_join_3,27,34,0.5584415584415585,EXACT_OPTIMAL_COLOR_CLASS_ORDER,12,12,train,heuristic_gap_controlled
week17_gap_join_c26_join_3,30,35,0.5454545454545454,EXACT_OPTIMAL_COLOR_CLASS_ORDER,12,12,train,heuristic_gap_controlled
week17_gap_join_c26_join_3,33,36,0.5324675324675325,EXACT_OPTIMAL_COLOR_CLASS_ORDER,12,12,train,heuristic_gap_controlled
week17_gap_join_c26_join_3,36,37,0.5194805194805194,EXACT_OPTIMAL_COLOR_CLASS_ORDER,12,12,train,heuristic_gap_controlled
week17_gap_join_c26_join_3,39,38,0.5064935064935066,EXACT_OPTIMAL_COLOR_CLASS_ORDER,12,12,train,heuristic_gap_controlled
week17_gap_join_c26_join_3,42,39,0.49350649350649356,EXACT_OPTIMAL_COLOR_CLASS_ORDER,12,12,train,heuristic_gap_controlled
week17_gap_join_c26_join_3,45,40,0.48051948051948057,EXACT_OPTIMAL_COLOR_CLASS_ORDER,12,12,train,heuristic_gap_controlled
week17_gap_join_c26_join_3,49,41,0.4675324675324676,EXACT_OPTIMAL_COLOR_CLASS_ORDER,12,12,train,heuristic_gap_controlled
week17_gap_join_c26_join_3,28,42,0.4545454545454546,EXACT_OPTIMAL_COLOR_CLASS_ORDER,12,12,train,heuristic_gap_controlled
week17_gap_join_c26_join_3,31,43,0.4415584415584416,EXACT_OPTIMAL_COLOR_CLASS_ORDER,12,12,train,heuristic_gap_controlled
week17_gap_join_c26_join_3,34,44,0.4285714285714286,EXACT_OPTIMAL_COLOR_CLASS_ORDER,12,12,train,heuristic_gap_controlled
week17_gap_join_c26_join_3,37,45,0.4155844155844156,EXACT_OPTIMAL_COLOR_CLASS_ORDER,12,12,train,heuristic_gap_controlled
week17_gap_join_c26_join_3,40,46,0.4025974025974026,EXACT_OPTIMAL_COLOR_CLASS_ORDER,12,12,train,heuristic_gap_controlled
week17_gap_join_c26_join_3,43,47,0.38961038961038963,EXACT_OPTIMAL_COLOR_CLASS_ORDER,12,12,train,heuristic_gap_controlled
week17_gap_join_c26_join_3,46,48,0.37662337662337664,EXACT_OPTIMAL_COLOR_CLASS_ORDER,12,12,train,heuristic_gap_controlled
week17_gap_join_c26_join_3,50,49,0.36363636363636365,EXACT_OPTIMAL_COLOR_CLASS_ORDER,12,12,train,heuristic_gap_controlled
week17_gap_join_c26_join_3,48,50,0.35064935064935066,EXACT_OPTIMAL_COLOR_CLASS_ORDER,12,12,train,heuristic_gap_controlled
week17_gap_join_c26_join_3,51,51,0.33766233766233766,EXACT_OPTIMAL_COLOR_CLASS_ORDER,12,12,train,heuristic_gap_controlled
week17_gap_join_c26_join_3,52,52,0.3246753246753247,EXACT_OPTIMAL_COLOR_CLASS_ORDER,12,12,train,heuristic_gap_controlled
week17_gap_join_c26_join_3,55,53,0.3116883116883117,EXACT_OPTIMAL_COLOR_CLASS_ORDER,12,12,train,heuristic_gap_controlled
week17_gap_join_c26_join_3,58,54,0.2987012987012987,EXACT_OPTIMAL_COLOR_CLASS_ORDER,12,12,train,heuristic_gap_controlled
week17_gap_join_c26_join_3,61,55,0.2857142857142857,EXACT_OPTIMAL_COLOR_CLASS_ORDER,12,12,train,heuristic_gap_controlled
week17_gap_join_c26_join_3,64,56,0.2727272727272727,EXACT_OPTIMAL_COLOR_CLASS_ORDER,12,12,train,heuristic_gap_controlled
week17_gap_join_c26_join_3,67,57,0.2597402597402597,EXACT_OPTIMAL_COLOR_CLASS_ORDER,12,12,train,heuristic_gap_controlled
week17_gap_join_c26_join_3,70,58,0.24675324675324672,EXACT_OPTIMAL_COLOR_CLASS_ORDER,12,12,train,heuristic_gap_controlled
week17_gap_join_c26_join_3,73,59,0.23376623376623373,EXACT_OPTIMAL_COLOR_CLASS_ORDER,12,12,train,heuristic_gap_controlled
week17_gap_join_c26_join_3,53,60,0.22077922077922074,EXACT_OPTIMAL_COLOR_CLASS_ORDER,12,12,train,heuristic_gap_controlled
week17_gap_join_c26_join_3,56,61,0.20779220779220775,EXACT_OPTIMAL_COLOR_CLASS_ORDER,12,12,train,heuristic_gap_controlled
week17_gap_join_c26_join_3,59,62,0.19480519480519476,EXACT_OPTIMAL_COLOR_CLASS_ORDER,12,12,train,heuristic_gap_controlled
week17_gap_join_c26_join_3,62,63,0.18181818181818177,EXACT_OPTIMAL_COLOR_CLASS_ORDER,12,12,train,heuristic_gap_controlled
week17_gap_join_c26_join_3,65,64,0.16883116883116878,EXACT_OPTIMAL_COLOR_CLASS_ORDER,12,12,train,heuristic_gap_controlled
week17_gap_join_c26_join_3,68,65,0.1558441558441559,EXACT_OPTIMAL_COLOR_CLASS_ORDER,12,12,train,heuristic_gap_controlled
week17_gap_join_c26_join_3,71,66,0.1428571428571429,EXACT_OPTIMAL_COLOR_CLASS_ORDER,12,12,train,heuristic_gap_controlled
week17_gap_join_c26_join_3,75,67,0.1298701298701299,EXACT_OPTIMAL_COLOR_CLASS_ORDER,12,12,train,heuristic_gap_controlled
week17_gap_join_c26_join_3,54,68,0.11688311688311692,EXACT_OPTIMAL_COLOR_CLASS_ORDER,12,12,train,heuristic_gap_controlled
week17_gap_join_c26_join_3,57,69,0.10389610389610393,EXACT_OPTIMAL_COLOR_CLASS_ORDER,12,12,train,heuristic_gap_controlled
week17_gap_join_c26_join_3,60,70,0.09090909090909094,EXACT_OPTIMAL_COLOR_CLASS_ORDER,12,12,train,heuristic_gap_controlled
week17_gap_join_c26_join_3,63,71,0.07792207792207795,EXACT_OPTIMAL_COLOR_CLASS_ORDER,12,12,train,heuristic_gap_controlled
week17_gap_join_c26_join_3,66,72,0.06493506493506496,EXACT_OPTIMAL_COLOR_CLASS_ORDER,12,12,train,heuristic_gap_controlled
week17_gap_join_c26_join_3,69,73,0.051948051948051965,EXACT_OPTIMAL_COLOR_CLASS_ORDER,12,12,train,heuristic_gap_controlled
week17_gap_join_c26_join_3,72,74,0.038961038961038974,EXACT_OPTIMAL_COLOR_CLASS_ORDER,12,12,train,heuristic_gap_controlled
week17_gap_join_c26_join_3,76,75,0.025974025974025983,EXACT_OPTIMAL_COLOR_CLASS_ORDER,12,12,train,heuristic_gap_controlled
week17_gap_join_c26_join_3,74,76,0.012987012987012991,EXACT_OPTIMAL_COLOR_CLASS_ORDER,12,12,train,heuristic_gap_controlled
week17_gap_join_c26_join_3,77,77,0.0,EXACT_OPTIMAL_COLOR_CLASS_ORDER,12,12,train,heuristic_gap_controlled
week17_gap_join_c26_join_4,0,0,1.0,EXACT_OPTIMAL_COLOR_CLASS_ORDER,16,16,train,heuristic_gap_controlled
week17_gap_join_c26_join_4,3,1,0.9902912621359223,EXACT_OPTIMAL_COLOR_CLASS_ORDER,16,16,train,heuristic_gap_controlled
week17_gap_join_c26_join_4,6,2,0.9805825242718447,EXACT_OPTIMAL_COLOR_CLASS_ORDER,16,16,train,heuristic_gap_controlled
week17_gap_join_c26_join_4,9,3,0.970873786407767,EXACT_OPTIMAL_COLOR_CLASS_ORDER,16,16,train,heuristic_gap_controlled
week17_gap_join_c26_join_4,12,4,0.9611650485436893,EXACT_OPTIMAL_COLOR_CLASS_ORDER,16,16,train,heuristic_gap_controlled
week17_gap_join_c26_join_4,15,5,0.9514563106796117,EXACT_OPTIMAL_COLOR_CLASS_ORDER,16,16,train,heuristic_gap_controlled
week17_gap_join_c26_join_4,18,6,0.941747572815534,EXACT_OPTIMAL_COLOR_CLASS_ORDER,16,16,train,heuristic_gap_controlled
week17_gap_join_c26_join_4,21,7,0.9320388349514563,EXACT_OPTIMAL_COLOR_CLASS_ORDER,16,16,train,heuristic_gap_controlled
week17_gap_join_c26_join_4,1,8,0.9223300970873787,EXACT_OPTIMAL_COLOR_CLASS_ORDER,16,16,train,heuristic_gap_controlled
week17_gap_join_c26_join_4,4,9,0.912621359223301,EXACT_OPTIMAL_COLOR_CLASS_ORDER,16,16,train,heuristic_gap_controlled
week17_gap_join_c26_join_4,7,10,0.9029126213592233,EXACT_OPTIMAL_COLOR_CLASS_ORDER,16,16,train,heuristic_gap_controlled
week17_gap_join_c26_join_4,10,11,0.8932038834951457,EXACT_OPTIMAL_COLOR_CLASS_ORDER,16,16,train,heuristic_gap_controlled
week17_gap_join_c26_join_4,13,12,0.883495145631068,EXACT_OPTIMAL_COLOR_CLASS_ORDER,16,16,train,heuristic_gap_controlled
week17_gap_join_c26_join_4,16,13,0.8737864077669903,EXACT_OPTIMAL_COLOR_CLASS_ORDER,16,16,train,heuristic_gap_controlled
week17_gap_join_c26_join_4,19,14,0.8640776699029127,EXACT_OPTIMAL_COLOR_CLASS_ORDER,16,16,train,heuristic_gap_controlled
week17_gap_join_c26_join_4,23,15,0.854368932038835,EXACT_OPTIMAL_COLOR_CLASS_ORDER,16,16,train,heuristic_gap_controlled
week17_gap_join_c26_join_4,2,16,0.8446601941747574,EXACT_OPTIMAL_COLOR_CLASS_ORDER,16,16,train,heuristic_gap_controlled
week17_gap_join_c26_join_4,5,17,0.8349514563106796,EXACT_OPTIMAL_COLOR_CLASS_ORDER,16,16,train,heuristic_gap_controlled
week17_gap_join_c26_join_4,8,18,0.8252427184466019,EXACT_OPTIMAL_COLOR_CLASS_ORDER,16,16,train,heuristic_gap_controlled
week17_gap_join_c26_join_4,11,19,0.8155339805825242,EXACT_OPTIMAL_COLOR_CLASS_ORDER,16,16,train,heuristic_gap_controlled
week17_gap_join_c26_join_4,14,20,0.8058252427184466,EXACT_OPTIMAL_COLOR_CLASS_ORDER,16,16,train,heuristic_gap_controlled
week17_gap_join_c26_join_4,17,21,0.7961165048543689,EXACT_OPTIMAL_COLOR_CLASS_ORDER,16,16,train,heuristic_gap_controlled
week17_gap_join_c26_join_4,20,22,0.7864077669902912,EXACT_OPTIMAL_COLOR_CLASS_ORDER,16,16,train,heuristic_gap_controlled
week17_gap_join_c26_join_4,24,23,0.7766990291262136,EXACT_OPTIMAL_COLOR_CLASS_ORDER,16,16,train,heuristic_gap_controlled
week17_gap_join_c26_join_4,22,24,0.7669902912621359,EXACT_OPTIMAL_COLOR_CLASS_ORDER,16,16,train,heuristic_gap_controlled
week17_gap_join_c26_join_4,25,25,0.7572815533980582,EXACT_OPTIMAL_COLOR_CLASS_ORDER,16,16,train,heuristic_gap_controlled
week17_gap_join_c26_join_4,26,26,0.7475728155339806,EXACT_OPTIMAL_COLOR_CLASS_ORDER,16,16,train,heuristic_gap_controlled
week17_gap_join_c26_join_4,29,27,0.7378640776699029,EXACT_OPTIMAL_COLOR_CLASS_ORDER,16,16,train,heuristic_gap_controlled
week17_gap_join_c26_join_4,32,28,0.7281553398058253,EXACT_OPTIMAL_COLOR_CLASS_ORDER,16,16,train,heuristic_gap_controlled
week17_gap_join_c26_join_4,35,29,0.7184466019417476,EXACT_OPTIMAL_COLOR_CLASS_ORDER,16,16,train,heuristic_gap_controlled
week17_gap_join_c26_join_4,38,30,0.7087378640776699,EXACT_OPTIMAL_COLOR_CLASS_ORDER,16,16,train,heuristic_gap_controlled
week17_gap_join_c26_join_4,41,31,0.6990291262135923,EXACT_OPTIMAL_COLOR_CLASS_ORDER,16,16,train,heuristic_gap_controlled
week17_gap_join_c26_join_4,44,32,0.6893203883495146,EXACT_OPTIMAL_COLOR_CLASS_ORDER,16,16,train,heuristic_gap_controlled
week17_gap_join_c26_join_4,47,33,0.6796116504854368,EXACT_OPTIMAL_COLOR_CLASS_ORDER,16,16,train,heuristic_gap_controlled
week17_gap_join_c26_join_4,27,34,0.6699029126213591,EXACT_OPTIMAL_COLOR_CLASS_ORDER,16,16,train,heuristic_gap_controlled
week17_gap_join_c26_join_4,30,35,0.6601941747572815,EXACT_OPTIMAL_COLOR_CLASS_ORDER,16,16,train,heuristic_gap_controlled
week17_gap_join_c26_join_4,33,36,0.6504854368932038,EXACT_OPTIMAL_COLOR_CLASS_ORDER,16,16,train,heuristic_gap_controlled
week17_gap_join_c26_join_4,36,37,0.6407766990291262,EXACT_OPTIMAL_COLOR_CLASS_ORDER,16,16,train,heuristic_gap_controlled
week17_gap_join_c26_join_4,39,38,0.6310679611650485,EXACT_OPTIMAL_COLOR_CLASS_ORDER,16,16,train,heuristic_gap_controlled
week17_gap_join_c26_join_4,42,39,0.6213592233009708,EXACT_OPTIMAL_COLOR_CLASS_ORDER,16,16,train,heuristic_gap_controlled
week17_gap_join_c26_join_4,45,40,0.6116504854368932,EXACT_OPTIMAL_COLOR_CLASS_ORDER,16,16,train,heuristic_gap_controlled
week17_gap_join_c26_join_4,49,41,0.6019417475728155,EXACT_OPTIMAL_COLOR_CLASS_ORDER,16,16,train,heuristic_gap_controlled
week17_gap_join_c26_join_4,28,42,0.5922330097087378,EXACT_OPTIMAL_COLOR_CLASS_ORDER,16,16,train,heuristic_gap_controlled
week17_gap_join_c26_join_4,31,43,0.5825242718446602,EXACT_OPTIMAL_COLOR_CLASS_ORDER,16,16,train,heuristic_gap_controlled
week17_gap_join_c26_join_4,34,44,0.5728155339805825,EXACT_OPTIMAL_COLOR_CLASS_ORDER,16,16,train,heuristic_gap_controlled
week17_gap_join_c26_join_4,37,45,0.5631067961165048,EXACT_OPTIMAL_COLOR_CLASS_ORDER,16,16,train,heuristic_gap_controlled
week17_gap_join_c26_join_4,40,46,0.5533980582524272,EXACT_OPTIMAL_COLOR_CLASS_ORDER,16,16,train,heuristic_gap_controlled
week17_gap_join_c26_join_4,43,47,0.5436893203883495,EXACT_OPTIMAL_COLOR_CLASS_ORDER,16,16,train,heuristic_gap_controlled
week17_gap_join_c26_join_4,46,48,0.5339805825242718,EXACT_OPTIMAL_COLOR_CLASS_ORDER,16,16,train,heuristic_gap_controlled
week17_gap_join_c26_join_4,50,49,0.5242718446601942,EXACT_OPTIMAL_COLOR_CLASS_ORDER,16,16,train,heuristic_gap_controlled
week17_gap_join_c26_join_4,48,50,0.5145631067961165,EXACT_OPTIMAL_COLOR_CLASS_ORDER,16,16,train,heuristic_gap_controlled
week17_gap_join_c26_join_4,51,51,0.5048543689320388,EXACT_OPTIMAL_COLOR_CLASS_ORDER,16,16,train,heuristic_gap_controlled
week17_gap_join_c26_join_4,52,52,0.49514563106796117,EXACT_OPTIMAL_COLOR_CLASS_ORDER,16,16,train,heuristic_gap_controlled
week17_gap_join_c26_join_4,55,53,0.4854368932038835,EXACT_OPTIMAL_COLOR_CLASS_ORDER,16,16,train,heuristic_gap_controlled
week17_gap_join_c26_join_4,58,54,0.47572815533980584,EXACT_OPTIMAL_COLOR_CLASS_ORDER,16,16,train,heuristic_gap_controlled
week17_gap_join_c26_join_4,61,55,0.46601941747572817,EXACT_OPTIMAL_COLOR_CLASS_ORDER,16,16,train,heuristic_gap_controlled
week17_gap_join_c26_join_4,64,56,0.4563106796116505,EXACT_OPTIMAL_COLOR_CLASS_ORDER,16,16,train,heuristic_gap_controlled
week17_gap_join_c26_join_4,67,57,0.44660194174757284,EXACT_OPTIMAL_COLOR_CLASS_ORDER,16,16,train,heuristic_gap_controlled
week17_gap_join_c26_join_4,70,58,0.4368932038834952,EXACT_OPTIMAL_COLOR_CLASS_ORDER,16,16,train,heuristic_gap_controlled
week17_gap_join_c26_join_4,73,59,0.4271844660194175,EXACT_OPTIMAL_COLOR_CLASS_ORDER,16,16,train,heuristic_gap_controlled
week17_gap_join_c26_join_4,53,60,0.41747572815533984,EXACT_OPTIMAL_COLOR_CLASS_ORDER,16,16,train,heuristic_gap_controlled
week17_gap_join_c26_join_4,56,61,0.4077669902912622,EXACT_OPTIMAL_COLOR_CLASS_ORDER,16,16,train,heuristic_gap_controlled
week17_gap_join_c26_join_4,59,62,0.3980582524271845,EXACT_OPTIMAL_COLOR_CLASS_ORDER,16,16,train,heuristic_gap_controlled
week17_gap_join_c26_join_4,62,63,0.38834951456310685,EXACT_OPTIMAL_COLOR_CLASS_ORDER,16,16,train,heuristic_gap_controlled
week17_gap_join_c26_join_4,65,64,0.3786407766990292,EXACT_OPTIMAL_COLOR_CLASS_ORDER,16,16,train,heuristic_gap_controlled
week17_gap_join_c26_join_4,68,65,0.3689320388349514,EXACT_OPTIMAL_COLOR_CLASS_ORDER,16,16,train,heuristic_gap_controlled
week17_gap_join_c26_join_4,71,66,0.35922330097087374,EXACT_OPTIMAL_COLOR_CLASS_ORDER,16,16,train,heuristic_gap_controlled
week17_gap_join_c26_join_4,75,67,0.3495145631067961,EXACT_OPTIMAL_COLOR_CLASS_ORDER,16,16,train,heuristic_gap_controlled
week17_gap_join_c26_join_4,54,68,0.3398058252427184,EXACT_OPTIMAL_COLOR_CLASS_ORDER,16,16,train,heuristic_gap_controlled
week17_gap_join_c26_join_4,57,69,0.33009708737864074,EXACT_OPTIMAL_COLOR_CLASS_ORDER,16,16,train,heuristic_gap_controlled
week17_gap_join_c26_join_4,60,70,0.3203883495145631,EXACT_OPTIMAL_COLOR_CLASS_ORDER,16,16,train,heuristic_gap_controlled
week17_gap_join_c26_join_4,63,71,0.3106796116504854,EXACT_OPTIMAL_COLOR_CLASS_ORDER,16,16,train,heuristic_gap_controlled
week17_gap_join_c26_join_4,66,72,0.30097087378640774,EXACT_OPTIMAL_COLOR_CLASS_ORDER,16,16,train,heuristic_gap_controlled
week17_gap_join_c26_join_4,69,73,0.2912621359223301,EXACT_OPTIMAL_COLOR_CLASS_ORDER,16,16,train,heuristic_gap_controlled
week17_gap_join_c26_join_4,72,74,0.2815533980582524,EXACT_OPTIMAL_COLOR_CLASS_ORDER,16,16,train,heuristic_gap_controlled
week17_gap_join_c26_join_4,76,75,0.27184466019417475,EXACT_OPTIMAL_COLOR_CLASS_ORDER,16,16,train,heuristic_gap_controlled
week17_gap_join_c26_join_4,74,76,0.2621359223300971,EXACT_OPTIMAL_COLOR_CLASS_ORDER,16,16,train,heuristic_gap_controlled
week17_gap_join_c26_join_4,77,77,0.2524271844660194,EXACT_OPTIMAL_COLOR_CLASS_ORDER,16,16,train,heuristic_gap_controlled
week17_gap_join_c26_join_4,78,78,0.24271844660194175,EXACT_OPTIMAL_COLOR_CLASS_ORDER,16,16,train,heuristic_gap_controlled
week17_gap_join_c26_join_4,81,79,0.23300970873786409,EXACT_OPTIMAL_COLOR_CLASS_ORDER,16,16,train,heuristic_gap_controlled
week17_gap_join_c26_join_4,84,80,0.22330097087378642,EXACT_OPTIMAL_COLOR_CLASS_ORDER,16,16,train,heuristic_gap_controlled
week17_gap_join_c26_join_4,87,81,0.21359223300970875,EXACT_OPTIMAL_COLOR_CLASS_ORDER,16,16,train,heuristic_gap_controlled
week17_gap_join_c26_join_4,90,82,0.2038834951456311,EXACT_OPTIMAL_COLOR_CLASS_ORDER,16,16,train,heuristic_gap_controlled
week17_gap_join_c26_join_4,93,83,0.19417475728155342,EXACT_OPTIMAL_COLOR_CLASS_ORDER,16,16,train,heuristic_gap_controlled
week17_gap_join_c26_join_4,96,84,0.18446601941747576,EXACT_OPTIMAL_COLOR_CLASS_ORDER,16,16,train,heuristic_gap_controlled
week17_gap_join_c26_join_4,99,85,0.1747572815533981,EXACT_OPTIMAL_COLOR_CLASS_ORDER,16,16,train,heuristic_gap_controlled
week17_gap_join_c26_join_4,79,86,0.16504854368932043,EXACT_OPTIMAL_COLOR_CLASS_ORDER,16,16,train,heuristic_gap_controlled
week17_gap_join_c26_join_4,82,87,0.15533980582524276,EXACT_OPTIMAL_COLOR_CLASS_ORDER,16,16,train,heuristic_gap_controlled
week17_gap_join_c26_join_4,85,88,0.1456310679611651,EXACT_OPTIMAL_COLOR_CLASS_ORDER,16,16,train,heuristic_gap_controlled
week17_gap_join_c26_join_4,88,89,0.13592233009708743,EXACT_OPTIMAL_COLOR_CLASS_ORDER,16,16,train,heuristic_gap_controlled
week17_gap_join_c26_join_4,91,90,0.12621359223300976,EXACT_OPTIMAL_COLOR_CLASS_ORDER,16,16,train,heuristic_gap_controlled
week17_gap_join_c26_join_4,94,91,0.11650485436893199,EXACT_OPTIMAL_COLOR_CLASS_ORDER,16,16,train,heuristic_gap_controlled
week17_gap_join_c26_join_4,97,92,0.10679611650485432,EXACT_OPTIMAL_COLOR_CLASS_ORDER,16,16,train,heuristic_gap_controlled
week17_gap_join_c26_join_4,101,93,0.09708737864077666,EXACT_OPTIMAL_COLOR_CLASS_ORDER,16,16,train,heuristic_gap_controlled
week17_gap_join_c26_join_4,80,94,0.08737864077669899,EXACT_OPTIMAL_COLOR_CLASS_ORDER,16,16,train,heuristic_gap_controlled
week17_gap_join_c26_join_4,83,95,0.07766990291262132,EXACT_OPTIMAL_COLOR_CLASS_ORDER,16,16,train,heuristic_gap_controlled
week17_gap_join_c26_join_4,86,96,0.06796116504854366,EXACT_OPTIMAL_COLOR_CLASS_ORDER,16,16,train,heuristic_gap_controlled
week17_gap_join_c26_join_4,89,97,0.058252427184465994,EXACT_OPTIMAL_COLOR_CLASS_ORDER,16,16,train,heuristic_gap_controlled
week17_gap_join_c26_join_4,92,98,0.04854368932038833,EXACT_OPTIMAL_COLOR_CLASS_ORDER,16,16,train,heuristic_gap_controlled
week17_gap_join_c26_join_4,95,99,0.03883495145631066,EXACT_OPTIMAL_COLOR_CLASS_ORDER,16,16,train,heuristic_gap_controlled
week17_gap_join_c26_join_4,98,100,0.029126213592232997,EXACT_OPTIMAL_COLOR_CLASS_ORDER,16,16,train,heuristic_gap_controlled
week17_gap_join_c26_join_4,102,101,0.01941747572815533,EXACT_OPTIMAL_COLOR_CLASS_ORDER,16,16,train,heuristic_gap_controlled
week17_gap_join_c26_join_4,100,102,0.009708737864077666,EXACT_OPTIMAL_COLOR_CLASS_ORDER,16,16,train,heuristic_gap_controlled
week17_gap_join_c26_join_4,103,103,0.0,EXACT_OPTIMAL_COLOR_CLASS_ORDER,16,16,train,heuristic_gap_controlled
week17_gap_join_c26_join_5,0,0,1.0,EXACT_OPTIMAL_COLOR_CLASS_ORDER,20,20,train,heuristic_gap_controlled
week17_gap_join_c26_join_5,3,1,0.9922480620155039,EXACT_OPTIMAL_COLOR_CLASS_ORDER,20,20,train,heuristic_gap_controlled
week17_gap_join_c26_join_5,6,2,0.9844961240310077,EXACT_OPTIMAL_COLOR_CLASS_ORDER,20,20,train,heuristic_gap_controlled
week17_gap_join_c26_join_5,9,3,0.9767441860465116,EXACT_OPTIMAL_COLOR_CLASS_ORDER,20,20,train,heuristic_gap_controlled
week17_gap_join_c26_join_5,12,4,0.9689922480620154,EXACT_OPTIMAL_COLOR_CLASS_ORDER,20,20,train,heuristic_gap_controlled
week17_gap_join_c26_join_5,15,5,0.9612403100775194,EXACT_OPTIMAL_COLOR_CLASS_ORDER,20,20,train,heuristic_gap_controlled
week17_gap_join_c26_join_5,18,6,0.9534883720930233,EXACT_OPTIMAL_COLOR_CLASS_ORDER,20,20,train,heuristic_gap_controlled
week17_gap_join_c26_join_5,21,7,0.9457364341085271,EXACT_OPTIMAL_COLOR_CLASS_ORDER,20,20,train,heuristic_gap_controlled
week17_gap_join_c26_join_5,1,8,0.937984496124031,EXACT_OPTIMAL_COLOR_CLASS_ORDER,20,20,train,heuristic_gap_controlled
week17_gap_join_c26_join_5,4,9,0.9302325581395349,EXACT_OPTIMAL_COLOR_CLASS_ORDER,20,20,train,heuristic_gap_controlled
week17_gap_join_c26_join_5,7,10,0.9224806201550387,EXACT_OPTIMAL_COLOR_CLASS_ORDER,20,20,train,heuristic_gap_controlled
week17_gap_join_c26_join_5,10,11,0.9147286821705426,EXACT_OPTIMAL_COLOR_CLASS_ORDER,20,20,train,heuristic_gap_controlled
week17_gap_join_c26_join_5,13,12,0.9069767441860466,EXACT_OPTIMAL_COLOR_CLASS_ORDER,20,20,train,heuristic_gap_controlled
week17_gap_join_c26_join_5,16,13,0.8992248062015504,EXACT_OPTIMAL_COLOR_CLASS_ORDER,20,20,train,heuristic_gap_controlled
week17_gap_join_c26_join_5,19,14,0.8914728682170543,EXACT_OPTIMAL_COLOR_CLASS_ORDER,20,20,train,heuristic_gap_controlled
week17_gap_join_c26_join_5,23,15,0.8837209302325582,EXACT_OPTIMAL_COLOR_CLASS_ORDER,20,20,train,heuristic_gap_controlled
week17_gap_join_c26_join_5,2,16,0.875968992248062,EXACT_OPTIMAL_COLOR_CLASS_ORDER,20,20,train,heuristic_gap_controlled
week17_gap_join_c26_join_5,5,17,0.8682170542635659,EXACT_OPTIMAL_COLOR_CLASS_ORDER,20,20,train,heuristic_gap_controlled
week17_gap_join_c26_join_5,8,18,0.8604651162790697,EXACT_OPTIMAL_COLOR_CLASS_ORDER,20,20,train,heuristic_gap_controlled
week17_gap_join_c26_join_5,11,19,0.8527131782945736,EXACT_OPTIMAL_COLOR_CLASS_ORDER,20,20,train,heuristic_gap_controlled
week17_gap_join_c26_join_5,14,20,0.8449612403100775,EXACT_OPTIMAL_COLOR_CLASS_ORDER,20,20,train,heuristic_gap_controlled
week17_gap_join_c26_join_5,17,21,0.8372093023255813,EXACT_OPTIMAL_COLOR_CLASS_ORDER,20,20,train,heuristic_gap_controlled
week17_gap_join_c26_join_5,20,22,0.8294573643410853,EXACT_OPTIMAL_COLOR_CLASS_ORDER,20,20,train,heuristic_gap_controlled
week17_gap_join_c26_join_5,24,23,0.8217054263565892,EXACT_OPTIMAL_COLOR_CLASS_ORDER,20,20,train,heuristic_gap_controlled
week17_gap_join_c26_join_5,22,24,0.813953488372093,EXACT_OPTIMAL_COLOR_CLASS_ORDER,20,20,train,heuristic_gap_controlled
week17_gap_join_c26_join_5,25,25,0.8062015503875969,EXACT_OPTIMAL_COLOR_CLASS_ORDER,20,20,train,heuristic_gap_controlled
week17_gap_join_c26_join_5,26,26,0.7984496124031008,EXACT_OPTIMAL_COLOR_CLASS_ORDER,20,20,train,heuristic_gap_controlled
week17_gap_join_c26_join_5,29,27,0.7906976744186046,EXACT_OPTIMAL_COLOR_CLASS_ORDER,20,20,train,heuristic_gap_controlled
week17_gap_join_c26_join_5,32,28,0.7829457364341086,EXACT_OPTIMAL_COLOR_CLASS_ORDER,20,20,train,heuristic_gap_controlled
week17_gap_join_c26_join_5,35,29,0.7751937984496124,EXACT_OPTIMAL_COLOR_CLASS_ORDER,20,20,train,heuristic_gap_controlled
week17_gap_join_c26_join_5,38,30,0.7674418604651163,EXACT_OPTIMAL_COLOR_CLASS_ORDER,20,20,train,heuristic_gap_controlled
week17_gap_join_c26_join_5,41,31,0.7596899224806202,EXACT_OPTIMAL_COLOR_CLASS_ORDER,20,20,train,heuristic_gap_controlled
week17_gap_join_c26_join_5,44,32,0.751937984496124,EXACT_OPTIMAL_COLOR_CLASS_ORDER,20,20,train,heuristic_gap_controlled
week17_gap_join_c26_join_5,47,33,0.7441860465116279,EXACT_OPTIMAL_COLOR_CLASS_ORDER,20,20,train,heuristic_gap_controlled
week17_gap_join_c26_join_5,27,34,0.7364341085271318,EXACT_OPTIMAL_COLOR_CLASS_ORDER,20,20,train,heuristic_gap_controlled
week17_gap_join_c26_join_5,30,35,0.7286821705426356,EXACT_OPTIMAL_COLOR_CLASS_ORDER,20,20,train,heuristic_gap_controlled
week17_gap_join_c26_join_5,33,36,0.7209302325581395,EXACT_OPTIMAL_COLOR_CLASS_ORDER,20,20,train,heuristic_gap_controlled
week17_gap_join_c26_join_5,36,37,0.7131782945736433,EXACT_OPTIMAL_COLOR_CLASS_ORDER,20,20,train,heuristic_gap_controlled
week17_gap_join_c26_join_5,39,38,0.7054263565891472,EXACT_OPTIMAL_COLOR_CLASS_ORDER,20,20,train,heuristic_gap_controlled
week17_gap_join_c26_join_5,42,39,0.6976744186046512,EXACT_OPTIMAL_COLOR_CLASS_ORDER,20,20,train,heuristic_gap_controlled
week17_gap_join_c26_join_5,45,40,0.689922480620155,EXACT_OPTIMAL_COLOR_CLASS_ORDER,20,20,train,heuristic_gap_controlled
week17_gap_join_c26_join_5,49,41,0.6821705426356589,EXACT_OPTIMAL_COLOR_CLASS_ORDER,20,20,train,heuristic_gap_controlled
week17_gap_join_c26_join_5,28,42,0.6744186046511628,EXACT_OPTIMAL_COLOR_CLASS_ORDER,20,20,train,heuristic_gap_controlled
week17_gap_join_c26_join_5,31,43,0.6666666666666667,EXACT_OPTIMAL_COLOR_CLASS_ORDER,20,20,train,heuristic_gap_controlled
week17_gap_join_c26_join_5,34,44,0.6589147286821706,EXACT_OPTIMAL_COLOR_CLASS_ORDER,20,20,train,heuristic_gap_controlled
week17_gap_join_c26_join_5,37,45,0.6511627906976745,EXACT_OPTIMAL_COLOR_CLASS_ORDER,20,20,train,heuristic_gap_controlled
week17_gap_join_c26_join_5,40,46,0.6434108527131783,EXACT_OPTIMAL_COLOR_CLASS_ORDER,20,20,train,heuristic_gap_controlled
week17_gap_join_c26_join_5,43,47,0.6356589147286822,EXACT_OPTIMAL_COLOR_CLASS_ORDER,20,20,train,heuristic_gap_controlled
week17_gap_join_c26_join_5,46,48,0.627906976744186,EXACT_OPTIMAL_COLOR_CLASS_ORDER,20,20,train,heuristic_gap_controlled
week17_gap_join_c26_join_5,50,49,0.6201550387596899,EXACT_OPTIMAL_COLOR_CLASS_ORDER,20,20,train,heuristic_gap_controlled
week17_gap_join_c26_join_5,48,50,0.6124031007751938,EXACT_OPTIMAL_COLOR_CLASS_ORDER,20,20,train,heuristic_gap_controlled
week17_gap_join_c26_join_5,51,51,0.6046511627906976,EXACT_OPTIMAL_COLOR_CLASS_ORDER,20,20,train,heuristic_gap_controlled
week17_gap_join_c26_join_5,52,52,0.5968992248062015,EXACT_OPTIMAL_COLOR_CLASS_ORDER,20,20,train,heuristic_gap_controlled
week17_gap_join_c26_join_5,55,53,0.5891472868217054,EXACT_OPTIMAL_COLOR_CLASS_ORDER,20,20,train,heuristic_gap_controlled
week17_gap_join_c26_join_5,58,54,0.5813953488372092,EXACT_OPTIMAL_COLOR_CLASS_ORDER,20,20,train,heuristic_gap_controlled
week17_gap_join_c26_join_5,61,55,0.5736434108527132,EXACT_OPTIMAL_COLOR_CLASS_ORDER,20,20,train,heuristic_gap_controlled
week17_gap_join_c26_join_5,64,56,0.5658914728682171,EXACT_OPTIMAL_COLOR_CLASS_ORDER,20,20,train,heuristic_gap_controlled
week17_gap_join_c26_join_5,67,57,0.5581395348837209,EXACT_OPTIMAL_COLOR_CLASS_ORDER,20,20,train,heuristic_gap_controlled
week17_gap_join_c26_join_5,70,58,0.5503875968992248,EXACT_OPTIMAL_COLOR_CLASS_ORDER,20,20,train,heuristic_gap_controlled
week17_gap_join_c26_join_5,73,59,0.5426356589147288,EXACT_OPTIMAL_COLOR_CLASS_ORDER,20,20,train,heuristic_gap_controlled
week17_gap_join_c26_join_5,53,60,0.5348837209302326,EXACT_OPTIMAL_COLOR_CLASS_ORDER,20,20,train,heuristic_gap_controlled
week17_gap_join_c26_join_5,56,61,0.5271317829457365,EXACT_OPTIMAL_COLOR_CLASS_ORDER,20,20,train,heuristic_gap_controlled
week17_gap_join_c26_join_5,59,62,0.5193798449612403,EXACT_OPTIMAL_COLOR_CLASS_ORDER,20,20,train,heuristic_gap_controlled
week17_gap_join_c26_join_5,62,63,0.5116279069767442,EXACT_OPTIMAL_COLOR_CLASS_ORDER,20,20,train,heuristic_gap_controlled
week17_gap_join_c26_join_5,65,64,0.5038759689922481,EXACT_OPTIMAL_COLOR_CLASS_ORDER,20,20,train,heuristic_gap_controlled
week17_gap_join_c26_join_5,68,65,0.49612403100775193,EXACT_OPTIMAL_COLOR_CLASS_ORDER,20,20,train,heuristic_gap_controlled
week17_gap_join_c26_join_5,71,66,0.4883720930232558,EXACT_OPTIMAL_COLOR_CLASS_ORDER,20,20,train,heuristic_gap_controlled
week17_gap_join_c26_join_5,75,67,0.48062015503875966,EXACT_OPTIMAL_COLOR_CLASS_ORDER,20,20,train,heuristic_gap_controlled
week17_gap_join_c26_join_5,54,68,0.4728682170542635,EXACT_OPTIMAL_COLOR_CLASS_ORDER,20,20,train,heuristic_gap_controlled
week17_gap_join_c26_join_5,57,69,0.4651162790697675,EXACT_OPTIMAL_COLOR_CLASS_ORDER,20,20,train,heuristic_gap_controlled
week17_gap_join_c26_join_5,60,70,0.45736434108527135,EXACT_OPTIMAL_COLOR_CLASS_ORDER,20,20,train,heuristic_gap_controlled
week17_gap_join_c26_join_5,63,71,0.4496124031007752,EXACT_OPTIMAL_COLOR_CLASS_ORDER,20,20,train,heuristic_gap_controlled
week17_gap_join_c26_join_5,66,72,0.4418604651162791,EXACT_OPTIMAL_COLOR_CLASS_ORDER,20,20,train,heuristic_gap_controlled
week17_gap_join_c26_join_5,69,73,0.43410852713178294,EXACT_OPTIMAL_COLOR_CLASS_ORDER,20,20,train,heuristic_gap_controlled
week17_gap_join_c26_join_5,72,74,0.4263565891472868,EXACT_OPTIMAL_COLOR_CLASS_ORDER,20,20,train,heuristic_gap_controlled
week17_gap_join_c26_join_5,76,75,0.41860465116279066,EXACT_OPTIMAL_COLOR_CLASS_ORDER,20,20,train,heuristic_gap_controlled
week17_gap_join_c26_join_5,74,76,0.4108527131782945,EXACT_OPTIMAL_COLOR_CLASS_ORDER,20,20,train,heuristic_gap_controlled
week17_gap_join_c26_join_5,77,77,0.4031007751937985,EXACT_OPTIMAL_COLOR_CLASS_ORDER,20,20,train,heuristic_gap_controlled
week17_gap_join_c26_join_5,78,78,0.39534883720930236,EXACT_OPTIMAL_COLOR_CLASS_ORDER,20,20,train,heuristic_gap_controlled
week17_gap_join_c26_join_5,81,79,0.3875968992248062,EXACT_OPTIMAL_COLOR_CLASS_ORDER,20,20,train,heuristic_gap_controlled
week17_gap_join_c26_join_5,84,80,0.3798449612403101,EXACT_OPTIMAL_COLOR_CLASS_ORDER,20,20,train,heuristic_gap_controlled
week17_gap_join_c26_join_5,87,81,0.37209302325581395,EXACT_OPTIMAL_COLOR_CLASS_ORDER,20,20,train,heuristic_gap_controlled
week17_gap_join_c26_join_5,90,82,0.3643410852713178,EXACT_OPTIMAL_COLOR_CLASS_ORDER,20,20,train,heuristic_gap_controlled
week17_gap_join_c26_join_5,93,83,0.3565891472868217,EXACT_OPTIMAL_COLOR_CLASS_ORDER,20,20,train,heuristic_gap_controlled
week17_gap_join_c26_join_5,96,84,0.34883720930232553,EXACT_OPTIMAL_COLOR_CLASS_ORDER,20,20,train,heuristic_gap_controlled
week17_gap_join_c26_join_5,99,85,0.3410852713178295,EXACT_OPTIMAL_COLOR_CLASS_ORDER,20,20,train,heuristic_gap_controlled
week17_gap_join_c26_join_5,79,86,0.33333333333333337,EXACT_OPTIMAL_COLOR_CLASS_ORDER,20,20,train,heuristic_gap_controlled
week17_gap_join_c26_join_5,82,87,0.32558139534883723,EXACT_OPTIMAL_COLOR_CLASS_ORDER,20,20,train,heuristic_gap_controlled
week17_gap_join_c26_join_5,85,88,0.3178294573643411,EXACT_OPTIMAL_COLOR_CLASS_ORDER,20,20,train,heuristic_gap_controlled
week17_gap_join_c26_join_5,88,89,0.31007751937984496,EXACT_OPTIMAL_COLOR_CLASS_ORDER,20,20,train,heuristic_gap_controlled
week17_gap_join_c26_join_5,91,90,0.3023255813953488,EXACT_OPTIMAL_COLOR_CLASS_ORDER,20,20,train,heuristic_gap_controlled
week17_gap_join_c26_join_5,94,91,0.2945736434108527,EXACT_OPTIMAL_COLOR_CLASS_ORDER,20,20,train,heuristic_gap_controlled
week17_gap_join_c26_join_5,97,92,0.28682170542635654,EXACT_OPTIMAL_COLOR_CLASS_ORDER,20,20,train,heuristic_gap_controlled
week17_gap_join_c26_join_5,101,93,0.2790697674418605,EXACT_OPTIMAL_COLOR_CLASS_ORDER,20,20,train,heuristic_gap_controlled
week17_gap_join_c26_join_5,80,94,0.2713178294573644,EXACT_OPTIMAL_COLOR_CLASS_ORDER,20,20,train,heuristic_gap_controlled
week17_gap_join_c26_join_5,83,95,0.26356589147286824,EXACT_OPTIMAL_COLOR_CLASS_ORDER,20,20,train,heuristic_gap_controlled
week17_gap_join_c26_join_5,86,96,0.2558139534883721,EXACT_OPTIMAL_COLOR_CLASS_ORDER,20,20,train,heuristic_gap_controlled
week17_gap_join_c26_join_5,89,97,0.24806201550387597,EXACT_OPTIMAL_COLOR_CLASS_ORDER,20,20,train,heuristic_gap_controlled
week17_gap_join_c26_join_5,92,98,0.24031007751937983,EXACT_OPTIMAL_COLOR_CLASS_ORDER,20,20,train,heuristic_gap_controlled
week17_gap_join_c26_join_5,95,99,0.2325581395348837,EXACT_OPTIMAL_COLOR_CLASS_ORDER,20,20,train,heuristic_gap_controlled
week17_gap_join_c26_join_5,98,100,0.22480620155038755,EXACT_OPTIMAL_COLOR_CLASS_ORDER,20,20,train,heuristic_gap_controlled
week17_gap_join_c26_join_5,102,101,0.21705426356589153,EXACT_OPTIMAL_COLOR_CLASS_ORDER,20,20,train,heuristic_gap_controlled
week17_gap_join_c26_join_5,100,102,0.2093023255813954,EXACT_OPTIMAL_COLOR_CLASS_ORDER,20,20,train,heuristic_gap_controlled
week17_gap_join_c26_join_5,103,103,0.20155038759689925,EXACT_OPTIMAL_COLOR_CLASS_ORDER,20,20,train,heuristic_gap_controlled
week17_gap_join_c26_join_5,104,104,0.1937984496124031,EXACT_OPTIMAL_COLOR_CLASS_ORDER,20,20,train,heuristic_gap_controlled
week17_gap_join_c26_join_5,107,105,0.18604651162790697,EXACT_OPTIMAL_COLOR_CLASS_ORDER,20,20,train,heuristic_gap_controlled
week17_gap_join_c26_join_5,110,106,0.17829457364341084,EXACT_OPTIMAL_COLOR_CLASS_ORDER,20,20,train,heuristic_gap_controlled
week17_gap_join_c26_join_5,113,107,0.1705426356589147,EXACT_OPTIMAL_COLOR_CLASS_ORDER,20,20,train,heuristic_gap_controlled
week17_gap_join_c26_join_5,116,108,0.16279069767441856,EXACT_OPTIMAL_COLOR_CLASS_ORDER,20,20,train,heuristic_gap_controlled
week17_gap_join_c26_join_5,119,109,0.15503875968992253,EXACT_OPTIMAL_COLOR_CLASS_ORDER,20,20,train,heuristic_gap_controlled
week17_gap_join_c26_join_5,122,110,0.1472868217054264,EXACT_OPTIMAL_COLOR_CLASS_ORDER,20,20,train,heuristic_gap_controlled
week17_gap_join_c26_join_5,125,111,0.13953488372093026,EXACT_OPTIMAL_COLOR_CLASS_ORDER,20,20,train,heuristic_gap_controlled
week17_gap_join_c26_join_5,105,112,0.13178294573643412,EXACT_OPTIMAL_COLOR_CLASS_ORDER,20,20,train,heuristic_gap_controlled
week17_gap_join_c26_join_5,108,113,0.12403100775193798,EXACT_OPTIMAL_COLOR_CLASS_ORDER,20,20,train,heuristic_gap_controlled
week17_gap_join_c26_join_5,111,114,0.11627906976744184,EXACT_OPTIMAL_COLOR_CLASS_ORDER,20,20,train,heuristic_gap_controlled
week17_gap_join_c26_join_5,114,115,0.10852713178294571,EXACT_OPTIMAL_COLOR_CLASS_ORDER,20,20,train,heuristic_gap_controlled
week17_gap_join_c26_join_5,117,116,0.10077519379844957,EXACT_OPTIMAL_COLOR_CLASS_ORDER,20,20,train,heuristic_gap_controlled
week17_gap_join_c26_join_5,120,117,0.09302325581395354,EXACT_OPTIMAL_COLOR_CLASS_ORDER,20,20,train,heuristic_gap_controlled
week17_gap_join_c26_join_5,123,118,0.0852713178294574,EXACT_OPTIMAL_COLOR_CLASS_ORDER,20,20,train,heuristic_gap_controlled
week17_gap_join_c26_join_5,127,119,0.07751937984496127,EXACT_OPTIMAL_COLOR_CLASS_ORDER,20,20,train,heuristic_gap_controlled
week17_gap_join_c26_join_5,106,120,0.06976744186046513,EXACT_OPTIMAL_COLOR_CLASS_ORDER,20,20,train,heuristic_gap_controlled
week17_gap_join_c26_join_5,109,121,0.06201550387596899,EXACT_OPTIMAL_COLOR_CLASS_ORDER,20,20,train,heuristic_gap_controlled
week17_gap_join_c26_join_5,112,122,0.054263565891472854,EXACT_OPTIMAL_COLOR_CLASS_ORDER,20,20,train,heuristic_gap_controlled
week17_gap_join_c26_join_5,115,123,0.046511627906976716,EXACT_OPTIMAL_COLOR_CLASS_ORDER,20,20,train,heuristic_gap_controlled
week17_gap_join_c26_join_5,118,124,0.03875968992248058,EXACT_OPTIMAL_COLOR_CLASS_ORDER,20,20,train,heuristic_gap_controlled
week17_gap_join_c26_join_5,121,125,0.03100775193798455,EXACT_OPTIMAL_COLOR_CLASS_ORDER,20,20,train,heuristic_gap_controlled
week17_gap_join_c26_join_5,124,126,0.023255813953488413,EXACT_OPTIMAL_COLOR_CLASS_ORDER,20,20,train,heuristic_gap_controlled
week17_gap_join_c26_join_5,128,127,0.015503875968992276,EXACT_OPTIMAL_COLOR_CLASS_ORDER,20,20,train,heuristic_gap_controlled
week17_gap_join_c26_join_5,126,128,0.007751937984496138,EXACT_OPTIMAL_COLOR_CLASS_ORDER,20,20,train,heuristic_gap_controlled
week17_gap_join_c26_join_5,129,129,0.0,EXACT_OPTIMAL_COLOR_CLASS_ORDER,20,20,train,heuristic_gap_controlled
week17_gap_cycle_square_c29,0,0,1.0,EXACT_OPTIMAL_COLOR_CLASS_ORDER,4,4,train,heuristic_gap_controlled
week17_gap_cycle_square_c29,3,1,0.9642857142857143,EXACT_OPTIMAL_COLOR_CLASS_ORDER,4,4,train,heuristic_gap_controlled
week17_gap_cycle_square_c29,6,2,0.9285714285714286,EXACT_OPTIMAL_COLOR_CLASS_ORDER,4,4,train,heuristic_gap_controlled
week17_gap_cycle_square_c29,9,3,0.8928571428571429,EXACT_OPTIMAL_COLOR_CLASS_ORDER,4,4,train,heuristic_gap_controlled
week17_gap_cycle_square_c29,12,4,0.8571428571428572,EXACT_OPTIMAL_COLOR_CLASS_ORDER,4,4,train,heuristic_gap_controlled
week17_gap_cycle_square_c29,15,5,0.8214285714285714,EXACT_OPTIMAL_COLOR_CLASS_ORDER,4,4,train,heuristic_gap_controlled
week17_gap_cycle_square_c29,18,6,0.7857142857142857,EXACT_OPTIMAL_COLOR_CLASS_ORDER,4,4,train,heuristic_gap_controlled
week17_gap_cycle_square_c29,21,7,0.75,EXACT_OPTIMAL_COLOR_CLASS_ORDER,4,4,train,heuristic_gap_controlled
week17_gap_cycle_square_c29,24,8,0.7142857142857143,EXACT_OPTIMAL_COLOR_CLASS_ORDER,4,4,train,heuristic_gap_controlled
week17_gap_cycle_square_c29,1,9,0.6785714285714286,EXACT_OPTIMAL_COLOR_CLASS_ORDER,4,4,train,heuristic_gap_controlled
week17_gap_cycle_square_c29,4,10,0.6428571428571428,EXACT_OPTIMAL_COLOR_CLASS_ORDER,4,4,train,heuristic_gap_controlled
week17_gap_cycle_square_c29,7,11,0.6071428571428572,EXACT_OPTIMAL_COLOR_CLASS_ORDER,4,4,train,heuristic_gap_controlled
week17_gap_cycle_square_c29,10,12,0.5714285714285714,EXACT_OPTIMAL_COLOR_CLASS_ORDER,4,4,train,heuristic_gap_controlled
week17_gap_cycle_square_c29,13,13,0.5357142857142857,EXACT_OPTIMAL_COLOR_CLASS_ORDER,4,4,train,heuristic_gap_controlled
week17_gap_cycle_square_c29,16,14,0.5,EXACT_OPTIMAL_COLOR_CLASS_ORDER,4,4,train,heuristic_gap_controlled
week17_gap_cycle_square_c29,19,15,0.4642857142857143,EXACT_OPTIMAL_COLOR_CLASS_ORDER,4,4,train,heuristic_gap_controlled
week17_gap_cycle_square_c29,22,16,0.4285714285714286,EXACT_OPTIMAL_COLOR_CLASS_ORDER,4,4,train,heuristic_gap_controlled
week17_gap_cycle_square_c29,26,17,0.3928571428571429,EXACT_OPTIMAL_COLOR_CLASS_ORDER,4,4,train,heuristic_gap_controlled
week17_gap_cycle_square_c29,2,18,0.3571428571428571,EXACT_OPTIMAL_COLOR_CLASS_ORDER,4,4,train,heuristic_gap_controlled
week17_gap_cycle_square_c29,5,19,0.3214285714285714,EXACT_OPTIMAL_COLOR_CLASS_ORDER,4,4,train,heuristic_gap_controlled
week17_gap_cycle_square_c29,8,20,0.2857142857142857,EXACT_OPTIMAL_COLOR_CLASS_ORDER,4,4,train,heuristic_gap_controlled
week17_gap_cycle_square_c29,11,21,0.25,EXACT_OPTIMAL_COLOR_CLASS_ORDER,4,4,train,heuristic_gap_controlled
week17_gap_cycle_square_c29,14,22,0.2142857142857143,EXACT_OPTIMAL_COLOR_CLASS_ORDER,4,4,train,heuristic_gap_controlled
week17_gap_cycle_square_c29,17,23,0.1785714285714286,EXACT_OPTIMAL_COLOR_CLASS_ORDER,4,4,train,heuristic_gap_controlled
week17_gap_cycle_square_c29,20,24,0.1428571428571429,EXACT_OPTIMAL_COLOR_CLASS_ORDER,4,4,train,heuristic_gap_controlled
week17_gap_cycle_square_c29,23,25,0.1071428571428571,EXACT_OPTIMAL_COLOR_CLASS_ORDER,4,4,train,heuristic_gap_controlled
week17_gap_cycle_square_c29,27,26,0.0714285714285714,EXACT_OPTIMAL_COLOR_CLASS_ORDER,4,4,train,heuristic_gap_controlled
week17_gap_cycle_square_c29,25,27,0.0357142857142857,EXACT_OPTIMAL_COLOR_CLASS_ORDER,4,4,train,heuristic_gap_controlled
week17_gap_cycle_square_c29,28,28,0.0,EXACT_OPTIMAL_COLOR_CLASS_ORDER,4,4,train,heuristic_gap_controlled
week17_gap_join_c29_join_2,0,0,1.0,EXACT_OPTIMAL_COLOR_CLASS_ORDER,8,8,train,heuristic_gap_controlled
week17_gap_join_c29_join_2,3,1,0.9824561403508771,EXACT_OPTIMAL_COLOR_CLASS_ORDER,8,8,train,heuristic_gap_controlled
week17_gap_join_c29_join_2,6,2,0.9649122807017544,EXACT_OPTIMAL_COLOR_CLASS_ORDER,8,8,train,heuristic_gap_controlled
week17_gap_join_c29_join_2,9,3,0.9473684210526316,EXACT_OPTIMAL_COLOR_CLASS_ORDER,8,8,train,heuristic_gap_controlled
week17_gap_join_c29_join_2,12,4,0.9298245614035088,EXACT_OPTIMAL_COLOR_CLASS_ORDER,8,8,train,heuristic_gap_controlled
week17_gap_join_c29_join_2,15,5,0.9122807017543859,EXACT_OPTIMAL_COLOR_CLASS_ORDER,8,8,train,heuristic_gap_controlled
week17_gap_join_c29_join_2,18,6,0.8947368421052632,EXACT_OPTIMAL_COLOR_CLASS_ORDER,8,8,train,heuristic_gap_controlled
week17_gap_join_c29_join_2,21,7,0.8771929824561404,EXACT_OPTIMAL_COLOR_CLASS_ORDER,8,8,train,heuristic_gap_controlled
week17_gap_join_c29_join_2,24,8,0.8596491228070176,EXACT_OPTIMAL_COLOR_CLASS_ORDER,8,8,train,heuristic_gap_controlled
week17_gap_join_c29_join_2,1,9,0.8421052631578947,EXACT_OPTIMAL_COLOR_CLASS_ORDER,8,8,train,heuristic_gap_controlled
week17_gap_join_c29_join_2,4,10,0.8245614035087719,EXACT_OPTIMAL_COLOR_CLASS_ORDER,8,8,train,heuristic_gap_controlled
week17_gap_join_c29_join_2,7,11,0.8070175438596492,EXACT_OPTIMAL_COLOR_CLASS_ORDER,8,8,train,heuristic_gap_controlled
week17_gap_join_c29_join_2,10,12,0.7894736842105263,EXACT_OPTIMAL_COLOR_CLASS_ORDER,8,8,train,heuristic_gap_controlled
week17_gap_join_c29_join_2,13,13,0.7719298245614035,EXACT_OPTIMAL_COLOR_CLASS_ORDER,8,8,train,heuristic_gap_controlled
week17_gap_join_c29_join_2,16,14,0.7543859649122807,EXACT_OPTIMAL_COLOR_CLASS_ORDER,8,8,train,heuristic_gap_controlled
week17_gap_join_c29_join_2,19,15,0.736842105263158,EXACT_OPTIMAL_COLOR_CLASS_ORDER,8,8,train,heuristic_gap_controlled
week17_gap_join_c29_join_2,22,16,0.7192982456140351,EXACT_OPTIMAL_COLOR_CLASS_ORDER,8,8,train,heuristic_gap_controlled
week17_gap_join_c29_join_2,26,17,0.7017543859649122,EXACT_OPTIMAL_COLOR_CLASS_ORDER,8,8,train,heuristic_gap_controlled
week17_gap_join_c29_join_2,2,18,0.6842105263157895,EXACT_OPTIMAL_COLOR_CLASS_ORDER,8,8,train,heuristic_gap_controlled
week17_gap_join_c29_join_2,5,19,0.6666666666666667,EXACT_OPTIMAL_COLOR_CLASS_ORDER,8,8,train,heuristic_gap_controlled
week17_gap_join_c29_join_2,8,20,0.6491228070175439,EXACT_OPTIMAL_COLOR_CLASS_ORDER,8,8,train,heuristic_gap_controlled
week17_gap_join_c29_join_2,11,21,0.631578947368421,EXACT_OPTIMAL_COLOR_CLASS_ORDER,8,8,train,heuristic_gap_controlled
week17_gap_join_c29_join_2,14,22,0.6140350877192983,EXACT_OPTIMAL_COLOR_CLASS_ORDER,8,8,train,heuristic_gap_controlled
week17_gap_join_c29_join_2,17,23,0.5964912280701755,EXACT_OPTIMAL_COLOR_CLASS_ORDER,8,8,train,heuristic_gap_controlled
week17_gap_join_c29_join_2,20,24,0.5789473684210527,EXACT_OPTIMAL_COLOR_CLASS_ORDER,8,8,train,heuristic_gap_controlled
week17_gap_join_c29_join_2,23,25,0.5614035087719298,EXACT_OPTIMAL_COLOR_CLASS_ORDER,8,8,train,heuristic_gap_controlled
week17_gap_join_c29_join_2,27,26,0.543859649122807,EXACT_OPTIMAL_COLOR_CLASS_ORDER,8,8,train,heuristic_gap_controlled
week17_gap_join_c29_join_2,25,27,0.5263157894736843,EXACT_OPTIMAL_COLOR_CLASS_ORDER,8,8,train,heuristic_gap_controlled
week17_gap_join_c29_join_2,28,28,0.5087719298245614,EXACT_OPTIMAL_COLOR_CLASS_ORDER,8,8,train,heuristic_gap_controlled
week17_gap_join_c29_join_2,29,29,0.49122807017543857,EXACT_OPTIMAL_COLOR_CLASS_ORDER,8,8,train,heuristic_gap_controlled
week17_gap_join_c29_join_2,32,30,0.4736842105263158,EXACT_OPTIMAL_COLOR_CLASS_ORDER,8,8,train,heuristic_gap_controlled
week17_gap_join_c29_join_2,35,31,0.45614035087719296,EXACT_OPTIMAL_COLOR_CLASS_ORDER,8,8,train,heuristic_gap_controlled
week17_gap_join_c29_join_2,38,32,0.4385964912280702,EXACT_OPTIMAL_COLOR_CLASS_ORDER,8,8,train,heuristic_gap_controlled
week17_gap_join_c29_join_2,41,33,0.42105263157894735,EXACT_OPTIMAL_COLOR_CLASS_ORDER,8,8,train,heuristic_gap_controlled
week17_gap_join_c29_join_2,44,34,0.4035087719298246,EXACT_OPTIMAL_COLOR_CLASS_ORDER,8,8,train,heuristic_gap_controlled
week17_gap_join_c29_join_2,47,35,0.38596491228070173,EXACT_OPTIMAL_COLOR_CLASS_ORDER,8,8,train,heuristic_gap_controlled
week17_gap_join_c29_join_2,50,36,0.368421052631579,EXACT_OPTIMAL_COLOR_CLASS_ORDER,8,8,train,heuristic_gap_controlled
week17_gap_join_c29_join_2,53,37,0.3508771929824561,EXACT_OPTIMAL_COLOR_CLASS_ORDER,8,8,train,heuristic_gap_controlled
week17_gap_join_c29_join_2,30,38,0.33333333333333337,EXACT_OPTIMAL_COLOR_CLASS_ORDER,8,8,train,heuristic_gap_controlled
week17_gap_join_c29_join_2,33,39,0.3157894736842105,EXACT_OPTIMAL_COLOR_CLASS_ORDER,8,8,train,heuristic_gap_controlled
week17_gap_join_c29_join_2,36,40,0.29824561403508776,EXACT_OPTIMAL_COLOR_CLASS_ORDER,8,8,train,heuristic_gap_controlled
week17_gap_join_c29_join_2,39,41,0.2807017543859649,EXACT_OPTIMAL_COLOR_CLASS_ORDER,8,8,train,heuristic_gap_controlled
week17_gap_join_c29_join_2,42,42,0.26315789473684215,EXACT_OPTIMAL_COLOR_CLASS_ORDER,8,8,train,heuristic_gap_controlled
week17_gap_join_c29_join_2,45,43,0.24561403508771928,EXACT_OPTIMAL_COLOR_CLASS_ORDER,8,8,train,heuristic_gap_controlled
week17_gap_join_c29_join_2,48,44,0.22807017543859653,EXACT_OPTIMAL_COLOR_CLASS_ORDER,8,8,train,heuristic_gap_controlled
week17_gap_join_c29_join_2,51,45,0.21052631578947367,EXACT_OPTIMAL_COLOR_CLASS_ORDER,8,8,train,heuristic_gap_controlled
week17_gap_join_c29_join_2,55,46,0.19298245614035092,EXACT_OPTIMAL_COLOR_CLASS_ORDER,8,8,train,heuristic_gap_controlled
week17_gap_join_c29_join_2,31,47,0.17543859649122806,EXACT_OPTIMAL_COLOR_CLASS_ORDER,8,8,train,heuristic_gap_controlled
week17_gap_join_c29_join_2,34,48,0.1578947368421053,EXACT_OPTIMAL_COLOR_CLASS_ORDER,8,8,train,heuristic_gap_controlled
week17_gap_join_c29_join_2,37,49,0.14035087719298245,EXACT_OPTIMAL_COLOR_CLASS_ORDER,8,8,train,heuristic_gap_controlled
week17_gap_join_c29_join_2,40,50,0.1228070175438597,EXACT_OPTIMAL_COLOR_CLASS_ORDER,8,8,train,heuristic_gap_controlled
week17_gap_join_c29_join_2,43,51,0.10526315789473684,EXACT_OPTIMAL_COLOR_CLASS_ORDER,8,8,train,heuristic_gap_controlled
week17_gap_join_c29_join_2,46,52,0.08771929824561409,EXACT_OPTIMAL_COLOR_CLASS_ORDER,8,8,train,heuristic_gap_controlled
week17_gap_join_c29_join_2,49,53,0.07017543859649122,EXACT_OPTIMAL_COLOR_CLASS_ORDER,8,8,train,heuristic_gap_controlled
week17_gap_join_c29_join_2,52,54,0.052631578947368474,EXACT_OPTIMAL_COLOR_CLASS_ORDER,8,8,train,heuristic_gap_controlled
week17_gap_join_c29_join_2,56,55,0.03508771929824561,EXACT_OPTIMAL_COLOR_CLASS_ORDER,8,8,train,heuristic_gap_controlled
week17_gap_join_c29_join_2,54,56,0.01754385964912286,EXACT_OPTIMAL_COLOR_CLASS_ORDER,8,8,train,heuristic_gap_controlled
week17_gap_join_c29_join_2,57,57,0.0,EXACT_OPTIMAL_COLOR_CLASS_ORDER,8,8,train,heuristic_gap_controlled
week17_gap_join_c29_join_3,0,0,1.0,EXACT_OPTIMAL_COLOR_CLASS_ORDER,12,12,train,heuristic_gap_controlled
week17_gap_join_c29_join_3,3,1,0.9883720930232558,EXACT_OPTIMAL_COLOR_CLASS_ORDER,12,12,train,heuristic_gap_controlled
week17_gap_join_c29_join_3,6,2,0.9767441860465116,EXACT_OPTIMAL_COLOR_CLASS_ORDER,12,12,train,heuristic_gap_controlled
week17_gap_join_c29_join_3,9,3,0.9651162790697675,EXACT_OPTIMAL_COLOR_CLASS_ORDER,12,12,train,heuristic_gap_controlled
week17_gap_join_c29_join_3,12,4,0.9534883720930233,EXACT_OPTIMAL_COLOR_CLASS_ORDER,12,12,train,heuristic_gap_controlled
week17_gap_join_c29_join_3,15,5,0.9418604651162791,EXACT_OPTIMAL_COLOR_CLASS_ORDER,12,12,train,heuristic_gap_controlled
week17_gap_join_c29_join_3,18,6,0.9302325581395349,EXACT_OPTIMAL_COLOR_CLASS_ORDER,12,12,train,heuristic_gap_controlled
week17_gap_join_c29_join_3,21,7,0.9186046511627907,EXACT_OPTIMAL_COLOR_CLASS_ORDER,12,12,train,heuristic_gap_controlled
week17_gap_join_c29_join_3,24,8,0.9069767441860466,EXACT_OPTIMAL_COLOR_CLASS_ORDER,12,12,train,heuristic_gap_controlled
week17_gap_join_c29_join_3,1,9,0.8953488372093024,EXACT_OPTIMAL_COLOR_CLASS_ORDER,12,12,train,heuristic_gap_controlled
week17_gap_join_c29_join_3,4,10,0.8837209302325582,EXACT_OPTIMAL_COLOR_CLASS_ORDER,12,12,train,heuristic_gap_controlled
week17_gap_join_c29_join_3,7,11,0.872093023255814,EXACT_OPTIMAL_COLOR_CLASS_ORDER,12,12,train,heuristic_gap_controlled
week17_gap_join_c29_join_3,10,12,0.8604651162790697,EXACT_OPTIMAL_COLOR_CLASS_ORDER,12,12,train,heuristic_gap_controlled
week17_gap_join_c29_join_3,13,13,0.8488372093023255,EXACT_OPTIMAL_COLOR_CLASS_ORDER,12,12,train,heuristic_gap_controlled
week17_gap_join_c29_join_3,16,14,0.8372093023255813,EXACT_OPTIMAL_COLOR_CLASS_ORDER,12,12,train,heuristic_gap_controlled
week17_gap_join_c29_join_3,19,15,0.8255813953488372,EXACT_OPTIMAL_COLOR_CLASS_ORDER,12,12,train,heuristic_gap_controlled
week17_gap_join_c29_join_3,22,16,0.813953488372093,EXACT_OPTIMAL_COLOR_CLASS_ORDER,12,12,train,heuristic_gap_controlled
week17_gap_join_c29_join_3,26,17,0.8023255813953488,EXACT_OPTIMAL_COLOR_CLASS_ORDER,12,12,train,heuristic_gap_controlled
week17_gap_join_c29_join_3,2,18,0.7906976744186046,EXACT_OPTIMAL_COLOR_CLASS_ORDER,12,12,train,heuristic_gap_controlled
week17_gap_join_c29_join_3,5,19,0.7790697674418605,EXACT_OPTIMAL_COLOR_CLASS_ORDER,12,12,train,heuristic_gap_controlled
week17_gap_join_c29_join_3,8,20,0.7674418604651163,EXACT_OPTIMAL_COLOR_CLASS_ORDER,12,12,train,heuristic_gap_controlled
week17_gap_join_c29_join_3,11,21,0.7558139534883721,EXACT_OPTIMAL_COLOR_CLASS_ORDER,12,12,train,heuristic_gap_controlled
week17_gap_join_c29_join_3,14,22,0.7441860465116279,EXACT_OPTIMAL_COLOR_CLASS_ORDER,12,12,train,heuristic_gap_controlled
week17_gap_join_c29_join_3,17,23,0.7325581395348837,EXACT_OPTIMAL_COLOR_CLASS_ORDER,12,12,train,heuristic_gap_controlled
week17_gap_join_c29_join_3,20,24,0.7209302325581395,EXACT_OPTIMAL_COLOR_CLASS_ORDER,12,12,train,heuristic_gap_controlled
week17_gap_join_c29_join_3,23,25,0.7093023255813953,EXACT_OPTIMAL_COLOR_CLASS_ORDER,12,12,train,heuristic_gap_controlled
week17_gap_join_c29_join_3,27,26,0.6976744186046512,EXACT_OPTIMAL_COLOR_CLASS_ORDER,12,12,train,heuristic_gap_controlled
week17_gap_join_c29_join_3,25,27,0.686046511627907,EXACT_OPTIMAL_COLOR_CLASS_ORDER,12,12,train,heuristic_gap_controlled
week17_gap_join_c29_join_3,28,28,0.6744186046511628,EXACT_OPTIMAL_COLOR_CLASS_ORDER,12,12,train,heuristic_gap_controlled
week17_gap_join_c29_join_3,29,29,0.6627906976744187,EXACT_OPTIMAL_COLOR_CLASS_ORDER,12,12,train,heuristic_gap_controlled
week17_gap_join_c29_join_3,32,30,0.6511627906976745,EXACT_OPTIMAL_COLOR_CLASS_ORDER,12,12,train,heuristic_gap_controlled
week17_gap_join_c29_join_3,35,31,0.6395348837209303,EXACT_OPTIMAL_COLOR_CLASS_ORDER,12,12,train,heuristic_gap_controlled
week17_gap_join_c29_join_3,38,32,0.627906976744186,EXACT_OPTIMAL_COLOR_CLASS_ORDER,12,12,train,heuristic_gap_controlled
week17_gap_join_c29_join_3,41,33,0.6162790697674418,EXACT_OPTIMAL_COLOR_CLASS_ORDER,12,12,train,heuristic_gap_controlled
week17_gap_join_c29_join_3,44,34,0.6046511627906976,EXACT_OPTIMAL_COLOR_CLASS_ORDER,12,12,train,heuristic_gap_controlled
week17_gap_join_c29_join_3,47,35,0.5930232558139534,EXACT_OPTIMAL_COLOR_CLASS_ORDER,12,12,train,heuristic_gap_controlled
week17_gap_join_c29_join_3,50,36,0.5813953488372092,EXACT_OPTIMAL_COLOR_CLASS_ORDER,12,12,train,heuristic_gap_controlled
week17_gap_join_c29_join_3,53,37,0.5697674418604651,EXACT_OPTIMAL_COLOR_CLASS_ORDER,12,12,train,heuristic_gap_controlled
week17_gap_join_c29_join_3,30,38,0.5581395348837209,EXACT_OPTIMAL_COLOR_CLASS_ORDER,12,12,train,heuristic_gap_controlled
week17_gap_join_c29_join_3,33,39,0.5465116279069768,EXACT_OPTIMAL_COLOR_CLASS_ORDER,12,12,train,heuristic_gap_controlled
week17_gap_join_c29_join_3,36,40,0.5348837209302326,EXACT_OPTIMAL_COLOR_CLASS_ORDER,12,12,train,heuristic_gap_controlled
week17_gap_join_c29_join_3,39,41,0.5232558139534884,EXACT_OPTIMAL_COLOR_CLASS_ORDER,12,12,train,heuristic_gap_controlled
week17_gap_join_c29_join_3,42,42,0.5116279069767442,EXACT_OPTIMAL_COLOR_CLASS_ORDER,12,12,train,heuristic_gap_controlled
week17_gap_join_c29_join_3,45,43,0.5,EXACT_OPTIMAL_COLOR_CLASS_ORDER,12,12,train,heuristic_gap_controlled
week17_gap_join_c29_join_3,48,44,0.4883720930232558,EXACT_OPTIMAL_COLOR_CLASS_ORDER,12,12,train,heuristic_gap_controlled
week17_gap_join_c29_join_3,51,45,0.4767441860465116,EXACT_OPTIMAL_COLOR_CLASS_ORDER,12,12,train,heuristic_gap_controlled
week17_gap_join_c29_join_3,55,46,0.4651162790697675,EXACT_OPTIMAL_COLOR_CLASS_ORDER,12,12,train,heuristic_gap_controlled
week17_gap_join_c29_join_3,31,47,0.4534883720930233,EXACT_OPTIMAL_COLOR_CLASS_ORDER,12,12,train,heuristic_gap_controlled
week17_gap_join_c29_join_3,34,48,0.4418604651162791,EXACT_OPTIMAL_COLOR_CLASS_ORDER,12,12,train,heuristic_gap_controlled
week17_gap_join_c29_join_3,37,49,0.43023255813953487,EXACT_OPTIMAL_COLOR_CLASS_ORDER,12,12,train,heuristic_gap_controlled
week17_gap_join_c29_join_3,40,50,0.41860465116279066,EXACT_OPTIMAL_COLOR_CLASS_ORDER,12,12,train,heuristic_gap_controlled
week17_gap_join_c29_join_3,43,51,0.40697674418604646,EXACT_OPTIMAL_COLOR_CLASS_ORDER,12,12,train,heuristic_gap_controlled
week17_gap_join_c29_join_3,46,52,0.39534883720930236,EXACT_OPTIMAL_COLOR_CLASS_ORDER,12,12,train,heuristic_gap_controlled
week17_gap_join_c29_join_3,49,53,0.38372093023255816,EXACT_OPTIMAL_COLOR_CLASS_ORDER,12,12,train,heuristic_gap_controlled
week17_gap_join_c29_join_3,52,54,0.37209302325581395,EXACT_OPTIMAL_COLOR_CLASS_ORDER,12,12,train,heuristic_gap_controlled
week17_gap_join_c29_join_3,56,55,0.36046511627906974,EXACT_OPTIMAL_COLOR_CLASS_ORDER,12,12,train,heuristic_gap_controlled
week17_gap_join_c29_join_3,54,56,0.34883720930232553,EXACT_OPTIMAL_COLOR_CLASS_ORDER,12,12,train,heuristic_gap_controlled
week17_gap_join_c29_join_3,57,57,0.33720930232558144,EXACT_OPTIMAL_COLOR_CLASS_ORDER,12,12,train,heuristic_gap_controlled
week17_gap_join_c29_join_3,58,58,0.32558139534883723,EXACT_OPTIMAL_COLOR_CLASS_ORDER,12,12,train,heuristic_gap_controlled
week17_gap_join_c29_join_3,61,59,0.313953488372093,EXACT_OPTIMAL_COLOR_CLASS_ORDER,12,12,train,heuristic_gap_controlled
week17_gap_join_c29_join_3,64,60,0.3023255813953488,EXACT_OPTIMAL_COLOR_CLASS_ORDER,12,12,train,heuristic_gap_controlled
week17_gap_join_c29_join_3,67,61,0.2906976744186046,EXACT_OPTIMAL_COLOR_CLASS_ORDER,12,12,train,heuristic_gap_controlled
week17_gap_join_c29_join_3,70,62,0.2790697674418605,EXACT_OPTIMAL_COLOR_CLASS_ORDER,12,12,train,heuristic_gap_controlled
week17_gap_join_c29_join_3,73,63,0.2674418604651163,EXACT_OPTIMAL_COLOR_CLASS_ORDER,12,12,train,heuristic_gap_controlled
week17_gap_join_c29_join_3,76,64,0.2558139534883721,EXACT_OPTIMAL_COLOR_CLASS_ORDER,12,12,train,heuristic_gap_controlled
week17_gap_join_c29_join_3,79,65,0.2441860465116279,EXACT_OPTIMAL_COLOR_CLASS_ORDER,12,12,train,heuristic_gap_controlled
week17_gap_join_c29_join_3,82,66,0.2325581395348837,EXACT_OPTIMAL_COLOR_CLASS_ORDER,12,12,train,heuristic_gap_controlled
week17_gap_join_c29_join_3,59,67,0.22093023255813948,EXACT_OPTIMAL_COLOR_CLASS_ORDER,12,12,train,heuristic_gap_controlled
week17_gap_join_c29_join_3,62,68,0.2093023255813954,EXACT_OPTIMAL_COLOR_CLASS_ORDER,12,12,train,heuristic_gap_controlled
week17_gap_join_c29_join_3,65,69,0.19767441860465118,EXACT_OPTIMAL_COLOR_CLASS_ORDER,12,12,train,heuristic_gap_controlled
week17_gap_join_c29_join_3,68,70,0.18604651162790697,EXACT_OPTIMAL_COLOR_CLASS_ORDER,12,12,train,heuristic_gap_controlled
week17_gap_join_c29_join_3,71,71,0.17441860465116277,EXACT_OPTIMAL_COLOR_CLASS_ORDER,12,12,train,heuristic_gap_controlled
week17_gap_join_c29_join_3,74,72,0.16279069767441856,EXACT_OPTIMAL_COLOR_CLASS_ORDER,12,12,train,heuristic_gap_controlled
week17_gap_join_c29_join_3,77,73,0.15116279069767447,EXACT_OPTIMAL_COLOR_CLASS_ORDER,12,12,train,heuristic_gap_controlled
week17_gap_join_c29_join_3,80,74,0.13953488372093026,EXACT_OPTIMAL_COLOR_CLASS_ORDER,12,12,train,heuristic_gap_controlled
week17_gap_join_c29_join_3,84,75,0.12790697674418605,EXACT_OPTIMAL_COLOR_CLASS_ORDER,12,12,train,heuristic_gap_controlled
week17_gap_join_c29_join_3,60,76,0.11627906976744184,EXACT_OPTIMAL_COLOR_CLASS_ORDER,12,12,train,heuristic_gap_controlled
week17_gap_join_c29_join_3,63,77,0.10465116279069764,EXACT_OPTIMAL_COLOR_CLASS_ORDER,12,12,train,heuristic_gap_controlled
week17_gap_join_c29_join_3,66,78,0.09302325581395354,EXACT_OPTIMAL_COLOR_CLASS_ORDER,12,12,train,heuristic_gap_controlled
week17_gap_join_c29_join_3,69,79,0.08139534883720934,EXACT_OPTIMAL_COLOR_CLASS_ORDER,12,12,train,heuristic_gap_controlled
week17_gap_join_c29_join_3,72,80,0.06976744186046513,EXACT_OPTIMAL_COLOR_CLASS_ORDER,12,12,train,heuristic_gap_controlled
week17_gap_join_c29_join_3,75,81,0.05813953488372092,EXACT_OPTIMAL_COLOR_CLASS_ORDER,12,12,train,heuristic_gap_controlled
week17_gap_join_c29_join_3,78,82,0.046511627906976716,EXACT_OPTIMAL_COLOR_CLASS_ORDER,12,12,train,heuristic_gap_controlled
week17_gap_join_c29_join_3,81,83,0.03488372093023251,EXACT_OPTIMAL_COLOR_CLASS_ORDER,12,12,train,heuristic_gap_controlled
week17_gap_join_c29_join_3,85,84,0.023255813953488413,EXACT_OPTIMAL_COLOR_CLASS_ORDER,12,12,train,heuristic_gap_controlled
week17_gap_join_c29_join_3,83,85,0.011627906976744207,EXACT_OPTIMAL_COLOR_CLASS_ORDER,12,12,train,heuristic_gap_controlled
week17_gap_join_c29_join_3,86,86,0.0,EXACT_OPTIMAL_COLOR_CLASS_ORDER,12,12,train,heuristic_gap_controlled
week17_gap_join_c29_join_4,0,0,1.0,EXACT_OPTIMAL_COLOR_CLASS_ORDER,16,16,train,heuristic_gap_controlled
week17_gap_join_c29_join_4,3,1,0.991304347826087,EXACT_OPTIMAL_COLOR_CLASS_ORDER,16,16,train,heuristic_gap_controlled
week17_gap_join_c29_join_4,6,2,0.9826086956521739,EXACT_OPTIMAL_COLOR_CLASS_ORDER,16,16,train,heuristic_gap_controlled
week17_gap_join_c29_join_4,9,3,0.9739130434782609,EXACT_OPTIMAL_COLOR_CLASS_ORDER,16,16,train,heuristic_gap_controlled
week17_gap_join_c29_join_4,12,4,0.9652173913043478,EXACT_OPTIMAL_COLOR_CLASS_ORDER,16,16,train,heuristic_gap_controlled
week17_gap_join_c29_join_4,15,5,0.9565217391304348,EXACT_OPTIMAL_COLOR_CLASS_ORDER,16,16,train,heuristic_gap_controlled
week17_gap_join_c29_join_4,18,6,0.9478260869565217,EXACT_OPTIMAL_COLOR_CLASS_ORDER,16,16,train,heuristic_gap_controlled
week17_gap_join_c29_join_4,21,7,0.9391304347826087,EXACT_OPTIMAL_COLOR_CLASS_ORDER,16,16,train,heuristic_gap_controlled
week17_gap_join_c29_join_4,24,8,0.9304347826086956,EXACT_OPTIMAL_COLOR_CLASS_ORDER,16,16,train,heuristic_gap_controlled
week17_gap_join_c29_join_4,1,9,0.9217391304347826,EXACT_OPTIMAL_COLOR_CLASS_ORDER,16,16,train,heuristic_gap_controlled
week17_gap_join_c29_join_4,4,10,0.9130434782608696,EXACT_OPTIMAL_COLOR_CLASS_ORDER,16,16,train,heuristic_gap_controlled
week17_gap_join_c29_join_4,7,11,0.9043478260869565,EXACT_OPTIMAL_COLOR_CLASS_ORDER,16,16,train,heuristic_gap_controlled
week17_gap_join_c29_join_4,10,12,0.8956521739130435,EXACT_OPTIMAL_COLOR_CLASS_ORDER,16,16,train,heuristic_gap_controlled
week17_gap_join_c29_join_4,13,13,0.8869565217391304,EXACT_OPTIMAL_COLOR_CLASS_ORDER,16,16,train,heuristic_gap_controlled
week17_gap_join_c29_join_4,16,14,0.8782608695652174,EXACT_OPTIMAL_COLOR_CLASS_ORDER,16,16,train,heuristic_gap_controlled
week17_gap_join_c29_join_4,19,15,0.8695652173913043,EXACT_OPTIMAL_COLOR_CLASS_ORDER,16,16,train,heuristic_gap_controlled
week17_gap_join_c29_join_4,22,16,0.8608695652173913,EXACT_OPTIMAL_COLOR_CLASS_ORDER,16,16,train,heuristic_gap_controlled
week17_gap_join_c29_join_4,26,17,0.8521739130434782,EXACT_OPTIMAL_COLOR_CLASS_ORDER,16,16,train,heuristic_gap_controlled
week17_gap_join_c29_join_4,2,18,0.8434782608695652,EXACT_OPTIMAL_COLOR_CLASS_ORDER,16,16,train,heuristic_gap_controlled
week17_gap_join_c29_join_4,5,19,0.8347826086956522,EXACT_OPTIMAL_COLOR_CLASS_ORDER,16,16,train,heuristic_gap_controlled
week17_gap_join_c29_join_4,8,20,0.8260869565217391,EXACT_OPTIMAL_COLOR_CLASS_ORDER,16,16,train,heuristic_gap_controlled
week17_gap_join_c29_join_4,11,21,0.817391304347826,EXACT_OPTIMAL_COLOR_CLASS_ORDER,16,16,train,heuristic_gap_controlled
week17_gap_join_c29_join_4,14,22,0.808695652173913,EXACT_OPTIMAL_COLOR_CLASS_ORDER,16,16,train,heuristic_gap_controlled
week17_gap_join_c29_join_4,17,23,0.8,EXACT_OPTIMAL_COLOR_CLASS_ORDER,16,16,train,heuristic_gap_controlled
week17_gap_join_c29_join_4,20,24,0.7913043478260869,EXACT_OPTIMAL_COLOR_CLASS_ORDER,16,16,train,heuristic_gap_controlled
week17_gap_join_c29_join_4,23,25,0.782608695652174,EXACT_OPTIMAL_COLOR_CLASS_ORDER,16,16,train,heuristic_gap_controlled
week17_gap_join_c29_join_4,27,26,0.7739130434782608,EXACT_OPTIMAL_COLOR_CLASS_ORDER,16,16,train,heuristic_gap_controlled
week17_gap_join_c29_join_4,25,27,0.7652173913043478,EXACT_OPTIMAL_COLOR_CLASS_ORDER,16,16,train,heuristic_gap_controlled
week17_gap_join_c29_join_4,28,28,0.7565217391304347,EXACT_OPTIMAL_COLOR_CLASS_ORDER,16,16,train,heuristic_gap_controlled
week17_gap_join_c29_join_4,29,29,0.7478260869565218,EXACT_OPTIMAL_COLOR_CLASS_ORDER,16,16,train,heuristic_gap_controlled
week17_gap_join_c29_join_4,32,30,0.7391304347826086,EXACT_OPTIMAL_COLOR_CLASS_ORDER,16,16,train,heuristic_gap_controlled
week17_gap_join_c29_join_4,35,31,0.7304347826086957,EXACT_OPTIMAL_COLOR_CLASS_ORDER,16,16,train,heuristic_gap_controlled
week17_gap_join_c29_join_4,38,32,0.7217391304347827,EXACT_OPTIMAL_COLOR_CLASS_ORDER,16,16,train,heuristic_gap_controlled
week17_gap_join_c29_join_4,41,33,0.7130434782608696,EXACT_OPTIMAL_COLOR_CLASS_ORDER,16,16,train,heuristic_gap_controlled
week17_gap_join_c29_join_4,44,34,0.7043478260869565,EXACT_OPTIMAL_COLOR_CLASS_ORDER,16,16,train,heuristic_gap_controlled
week17_gap_join_c29_join_4,47,35,0.6956521739130435,EXACT_OPTIMAL_COLOR_CLASS_ORDER,16,16,train,heuristic_gap_controlled
week17_gap_join_c29_join_4,50,36,0.6869565217391305,EXACT_OPTIMAL_COLOR_CLASS_ORDER,16,16,train,heuristic_gap_controlled
week17_gap_join_c29_join_4,53,37,0.6782608695652175,EXACT_OPTIMAL_COLOR_CLASS_ORDER,16,16,train,heuristic_gap_controlled
week17_gap_join_c29_join_4,30,38,0.6695652173913044,EXACT_OPTIMAL_COLOR_CLASS_ORDER,16,16,train,heuristic_gap_controlled
week17_gap_join_c29_join_4,33,39,0.6608695652173913,EXACT_OPTIMAL_COLOR_CLASS_ORDER,16,16,train,heuristic_gap_controlled
week17_gap_join_c29_join_4,36,40,0.6521739130434783,EXACT_OPTIMAL_COLOR_CLASS_ORDER,16,16,train,heuristic_gap_controlled
week17_gap_join_c29_join_4,39,41,0.6434782608695653,EXACT_OPTIMAL_COLOR_CLASS_ORDER,16,16,train,heuristic_gap_controlled
week17_gap_join_c29_join_4,42,42,0.6347826086956522,EXACT_OPTIMAL_COLOR_CLASS_ORDER,16,16,train,heuristic_gap_controlled
week17_gap_join_c29_join_4,45,43,0.6260869565217391,EXACT_OPTIMAL_COLOR_CLASS_ORDER,16,16,train,heuristic_gap_controlled
week17_gap_join_c29_join_4,48,44,0.6173913043478261,EXACT_OPTIMAL_COLOR_CLASS_ORDER,16,16,train,heuristic_gap_controlled
week17_gap_join_c29_join_4,51,45,0.6086956521739131,EXACT_OPTIMAL_COLOR_CLASS_ORDER,16,16,train,heuristic_gap_controlled
week17_gap_join_c29_join_4,55,46,0.6,EXACT_OPTIMAL_COLOR_CLASS_ORDER,16,16,train,heuristic_gap_controlled
week17_gap_join_c29_join_4,31,47,0.5913043478260869,EXACT_OPTIMAL_COLOR_CLASS_ORDER,16,16,train,heuristic_gap_controlled
week17_gap_join_c29_join_4,34,48,0.5826086956521739,EXACT_OPTIMAL_COLOR_CLASS_ORDER,16,16,train,heuristic_gap_controlled
week17_gap_join_c29_join_4,37,49,0.5739130434782609,EXACT_OPTIMAL_COLOR_CLASS_ORDER,16,16,train,heuristic_gap_controlled
week17_gap_join_c29_join_4,40,50,0.5652173913043479,EXACT_OPTIMAL_COLOR_CLASS_ORDER,16,16,train,heuristic_gap_controlled
week17_gap_join_c29_join_4,43,51,0.5565217391304348,EXACT_OPTIMAL_COLOR_CLASS_ORDER,16,16,train,heuristic_gap_controlled
week17_gap_join_c29_join_4,46,52,0.5478260869565217,EXACT_OPTIMAL_COLOR_CLASS_ORDER,16,16,train,heuristic_gap_controlled
week17_gap_join_c29_join_4,49,53,0.5391304347826087,EXACT_OPTIMAL_COLOR_CLASS_ORDER,16,16,train,heuristic_gap_controlled
week17_gap_join_c29_join_4,52,54,0.5304347826086957,EXACT_OPTIMAL_COLOR_CLASS_ORDER,16,16,train,heuristic_gap_controlled
week17_gap_join_c29_join_4,56,55,0.5217391304347826,EXACT_OPTIMAL_COLOR_CLASS_ORDER,16,16,train,heuristic_gap_controlled
week17_gap_join_c29_join_4,54,56,0.5130434782608695,EXACT_OPTIMAL_COLOR_CLASS_ORDER,16,16,train,heuristic_gap_controlled
week17_gap_join_c29_join_4,57,57,0.5043478260869565,EXACT_OPTIMAL_COLOR_CLASS_ORDER,16,16,train,heuristic_gap_controlled
week17_gap_join_c29_join_4,58,58,0.4956521739130435,EXACT_OPTIMAL_COLOR_CLASS_ORDER,16,16,train,heuristic_gap_controlled
week17_gap_join_c29_join_4,61,59,0.4869565217391304,EXACT_OPTIMAL_COLOR_CLASS_ORDER,16,16,train,heuristic_gap_controlled
week17_gap_join_c29_join_4,64,60,0.4782608695652174,EXACT_OPTIMAL_COLOR_CLASS_ORDER,16,16,train,heuristic_gap_controlled
week17_gap_join_c29_join_4,67,61,0.4695652173913043,EXACT_OPTIMAL_COLOR_CLASS_ORDER,16,16,train,heuristic_gap_controlled
week17_gap_join_c29_join_4,70,62,0.4608695652173913,EXACT_OPTIMAL_COLOR_CLASS_ORDER,16,16,train,heuristic_gap_controlled
week17_gap_join_c29_join_4,73,63,0.4521739130434783,EXACT_OPTIMAL_COLOR_CLASS_ORDER,16,16,train,heuristic_gap_controlled
week17_gap_join_c29_join_4,76,64,0.4434782608695652,EXACT_OPTIMAL_COLOR_CLASS_ORDER,16,16,train,heuristic_gap_controlled
week17_gap_join_c29_join_4,79,65,0.4347826086956522,EXACT_OPTIMAL_COLOR_CLASS_ORDER,16,16,train,heuristic_gap_controlled
week17_gap_join_c29_join_4,82,66,0.4260869565217391,EXACT_OPTIMAL_COLOR_CLASS_ORDER,16,16,train,heuristic_gap_controlled
week17_gap_join_c29_join_4,59,67,0.4173913043478261,EXACT_OPTIMAL_COLOR_CLASS_ORDER,16,16,train,heuristic_gap_controlled
week17_gap_join_c29_join_4,62,68,0.408695652173913,EXACT_OPTIMAL_COLOR_CLASS_ORDER,16,16,train,heuristic_gap_controlled
week17_gap_join_c29_join_4,65,69,0.4,EXACT_OPTIMAL_COLOR_CLASS_ORDER,16,16,train,heuristic_gap_controlled
week17_gap_join_c29_join_4,68,70,0.3913043478260869,EXACT_OPTIMAL_COLOR_CLASS_ORDER,16,16,train,heuristic_gap_controlled
week17_gap_join_c29_join_4,71,71,0.3826086956521739,EXACT_OPTIMAL_COLOR_CLASS_ORDER,16,16,train,heuristic_gap_controlled
week17_gap_join_c29_join_4,74,72,0.3739130434782608,EXACT_OPTIMAL_COLOR_CLASS_ORDER,16,16,train,heuristic_gap_controlled
week17_gap_join_c29_join_4,77,73,0.3652173913043478,EXACT_OPTIMAL_COLOR_CLASS_ORDER,16,16,train,heuristic_gap_controlled
week17_gap_join_c29_join_4,80,74,0.35652173913043483,EXACT_OPTIMAL_COLOR_CLASS_ORDER,16,16,train,heuristic_gap_controlled
week17_gap_join_c29_join_4,84,75,0.34782608695652173,EXACT_OPTIMAL_COLOR_CLASS_ORDER,16,16,train,heuristic_gap_controlled
week17_gap_join_c29_join_4,60,76,0.33913043478260874,EXACT_OPTIMAL_COLOR_CLASS_ORDER,16,16,train,heuristic_gap_controlled
week17_gap_join_c29_join_4,63,77,0.33043478260869563,EXACT_OPTIMAL_COLOR_CLASS_ORDER,16,16,train,heuristic_gap_controlled
week17_gap_join_c29_join_4,66,78,0.32173913043478264,EXACT_OPTIMAL_COLOR_CLASS_ORDER,16,16,train,heuristic_gap_controlled
week17_gap_join_c29_join_4,69,79,0.31304347826086953,EXACT_OPTIMAL_COLOR_CLASS_ORDER,16,16,train,heuristic_gap_controlled
week17_gap_join_c29_join_4,72,80,0.30434782608695654,EXACT_OPTIMAL_COLOR_CLASS_ORDER,16,16,train,heuristic_gap_controlled
week17_gap_join_c29_join_4,75,81,0.29565217391304344,EXACT_OPTIMAL_COLOR_CLASS_ORDER,16,16,train,heuristic_gap_controlled
week17_gap_join_c29_join_4,78,82,0.28695652173913044,EXACT_OPTIMAL_COLOR_CLASS_ORDER,16,16,train,heuristic_gap_controlled
week17_gap_join_c29_join_4,81,83,0.27826086956521734,EXACT_OPTIMAL_COLOR_CLASS_ORDER,16,16,train,heuristic_gap_controlled
week17_gap_join_c29_join_4,85,84,0.26956521739130435,EXACT_OPTIMAL_COLOR_CLASS_ORDER,16,16,train,heuristic_gap_controlled
week17_gap_join_c29_join_4,83,85,0.26086956521739135,EXACT_OPTIMAL_COLOR_CLASS_ORDER,16,16,train,heuristic_gap_controlled
week17_gap_join_c29_join_4,86,86,0.25217391304347825,EXACT_OPTIMAL_COLOR_CLASS_ORDER,16,16,train,heuristic_gap_controlled
week17_gap_join_c29_join_4,87,87,0.24347826086956526,EXACT_OPTIMAL_COLOR_CLASS_ORDER,16,16,train,heuristic_gap_controlled
week17_gap_join_c29_join_4,90,88,0.23478260869565215,EXACT_OPTIMAL_COLOR_CLASS_ORDER,16,16,train,heuristic_gap_controlled
week17_gap_join_c29_join_4,93,89,0.22608695652173916,EXACT_OPTIMAL_COLOR_CLASS_ORDER,16,16,train,heuristic_gap_controlled
week17_gap_join_c29_join_4,96,90,0.21739130434782605,EXACT_OPTIMAL_COLOR_CLASS_ORDER,16,16,train,heuristic_gap_controlled
week17_gap_join_c29_join_4,99,91,0.20869565217391306,EXACT_OPTIMAL_COLOR_CLASS_ORDER,16,16,train,heuristic_gap_controlled
week17_gap_join_c29_join_4,102,92,0.19999999999999996,EXACT_OPTIMAL_COLOR_CLASS_ORDER,16,16,train,heuristic_gap_controlled
week17_gap_join_c29_join_4,105,93,0.19130434782608696,EXACT_OPTIMAL_COLOR_CLASS_ORDER,16,16,train,heuristic_gap_controlled
week17_gap_join_c29_join_4,108,94,0.18260869565217386,EXACT_OPTIMAL_COLOR_CLASS_ORDER,16,16,train,heuristic_gap_controlled
week17_gap_join_c29_join_4,111,95,0.17391304347826086,EXACT_OPTIMAL_COLOR_CLASS_ORDER,16,16,train,heuristic_gap_controlled
week17_gap_join_c29_join_4,88,96,0.16521739130434787,EXACT_OPTIMAL_COLOR_CLASS_ORDER,16,16,train,heuristic_gap_controlled
week17_gap_join_c29_join_4,91,97,0.15652173913043477,EXACT_OPTIMAL_COLOR_CLASS_ORDER,16,16,train,heuristic_gap_controlled
week17_gap_join_c29_join_4,94,98,0.14782608695652177,EXACT_OPTIMAL_COLOR_CLASS_ORDER,16,16,train,heuristic_gap_controlled
week17_gap_join_c29_join_4,97,99,0.13913043478260867,EXACT_OPTIMAL_COLOR_CLASS_ORDER,16,16,train,heuristic_gap_controlled
week17_gap_join_c29_join_4,100,100,0.13043478260869568,EXACT_OPTIMAL_COLOR_CLASS_ORDER,16,16,train,heuristic_gap_controlled
week17_gap_join_c29_join_4,103,101,0.12173913043478257,EXACT_OPTIMAL_COLOR_CLASS_ORDER,16,16,train,heuristic_gap_controlled
week17_gap_join_c29_join_4,106,102,0.11304347826086958,EXACT_OPTIMAL_COLOR_CLASS_ORDER,16,16,train,heuristic_gap_controlled
week17_gap_join_c29_join_4,109,103,0.10434782608695647,EXACT_OPTIMAL_COLOR_CLASS_ORDER,16,16,train,heuristic_gap_controlled
week17_gap_join_c29_join_4,113,104,0.09565217391304348,EXACT_OPTIMAL_COLOR_CLASS_ORDER,16,16,train,heuristic_gap_controlled
week17_gap_join_c29_join_4,89,105,0.08695652173913049,EXACT_OPTIMAL_COLOR_CLASS_ORDER,16,16,train,heuristic_gap_controlled
week17_gap_join_c29_join_4,92,106,0.07826086956521738,EXACT_OPTIMAL_COLOR_CLASS_ORDER,16,16,train,heuristic_gap_controlled
week17_gap_join_c29_join_4,95,107,0.06956521739130439,EXACT_OPTIMAL_COLOR_CLASS_ORDER,16,16,train,heuristic_gap_controlled
week17_gap_join_c29_join_4,98,108,0.060869565217391286,EXACT_OPTIMAL_COLOR_CLASS_ORDER,16,16,train,heuristic_gap_controlled
week17_gap_join_c29_join_4,101,109,0.05217391304347829,EXACT_OPTIMAL_COLOR_CLASS_ORDER,16,16,train,heuristic_gap_controlled
week17_gap_join_c29_join_4,104,110,0.04347826086956519,EXACT_OPTIMAL_COLOR_CLASS_ORDER,16,16,train,heuristic_gap_controlled
week17_gap_join_c29_join_4,107,111,0.034782608695652195,EXACT_OPTIMAL_COLOR_CLASS_ORDER,16,16,train,heuristic_gap_controlled
week17_gap_join_c29_join_4,110,112,0.02608695652173909,EXACT_OPTIMAL_COLOR_CLASS_ORDER,16,16,train,heuristic_gap_controlled
week17_gap_join_c29_join_4,114,113,0.017391304347826098,EXACT_OPTIMAL_COLOR_CLASS_ORDER,16,16,train,heuristic_gap_controlled
week17_gap_join_c29_join_4,112,114,0.008695652173912993,EXACT_OPTIMAL_COLOR_CLASS_ORDER,16,16,train,heuristic_gap_controlled
week17_gap_join_c29_join_4,115,115,0.0,EXACT_OPTIMAL_COLOR_CLASS_ORDER,16,16,train,heuristic_gap_controlled
week17_gap_join_c29_join_5,0,0,1.0,EXACT_OPTIMAL_COLOR_CLASS_ORDER,20,20,train,heuristic_gap_controlled
week17_gap_join_c29_join_5,3,1,0.9930555555555556,EXACT_OPTIMAL_COLOR_CLASS_ORDER,20,20,train,heuristic_gap_controlled
week17_gap_join_c29_join_5,6,2,0.9861111111111112,EXACT_OPTIMAL_COLOR_CLASS_ORDER,20,20,train,heuristic_gap_controlled
week17_gap_join_c29_join_5,9,3,0.9791666666666666,EXACT_OPTIMAL_COLOR_CLASS_ORDER,20,20,train,heuristic_gap_controlled
week17_gap_join_c29_join_5,12,4,0.9722222222222222,EXACT_OPTIMAL_COLOR_CLASS_ORDER,20,20,train,heuristic_gap_controlled
week17_gap_join_c29_join_5,15,5,0.9652777777777778,EXACT_OPTIMAL_COLOR_CLASS_ORDER,20,20,train,heuristic_gap_controlled
week17_gap_join_c29_join_5,18,6,0.9583333333333334,EXACT_OPTIMAL_COLOR_CLASS_ORDER,20,20,train,heuristic_gap_controlled
week17_gap_join_c29_join_5,21,7,0.9513888888888888,EXACT_OPTIMAL_COLOR_CLASS_ORDER,20,20,train,heuristic_gap_controlled
week17_gap_join_c29_join_5,24,8,0.9444444444444444,EXACT_OPTIMAL_COLOR_CLASS_ORDER,20,20,train,heuristic_gap_controlled
week17_gap_join_c29_join_5,1,9,0.9375,EXACT_OPTIMAL_COLOR_CLASS_ORDER,20,20,train,heuristic_gap_controlled
week17_gap_join_c29_join_5,4,10,0.9305555555555556,EXACT_OPTIMAL_COLOR_CLASS_ORDER,20,20,train,heuristic_gap_controlled
week17_gap_join_c29_join_5,7,11,0.9236111111111112,EXACT_OPTIMAL_COLOR_CLASS_ORDER,20,20,train,heuristic_gap_controlled
week17_gap_join_c29_join_5,10,12,0.9166666666666666,EXACT_OPTIMAL_COLOR_CLASS_ORDER,20,20,train,heuristic_gap_controlled
week17_gap_join_c29_join_5,13,13,0.9097222222222222,EXACT_OPTIMAL_COLOR_CLASS_ORDER,20,20,train,heuristic_gap_controlled
week17_gap_join_c29_join_5,16,14,0.9027777777777778,EXACT_OPTIMAL_COLOR_CLASS_ORDER,20,20,train,heuristic_gap_controlled
week17_gap_join_c29_join_5,19,15,0.8958333333333334,EXACT_OPTIMAL_COLOR_CLASS_ORDER,20,20,train,heuristic_gap_controlled
week17_gap_join_c29_join_5,22,16,0.8888888888888888,EXACT_OPTIMAL_COLOR_CLASS_ORDER,20,20,train,heuristic_gap_controlled
week17_gap_join_c29_join_5,26,17,0.8819444444444444,EXACT_OPTIMAL_COLOR_CLASS_ORDER,20,20,train,heuristic_gap_controlled
week17_gap_join_c29_join_5,2,18,0.875,EXACT_OPTIMAL_COLOR_CLASS_ORDER,20,20,train,heuristic_gap_controlled
week17_gap_join_c29_join_5,5,19,0.8680555555555556,EXACT_OPTIMAL_COLOR_CLASS_ORDER,20,20,train,heuristic_gap_controlled
week17_gap_join_c29_join_5,8,20,0.8611111111111112,EXACT_OPTIMAL_COLOR_CLASS_ORDER,20,20,train,heuristic_gap_controlled
week17_gap_join_c29_join_5,11,21,0.8541666666666666,EXACT_OPTIMAL_COLOR_CLASS_ORDER,20,20,train,heuristic_gap_controlled
week17_gap_join_c29_join_5,14,22,0.8472222222222222,EXACT_OPTIMAL_COLOR_CLASS_ORDER,20,20,train,heuristic_gap_controlled
week17_gap_join_c29_join_5,17,23,0.8402777777777778,EXACT_OPTIMAL_COLOR_CLASS_ORDER,20,20,train,heuristic_gap_controlled
week17_gap_join_c29_join_5,20,24,0.8333333333333334,EXACT_OPTIMAL_COLOR_CLASS_ORDER,20,20,train,heuristic_gap_controlled
week17_gap_join_c29_join_5,23,25,0.8263888888888888,EXACT_OPTIMAL_COLOR_CLASS_ORDER,20,20,train,heuristic_gap_controlled
week17_gap_join_c29_join_5,27,26,0.8194444444444444,EXACT_OPTIMAL_COLOR_CLASS_ORDER,20,20,train,heuristic_gap_controlled
week17_gap_join_c29_join_5,25,27,0.8125,EXACT_OPTIMAL_COLOR_CLASS_ORDER,20,20,train,heuristic_gap_controlled
week17_gap_join_c29_join_5,28,28,0.8055555555555556,EXACT_OPTIMAL_COLOR_CLASS_ORDER,20,20,train,heuristic_gap_controlled
week17_gap_join_c29_join_5,29,29,0.7986111111111112,EXACT_OPTIMAL_COLOR_CLASS_ORDER,20,20,train,heuristic_gap_controlled
week17_gap_join_c29_join_5,32,30,0.7916666666666666,EXACT_OPTIMAL_COLOR_CLASS_ORDER,20,20,train,heuristic_gap_controlled
week17_gap_join_c29_join_5,35,31,0.7847222222222222,EXACT_OPTIMAL_COLOR_CLASS_ORDER,20,20,train,heuristic_gap_controlled
week17_gap_join_c29_join_5,38,32,0.7777777777777778,EXACT_OPTIMAL_COLOR_CLASS_ORDER,20,20,train,heuristic_gap_controlled
week17_gap_join_c29_join_5,41,33,0.7708333333333334,EXACT_OPTIMAL_COLOR_CLASS_ORDER,20,20,train,heuristic_gap_controlled
week17_gap_join_c29_join_5,44,34,0.7638888888888888,EXACT_OPTIMAL_COLOR_CLASS_ORDER,20,20,train,heuristic_gap_controlled
week17_gap_join_c29_join_5,47,35,0.7569444444444444,EXACT_OPTIMAL_COLOR_CLASS_ORDER,20,20,train,heuristic_gap_controlled
week17_gap_join_c29_join_5,50,36,0.75,EXACT_OPTIMAL_COLOR_CLASS_ORDER,20,20,train,heuristic_gap_controlled
week17_gap_join_c29_join_5,53,37,0.7430555555555556,EXACT_OPTIMAL_COLOR_CLASS_ORDER,20,20,train,heuristic_gap_controlled
week17_gap_join_c29_join_5,30,38,0.7361111111111112,EXACT_OPTIMAL_COLOR_CLASS_ORDER,20,20,train,heuristic_gap_controlled
week17_gap_join_c29_join_5,33,39,0.7291666666666667,EXACT_OPTIMAL_COLOR_CLASS_ORDER,20,20,train,heuristic_gap_controlled
week17_gap_join_c29_join_5,36,40,0.7222222222222222,EXACT_OPTIMAL_COLOR_CLASS_ORDER,20,20,train,heuristic_gap_controlled
week17_gap_join_c29_join_5,39,41,0.7152777777777778,EXACT_OPTIMAL_COLOR_CLASS_ORDER,20,20,train,heuristic_gap_controlled
week17_gap_join_c29_join_5,42,42,0.7083333333333333,EXACT_OPTIMAL_COLOR_CLASS_ORDER,20,20,train,heuristic_gap_controlled
week17_gap_join_c29_join_5,45,43,0.7013888888888888,EXACT_OPTIMAL_COLOR_CLASS_ORDER,20,20,train,heuristic_gap_controlled
week17_gap_join_c29_join_5,48,44,0.6944444444444444,EXACT_OPTIMAL_COLOR_CLASS_ORDER,20,20,train,heuristic_gap_controlled
week17_gap_join_c29_join_5,51,45,0.6875,EXACT_OPTIMAL_COLOR_CLASS_ORDER,20,20,train,heuristic_gap_controlled
week17_gap_join_c29_join_5,55,46,0.6805555555555556,EXACT_OPTIMAL_COLOR_CLASS_ORDER,20,20,train,heuristic_gap_controlled
week17_gap_join_c29_join_5,31,47,0.6736111111111112,EXACT_OPTIMAL_COLOR_CLASS_ORDER,20,20,train,heuristic_gap_controlled
week17_gap_join_c29_join_5,34,48,0.6666666666666667,EXACT_OPTIMAL_COLOR_CLASS_ORDER,20,20,train,heuristic_gap_controlled
week17_gap_join_c29_join_5,37,49,0.6597222222222222,EXACT_OPTIMAL_COLOR_CLASS_ORDER,20,20,train,heuristic_gap_controlled
week17_gap_join_c29_join_5,40,50,0.6527777777777778,EXACT_OPTIMAL_COLOR_CLASS_ORDER,20,20,train,heuristic_gap_controlled
week17_gap_join_c29_join_5,43,51,0.6458333333333333,EXACT_OPTIMAL_COLOR_CLASS_ORDER,20,20,train,heuristic_gap_controlled
week17_gap_join_c29_join_5,46,52,0.6388888888888888,EXACT_OPTIMAL_COLOR_CLASS_ORDER,20,20,train,heuristic_gap_controlled
week17_gap_join_c29_join_5,49,53,0.6319444444444444,EXACT_OPTIMAL_COLOR_CLASS_ORDER,20,20,train,heuristic_gap_controlled
week17_gap_join_c29_join_5,52,54,0.625,EXACT_OPTIMAL_COLOR_CLASS_ORDER,20,20,train,heuristic_gap_controlled
week17_gap_join_c29_join_5,56,55,0.6180555555555556,EXACT_OPTIMAL_COLOR_CLASS_ORDER,20,20,train,heuristic_gap_controlled
week17_gap_join_c29_join_5,54,56,0.6111111111111112,EXACT_OPTIMAL_COLOR_CLASS_ORDER,20,20,train,heuristic_gap_controlled
week17_gap_join_c29_join_5,57,57,0.6041666666666667,EXACT_OPTIMAL_COLOR_CLASS_ORDER,20,20,train,heuristic_gap_controlled
week17_gap_join_c29_join_5,58,58,0.5972222222222222,EXACT_OPTIMAL_COLOR_CLASS_ORDER,20,20,train,heuristic_gap_controlled
week17_gap_join_c29_join_5,61,59,0.5902777777777778,EXACT_OPTIMAL_COLOR_CLASS_ORDER,20,20,train,heuristic_gap_controlled
week17_gap_join_c29_join_5,64,60,0.5833333333333333,EXACT_OPTIMAL_COLOR_CLASS_ORDER,20,20,train,heuristic_gap_controlled
week17_gap_join_c29_join_5,67,61,0.5763888888888888,EXACT_OPTIMAL_COLOR_CLASS_ORDER,20,20,train,heuristic_gap_controlled
week17_gap_join_c29_join_5,70,62,0.5694444444444444,EXACT_OPTIMAL_COLOR_CLASS_ORDER,20,20,train,heuristic_gap_controlled
week17_gap_join_c29_join_5,73,63,0.5625,EXACT_OPTIMAL_COLOR_CLASS_ORDER,20,20,train,heuristic_gap_controlled
week17_gap_join_c29_join_5,76,64,0.5555555555555556,EXACT_OPTIMAL_COLOR_CLASS_ORDER,20,20,train,heuristic_gap_controlled
week17_gap_join_c29_join_5,79,65,0.5486111111111112,EXACT_OPTIMAL_COLOR_CLASS_ORDER,20,20,train,heuristic_gap_controlled
week17_gap_join_c29_join_5,82,66,0.5416666666666667,EXACT_OPTIMAL_COLOR_CLASS_ORDER,20,20,train,heuristic_gap_controlled
week17_gap_join_c29_join_5,59,67,0.5347222222222222,EXACT_OPTIMAL_COLOR_CLASS_ORDER,20,20,train,heuristic_gap_controlled
week17_gap_join_c29_join_5,62,68,0.5277777777777778,EXACT_OPTIMAL_COLOR_CLASS_ORDER,20,20,train,heuristic_gap_controlled
week17_gap_join_c29_join_5,65,69,0.5208333333333333,EXACT_OPTIMAL_COLOR_CLASS_ORDER,20,20,train,heuristic_gap_controlled
week17_gap_join_c29_join_5,68,70,0.5138888888888888,EXACT_OPTIMAL_COLOR_CLASS_ORDER,20,20,train,heuristic_gap_controlled
week17_gap_join_c29_join_5,71,71,0.5069444444444444,EXACT_OPTIMAL_COLOR_CLASS_ORDER,20,20,train,heuristic_gap_controlled
week17_gap_join_c29_join_5,74,72,0.5,EXACT_OPTIMAL_COLOR_CLASS_ORDER,20,20,train,heuristic_gap_controlled
week17_gap_join_c29_join_5,77,73,0.4930555555555556,EXACT_OPTIMAL_COLOR_CLASS_ORDER,20,20,train,heuristic_gap_controlled
week17_gap_join_c29_join_5,80,74,0.48611111111111116,EXACT_OPTIMAL_COLOR_CLASS_ORDER,20,20,train,heuristic_gap_controlled
week17_gap_join_c29_join_5,84,75,0.47916666666666663,EXACT_OPTIMAL_COLOR_CLASS_ORDER,20,20,train,heuristic_gap_controlled
week17_gap_join_c29_join_5,60,76,0.4722222222222222,EXACT_OPTIMAL_COLOR_CLASS_ORDER,20,20,train,heuristic_gap_controlled
week17_gap_join_c29_join_5,63,77,0.4652777777777778,EXACT_OPTIMAL_COLOR_CLASS_ORDER,20,20,train,heuristic_gap_controlled
week17_gap_join_c29_join_5,66,78,0.45833333333333337,EXACT_OPTIMAL_COLOR_CLASS_ORDER,20,20,train,heuristic_gap_controlled
week17_gap_join_c29_join_5,69,79,0.45138888888888884,EXACT_OPTIMAL_COLOR_CLASS_ORDER,20,20,train,heuristic_gap_controlled
week17_gap_join_c29_join_5,72,80,0.4444444444444444,EXACT_OPTIMAL_COLOR_CLASS_ORDER,20,20,train,heuristic_gap_controlled
week17_gap_join_c29_join_5,75,81,0.4375,EXACT_OPTIMAL_COLOR_CLASS_ORDER,20,20,train,heuristic_gap_controlled
week17_gap_join_c29_join_5,78,82,0.4305555555555556,EXACT_OPTIMAL_COLOR_CLASS_ORDER,20,20,train,heuristic_gap_controlled
week17_gap_join_c29_join_5,81,83,0.42361111111111116,EXACT_OPTIMAL_COLOR_CLASS_ORDER,20,20,train,heuristic_gap_controlled
week17_gap_join_c29_join_5,85,84,0.41666666666666663,EXACT_OPTIMAL_COLOR_CLASS_ORDER,20,20,train,heuristic_gap_controlled
week17_gap_join_c29_join_5,83,85,0.4097222222222222,EXACT_OPTIMAL_COLOR_CLASS_ORDER,20,20,train,heuristic_gap_controlled
week17_gap_join_c29_join_5,86,86,0.4027777777777778,EXACT_OPTIMAL_COLOR_CLASS_ORDER,20,20,train,heuristic_gap_controlled
week17_gap_join_c29_join_5,87,87,0.39583333333333337,EXACT_OPTIMAL_COLOR_CLASS_ORDER,20,20,train,heuristic_gap_controlled
week17_gap_join_c29_join_5,90,88,0.38888888888888884,EXACT_OPTIMAL_COLOR_CLASS_ORDER,20,20,train,heuristic_gap_controlled
week17_gap_join_c29_join_5,93,89,0.3819444444444444,EXACT_OPTIMAL_COLOR_CLASS_ORDER,20,20,train,heuristic_gap_controlled
week17_gap_join_c29_join_5,96,90,0.375,EXACT_OPTIMAL_COLOR_CLASS_ORDER,20,20,train,heuristic_gap_controlled
week17_gap_join_c29_join_5,99,91,0.3680555555555556,EXACT_OPTIMAL_COLOR_CLASS_ORDER,20,20,train,heuristic_gap_controlled
week17_gap_join_c29_join_5,102,92,0.36111111111111116,EXACT_OPTIMAL_COLOR_CLASS_ORDER,20,20,train,heuristic_gap_controlled
week17_gap_join_c29_join_5,105,93,0.35416666666666663,EXACT_OPTIMAL_COLOR_CLASS_ORDER,20,20,train,heuristic_gap_controlled
week17_gap_join_c29_join_5,108,94,0.3472222222222222,EXACT_OPTIMAL_COLOR_CLASS_ORDER,20,20,train,heuristic_gap_controlled
week17_gap_join_c29_join_5,111,95,0.3402777777777778,EXACT_OPTIMAL_COLOR_CLASS_ORDER,20,20,train,heuristic_gap_controlled
week17_gap_join_c29_join_5,88,96,0.33333333333333337,EXACT_OPTIMAL_COLOR_CLASS_ORDER,20,20,train,heuristic_gap_controlled
week17_gap_join_c29_join_5,91,97,0.32638888888888884,EXACT_OPTIMAL_COLOR_CLASS_ORDER,20,20,train,heuristic_gap_controlled
week17_gap_join_c29_join_5,94,98,0.3194444444444444,EXACT_OPTIMAL_COLOR_CLASS_ORDER,20,20,train,heuristic_gap_controlled
week17_gap_join_c29_join_5,97,99,0.3125,EXACT_OPTIMAL_COLOR_CLASS_ORDER,20,20,train,heuristic_gap_controlled
week17_gap_join_c29_join_5,100,100,0.3055555555555556,EXACT_OPTIMAL_COLOR_CLASS_ORDER,20,20,train,heuristic_gap_controlled
week17_gap_join_c29_join_5,103,101,0.29861111111111116,EXACT_OPTIMAL_COLOR_CLASS_ORDER,20,20,train,heuristic_gap_controlled
week17_gap_join_c29_join_5,106,102,0.29166666666666663,EXACT_OPTIMAL_COLOR_CLASS_ORDER,20,20,train,heuristic_gap_controlled
week17_gap_join_c29_join_5,109,103,0.2847222222222222,EXACT_OPTIMAL_COLOR_CLASS_ORDER,20,20,train,heuristic_gap_controlled
week17_gap_join_c29_join_5,113,104,0.2777777777777778,EXACT_OPTIMAL_COLOR_CLASS_ORDER,20,20,train,heuristic_gap_controlled
week17_gap_join_c29_join_5,89,105,0.27083333333333337,EXACT_OPTIMAL_COLOR_CLASS_ORDER,20,20,train,heuristic_gap_controlled
week17_gap_join_c29_join_5,92,106,0.26388888888888884,EXACT_OPTIMAL_COLOR_CLASS_ORDER,20,20,train,heuristic_gap_controlled
week17_gap_join_c29_join_5,95,107,0.2569444444444444,EXACT_OPTIMAL_COLOR_CLASS_ORDER,20,20,train,heuristic_gap_controlled
week17_gap_join_c29_join_5,98,108,0.25,EXACT_OPTIMAL_COLOR_CLASS_ORDER,20,20,train,heuristic_gap_controlled
week17_gap_join_c29_join_5,101,109,0.24305555555555558,EXACT_OPTIMAL_COLOR_CLASS_ORDER,20,20,train,heuristic_gap_controlled
week17_gap_join_c29_join_5,104,110,0.23611111111111116,EXACT_OPTIMAL_COLOR_CLASS_ORDER,20,20,train,heuristic_gap_controlled
week17_gap_join_c29_join_5,107,111,0.22916666666666663,EXACT_OPTIMAL_COLOR_CLASS_ORDER,20,20,train,heuristic_gap_controlled
week17_gap_join_c29_join_5,110,112,0.2222222222222222,EXACT_OPTIMAL_COLOR_CLASS_ORDER,20,20,train,heuristic_gap_controlled
week17_gap_join_c29_join_5,114,113,0.2152777777777778,EXACT_OPTIMAL_COLOR_CLASS_ORDER,20,20,train,heuristic_gap_controlled
week17_gap_join_c29_join_5,112,114,0.20833333333333337,EXACT_OPTIMAL_COLOR_CLASS_ORDER,20,20,train,heuristic_gap_controlled
week17_gap_join_c29_join_5,115,115,0.20138888888888884,EXACT_OPTIMAL_COLOR_CLASS_ORDER,20,20,train,heuristic_gap_controlled
week17_gap_join_c29_join_5,116,116,0.19444444444444442,EXACT_OPTIMAL_COLOR_CLASS_ORDER,20,20,train,heuristic_gap_controlled
week17_gap_join_c29_join_5,119,117,0.1875,EXACT_OPTIMAL_COLOR_CLASS_ORDER,20,20,train,heuristic_gap_controlled
week17_gap_join_c29_join_5,122,118,0.18055555555555558,EXACT_OPTIMAL_COLOR_CLASS_ORDER,20,20,train,heuristic_gap_controlled
week17_gap_join_c29_join_5,125,119,0.17361111111111116,EXACT_OPTIMAL_COLOR_CLASS_ORDER,20,20,train,heuristic_gap_controlled
week17_gap_join_c29_join_5,128,120,0.16666666666666663,EXACT_OPTIMAL_COLOR_CLASS_ORDER,20,20,train,heuristic_gap_controlled
week17_gap_join_c29_join_5,131,121,0.1597222222222222,EXACT_OPTIMAL_COLOR_CLASS_ORDER,20,20,train,heuristic_gap_controlled
week17_gap_join_c29_join_5,134,122,0.1527777777777778,EXACT_OPTIMAL_COLOR_CLASS_ORDER,20,20,train,heuristic_gap_controlled
week17_gap_join_c29_join_5,137,123,0.14583333333333337,EXACT_OPTIMAL_COLOR_CLASS_ORDER,20,20,train,heuristic_gap_controlled
week17_gap_join_c29_join_5,140,124,0.13888888888888884,EXACT_OPTIMAL_COLOR_CLASS_ORDER,20,20,train,heuristic_gap_controlled
week17_gap_join_c29_join_5,117,125,0.13194444444444442,EXACT_OPTIMAL_COLOR_CLASS_ORDER,20,20,train,heuristic_gap_controlled
week17_gap_join_c29_join_5,120,126,0.125,EXACT_OPTIMAL_COLOR_CLASS_ORDER,20,20,train,heuristic_gap_controlled
week17_gap_join_c29_join_5,123,127,0.11805555555555558,EXACT_OPTIMAL_COLOR_CLASS_ORDER,20,20,train,heuristic_gap_controlled
week17_gap_join_c29_join_5,126,128,0.11111111111111116,EXACT_OPTIMAL_COLOR_CLASS_ORDER,20,20,train,heuristic_gap_controlled
week17_gap_join_c29_join_5,129,129,0.10416666666666663,EXACT_OPTIMAL_COLOR_CLASS_ORDER,20,20,train,heuristic_gap_controlled
week17_gap_join_c29_join_5,132,130,0.09722222222222221,EXACT_OPTIMAL_COLOR_CLASS_ORDER,20,20,train,heuristic_gap_controlled
week17_gap_join_c29_join_5,135,131,0.09027777777777779,EXACT_OPTIMAL_COLOR_CLASS_ORDER,20,20,train,heuristic_gap_controlled
week17_gap_join_c29_join_5,138,132,0.08333333333333337,EXACT_OPTIMAL_COLOR_CLASS_ORDER,20,20,train,heuristic_gap_controlled
week17_gap_join_c29_join_5,142,133,0.07638888888888884,EXACT_OPTIMAL_COLOR_CLASS_ORDER,20,20,train,heuristic_gap_controlled
week17_gap_join_c29_join_5,118,134,0.06944444444444442,EXACT_OPTIMAL_COLOR_CLASS_ORDER,20,20,train,heuristic_gap_controlled
week17_gap_join_c29_join_5,121,135,0.0625,EXACT_OPTIMAL_COLOR_CLASS_ORDER,20,20,train,heuristic_gap_controlled
week17_gap_join_c29_join_5,124,136,0.05555555555555558,EXACT_OPTIMAL_COLOR_CLASS_ORDER,20,20,train,heuristic_gap_controlled
week17_gap_join_c29_join_5,127,137,0.04861111111111116,EXACT_OPTIMAL_COLOR_CLASS_ORDER,20,20,train,heuristic_gap_controlled
week17_gap_join_c29_join_5,130,138,0.04166666666666663,EXACT_OPTIMAL_COLOR_CLASS_ORDER,20,20,train,heuristic_gap_controlled
week17_gap_join_c29_join_5,133,139,0.03472222222222221,EXACT_OPTIMAL_COLOR_CLASS_ORDER,20,20,train,heuristic_gap_controlled
week17_gap_join_c29_join_5,136,140,0.02777777777777779,EXACT_OPTIMAL_COLOR_CLASS_ORDER,20,20,train,heuristic_gap_controlled
week17_gap_join_c29_join_5,139,141,0.02083333333333337,EXACT_OPTIMAL_COLOR_CLASS_ORDER,20,20,train,heuristic_gap_controlled
week17_gap_join_c29_join_5,143,142,0.01388888888888884,EXACT_OPTIMAL_COLOR_CLASS_ORDER,20,20,train,heuristic_gap_controlled
week17_gap_join_c29_join_5,141,143,0.00694444444444442,EXACT_OPTIMAL_COLOR_CLASS_ORDER,20,20,train,heuristic_gap_controlled
week17_gap_join_c29_join_5,144,144,0.0,EXACT_OPTIMAL_COLOR_CLASS_ORDER,20,20,train,heuristic_gap_controlled
week17_gap_cycle_square_c35,0,0,1.0,EXACT_OPTIMAL_COLOR_CLASS_ORDER,4,4,train,heuristic_gap_controlled
week17_gap_cycle_square_c35,3,1,0.9705882352941176,EXACT_OPTIMAL_COLOR_CLASS_ORDER,4,4,train,heuristic_gap_controlled
week17_gap_cycle_square_c35,6,2,0.9411764705882353,EXACT_OPTIMAL_COLOR_CLASS_ORDER,4,4,train,heuristic_gap_controlled
week17_gap_cycle_square_c35,9,3,0.9117647058823529,EXACT_OPTIMAL_COLOR_CLASS_ORDER,4,4,train,heuristic_gap_controlled
week17_gap_cycle_square_c35,12,4,0.8823529411764706,EXACT_OPTIMAL_COLOR_CLASS_ORDER,4,4,train,heuristic_gap_controlled
week17_gap_cycle_square_c35,15,5,0.8529411764705882,EXACT_OPTIMAL_COLOR_CLASS_ORDER,4,4,train,heuristic_gap_controlled
week17_gap_cycle_square_c35,18,6,0.8235294117647058,EXACT_OPTIMAL_COLOR_CLASS_ORDER,4,4,train,heuristic_gap_controlled
week17_gap_cycle_square_c35,21,7,0.7941176470588236,EXACT_OPTIMAL_COLOR_CLASS_ORDER,4,4,train,heuristic_gap_controlled
week17_gap_cycle_square_c35,24,8,0.7647058823529411,EXACT_OPTIMAL_COLOR_CLASS_ORDER,4,4,train,heuristic_gap_controlled
week17_gap_cycle_square_c35,27,9,0.7352941176470589,EXACT_OPTIMAL_COLOR_CLASS_ORDER,4,4,train,heuristic_gap_controlled
week17_gap_cycle_square_c35,30,10,0.7058823529411764,EXACT_OPTIMAL_COLOR_CLASS_ORDER,4,4,train,heuristic_gap_controlled
week17_gap_cycle_square_c35,1,11,0.6764705882352942,EXACT_OPTIMAL_COLOR_CLASS_ORDER,4,4,train,heuristic_gap_controlled
week17_gap_cycle_square_c35,4,12,0.6470588235294117,EXACT_OPTIMAL_COLOR_CLASS_ORDER,4,4,train,heuristic_gap_controlled
week17_gap_cycle_square_c35,7,13,0.6176470588235294,EXACT_OPTIMAL_COLOR_CLASS_ORDER,4,4,train,heuristic_gap_controlled
week17_gap_cycle_square_c35,10,14,0.5882352941176471,EXACT_OPTIMAL_COLOR_CLASS_ORDER,4,4,train,heuristic_gap_controlled
week17_gap_cycle_square_c35,13,15,0.5588235294117647,EXACT_OPTIMAL_COLOR_CLASS_ORDER,4,4,train,heuristic_gap_controlled
week17_gap_cycle_square_c35,16,16,0.5294117647058824,EXACT_OPTIMAL_COLOR_CLASS_ORDER,4,4,train,heuristic_gap_controlled
week17_gap_cycle_square_c35,19,17,0.5,EXACT_OPTIMAL_COLOR_CLASS_ORDER,4,4,train,heuristic_gap_controlled
week17_gap_cycle_square_c35,22,18,0.47058823529411764,EXACT_OPTIMAL_COLOR_CLASS_ORDER,4,4,train,heuristic_gap_controlled
week17_gap_cycle_square_c35,25,19,0.4411764705882353,EXACT_OPTIMAL_COLOR_CLASS_ORDER,4,4,train,heuristic_gap_controlled
week17_gap_cycle_square_c35,28,20,0.4117647058823529,EXACT_OPTIMAL_COLOR_CLASS_ORDER,4,4,train,heuristic_gap_controlled
week17_gap_cycle_square_c35,32,21,0.38235294117647056,EXACT_OPTIMAL_COLOR_CLASS_ORDER,4,4,train,heuristic_gap_controlled
week17_gap_cycle_square_c35,2,22,0.3529411764705882,EXACT_OPTIMAL_COLOR_CLASS_ORDER,4,4,train,heuristic_gap_controlled
week17_gap_cycle_square_c35,5,23,0.32352941176470584,EXACT_OPTIMAL_COLOR_CLASS_ORDER,4,4,train,heuristic_gap_controlled
week17_gap_cycle_square_c35,8,24,0.2941176470588235,EXACT_OPTIMAL_COLOR_CLASS_ORDER,4,4,train,heuristic_gap_controlled
week17_gap_cycle_square_c35,11,25,0.2647058823529411,EXACT_OPTIMAL_COLOR_CLASS_ORDER,4,4,train,heuristic_gap_controlled
week17_gap_cycle_square_c35,14,26,0.23529411764705888,EXACT_OPTIMAL_COLOR_CLASS_ORDER,4,4,train,heuristic_gap_controlled
week17_gap_cycle_square_c35,17,27,0.20588235294117652,EXACT_OPTIMAL_COLOR_CLASS_ORDER,4,4,train,heuristic_gap_controlled
week17_gap_cycle_square_c35,20,28,0.17647058823529416,EXACT_OPTIMAL_COLOR_CLASS_ORDER,4,4,train,heuristic_gap_controlled
week17_gap_cycle_square_c35,23,29,0.1470588235294118,EXACT_OPTIMAL_COLOR_CLASS_ORDER,4,4,train,heuristic_gap_controlled
week17_gap_cycle_square_c35,26,30,0.11764705882352944,EXACT_OPTIMAL_COLOR_CLASS_ORDER,4,4,train,heuristic_gap_controlled
week17_gap_cycle_square_c35,29,31,0.08823529411764708,EXACT_OPTIMAL_COLOR_CLASS_ORDER,4,4,train,heuristic_gap_controlled
week17_gap_cycle_square_c35,33,32,0.05882352941176472,EXACT_OPTIMAL_COLOR_CLASS_ORDER,4,4,train,heuristic_gap_controlled
week17_gap_cycle_square_c35,31,33,0.02941176470588236,EXACT_OPTIMAL_COLOR_CLASS_ORDER,4,4,train,heuristic_gap_controlled
week17_gap_cycle_square_c35,34,34,0.0,EXACT_OPTIMAL_COLOR_CLASS_ORDER,4,4,train,heuristic_gap_controlled
week17_gap_join_c35_join_2,0,0,1.0,EXACT_OPTIMAL_COLOR_CLASS_ORDER,8,8,train,heuristic_gap_controlled
week17_gap_join_c35_join_2,3,1,0.9855072463768116,EXACT_OPTIMAL_COLOR_CLASS_ORDER,8,8,train,heuristic_gap_controlled
week17_gap_join_c35_join_2,6,2,0.9710144927536232,EXACT_OPTIMAL_COLOR_CLASS_ORDER,8,8,train,heuristic_gap_controlled
week17_gap_join_c35_join_2,9,3,0.9565217391304348,EXACT_OPTIMAL_COLOR_CLASS_ORDER,8,8,train,heuristic_gap_controlled
week17_gap_join_c35_join_2,12,4,0.9420289855072463,EXACT_OPTIMAL_COLOR_CLASS_ORDER,8,8,train,heuristic_gap_controlled
week17_gap_join_c35_join_2,15,5,0.927536231884058,EXACT_OPTIMAL_COLOR_CLASS_ORDER,8,8,train,heuristic_gap_controlled
week17_gap_join_c35_join_2,18,6,0.9130434782608696,EXACT_OPTIMAL_COLOR_CLASS_ORDER,8,8,train,heuristic_gap_controlled
week17_gap_join_c35_join_2,21,7,0.8985507246376812,EXACT_OPTIMAL_COLOR_CLASS_ORDER,8,8,train,heuristic_gap_controlled
week17_gap_join_c35_join_2,24,8,0.8840579710144928,EXACT_OPTIMAL_COLOR_CLASS_ORDER,8,8,train,heuristic_gap_controlled
week17_gap_join_c35_join_2,27,9,0.8695652173913043,EXACT_OPTIMAL_COLOR_CLASS_ORDER,8,8,train,heuristic_gap_controlled
week17_gap_join_c35_join_2,30,10,0.855072463768116,EXACT_OPTIMAL_COLOR_CLASS_ORDER,8,8,train,heuristic_gap_controlled
week17_gap_join_c35_join_2,1,11,0.8405797101449275,EXACT_OPTIMAL_COLOR_CLASS_ORDER,8,8,train,heuristic_gap_controlled
week17_gap_join_c35_join_2,4,12,0.8260869565217391,EXACT_OPTIMAL_COLOR_CLASS_ORDER,8,8,train,heuristic_gap_controlled
week17_gap_join_c35_join_2,7,13,0.8115942028985508,EXACT_OPTIMAL_COLOR_CLASS_ORDER,8,8,train,heuristic_gap_controlled
week17_gap_join_c35_join_2,10,14,0.7971014492753623,EXACT_OPTIMAL_COLOR_CLASS_ORDER,8,8,train,heuristic_gap_controlled
week17_gap_join_c35_join_2,13,15,0.782608695652174,EXACT_OPTIMAL_COLOR_CLASS_ORDER,8,8,train,heuristic_gap_controlled
week17_gap_join_c35_join_2,16,16,0.7681159420289855,EXACT_OPTIMAL_COLOR_CLASS_ORDER,8,8,train,heuristic_gap_controlled
week17_gap_join_c35_join_2,19,17,0.7536231884057971,EXACT_OPTIMAL_COLOR_CLASS_ORDER,8,8,train,heuristic_gap_controlled
week17_gap_join_c35_join_2,22,18,0.7391304347826086,EXACT_OPTIMAL_COLOR_CLASS_ORDER,8,8,train,heuristic_gap_controlled
week17_gap_join_c35_join_2,25,19,0.7246376811594203,EXACT_OPTIMAL_COLOR_CLASS_ORDER,8,8,train,heuristic_gap_controlled
week17_gap_join_c35_join_2,28,20,0.7101449275362319,EXACT_OPTIMAL_COLOR_CLASS_ORDER,8,8,train,heuristic_gap_controlled
week17_gap_join_c35_join_2,32,21,0.6956521739130435,EXACT_OPTIMAL_COLOR_CLASS_ORDER,8,8,train,heuristic_gap_controlled
week17_gap_join_c35_join_2,2,22,0.6811594202898551,EXACT_OPTIMAL_COLOR_CLASS_ORDER,8,8,train,heuristic_gap_controlled
week17_gap_join_c35_join_2,5,23,0.6666666666666667,EXACT_OPTIMAL_COLOR_CLASS_ORDER,8,8,train,heuristic_gap_controlled
week17_gap_join_c35_join_2,8,24,0.6521739130434783,EXACT_OPTIMAL_COLOR_CLASS_ORDER,8,8,train,heuristic_gap_controlled
week17_gap_join_c35_join_2,11,25,0.6376811594202898,EXACT_OPTIMAL_COLOR_CLASS_ORDER,8,8,train,heuristic_gap_controlled
week17_gap_join_c35_join_2,14,26,0.6231884057971014,EXACT_OPTIMAL_COLOR_CLASS_ORDER,8,8,train,heuristic_gap_controlled
week17_gap_join_c35_join_2,17,27,0.6086956521739131,EXACT_OPTIMAL_COLOR_CLASS_ORDER,8,8,train,heuristic_gap_controlled
week17_gap_join_c35_join_2,20,28,0.5942028985507246,EXACT_OPTIMAL_COLOR_CLASS_ORDER,8,8,train,heuristic_gap_controlled
week17_gap_join_c35_join_2,23,29,0.5797101449275363,EXACT_OPTIMAL_COLOR_CLASS_ORDER,8,8,train,heuristic_gap_controlled
week17_gap_join_c35_join_2,26,30,0.5652173913043479,EXACT_OPTIMAL_COLOR_CLASS_ORDER,8,8,train,heuristic_gap_controlled
week17_gap_join_c35_join_2,29,31,0.5507246376811594,EXACT_OPTIMAL_COLOR_CLASS_ORDER,8,8,train,heuristic_gap_controlled
week17_gap_join_c35_join_2,33,32,0.536231884057971,EXACT_OPTIMAL_COLOR_CLASS_ORDER,8,8,train,heuristic_gap_controlled
week17_gap_join_c35_join_2,31,33,0.5217391304347826,EXACT_OPTIMAL_COLOR_CLASS_ORDER,8,8,train,heuristic_gap_controlled
week17_gap_join_c35_join_2,34,34,0.5072463768115942,EXACT_OPTIMAL_COLOR_CLASS_ORDER,8,8,train,heuristic_gap_controlled
week17_gap_join_c35_join_2,35,35,0.49275362318840576,EXACT_OPTIMAL_COLOR_CLASS_ORDER,8,8,train,heuristic_gap_controlled
week17_gap_join_c35_join_2,38,36,0.4782608695652174,EXACT_OPTIMAL_COLOR_CLASS_ORDER,8,8,train,heuristic_gap_controlled
week17_gap_join_c35_join_2,41,37,0.46376811594202894,EXACT_OPTIMAL_COLOR_CLASS_ORDER,8,8,train,heuristic_gap_controlled
week17_gap_join_c35_join_2,44,38,0.4492753623188406,EXACT_OPTIMAL_COLOR_CLASS_ORDER,8,8,train,heuristic_gap_controlled
week17_gap_join_c35_join_2,47,39,0.4347826086956522,EXACT_OPTIMAL_COLOR_CLASS_ORDER,8,8,train,heuristic_gap_controlled
week17_gap_join_c35_join_2,50,40,0.42028985507246375,EXACT_OPTIMAL_COLOR_CLASS_ORDER,8,8,train,heuristic_gap_controlled
week17_gap_join_c35_join_2,53,41,0.4057971014492754,EXACT_OPTIMAL_COLOR_CLASS_ORDER,8,8,train,heuristic_gap_controlled
week17_gap_join_c35_join_2,56,42,0.3913043478260869,EXACT_OPTIMAL_COLOR_CLASS_ORDER,8,8,train,heuristic_gap_controlled
week17_gap_join_c35_join_2,59,43,0.37681159420289856,EXACT_OPTIMAL_COLOR_CLASS_ORDER,8,8,train,heuristic_gap_controlled
week17_gap_join_c35_join_2,62,44,0.3623188405797102,EXACT_OPTIMAL_COLOR_CLASS_ORDER,8,8,train,heuristic_gap_controlled
week17_gap_join_c35_join_2,65,45,0.34782608695652173,EXACT_OPTIMAL_COLOR_CLASS_ORDER,8,8,train,heuristic_gap_controlled
week17_gap_join_c35_join_2,36,46,0.33333333333333337,EXACT_OPTIMAL_COLOR_CLASS_ORDER,8,8,train,heuristic_gap_controlled
week17_gap_join_c35_join_2,39,47,0.3188405797101449,EXACT_OPTIMAL_COLOR_CLASS_ORDER,8,8,train,heuristic_gap_controlled
week17_gap_join_c35_join_2,42,48,0.30434782608695654,EXACT_OPTIMAL_COLOR_CLASS_ORDER,8,8,train,heuristic_gap_controlled
week17_gap_join_c35_join_2,45,49,0.28985507246376807,EXACT_OPTIMAL_COLOR_CLASS_ORDER,8,8,train,heuristic_gap_controlled
week17_gap_join_c35_join_2,48,50,0.2753623188405797,EXACT_OPTIMAL_COLOR_CLASS_ORDER,8,8,train,heuristic_gap_controlled
week17_gap_join_c35_join_2,51,51,0.26086956521739135,EXACT_OPTIMAL_COLOR_CLASS_ORDER,8,8,train,heuristic_gap_controlled
week17_gap_join_c35_join_2,54,52,0.24637681159420288,EXACT_OPTIMAL_COLOR_CLASS_ORDER,8,8,train,heuristic_gap_controlled
week17_gap_join_c35_join_2,57,53,0.23188405797101452,EXACT_OPTIMAL_COLOR_CLASS_ORDER,8,8,train,heuristic_gap_controlled
week17_gap_join_c35_join_2,60,54,0.21739130434782605,EXACT_OPTIMAL_COLOR_CLASS_ORDER,8,8,train,heuristic_gap_controlled
week17_gap_join_c35_join_2,63,55,0.2028985507246377,EXACT_OPTIMAL_COLOR_CLASS_ORDER,8,8,train,heuristic_gap_controlled
week17_gap_join_c35_join_2,67,56,0.18840579710144922,EXACT_OPTIMAL_COLOR_CLASS_ORDER,8,8,train,heuristic_gap_controlled
week17_gap_join_c35_join_2,37,57,0.17391304347826086,EXACT_OPTIMAL_COLOR_CLASS_ORDER,8,8,train,heuristic_gap_controlled
week17_gap_join_c35_join_2,40,58,0.1594202898550725,EXACT_OPTIMAL_COLOR_CLASS_ORDER,8,8,train,heuristic_gap_controlled
week17_gap_join_c35_join_2,43,59,0.14492753623188404,EXACT_OPTIMAL_COLOR_CLASS_ORDER,8,8,train,heuristic_gap_controlled
week17_gap_join_c35_join_2,46,60,0.13043478260869568,EXACT_OPTIMAL_COLOR_CLASS_ORDER,8,8,train,heuristic_gap_controlled
week17_gap_join_c35_join_2,49,61,0.1159420289855072,EXACT_OPTIMAL_COLOR_CLASS_ORDER,8,8,train,heuristic_gap_controlled
week17_gap_join_c35_join_2,52,62,0.10144927536231885,EXACT_OPTIMAL_COLOR_CLASS_ORDER,8,8,train,heuristic_gap_controlled
week17_gap_join_c35_join_2,55,63,0.08695652173913049,EXACT_OPTIMAL_COLOR_CLASS_ORDER,8,8,train,heuristic_gap_controlled
week17_gap_join_c35_join_2,58,64,0.07246376811594202,EXACT_OPTIMAL_COLOR_CLASS_ORDER,8,8,train,heuristic_gap_controlled
week17_gap_join_c35_join_2,61,65,0.05797101449275366,EXACT_OPTIMAL_COLOR_CLASS_ORDER,8,8,train,heuristic_gap_controlled
week17_gap_join_c35_join_2,64,66,0.04347826086956519,EXACT_OPTIMAL_COLOR_CLASS_ORDER,8,8,train,heuristic_gap_controlled
week17_gap_join_c35_join_2,68,67,0.02898550724637683,EXACT_OPTIMAL_COLOR_CLASS_ORDER,8,8,train,heuristic_gap_controlled
week17_gap_join_c35_join_2,66,68,0.01449275362318836,EXACT_OPTIMAL_COLOR_CLASS_ORDER,8,8,train,heuristic_gap_controlled
week17_gap_join_c35_join_2,69,69,0.0,EXACT_OPTIMAL_COLOR_CLASS_ORDER,8,8,train,heuristic_gap_controlled
week17_gap_join_c35_join_3,0,0,1.0,EXACT_OPTIMAL_COLOR_CLASS_ORDER,12,12,train,heuristic_gap_controlled
week17_gap_join_c35_join_3,3,1,0.9903846153846154,EXACT_OPTIMAL_COLOR_CLASS_ORDER,12,12,train,heuristic_gap_controlled
week17_gap_join_c35_join_3,6,2,0.9807692307692307,EXACT_OPTIMAL_COLOR_CLASS_ORDER,12,12,train,heuristic_gap_controlled
week17_gap_join_c35_join_3,9,3,0.9711538461538461,EXACT_OPTIMAL_COLOR_CLASS_ORDER,12,12,train,heuristic_gap_controlled
week17_gap_join_c35_join_3,12,4,0.9615384615384616,EXACT_OPTIMAL_COLOR_CLASS_ORDER,12,12,train,heuristic_gap_controlled
week17_gap_join_c35_join_3,15,5,0.9519230769230769,EXACT_OPTIMAL_COLOR_CLASS_ORDER,12,12,train,heuristic_gap_controlled
week17_gap_join_c35_join_3,18,6,0.9423076923076923,EXACT_OPTIMAL_COLOR_CLASS_ORDER,12,12,train,heuristic_gap_controlled
week17_gap_join_c35_join_3,21,7,0.9326923076923077,EXACT_OPTIMAL_COLOR_CLASS_ORDER,12,12,train,heuristic_gap_controlled
week17_gap_join_c35_join_3,24,8,0.9230769230769231,EXACT_OPTIMAL_COLOR_CLASS_ORDER,12,12,train,heuristic_gap_controlled
week17_gap_join_c35_join_3,27,9,0.9134615384615384,EXACT_OPTIMAL_COLOR_CLASS_ORDER,12,12,train,heuristic_gap_controlled
week17_gap_join_c35_join_3,30,10,0.9038461538461539,EXACT_OPTIMAL_COLOR_CLASS_ORDER,12,12,train,heuristic_gap_controlled
week17_gap_join_c35_join_3,1,11,0.8942307692307693,EXACT_OPTIMAL_COLOR_CLASS_ORDER,12,12,train,heuristic_gap_controlled
week17_gap_join_c35_join_3,4,12,0.8846153846153846,EXACT_OPTIMAL_COLOR_CLASS_ORDER,12,12,train,heuristic_gap_controlled
week17_gap_join_c35_join_3,7,13,0.875,EXACT_OPTIMAL_COLOR_CLASS_ORDER,12,12,train,heuristic_gap_controlled
week17_gap_join_c35_join_3,10,14,0.8653846153846154,EXACT_OPTIMAL_COLOR_CLASS_ORDER,12,12,train,heuristic_gap_controlled
week17_gap_join_c35_join_3,13,15,0.8557692307692308,EXACT_OPTIMAL_COLOR_CLASS_ORDER,12,12,train,heuristic_gap_controlled
week17_gap_join_c35_join_3,16,16,0.8461538461538461,EXACT_OPTIMAL_COLOR_CLASS_ORDER,12,12,train,heuristic_gap_controlled
week17_gap_join_c35_join_3,19,17,0.8365384615384616,EXACT_OPTIMAL_COLOR_CLASS_ORDER,12,12,train,heuristic_gap_controlled
week17_gap_join_c35_join_3,22,18,0.8269230769230769,EXACT_OPTIMAL_COLOR_CLASS_ORDER,12,12,train,heuristic_gap_controlled
week17_gap_join_c35_join_3,25,19,0.8173076923076923,EXACT_OPTIMAL_COLOR_CLASS_ORDER,12,12,train,heuristic_gap_controlled
week17_gap_join_c35_join_3,28,20,0.8076923076923077,EXACT_OPTIMAL_COLOR_CLASS_ORDER,12,12,train,heuristic_gap_controlled
week17_gap_join_c35_join_3,32,21,0.7980769230769231,EXACT_OPTIMAL_COLOR_CLASS_ORDER,12,12,train,heuristic_gap_controlled
week17_gap_join_c35_join_3,2,22,0.7884615384615384,EXACT_OPTIMAL_COLOR_CLASS_ORDER,12,12,train,heuristic_gap_controlled
week17_gap_join_c35_join_3,5,23,0.7788461538461539,EXACT_OPTIMAL_COLOR_CLASS_ORDER,12,12,train,heuristic_gap_controlled
week17_gap_join_c35_join_3,8,24,0.7692307692307692,EXACT_OPTIMAL_COLOR_CLASS_ORDER,12,12,train,heuristic_gap_controlled
week17_gap_join_c35_join_3,11,25,0.7596153846153846,EXACT_OPTIMAL_COLOR_CLASS_ORDER,12,12,train,heuristic_gap_controlled
week17_gap_join_c35_join_3,14,26,0.75,EXACT_OPTIMAL_COLOR_CLASS_ORDER,12,12,train,heuristic_gap_controlled
week17_gap_join_c35_join_3,17,27,0.7403846153846154,EXACT_OPTIMAL_COLOR_CLASS_ORDER,12,12,train,heuristic_gap_controlled
week17_gap_join_c35_join_3,20,28,0.7307692307692308,EXACT_OPTIMAL_COLOR_CLASS_ORDER,12,12,train,heuristic_gap_controlled
week17_gap_join_c35_join_3,23,29,0.7211538461538461,EXACT_OPTIMAL_COLOR_CLASS_ORDER,12,12,train,heuristic_gap_controlled
week17_gap_join_c35_join_3,26,30,0.7115384615384616,EXACT_OPTIMAL_COLOR_CLASS_ORDER,12,12,train,heuristic_gap_controlled
week17_gap_join_c35_join_3,29,31,0.7019230769230769,EXACT_OPTIMAL_COLOR_CLASS_ORDER,12,12,train,heuristic_gap_controlled
week17_gap_join_c35_join_3,33,32,0.6923076923076923,EXACT_OPTIMAL_COLOR_CLASS_ORDER,12,12,train,heuristic_gap_controlled
week17_gap_join_c35_join_3,31,33,0.6826923076923077,EXACT_OPTIMAL_COLOR_CLASS_ORDER,12,12,train,heuristic_gap_controlled
week17_gap_join_c35_join_3,34,34,0.6730769230769231,EXACT_OPTIMAL_COLOR_CLASS_ORDER,12,12,train,heuristic_gap_controlled
week17_gap_join_c35_join_3,35,35,0.6634615384615384,EXACT_OPTIMAL_COLOR_CLASS_ORDER,12,12,train,heuristic_gap_controlled
week17_gap_join_c35_join_3,38,36,0.6538461538461539,EXACT_OPTIMAL_COLOR_CLASS_ORDER,12,12,train,heuristic_gap_controlled
week17_gap_join_c35_join_3,41,37,0.6442307692307692,EXACT_OPTIMAL_COLOR_CLASS_ORDER,12,12,train,heuristic_gap_controlled
week17_gap_join_c35_join_3,44,38,0.6346153846153846,EXACT_OPTIMAL_COLOR_CLASS_ORDER,12,12,train,heuristic_gap_controlled
week17_gap_join_c35_join_3,47,39,0.625,EXACT_OPTIMAL_COLOR_CLASS_ORDER,12,12,train,heuristic_gap_controlled
week17_gap_join_c35_join_3,50,40,0.6153846153846154,EXACT_OPTIMAL_COLOR_CLASS_ORDER,12,12,train,heuristic_gap_controlled
week17_gap_join_c35_join_3,53,41,0.6057692307692308,EXACT_OPTIMAL_COLOR_CLASS_ORDER,12,12,train,heuristic_gap_controlled
week17_gap_join_c35_join_3,56,42,0.5961538461538461,EXACT_OPTIMAL_COLOR_CLASS_ORDER,12,12,train,heuristic_gap_controlled
week17_gap_join_c35_join_3,59,43,0.5865384615384616,EXACT_OPTIMAL_COLOR_CLASS_ORDER,12,12,train,heuristic_gap_controlled
week17_gap_join_c35_join_3,62,44,0.5769230769230769,EXACT_OPTIMAL_COLOR_CLASS_ORDER,12,12,train,heuristic_gap_controlled
week17_gap_join_c35_join_3,65,45,0.5673076923076923,EXACT_OPTIMAL_COLOR_CLASS_ORDER,12,12,train,heuristic_gap_controlled
week17_gap_join_c35_join_3,36,46,0.5576923076923077,EXACT_OPTIMAL_COLOR_CLASS_ORDER,12,12,train,heuristic_gap_controlled
week17_gap_join_c35_join_3,39,47,0.5480769230769231,EXACT_OPTIMAL_COLOR_CLASS_ORDER,12,12,train,heuristic_gap_controlled
week17_gap_join_c35_join_3,42,48,0.5384615384615384,EXACT_OPTIMAL_COLOR_CLASS_ORDER,12,12,train,heuristic_gap_controlled
week17_gap_join_c35_join_3,45,49,0.5288461538461539,EXACT_OPTIMAL_COLOR_CLASS_ORDER,12,12,train,heuristic_gap_controlled
week17_gap_join_c35_join_3,48,50,0.5192307692307692,EXACT_OPTIMAL_COLOR_CLASS_ORDER,12,12,train,heuristic_gap_controlled
week17_gap_join_c35_join_3,51,51,0.5096153846153846,EXACT_OPTIMAL_COLOR_CLASS_ORDER,12,12,train,heuristic_gap_controlled
week17_gap_join_c35_join_3,54,52,0.5,EXACT_OPTIMAL_COLOR_CLASS_ORDER,12,12,train,heuristic_gap_controlled
week17_gap_join_c35_join_3,57,53,0.4903846153846154,EXACT_OPTIMAL_COLOR_CLASS_ORDER,12,12,train,heuristic_gap_controlled
week17_gap_join_c35_join_3,60,54,0.4807692307692307,EXACT_OPTIMAL_COLOR_CLASS_ORDER,12,12,train,heuristic_gap_controlled
week17_gap_join_c35_join_3,63,55,0.47115384615384615,EXACT_OPTIMAL_COLOR_CLASS_ORDER,12,12,train,heuristic_gap_controlled
week17_gap_join_c35_join_3,67,56,0.46153846153846156,EXACT_OPTIMAL_COLOR_CLASS_ORDER,12,12,train,heuristic_gap_controlled
week17_gap_join_c35_join_3,37,57,0.45192307692307687,EXACT_OPTIMAL_COLOR_CLASS_ORDER,12,12,train,heuristic_gap_controlled
week17_gap_join_c35_join_3,40,58,0.4423076923076923,EXACT_OPTIMAL_COLOR_CLASS_ORDER,12,12,train,heuristic_gap_controlled
week17_gap_join_c35_join_3,43,59,0.4326923076923077,EXACT_OPTIMAL_COLOR_CLASS_ORDER,12,12,train,heuristic_gap_controlled
week17_gap_join_c35_join_3,46,60,0.42307692307692313,EXACT_OPTIMAL_COLOR_CLASS_ORDER,12,12,train,heuristic_gap_controlled
week17_gap_join_c35_join_3,49,61,0.41346153846153844,EXACT_OPTIMAL_COLOR_CLASS_ORDER,12,12,train,heuristic_gap_controlled
week17_gap_join_c35_join_3,52,62,0.40384615384615385,EXACT_OPTIMAL_COLOR_CLASS_ORDER,12,12,train,heuristic_gap_controlled
week17_gap_join_c35_join_3,55,63,0.3942307692307693,EXACT_OPTIMAL_COLOR_CLASS_ORDER,12,12,train,heuristic_gap_controlled
week17_gap_join_c35_join_3,58,64,0.3846153846153846,EXACT_OPTIMAL_COLOR_CLASS_ORDER,12,12,train,heuristic_gap_controlled
week17_gap_join_c35_join_3,61,65,0.375,EXACT_OPTIMAL_COLOR_CLASS_ORDER,12,12,train,heuristic_gap_controlled
week17_gap_join_c35_join_3,64,66,0.3653846153846154,EXACT_OPTIMAL_COLOR_CLASS_ORDER,12,12,train,heuristic_gap_controlled
week17_gap_join_c35_join_3,68,67,0.3557692307692307,EXACT_OPTIMAL_COLOR_CLASS_ORDER,12,12,train,heuristic_gap_controlled
week17_gap_join_c35_join_3,66,68,0.34615384615384615,EXACT_OPTIMAL_COLOR_CLASS_ORDER,12,12,train,heuristic_gap_controlled
week17_gap_join_c35_join_3,69,69,0.33653846153846156,EXACT_OPTIMAL_COLOR_CLASS_ORDER,12,12,train,heuristic_gap_controlled
week17_gap_join_c35_join_3,70,70,0.32692307692307687,EXACT_OPTIMAL_COLOR_CLASS_ORDER,12,12,train,heuristic_gap_controlled
week17_gap_join_c35_join_3,73,71,0.3173076923076923,EXACT_OPTIMAL_COLOR_CLASS_ORDER,12,12,train,heuristic_gap_controlled
week17_gap_join_c35_join_3,76,72,0.3076923076923077,EXACT_OPTIMAL_COLOR_CLASS_ORDER,12,12,train,heuristic_gap_controlled
week17_gap_join_c35_join_3,79,73,0.29807692307692313,EXACT_OPTIMAL_COLOR_CLASS_ORDER,12,12,train,heuristic_gap_controlled
week17_gap_join_c35_join_3,82,74,0.28846153846153844,EXACT_OPTIMAL_COLOR_CLASS_ORDER,12,12,train,heuristic_gap_controlled
week17_gap_join_c35_join_3,85,75,0.27884615384615385,EXACT_OPTIMAL_COLOR_CLASS_ORDER,12,12,train,heuristic_gap_controlled
week17_gap_join_c35_join_3,88,76,0.2692307692307693,EXACT_OPTIMAL_COLOR_CLASS_ORDER,12,12,train,heuristic_gap_controlled
week17_gap_join_c35_join_3,91,77,0.2596153846153846,EXACT_OPTIMAL_COLOR_CLASS_ORDER,12,12,train,heuristic_gap_controlled
week17_gap_join_c35_join_3,94,78,0.25,EXACT_OPTIMAL_COLOR_CLASS_ORDER,12,12,train,heuristic_gap_controlled
week17_gap_join_c35_join_3,97,79,0.24038461538461542,EXACT_OPTIMAL_COLOR_CLASS_ORDER,12,12,train,heuristic_gap_controlled
week17_gap_join_c35_join_3,100,80,0.23076923076923073,EXACT_OPTIMAL_COLOR_CLASS_ORDER,12,12,train,heuristic_gap_controlled
week17_gap_join_c35_join_3,71,81,0.22115384615384615,EXACT_OPTIMAL_COLOR_CLASS_ORDER,12,12,train,heuristic_gap_controlled
week17_gap_join_c35_join_3,74,82,0.21153846153846156,EXACT_OPTIMAL_COLOR_CLASS_ORDER,12,12,train,heuristic_gap_controlled
week17_gap_join_c35_join_3,77,83,0.20192307692307687,EXACT_OPTIMAL_COLOR_CLASS_ORDER,12,12,train,heuristic_gap_controlled
week17_gap_join_c35_join_3,80,84,0.1923076923076923,EXACT_OPTIMAL_COLOR_CLASS_ORDER,12,12,train,heuristic_gap_controlled
week17_gap_join_c35_join_3,83,85,0.1826923076923077,EXACT_OPTIMAL_COLOR_CLASS_ORDER,12,12,train,heuristic_gap_controlled
week17_gap_join_c35_join_3,86,86,0.17307692307692313,EXACT_OPTIMAL_COLOR_CLASS_ORDER,12,12,train,heuristic_gap_controlled
week17_gap_join_c35_join_3,89,87,0.16346153846153844,EXACT_OPTIMAL_COLOR_CLASS_ORDER,12,12,train,heuristic_gap_controlled
week17_gap_join_c35_join_3,92,88,0.15384615384615385,EXACT_OPTIMAL_COLOR_CLASS_ORDER,12,12,train,heuristic_gap_controlled
week17_gap_join_c35_join_3,95,89,0.14423076923076927,EXACT_OPTIMAL_COLOR_CLASS_ORDER,12,12,train,heuristic_gap_controlled
week17_gap_join_c35_join_3,98,90,0.13461538461538458,EXACT_OPTIMAL_COLOR_CLASS_ORDER,12,12,train,heuristic_gap_controlled
week17_gap_join_c35_join_3,102,91,0.125,EXACT_OPTIMAL_COLOR_CLASS_ORDER,12,12,train,heuristic_gap_controlled
week17_gap_join_c35_join_3,72,92,0.11538461538461542,EXACT_OPTIMAL_COLOR_CLASS_ORDER,12,12,train,heuristic_gap_controlled
week17_gap_join_c35_join_3,75,93,0.10576923076923073,EXACT_OPTIMAL_COLOR_CLASS_ORDER,12,12,train,heuristic_gap_controlled
week17_gap_join_c35_join_3,78,94,0.09615384615384615,EXACT_OPTIMAL_COLOR_CLASS_ORDER,12,12,train,heuristic_gap_controlled
week17_gap_join_c35_join_3,81,95,0.08653846153846156,EXACT_OPTIMAL_COLOR_CLASS_ORDER,12,12,train,heuristic_gap_controlled
week17_gap_join_c35_join_3,84,96,0.07692307692307687,EXACT_OPTIMAL_COLOR_CLASS_ORDER,12,12,train,heuristic_gap_controlled
week17_gap_join_c35_join_3,87,97,0.06730769230769229,EXACT_OPTIMAL_COLOR_CLASS_ORDER,12,12,train,heuristic_gap_controlled
week17_gap_join_c35_join_3,90,98,0.05769230769230771,EXACT_OPTIMAL_COLOR_CLASS_ORDER,12,12,train,heuristic_gap_controlled
week17_gap_join_c35_join_3,93,99,0.04807692307692313,EXACT_OPTIMAL_COLOR_CLASS_ORDER,12,12,train,heuristic_gap_controlled
week17_gap_join_c35_join_3,96,100,0.038461538461538436,EXACT_OPTIMAL_COLOR_CLASS_ORDER,12,12,train,heuristic_gap_controlled
week17_gap_join_c35_join_3,99,101,0.028846153846153855,EXACT_OPTIMAL_COLOR_CLASS_ORDER,12,12,train,heuristic_gap_controlled
week17_gap_join_c35_join_3,103,102,0.019230769230769273,EXACT_OPTIMAL_COLOR_CLASS_ORDER,12,12,train,heuristic_gap_controlled
week17_gap_join_c35_join_3,101,103,0.009615384615384581,EXACT_OPTIMAL_COLOR_CLASS_ORDER,12,12,train,heuristic_gap_controlled
week17_gap_join_c35_join_3,104,104,0.0,EXACT_OPTIMAL_COLOR_CLASS_ORDER,12,12,train,heuristic_gap_controlled
week17_gap_join_c35_join_4,0,0,1.0,EXACT_OPTIMAL_COLOR_CLASS_ORDER,16,16,train,heuristic_gap_controlled
week17_gap_join_c35_join_4,3,1,0.9928057553956835,EXACT_OPTIMAL_COLOR_CLASS_ORDER,16,16,train,heuristic_gap_controlled
week17_gap_join_c35_join_4,6,2,0.9856115107913669,EXACT_OPTIMAL_COLOR_CLASS_ORDER,16,16,train,heuristic_gap_controlled
week17_gap_join_c35_join_4,9,3,0.9784172661870504,EXACT_OPTIMAL_COLOR_CLASS_ORDER,16,16,train,heuristic_gap_controlled
week17_gap_join_c35_join_4,12,4,0.9712230215827338,EXACT_OPTIMAL_COLOR_CLASS_ORDER,16,16,train,heuristic_gap_controlled
week17_gap_join_c35_join_4,15,5,0.9640287769784173,EXACT_OPTIMAL_COLOR_CLASS_ORDER,16,16,train,heuristic_gap_controlled
week17_gap_join_c35_join_4,18,6,0.9568345323741008,EXACT_OPTIMAL_COLOR_CLASS_ORDER,16,16,train,heuristic_gap_controlled
week17_gap_join_c35_join_4,21,7,0.9496402877697842,EXACT_OPTIMAL_COLOR_CLASS_ORDER,16,16,train,heuristic_gap_controlled
week17_gap_join_c35_join_4,24,8,0.9424460431654677,EXACT_OPTIMAL_COLOR_CLASS_ORDER,16,16,train,heuristic_gap_controlled
week17_gap_join_c35_join_4,27,9,0.935251798561151,EXACT_OPTIMAL_COLOR_CLASS_ORDER,16,16,train,heuristic_gap_controlled
week17_gap_join_c35_join_4,30,10,0.9280575539568345,EXACT_OPTIMAL_COLOR_CLASS_ORDER,16,16,train,heuristic_gap_controlled
week17_gap_join_c35_join_4,1,11,0.920863309352518,EXACT_OPTIMAL_COLOR_CLASS_ORDER,16,16,train,heuristic_gap_controlled
week17_gap_join_c35_join_4,4,12,0.9136690647482014,EXACT_OPTIMAL_COLOR_CLASS_ORDER,16,16,train,heuristic_gap_controlled
week17_gap_join_c35_join_4,7,13,0.9064748201438849,EXACT_OPTIMAL_COLOR_CLASS_ORDER,16,16,train,heuristic_gap_controlled
week17_gap_join_c35_join_4,10,14,0.8992805755395683,EXACT_OPTIMAL_COLOR_CLASS_ORDER,16,16,train,heuristic_gap_controlled
week17_gap_join_c35_join_4,13,15,0.8920863309352518,EXACT_OPTIMAL_COLOR_CLASS_ORDER,16,16,train,heuristic_gap_controlled
week17_gap_join_c35_join_4,16,16,0.8848920863309353,EXACT_OPTIMAL_COLOR_CLASS_ORDER,16,16,train,heuristic_gap_controlled
week17_gap_join_c35_join_4,19,17,0.8776978417266187,EXACT_OPTIMAL_COLOR_CLASS_ORDER,16,16,train,heuristic_gap_controlled
week17_gap_join_c35_join_4,22,18,0.8705035971223022,EXACT_OPTIMAL_COLOR_CLASS_ORDER,16,16,train,heuristic_gap_controlled
week17_gap_join_c35_join_4,25,19,0.8633093525179856,EXACT_OPTIMAL_COLOR_CLASS_ORDER,16,16,train,heuristic_gap_controlled
week17_gap_join_c35_join_4,28,20,0.8561151079136691,EXACT_OPTIMAL_COLOR_CLASS_ORDER,16,16,train,heuristic_gap_controlled
week17_gap_join_c35_join_4,32,21,0.8489208633093526,EXACT_OPTIMAL_COLOR_CLASS_ORDER,16,16,train,heuristic_gap_controlled
week17_gap_join_c35_join_4,2,22,0.841726618705036,EXACT_OPTIMAL_COLOR_CLASS_ORDER,16,16,train,heuristic_gap_controlled
week17_gap_join_c35_join_4,5,23,0.8345323741007195,EXACT_OPTIMAL_COLOR_CLASS_ORDER,16,16,train,heuristic_gap_controlled
week17_gap_join_c35_join_4,8,24,0.8273381294964028,EXACT_OPTIMAL_COLOR_CLASS_ORDER,16,16,train,heuristic_gap_controlled
week17_gap_join_c35_join_4,11,25,0.8201438848920863,EXACT_OPTIMAL_COLOR_CLASS_ORDER,16,16,train,heuristic_gap_controlled
week17_gap_join_c35_join_4,14,26,0.8129496402877698,EXACT_OPTIMAL_COLOR_CLASS_ORDER,16,16,train,heuristic_gap_controlled
week17_gap_join_c35_join_4,17,27,0.8057553956834532,EXACT_OPTIMAL_COLOR_CLASS_ORDER,16,16,train,heuristic_gap_controlled
week17_gap_join_c35_join_4,20,28,0.7985611510791367,EXACT_OPTIMAL_COLOR_CLASS_ORDER,16,16,train,heuristic_gap_controlled
week17_gap_join_c35_join_4,23,29,0.7913669064748201,EXACT_OPTIMAL_COLOR_CLASS_ORDER,16,16,train,heuristic_gap_controlled
week17_gap_join_c35_join_4,26,30,0.7841726618705036,EXACT_OPTIMAL_COLOR_CLASS_ORDER,16,16,train,heuristic_gap_controlled
week17_gap_join_c35_join_4,29,31,0.7769784172661871,EXACT_OPTIMAL_COLOR_CLASS_ORDER,16,16,train,heuristic_gap_controlled
week17_gap_join_c35_join_4,33,32,0.7697841726618705,EXACT_OPTIMAL_COLOR_CLASS_ORDER,16,16,train,heuristic_gap_controlled
week17_gap_join_c35_join_4,31,33,0.762589928057554,EXACT_OPTIMAL_COLOR_CLASS_ORDER,16,16,train,heuristic_gap_controlled
week17_gap_join_c35_join_4,34,34,0.7553956834532374,EXACT_OPTIMAL_COLOR_CLASS_ORDER,16,16,train,heuristic_gap_controlled
week17_gap_join_c35_join_4,35,35,0.7482014388489209,EXACT_OPTIMAL_COLOR_CLASS_ORDER,16,16,train,heuristic_gap_controlled
week17_gap_join_c35_join_4,38,36,0.7410071942446044,EXACT_OPTIMAL_COLOR_CLASS_ORDER,16,16,train,heuristic_gap_controlled
week17_gap_join_c35_join_4,41,37,0.7338129496402878,EXACT_OPTIMAL_COLOR_CLASS_ORDER,16,16,train,heuristic_gap_controlled
week17_gap_join_c35_join_4,44,38,0.7266187050359711,EXACT_OPTIMAL_COLOR_CLASS_ORDER,16,16,train,heuristic_gap_controlled
week17_gap_join_c35_join_4,47,39,0.7194244604316546,EXACT_OPTIMAL_COLOR_CLASS_ORDER,16,16,train,heuristic_gap_controlled
week17_gap_join_c35_join_4,50,40,0.7122302158273381,EXACT_OPTIMAL_COLOR_CLASS_ORDER,16,16,train,heuristic_gap_controlled
week17_gap_join_c35_join_4,53,41,0.7050359712230216,EXACT_OPTIMAL_COLOR_CLASS_ORDER,16,16,train,heuristic_gap_controlled
week17_gap_join_c35_join_4,56,42,0.697841726618705,EXACT_OPTIMAL_COLOR_CLASS_ORDER,16,16,train,heuristic_gap_controlled
week17_gap_join_c35_join_4,59,43,0.6906474820143884,EXACT_OPTIMAL_COLOR_CLASS_ORDER,16,16,train,heuristic_gap_controlled
week17_gap_join_c35_join_4,62,44,0.6834532374100719,EXACT_OPTIMAL_COLOR_CLASS_ORDER,16,16,train,heuristic_gap_controlled
week17_gap_join_c35_join_4,65,45,0.6762589928057554,EXACT_OPTIMAL_COLOR_CLASS_ORDER,16,16,train,heuristic_gap_controlled
week17_gap_join_c35_join_4,36,46,0.6690647482014389,EXACT_OPTIMAL_COLOR_CLASS_ORDER,16,16,train,heuristic_gap_controlled
week17_gap_join_c35_join_4,39,47,0.6618705035971223,EXACT_OPTIMAL_COLOR_CLASS_ORDER,16,16,train,heuristic_gap_controlled
week17_gap_join_c35_join_4,42,48,0.6546762589928057,EXACT_OPTIMAL_COLOR_CLASS_ORDER,16,16,train,heuristic_gap_controlled
week17_gap_join_c35_join_4,45,49,0.6474820143884892,EXACT_OPTIMAL_COLOR_CLASS_ORDER,16,16,train,heuristic_gap_controlled
week17_gap_join_c35_join_4,48,50,0.6402877697841727,EXACT_OPTIMAL_COLOR_CLASS_ORDER,16,16,train,heuristic_gap_controlled
week17_gap_join_c35_join_4,51,51,0.6330935251798562,EXACT_OPTIMAL_COLOR_CLASS_ORDER,16,16,train,heuristic_gap_controlled
week17_gap_join_c35_join_4,54,52,0.6258992805755396,EXACT_OPTIMAL_COLOR_CLASS_ORDER,16,16,train,heuristic_gap_controlled
week17_gap_join_c35_join_4,57,53,0.618705035971223,EXACT_OPTIMAL_COLOR_CLASS_ORDER,16,16,train,heuristic_gap_controlled
week17_gap_join_c35_join_4,60,54,0.6115107913669064,EXACT_OPTIMAL_COLOR_CLASS_ORDER,16,16,train,heuristic_gap_controlled
week17_gap_join_c35_join_4,63,55,0.60431654676259,EXACT_OPTIMAL_COLOR_CLASS_ORDER,16,16,train,heuristic_gap_controlled
week17_gap_join_c35_join_4,67,56,0.5971223021582734,EXACT_OPTIMAL_COLOR_CLASS_ORDER,16,16,train,heuristic_gap_controlled
week17_gap_join_c35_join_4,37,57,0.5899280575539568,EXACT_OPTIMAL_COLOR_CLASS_ORDER,16,16,train,heuristic_gap_controlled
week17_gap_join_c35_join_4,40,58,0.5827338129496402,EXACT_OPTIMAL_COLOR_CLASS_ORDER,16,16,train,heuristic_gap_controlled
week17_gap_join_c35_join_4,43,59,0.5755395683453237,EXACT_OPTIMAL_COLOR_CLASS_ORDER,16,16,train,heuristic_gap_controlled
week17_gap_join_c35_join_4,46,60,0.5683453237410072,EXACT_OPTIMAL_COLOR_CLASS_ORDER,16,16,train,heuristic_gap_controlled
week17_gap_join_c35_join_4,49,61,0.5611510791366907,EXACT_OPTIMAL_COLOR_CLASS_ORDER,16,16,train,heuristic_gap_controlled
week17_gap_join_c35_join_4,52,62,0.5539568345323741,EXACT_OPTIMAL_COLOR_CLASS_ORDER,16,16,train,heuristic_gap_controlled
week17_gap_join_c35_join_4,55,63,0.5467625899280575,EXACT_OPTIMAL_COLOR_CLASS_ORDER,16,16,train,heuristic_gap_controlled
week17_gap_join_c35_join_4,58,64,0.539568345323741,EXACT_OPTIMAL_COLOR_CLASS_ORDER,16,16,train,heuristic_gap_controlled
week17_gap_join_c35_join_4,61,65,0.5323741007194245,EXACT_OPTIMAL_COLOR_CLASS_ORDER,16,16,train,heuristic_gap_controlled
week17_gap_join_c35_join_4,64,66,0.525179856115108,EXACT_OPTIMAL_COLOR_CLASS_ORDER,16,16,train,heuristic_gap_controlled
week17_gap_join_c35_join_4,68,67,0.5179856115107914,EXACT_OPTIMAL_COLOR_CLASS_ORDER,16,16,train,heuristic_gap_controlled
week17_gap_join_c35_join_4,66,68,0.5107913669064748,EXACT_OPTIMAL_COLOR_CLASS_ORDER,16,16,train,heuristic_gap_controlled
week17_gap_join_c35_join_4,69,69,0.5035971223021583,EXACT_OPTIMAL_COLOR_CLASS_ORDER,16,16,train,heuristic_gap_controlled
week17_gap_join_c35_join_4,70,70,0.49640287769784175,EXACT_OPTIMAL_COLOR_CLASS_ORDER,16,16,train,heuristic_gap_controlled
week17_gap_join_c35_join_4,73,71,0.48920863309352514,EXACT_OPTIMAL_COLOR_CLASS_ORDER,16,16,train,heuristic_gap_controlled
week17_gap_join_c35_join_4,76,72,0.48201438848920863,EXACT_OPTIMAL_COLOR_CLASS_ORDER,16,16,train,heuristic_gap_controlled
week17_gap_join_c35_join_4,79,73,0.47482014388489213,EXACT_OPTIMAL_COLOR_CLASS_ORDER,16,16,train,heuristic_gap_controlled
week17_gap_join_c35_join_4,82,74,0.4676258992805755,EXACT_OPTIMAL_COLOR_CLASS_ORDER,16,16,train,heuristic_gap_controlled
week17_gap_join_c35_join_4,85,75,0.460431654676259,EXACT_OPTIMAL_COLOR_CLASS_ORDER,16,16,train,heuristic_gap_controlled
week17_gap_join_c35_join_4,88,76,0.4532374100719424,EXACT_OPTIMAL_COLOR_CLASS_ORDER,16,16,train,heuristic_gap_controlled
week17_gap_join_c35_join_4,91,77,0.4460431654676259,EXACT_OPTIMAL_COLOR_CLASS_ORDER,16,16,train,heuristic_gap_controlled
week17_gap_join_c35_join_4,94,78,0.4388489208633094,EXACT_OPTIMAL_COLOR_CLASS_ORDER,16,16,train,heuristic_gap_controlled
week17_gap_join_c35_join_4,97,79,0.4316546762589928,EXACT_OPTIMAL_COLOR_CLASS_ORDER,16,16,train,heuristic_gap_controlled
week17_gap_join_c35_join_4,100,80,0.4244604316546763,EXACT_OPTIMAL_COLOR_CLASS_ORDER,16,16,train,heuristic_gap_controlled
week17_gap_join_c35_join_4,71,81,0.41726618705035967,EXACT_OPTIMAL_COLOR_CLASS_ORDER,16,16,train,heuristic_gap_controlled
week17_gap_join_c35_join_4,74,82,0.41007194244604317,EXACT_OPTIMAL_COLOR_CLASS_ORDER,16,16,train,heuristic_gap_controlled
week17_gap_join_c35_join_4,77,83,0.40287769784172667,EXACT_OPTIMAL_COLOR_CLASS_ORDER,16,16,train,heuristic_gap_controlled
week17_gap_join_c35_join_4,80,84,0.39568345323741005,EXACT_OPTIMAL_COLOR_CLASS_ORDER,16,16,train,heuristic_gap_controlled
week17_gap_join_c35_join_4,83,85,0.38848920863309355,EXACT_OPTIMAL_COLOR_CLASS_ORDER,16,16,train,heuristic_gap_controlled
week17_gap_join_c35_join_4,86,86,0.38129496402877694,EXACT_OPTIMAL_COLOR_CLASS_ORDER,16,16,train,heuristic_gap_controlled
week17_gap_join_c35_join_4,89,87,0.37410071942446044,EXACT_OPTIMAL_COLOR_CLASS_ORDER,16,16,train,heuristic_gap_controlled
week17_gap_join_c35_join_4,92,88,0.36690647482014394,EXACT_OPTIMAL_COLOR_CLASS_ORDER,16,16,train,heuristic_gap_controlled
week17_gap_join_c35_join_4,95,89,0.3597122302158273,EXACT_OPTIMAL_COLOR_CLASS_ORDER,16,16,train,heuristic_gap_controlled
week17_gap_join_c35_join_4,98,90,0.3525179856115108,EXACT_OPTIMAL_COLOR_CLASS_ORDER,16,16,train,heuristic_gap_controlled
week17_gap_join_c35_join_4,102,91,0.3453237410071942,EXACT_OPTIMAL_COLOR_CLASS_ORDER,16,16,train,heuristic_gap_controlled
week17_gap_join_c35_join_4,72,92,0.3381294964028777,EXACT_OPTIMAL_COLOR_CLASS_ORDER,16,16,train,heuristic_gap_controlled
week17_gap_join_c35_join_4,75,93,0.3309352517985612,EXACT_OPTIMAL_COLOR_CLASS_ORDER,16,16,train,heuristic_gap_controlled
week17_gap_join_c35_join_4,78,94,0.3237410071942446,EXACT_OPTIMAL_COLOR_CLASS_ORDER,16,16,train,heuristic_gap_controlled
week17_gap_join_c35_join_4,81,95,0.3165467625899281,EXACT_OPTIMAL_COLOR_CLASS_ORDER,16,16,train,heuristic_gap_controlled
week17_gap_join_c35_join_4,84,96,0.3093525179856115,EXACT_OPTIMAL_COLOR_CLASS_ORDER,16,16,train,heuristic_gap_controlled
week17_gap_join_c35_join_4,87,97,0.302158273381295,EXACT_OPTIMAL_COLOR_CLASS_ORDER,16,16,train,heuristic_gap_controlled
week17_gap_join_c35_join_4,90,98,0.29496402877697847,EXACT_OPTIMAL_COLOR_CLASS_ORDER,16,16,train,heuristic_gap_controlled
week17_gap_join_c35_join_4,93,99,0.28776978417266186,EXACT_OPTIMAL_COLOR_CLASS_ORDER,16,16,train,heuristic_gap_controlled
week17_gap_join_c35_join_4,96,100,0.28057553956834536,EXACT_OPTIMAL_COLOR_CLASS_ORDER,16,16,train,heuristic_gap_controlled
week17_gap_join_c35_join_4,99,101,0.27338129496402874,EXACT_OPTIMAL_COLOR_CLASS_ORDER,16,16,train,heuristic_gap_controlled
week17_gap_join_c35_join_4,103,102,0.26618705035971224,EXACT_OPTIMAL_COLOR_CLASS_ORDER,16,16,train,heuristic_gap_controlled
week17_gap_join_c35_join_4,101,103,0.25899280575539574,EXACT_OPTIMAL_COLOR_CLASS_ORDER,16,16,train,heuristic_gap_controlled
week17_gap_join_c35_join_4,104,104,0.2517985611510791,EXACT_OPTIMAL_COLOR_CLASS_ORDER,16,16,train,heuristic_gap_controlled
week17_gap_join_c35_join_4,105,105,0.24460431654676262,EXACT_OPTIMAL_COLOR_CLASS_ORDER,16,16,train,heuristic_gap_controlled
week17_gap_join_c35_join_4,108,106,0.237410071942446,EXACT_OPTIMAL_COLOR_CLASS_ORDER,16,16,train,heuristic_gap_controlled
week17_gap_join_c35_join_4,111,107,0.2302158273381295,EXACT_OPTIMAL_COLOR_CLASS_ORDER,16,16,train,heuristic_gap_controlled
week17_gap_join_c35_join_4,114,108,0.2230215827338129,EXACT_OPTIMAL_COLOR_CLASS_ORDER,16,16,train,heuristic_gap_controlled
week17_gap_join_c35_join_4,117,109,0.2158273381294964,EXACT_OPTIMAL_COLOR_CLASS_ORDER,16,16,train,heuristic_gap_controlled
week17_gap_join_c35_join_4,120,110,0.2086330935251799,EXACT_OPTIMAL_COLOR_CLASS_ORDER,16,16,train,heuristic_gap_controlled
week17_gap_join_c35_join_4,123,111,0.20143884892086328,EXACT_OPTIMAL_COLOR_CLASS_ORDER,16,16,train,heuristic_gap_controlled
week17_gap_join_c35_join_4,126,112,0.19424460431654678,EXACT_OPTIMAL_COLOR_CLASS_ORDER,16,16,train,heuristic_gap_controlled
week17_gap_join_c35_join_4,129,113,0.18705035971223016,EXACT_OPTIMAL_COLOR_CLASS_ORDER,16,16,train,heuristic_gap_controlled
week17_gap_join_c35_join_4,132,114,0.17985611510791366,EXACT_OPTIMAL_COLOR_CLASS_ORDER,16,16,train,heuristic_gap_controlled
week17_gap_join_c35_join_4,135,115,0.17266187050359716,EXACT_OPTIMAL_COLOR_CLASS_ORDER,16,16,train,heuristic_gap_controlled
week17_gap_join_c35_join_4,106,116,0.16546762589928055,EXACT_OPTIMAL_COLOR_CLASS_ORDER,16,16,train,heuristic_gap_controlled
week17_gap_join_c35_join_4,109,117,0.15827338129496404,EXACT_OPTIMAL_COLOR_CLASS_ORDER,16,16,train,heuristic_gap_controlled
week17_gap_join_c35_join_4,112,118,0.15107913669064743,EXACT_OPTIMAL_COLOR_CLASS_ORDER,16,16,train,heuristic_gap_controlled
week17_gap_join_c35_join_4,115,119,0.14388489208633093,EXACT_OPTIMAL_COLOR_CLASS_ORDER,16,16,train,heuristic_gap_controlled
week17_gap_join_c35_join_4,118,120,0.13669064748201443,EXACT_OPTIMAL_COLOR_CLASS_ORDER,16,16,train,heuristic_gap_controlled
week17_gap_join_c35_join_4,121,121,0.1294964028776978,EXACT_OPTIMAL_COLOR_CLASS_ORDER,16,16,train,heuristic_gap_controlled
week17_gap_join_c35_join_4,124,122,0.12230215827338131,EXACT_OPTIMAL_COLOR_CLASS_ORDER,16,16,train,heuristic_gap_controlled
week17_gap_join_c35_join_4,127,123,0.1151079136690647,EXACT_OPTIMAL_COLOR_CLASS_ORDER,16,16,train,heuristic_gap_controlled
week17_gap_join_c35_join_4,130,124,0.1079136690647482,EXACT_OPTIMAL_COLOR_CLASS_ORDER,16,16,train,heuristic_gap_controlled
week17_gap_join_c35_join_4,133,125,0.1007194244604317,EXACT_OPTIMAL_COLOR_CLASS_ORDER,16,16,train,heuristic_gap_controlled
week17_gap_join_c35_join_4,137,126,0.09352517985611508,EXACT_OPTIMAL_COLOR_CLASS_ORDER,16,16,train,heuristic_gap_controlled
week17_gap_join_c35_join_4,107,127,0.08633093525179858,EXACT_OPTIMAL_COLOR_CLASS_ORDER,16,16,train,heuristic_gap_controlled
week17_gap_join_c35_join_4,110,128,0.07913669064748197,EXACT_OPTIMAL_COLOR_CLASS_ORDER,16,16,train,heuristic_gap_controlled
week17_gap_join_c35_join_4,113,129,0.07194244604316546,EXACT_OPTIMAL_COLOR_CLASS_ORDER,16,16,train,heuristic_gap_controlled
week17_gap_join_c35_join_4,116,130,0.06474820143884896,EXACT_OPTIMAL_COLOR_CLASS_ORDER,16,16,train,heuristic_gap_controlled
week17_gap_join_c35_join_4,119,131,0.05755395683453235,EXACT_OPTIMAL_COLOR_CLASS_ORDER,16,16,train,heuristic_gap_controlled
week17_gap_join_c35_join_4,122,132,0.05035971223021585,EXACT_OPTIMAL_COLOR_CLASS_ORDER,16,16,train,heuristic_gap_controlled
week17_gap_join_c35_join_4,125,133,0.043165467625899234,EXACT_OPTIMAL_COLOR_CLASS_ORDER,16,16,train,heuristic_gap_controlled
week17_gap_join_c35_join_4,128,134,0.03597122302158273,EXACT_OPTIMAL_COLOR_CLASS_ORDER,16,16,train,heuristic_gap_controlled
week17_gap_join_c35_join_4,131,135,0.02877697841726623,EXACT_OPTIMAL_COLOR_CLASS_ORDER,16,16,train,heuristic_gap_controlled
week17_gap_join_c35_join_4,134,136,0.021582733812949617,EXACT_OPTIMAL_COLOR_CLASS_ORDER,16,16,train,heuristic_gap_controlled
week17_gap_join_c35_join_4,138,137,0.014388489208633115,EXACT_OPTIMAL_COLOR_CLASS_ORDER,16,16,train,heuristic_gap_controlled
week17_gap_join_c35_join_4,136,138,0.007194244604316502,EXACT_OPTIMAL_COLOR_CLASS_ORDER,16,16,train,heuristic_gap_controlled
week17_gap_join_c35_join_4,139,139,0.0,EXACT_OPTIMAL_COLOR_CLASS_ORDER,16,16,train,heuristic_gap_controlled
week17_gap_join_c35_join_5,0,0,1.0,EXACT_OPTIMAL_COLOR_CLASS_ORDER,20,20,train,heuristic_gap_controlled
week17_gap_join_c35_join_5,3,1,0.9942528735632183,EXACT_OPTIMAL_COLOR_CLASS_ORDER,20,20,train,heuristic_gap_controlled
week17_gap_join_c35_join_5,6,2,0.9885057471264368,EXACT_OPTIMAL_COLOR_CLASS_ORDER,20,20,train,heuristic_gap_controlled
week17_gap_join_c35_join_5,9,3,0.9827586206896551,EXACT_OPTIMAL_COLOR_CLASS_ORDER,20,20,train,heuristic_gap_controlled
week17_gap_join_c35_join_5,12,4,0.9770114942528736,EXACT_OPTIMAL_COLOR_CLASS_ORDER,20,20,train,heuristic_gap_controlled
week17_gap_join_c35_join_5,15,5,0.9712643678160919,EXACT_OPTIMAL_COLOR_CLASS_ORDER,20,20,train,heuristic_gap_controlled
week17_gap_join_c35_join_5,18,6,0.9655172413793104,EXACT_OPTIMAL_COLOR_CLASS_ORDER,20,20,train,heuristic_gap_controlled
week17_gap_join_c35_join_5,21,7,0.9597701149425287,EXACT_OPTIMAL_COLOR_CLASS_ORDER,20,20,train,heuristic_gap_controlled
week17_gap_join_c35_join_5,24,8,0.9540229885057472,EXACT_OPTIMAL_COLOR_CLASS_ORDER,20,20,train,heuristic_gap_controlled
week17_gap_join_c35_join_5,27,9,0.9482758620689655,EXACT_OPTIMAL_COLOR_CLASS_ORDER,20,20,train,heuristic_gap_controlled
week17_gap_join_c35_join_5,30,10,0.9425287356321839,EXACT_OPTIMAL_COLOR_CLASS_ORDER,20,20,train,heuristic_gap_controlled
week17_gap_join_c35_join_5,1,11,0.9367816091954023,EXACT_OPTIMAL_COLOR_CLASS_ORDER,20,20,train,heuristic_gap_controlled
week17_gap_join_c35_join_5,4,12,0.9310344827586207,EXACT_OPTIMAL_COLOR_CLASS_ORDER,20,20,train,heuristic_gap_controlled
week17_gap_join_c35_join_5,7,13,0.9252873563218391,EXACT_OPTIMAL_COLOR_CLASS_ORDER,20,20,train,heuristic_gap_controlled
week17_gap_join_c35_join_5,10,14,0.9195402298850575,EXACT_OPTIMAL_COLOR_CLASS_ORDER,20,20,train,heuristic_gap_controlled
week17_gap_join_c35_join_5,13,15,0.9137931034482758,EXACT_OPTIMAL_COLOR_CLASS_ORDER,20,20,train,heuristic_gap_controlled
week17_gap_join_c35_join_5,16,16,0.9080459770114943,EXACT_OPTIMAL_COLOR_CLASS_ORDER,20,20,train,heuristic_gap_controlled
week17_gap_join_c35_join_5,19,17,0.9022988505747126,EXACT_OPTIMAL_COLOR_CLASS_ORDER,20,20,train,heuristic_gap_controlled
week17_gap_join_c35_join_5,22,18,0.896551724137931,EXACT_OPTIMAL_COLOR_CLASS_ORDER,20,20,train,heuristic_gap_controlled
week17_gap_join_c35_join_5,25,19,0.8908045977011494,EXACT_OPTIMAL_COLOR_CLASS_ORDER,20,20,train,heuristic_gap_controlled
week17_gap_join_c35_join_5,28,20,0.8850574712643678,EXACT_OPTIMAL_COLOR_CLASS_ORDER,20,20,train,heuristic_gap_controlled
week17_gap_join_c35_join_5,32,21,0.8793103448275862,EXACT_OPTIMAL_COLOR_CLASS_ORDER,20,20,train,heuristic_gap_controlled
week17_gap_join_c35_join_5,2,22,0.8735632183908046,EXACT_OPTIMAL_COLOR_CLASS_ORDER,20,20,train,heuristic_gap_controlled
week17_gap_join_c35_join_5,5,23,0.867816091954023,EXACT_OPTIMAL_COLOR_CLASS_ORDER,20,20,train,heuristic_gap_controlled
week17_gap_join_c35_join_5,8,24,0.8620689655172413,EXACT_OPTIMAL_COLOR_CLASS_ORDER,20,20,train,heuristic_gap_controlled
week17_gap_join_c35_join_5,11,25,0.8563218390804598,EXACT_OPTIMAL_COLOR_CLASS_ORDER,20,20,train,heuristic_gap_controlled
week17_gap_join_c35_join_5,14,26,0.8505747126436781,EXACT_OPTIMAL_COLOR_CLASS_ORDER,20,20,train,heuristic_gap_controlled
week17_gap_join_c35_join_5,17,27,0.8448275862068966,EXACT_OPTIMAL_COLOR_CLASS_ORDER,20,20,train,heuristic_gap_controlled
week17_gap_join_c35_join_5,20,28,0.8390804597701149,EXACT_OPTIMAL_COLOR_CLASS_ORDER,20,20,train,heuristic_gap_controlled
week17_gap_join_c35_join_5,23,29,0.8333333333333334,EXACT_OPTIMAL_COLOR_CLASS_ORDER,20,20,train,heuristic_gap_controlled
week17_gap_join_c35_join_5,26,30,0.8275862068965517,EXACT_OPTIMAL_COLOR_CLASS_ORDER,20,20,train,heuristic_gap_controlled
week17_gap_join_c35_join_5,29,31,0.8218390804597702,EXACT_OPTIMAL_COLOR_CLASS_ORDER,20,20,train,heuristic_gap_controlled
week17_gap_join_c35_join_5,33,32,0.8160919540229885,EXACT_OPTIMAL_COLOR_CLASS_ORDER,20,20,train,heuristic_gap_controlled
week17_gap_join_c35_join_5,31,33,0.8103448275862069,EXACT_OPTIMAL_COLOR_CLASS_ORDER,20,20,train,heuristic_gap_controlled
week17_gap_join_c35_join_5,34,34,0.8045977011494253,EXACT_OPTIMAL_COLOR_CLASS_ORDER,20,20,train,heuristic_gap_controlled
week17_gap_join_c35_join_5,35,35,0.7988505747126436,EXACT_OPTIMAL_COLOR_CLASS_ORDER,20,20,train,heuristic_gap_controlled
week17_gap_join_c35_join_5,38,36,0.7931034482758621,EXACT_OPTIMAL_COLOR_CLASS_ORDER,20,20,train,heuristic_gap_controlled
week17_gap_join_c35_join_5,41,37,0.7873563218390804,EXACT_OPTIMAL_COLOR_CLASS_ORDER,20,20,train,heuristic_gap_controlled
week17_gap_join_c35_join_5,44,38,0.7816091954022988,EXACT_OPTIMAL_COLOR_CLASS_ORDER,20,20,train,heuristic_gap_controlled
week17_gap_join_c35_join_5,47,39,0.7758620689655172,EXACT_OPTIMAL_COLOR_CLASS_ORDER,20,20,train,heuristic_gap_controlled
week17_gap_join_c35_join_5,50,40,0.7701149425287357,EXACT_OPTIMAL_COLOR_CLASS_ORDER,20,20,train,heuristic_gap_controlled
week17_gap_join_c35_join_5,53,41,0.764367816091954,EXACT_OPTIMAL_COLOR_CLASS_ORDER,20,20,train,heuristic_gap_controlled
week17_gap_join_c35_join_5,56,42,0.7586206896551724,EXACT_OPTIMAL_COLOR_CLASS_ORDER,20,20,train,heuristic_gap_controlled
week17_gap_join_c35_join_5,59,43,0.7528735632183908,EXACT_OPTIMAL_COLOR_CLASS_ORDER,20,20,train,heuristic_gap_controlled
week17_gap_join_c35_join_5,62,44,0.7471264367816092,EXACT_OPTIMAL_COLOR_CLASS_ORDER,20,20,train,heuristic_gap_controlled
week17_gap_join_c35_join_5,65,45,0.7413793103448276,EXACT_OPTIMAL_COLOR_CLASS_ORDER,20,20,train,heuristic_gap_controlled
week17_gap_join_c35_join_5,36,46,0.735632183908046,EXACT_OPTIMAL_COLOR_CLASS_ORDER,20,20,train,heuristic_gap_controlled
week17_gap_join_c35_join_5,39,47,0.7298850574712643,EXACT_OPTIMAL_COLOR_CLASS_ORDER,20,20,train,heuristic_gap_controlled
week17_gap_join_c35_join_5,42,48,0.7241379310344828,EXACT_OPTIMAL_COLOR_CLASS_ORDER,20,20,train,heuristic_gap_controlled
week17_gap_join_c35_join_5,45,49,0.7183908045977012,EXACT_OPTIMAL_COLOR_CLASS_ORDER,20,20,train,heuristic_gap_controlled
week17_gap_join_c35_join_5,48,50,0.7126436781609196,EXACT_OPTIMAL_COLOR_CLASS_ORDER,20,20,train,heuristic_gap_controlled
week17_gap_join_c35_join_5,51,51,0.7068965517241379,EXACT_OPTIMAL_COLOR_CLASS_ORDER,20,20,train,heuristic_gap_controlled
week17_gap_join_c35_join_5,54,52,0.7011494252873562,EXACT_OPTIMAL_COLOR_CLASS_ORDER,20,20,train,heuristic_gap_controlled
week17_gap_join_c35_join_5,57,53,0.6954022988505747,EXACT_OPTIMAL_COLOR_CLASS_ORDER,20,20,train,heuristic_gap_controlled
week17_gap_join_c35_join_5,60,54,0.6896551724137931,EXACT_OPTIMAL_COLOR_CLASS_ORDER,20,20,train,heuristic_gap_controlled
week17_gap_join_c35_join_5,63,55,0.6839080459770115,EXACT_OPTIMAL_COLOR_CLASS_ORDER,20,20,train,heuristic_gap_controlled
week17_gap_join_c35_join_5,67,56,0.6781609195402298,EXACT_OPTIMAL_COLOR_CLASS_ORDER,20,20,train,heuristic_gap_controlled
week17_gap_join_c35_join_5,37,57,0.6724137931034483,EXACT_OPTIMAL_COLOR_CLASS_ORDER,20,20,train,heuristic_gap_controlled
week17_gap_join_c35_join_5,40,58,0.6666666666666667,EXACT_OPTIMAL_COLOR_CLASS_ORDER,20,20,train,heuristic_gap_controlled
week17_gap_join_c35_join_5,43,59,0.6609195402298851,EXACT_OPTIMAL_COLOR_CLASS_ORDER,20,20,train,heuristic_gap_controlled
week17_gap_join_c35_join_5,46,60,0.6551724137931034,EXACT_OPTIMAL_COLOR_CLASS_ORDER,20,20,train,heuristic_gap_controlled
week17_gap_join_c35_join_5,49,61,0.6494252873563218,EXACT_OPTIMAL_COLOR_CLASS_ORDER,20,20,train,heuristic_gap_controlled
week17_gap_join_c35_join_5,52,62,0.6436781609195402,EXACT_OPTIMAL_COLOR_CLASS_ORDER,20,20,train,heuristic_gap_controlled
week17_gap_join_c35_join_5,55,63,0.6379310344827587,EXACT_OPTIMAL_COLOR_CLASS_ORDER,20,20,train,heuristic_gap_controlled
week17_gap_join_c35_join_5,58,64,0.632183908045977,EXACT_OPTIMAL_COLOR_CLASS_ORDER,20,20,train,heuristic_gap_controlled
week17_gap_join_c35_join_5,61,65,0.6264367816091954,EXACT_OPTIMAL_COLOR_CLASS_ORDER,20,20,train,heuristic_gap_controlled
week17_gap_join_c35_join_5,64,66,0.6206896551724138,EXACT_OPTIMAL_COLOR_CLASS_ORDER,20,20,train,heuristic_gap_controlled
week17_gap_join_c35_join_5,68,67,0.6149425287356323,EXACT_OPTIMAL_COLOR_CLASS_ORDER,20,20,train,heuristic_gap_controlled
week17_gap_join_c35_join_5,66,68,0.6091954022988506,EXACT_OPTIMAL_COLOR_CLASS_ORDER,20,20,train,heuristic_gap_controlled
week17_gap_join_c35_join_5,69,69,0.603448275862069,EXACT_OPTIMAL_COLOR_CLASS_ORDER,20,20,train,heuristic_gap_controlled
week17_gap_join_c35_join_5,70,70,0.5977011494252873,EXACT_OPTIMAL_COLOR_CLASS_ORDER,20,20,train,heuristic_gap_controlled
week17_gap_join_c35_join_5,73,71,0.5919540229885057,EXACT_OPTIMAL_COLOR_CLASS_ORDER,20,20,train,heuristic_gap_controlled
week17_gap_join_c35_join_5,76,72,0.5862068965517242,EXACT_OPTIMAL_COLOR_CLASS_ORDER,20,20,train,heuristic_gap_controlled
week17_gap_join_c35_join_5,79,73,0.5804597701149425,EXACT_OPTIMAL_COLOR_CLASS_ORDER,20,20,train,heuristic_gap_controlled
week17_gap_join_c35_join_5,82,74,0.5747126436781609,EXACT_OPTIMAL_COLOR_CLASS_ORDER,20,20,train,heuristic_gap_controlled
week17_gap_join_c35_join_5,85,75,0.5689655172413793,EXACT_OPTIMAL_COLOR_CLASS_ORDER,20,20,train,heuristic_gap_controlled
week17_gap_join_c35_join_5,88,76,0.5632183908045977,EXACT_OPTIMAL_COLOR_CLASS_ORDER,20,20,train,heuristic_gap_controlled
week17_gap_join_c35_join_5,91,77,0.5574712643678161,EXACT_OPTIMAL_COLOR_CLASS_ORDER,20,20,train,heuristic_gap_controlled
week17_gap_join_c35_join_5,94,78,0.5517241379310345,EXACT_OPTIMAL_COLOR_CLASS_ORDER,20,20,train,heuristic_gap_controlled
week17_gap_join_c35_join_5,97,79,0.5459770114942528,EXACT_OPTIMAL_COLOR_CLASS_ORDER,20,20,train,heuristic_gap_controlled
week17_gap_join_c35_join_5,100,80,0.5402298850574713,EXACT_OPTIMAL_COLOR_CLASS_ORDER,20,20,train,heuristic_gap_controlled
week17_gap_join_c35_join_5,71,81,0.5344827586206897,EXACT_OPTIMAL_COLOR_CLASS_ORDER,20,20,train,heuristic_gap_controlled
week17_gap_join_c35_join_5,74,82,0.5287356321839081,EXACT_OPTIMAL_COLOR_CLASS_ORDER,20,20,train,heuristic_gap_controlled
week17_gap_join_c35_join_5,77,83,0.5229885057471264,EXACT_OPTIMAL_COLOR_CLASS_ORDER,20,20,train,heuristic_gap_controlled
week17_gap_join_c35_join_5,80,84,0.5172413793103448,EXACT_OPTIMAL_COLOR_CLASS_ORDER,20,20,train,heuristic_gap_controlled
week17_gap_join_c35_join_5,83,85,0.5114942528735632,EXACT_OPTIMAL_COLOR_CLASS_ORDER,20,20,train,heuristic_gap_controlled
week17_gap_join_c35_join_5,86,86,0.5057471264367817,EXACT_OPTIMAL_COLOR_CLASS_ORDER,20,20,train,heuristic_gap_controlled
week17_gap_join_c35_join_5,89,87,0.5,EXACT_OPTIMAL_COLOR_CLASS_ORDER,20,20,train,heuristic_gap_controlled
week17_gap_join_c35_join_5,92,88,0.49425287356321834,EXACT_OPTIMAL_COLOR_CLASS_ORDER,20,20,train,heuristic_gap_controlled
week17_gap_join_c35_join_5,95,89,0.4885057471264368,EXACT_OPTIMAL_COLOR_CLASS_ORDER,20,20,train,heuristic_gap_controlled
week17_gap_join_c35_join_5,98,90,0.48275862068965514,EXACT_OPTIMAL_COLOR_CLASS_ORDER,20,20,train,heuristic_gap_controlled
week17_gap_join_c35_join_5,102,91,0.4770114942528736,EXACT_OPTIMAL_COLOR_CLASS_ORDER,20,20,train,heuristic_gap_controlled
week17_gap_join_c35_join_5,72,92,0.47126436781609193,EXACT_OPTIMAL_COLOR_CLASS_ORDER,20,20,train,heuristic_gap_controlled
week17_gap_join_c35_join_5,75,93,0.4655172413793104,EXACT_OPTIMAL_COLOR_CLASS_ORDER,20,20,train,heuristic_gap_controlled
week17_gap_join_c35_join_5,78,94,0.45977011494252873,EXACT_OPTIMAL_COLOR_CLASS_ORDER,20,20,train,heuristic_gap_controlled
week17_gap_join_c35_join_5,81,95,0.45402298850574707,EXACT_OPTIMAL_COLOR_CLASS_ORDER,20,20,train,heuristic_gap_controlled
week17_gap_join_c35_join_5,84,96,0.4482758620689655,EXACT_OPTIMAL_COLOR_CLASS_ORDER,20,20,train,heuristic_gap_controlled
week17_gap_join_c35_join_5,87,97,0.44252873563218387,EXACT_OPTIMAL_COLOR_CLASS_ORDER,20,20,train,heuristic_gap_controlled
week17_gap_join_c35_join_5,90,98,0.4367816091954023,EXACT_OPTIMAL_COLOR_CLASS_ORDER,20,20,train,heuristic_gap_controlled
week17_gap_join_c35_join_5,93,99,0.43103448275862066,EXACT_OPTIMAL_COLOR_CLASS_ORDER,20,20,train,heuristic_gap_controlled
week17_gap_join_c35_join_5,96,100,0.4252873563218391,EXACT_OPTIMAL_COLOR_CLASS_ORDER,20,20,train,heuristic_gap_controlled
week17_gap_join_c35_join_5,99,101,0.41954022988505746,EXACT_OPTIMAL_COLOR_CLASS_ORDER,20,20,train,heuristic_gap_controlled
week17_gap_join_c35_join_5,103,102,0.4137931034482759,EXACT_OPTIMAL_COLOR_CLASS_ORDER,20,20,train,heuristic_gap_controlled
week17_gap_join_c35_join_5,101,103,0.40804597701149425,EXACT_OPTIMAL_COLOR_CLASS_ORDER,20,20,train,heuristic_gap_controlled
week17_gap_join_c35_join_5,104,104,0.4022988505747126,EXACT_OPTIMAL_COLOR_CLASS_ORDER,20,20,train,heuristic_gap_controlled
week17_gap_join_c35_join_5,105,105,0.39655172413793105,EXACT_OPTIMAL_COLOR_CLASS_ORDER,20,20,train,heuristic_gap_controlled
week17_gap_join_c35_join_5,108,106,0.3908045977011494,EXACT_OPTIMAL_COLOR_CLASS_ORDER,20,20,train,heuristic_gap_controlled
week17_gap_join_c35_join_5,111,107,0.38505747126436785,EXACT_OPTIMAL_COLOR_CLASS_ORDER,20,20,train,heuristic_gap_controlled
week17_gap_join_c35_join_5,114,108,0.3793103448275862,EXACT_OPTIMAL_COLOR_CLASS_ORDER,20,20,train,heuristic_gap_controlled
week17_gap_join_c35_join_5,117,109,0.37356321839080464,EXACT_OPTIMAL_COLOR_CLASS_ORDER,20,20,train,heuristic_gap_controlled
week17_gap_join_c35_join_5,120,110,0.367816091954023,EXACT_OPTIMAL_COLOR_CLASS_ORDER,20,20,train,heuristic_gap_controlled
week17_gap_join_c35_join_5,123,111,0.3620689655172413,EXACT_OPTIMAL_COLOR_CLASS_ORDER,20,20,train,heuristic_gap_controlled
week17_gap_join_c35_join_5,126,112,0.3563218390804598,EXACT_OPTIMAL_COLOR_CLASS_ORDER,20,20,train,heuristic_gap_controlled
week17_gap_join_c35_join_5,129,113,0.3505747126436781,EXACT_OPTIMAL_COLOR_CLASS_ORDER,20,20,train,heuristic_gap_controlled
week17_gap_join_c35_join_5,132,114,0.3448275862068966,EXACT_OPTIMAL_COLOR_CLASS_ORDER,20,20,train,heuristic_gap_controlled
week17_gap_join_c35_join_5,135,115,0.3390804597701149,EXACT_OPTIMAL_COLOR_CLASS_ORDER,20,20,train,heuristic_gap_controlled
week17_gap_join_c35_join_5,106,116,0.33333333333333337,EXACT_OPTIMAL_COLOR_CLASS_ORDER,20,20,train,heuristic_gap_controlled
week17_gap_join_c35_join_5,109,117,0.3275862068965517,EXACT_OPTIMAL_COLOR_CLASS_ORDER,20,20,train,heuristic_gap_controlled
week17_gap_join_c35_join_5,112,118,0.32183908045977017,EXACT_OPTIMAL_COLOR_CLASS_ORDER,20,20,train,heuristic_gap_controlled
week17_gap_join_c35_join_5,115,119,0.3160919540229885,EXACT_OPTIMAL_COLOR_CLASS_ORDER,20,20,train,heuristic_gap_controlled
week17_gap_join_c35_join_5,118,120,0.31034482758620685,EXACT_OPTIMAL_COLOR_CLASS_ORDER,20,20,train,heuristic_gap_controlled
week17_gap_join_c35_join_5,121,121,0.3045977011494253,EXACT_OPTIMAL_COLOR_CLASS_ORDER,20,20,train,heuristic_gap_controlled
week17_gap_join_c35_join_5,124,122,0.29885057471264365,EXACT_OPTIMAL_COLOR_CLASS_ORDER,20,20,train,heuristic_gap_controlled
week17_gap_join_c35_join_5,127,123,0.2931034482758621,EXACT_OPTIMAL_COLOR_CLASS_ORDER,20,20,train,heuristic_gap_controlled
week17_gap_join_c35_join_5,130,124,0.28735632183908044,EXACT_OPTIMAL_COLOR_CLASS_ORDER,20,20,train,heuristic_gap_controlled
week17_gap_join_c35_join_5,133,125,0.2816091954022989,EXACT_OPTIMAL_COLOR_CLASS_ORDER,20,20,train,heuristic_gap_controlled
week17_gap_join_c35_join_5,137,126,0.27586206896551724,EXACT_OPTIMAL_COLOR_CLASS_ORDER,20,20,train,heuristic_gap_controlled
week17_gap_join_c35_join_5,107,127,0.2701149425287356,EXACT_OPTIMAL_COLOR_CLASS_ORDER,20,20,train,heuristic_gap_controlled
week17_gap_join_c35_join_5,110,128,0.26436781609195403,EXACT_OPTIMAL_COLOR_CLASS_ORDER,20,20,train,heuristic_gap_controlled
week17_gap_join_c35_join_5,113,129,0.2586206896551724,EXACT_OPTIMAL_COLOR_CLASS_ORDER,20,20,train,heuristic_gap_controlled
week17_gap_join_c35_join_5,116,130,0.25287356321839083,EXACT_OPTIMAL_COLOR_CLASS_ORDER,20,20,train,heuristic_gap_controlled
week17_gap_join_c35_join_5,119,131,0.24712643678160917,EXACT_OPTIMAL_COLOR_CLASS_ORDER,20,20,train,heuristic_gap_controlled
week17_gap_join_c35_join_5,122,132,0.24137931034482762,EXACT_OPTIMAL_COLOR_CLASS_ORDER,20,20,train,heuristic_gap_controlled
week17_gap_join_c35_join_5,125,133,0.23563218390804597,EXACT_OPTIMAL_COLOR_CLASS_ORDER,20,20,train,heuristic_gap_controlled
week17_gap_join_c35_join_5,128,134,0.22988505747126442,EXACT_OPTIMAL_COLOR_CLASS_ORDER,20,20,train,heuristic_gap_controlled
week17_gap_join_c35_join_5,131,135,0.22413793103448276,EXACT_OPTIMAL_COLOR_CLASS_ORDER,20,20,train,heuristic_gap_controlled
week17_gap_join_c35_join_5,134,136,0.2183908045977011,EXACT_OPTIMAL_COLOR_CLASS_ORDER,20,20,train,heuristic_gap_controlled
week17_gap_join_c35_join_5,138,137,0.21264367816091956,EXACT_OPTIMAL_COLOR_CLASS_ORDER,20,20,train,heuristic_gap_controlled
week17_gap_join_c35_join_5,136,138,0.2068965517241379,EXACT_OPTIMAL_COLOR_CLASS_ORDER,20,20,train,heuristic_gap_controlled
week17_gap_join_c35_join_5,139,139,0.20114942528735635,EXACT_OPTIMAL_COLOR_CLASS_ORDER,20,20,train,heuristic_gap_controlled
week17_gap_join_c35_join_5,140,140,0.1954022988505747,EXACT_OPTIMAL_COLOR_CLASS_ORDER,20,20,train,heuristic_gap_controlled
week17_gap_join_c35_join_5,143,141,0.18965517241379315,EXACT_OPTIMAL_COLOR_CLASS_ORDER,20,20,train,heuristic_gap_controlled
week17_gap_join_c35_join_5,146,142,0.1839080459770115,EXACT_OPTIMAL_COLOR_CLASS_ORDER,20,20,train,heuristic_gap_controlled
week17_gap_join_c35_join_5,149,143,0.17816091954022983,EXACT_OPTIMAL_COLOR_CLASS_ORDER,20,20,train,heuristic_gap_controlled
week17_gap_join_c35_join_5,152,144,0.1724137931034483,EXACT_OPTIMAL_COLOR_CLASS_ORDER,20,20,train,heuristic_gap_controlled
week17_gap_join_c35_join_5,155,145,0.16666666666666663,EXACT_OPTIMAL_COLOR_CLASS_ORDER,20,20,train,heuristic_gap_controlled
week17_gap_join_c35_join_5,158,146,0.16091954022988508,EXACT_OPTIMAL_COLOR_CLASS_ORDER,20,20,train,heuristic_gap_controlled
week17_gap_join_c35_join_5,161,147,0.15517241379310343,EXACT_OPTIMAL_COLOR_CLASS_ORDER,20,20,train,heuristic_gap_controlled
week17_gap_join_c35_join_5,164,148,0.14942528735632188,EXACT_OPTIMAL_COLOR_CLASS_ORDER,20,20,train,heuristic_gap_controlled
week17_gap_join_c35_join_5,167,149,0.14367816091954022,EXACT_OPTIMAL_COLOR_CLASS_ORDER,20,20,train,heuristic_gap_controlled
week17_gap_join_c35_join_5,170,150,0.13793103448275867,EXACT_OPTIMAL_COLOR_CLASS_ORDER,20,20,train,heuristic_gap_controlled
week17_gap_join_c35_join_5,141,151,0.13218390804597702,EXACT_OPTIMAL_COLOR_CLASS_ORDER,20,20,train,heuristic_gap_controlled
week17_gap_join_c35_join_5,144,152,0.12643678160919536,EXACT_OPTIMAL_COLOR_CLASS_ORDER,20,20,train,heuristic_gap_controlled
week17_gap_join_c35_join_5,147,153,0.12068965517241381,EXACT_OPTIMAL_COLOR_CLASS_ORDER,20,20,train,heuristic_gap_controlled
week17_gap_join_c35_join_5,150,154,0.11494252873563215,EXACT_OPTIMAL_COLOR_CLASS_ORDER,20,20,train,heuristic_gap_controlled
week17_gap_join_c35_join_5,153,155,0.10919540229885061,EXACT_OPTIMAL_COLOR_CLASS_ORDER,20,20,train,heuristic_gap_controlled
week17_gap_join_c35_join_5,156,156,0.10344827586206895,EXACT_OPTIMAL_COLOR_CLASS_ORDER,20,20,train,heuristic_gap_controlled
week17_gap_join_c35_join_5,159,157,0.0977011494252874,EXACT_OPTIMAL_COLOR_CLASS_ORDER,20,20,train,heuristic_gap_controlled
week17_gap_join_c35_join_5,162,158,0.09195402298850575,EXACT_OPTIMAL_COLOR_CLASS_ORDER,20,20,train,heuristic_gap_controlled
week17_gap_join_c35_join_5,165,159,0.08620689655172409,EXACT_OPTIMAL_COLOR_CLASS_ORDER,20,20,train,heuristic_gap_controlled
week17_gap_join_c35_join_5,168,160,0.08045977011494254,EXACT_OPTIMAL_COLOR_CLASS_ORDER,20,20,train,heuristic_gap_controlled
week17_gap_join_c35_join_5,172,161,0.07471264367816088,EXACT_OPTIMAL_COLOR_CLASS_ORDER,20,20,train,heuristic_gap_controlled
week17_gap_join_c35_join_5,142,162,0.06896551724137934,EXACT_OPTIMAL_COLOR_CLASS_ORDER,20,20,train,heuristic_gap_controlled
week17_gap_join_c35_join_5,145,163,0.06321839080459768,EXACT_OPTIMAL_COLOR_CLASS_ORDER,20,20,train,heuristic_gap_controlled
week17_gap_join_c35_join_5,148,164,0.05747126436781613,EXACT_OPTIMAL_COLOR_CLASS_ORDER,20,20,train,heuristic_gap_controlled
week17_gap_join_c35_join_5,151,165,0.051724137931034475,EXACT_OPTIMAL_COLOR_CLASS_ORDER,20,20,train,heuristic_gap_controlled
week17_gap_join_c35_join_5,154,166,0.04597701149425293,EXACT_OPTIMAL_COLOR_CLASS_ORDER,20,20,train,heuristic_gap_controlled
week17_gap_join_c35_join_5,157,167,0.04022988505747127,EXACT_OPTIMAL_COLOR_CLASS_ORDER,20,20,train,heuristic_gap_controlled
week17_gap_join_c35_join_5,160,168,0.03448275862068961,EXACT_OPTIMAL_COLOR_CLASS_ORDER,20,20,train,heuristic_gap_controlled
week17_gap_join_c35_join_5,163,169,0.028735632183908066,EXACT_OPTIMAL_COLOR_CLASS_ORDER,20,20,train,heuristic_gap_controlled
week17_gap_join_c35_join_5,166,170,0.02298850574712641,EXACT_OPTIMAL_COLOR_CLASS_ORDER,20,20,train,heuristic_gap_controlled
week17_gap_join_c35_join_5,169,171,0.017241379310344862,EXACT_OPTIMAL_COLOR_CLASS_ORDER,20,20,train,heuristic_gap_controlled
week17_gap_join_c35_join_5,173,172,0.011494252873563204,EXACT_OPTIMAL_COLOR_CLASS_ORDER,20,20,train,heuristic_gap_controlled
week17_gap_join_c35_join_5,171,173,0.005747126436781658,EXACT_OPTIMAL_COLOR_CLASS_ORDER,20,20,train,heuristic_gap_controlled
week17_gap_join_c35_join_5,174,174,0.0,EXACT_OPTIMAL_COLOR_CLASS_ORDER,20,20,train,heuristic_gap_controlled
week17_gap_cycle_square_c38,0,0,1.0,EXACT_OPTIMAL_COLOR_CLASS_ORDER,4,4,validation,heuristic_gap_controlled
week17_gap_cycle_square_c38,3,1,0.972972972972973,EXACT_OPTIMAL_COLOR_CLASS_ORDER,4,4,validation,heuristic_gap_controlled
week17_gap_cycle_square_c38,6,2,0.9459459459459459,EXACT_OPTIMAL_COLOR_CLASS_ORDER,4,4,validation,heuristic_gap_controlled
week17_gap_cycle_square_c38,9,3,0.9189189189189189,EXACT_OPTIMAL_COLOR_CLASS_ORDER,4,4,validation,heuristic_gap_controlled
week17_gap_cycle_square_c38,12,4,0.8918918918918919,EXACT_OPTIMAL_COLOR_CLASS_ORDER,4,4,validation,heuristic_gap_controlled
week17_gap_cycle_square_c38,15,5,0.8648648648648649,EXACT_OPTIMAL_COLOR_CLASS_ORDER,4,4,validation,heuristic_gap_controlled
week17_gap_cycle_square_c38,18,6,0.8378378378378378,EXACT_OPTIMAL_COLOR_CLASS_ORDER,4,4,validation,heuristic_gap_controlled
week17_gap_cycle_square_c38,21,7,0.8108108108108107,EXACT_OPTIMAL_COLOR_CLASS_ORDER,4,4,validation,heuristic_gap_controlled
week17_gap_cycle_square_c38,24,8,0.7837837837837838,EXACT_OPTIMAL_COLOR_CLASS_ORDER,4,4,validation,heuristic_gap_controlled
week17_gap_cycle_square_c38,27,9,0.7567567567567568,EXACT_OPTIMAL_COLOR_CLASS_ORDER,4,4,validation,heuristic_gap_controlled
week17_gap_cycle_square_c38,30,10,0.7297297297297297,EXACT_OPTIMAL_COLOR_CLASS_ORDER,4,4,validation,heuristic_gap_controlled
week17_gap_cycle_square_c38,33,11,0.7027027027027026,EXACT_OPTIMAL_COLOR_CLASS_ORDER,4,4,validation,heuristic_gap_controlled
week17_gap_cycle_square_c38,1,12,0.6756756756756757,EXACT_OPTIMAL_COLOR_CLASS_ORDER,4,4,validation,heuristic_gap_controlled
week17_gap_cycle_square_c38,4,13,0.6486486486486487,EXACT_OPTIMAL_COLOR_CLASS_ORDER,4,4,validation,heuristic_gap_controlled
week17_gap_cycle_square_c38,7,14,0.6216216216216216,EXACT_OPTIMAL_COLOR_CLASS_ORDER,4,4,validation,heuristic_gap_controlled
week17_gap_cycle_square_c38,10,15,0.5945945945945945,EXACT_OPTIMAL_COLOR_CLASS_ORDER,4,4,validation,heuristic_gap_controlled
week17_gap_cycle_square_c38,13,16,0.5675675675675675,EXACT_OPTIMAL_COLOR_CLASS_ORDER,4,4,validation,heuristic_gap_controlled
week17_gap_cycle_square_c38,16,17,0.5405405405405406,EXACT_OPTIMAL_COLOR_CLASS_ORDER,4,4,validation,heuristic_gap_controlled
week17_gap_cycle_square_c38,19,18,0.5135135135135135,EXACT_OPTIMAL_COLOR_CLASS_ORDER,4,4,validation,heuristic_gap_controlled
week17_gap_cycle_square_c38,22,19,0.4864864864864865,EXACT_OPTIMAL_COLOR_CLASS_ORDER,4,4,validation,heuristic_gap_controlled
week17_gap_cycle_square_c38,25,20,0.45945945945945943,EXACT_OPTIMAL_COLOR_CLASS_ORDER,4,4,validation,heuristic_gap_controlled
week17_gap_cycle_square_c38,28,21,0.43243243243243246,EXACT_OPTIMAL_COLOR_CLASS_ORDER,4,4,validation,heuristic_gap_controlled
week17_gap_cycle_square_c38,31,22,0.4054054054054054,EXACT_OPTIMAL_COLOR_CLASS_ORDER,4,4,validation,heuristic_gap_controlled
week17_gap_cycle_square_c38,35,23,0.3783783783783784,EXACT_OPTIMAL_COLOR_CLASS_ORDER,4,4,validation,heuristic_gap_controlled
week17_gap_cycle_square_c38,2,24,0.3513513513513513,EXACT_OPTIMAL_COLOR_CLASS_ORDER,4,4,validation,heuristic_gap_controlled
week17_gap_cycle_square_c38,5,25,0.32432432432432434,EXACT_OPTIMAL_COLOR_CLASS_ORDER,4,4,validation,heuristic_gap_controlled
week17_gap_cycle_square_c38,8,26,0.29729729729729726,EXACT_OPTIMAL_COLOR_CLASS_ORDER,4,4,validation,heuristic_gap_controlled
week17_gap_cycle_square_c38,11,27,0.2702702702702703,EXACT_OPTIMAL_COLOR_CLASS_ORDER,4,4,validation,heuristic_gap_controlled
week17_gap_cycle_square_c38,14,28,0.2432432432432432,EXACT_OPTIMAL_COLOR_CLASS_ORDER,4,4,validation,heuristic_gap_controlled
week17_gap_cycle_square_c38,17,29,0.21621621621621623,EXACT_OPTIMAL_COLOR_CLASS_ORDER,4,4,validation,heuristic_gap_controlled
week17_gap_cycle_square_c38,20,30,0.18918918918918914,EXACT_OPTIMAL_COLOR_CLASS_ORDER,4,4,validation,heuristic_gap_controlled
week17_gap_cycle_square_c38,23,31,0.16216216216216217,EXACT_OPTIMAL_COLOR_CLASS_ORDER,4,4,validation,heuristic_gap_controlled
week17_gap_cycle_square_c38,26,32,0.1351351351351351,EXACT_OPTIMAL_COLOR_CLASS_ORDER,4,4,validation,heuristic_gap_controlled
week17_gap_cycle_square_c38,29,33,0.10810810810810811,EXACT_OPTIMAL_COLOR_CLASS_ORDER,4,4,validation,heuristic_gap_controlled
week17_gap_cycle_square_c38,32,34,0.08108108108108103,EXACT_OPTIMAL_COLOR_CLASS_ORDER,4,4,validation,heuristic_gap_controlled
week17_gap_cycle_square_c38,36,35,0.05405405405405406,EXACT_OPTIMAL_COLOR_CLASS_ORDER,4,4,validation,heuristic_gap_controlled
week17_gap_cycle_square_c38,34,36,0.027027027027026973,EXACT_OPTIMAL_COLOR_CLASS_ORDER,4,4,validation,heuristic_gap_controlled
week17_gap_cycle_square_c38,37,37,0.0,EXACT_OPTIMAL_COLOR_CLASS_ORDER,4,4,validation,heuristic_gap_controlled
week17_gap_join_c38_join_2,0,0,1.0,EXACT_OPTIMAL_COLOR_CLASS_ORDER,8,8,validation,heuristic_gap_controlled
week17_gap_join_c38_join_2,3,1,0.9866666666666667,EXACT_OPTIMAL_COLOR_CLASS_ORDER,8,8,validation,heuristic_gap_controlled
week17_gap_join_c38_join_2,6,2,0.9733333333333334,EXACT_OPTIMAL_COLOR_CLASS_ORDER,8,8,validation,heuristic_gap_controlled
week17_gap_join_c38_join_2,9,3,0.96,EXACT_OPTIMAL_COLOR_CLASS_ORDER,8,8,validation,heuristic_gap_controlled
week17_gap_join_c38_join_2,12,4,0.9466666666666667,EXACT_OPTIMAL_COLOR_CLASS_ORDER,8,8,validation,heuristic_gap_controlled
week17_gap_join_c38_join_2,15,5,0.9333333333333333,EXACT_OPTIMAL_COLOR_CLASS_ORDER,8,8,validation,heuristic_gap_controlled
week17_gap_join_c38_join_2,18,6,0.92,EXACT_OPTIMAL_COLOR_CLASS_ORDER,8,8,validation,heuristic_gap_controlled
week17_gap_join_c38_join_2,21,7,0.9066666666666666,EXACT_OPTIMAL_COLOR_CLASS_ORDER,8,8,validation,heuristic_gap_controlled
week17_gap_join_c38_join_2,24,8,0.8933333333333333,EXACT_OPTIMAL_COLOR_CLASS_ORDER,8,8,validation,heuristic_gap_controlled
week17_gap_join_c38_join_2,27,9,0.88,EXACT_OPTIMAL_COLOR_CLASS_ORDER,8,8,validation,heuristic_gap_controlled
week17_gap_join_c38_join_2,30,10,0.8666666666666667,EXACT_OPTIMAL_COLOR_CLASS_ORDER,8,8,validation,heuristic_gap_controlled
week17_gap_join_c38_join_2,33,11,0.8533333333333333,EXACT_OPTIMAL_COLOR_CLASS_ORDER,8,8,validation,heuristic_gap_controlled
week17_gap_join_c38_join_2,1,12,0.84,EXACT_OPTIMAL_COLOR_CLASS_ORDER,8,8,validation,heuristic_gap_controlled
week17_gap_join_c38_join_2,4,13,0.8266666666666667,EXACT_OPTIMAL_COLOR_CLASS_ORDER,8,8,validation,heuristic_gap_controlled
week17_gap_join_c38_join_2,7,14,0.8133333333333334,EXACT_OPTIMAL_COLOR_CLASS_ORDER,8,8,validation,heuristic_gap_controlled
week17_gap_join_c38_join_2,10,15,0.8,EXACT_OPTIMAL_COLOR_CLASS_ORDER,8,8,validation,heuristic_gap_controlled
week17_gap_join_c38_join_2,13,16,0.7866666666666666,EXACT_OPTIMAL_COLOR_CLASS_ORDER,8,8,validation,heuristic_gap_controlled
week17_gap_join_c38_join_2,16,17,0.7733333333333333,EXACT_OPTIMAL_COLOR_CLASS_ORDER,8,8,validation,heuristic_gap_controlled
week17_gap_join_c38_join_2,19,18,0.76,EXACT_OPTIMAL_COLOR_CLASS_ORDER,8,8,validation,heuristic_gap_controlled
week17_gap_join_c38_join_2,22,19,0.7466666666666666,EXACT_OPTIMAL_COLOR_CLASS_ORDER,8,8,validation,heuristic_gap_controlled
week17_gap_join_c38_join_2,25,20,0.7333333333333334,EXACT_OPTIMAL_COLOR_CLASS_ORDER,8,8,validation,heuristic_gap_controlled
week17_gap_join_c38_join_2,28,21,0.72,EXACT_OPTIMAL_COLOR_CLASS_ORDER,8,8,validation,heuristic_gap_controlled
week17_gap_join_c38_join_2,31,22,0.7066666666666667,EXACT_OPTIMAL_COLOR_CLASS_ORDER,8,8,validation,heuristic_gap_controlled
week17_gap_join_c38_join_2,35,23,0.6933333333333334,EXACT_OPTIMAL_COLOR_CLASS_ORDER,8,8,validation,heuristic_gap_controlled
week17_gap_join_c38_join_2,2,24,0.6799999999999999,EXACT_OPTIMAL_COLOR_CLASS_ORDER,8,8,validation,heuristic_gap_controlled
week17_gap_join_c38_join_2,5,25,0.6666666666666667,EXACT_OPTIMAL_COLOR_CLASS_ORDER,8,8,validation,heuristic_gap_controlled
week17_gap_join_c38_join_2,8,26,0.6533333333333333,EXACT_OPTIMAL_COLOR_CLASS_ORDER,8,8,validation,heuristic_gap_controlled
week17_gap_join_c38_join_2,11,27,0.64,EXACT_OPTIMAL_COLOR_CLASS_ORDER,8,8,validation,heuristic_gap_controlled
week17_gap_join_c38_join_2,14,28,0.6266666666666667,EXACT_OPTIMAL_COLOR_CLASS_ORDER,8,8,validation,heuristic_gap_controlled
week17_gap_join_c38_join_2,17,29,0.6133333333333333,EXACT_OPTIMAL_COLOR_CLASS_ORDER,8,8,validation,heuristic_gap_controlled
week17_gap_join_c38_join_2,20,30,0.6,EXACT_OPTIMAL_COLOR_CLASS_ORDER,8,8,validation,heuristic_gap_controlled
week17_gap_join_c38_join_2,23,31,0.5866666666666667,EXACT_OPTIMAL_COLOR_CLASS_ORDER,8,8,validation,heuristic_gap_controlled
week17_gap_join_c38_join_2,26,32,0.5733333333333333,EXACT_OPTIMAL_COLOR_CLASS_ORDER,8,8,validation,heuristic_gap_controlled
week17_gap_join_c38_join_2,29,33,0.56,EXACT_OPTIMAL_COLOR_CLASS_ORDER,8,8,validation,heuristic_gap_controlled
week17_gap_join_c38_join_2,32,34,0.5466666666666666,EXACT_OPTIMAL_COLOR_CLASS_ORDER,8,8,validation,heuristic_gap_controlled
week17_gap_join_c38_join_2,36,35,0.5333333333333333,EXACT_OPTIMAL_COLOR_CLASS_ORDER,8,8,validation,heuristic_gap_controlled
week17_gap_join_c38_join_2,34,36,0.52,EXACT_OPTIMAL_COLOR_CLASS_ORDER,8,8,validation,heuristic_gap_controlled
week17_gap_join_c38_join_2,37,37,0.5066666666666666,EXACT_OPTIMAL_COLOR_CLASS_ORDER,8,8,validation,heuristic_gap_controlled
week17_gap_join_c38_join_2,38,38,0.4933333333333333,EXACT_OPTIMAL_COLOR_CLASS_ORDER,8,8,validation,heuristic_gap_controlled
week17_gap_join_c38_join_2,41,39,0.48,EXACT_OPTIMAL_COLOR_CLASS_ORDER,8,8,validation,heuristic_gap_controlled
week17_gap_join_c38_join_2,44,40,0.4666666666666667,EXACT_OPTIMAL_COLOR_CLASS_ORDER,8,8,validation,heuristic_gap_controlled
week17_gap_join_c38_join_2,47,41,0.45333333333333337,EXACT_OPTIMAL_COLOR_CLASS_ORDER,8,8,validation,heuristic_gap_controlled
week17_gap_join_c38_join_2,50,42,0.43999999999999995,EXACT_OPTIMAL_COLOR_CLASS_ORDER,8,8,validation,heuristic_gap_controlled
week17_gap_join_c38_join_2,53,43,0.42666666666666664,EXACT_OPTIMAL_COLOR_CLASS_ORDER,8,8,validation,heuristic_gap_controlled
week17_gap_join_c38_join_2,56,44,0.41333333333333333,EXACT_OPTIMAL_COLOR_CLASS_ORDER,8,8,validation,heuristic_gap_controlled
week17_gap_join_c38_join_2,59,45,0.4,EXACT_OPTIMAL_COLOR_CLASS_ORDER,8,8,validation,heuristic_gap_controlled
week17_gap_join_c38_join_2,62,46,0.3866666666666667,EXACT_OPTIMAL_COLOR_CLASS_ORDER,8,8,validation,heuristic_gap_controlled
week17_gap_join_c38_join_2,65,47,0.3733333333333333,EXACT_OPTIMAL_COLOR_CLASS_ORDER,8,8,validation,heuristic_gap_controlled
week17_gap_join_c38_join_2,68,48,0.36,EXACT_OPTIMAL_COLOR_CLASS_ORDER,8,8,validation,heuristic_gap_controlled
week17_gap_join_c38_join_2,71,49,0.3466666666666667,EXACT_OPTIMAL_COLOR_CLASS_ORDER,8,8,validation,heuristic_gap_controlled
week17_gap_join_c38_join_2,39,50,0.33333333333333337,EXACT_OPTIMAL_COLOR_CLASS_ORDER,8,8,validation,heuristic_gap_controlled
week17_gap_join_c38_join_2,42,51,0.31999999999999995,EXACT_OPTIMAL_COLOR_CLASS_ORDER,8,8,validation,heuristic_gap_controlled
week17_gap_join_c38_join_2,45,52,0.30666666666666664,EXACT_OPTIMAL_COLOR_CLASS_ORDER,8,8,validation,heuristic_gap_controlled
week17_gap_join_c38_join_2,48,53,0.29333333333333333,EXACT_OPTIMAL_COLOR_CLASS_ORDER,8,8,validation,heuristic_gap_controlled
week17_gap_join_c38_join_2,51,54,0.28,EXACT_OPTIMAL_COLOR_CLASS_ORDER,8,8,validation,heuristic_gap_controlled
week17_gap_join_c38_join_2,54,55,0.2666666666666667,EXACT_OPTIMAL_COLOR_CLASS_ORDER,8,8,validation,heuristic_gap_controlled
week17_gap_join_c38_join_2,57,56,0.2533333333333333,EXACT_OPTIMAL_COLOR_CLASS_ORDER,8,8,validation,heuristic_gap_controlled
week17_gap_join_c38_join_2,60,57,0.24,EXACT_OPTIMAL_COLOR_CLASS_ORDER,8,8,validation,heuristic_gap_controlled
week17_gap_join_c38_join_2,63,58,0.22666666666666668,EXACT_OPTIMAL_COLOR_CLASS_ORDER,8,8,validation,heuristic_gap_controlled
week17_gap_join_c38_join_2,66,59,0.21333333333333337,EXACT_OPTIMAL_COLOR_CLASS_ORDER,8,8,validation,heuristic_gap_controlled
week17_gap_join_c38_join_2,69,60,0.19999999999999996,EXACT_OPTIMAL_COLOR_CLASS_ORDER,8,8,validation,heuristic_gap_controlled
week17_gap_join_c38_join_2,73,61,0.18666666666666665,EXACT_OPTIMAL_COLOR_CLASS_ORDER,8,8,validation,heuristic_gap_controlled
week17_gap_join_c38_join_2,40,62,0.17333333333333334,EXACT_OPTIMAL_COLOR_CLASS_ORDER,8,8,validation,heuristic_gap_controlled
week17_gap_join_c38_join_2,43,63,0.16000000000000003,EXACT_OPTIMAL_COLOR_CLASS_ORDER,8,8,validation,heuristic_gap_controlled
week17_gap_join_c38_join_2,46,64,0.1466666666666666,EXACT_OPTIMAL_COLOR_CLASS_ORDER,8,8,validation,heuristic_gap_controlled
week17_gap_join_c38_join_2,49,65,0.1333333333333333,EXACT_OPTIMAL_COLOR_CLASS_ORDER,8,8,validation,heuristic_gap_controlled
week17_gap_join_c38_join_2,52,66,0.12,EXACT_OPTIMAL_COLOR_CLASS_ORDER,8,8,validation,heuristic_gap_controlled
week17_gap_join_c38_join_2,55,67,0.10666666666666669,EXACT_OPTIMAL_COLOR_CLASS_ORDER,8,8,validation,heuristic_gap_controlled
week17_gap_join_c38_join_2,58,68,0.09333333333333338,EXACT_OPTIMAL_COLOR_CLASS_ORDER,8,8,validation,heuristic_gap_controlled
week17_gap_join_c38_join_2,61,69,0.07999999999999996,EXACT_OPTIMAL_COLOR_CLASS_ORDER,8,8,validation,heuristic_gap_controlled
week17_gap_join_c38_join_2,64,70,0.06666666666666665,EXACT_OPTIMAL_COLOR_CLASS_ORDER,8,8,validation,heuristic_gap_controlled
week17_gap_join_c38_join_2,67,71,0.053333333333333344,EXACT_OPTIMAL_COLOR_CLASS_ORDER,8,8,validation,heuristic_gap_controlled
week17_gap_join_c38_join_2,70,72,0.040000000000000036,EXACT_OPTIMAL_COLOR_CLASS_ORDER,8,8,validation,heuristic_gap_controlled
week17_gap_join_c38_join_2,74,73,0.026666666666666616,EXACT_OPTIMAL_COLOR_CLASS_ORDER,8,8,validation,heuristic_gap_controlled
week17_gap_join_c38_join_2,72,74,0.013333333333333308,EXACT_OPTIMAL_COLOR_CLASS_ORDER,8,8,validation,heuristic_gap_controlled
week17_gap_join_c38_join_2,75,75,0.0,EXACT_OPTIMAL_COLOR_CLASS_ORDER,8,8,validation,heuristic_gap_controlled
week17_gap_join_c38_join_3,0,0,1.0,EXACT_OPTIMAL_COLOR_CLASS_ORDER,12,12,validation,heuristic_gap_controlled
week17_gap_join_c38_join_3,3,1,0.9911504424778761,EXACT_OPTIMAL_COLOR_CLASS_ORDER,12,12,validation,heuristic_gap_controlled
week17_gap_join_c38_join_3,6,2,0.9823008849557522,EXACT_OPTIMAL_COLOR_CLASS_ORDER,12,12,validation,heuristic_gap_controlled
week17_gap_join_c38_join_3,9,3,0.9734513274336283,EXACT_OPTIMAL_COLOR_CLASS_ORDER,12,12,validation,heuristic_gap_controlled
week17_gap_join_c38_join_3,12,4,0.9646017699115044,EXACT_OPTIMAL_COLOR_CLASS_ORDER,12,12,validation,heuristic_gap_controlled
week17_gap_join_c38_join_3,15,5,0.9557522123893806,EXACT_OPTIMAL_COLOR_CLASS_ORDER,12,12,validation,heuristic_gap_controlled
week17_gap_join_c38_join_3,18,6,0.9469026548672567,EXACT_OPTIMAL_COLOR_CLASS_ORDER,12,12,validation,heuristic_gap_controlled
week17_gap_join_c38_join_3,21,7,0.9380530973451328,EXACT_OPTIMAL_COLOR_CLASS_ORDER,12,12,validation,heuristic_gap_controlled
week17_gap_join_c38_join_3,24,8,0.9292035398230089,EXACT_OPTIMAL_COLOR_CLASS_ORDER,12,12,validation,heuristic_gap_controlled
week17_gap_join_c38_join_3,27,9,0.9203539823008849,EXACT_OPTIMAL_COLOR_CLASS_ORDER,12,12,validation,heuristic_gap_controlled
week17_gap_join_c38_join_3,30,10,0.911504424778761,EXACT_OPTIMAL_COLOR_CLASS_ORDER,12,12,validation,heuristic_gap_controlled
week17_gap_join_c38_join_3,33,11,0.9026548672566371,EXACT_OPTIMAL_COLOR_CLASS_ORDER,12,12,validation,heuristic_gap_controlled
week17_gap_join_c38_join_3,1,12,0.8938053097345133,EXACT_OPTIMAL_COLOR_CLASS_ORDER,12,12,validation,heuristic_gap_controlled
week17_gap_join_c38_join_3,4,13,0.8849557522123894,EXACT_OPTIMAL_COLOR_CLASS_ORDER,12,12,validation,heuristic_gap_controlled
week17_gap_join_c38_join_3,7,14,0.8761061946902655,EXACT_OPTIMAL_COLOR_CLASS_ORDER,12,12,validation,heuristic_gap_controlled
week17_gap_join_c38_join_3,10,15,0.8672566371681416,EXACT_OPTIMAL_COLOR_CLASS_ORDER,12,12,validation,heuristic_gap_controlled
week17_gap_join_c38_join_3,13,16,0.8584070796460177,EXACT_OPTIMAL_COLOR_CLASS_ORDER,12,12,validation,heuristic_gap_controlled
week17_gap_join_c38_join_3,16,17,0.8495575221238938,EXACT_OPTIMAL_COLOR_CLASS_ORDER,12,12,validation,heuristic_gap_controlled
week17_gap_join_c38_join_3,19,18,0.8407079646017699,EXACT_OPTIMAL_COLOR_CLASS_ORDER,12,12,validation,heuristic_gap_controlled
week17_gap_join_c38_join_3,22,19,0.831858407079646,EXACT_OPTIMAL_COLOR_CLASS_ORDER,12,12,validation,heuristic_gap_controlled
week17_gap_join_c38_join_3,25,20,0.8230088495575221,EXACT_OPTIMAL_COLOR_CLASS_ORDER,12,12,validation,heuristic_gap_controlled
week17_gap_join_c38_join_3,28,21,0.8141592920353982,EXACT_OPTIMAL_COLOR_CLASS_ORDER,12,12,validation,heuristic_gap_controlled
week17_gap_join_c38_join_3,31,22,0.8053097345132744,EXACT_OPTIMAL_COLOR_CLASS_ORDER,12,12,validation,heuristic_gap_controlled
week17_gap_join_c38_join_3,35,23,0.7964601769911505,EXACT_OPTIMAL_COLOR_CLASS_ORDER,12,12,validation,heuristic_gap_controlled
week17_gap_join_c38_join_3,2,24,0.7876106194690266,EXACT_OPTIMAL_COLOR_CLASS_ORDER,12,12,validation,heuristic_gap_controlled
week17_gap_join_c38_join_3,5,25,0.7787610619469026,EXACT_OPTIMAL_COLOR_CLASS_ORDER,12,12,validation,heuristic_gap_controlled
week17_gap_join_c38_join_3,8,26,0.7699115044247787,EXACT_OPTIMAL_COLOR_CLASS_ORDER,12,12,validation,heuristic_gap_controlled
week17_gap_join_c38_join_3,11,27,0.7610619469026548,EXACT_OPTIMAL_COLOR_CLASS_ORDER,12,12,validation,heuristic_gap_controlled
week17_gap_join_c38_join_3,14,28,0.752212389380531,EXACT_OPTIMAL_COLOR_CLASS_ORDER,12,12,validation,heuristic_gap_controlled
week17_gap_join_c38_join_3,17,29,0.7433628318584071,EXACT_OPTIMAL_COLOR_CLASS_ORDER,12,12,validation,heuristic_gap_controlled
week17_gap_join_c38_join_3,20,30,0.7345132743362832,EXACT_OPTIMAL_COLOR_CLASS_ORDER,12,12,validation,heuristic_gap_controlled
week17_gap_join_c38_join_3,23,31,0.7256637168141593,EXACT_OPTIMAL_COLOR_CLASS_ORDER,12,12,validation,heuristic_gap_controlled
week17_gap_join_c38_join_3,26,32,0.7168141592920354,EXACT_OPTIMAL_COLOR_CLASS_ORDER,12,12,validation,heuristic_gap_controlled
week17_gap_join_c38_join_3,29,33,0.7079646017699115,EXACT_OPTIMAL_COLOR_CLASS_ORDER,12,12,validation,heuristic_gap_controlled
week17_gap_join_c38_join_3,32,34,0.6991150442477876,EXACT_OPTIMAL_COLOR_CLASS_ORDER,12,12,validation,heuristic_gap_controlled
week17_gap_join_c38_join_3,36,35,0.6902654867256637,EXACT_OPTIMAL_COLOR_CLASS_ORDER,12,12,validation,heuristic_gap_controlled
week17_gap_join_c38_join_3,34,36,0.6814159292035398,EXACT_OPTIMAL_COLOR_CLASS_ORDER,12,12,validation,heuristic_gap_controlled
week17_gap_join_c38_join_3,37,37,0.6725663716814159,EXACT_OPTIMAL_COLOR_CLASS_ORDER,12,12,validation,heuristic_gap_controlled
week17_gap_join_c38_join_3,38,38,0.663716814159292,EXACT_OPTIMAL_COLOR_CLASS_ORDER,12,12,validation,heuristic_gap_controlled
week17_gap_join_c38_join_3,41,39,0.6548672566371682,EXACT_OPTIMAL_COLOR_CLASS_ORDER,12,12,validation,heuristic_gap_controlled
week17_gap_join_c38_join_3,44,40,0.6460176991150443,EXACT_OPTIMAL_COLOR_CLASS_ORDER,12,12,validation,heuristic_gap_controlled
week17_gap_join_c38_join_3,47,41,0.6371681415929203,EXACT_OPTIMAL_COLOR_CLASS_ORDER,12,12,validation,heuristic_gap_controlled
week17_gap_join_c38_join_3,50,42,0.6283185840707964,EXACT_OPTIMAL_COLOR_CLASS_ORDER,12,12,validation,heuristic_gap_controlled
week17_gap_join_c38_join_3,53,43,0.6194690265486726,EXACT_OPTIMAL_COLOR_CLASS_ORDER,12,12,validation,heuristic_gap_controlled
week17_gap_join_c38_join_3,56,44,0.6106194690265487,EXACT_OPTIMAL_COLOR_CLASS_ORDER,12,12,validation,heuristic_gap_controlled
week17_gap_join_c38_join_3,59,45,0.6017699115044248,EXACT_OPTIMAL_COLOR_CLASS_ORDER,12,12,validation,heuristic_gap_controlled
week17_gap_join_c38_join_3,62,46,0.5929203539823009,EXACT_OPTIMAL_COLOR_CLASS_ORDER,12,12,validation,heuristic_gap_controlled
week17_gap_join_c38_join_3,65,47,0.584070796460177,EXACT_OPTIMAL_COLOR_CLASS_ORDER,12,12,validation,heuristic_gap_controlled
week17_gap_join_c38_join_3,68,48,0.5752212389380531,EXACT_OPTIMAL_COLOR_CLASS_ORDER,12,12,validation,heuristic_gap_controlled
week17_gap_join_c38_join_3,71,49,0.5663716814159292,EXACT_OPTIMAL_COLOR_CLASS_ORDER,12,12,validation,heuristic_gap_controlled
week17_gap_join_c38_join_3,39,50,0.5575221238938053,EXACT_OPTIMAL_COLOR_CLASS_ORDER,12,12,validation,heuristic_gap_controlled
week17_gap_join_c38_join_3,42,51,0.5486725663716814,EXACT_OPTIMAL_COLOR_CLASS_ORDER,12,12,validation,heuristic_gap_controlled
week17_gap_join_c38_join_3,45,52,0.5398230088495575,EXACT_OPTIMAL_COLOR_CLASS_ORDER,12,12,validation,heuristic_gap_controlled
week17_gap_join_c38_join_3,48,53,0.5309734513274336,EXACT_OPTIMAL_COLOR_CLASS_ORDER,12,12,validation,heuristic_gap_controlled
week17_gap_join_c38_join_3,51,54,0.5221238938053097,EXACT_OPTIMAL_COLOR_CLASS_ORDER,12,12,validation,heuristic_gap_controlled
week17_gap_join_c38_join_3,54,55,0.5132743362831859,EXACT_OPTIMAL_COLOR_CLASS_ORDER,12,12,validation,heuristic_gap_controlled
week17_gap_join_c38_join_3,57,56,0.504424778761062,EXACT_OPTIMAL_COLOR_CLASS_ORDER,12,12,validation,heuristic_gap_controlled
week17_gap_join_c38_join_3,60,57,0.49557522123893805,EXACT_OPTIMAL_COLOR_CLASS_ORDER,12,12,validation,heuristic_gap_controlled
week17_gap_join_c38_join_3,63,58,0.48672566371681414,EXACT_OPTIMAL_COLOR_CLASS_ORDER,12,12,validation,heuristic_gap_controlled
week17_gap_join_c38_join_3,66,59,0.47787610619469023,EXACT_OPTIMAL_COLOR_CLASS_ORDER,12,12,validation,heuristic_gap_controlled
week17_gap_join_c38_join_3,69,60,0.4690265486725663,EXACT_OPTIMAL_COLOR_CLASS_ORDER,12,12,validation,heuristic_gap_controlled
week17_gap_join_c38_join_3,73,61,0.4601769911504425,EXACT_OPTIMAL_COLOR_CLASS_ORDER,12,12,validation,heuristic_gap_controlled
week17_gap_join_c38_join_3,40,62,0.4513274336283186,EXACT_OPTIMAL_COLOR_CLASS_ORDER,12,12,validation,heuristic_gap_controlled
week17_gap_join_c38_join_3,43,63,0.4424778761061947,EXACT_OPTIMAL_COLOR_CLASS_ORDER,12,12,validation,heuristic_gap_controlled
week17_gap_join_c38_join_3,46,64,0.4336283185840708,EXACT_OPTIMAL_COLOR_CLASS_ORDER,12,12,validation,heuristic_gap_controlled
week17_gap_join_c38_join_3,49,65,0.4247787610619469,EXACT_OPTIMAL_COLOR_CLASS_ORDER,12,12,validation,heuristic_gap_controlled
week17_gap_join_c38_join_3,52,66,0.415929203539823,EXACT_OPTIMAL_COLOR_CLASS_ORDER,12,12,validation,heuristic_gap_controlled
week17_gap_join_c38_join_3,55,67,0.4070796460176991,EXACT_OPTIMAL_COLOR_CLASS_ORDER,12,12,validation,heuristic_gap_controlled
week17_gap_join_c38_join_3,58,68,0.3982300884955752,EXACT_OPTIMAL_COLOR_CLASS_ORDER,12,12,validation,heuristic_gap_controlled
week17_gap_join_c38_join_3,61,69,0.3893805309734514,EXACT_OPTIMAL_COLOR_CLASS_ORDER,12,12,validation,heuristic_gap_controlled
week17_gap_join_c38_join_3,64,70,0.38053097345132747,EXACT_OPTIMAL_COLOR_CLASS_ORDER,12,12,validation,heuristic_gap_controlled
week17_gap_join_c38_join_3,67,71,0.37168141592920356,EXACT_OPTIMAL_COLOR_CLASS_ORDER,12,12,validation,heuristic_gap_controlled
week17_gap_join_c38_join_3,70,72,0.36283185840707965,EXACT_OPTIMAL_COLOR_CLASS_ORDER,12,12,validation,heuristic_gap_controlled
week17_gap_join_c38_join_3,74,73,0.35398230088495575,EXACT_OPTIMAL_COLOR_CLASS_ORDER,12,12,validation,heuristic_gap_controlled
week17_gap_join_c38_join_3,72,74,0.34513274336283184,EXACT_OPTIMAL_COLOR_CLASS_ORDER,12,12,validation,heuristic_gap_controlled
week17_gap_join_c38_join_3,75,75,0.33628318584070793,EXACT_OPTIMAL_COLOR_CLASS_ORDER,12,12,validation,heuristic_gap_controlled
week17_gap_join_c38_join_3,76,76,0.327433628318584,EXACT_OPTIMAL_COLOR_CLASS_ORDER,12,12,validation,heuristic_gap_controlled
week17_gap_join_c38_join_3,79,77,0.31858407079646023,EXACT_OPTIMAL_COLOR_CLASS_ORDER,12,12,validation,heuristic_gap_controlled
week17_gap_join_c38_join_3,82,78,0.3097345132743363,EXACT_OPTIMAL_COLOR_CLASS_ORDER,12,12,validation,heuristic_gap_controlled
week17_gap_join_c38_join_3,85,79,0.3008849557522124,EXACT_OPTIMAL_COLOR_CLASS_ORDER,12,12,validation,heuristic_gap_controlled
week17_gap_join_c38_join_3,88,80,0.2920353982300885,EXACT_OPTIMAL_COLOR_CLASS_ORDER,12,12,validation,heuristic_gap_controlled
week17_gap_join_c38_join_3,91,81,0.2831858407079646,EXACT_OPTIMAL_COLOR_CLASS_ORDER,12,12,validation,heuristic_gap_controlled
week17_gap_join_c38_join_3,94,82,0.2743362831858407,EXACT_OPTIMAL_COLOR_CLASS_ORDER,12,12,validation,heuristic_gap_controlled
week17_gap_join_c38_join_3,97,83,0.2654867256637168,EXACT_OPTIMAL_COLOR_CLASS_ORDER,12,12,validation,heuristic_gap_controlled
week17_gap_join_c38_join_3,100,84,0.2566371681415929,EXACT_OPTIMAL_COLOR_CLASS_ORDER,12,12,validation,heuristic_gap_controlled
week17_gap_join_c38_join_3,103,85,0.24778761061946908,EXACT_OPTIMAL_COLOR_CLASS_ORDER,12,12,validation,heuristic_gap_controlled
week17_gap_join_c38_join_3,106,86,0.23893805309734517,EXACT_OPTIMAL_COLOR_CLASS_ORDER,12,12,validation,heuristic_gap_controlled
week17_gap_join_c38_join_3,109,87,0.23008849557522126,EXACT_OPTIMAL_COLOR_CLASS_ORDER,12,12,validation,heuristic_gap_controlled
week17_gap_join_c38_join_3,77,88,0.22123893805309736,EXACT_OPTIMAL_COLOR_CLASS_ORDER,12,12,validation,heuristic_gap_controlled
week17_gap_join_c38_join_3,80,89,0.21238938053097345,EXACT_OPTIMAL_COLOR_CLASS_ORDER,12,12,validation,heuristic_gap_controlled
week17_gap_join_c38_join_3,83,90,0.20353982300884954,EXACT_OPTIMAL_COLOR_CLASS_ORDER,12,12,validation,heuristic_gap_controlled
week17_gap_join_c38_join_3,86,91,0.19469026548672563,EXACT_OPTIMAL_COLOR_CLASS_ORDER,12,12,validation,heuristic_gap_controlled
week17_gap_join_c38_join_3,89,92,0.18584070796460173,EXACT_OPTIMAL_COLOR_CLASS_ORDER,12,12,validation,heuristic_gap_controlled
week17_gap_join_c38_join_3,92,93,0.17699115044247793,EXACT_OPTIMAL_COLOR_CLASS_ORDER,12,12,validation,heuristic_gap_controlled
week17_gap_join_c38_join_3,95,94,0.16814159292035402,EXACT_OPTIMAL_COLOR_CLASS_ORDER,12,12,validation,heuristic_gap_controlled
week17_gap_join_c38_join_3,98,95,0.15929203539823011,EXACT_OPTIMAL_COLOR_CLASS_ORDER,12,12,validation,heuristic_gap_controlled
week17_gap_join_c38_join_3,101,96,0.1504424778761062,EXACT_OPTIMAL_COLOR_CLASS_ORDER,12,12,validation,heuristic_gap_controlled
week17_gap_join_c38_join_3,104,97,0.1415929203539823,EXACT_OPTIMAL_COLOR_CLASS_ORDER,12,12,validation,heuristic_gap_controlled
week17_gap_join_c38_join_3,107,98,0.1327433628318584,EXACT_OPTIMAL_COLOR_CLASS_ORDER,12,12,validation,heuristic_gap_controlled
week17_gap_join_c38_join_3,111,99,0.12389380530973448,EXACT_OPTIMAL_COLOR_CLASS_ORDER,12,12,validation,heuristic_gap_controlled
week17_gap_join_c38_join_3,78,100,0.11504424778761058,EXACT_OPTIMAL_COLOR_CLASS_ORDER,12,12,validation,heuristic_gap_controlled
week17_gap_join_c38_join_3,81,101,0.10619469026548678,EXACT_OPTIMAL_COLOR_CLASS_ORDER,12,12,validation,heuristic_gap_controlled
week17_gap_join_c38_join_3,84,102,0.09734513274336287,EXACT_OPTIMAL_COLOR_CLASS_ORDER,12,12,validation,heuristic_gap_controlled
week17_gap_join_c38_join_3,87,103,0.08849557522123896,EXACT_OPTIMAL_COLOR_CLASS_ORDER,12,12,validation,heuristic_gap_controlled
week17_gap_join_c38_join_3,90,104,0.07964601769911506,EXACT_OPTIMAL_COLOR_CLASS_ORDER,12,12,validation,heuristic_gap_controlled
week17_gap_join_c38_join_3,93,105,0.07079646017699115,EXACT_OPTIMAL_COLOR_CLASS_ORDER,12,12,validation,heuristic_gap_controlled
week17_gap_join_c38_join_3,96,106,0.06194690265486724,EXACT_OPTIMAL_COLOR_CLASS_ORDER,12,12,validation,heuristic_gap_controlled
week17_gap_join_c38_join_3,99,107,0.053097345132743334,EXACT_OPTIMAL_COLOR_CLASS_ORDER,12,12,validation,heuristic_gap_controlled
week17_gap_join_c38_join_3,102,108,0.04424778761061943,EXACT_OPTIMAL_COLOR_CLASS_ORDER,12,12,validation,heuristic_gap_controlled
week17_gap_join_c38_join_3,105,109,0.03539823008849563,EXACT_OPTIMAL_COLOR_CLASS_ORDER,12,12,validation,heuristic_gap_controlled
week17_gap_join_c38_join_3,108,110,0.026548672566371723,EXACT_OPTIMAL_COLOR_CLASS_ORDER,12,12,validation,heuristic_gap_controlled
week17_gap_join_c38_join_3,112,111,0.017699115044247815,EXACT_OPTIMAL_COLOR_CLASS_ORDER,12,12,validation,heuristic_gap_controlled
week17_gap_join_c38_join_3,110,112,0.008849557522123908,EXACT_OPTIMAL_COLOR_CLASS_ORDER,12,12,validation,heuristic_gap_controlled
week17_gap_join_c38_join_3,113,113,0.0,EXACT_OPTIMAL_COLOR_CLASS_ORDER,12,12,validation,heuristic_gap_controlled
week17_gap_join_c38_join_4,0,0,1.0,EXACT_OPTIMAL_COLOR_CLASS_ORDER,16,16,validation,heuristic_gap_controlled
week17_gap_join_c38_join_4,3,1,0.9933774834437086,EXACT_OPTIMAL_COLOR_CLASS_ORDER,16,16,validation,heuristic_gap_controlled
week17_gap_join_c38_join_4,6,2,0.9867549668874173,EXACT_OPTIMAL_COLOR_CLASS_ORDER,16,16,validation,heuristic_gap_controlled
week17_gap_join_c38_join_4,9,3,0.9801324503311258,EXACT_OPTIMAL_COLOR_CLASS_ORDER,16,16,validation,heuristic_gap_controlled
week17_gap_join_c38_join_4,12,4,0.9735099337748344,EXACT_OPTIMAL_COLOR_CLASS_ORDER,16,16,validation,heuristic_gap_controlled
week17_gap_join_c38_join_4,15,5,0.9668874172185431,EXACT_OPTIMAL_COLOR_CLASS_ORDER,16,16,validation,heuristic_gap_controlled
week17_gap_join_c38_join_4,18,6,0.9602649006622517,EXACT_OPTIMAL_COLOR_CLASS_ORDER,16,16,validation,heuristic_gap_controlled
week17_gap_join_c38_join_4,21,7,0.9536423841059603,EXACT_OPTIMAL_COLOR_CLASS_ORDER,16,16,validation,heuristic_gap_controlled
week17_gap_join_c38_join_4,24,8,0.9470198675496688,EXACT_OPTIMAL_COLOR_CLASS_ORDER,16,16,validation,heuristic_gap_controlled
week17_gap_join_c38_join_4,27,9,0.9403973509933775,EXACT_OPTIMAL_COLOR_CLASS_ORDER,16,16,validation,heuristic_gap_controlled
week17_gap_join_c38_join_4,30,10,0.9337748344370861,EXACT_OPTIMAL_COLOR_CLASS_ORDER,16,16,validation,heuristic_gap_controlled
week17_gap_join_c38_join_4,33,11,0.9271523178807947,EXACT_OPTIMAL_COLOR_CLASS_ORDER,16,16,validation,heuristic_gap_controlled
week17_gap_join_c38_join_4,1,12,0.9205298013245033,EXACT_OPTIMAL_COLOR_CLASS_ORDER,16,16,validation,heuristic_gap_controlled
week17_gap_join_c38_join_4,4,13,0.9139072847682119,EXACT_OPTIMAL_COLOR_CLASS_ORDER,16,16,validation,heuristic_gap_controlled
week17_gap_join_c38_join_4,7,14,0.9072847682119205,EXACT_OPTIMAL_COLOR_CLASS_ORDER,16,16,validation,heuristic_gap_controlled
week17_gap_join_c38_join_4,10,15,0.9006622516556292,EXACT_OPTIMAL_COLOR_CLASS_ORDER,16,16,validation,heuristic_gap_controlled
week17_gap_join_c38_join_4,13,16,0.8940397350993378,EXACT_OPTIMAL_COLOR_CLASS_ORDER,16,16,validation,heuristic_gap_controlled
week17_gap_join_c38_join_4,16,17,0.8874172185430463,EXACT_OPTIMAL_COLOR_CLASS_ORDER,16,16,validation,heuristic_gap_controlled
week17_gap_join_c38_join_4,19,18,0.880794701986755,EXACT_OPTIMAL_COLOR_CLASS_ORDER,16,16,validation,heuristic_gap_controlled
week17_gap_join_c38_join_4,22,19,0.8741721854304636,EXACT_OPTIMAL_COLOR_CLASS_ORDER,16,16,validation,heuristic_gap_controlled
week17_gap_join_c38_join_4,25,20,0.8675496688741722,EXACT_OPTIMAL_COLOR_CLASS_ORDER,16,16,validation,heuristic_gap_controlled
week17_gap_join_c38_join_4,28,21,0.8609271523178808,EXACT_OPTIMAL_COLOR_CLASS_ORDER,16,16,validation,heuristic_gap_controlled
week17_gap_join_c38_join_4,31,22,0.8543046357615894,EXACT_OPTIMAL_COLOR_CLASS_ORDER,16,16,validation,heuristic_gap_controlled
week17_gap_join_c38_join_4,35,23,0.847682119205298,EXACT_OPTIMAL_COLOR_CLASS_ORDER,16,16,validation,heuristic_gap_controlled
week17_gap_join_c38_join_4,2,24,0.8410596026490066,EXACT_OPTIMAL_COLOR_CLASS_ORDER,16,16,validation,heuristic_gap_controlled
week17_gap_join_c38_join_4,5,25,0.8344370860927153,EXACT_OPTIMAL_COLOR_CLASS_ORDER,16,16,validation,heuristic_gap_controlled
week17_gap_join_c38_join_4,8,26,0.8278145695364238,EXACT_OPTIMAL_COLOR_CLASS_ORDER,16,16,validation,heuristic_gap_controlled
week17_gap_join_c38_join_4,11,27,0.8211920529801324,EXACT_OPTIMAL_COLOR_CLASS_ORDER,16,16,validation,heuristic_gap_controlled
week17_gap_join_c38_join_4,14,28,0.814569536423841,EXACT_OPTIMAL_COLOR_CLASS_ORDER,16,16,validation,heuristic_gap_controlled
week17_gap_join_c38_join_4,17,29,0.8079470198675497,EXACT_OPTIMAL_COLOR_CLASS_ORDER,16,16,validation,heuristic_gap_controlled
week17_gap_join_c38_join_4,20,30,0.8013245033112583,EXACT_OPTIMAL_COLOR_CLASS_ORDER,16,16,validation,heuristic_gap_controlled
week17_gap_join_c38_join_4,23,31,0.794701986754967,EXACT_OPTIMAL_COLOR_CLASS_ORDER,16,16,validation,heuristic_gap_controlled
week17_gap_join_c38_join_4,26,32,0.7880794701986755,EXACT_OPTIMAL_COLOR_CLASS_ORDER,16,16,validation,heuristic_gap_controlled
week17_gap_join_c38_join_4,29,33,0.7814569536423841,EXACT_OPTIMAL_COLOR_CLASS_ORDER,16,16,validation,heuristic_gap_controlled
week17_gap_join_c38_join_4,32,34,0.7748344370860927,EXACT_OPTIMAL_COLOR_CLASS_ORDER,16,16,validation,heuristic_gap_controlled
week17_gap_join_c38_join_4,36,35,0.7682119205298014,EXACT_OPTIMAL_COLOR_CLASS_ORDER,16,16,validation,heuristic_gap_controlled
week17_gap_join_c38_join_4,34,36,0.7615894039735099,EXACT_OPTIMAL_COLOR_CLASS_ORDER,16,16,validation,heuristic_gap_controlled
week17_gap_join_c38_join_4,37,37,0.7549668874172185,EXACT_OPTIMAL_COLOR_CLASS_ORDER,16,16,validation,heuristic_gap_controlled
week17_gap_join_c38_join_4,38,38,0.7483443708609272,EXACT_OPTIMAL_COLOR_CLASS_ORDER,16,16,validation,heuristic_gap_controlled
week17_gap_join_c38_join_4,41,39,0.7417218543046358,EXACT_OPTIMAL_COLOR_CLASS_ORDER,16,16,validation,heuristic_gap_controlled
week17_gap_join_c38_join_4,44,40,0.7350993377483444,EXACT_OPTIMAL_COLOR_CLASS_ORDER,16,16,validation,heuristic_gap_controlled
week17_gap_join_c38_join_4,47,41,0.7284768211920529,EXACT_OPTIMAL_COLOR_CLASS_ORDER,16,16,validation,heuristic_gap_controlled
week17_gap_join_c38_join_4,50,42,0.7218543046357616,EXACT_OPTIMAL_COLOR_CLASS_ORDER,16,16,validation,heuristic_gap_controlled
week17_gap_join_c38_join_4,53,43,0.7152317880794702,EXACT_OPTIMAL_COLOR_CLASS_ORDER,16,16,validation,heuristic_gap_controlled
week17_gap_join_c38_join_4,56,44,0.7086092715231789,EXACT_OPTIMAL_COLOR_CLASS_ORDER,16,16,validation,heuristic_gap_controlled
week17_gap_join_c38_join_4,59,45,0.7019867549668874,EXACT_OPTIMAL_COLOR_CLASS_ORDER,16,16,validation,heuristic_gap_controlled
week17_gap_join_c38_join_4,62,46,0.695364238410596,EXACT_OPTIMAL_COLOR_CLASS_ORDER,16,16,validation,heuristic_gap_controlled
week17_gap_join_c38_join_4,65,47,0.6887417218543046,EXACT_OPTIMAL_COLOR_CLASS_ORDER,16,16,validation,heuristic_gap_controlled
week17_gap_join_c38_join_4,68,48,0.6821192052980132,EXACT_OPTIMAL_COLOR_CLASS_ORDER,16,16,validation,heuristic_gap_controlled
week17_gap_join_c38_join_4,71,49,0.6754966887417219,EXACT_OPTIMAL_COLOR_CLASS_ORDER,16,16,validation,heuristic_gap_controlled
week17_gap_join_c38_join_4,39,50,0.6688741721854304,EXACT_OPTIMAL_COLOR_CLASS_ORDER,16,16,validation,heuristic_gap_controlled
week17_gap_join_c38_join_4,42,51,0.6622516556291391,EXACT_OPTIMAL_COLOR_CLASS_ORDER,16,16,validation,heuristic_gap_controlled
week17_gap_join_c38_join_4,45,52,0.6556291390728477,EXACT_OPTIMAL_COLOR_CLASS_ORDER,16,16,validation,heuristic_gap_controlled
week17_gap_join_c38_join_4,48,53,0.6490066225165563,EXACT_OPTIMAL_COLOR_CLASS_ORDER,16,16,validation,heuristic_gap_controlled
week17_gap_join_c38_join_4,51,54,0.6423841059602649,EXACT_OPTIMAL_COLOR_CLASS_ORDER,16,16,validation,heuristic_gap_controlled
week17_gap_join_c38_join_4,54,55,0.6357615894039735,EXACT_OPTIMAL_COLOR_CLASS_ORDER,16,16,validation,heuristic_gap_controlled
week17_gap_join_c38_join_4,57,56,0.6291390728476821,EXACT_OPTIMAL_COLOR_CLASS_ORDER,16,16,validation,heuristic_gap_controlled
week17_gap_join_c38_join_4,60,57,0.6225165562913908,EXACT_OPTIMAL_COLOR_CLASS_ORDER,16,16,validation,heuristic_gap_controlled
week17_gap_join_c38_join_4,63,58,0.6158940397350994,EXACT_OPTIMAL_COLOR_CLASS_ORDER,16,16,validation,heuristic_gap_controlled
week17_gap_join_c38_join_4,66,59,0.609271523178808,EXACT_OPTIMAL_COLOR_CLASS_ORDER,16,16,validation,heuristic_gap_controlled
week17_gap_join_c38_join_4,69,60,0.6026490066225165,EXACT_OPTIMAL_COLOR_CLASS_ORDER,16,16,validation,heuristic_gap_controlled
week17_gap_join_c38_join_4,73,61,0.5960264900662251,EXACT_OPTIMAL_COLOR_CLASS_ORDER,16,16,validation,heuristic_gap_controlled
week17_gap_join_c38_join_4,40,62,0.5894039735099338,EXACT_OPTIMAL_COLOR_CLASS_ORDER,16,16,validation,heuristic_gap_controlled
week17_gap_join_c38_join_4,43,63,0.5827814569536424,EXACT_OPTIMAL_COLOR_CLASS_ORDER,16,16,validation,heuristic_gap_controlled
week17_gap_join_c38_join_4,46,64,0.576158940397351,EXACT_OPTIMAL_COLOR_CLASS_ORDER,16,16,validation,heuristic_gap_controlled
week17_gap_join_c38_join_4,49,65,0.5695364238410596,EXACT_OPTIMAL_COLOR_CLASS_ORDER,16,16,validation,heuristic_gap_controlled
week17_gap_join_c38_join_4,52,66,0.5629139072847682,EXACT_OPTIMAL_COLOR_CLASS_ORDER,16,16,validation,heuristic_gap_controlled
week17_gap_join_c38_join_4,55,67,0.5562913907284768,EXACT_OPTIMAL_COLOR_CLASS_ORDER,16,16,validation,heuristic_gap_controlled
week17_gap_join_c38_join_4,58,68,0.5496688741721854,EXACT_OPTIMAL_COLOR_CLASS_ORDER,16,16,validation,heuristic_gap_controlled
week17_gap_join_c38_join_4,61,69,0.543046357615894,EXACT_OPTIMAL_COLOR_CLASS_ORDER,16,16,validation,heuristic_gap_controlled
week17_gap_join_c38_join_4,64,70,0.5364238410596027,EXACT_OPTIMAL_COLOR_CLASS_ORDER,16,16,validation,heuristic_gap_controlled
week17_gap_join_c38_join_4,67,71,0.5298013245033113,EXACT_OPTIMAL_COLOR_CLASS_ORDER,16,16,validation,heuristic_gap_controlled
week17_gap_join_c38_join_4,70,72,0.5231788079470199,EXACT_OPTIMAL_COLOR_CLASS_ORDER,16,16,validation,heuristic_gap_controlled
week17_gap_join_c38_join_4,74,73,0.5165562913907285,EXACT_OPTIMAL_COLOR_CLASS_ORDER,16,16,validation,heuristic_gap_controlled
week17_gap_join_c38_join_4,72,74,0.509933774834437,EXACT_OPTIMAL_COLOR_CLASS_ORDER,16,16,validation,heuristic_gap_controlled
week17_gap_join_c38_join_4,75,75,0.5033112582781457,EXACT_OPTIMAL_COLOR_CLASS_ORDER,16,16,validation,heuristic_gap_controlled
week17_gap_join_c38_join_4,76,76,0.4966887417218543,EXACT_OPTIMAL_COLOR_CLASS_ORDER,16,16,validation,heuristic_gap_controlled
week17_gap_join_c38_join_4,79,77,0.49006622516556286,EXACT_OPTIMAL_COLOR_CLASS_ORDER,16,16,validation,heuristic_gap_controlled
week17_gap_join_c38_join_4,82,78,0.48344370860927155,EXACT_OPTIMAL_COLOR_CLASS_ORDER,16,16,validation,heuristic_gap_controlled
week17_gap_join_c38_join_4,85,79,0.4768211920529801,EXACT_OPTIMAL_COLOR_CLASS_ORDER,16,16,validation,heuristic_gap_controlled
week17_gap_join_c38_join_4,88,80,0.4701986754966887,EXACT_OPTIMAL_COLOR_CLASS_ORDER,16,16,validation,heuristic_gap_controlled
week17_gap_join_c38_join_4,91,81,0.4635761589403974,EXACT_OPTIMAL_COLOR_CLASS_ORDER,16,16,validation,heuristic_gap_controlled
week17_gap_join_c38_join_4,94,82,0.45695364238410596,EXACT_OPTIMAL_COLOR_CLASS_ORDER,16,16,validation,heuristic_gap_controlled
week17_gap_join_c38_join_4,97,83,0.45033112582781454,EXACT_OPTIMAL_COLOR_CLASS_ORDER,16,16,validation,heuristic_gap_controlled
week17_gap_join_c38_join_4,100,84,0.4437086092715232,EXACT_OPTIMAL_COLOR_CLASS_ORDER,16,16,validation,heuristic_gap_controlled
week17_gap_join_c38_join_4,103,85,0.4370860927152318,EXACT_OPTIMAL_COLOR_CLASS_ORDER,16,16,validation,heuristic_gap_controlled
week17_gap_join_c38_join_4,106,86,0.4304635761589404,EXACT_OPTIMAL_COLOR_CLASS_ORDER,16,16,validation,heuristic_gap_controlled
week17_gap_join_c38_join_4,109,87,0.42384105960264906,EXACT_OPTIMAL_COLOR_CLASS_ORDER,16,16,validation,heuristic_gap_controlled
week17_gap_join_c38_join_4,77,88,0.41721854304635764,EXACT_OPTIMAL_COLOR_CLASS_ORDER,16,16,validation,heuristic_gap_controlled
week17_gap_join_c38_join_4,80,89,0.4105960264900662,EXACT_OPTIMAL_COLOR_CLASS_ORDER,16,16,validation,heuristic_gap_controlled
week17_gap_join_c38_join_4,83,90,0.4039735099337748,EXACT_OPTIMAL_COLOR_CLASS_ORDER,16,16,validation,heuristic_gap_controlled
week17_gap_join_c38_join_4,86,91,0.3973509933774835,EXACT_OPTIMAL_COLOR_CLASS_ORDER,16,16,validation,heuristic_gap_controlled
week17_gap_join_c38_join_4,89,92,0.39072847682119205,EXACT_OPTIMAL_COLOR_CLASS_ORDER,16,16,validation,heuristic_gap_controlled
week17_gap_join_c38_join_4,92,93,0.3841059602649006,EXACT_OPTIMAL_COLOR_CLASS_ORDER,16,16,validation,heuristic_gap_controlled
week17_gap_join_c38_join_4,95,94,0.3774834437086093,EXACT_OPTIMAL_COLOR_CLASS_ORDER,16,16,validation,heuristic_gap_controlled
week17_gap_join_c38_join_4,98,95,0.3708609271523179,EXACT_OPTIMAL_COLOR_CLASS_ORDER,16,16,validation,heuristic_gap_controlled
week17_gap_join_c38_join_4,101,96,0.36423841059602646,EXACT_OPTIMAL_COLOR_CLASS_ORDER,16,16,validation,heuristic_gap_controlled
week17_gap_join_c38_join_4,104,97,0.35761589403973515,EXACT_OPTIMAL_COLOR_CLASS_ORDER,16,16,validation,heuristic_gap_controlled
week17_gap_join_c38_join_4,107,98,0.3509933774834437,EXACT_OPTIMAL_COLOR_CLASS_ORDER,16,16,validation,heuristic_gap_controlled
week17_gap_join_c38_join_4,111,99,0.3443708609271523,EXACT_OPTIMAL_COLOR_CLASS_ORDER,16,16,validation,heuristic_gap_controlled
week17_gap_join_c38_join_4,78,100,0.3377483443708609,EXACT_OPTIMAL_COLOR_CLASS_ORDER,16,16,validation,heuristic_gap_controlled
week17_gap_join_c38_join_4,81,101,0.33112582781456956,EXACT_OPTIMAL_COLOR_CLASS_ORDER,16,16,validation,heuristic_gap_controlled
week17_gap_join_c38_join_4,84,102,0.32450331125827814,EXACT_OPTIMAL_COLOR_CLASS_ORDER,16,16,validation,heuristic_gap_controlled
week17_gap_join_c38_join_4,87,103,0.3178807947019867,EXACT_OPTIMAL_COLOR_CLASS_ORDER,16,16,validation,heuristic_gap_controlled
week17_gap_join_c38_join_4,90,104,0.3112582781456954,EXACT_OPTIMAL_COLOR_CLASS_ORDER,16,16,validation,heuristic_gap_controlled
week17_gap_join_c38_join_4,93,105,0.304635761589404,EXACT_OPTIMAL_COLOR_CLASS_ORDER,16,16,validation,heuristic_gap_controlled
week17_gap_join_c38_join_4,96,106,0.29801324503311255,EXACT_OPTIMAL_COLOR_CLASS_ORDER,16,16,validation,heuristic_gap_controlled
week17_gap_join_c38_join_4,99,107,0.29139072847682124,EXACT_OPTIMAL_COLOR_CLASS_ORDER,16,16,validation,heuristic_gap_controlled
week17_gap_join_c38_join_4,102,108,0.2847682119205298,EXACT_OPTIMAL_COLOR_CLASS_ORDER,16,16,validation,heuristic_gap_controlled
week17_gap_join_c38_join_4,105,109,0.2781456953642384,EXACT_OPTIMAL_COLOR_CLASS_ORDER,16,16,validation,heuristic_gap_controlled
week17_gap_join_c38_join_4,108,110,0.2715231788079471,EXACT_OPTIMAL_COLOR_CLASS_ORDER,16,16,validation,heuristic_gap_controlled
week17_gap_join_c38_join_4,112,111,0.26490066225165565,EXACT_OPTIMAL_COLOR_CLASS_ORDER,16,16,validation,heuristic_gap_controlled
week17_gap_join_c38_join_4,110,112,0.2582781456953642,EXACT_OPTIMAL_COLOR_CLASS_ORDER,16,16,validation,heuristic_gap_controlled
week17_gap_join_c38_join_4,113,113,0.2516556291390728,EXACT_OPTIMAL_COLOR_CLASS_ORDER,16,16,validation,heuristic_gap_controlled
week17_gap_join_c38_join_4,114,114,0.2450331125827815,EXACT_OPTIMAL_COLOR_CLASS_ORDER,16,16,validation,heuristic_gap_controlled
week17_gap_join_c38_join_4,117,115,0.23841059602649006,EXACT_OPTIMAL_COLOR_CLASS_ORDER,16,16,validation,heuristic_gap_controlled
week17_gap_join_c38_join_4,120,116,0.23178807947019864,EXACT_OPTIMAL_COLOR_CLASS_ORDER,16,16,validation,heuristic_gap_controlled
week17_gap_join_c38_join_4,123,117,0.22516556291390732,EXACT_OPTIMAL_COLOR_CLASS_ORDER,16,16,validation,heuristic_gap_controlled
week17_gap_join_c38_join_4,126,118,0.2185430463576159,EXACT_OPTIMAL_COLOR_CLASS_ORDER,16,16,validation,heuristic_gap_controlled
week17_gap_join_c38_join_4,129,119,0.21192052980132448,EXACT_OPTIMAL_COLOR_CLASS_ORDER,16,16,validation,heuristic_gap_controlled
week17_gap_join_c38_join_4,132,120,0.20529801324503316,EXACT_OPTIMAL_COLOR_CLASS_ORDER,16,16,validation,heuristic_gap_controlled
week17_gap_join_c38_join_4,135,121,0.19867549668874174,EXACT_OPTIMAL_COLOR_CLASS_ORDER,16,16,validation,heuristic_gap_controlled
week17_gap_join_c38_join_4,138,122,0.1920529801324503,EXACT_OPTIMAL_COLOR_CLASS_ORDER,16,16,validation,heuristic_gap_controlled
week17_gap_join_c38_join_4,141,123,0.1854304635761589,EXACT_OPTIMAL_COLOR_CLASS_ORDER,16,16,validation,heuristic_gap_controlled
week17_gap_join_c38_join_4,144,124,0.17880794701986757,EXACT_OPTIMAL_COLOR_CLASS_ORDER,16,16,validation,heuristic_gap_controlled
week17_gap_join_c38_join_4,147,125,0.17218543046357615,EXACT_OPTIMAL_COLOR_CLASS_ORDER,16,16,validation,heuristic_gap_controlled
week17_gap_join_c38_join_4,115,126,0.16556291390728473,EXACT_OPTIMAL_COLOR_CLASS_ORDER,16,16,validation,heuristic_gap_controlled
week17_gap_join_c38_join_4,118,127,0.1589403973509934,EXACT_OPTIMAL_COLOR_CLASS_ORDER,16,16,validation,heuristic_gap_controlled
week17_gap_join_c38_join_4,121,128,0.152317880794702,EXACT_OPTIMAL_COLOR_CLASS_ORDER,16,16,validation,heuristic_gap_controlled
week17_gap_join_c38_join_4,124,129,0.14569536423841056,EXACT_OPTIMAL_COLOR_CLASS_ORDER,16,16,validation,heuristic_gap_controlled
week17_gap_join_c38_join_4,127,130,0.13907284768211925,EXACT_OPTIMAL_COLOR_CLASS_ORDER,16,16,validation,heuristic_gap_controlled
week17_gap_join_c38_join_4,130,131,0.13245033112582782,EXACT_OPTIMAL_COLOR_CLASS_ORDER,16,16,validation,heuristic_gap_controlled
week17_gap_join_c38_join_4,133,132,0.1258278145695364,EXACT_OPTIMAL_COLOR_CLASS_ORDER,16,16,validation,heuristic_gap_controlled
week17_gap_join_c38_join_4,136,133,0.11920529801324509,EXACT_OPTIMAL_COLOR_CLASS_ORDER,16,16,validation,heuristic_gap_controlled
week17_gap_join_c38_join_4,139,134,0.11258278145695366,EXACT_OPTIMAL_COLOR_CLASS_ORDER,16,16,validation,heuristic_gap_controlled
week17_gap_join_c38_join_4,142,135,0.10596026490066224,EXACT_OPTIMAL_COLOR_CLASS_ORDER,16,16,validation,heuristic_gap_controlled
week17_gap_join_c38_join_4,145,136,0.09933774834437081,EXACT_OPTIMAL_COLOR_CLASS_ORDER,16,16,validation,heuristic_gap_controlled
week17_gap_join_c38_join_4,149,137,0.0927152317880795,EXACT_OPTIMAL_COLOR_CLASS_ORDER,16,16,validation,heuristic_gap_controlled
week17_gap_join_c38_join_4,116,138,0.08609271523178808,EXACT_OPTIMAL_COLOR_CLASS_ORDER,16,16,validation,heuristic_gap_controlled
week17_gap_join_c38_join_4,119,139,0.07947019867549665,EXACT_OPTIMAL_COLOR_CLASS_ORDER,16,16,validation,heuristic_gap_controlled
week17_gap_join_c38_join_4,122,140,0.07284768211920534,EXACT_OPTIMAL_COLOR_CLASS_ORDER,16,16,validation,heuristic_gap_controlled
week17_gap_join_c38_join_4,125,141,0.06622516556291391,EXACT_OPTIMAL_COLOR_CLASS_ORDER,16,16,validation,heuristic_gap_controlled
week17_gap_join_c38_join_4,128,142,0.05960264900662249,EXACT_OPTIMAL_COLOR_CLASS_ORDER,16,16,validation,heuristic_gap_controlled
week17_gap_join_c38_join_4,131,143,0.052980132450331174,EXACT_OPTIMAL_COLOR_CLASS_ORDER,16,16,validation,heuristic_gap_controlled
week17_gap_join_c38_join_4,134,144,0.04635761589403975,EXACT_OPTIMAL_COLOR_CLASS_ORDER,16,16,validation,heuristic_gap_controlled
week17_gap_join_c38_join_4,137,145,0.039735099337748325,EXACT_OPTIMAL_COLOR_CLASS_ORDER,16,16,validation,heuristic_gap_controlled
week17_gap_join_c38_join_4,140,146,0.0331125827814569,EXACT_OPTIMAL_COLOR_CLASS_ORDER,16,16,validation,heuristic_gap_controlled
week17_gap_join_c38_join_4,143,147,0.026490066225165587,EXACT_OPTIMAL_COLOR_CLASS_ORDER,16,16,validation,heuristic_gap_controlled
week17_gap_join_c38_join_4,146,148,0.019867549668874163,EXACT_OPTIMAL_COLOR_CLASS_ORDER,16,16,validation,heuristic_gap_controlled
week17_gap_join_c38_join_4,150,149,0.013245033112582738,EXACT_OPTIMAL_COLOR_CLASS_ORDER,16,16,validation,heuristic_gap_controlled
week17_gap_join_c38_join_4,148,150,0.0066225165562914245,EXACT_OPTIMAL_COLOR_CLASS_ORDER,16,16,validation,heuristic_gap_controlled
week17_gap_join_c38_join_4,151,151,0.0,EXACT_OPTIMAL_COLOR_CLASS_ORDER,16,16,validation,heuristic_gap_controlled
week17_gap_join_c38_join_5,0,0,1.0,EXACT_OPTIMAL_COLOR_CLASS_ORDER,20,20,validation,heuristic_gap_controlled
week17_gap_join_c38_join_5,3,1,0.9947089947089947,EXACT_OPTIMAL_COLOR_CLASS_ORDER,20,20,validation,heuristic_gap_controlled
week17_gap_join_c38_join_5,6,2,0.9894179894179894,EXACT_OPTIMAL_COLOR_CLASS_ORDER,20,20,validation,heuristic_gap_controlled
week17_gap_join_c38_join_5,9,3,0.9841269841269842,EXACT_OPTIMAL_COLOR_CLASS_ORDER,20,20,validation,heuristic_gap_controlled
week17_gap_join_c38_join_5,12,4,0.9788359788359788,EXACT_OPTIMAL_COLOR_CLASS_ORDER,20,20,validation,heuristic_gap_controlled
week17_gap_join_c38_join_5,15,5,0.9735449735449735,EXACT_OPTIMAL_COLOR_CLASS_ORDER,20,20,validation,heuristic_gap_controlled
week17_gap_join_c38_join_5,18,6,0.9682539682539683,EXACT_OPTIMAL_COLOR_CLASS_ORDER,20,20,validation,heuristic_gap_controlled
week17_gap_join_c38_join_5,21,7,0.962962962962963,EXACT_OPTIMAL_COLOR_CLASS_ORDER,20,20,validation,heuristic_gap_controlled
week17_gap_join_c38_join_5,24,8,0.9576719576719577,EXACT_OPTIMAL_COLOR_CLASS_ORDER,20,20,validation,heuristic_gap_controlled
week17_gap_join_c38_join_5,27,9,0.9523809523809523,EXACT_OPTIMAL_COLOR_CLASS_ORDER,20,20,validation,heuristic_gap_controlled
week17_gap_join_c38_join_5,30,10,0.9470899470899471,EXACT_OPTIMAL_COLOR_CLASS_ORDER,20,20,validation,heuristic_gap_controlled
week17_gap_join_c38_join_5,33,11,0.9417989417989419,EXACT_OPTIMAL_COLOR_CLASS_ORDER,20,20,validation,heuristic_gap_controlled
week17_gap_join_c38_join_5,1,12,0.9365079365079365,EXACT_OPTIMAL_COLOR_CLASS_ORDER,20,20,validation,heuristic_gap_controlled
week17_gap_join_c38_join_5,4,13,0.9312169312169312,EXACT_OPTIMAL_COLOR_CLASS_ORDER,20,20,validation,heuristic_gap_controlled
week17_gap_join_c38_join_5,7,14,0.9259259259259259,EXACT_OPTIMAL_COLOR_CLASS_ORDER,20,20,validation,heuristic_gap_controlled
week17_gap_join_c38_join_5,10,15,0.9206349206349207,EXACT_OPTIMAL_COLOR_CLASS_ORDER,20,20,validation,heuristic_gap_controlled
week17_gap_join_c38_join_5,13,16,0.9153439153439153,EXACT_OPTIMAL_COLOR_CLASS_ORDER,20,20,validation,heuristic_gap_controlled
week17_gap_join_c38_join_5,16,17,0.91005291005291,EXACT_OPTIMAL_COLOR_CLASS_ORDER,20,20,validation,heuristic_gap_controlled
week17_gap_join_c38_join_5,19,18,0.9047619047619048,EXACT_OPTIMAL_COLOR_CLASS_ORDER,20,20,validation,heuristic_gap_controlled
week17_gap_join_c38_join_5,22,19,0.8994708994708995,EXACT_OPTIMAL_COLOR_CLASS_ORDER,20,20,validation,heuristic_gap_controlled
week17_gap_join_c38_join_5,25,20,0.8941798941798942,EXACT_OPTIMAL_COLOR_CLASS_ORDER,20,20,validation,heuristic_gap_controlled
week17_gap_join_c38_join_5,28,21,0.8888888888888888,EXACT_OPTIMAL_COLOR_CLASS_ORDER,20,20,validation,heuristic_gap_controlled
week17_gap_join_c38_join_5,31,22,0.8835978835978836,EXACT_OPTIMAL_COLOR_CLASS_ORDER,20,20,validation,heuristic_gap_controlled
week17_gap_join_c38_join_5,35,23,0.8783068783068784,EXACT_OPTIMAL_COLOR_CLASS_ORDER,20,20,validation,heuristic_gap_controlled
week17_gap_join_c38_join_5,2,24,0.873015873015873,EXACT_OPTIMAL_COLOR_CLASS_ORDER,20,20,validation,heuristic_gap_controlled
week17_gap_join_c38_join_5,5,25,0.8677248677248677,EXACT_OPTIMAL_COLOR_CLASS_ORDER,20,20,validation,heuristic_gap_controlled
week17_gap_join_c38_join_5,8,26,0.8624338624338624,EXACT_OPTIMAL_COLOR_CLASS_ORDER,20,20,validation,heuristic_gap_controlled
week17_gap_join_c38_join_5,11,27,0.8571428571428572,EXACT_OPTIMAL_COLOR_CLASS_ORDER,20,20,validation,heuristic_gap_controlled
week17_gap_join_c38_join_5,14,28,0.8518518518518519,EXACT_OPTIMAL_COLOR_CLASS_ORDER,20,20,validation,heuristic_gap_controlled
week17_gap_join_c38_join_5,17,29,0.8465608465608465,EXACT_OPTIMAL_COLOR_CLASS_ORDER,20,20,validation,heuristic_gap_controlled
week17_gap_join_c38_join_5,20,30,0.8412698412698413,EXACT_OPTIMAL_COLOR_CLASS_ORDER,20,20,validation,heuristic_gap_controlled
week17_gap_join_c38_join_5,23,31,0.835978835978836,EXACT_OPTIMAL_COLOR_CLASS_ORDER,20,20,validation,heuristic_gap_controlled
week17_gap_join_c38_join_5,26,32,0.8306878306878307,EXACT_OPTIMAL_COLOR_CLASS_ORDER,20,20,validation,heuristic_gap_controlled
week17_gap_join_c38_join_5,29,33,0.8253968253968254,EXACT_OPTIMAL_COLOR_CLASS_ORDER,20,20,validation,heuristic_gap_controlled
week17_gap_join_c38_join_5,32,34,0.8201058201058201,EXACT_OPTIMAL_COLOR_CLASS_ORDER,20,20,validation,heuristic_gap_controlled
week17_gap_join_c38_join_5,36,35,0.8148148148148149,EXACT_OPTIMAL_COLOR_CLASS_ORDER,20,20,validation,heuristic_gap_controlled
week17_gap_join_c38_join_5,34,36,0.8095238095238095,EXACT_OPTIMAL_COLOR_CLASS_ORDER,20,20,validation,heuristic_gap_controlled
week17_gap_join_c38_join_5,37,37,0.8042328042328042,EXACT_OPTIMAL_COLOR_CLASS_ORDER,20,20,validation,heuristic_gap_controlled
week17_gap_join_c38_join_5,38,38,0.798941798941799,EXACT_OPTIMAL_COLOR_CLASS_ORDER,20,20,validation,heuristic_gap_controlled
week17_gap_join_c38_join_5,41,39,0.7936507936507937,EXACT_OPTIMAL_COLOR_CLASS_ORDER,20,20,validation,heuristic_gap_controlled
week17_gap_join_c38_join_5,44,40,0.7883597883597884,EXACT_OPTIMAL_COLOR_CLASS_ORDER,20,20,validation,heuristic_gap_controlled
week17_gap_join_c38_join_5,47,41,0.783068783068783,EXACT_OPTIMAL_COLOR_CLASS_ORDER,20,20,validation,heuristic_gap_controlled
week17_gap_join_c38_join_5,50,42,0.7777777777777778,EXACT_OPTIMAL_COLOR_CLASS_ORDER,20,20,validation,heuristic_gap_controlled
week17_gap_join_c38_join_5,53,43,0.7724867724867726,EXACT_OPTIMAL_COLOR_CLASS_ORDER,20,20,validation,heuristic_gap_controlled
week17_gap_join_c38_join_5,56,44,0.7671957671957672,EXACT_OPTIMAL_COLOR_CLASS_ORDER,20,20,validation,heuristic_gap_controlled
week17_gap_join_c38_join_5,59,45,0.7619047619047619,EXACT_OPTIMAL_COLOR_CLASS_ORDER,20,20,validation,heuristic_gap_controlled
week17_gap_join_c38_join_5,62,46,0.7566137566137566,EXACT_OPTIMAL_COLOR_CLASS_ORDER,20,20,validation,heuristic_gap_controlled
week17_gap_join_c38_join_5,65,47,0.7513227513227514,EXACT_OPTIMAL_COLOR_CLASS_ORDER,20,20,validation,heuristic_gap_controlled
week17_gap_join_c38_join_5,68,48,0.746031746031746,EXACT_OPTIMAL_COLOR_CLASS_ORDER,20,20,validation,heuristic_gap_controlled
week17_gap_join_c38_join_5,71,49,0.7407407407407407,EXACT_OPTIMAL_COLOR_CLASS_ORDER,20,20,validation,heuristic_gap_controlled
week17_gap_join_c38_join_5,39,50,0.7354497354497355,EXACT_OPTIMAL_COLOR_CLASS_ORDER,20,20,validation,heuristic_gap_controlled
week17_gap_join_c38_join_5,42,51,0.7301587301587302,EXACT_OPTIMAL_COLOR_CLASS_ORDER,20,20,validation,heuristic_gap_controlled
week17_gap_join_c38_join_5,45,52,0.7248677248677249,EXACT_OPTIMAL_COLOR_CLASS_ORDER,20,20,validation,heuristic_gap_controlled
week17_gap_join_c38_join_5,48,53,0.7195767195767195,EXACT_OPTIMAL_COLOR_CLASS_ORDER,20,20,validation,heuristic_gap_controlled
week17_gap_join_c38_join_5,51,54,0.7142857142857143,EXACT_OPTIMAL_COLOR_CLASS_ORDER,20,20,validation,heuristic_gap_controlled
week17_gap_join_c38_join_5,54,55,0.7089947089947091,EXACT_OPTIMAL_COLOR_CLASS_ORDER,20,20,validation,heuristic_gap_controlled
week17_gap_join_c38_join_5,57,56,0.7037037037037037,EXACT_OPTIMAL_COLOR_CLASS_ORDER,20,20,validation,heuristic_gap_controlled
week17_gap_join_c38_join_5,60,57,0.6984126984126984,EXACT_OPTIMAL_COLOR_CLASS_ORDER,20,20,validation,heuristic_gap_controlled
week17_gap_join_c38_join_5,63,58,0.6931216931216931,EXACT_OPTIMAL_COLOR_CLASS_ORDER,20,20,validation,heuristic_gap_controlled
week17_gap_join_c38_join_5,66,59,0.6878306878306879,EXACT_OPTIMAL_COLOR_CLASS_ORDER,20,20,validation,heuristic_gap_controlled
week17_gap_join_c38_join_5,69,60,0.6825396825396826,EXACT_OPTIMAL_COLOR_CLASS_ORDER,20,20,validation,heuristic_gap_controlled
week17_gap_join_c38_join_5,73,61,0.6772486772486772,EXACT_OPTIMAL_COLOR_CLASS_ORDER,20,20,validation,heuristic_gap_controlled
week17_gap_join_c38_join_5,40,62,0.671957671957672,EXACT_OPTIMAL_COLOR_CLASS_ORDER,20,20,validation,heuristic_gap_controlled
week17_gap_join_c38_join_5,43,63,0.6666666666666667,EXACT_OPTIMAL_COLOR_CLASS_ORDER,20,20,validation,heuristic_gap_controlled
week17_gap_join_c38_join_5,46,64,0.6613756613756614,EXACT_OPTIMAL_COLOR_CLASS_ORDER,20,20,validation,heuristic_gap_controlled
week17_gap_join_c38_join_5,49,65,0.656084656084656,EXACT_OPTIMAL_COLOR_CLASS_ORDER,20,20,validation,heuristic_gap_controlled
week17_gap_join_c38_join_5,52,66,0.6507936507936508,EXACT_OPTIMAL_COLOR_CLASS_ORDER,20,20,validation,heuristic_gap_controlled
week17_gap_join_c38_join_5,55,67,0.6455026455026456,EXACT_OPTIMAL_COLOR_CLASS_ORDER,20,20,validation,heuristic_gap_controlled
week17_gap_join_c38_join_5,58,68,0.6402116402116402,EXACT_OPTIMAL_COLOR_CLASS_ORDER,20,20,validation,heuristic_gap_controlled
week17_gap_join_c38_join_5,61,69,0.6349206349206349,EXACT_OPTIMAL_COLOR_CLASS_ORDER,20,20,validation,heuristic_gap_controlled
week17_gap_join_c38_join_5,64,70,0.6296296296296297,EXACT_OPTIMAL_COLOR_CLASS_ORDER,20,20,validation,heuristic_gap_controlled
week17_gap_join_c38_join_5,67,71,0.6243386243386244,EXACT_OPTIMAL_COLOR_CLASS_ORDER,20,20,validation,heuristic_gap_controlled
week17_gap_join_c38_join_5,70,72,0.6190476190476191,EXACT_OPTIMAL_COLOR_CLASS_ORDER,20,20,validation,heuristic_gap_controlled
week17_gap_join_c38_join_5,74,73,0.6137566137566137,EXACT_OPTIMAL_COLOR_CLASS_ORDER,20,20,validation,heuristic_gap_controlled
week17_gap_join_c38_join_5,72,74,0.6084656084656085,EXACT_OPTIMAL_COLOR_CLASS_ORDER,20,20,validation,heuristic_gap_controlled
week17_gap_join_c38_join_5,75,75,0.6031746031746033,EXACT_OPTIMAL_COLOR_CLASS_ORDER,20,20,validation,heuristic_gap_controlled
week17_gap_join_c38_join_5,76,76,0.5978835978835979,EXACT_OPTIMAL_COLOR_CLASS_ORDER,20,20,validation,heuristic_gap_controlled
week17_gap_join_c38_join_5,79,77,0.5925925925925926,EXACT_OPTIMAL_COLOR_CLASS_ORDER,20,20,validation,heuristic_gap_controlled
week17_gap_join_c38_join_5,82,78,0.5873015873015873,EXACT_OPTIMAL_COLOR_CLASS_ORDER,20,20,validation,heuristic_gap_controlled
week17_gap_join_c38_join_5,85,79,0.5820105820105821,EXACT_OPTIMAL_COLOR_CLASS_ORDER,20,20,validation,heuristic_gap_controlled
week17_gap_join_c38_join_5,88,80,0.5767195767195767,EXACT_OPTIMAL_COLOR_CLASS_ORDER,20,20,validation,heuristic_gap_controlled
week17_gap_join_c38_join_5,91,81,0.5714285714285714,EXACT_OPTIMAL_COLOR_CLASS_ORDER,20,20,validation,heuristic_gap_controlled
week17_gap_join_c38_join_5,94,82,0.5661375661375662,EXACT_OPTIMAL_COLOR_CLASS_ORDER,20,20,validation,heuristic_gap_controlled
week17_gap_join_c38_join_5,97,83,0.5608465608465609,EXACT_OPTIMAL_COLOR_CLASS_ORDER,20,20,validation,heuristic_gap_controlled
week17_gap_join_c38_join_5,100,84,0.5555555555555556,EXACT_OPTIMAL_COLOR_CLASS_ORDER,20,20,validation,heuristic_gap_controlled
week17_gap_join_c38_join_5,103,85,0.5502645502645502,EXACT_OPTIMAL_COLOR_CLASS_ORDER,20,20,validation,heuristic_gap_controlled
week17_gap_join_c38_join_5,106,86,0.544973544973545,EXACT_OPTIMAL_COLOR_CLASS_ORDER,20,20,validation,heuristic_gap_controlled
week17_gap_join_c38_join_5,109,87,0.5396825396825398,EXACT_OPTIMAL_COLOR_CLASS_ORDER,20,20,validation,heuristic_gap_controlled
week17_gap_join_c38_join_5,77,88,0.5343915343915344,EXACT_OPTIMAL_COLOR_CLASS_ORDER,20,20,validation,heuristic_gap_controlled
week17_gap_join_c38_join_5,80,89,0.5291005291005291,EXACT_OPTIMAL_COLOR_CLASS_ORDER,20,20,validation,heuristic_gap_controlled
week17_gap_join_c38_join_5,83,90,0.5238095238095238,EXACT_OPTIMAL_COLOR_CLASS_ORDER,20,20,validation,heuristic_gap_controlled
week17_gap_join_c38_join_5,86,91,0.5185185185185186,EXACT_OPTIMAL_COLOR_CLASS_ORDER,20,20,validation,heuristic_gap_controlled
week17_gap_join_c38_join_5,89,92,0.5132275132275133,EXACT_OPTIMAL_COLOR_CLASS_ORDER,20,20,validation,heuristic_gap_controlled
week17_gap_join_c38_join_5,92,93,0.5079365079365079,EXACT_OPTIMAL_COLOR_CLASS_ORDER,20,20,validation,heuristic_gap_controlled
week17_gap_join_c38_join_5,95,94,0.5026455026455027,EXACT_OPTIMAL_COLOR_CLASS_ORDER,20,20,validation,heuristic_gap_controlled
week17_gap_join_c38_join_5,98,95,0.4973544973544973,EXACT_OPTIMAL_COLOR_CLASS_ORDER,20,20,validation,heuristic_gap_controlled
week17_gap_join_c38_join_5,101,96,0.4920634920634921,EXACT_OPTIMAL_COLOR_CLASS_ORDER,20,20,validation,heuristic_gap_controlled
week17_gap_join_c38_join_5,104,97,0.48677248677248675,EXACT_OPTIMAL_COLOR_CLASS_ORDER,20,20,validation,heuristic_gap_controlled
week17_gap_join_c38_join_5,107,98,0.4814814814814815,EXACT_OPTIMAL_COLOR_CLASS_ORDER,20,20,validation,heuristic_gap_controlled
week17_gap_join_c38_join_5,111,99,0.47619047619047616,EXACT_OPTIMAL_COLOR_CLASS_ORDER,20,20,validation,heuristic_gap_controlled
week17_gap_join_c38_join_5,78,100,0.47089947089947093,EXACT_OPTIMAL_COLOR_CLASS_ORDER,20,20,validation,heuristic_gap_controlled
week17_gap_join_c38_join_5,81,101,0.4656084656084656,EXACT_OPTIMAL_COLOR_CLASS_ORDER,20,20,validation,heuristic_gap_controlled
week17_gap_join_c38_join_5,84,102,0.46031746031746035,EXACT_OPTIMAL_COLOR_CLASS_ORDER,20,20,validation,heuristic_gap_controlled
week17_gap_join_c38_join_5,87,103,0.455026455026455,EXACT_OPTIMAL_COLOR_CLASS_ORDER,20,20,validation,heuristic_gap_controlled
week17_gap_join_c38_join_5,90,104,0.44973544973544977,EXACT_OPTIMAL_COLOR_CLASS_ORDER,20,20,validation,heuristic_gap_controlled
week17_gap_join_c38_join_5,93,105,0.4444444444444444,EXACT_OPTIMAL_COLOR_CLASS_ORDER,20,20,validation,heuristic_gap_controlled
week17_gap_join_c38_join_5,96,106,0.4391534391534392,EXACT_OPTIMAL_COLOR_CLASS_ORDER,20,20,validation,heuristic_gap_controlled
week17_gap_join_c38_join_5,99,107,0.43386243386243384,EXACT_OPTIMAL_COLOR_CLASS_ORDER,20,20,validation,heuristic_gap_controlled
week17_gap_join_c38_join_5,102,108,0.4285714285714286,EXACT_OPTIMAL_COLOR_CLASS_ORDER,20,20,validation,heuristic_gap_controlled
week17_gap_join_c38_join_5,105,109,0.42328042328042326,EXACT_OPTIMAL_COLOR_CLASS_ORDER,20,20,validation,heuristic_gap_controlled
week17_gap_join_c38_join_5,108,110,0.417989417989418,EXACT_OPTIMAL_COLOR_CLASS_ORDER,20,20,validation,heuristic_gap_controlled
week17_gap_join_c38_join_5,112,111,0.4126984126984127,EXACT_OPTIMAL_COLOR_CLASS_ORDER,20,20,validation,heuristic_gap_controlled
week17_gap_join_c38_join_5,110,112,0.40740740740740744,EXACT_OPTIMAL_COLOR_CLASS_ORDER,20,20,validation,heuristic_gap_controlled
week17_gap_join_c38_join_5,113,113,0.4021164021164021,EXACT_OPTIMAL_COLOR_CLASS_ORDER,20,20,validation,heuristic_gap_controlled
week17_gap_join_c38_join_5,114,114,0.39682539682539686,EXACT_OPTIMAL_COLOR_CLASS_ORDER,20,20,validation,heuristic_gap_controlled
week17_gap_join_c38_join_5,117,115,0.3915343915343915,EXACT_OPTIMAL_COLOR_CLASS_ORDER,20,20,validation,heuristic_gap_controlled
week17_gap_join_c38_join_5,120,116,0.3862433862433863,EXACT_OPTIMAL_COLOR_CLASS_ORDER,20,20,validation,heuristic_gap_controlled
week17_gap_join_c38_join_5,123,117,0.38095238095238093,EXACT_OPTIMAL_COLOR_CLASS_ORDER,20,20,validation,heuristic_gap_controlled
week17_gap_join_c38_join_5,126,118,0.3756613756613757,EXACT_OPTIMAL_COLOR_CLASS_ORDER,20,20,validation,heuristic_gap_controlled
week17_gap_join_c38_join_5,129,119,0.37037037037037035,EXACT_OPTIMAL_COLOR_CLASS_ORDER,20,20,validation,heuristic_gap_controlled
week17_gap_join_c38_join_5,132,120,0.3650793650793651,EXACT_OPTIMAL_COLOR_CLASS_ORDER,20,20,validation,heuristic_gap_controlled
week17_gap_join_c38_join_5,135,121,0.35978835978835977,EXACT_OPTIMAL_COLOR_CLASS_ORDER,20,20,validation,heuristic_gap_controlled
week17_gap_join_c38_join_5,138,122,0.35449735449735453,EXACT_OPTIMAL_COLOR_CLASS_ORDER,20,20,validation,heuristic_gap_controlled
week17_gap_join_c38_join_5,141,123,0.3492063492063492,EXACT_OPTIMAL_COLOR_CLASS_ORDER,20,20,validation,heuristic_gap_controlled
week17_gap_join_c38_join_5,144,124,0.34391534391534395,EXACT_OPTIMAL_COLOR_CLASS_ORDER,20,20,validation,heuristic_gap_controlled
week17_gap_join_c38_join_5,147,125,0.3386243386243386,EXACT_OPTIMAL_COLOR_CLASS_ORDER,20,20,validation,heuristic_gap_controlled
week17_gap_join_c38_join_5,115,126,0.33333333333333337,EXACT_OPTIMAL_COLOR_CLASS_ORDER,20,20,validation,heuristic_gap_controlled
week17_gap_join_c38_join_5,118,127,0.328042328042328,EXACT_OPTIMAL_COLOR_CLASS_ORDER,20,20,validation,heuristic_gap_controlled
week17_gap_join_c38_join_5,121,128,0.3227513227513228,EXACT_OPTIMAL_COLOR_CLASS_ORDER,20,20,validation,heuristic_gap_controlled
week17_gap_join_c38_join_5,124,129,0.31746031746031744,EXACT_OPTIMAL_COLOR_CLASS_ORDER,20,20,validation,heuristic_gap_controlled
week17_gap_join_c38_join_5,127,130,0.3121693121693122,EXACT_OPTIMAL_COLOR_CLASS_ORDER,20,20,validation,heuristic_gap_controlled
week17_gap_join_c38_join_5,130,131,0.30687830687830686,EXACT_OPTIMAL_COLOR_CLASS_ORDER,20,20,validation,heuristic_gap_controlled
week17_gap_join_c38_join_5,133,132,0.3015873015873016,EXACT_OPTIMAL_COLOR_CLASS_ORDER,20,20,validation,heuristic_gap_controlled
week17_gap_join_c38_join_5,136,133,0.2962962962962963,EXACT_OPTIMAL_COLOR_CLASS_ORDER,20,20,validation,heuristic_gap_controlled
week17_gap_join_c38_join_5,139,134,0.29100529100529104,EXACT_OPTIMAL_COLOR_CLASS_ORDER,20,20,validation,heuristic_gap_controlled
week17_gap_join_c38_join_5,142,135,0.2857142857142857,EXACT_OPTIMAL_COLOR_CLASS_ORDER,20,20,validation,heuristic_gap_controlled
week17_gap_join_c38_join_5,145,136,0.28042328042328046,EXACT_OPTIMAL_COLOR_CLASS_ORDER,20,20,validation,heuristic_gap_controlled
week17_gap_join_c38_join_5,149,137,0.2751322751322751,EXACT_OPTIMAL_COLOR_CLASS_ORDER,20,20,validation,heuristic_gap_controlled
week17_gap_join_c38_join_5,116,138,0.2698412698412699,EXACT_OPTIMAL_COLOR_CLASS_ORDER,20,20,validation,heuristic_gap_controlled
week17_gap_join_c38_join_5,119,139,0.26455026455026454,EXACT_OPTIMAL_COLOR_CLASS_ORDER,20,20,validation,heuristic_gap_controlled
week17_gap_join_c38_join_5,122,140,0.2592592592592593,EXACT_OPTIMAL_COLOR_CLASS_ORDER,20,20,validation,heuristic_gap_controlled
week17_gap_join_c38_join_5,125,141,0.25396825396825395,EXACT_OPTIMAL_COLOR_CLASS_ORDER,20,20,validation,heuristic_gap_controlled
week17_gap_join_c38_join_5,128,142,0.24867724867724872,EXACT_OPTIMAL_COLOR_CLASS_ORDER,20,20,validation,heuristic_gap_controlled
week17_gap_join_c38_join_5,131,143,0.24338624338624337,EXACT_OPTIMAL_COLOR_CLASS_ORDER,20,20,validation,heuristic_gap_controlled
week17_gap_join_c38_join_5,134,144,0.23809523809523814,EXACT_OPTIMAL_COLOR_CLASS_ORDER,20,20,validation,heuristic_gap_controlled
week17_gap_join_c38_join_5,137,145,0.2328042328042328,EXACT_OPTIMAL_COLOR_CLASS_ORDER,20,20,validation,heuristic_gap_controlled
week17_gap_join_c38_join_5,140,146,0.22751322751322756,EXACT_OPTIMAL_COLOR_CLASS_ORDER,20,20,validation,heuristic_gap_controlled
week17_gap_join_c38_join_5,143,147,0.2222222222222222,EXACT_OPTIMAL_COLOR_CLASS_ORDER,20,20,validation,heuristic_gap_controlled
week17_gap_join_c38_join_5,146,148,0.21693121693121697,EXACT_OPTIMAL_COLOR_CLASS_ORDER,20,20,validation,heuristic_gap_controlled
week17_gap_join_c38_join_5,150,149,0.21164021164021163,EXACT_OPTIMAL_COLOR_CLASS_ORDER,20,20,validation,heuristic_gap_controlled
week17_gap_join_c38_join_5,148,150,0.2063492063492064,EXACT_OPTIMAL_COLOR_CLASS_ORDER,20,20,validation,heuristic_gap_controlled
week17_gap_join_c38_join_5,151,151,0.20105820105820105,EXACT_OPTIMAL_COLOR_CLASS_ORDER,20,20,validation,heuristic_gap_controlled
week17_gap_join_c38_join_5,152,152,0.1957671957671958,EXACT_OPTIMAL_COLOR_CLASS_ORDER,20,20,validation,heuristic_gap_controlled
week17_gap_join_c38_join_5,155,153,0.19047619047619047,EXACT_OPTIMAL_COLOR_CLASS_ORDER,20,20,validation,heuristic_gap_controlled
week17_gap_join_c38_join_5,158,154,0.18518518518518523,EXACT_OPTIMAL_COLOR_CLASS_ORDER,20,20,validation,heuristic_gap_controlled
week17_gap_join_c38_join_5,161,155,0.17989417989417988,EXACT_OPTIMAL_COLOR_CLASS_ORDER,20,20,validation,heuristic_gap_controlled
week17_gap_join_c38_join_5,164,156,0.17460317460317465,EXACT_OPTIMAL_COLOR_CLASS_ORDER,20,20,validation,heuristic_gap_controlled
week17_gap_join_c38_join_5,167,157,0.1693121693121693,EXACT_OPTIMAL_COLOR_CLASS_ORDER,20,20,validation,heuristic_gap_controlled
week17_gap_join_c38_join_5,170,158,0.16402116402116407,EXACT_OPTIMAL_COLOR_CLASS_ORDER,20,20,validation,heuristic_gap_controlled
week17_gap_join_c38_join_5,173,159,0.15873015873015872,EXACT_OPTIMAL_COLOR_CLASS_ORDER,20,20,validation,heuristic_gap_controlled
week17_gap_join_c38_join_5,176,160,0.1534391534391535,EXACT_OPTIMAL_COLOR_CLASS_ORDER,20,20,validation,heuristic_gap_controlled
week17_gap_join_c38_join_5,179,161,0.14814814814814814,EXACT_OPTIMAL_COLOR_CLASS_ORDER,20,20,validation,heuristic_gap_controlled
week17_gap_join_c38_join_5,182,162,0.1428571428571429,EXACT_OPTIMAL_COLOR_CLASS_ORDER,20,20,validation,heuristic_gap_controlled
week17_gap_join_c38_join_5,185,163,0.13756613756613756,EXACT_OPTIMAL_COLOR_CLASS_ORDER,20,20,validation,heuristic_gap_controlled
week17_gap_join_c38_join_5,153,164,0.13227513227513232,EXACT_OPTIMAL_COLOR_CLASS_ORDER,20,20,validation,heuristic_gap_controlled
week17_gap_join_c38_join_5,156,165,0.12698412698412698,EXACT_OPTIMAL_COLOR_CLASS_ORDER,20,20,validation,heuristic_gap_controlled
week17_gap_join_c38_join_5,159,166,0.12169312169312174,EXACT_OPTIMAL_COLOR_CLASS_ORDER,20,20,validation,heuristic_gap_controlled
week17_gap_join_c38_join_5,162,167,0.1164021164021164,EXACT_OPTIMAL_COLOR_CLASS_ORDER,20,20,validation,heuristic_gap_controlled
week17_gap_join_c38_join_5,165,168,0.11111111111111116,EXACT_OPTIMAL_COLOR_CLASS_ORDER,20,20,validation,heuristic_gap_controlled
week17_gap_join_c38_join_5,168,169,0.10582010582010581,EXACT_OPTIMAL_COLOR_CLASS_ORDER,20,20,validation,heuristic_gap_controlled
week17_gap_join_c38_join_5,171,170,0.10052910052910058,EXACT_OPTIMAL_COLOR_CLASS_ORDER,20,20,validation,heuristic_gap_controlled
week17_gap_join_c38_join_5,174,171,0.09523809523809523,EXACT_OPTIMAL_COLOR_CLASS_ORDER,20,20,validation,heuristic_gap_controlled
week17_gap_join_c38_join_5,177,172,0.08994708994709,EXACT_OPTIMAL_COLOR_CLASS_ORDER,20,20,validation,heuristic_gap_controlled
week17_gap_join_c38_join_5,180,173,0.08465608465608465,EXACT_OPTIMAL_COLOR_CLASS_ORDER,20,20,validation,heuristic_gap_controlled
week17_gap_join_c38_join_5,183,174,0.07936507936507942,EXACT_OPTIMAL_COLOR_CLASS_ORDER,20,20,validation,heuristic_gap_controlled
week17_gap_join_c38_join_5,187,175,0.07407407407407407,EXACT_OPTIMAL_COLOR_CLASS_ORDER,20,20,validation,heuristic_gap_controlled
week17_gap_join_c38_join_5,154,176,0.06878306878306883,EXACT_OPTIMAL_COLOR_CLASS_ORDER,20,20,validation,heuristic_gap_controlled
week17_gap_join_c38_join_5,157,177,0.06349206349206349,EXACT_OPTIMAL_COLOR_CLASS_ORDER,20,20,validation,heuristic_gap_controlled
week17_gap_join_c38_join_5,160,178,0.05820105820105825,EXACT_OPTIMAL_COLOR_CLASS_ORDER,20,20,validation,heuristic_gap_controlled
week17_gap_join_c38_join_5,163,179,0.05291005291005291,EXACT_OPTIMAL_COLOR_CLASS_ORDER,20,20,validation,heuristic_gap_controlled
week17_gap_join_c38_join_5,166,180,0.04761904761904767,EXACT_OPTIMAL_COLOR_CLASS_ORDER,20,20,validation,heuristic_gap_controlled
week17_gap_join_c38_join_5,169,181,0.042328042328042326,EXACT_OPTIMAL_COLOR_CLASS_ORDER,20,20,validation,heuristic_gap_controlled
week17_gap_join_c38_join_5,172,182,0.03703703703703709,EXACT_OPTIMAL_COLOR_CLASS_ORDER,20,20,validation,heuristic_gap_controlled
week17_gap_join_c38_join_5,175,183,0.031746031746031744,EXACT_OPTIMAL_COLOR_CLASS_ORDER,20,20,validation,heuristic_gap_controlled
week17_gap_join_c38_join_5,178,184,0.02645502645502651,EXACT_OPTIMAL_COLOR_CLASS_ORDER,20,20,validation,heuristic_gap_controlled
week17_gap_join_c38_join_5,181,185,0.021164021164021163,EXACT_OPTIMAL_COLOR_CLASS_ORDER,20,20,validation,heuristic_gap_controlled
week17_gap_join_c38_join_5,184,186,0.015873015873015928,EXACT_OPTIMAL_COLOR_CLASS_ORDER,20,20,validation,heuristic_gap_controlled
week17_gap_join_c38_join_5,188,187,0.010582010582010581,EXACT_OPTIMAL_COLOR_CLASS_ORDER,20,20,validation,heuristic_gap_controlled
week17_gap_join_c38_join_5,186,188,0.005291005291005346,EXACT_OPTIMAL_COLOR_CLASS_ORDER,20,20,validation,heuristic_gap_controlled
week17_gap_join_c38_join_5,189,189,0.0,EXACT_OPTIMAL_COLOR_CLASS_ORDER,20,20,validation,heuristic_gap_controlled
week17_gap_cycle_square_c41,0,0,1.0,EXACT_OPTIMAL_COLOR_CLASS_ORDER,4,4,test,heuristic_gap_controlled
week17_gap_cycle_square_c41,3,1,0.975,EXACT_OPTIMAL_COLOR_CLASS_ORDER,4,4,test,heuristic_gap_controlled
week17_gap_cycle_square_c41,6,2,0.95,EXACT_OPTIMAL_COLOR_CLASS_ORDER,4,4,test,heuristic_gap_controlled
week17_gap_cycle_square_c41,9,3,0.925,EXACT_OPTIMAL_COLOR_CLASS_ORDER,4,4,test,heuristic_gap_controlled
week17_gap_cycle_square_c41,12,4,0.9,EXACT_OPTIMAL_COLOR_CLASS_ORDER,4,4,test,heuristic_gap_controlled
week17_gap_cycle_square_c41,15,5,0.875,EXACT_OPTIMAL_COLOR_CLASS_ORDER,4,4,test,heuristic_gap_controlled
week17_gap_cycle_square_c41,18,6,0.85,EXACT_OPTIMAL_COLOR_CLASS_ORDER,4,4,test,heuristic_gap_controlled
week17_gap_cycle_square_c41,21,7,0.825,EXACT_OPTIMAL_COLOR_CLASS_ORDER,4,4,test,heuristic_gap_controlled
week17_gap_cycle_square_c41,24,8,0.8,EXACT_OPTIMAL_COLOR_CLASS_ORDER,4,4,test,heuristic_gap_controlled
week17_gap_cycle_square_c41,27,9,0.775,EXACT_OPTIMAL_COLOR_CLASS_ORDER,4,4,test,heuristic_gap_controlled
week17_gap_cycle_square_c41,30,10,0.75,EXACT_OPTIMAL_COLOR_CLASS_ORDER,4,4,test,heuristic_gap_controlled
week17_gap_cycle_square_c41,33,11,0.725,EXACT_OPTIMAL_COLOR_CLASS_ORDER,4,4,test,heuristic_gap_controlled
week17_gap_cycle_square_c41,36,12,0.7,EXACT_OPTIMAL_COLOR_CLASS_ORDER,4,4,test,heuristic_gap_controlled
week17_gap_cycle_square_c41,1,13,0.675,EXACT_OPTIMAL_COLOR_CLASS_ORDER,4,4,test,heuristic_gap_controlled
week17_gap_cycle_square_c41,4,14,0.65,EXACT_OPTIMAL_COLOR_CLASS_ORDER,4,4,test,heuristic_gap_controlled
week17_gap_cycle_square_c41,7,15,0.625,EXACT_OPTIMAL_COLOR_CLASS_ORDER,4,4,test,heuristic_gap_controlled
week17_gap_cycle_square_c41,10,16,0.6,EXACT_OPTIMAL_COLOR_CLASS_ORDER,4,4,test,heuristic_gap_controlled
week17_gap_cycle_square_c41,13,17,0.575,EXACT_OPTIMAL_COLOR_CLASS_ORDER,4,4,test,heuristic_gap_controlled
week17_gap_cycle_square_c41,16,18,0.55,EXACT_OPTIMAL_COLOR_CLASS_ORDER,4,4,test,heuristic_gap_controlled
week17_gap_cycle_square_c41,19,19,0.525,EXACT_OPTIMAL_COLOR_CLASS_ORDER,4,4,test,heuristic_gap_controlled
week17_gap_cycle_square_c41,22,20,0.5,EXACT_OPTIMAL_COLOR_CLASS_ORDER,4,4,test,heuristic_gap_controlled
week17_gap_cycle_square_c41,25,21,0.475,EXACT_OPTIMAL_COLOR_CLASS_ORDER,4,4,test,heuristic_gap_controlled
week17_gap_cycle_square_c41,28,22,0.44999999999999996,EXACT_OPTIMAL_COLOR_CLASS_ORDER,4,4,test,heuristic_gap_controlled
week17_gap_cycle_square_c41,31,23,0.42500000000000004,EXACT_OPTIMAL_COLOR_CLASS_ORDER,4,4,test,heuristic_gap_controlled
week17_gap_cycle_square_c41,34,24,0.4,EXACT_OPTIMAL_COLOR_CLASS_ORDER,4,4,test,heuristic_gap_controlled
week17_gap_cycle_square_c41,38,25,0.375,EXACT_OPTIMAL_COLOR_CLASS_ORDER,4,4,test,heuristic_gap_controlled
week17_gap_cycle_square_c41,2,26,0.35,EXACT_OPTIMAL_COLOR_CLASS_ORDER,4,4,test,heuristic_gap_controlled
week17_gap_cycle_square_c41,5,27,0.32499999999999996,EXACT_OPTIMAL_COLOR_CLASS_ORDER,4,4,test,heuristic_gap_controlled
week17_gap_cycle_square_c41,8,28,0.30000000000000004,EXACT_OPTIMAL_COLOR_CLASS_ORDER,4,4,test,heuristic_gap_controlled
week17_gap_cycle_square_c41,11,29,0.275,EXACT_OPTIMAL_COLOR_CLASS_ORDER,4,4,test,heuristic_gap_controlled
week17_gap_cycle_square_c41,14,30,0.25,EXACT_OPTIMAL_COLOR_CLASS_ORDER,4,4,test,heuristic_gap_controlled
week17_gap_cycle_square_c41,17,31,0.22499999999999998,EXACT_OPTIMAL_COLOR_CLASS_ORDER,4,4,test,heuristic_gap_controlled
week17_gap_cycle_square_c41,20,32,0.19999999999999996,EXACT_OPTIMAL_COLOR_CLASS_ORDER,4,4,test,heuristic_gap_controlled
week17_gap_cycle_square_c41,23,33,0.17500000000000004,EXACT_OPTIMAL_COLOR_CLASS_ORDER,4,4,test,heuristic_gap_controlled
week17_gap_cycle_square_c41,26,34,0.15000000000000002,EXACT_OPTIMAL_COLOR_CLASS_ORDER,4,4,test,heuristic_gap_controlled
week17_gap_cycle_square_c41,29,35,0.125,EXACT_OPTIMAL_COLOR_CLASS_ORDER,4,4,test,heuristic_gap_controlled
week17_gap_cycle_square_c41,32,36,0.09999999999999998,EXACT_OPTIMAL_COLOR_CLASS_ORDER,4,4,test,heuristic_gap_controlled
week17_gap_cycle_square_c41,35,37,0.07499999999999996,EXACT_OPTIMAL_COLOR_CLASS_ORDER,4,4,test,heuristic_gap_controlled
week17_gap_cycle_square_c41,39,38,0.050000000000000044,EXACT_OPTIMAL_COLOR_CLASS_ORDER,4,4,test,heuristic_gap_controlled
week17_gap_cycle_square_c41,37,39,0.025000000000000022,EXACT_OPTIMAL_COLOR_CLASS_ORDER,4,4,test,heuristic_gap_controlled
week17_gap_cycle_square_c41,40,40,0.0,EXACT_OPTIMAL_COLOR_CLASS_ORDER,4,4,test,heuristic_gap_controlled
week17_gap_join_c41_join_2,0,0,1.0,EXACT_OPTIMAL_COLOR_CLASS_ORDER,8,8,test,heuristic_gap_controlled
week17_gap_join_c41_join_2,3,1,0.9876543209876543,EXACT_OPTIMAL_COLOR_CLASS_ORDER,8,8,test,heuristic_gap_controlled
week17_gap_join_c41_join_2,6,2,0.9753086419753086,EXACT_OPTIMAL_COLOR_CLASS_ORDER,8,8,test,heuristic_gap_controlled
week17_gap_join_c41_join_2,9,3,0.962962962962963,EXACT_OPTIMAL_COLOR_CLASS_ORDER,8,8,test,heuristic_gap_controlled
week17_gap_join_c41_join_2,12,4,0.9506172839506173,EXACT_OPTIMAL_COLOR_CLASS_ORDER,8,8,test,heuristic_gap_controlled
week17_gap_join_c41_join_2,15,5,0.9382716049382716,EXACT_OPTIMAL_COLOR_CLASS_ORDER,8,8,test,heuristic_gap_controlled
week17_gap_join_c41_join_2,18,6,0.9259259259259259,EXACT_OPTIMAL_COLOR_CLASS_ORDER,8,8,test,heuristic_gap_controlled
week17_gap_join_c41_join_2,21,7,0.9135802469135803,EXACT_OPTIMAL_COLOR_CLASS_ORDER,8,8,test,heuristic_gap_controlled
week17_gap_join_c41_join_2,24,8,0.9012345679012346,EXACT_OPTIMAL_COLOR_CLASS_ORDER,8,8,test,heuristic_gap_controlled
week17_gap_join_c41_join_2,27,9,0.8888888888888888,EXACT_OPTIMAL_COLOR_CLASS_ORDER,8,8,test,heuristic_gap_controlled
week17_gap_join_c41_join_2,30,10,0.8765432098765432,EXACT_OPTIMAL_COLOR_CLASS_ORDER,8,8,test,heuristic_gap_controlled
week17_gap_join_c41_join_2,33,11,0.8641975308641976,EXACT_OPTIMAL_COLOR_CLASS_ORDER,8,8,test,heuristic_gap_controlled
week17_gap_join_c41_join_2,36,12,0.8518518518518519,EXACT_OPTIMAL_COLOR_CLASS_ORDER,8,8,test,heuristic_gap_controlled
week17_gap_join_c41_join_2,1,13,0.8395061728395061,EXACT_OPTIMAL_COLOR_CLASS_ORDER,8,8,test,heuristic_gap_controlled
week17_gap_join_c41_join_2,4,14,0.8271604938271605,EXACT_OPTIMAL_COLOR_CLASS_ORDER,8,8,test,heuristic_gap_controlled
week17_gap_join_c41_join_2,7,15,0.8148148148148149,EXACT_OPTIMAL_COLOR_CLASS_ORDER,8,8,test,heuristic_gap_controlled
week17_gap_join_c41_join_2,10,16,0.8024691358024691,EXACT_OPTIMAL_COLOR_CLASS_ORDER,8,8,test,heuristic_gap_controlled
week17_gap_join_c41_join_2,13,17,0.7901234567901234,EXACT_OPTIMAL_COLOR_CLASS_ORDER,8,8,test,heuristic_gap_controlled
week17_gap_join_c41_join_2,16,18,0.7777777777777778,EXACT_OPTIMAL_COLOR_CLASS_ORDER,8,8,test,heuristic_gap_controlled
week17_gap_join_c41_join_2,19,19,0.7654320987654322,EXACT_OPTIMAL_COLOR_CLASS_ORDER,8,8,test,heuristic_gap_controlled
week17_gap_join_c41_join_2,22,20,0.7530864197530864,EXACT_OPTIMAL_COLOR_CLASS_ORDER,8,8,test,heuristic_gap_controlled
week17_gap_join_c41_join_2,25,21,0.7407407407407407,EXACT_OPTIMAL_COLOR_CLASS_ORDER,8,8,test,heuristic_gap_controlled
week17_gap_join_c41_join_2,28,22,0.7283950617283951,EXACT_OPTIMAL_COLOR_CLASS_ORDER,8,8,test,heuristic_gap_controlled
week17_gap_join_c41_join_2,31,23,0.7160493827160495,EXACT_OPTIMAL_COLOR_CLASS_ORDER,8,8,test,heuristic_gap_controlled
week17_gap_join_c41_join_2,34,24,0.7037037037037037,EXACT_OPTIMAL_COLOR_CLASS_ORDER,8,8,test,heuristic_gap_controlled
week17_gap_join_c41_join_2,38,25,0.691358024691358,EXACT_OPTIMAL_COLOR_CLASS_ORDER,8,8,test,heuristic_gap_controlled
week17_gap_join_c41_join_2,2,26,0.6790123456790124,EXACT_OPTIMAL_COLOR_CLASS_ORDER,8,8,test,heuristic_gap_controlled
week17_gap_join_c41_join_2,5,27,0.6666666666666667,EXACT_OPTIMAL_COLOR_CLASS_ORDER,8,8,test,heuristic_gap_controlled
week17_gap_join_c41_join_2,8,28,0.654320987654321,EXACT_OPTIMAL_COLOR_CLASS_ORDER,8,8,test,heuristic_gap_controlled
week17_gap_join_c41_join_2,11,29,0.6419753086419753,EXACT_OPTIMAL_COLOR_CLASS_ORDER,8,8,test,heuristic_gap_controlled
week17_gap_join_c41_join_2,14,30,0.6296296296296297,EXACT_OPTIMAL_COLOR_CLASS_ORDER,8,8,test,heuristic_gap_controlled
week17_gap_join_c41_join_2,17,31,0.617283950617284,EXACT_OPTIMAL_COLOR_CLASS_ORDER,8,8,test,heuristic_gap_controlled
week17_gap_join_c41_join_2,20,32,0.6049382716049383,EXACT_OPTIMAL_COLOR_CLASS_ORDER,8,8,test,heuristic_gap_controlled
week17_gap_join_c41_join_2,23,33,0.5925925925925926,EXACT_OPTIMAL_COLOR_CLASS_ORDER,8,8,test,heuristic_gap_controlled
week17_gap_join_c41_join_2,26,34,0.5802469135802469,EXACT_OPTIMAL_COLOR_CLASS_ORDER,8,8,test,heuristic_gap_controlled
week17_gap_join_c41_join_2,29,35,0.5679012345679013,EXACT_OPTIMAL_COLOR_CLASS_ORDER,8,8,test,heuristic_gap_controlled
week17_gap_join_c41_join_2,32,36,0.5555555555555556,EXACT_OPTIMAL_COLOR_CLASS_ORDER,8,8,test,heuristic_gap_controlled
week17_gap_join_c41_join_2,35,37,0.5432098765432098,EXACT_OPTIMAL_COLOR_CLASS_ORDER,8,8,test,heuristic_gap_controlled
week17_gap_join_c41_join_2,39,38,0.5308641975308642,EXACT_OPTIMAL_COLOR_CLASS_ORDER,8,8,test,heuristic_gap_controlled
week17_gap_join_c41_join_2,37,39,0.5185185185185186,EXACT_OPTIMAL_COLOR_CLASS_ORDER,8,8,test,heuristic_gap_controlled
week17_gap_join_c41_join_2,40,40,0.5061728395061729,EXACT_OPTIMAL_COLOR_CLASS_ORDER,8,8,test,heuristic_gap_controlled
week17_gap_join_c41_join_2,41,41,0.49382716049382713,EXACT_OPTIMAL_COLOR_CLASS_ORDER,8,8,test,heuristic_gap_controlled
week17_gap_join_c41_join_2,44,42,0.4814814814814815,EXACT_OPTIMAL_COLOR_CLASS_ORDER,8,8,test,heuristic_gap_controlled
week17_gap_join_c41_join_2,47,43,0.4691358024691358,EXACT_OPTIMAL_COLOR_CLASS_ORDER,8,8,test,heuristic_gap_controlled
week17_gap_join_c41_join_2,50,44,0.45679012345679015,EXACT_OPTIMAL_COLOR_CLASS_ORDER,8,8,test,heuristic_gap_controlled
week17_gap_join_c41_join_2,53,45,0.4444444444444444,EXACT_OPTIMAL_COLOR_CLASS_ORDER,8,8,test,heuristic_gap_controlled
week17_gap_join_c41_join_2,56,46,0.4320987654320988,EXACT_OPTIMAL_COLOR_CLASS_ORDER,8,8,test,heuristic_gap_controlled
week17_gap_join_c41_join_2,59,47,0.41975308641975306,EXACT_OPTIMAL_COLOR_CLASS_ORDER,8,8,test,heuristic_gap_controlled
week17_gap_join_c41_join_2,62,48,0.40740740740740744,EXACT_OPTIMAL_COLOR_CLASS_ORDER,8,8,test,heuristic_gap_controlled
week17_gap_join_c41_join_2,65,49,0.3950617283950617,EXACT_OPTIMAL_COLOR_CLASS_ORDER,8,8,test,heuristic_gap_controlled
week17_gap_join_c41_join_2,68,50,0.3827160493827161,EXACT_OPTIMAL_COLOR_CLASS_ORDER,8,8,test,heuristic_gap_controlled
week17_gap_join_c41_join_2,71,51,0.37037037037037035,EXACT_OPTIMAL_COLOR_CLASS_ORDER,8,8,test,heuristic_gap_controlled
week17_gap_join_c41_join_2,74,52,0.3580246913580247,EXACT_OPTIMAL_COLOR_CLASS_ORDER,8,8,test,heuristic_gap_controlled
week17_gap_join_c41_join_2,77,53,0.345679012345679,EXACT_OPTIMAL_COLOR_CLASS_ORDER,8,8,test,heuristic_gap_controlled
week17_gap_join_c41_join_2,42,54,0.33333333333333337,EXACT_OPTIMAL_COLOR_CLASS_ORDER,8,8,test,heuristic_gap_controlled
week17_gap_join_c41_join_2,45,55,0.32098765432098764,EXACT_OPTIMAL_COLOR_CLASS_ORDER,8,8,test,heuristic_gap_controlled
week17_gap_join_c41_join_2,48,56,0.308641975308642,EXACT_OPTIMAL_COLOR_CLASS_ORDER,8,8,test,heuristic_gap_controlled
week17_gap_join_c41_join_2,51,57,0.2962962962962963,EXACT_OPTIMAL_COLOR_CLASS_ORDER,8,8,test,heuristic_gap_controlled
week17_gap_join_c41_join_2,54,58,0.28395061728395066,EXACT_OPTIMAL_COLOR_CLASS_ORDER,8,8,test,heuristic_gap_controlled
week17_gap_join_c41_join_2,57,59,0.2716049382716049,EXACT_OPTIMAL_COLOR_CLASS_ORDER,8,8,test,heuristic_gap_controlled
week17_gap_join_c41_join_2,60,60,0.2592592592592593,EXACT_OPTIMAL_COLOR_CLASS_ORDER,8,8,test,heuristic_gap_controlled
week17_gap_join_c41_join_2,63,61,0.24691358024691357,EXACT_OPTIMAL_COLOR_CLASS_ORDER,8,8,test,heuristic_gap_controlled
week17_gap_join_c41_join_2,66,62,0.23456790123456794,EXACT_OPTIMAL_COLOR_CLASS_ORDER,8,8,test,heuristic_gap_controlled
week17_gap_join_c41_join_2,69,63,0.2222222222222222,EXACT_OPTIMAL_COLOR_CLASS_ORDER,8,8,test,heuristic_gap_controlled
week17_gap_join_c41_join_2,72,64,0.2098765432098766,EXACT_OPTIMAL_COLOR_CLASS_ORDER,8,8,test,heuristic_gap_controlled
week17_gap_join_c41_join_2,75,65,0.19753086419753085,EXACT_OPTIMAL_COLOR_CLASS_ORDER,8,8,test,heuristic_gap_controlled
week17_gap_join_c41_join_2,79,66,0.18518518518518523,EXACT_OPTIMAL_COLOR_CLASS_ORDER,8,8,test,heuristic_gap_controlled
week17_gap_join_c41_join_2,43,67,0.1728395061728395,EXACT_OPTIMAL_COLOR_CLASS_ORDER,8,8,test,heuristic_gap_controlled
week17_gap_join_c41_join_2,46,68,0.16049382716049387,EXACT_OPTIMAL_COLOR_CLASS_ORDER,8,8,test,heuristic_gap_controlled
week17_gap_join_c41_join_2,49,69,0.14814814814814814,EXACT_OPTIMAL_COLOR_CLASS_ORDER,8,8,test,heuristic_gap_controlled
week17_gap_join_c41_join_2,52,70,0.13580246913580252,EXACT_OPTIMAL_COLOR_CLASS_ORDER,8,8,test,heuristic_gap_controlled
week17_gap_join_c41_join_2,55,71,0.12345679012345678,EXACT_OPTIMAL_COLOR_CLASS_ORDER,8,8,test,heuristic_gap_controlled
week17_gap_join_c41_join_2,58,72,0.11111111111111116,EXACT_OPTIMAL_COLOR_CLASS_ORDER,8,8,test,heuristic_gap_controlled
week17_gap_join_c41_join_2,61,73,0.09876543209876543,EXACT_OPTIMAL_COLOR_CLASS_ORDER,8,8,test,heuristic_gap_controlled
week17_gap_join_c41_join_2,64,74,0.0864197530864198,EXACT_OPTIMAL_COLOR_CLASS_ORDER,8,8,test,heuristic_gap_controlled
week17_gap_join_c41_join_2,67,75,0.07407407407407407,EXACT_OPTIMAL_COLOR_CLASS_ORDER,8,8,test,heuristic_gap_controlled
week17_gap_join_c41_join_2,70,76,0.06172839506172845,EXACT_OPTIMAL_COLOR_CLASS_ORDER,8,8,test,heuristic_gap_controlled
week17_gap_join_c41_join_2,73,77,0.04938271604938271,EXACT_OPTIMAL_COLOR_CLASS_ORDER,8,8,test,heuristic_gap_controlled
week17_gap_join_c41_join_2,76,78,0.03703703703703709,EXACT_OPTIMAL_COLOR_CLASS_ORDER,8,8,test,heuristic_gap_controlled
week17_gap_join_c41_join_2,80,79,0.024691358024691357,EXACT_OPTIMAL_COLOR_CLASS_ORDER,8,8,test,heuristic_gap_controlled
week17_gap_join_c41_join_2,78,80,0.012345679012345734,EXACT_OPTIMAL_COLOR_CLASS_ORDER,8,8,test,heuristic_gap_controlled
week17_gap_join_c41_join_2,81,81,0.0,EXACT_OPTIMAL_COLOR_CLASS_ORDER,8,8,test,heuristic_gap_controlled
week17_gap_join_c41_join_3,0,0,1.0,EXACT_OPTIMAL_COLOR_CLASS_ORDER,12,12,test,heuristic_gap_controlled
week17_gap_join_c41_join_3,3,1,0.9918032786885246,EXACT_OPTIMAL_COLOR_CLASS_ORDER,12,12,test,heuristic_gap_controlled
week17_gap_join_c41_join_3,6,2,0.9836065573770492,EXACT_OPTIMAL_COLOR_CLASS_ORDER,12,12,test,heuristic_gap_controlled
week17_gap_join_c41_join_3,9,3,0.9754098360655737,EXACT_OPTIMAL_COLOR_CLASS_ORDER,12,12,test,heuristic_gap_controlled
week17_gap_join_c41_join_3,12,4,0.9672131147540983,EXACT_OPTIMAL_COLOR_CLASS_ORDER,12,12,test,heuristic_gap_controlled
week17_gap_join_c41_join_3,15,5,0.9590163934426229,EXACT_OPTIMAL_COLOR_CLASS_ORDER,12,12,test,heuristic_gap_controlled
week17_gap_join_c41_join_3,18,6,0.9508196721311475,EXACT_OPTIMAL_COLOR_CLASS_ORDER,12,12,test,heuristic_gap_controlled
week17_gap_join_c41_join_3,21,7,0.9426229508196722,EXACT_OPTIMAL_COLOR_CLASS_ORDER,12,12,test,heuristic_gap_controlled
week17_gap_join_c41_join_3,24,8,0.9344262295081968,EXACT_OPTIMAL_COLOR_CLASS_ORDER,12,12,test,heuristic_gap_controlled
week17_gap_join_c41_join_3,27,9,0.9262295081967213,EXACT_OPTIMAL_COLOR_CLASS_ORDER,12,12,test,heuristic_gap_controlled
week17_gap_join_c41_join_3,30,10,0.9180327868852459,EXACT_OPTIMAL_COLOR_CLASS_ORDER,12,12,test,heuristic_gap_controlled
week17_gap_join_c41_join_3,33,11,0.9098360655737705,EXACT_OPTIMAL_COLOR_CLASS_ORDER,12,12,test,heuristic_gap_controlled
week17_gap_join_c41_join_3,36,12,0.9016393442622951,EXACT_OPTIMAL_COLOR_CLASS_ORDER,12,12,test,heuristic_gap_controlled
week17_gap_join_c41_join_3,1,13,0.8934426229508197,EXACT_OPTIMAL_COLOR_CLASS_ORDER,12,12,test,heuristic_gap_controlled
week17_gap_join_c41_join_3,4,14,0.8852459016393442,EXACT_OPTIMAL_COLOR_CLASS_ORDER,12,12,test,heuristic_gap_controlled
week17_gap_join_c41_join_3,7,15,0.8770491803278688,EXACT_OPTIMAL_COLOR_CLASS_ORDER,12,12,test,heuristic_gap_controlled
week17_gap_join_c41_join_3,10,16,0.8688524590163934,EXACT_OPTIMAL_COLOR_CLASS_ORDER,12,12,test,heuristic_gap_controlled
week17_gap_join_c41_join_3,13,17,0.860655737704918,EXACT_OPTIMAL_COLOR_CLASS_ORDER,12,12,test,heuristic_gap_controlled
week17_gap_join_c41_join_3,16,18,0.8524590163934427,EXACT_OPTIMAL_COLOR_CLASS_ORDER,12,12,test,heuristic_gap_controlled
week17_gap_join_c41_join_3,19,19,0.8442622950819672,EXACT_OPTIMAL_COLOR_CLASS_ORDER,12,12,test,heuristic_gap_controlled
week17_gap_join_c41_join_3,22,20,0.8360655737704918,EXACT_OPTIMAL_COLOR_CLASS_ORDER,12,12,test,heuristic_gap_controlled
week17_gap_join_c41_join_3,25,21,0.8278688524590164,EXACT_OPTIMAL_COLOR_CLASS_ORDER,12,12,test,heuristic_gap_controlled
week17_gap_join_c41_join_3,28,22,0.819672131147541,EXACT_OPTIMAL_COLOR_CLASS_ORDER,12,12,test,heuristic_gap_controlled
week17_gap_join_c41_join_3,31,23,0.8114754098360656,EXACT_OPTIMAL_COLOR_CLASS_ORDER,12,12,test,heuristic_gap_controlled
week17_gap_join_c41_join_3,34,24,0.8032786885245902,EXACT_OPTIMAL_COLOR_CLASS_ORDER,12,12,test,heuristic_gap_controlled
week17_gap_join_c41_join_3,38,25,0.7950819672131147,EXACT_OPTIMAL_COLOR_CLASS_ORDER,12,12,test,heuristic_gap_controlled
week17_gap_join_c41_join_3,2,26,0.7868852459016393,EXACT_OPTIMAL_COLOR_CLASS_ORDER,12,12,test,heuristic_gap_controlled
week17_gap_join_c41_join_3,5,27,0.7786885245901639,EXACT_OPTIMAL_COLOR_CLASS_ORDER,12,12,test,heuristic_gap_controlled
week17_gap_join_c41_join_3,8,28,0.7704918032786885,EXACT_OPTIMAL_COLOR_CLASS_ORDER,12,12,test,heuristic_gap_controlled
week17_gap_join_c41_join_3,11,29,0.7622950819672132,EXACT_OPTIMAL_COLOR_CLASS_ORDER,12,12,test,heuristic_gap_controlled
week17_gap_join_c41_join_3,14,30,0.7540983606557377,EXACT_OPTIMAL_COLOR_CLASS_ORDER,12,12,test,heuristic_gap_controlled
week17_gap_join_c41_join_3,17,31,0.7459016393442623,EXACT_OPTIMAL_COLOR_CLASS_ORDER,12,12,test,heuristic_gap_controlled
week17_gap_join_c41_join_3,20,32,0.7377049180327868,EXACT_OPTIMAL_COLOR_CLASS_ORDER,12,12,test,heuristic_gap_controlled
week17_gap_join_c41_join_3,23,33,0.7295081967213115,EXACT_OPTIMAL_COLOR_CLASS_ORDER,12,12,test,heuristic_gap_controlled
week17_gap_join_c41_join_3,26,34,0.7213114754098361,EXACT_OPTIMAL_COLOR_CLASS_ORDER,12,12,test,heuristic_gap_controlled
week17_gap_join_c41_join_3,29,35,0.7131147540983607,EXACT_OPTIMAL_COLOR_CLASS_ORDER,12,12,test,heuristic_gap_controlled
week17_gap_join_c41_join_3,32,36,0.7049180327868853,EXACT_OPTIMAL_COLOR_CLASS_ORDER,12,12,test,heuristic_gap_controlled
week17_gap_join_c41_join_3,35,37,0.6967213114754098,EXACT_OPTIMAL_COLOR_CLASS_ORDER,12,12,test,heuristic_gap_controlled
week17_gap_join_c41_join_3,39,38,0.6885245901639344,EXACT_OPTIMAL_COLOR_CLASS_ORDER,12,12,test,heuristic_gap_controlled
week17_gap_join_c41_join_3,37,39,0.680327868852459,EXACT_OPTIMAL_COLOR_CLASS_ORDER,12,12,test,heuristic_gap_controlled
week17_gap_join_c41_join_3,40,40,0.6721311475409837,EXACT_OPTIMAL_COLOR_CLASS_ORDER,12,12,test,heuristic_gap_controlled
week17_gap_join_c41_join_3,41,41,0.6639344262295082,EXACT_OPTIMAL_COLOR_CLASS_ORDER,12,12,test,heuristic_gap_controlled
week17_gap_join_c41_join_3,44,42,0.6557377049180328,EXACT_OPTIMAL_COLOR_CLASS_ORDER,12,12,test,heuristic_gap_controlled
week17_gap_join_c41_join_3,47,43,0.6475409836065573,EXACT_OPTIMAL_COLOR_CLASS_ORDER,12,12,test,heuristic_gap_controlled
week17_gap_join_c41_join_3,50,44,0.639344262295082,EXACT_OPTIMAL_COLOR_CLASS_ORDER,12,12,test,heuristic_gap_controlled
week17_gap_join_c41_join_3,53,45,0.6311475409836065,EXACT_OPTIMAL_COLOR_CLASS_ORDER,12,12,test,heuristic_gap_controlled
week17_gap_join_c41_join_3,56,46,0.6229508196721312,EXACT_OPTIMAL_COLOR_CLASS_ORDER,12,12,test,heuristic_gap_controlled
week17_gap_join_c41_join_3,59,47,0.6147540983606558,EXACT_OPTIMAL_COLOR_CLASS_ORDER,12,12,test,heuristic_gap_controlled
week17_gap_join_c41_join_3,62,48,0.6065573770491803,EXACT_OPTIMAL_COLOR_CLASS_ORDER,12,12,test,heuristic_gap_controlled
week17_gap_join_c41_join_3,65,49,0.5983606557377049,EXACT_OPTIMAL_COLOR_CLASS_ORDER,12,12,test,heuristic_gap_controlled
week17_gap_join_c41_join_3,68,50,0.5901639344262295,EXACT_OPTIMAL_COLOR_CLASS_ORDER,12,12,test,heuristic_gap_controlled
week17_gap_join_c41_join_3,71,51,0.5819672131147541,EXACT_OPTIMAL_COLOR_CLASS_ORDER,12,12,test,heuristic_gap_controlled
week17_gap_join_c41_join_3,74,52,0.5737704918032787,EXACT_OPTIMAL_COLOR_CLASS_ORDER,12,12,test,heuristic_gap_controlled
week17_gap_join_c41_join_3,77,53,0.5655737704918034,EXACT_OPTIMAL_COLOR_CLASS_ORDER,12,12,test,heuristic_gap_controlled
week17_gap_join_c41_join_3,42,54,0.5573770491803278,EXACT_OPTIMAL_COLOR_CLASS_ORDER,12,12,test,heuristic_gap_controlled
week17_gap_join_c41_join_3,45,55,0.5491803278688525,EXACT_OPTIMAL_COLOR_CLASS_ORDER,12,12,test,heuristic_gap_controlled
week17_gap_join_c41_join_3,48,56,0.540983606557377,EXACT_OPTIMAL_COLOR_CLASS_ORDER,12,12,test,heuristic_gap_controlled
week17_gap_join_c41_join_3,51,57,0.5327868852459017,EXACT_OPTIMAL_COLOR_CLASS_ORDER,12,12,test,heuristic_gap_controlled
week17_gap_join_c41_join_3,54,58,0.5245901639344263,EXACT_OPTIMAL_COLOR_CLASS_ORDER,12,12,test,heuristic_gap_controlled
week17_gap_join_c41_join_3,57,59,0.5163934426229508,EXACT_OPTIMAL_COLOR_CLASS_ORDER,12,12,test,heuristic_gap_controlled
week17_gap_join_c41_join_3,60,60,0.5081967213114754,EXACT_OPTIMAL_COLOR_CLASS_ORDER,12,12,test,heuristic_gap_controlled
week17_gap_join_c41_join_3,63,61,0.5,EXACT_OPTIMAL_COLOR_CLASS_ORDER,12,12,test,heuristic_gap_controlled
week17_gap_join_c41_join_3,66,62,0.4918032786885246,EXACT_OPTIMAL_COLOR_CLASS_ORDER,12,12,test,heuristic_gap_controlled
week17_gap_join_c41_join_3,69,63,0.48360655737704916,EXACT_OPTIMAL_COLOR_CLASS_ORDER,12,12,test,heuristic_gap_controlled
week17_gap_join_c41_join_3,72,64,0.47540983606557374,EXACT_OPTIMAL_COLOR_CLASS_ORDER,12,12,test,heuristic_gap_controlled
week17_gap_join_c41_join_3,75,65,0.4672131147540983,EXACT_OPTIMAL_COLOR_CLASS_ORDER,12,12,test,heuristic_gap_controlled
week17_gap_join_c41_join_3,79,66,0.4590163934426229,EXACT_OPTIMAL_COLOR_CLASS_ORDER,12,12,test,heuristic_gap_controlled
week17_gap_join_c41_join_3,43,67,0.4508196721311475,EXACT_OPTIMAL_COLOR_CLASS_ORDER,12,12,test,heuristic_gap_controlled
week17_gap_join_c41_join_3,46,68,0.4426229508196722,EXACT_OPTIMAL_COLOR_CLASS_ORDER,12,12,test,heuristic_gap_controlled
week17_gap_join_c41_join_3,49,69,0.43442622950819676,EXACT_OPTIMAL_COLOR_CLASS_ORDER,12,12,test,heuristic_gap_controlled
week17_gap_join_c41_join_3,52,70,0.42622950819672134,EXACT_OPTIMAL_COLOR_CLASS_ORDER,12,12,test,heuristic_gap_controlled
week17_gap_join_c41_join_3,55,71,0.4180327868852459,EXACT_OPTIMAL_COLOR_CLASS_ORDER,12,12,test,heuristic_gap_controlled
week17_gap_join_c41_join_3,58,72,0.4098360655737705,EXACT_OPTIMAL_COLOR_CLASS_ORDER,12,12,test,heuristic_gap_controlled
week17_gap_join_c41_join_3,61,73,0.4016393442622951,EXACT_OPTIMAL_COLOR_CLASS_ORDER,12,12,test,heuristic_gap_controlled
week17_gap_join_c41_join_3,64,74,0.39344262295081966,EXACT_OPTIMAL_COLOR_CLASS_ORDER,12,12,test,heuristic_gap_controlled
week17_gap_join_c41_join_3,67,75,0.38524590163934425,EXACT_OPTIMAL_COLOR_CLASS_ORDER,12,12,test,heuristic_gap_controlled
week17_gap_join_c41_join_3,70,76,0.3770491803278688,EXACT_OPTIMAL_COLOR_CLASS_ORDER,12,12,test,heuristic_gap_controlled
week17_gap_join_c41_join_3,73,77,0.3688524590163934,EXACT_OPTIMAL_COLOR_CLASS_ORDER,12,12,test,heuristic_gap_controlled
week17_gap_join_c41_join_3,76,78,0.360655737704918,EXACT_OPTIMAL_COLOR_CLASS_ORDER,12,12,test,heuristic_gap_controlled
week17_gap_join_c41_join_3,80,79,0.35245901639344257,EXACT_OPTIMAL_COLOR_CLASS_ORDER,12,12,test,heuristic_gap_controlled
week17_gap_join_c41_join_3,78,80,0.34426229508196726,EXACT_OPTIMAL_COLOR_CLASS_ORDER,12,12,test,heuristic_gap_controlled
week17_gap_join_c41_join_3,81,81,0.33606557377049184,EXACT_OPTIMAL_COLOR_CLASS_ORDER,12,12,test,heuristic_gap_controlled
week17_gap_join_c41_join_3,82,82,0.3278688524590164,EXACT_OPTIMAL_COLOR_CLASS_ORDER,12,12,test,heuristic_gap_controlled
week17_gap_join_c41_join_3,85,83,0.319672131147541,EXACT_OPTIMAL_COLOR_CLASS_ORDER,12,12,test,heuristic_gap_controlled
week17_gap_join_c41_join_3,88,84,0.3114754098360656,EXACT_OPTIMAL_COLOR_CLASS_ORDER,12,12,test,heuristic_gap_controlled
week17_gap_join_c41_join_3,91,85,0.30327868852459017,EXACT_OPTIMAL_COLOR_CLASS_ORDER,12,12,test,heuristic_gap_controlled
week17_gap_join_c41_join_3,94,86,0.29508196721311475,EXACT_OPTIMAL_COLOR_CLASS_ORDER,12,12,test,heuristic_gap_controlled
week17_gap_join_c41_join_3,97,87,0.28688524590163933,EXACT_OPTIMAL_COLOR_CLASS_ORDER,12,12,test,heuristic_gap_controlled
week17_gap_join_c41_join_3,100,88,0.2786885245901639,EXACT_OPTIMAL_COLOR_CLASS_ORDER,12,12,test,heuristic_gap_controlled
week17_gap_join_c41_join_3,103,89,0.2704918032786885,EXACT_OPTIMAL_COLOR_CLASS_ORDER,12,12,test,heuristic_gap_controlled
week17_gap_join_c41_join_3,106,90,0.2622950819672131,EXACT_OPTIMAL_COLOR_CLASS_ORDER,12,12,test,heuristic_gap_controlled
week17_gap_join_c41_join_3,109,91,0.25409836065573765,EXACT_OPTIMAL_COLOR_CLASS_ORDER,12,12,test,heuristic_gap_controlled
week17_gap_join_c41_join_3,112,92,0.24590163934426235,EXACT_OPTIMAL_COLOR_CLASS_ORDER,12,12,test,heuristic_gap_controlled
week17_gap_join_c41_join_3,115,93,0.23770491803278693,EXACT_OPTIMAL_COLOR_CLASS_ORDER,12,12,test,heuristic_gap_controlled
week17_gap_join_c41_join_3,118,94,0.2295081967213115,EXACT_OPTIMAL_COLOR_CLASS_ORDER,12,12,test,heuristic_gap_controlled
week17_gap_join_c41_join_3,83,95,0.2213114754098361,EXACT_OPTIMAL_COLOR_CLASS_ORDER,12,12,test,heuristic_gap_controlled
week17_gap_join_c41_join_3,86,96,0.21311475409836067,EXACT_OPTIMAL_COLOR_CLASS_ORDER,12,12,test,heuristic_gap_controlled
week17_gap_join_c41_join_3,89,97,0.20491803278688525,EXACT_OPTIMAL_COLOR_CLASS_ORDER,12,12,test,heuristic_gap_controlled
week17_gap_join_c41_join_3,92,98,0.19672131147540983,EXACT_OPTIMAL_COLOR_CLASS_ORDER,12,12,test,heuristic_gap_controlled
week17_gap_join_c41_join_3,95,99,0.1885245901639344,EXACT_OPTIMAL_COLOR_CLASS_ORDER,12,12,test,heuristic_gap_controlled
week17_gap_join_c41_join_3,98,100,0.180327868852459,EXACT_OPTIMAL_COLOR_CLASS_ORDER,12,12,test,heuristic_gap_controlled
week17_gap_join_c41_join_3,101,101,0.17213114754098358,EXACT_OPTIMAL_COLOR_CLASS_ORDER,12,12,test,heuristic_gap_controlled
week17_gap_join_c41_join_3,104,102,0.16393442622950816,EXACT_OPTIMAL_COLOR_CLASS_ORDER,12,12,test,heuristic_gap_controlled
week17_gap_join_c41_join_3,107,103,0.15573770491803274,EXACT_OPTIMAL_COLOR_CLASS_ORDER,12,12,test,heuristic_gap_controlled
week17_gap_join_c41_join_3,110,104,0.14754098360655743,EXACT_OPTIMAL_COLOR_CLASS_ORDER,12,12,test,heuristic_gap_controlled
week17_gap_join_c41_join_3,113,105,0.139344262295082,EXACT_OPTIMAL_COLOR_CLASS_ORDER,12,12,test,heuristic_gap_controlled
week17_gap_join_c41_join_3,116,106,0.1311475409836066,EXACT_OPTIMAL_COLOR_CLASS_ORDER,12,12,test,heuristic_gap_controlled
week17_gap_join_c41_join_3,120,107,0.12295081967213117,EXACT_OPTIMAL_COLOR_CLASS_ORDER,12,12,test,heuristic_gap_controlled
week17_gap_join_c41_join_3,84,108,0.11475409836065575,EXACT_OPTIMAL_COLOR_CLASS_ORDER,12,12,test,heuristic_gap_controlled
week17_gap_join_c41_join_3,87,109,0.10655737704918034,EXACT_OPTIMAL_COLOR_CLASS_ORDER,12,12,test,heuristic_gap_controlled
week17_gap_join_c41_join_3,90,110,0.09836065573770492,EXACT_OPTIMAL_COLOR_CLASS_ORDER,12,12,test,heuristic_gap_controlled
week17_gap_join_c41_join_3,93,111,0.0901639344262295,EXACT_OPTIMAL_COLOR_CLASS_ORDER,12,12,test,heuristic_gap_controlled
week17_gap_join_c41_join_3,96,112,0.08196721311475408,EXACT_OPTIMAL_COLOR_CLASS_ORDER,12,12,test,heuristic_gap_controlled
week17_gap_join_c41_join_3,99,113,0.07377049180327866,EXACT_OPTIMAL_COLOR_CLASS_ORDER,12,12,test,heuristic_gap_controlled
week17_gap_join_c41_join_3,102,114,0.06557377049180324,EXACT_OPTIMAL_COLOR_CLASS_ORDER,12,12,test,heuristic_gap_controlled
week17_gap_join_c41_join_3,105,115,0.05737704918032782,EXACT_OPTIMAL_COLOR_CLASS_ORDER,12,12,test,heuristic_gap_controlled
week17_gap_join_c41_join_3,108,116,0.049180327868852514,EXACT_OPTIMAL_COLOR_CLASS_ORDER,12,12,test,heuristic_gap_controlled
week17_gap_join_c41_join_3,111,117,0.040983606557377095,EXACT_OPTIMAL_COLOR_CLASS_ORDER,12,12,test,heuristic_gap_controlled
week17_gap_join_c41_join_3,114,118,0.032786885245901676,EXACT_OPTIMAL_COLOR_CLASS_ORDER,12,12,test,heuristic_gap_controlled
week17_gap_join_c41_join_3,117,119,0.024590163934426257,EXACT_OPTIMAL_COLOR_CLASS_ORDER,12,12,test,heuristic_gap_controlled
week17_gap_join_c41_join_3,121,120,0.016393442622950838,EXACT_OPTIMAL_COLOR_CLASS_ORDER,12,12,test,heuristic_gap_controlled
week17_gap_join_c41_join_3,119,121,0.008196721311475419,EXACT_OPTIMAL_COLOR_CLASS_ORDER,12,12,test,heuristic_gap_controlled
week17_gap_join_c41_join_3,122,122,0.0,EXACT_OPTIMAL_COLOR_CLASS_ORDER,12,12,test,heuristic_gap_controlled
week17_gap_join_c41_join_4,0,0,1.0,EXACT_OPTIMAL_COLOR_CLASS_ORDER,16,16,test,heuristic_gap_controlled
week17_gap_join_c41_join_4,3,1,0.9938650306748467,EXACT_OPTIMAL_COLOR_CLASS_ORDER,16,16,test,heuristic_gap_controlled
week17_gap_join_c41_join_4,6,2,0.9877300613496932,EXACT_OPTIMAL_COLOR_CLASS_ORDER,16,16,test,heuristic_gap_controlled
week17_gap_join_c41_join_4,9,3,0.9815950920245399,EXACT_OPTIMAL_COLOR_CLASS_ORDER,16,16,test,heuristic_gap_controlled
week17_gap_join_c41_join_4,12,4,0.9754601226993865,EXACT_OPTIMAL_COLOR_CLASS_ORDER,16,16,test,heuristic_gap_controlled
week17_gap_join_c41_join_4,15,5,0.9693251533742331,EXACT_OPTIMAL_COLOR_CLASS_ORDER,16,16,test,heuristic_gap_controlled
week17_gap_join_c41_join_4,18,6,0.9631901840490797,EXACT_OPTIMAL_COLOR_CLASS_ORDER,16,16,test,heuristic_gap_controlled
week17_gap_join_c41_join_4,21,7,0.9570552147239264,EXACT_OPTIMAL_COLOR_CLASS_ORDER,16,16,test,heuristic_gap_controlled
week17_gap_join_c41_join_4,24,8,0.950920245398773,EXACT_OPTIMAL_COLOR_CLASS_ORDER,16,16,test,heuristic_gap_controlled
week17_gap_join_c41_join_4,27,9,0.9447852760736196,EXACT_OPTIMAL_COLOR_CLASS_ORDER,16,16,test,heuristic_gap_controlled
week17_gap_join_c41_join_4,30,10,0.9386503067484663,EXACT_OPTIMAL_COLOR_CLASS_ORDER,16,16,test,heuristic_gap_controlled
week17_gap_join_c41_join_4,33,11,0.9325153374233128,EXACT_OPTIMAL_COLOR_CLASS_ORDER,16,16,test,heuristic_gap_controlled
week17_gap_join_c41_join_4,36,12,0.9263803680981595,EXACT_OPTIMAL_COLOR_CLASS_ORDER,16,16,test,heuristic_gap_controlled
week17_gap_join_c41_join_4,1,13,0.9202453987730062,EXACT_OPTIMAL_COLOR_CLASS_ORDER,16,16,test,heuristic_gap_controlled
week17_gap_join_c41_join_4,4,14,0.9141104294478528,EXACT_OPTIMAL_COLOR_CLASS_ORDER,16,16,test,heuristic_gap_controlled
week17_gap_join_c41_join_4,7,15,0.9079754601226994,EXACT_OPTIMAL_COLOR_CLASS_ORDER,16,16,test,heuristic_gap_controlled
week17_gap_join_c41_join_4,10,16,0.901840490797546,EXACT_OPTIMAL_COLOR_CLASS_ORDER,16,16,test,heuristic_gap_controlled
week17_gap_join_c41_join_4,13,17,0.8957055214723927,EXACT_OPTIMAL_COLOR_CLASS_ORDER,16,16,test,heuristic_gap_controlled
week17_gap_join_c41_join_4,16,18,0.8895705521472392,EXACT_OPTIMAL_COLOR_CLASS_ORDER,16,16,test,heuristic_gap_controlled
week17_gap_join_c41_join_4,19,19,0.8834355828220859,EXACT_OPTIMAL_COLOR_CLASS_ORDER,16,16,test,heuristic_gap_controlled
week17_gap_join_c41_join_4,22,20,0.8773006134969326,EXACT_OPTIMAL_COLOR_CLASS_ORDER,16,16,test,heuristic_gap_controlled
week17_gap_join_c41_join_4,25,21,0.8711656441717791,EXACT_OPTIMAL_COLOR_CLASS_ORDER,16,16,test,heuristic_gap_controlled
week17_gap_join_c41_join_4,28,22,0.8650306748466258,EXACT_OPTIMAL_COLOR_CLASS_ORDER,16,16,test,heuristic_gap_controlled
week17_gap_join_c41_join_4,31,23,0.8588957055214724,EXACT_OPTIMAL_COLOR_CLASS_ORDER,16,16,test,heuristic_gap_controlled
week17_gap_join_c41_join_4,34,24,0.852760736196319,EXACT_OPTIMAL_COLOR_CLASS_ORDER,16,16,test,heuristic_gap_controlled
week17_gap_join_c41_join_4,38,25,0.8466257668711656,EXACT_OPTIMAL_COLOR_CLASS_ORDER,16,16,test,heuristic_gap_controlled
week17_gap_join_c41_join_4,2,26,0.8404907975460123,EXACT_OPTIMAL_COLOR_CLASS_ORDER,16,16,test,heuristic_gap_controlled
week17_gap_join_c41_join_4,5,27,0.834355828220859,EXACT_OPTIMAL_COLOR_CLASS_ORDER,16,16,test,heuristic_gap_controlled
week17_gap_join_c41_join_4,8,28,0.8282208588957055,EXACT_OPTIMAL_COLOR_CLASS_ORDER,16,16,test,heuristic_gap_controlled
week17_gap_join_c41_join_4,11,29,0.8220858895705522,EXACT_OPTIMAL_COLOR_CLASS_ORDER,16,16,test,heuristic_gap_controlled
week17_gap_join_c41_join_4,14,30,0.8159509202453987,EXACT_OPTIMAL_COLOR_CLASS_ORDER,16,16,test,heuristic_gap_controlled
week17_gap_join_c41_join_4,17,31,0.8098159509202454,EXACT_OPTIMAL_COLOR_CLASS_ORDER,16,16,test,heuristic_gap_controlled
week17_gap_join_c41_join_4,20,32,0.803680981595092,EXACT_OPTIMAL_COLOR_CLASS_ORDER,16,16,test,heuristic_gap_controlled
week17_gap_join_c41_join_4,23,33,0.7975460122699387,EXACT_OPTIMAL_COLOR_CLASS_ORDER,16,16,test,heuristic_gap_controlled
week17_gap_join_c41_join_4,26,34,0.7914110429447853,EXACT_OPTIMAL_COLOR_CLASS_ORDER,16,16,test,heuristic_gap_controlled
week17_gap_join_c41_join_4,29,35,0.7852760736196319,EXACT_OPTIMAL_COLOR_CLASS_ORDER,16,16,test,heuristic_gap_controlled
week17_gap_join_c41_join_4,32,36,0.7791411042944785,EXACT_OPTIMAL_COLOR_CLASS_ORDER,16,16,test,heuristic_gap_controlled
week17_gap_join_c41_join_4,35,37,0.7730061349693251,EXACT_OPTIMAL_COLOR_CLASS_ORDER,16,16,test,heuristic_gap_controlled
week17_gap_join_c41_join_4,39,38,0.7668711656441718,EXACT_OPTIMAL_COLOR_CLASS_ORDER,16,16,test,heuristic_gap_controlled
week17_gap_join_c41_join_4,37,39,0.7607361963190185,EXACT_OPTIMAL_COLOR_CLASS_ORDER,16,16,test,heuristic_gap_controlled
week17_gap_join_c41_join_4,40,40,0.754601226993865,EXACT_OPTIMAL_COLOR_CLASS_ORDER,16,16,test,heuristic_gap_controlled
week17_gap_join_c41_join_4,41,41,0.7484662576687117,EXACT_OPTIMAL_COLOR_CLASS_ORDER,16,16,test,heuristic_gap_controlled
week17_gap_join_c41_join_4,44,42,0.7423312883435582,EXACT_OPTIMAL_COLOR_CLASS_ORDER,16,16,test,heuristic_gap_controlled
week17_gap_join_c41_join_4,47,43,0.7361963190184049,EXACT_OPTIMAL_COLOR_CLASS_ORDER,16,16,test,heuristic_gap_controlled
week17_gap_join_c41_join_4,50,44,0.7300613496932515,EXACT_OPTIMAL_COLOR_CLASS_ORDER,16,16,test,heuristic_gap_controlled
week17_gap_join_c41_join_4,53,45,0.7239263803680982,EXACT_OPTIMAL_COLOR_CLASS_ORDER,16,16,test,heuristic_gap_controlled
week17_gap_join_c41_join_4,56,46,0.7177914110429449,EXACT_OPTIMAL_COLOR_CLASS_ORDER,16,16,test,heuristic_gap_controlled
week17_gap_join_c41_join_4,59,47,0.7116564417177914,EXACT_OPTIMAL_COLOR_CLASS_ORDER,16,16,test,heuristic_gap_controlled
week17_gap_join_c41_join_4,62,48,0.705521472392638,EXACT_OPTIMAL_COLOR_CLASS_ORDER,16,16,test,heuristic_gap_controlled
week17_gap_join_c41_join_4,65,49,0.6993865030674846,EXACT_OPTIMAL_COLOR_CLASS_ORDER,16,16,test,heuristic_gap_controlled
week17_gap_join_c41_join_4,68,50,0.6932515337423313,EXACT_OPTIMAL_COLOR_CLASS_ORDER,16,16,test,heuristic_gap_controlled
week17_gap_join_c41_join_4,71,51,0.6871165644171779,EXACT_OPTIMAL_COLOR_CLASS_ORDER,16,16,test,heuristic_gap_controlled
week17_gap_join_c41_join_4,74,52,0.6809815950920246,EXACT_OPTIMAL_COLOR_CLASS_ORDER,16,16,test,heuristic_gap_controlled
week17_gap_join_c41_join_4,77,53,0.6748466257668712,EXACT_OPTIMAL_COLOR_CLASS_ORDER,16,16,test,heuristic_gap_controlled
week17_gap_join_c41_join_4,42,54,0.6687116564417178,EXACT_OPTIMAL_COLOR_CLASS_ORDER,16,16,test,heuristic_gap_controlled
week17_gap_join_c41_join_4,45,55,0.6625766871165644,EXACT_OPTIMAL_COLOR_CLASS_ORDER,16,16,test,heuristic_gap_controlled
week17_gap_join_c41_join_4,48,56,0.656441717791411,EXACT_OPTIMAL_COLOR_CLASS_ORDER,16,16,test,heuristic_gap_controlled
week17_gap_join_c41_join_4,51,57,0.6503067484662577,EXACT_OPTIMAL_COLOR_CLASS_ORDER,16,16,test,heuristic_gap_controlled
week17_gap_join_c41_join_4,54,58,0.6441717791411044,EXACT_OPTIMAL_COLOR_CLASS_ORDER,16,16,test,heuristic_gap_controlled
week17_gap_join_c41_join_4,57,59,0.6380368098159509,EXACT_OPTIMAL_COLOR_CLASS_ORDER,16,16,test,heuristic_gap_controlled
week17_gap_join_c41_join_4,60,60,0.6319018404907976,EXACT_OPTIMAL_COLOR_CLASS_ORDER,16,16,test,heuristic_gap_controlled
week17_gap_join_c41_join_4,63,61,0.6257668711656441,EXACT_OPTIMAL_COLOR_CLASS_ORDER,16,16,test,heuristic_gap_controlled
week17_gap_join_c41_join_4,66,62,0.6196319018404908,EXACT_OPTIMAL_COLOR_CLASS_ORDER,16,16,test,heuristic_gap_controlled
week17_gap_join_c41_join_4,69,63,0.6134969325153374,EXACT_OPTIMAL_COLOR_CLASS_ORDER,16,16,test,heuristic_gap_controlled
week17_gap_join_c41_join_4,72,64,0.6073619631901841,EXACT_OPTIMAL_COLOR_CLASS_ORDER,16,16,test,heuristic_gap_controlled
week17_gap_join_c41_join_4,75,65,0.6012269938650308,EXACT_OPTIMAL_COLOR_CLASS_ORDER,16,16,test,heuristic_gap_controlled
week17_gap_join_c41_join_4,79,66,0.5950920245398773,EXACT_OPTIMAL_COLOR_CLASS_ORDER,16,16,test,heuristic_gap_controlled
week17_gap_join_c41_join_4,43,67,0.5889570552147239,EXACT_OPTIMAL_COLOR_CLASS_ORDER,16,16,test,heuristic_gap_controlled
week17_gap_join_c41_join_4,46,68,0.5828220858895705,EXACT_OPTIMAL_COLOR_CLASS_ORDER,16,16,test,heuristic_gap_controlled
week17_gap_join_c41_join_4,49,69,0.5766871165644172,EXACT_OPTIMAL_COLOR_CLASS_ORDER,16,16,test,heuristic_gap_controlled
week17_gap_join_c41_join_4,52,70,0.5705521472392638,EXACT_OPTIMAL_COLOR_CLASS_ORDER,16,16,test,heuristic_gap_controlled
week17_gap_join_c41_join_4,55,71,0.5644171779141105,EXACT_OPTIMAL_COLOR_CLASS_ORDER,16,16,test,heuristic_gap_controlled
week17_gap_join_c41_join_4,58,72,0.558282208588957,EXACT_OPTIMAL_COLOR_CLASS_ORDER,16,16,test,heuristic_gap_controlled
week17_gap_join_c41_join_4,61,73,0.5521472392638036,EXACT_OPTIMAL_COLOR_CLASS_ORDER,16,16,test,heuristic_gap_controlled
week17_gap_join_c41_join_4,64,74,0.5460122699386503,EXACT_OPTIMAL_COLOR_CLASS_ORDER,16,16,test,heuristic_gap_controlled
week17_gap_join_c41_join_4,67,75,0.5398773006134969,EXACT_OPTIMAL_COLOR_CLASS_ORDER,16,16,test,heuristic_gap_controlled
week17_gap_join_c41_join_4,70,76,0.5337423312883436,EXACT_OPTIMAL_COLOR_CLASS_ORDER,16,16,test,heuristic_gap_controlled
week17_gap_join_c41_join_4,73,77,0.5276073619631902,EXACT_OPTIMAL_COLOR_CLASS_ORDER,16,16,test,heuristic_gap_controlled
week17_gap_join_c41_join_4,76,78,0.5214723926380368,EXACT_OPTIMAL_COLOR_CLASS_ORDER,16,16,test,heuristic_gap_controlled
week17_gap_join_c41_join_4,80,79,0.5153374233128835,EXACT_OPTIMAL_COLOR_CLASS_ORDER,16,16,test,heuristic_gap_controlled
week17_gap_join_c41_join_4,78,80,0.50920245398773,EXACT_OPTIMAL_COLOR_CLASS_ORDER,16,16,test,heuristic_gap_controlled
week17_gap_join_c41_join_4,81,81,0.5030674846625767,EXACT_OPTIMAL_COLOR_CLASS_ORDER,16,16,test,heuristic_gap_controlled
week17_gap_join_c41_join_4,82,82,0.49693251533742333,EXACT_OPTIMAL_COLOR_CLASS_ORDER,16,16,test,heuristic_gap_controlled
week17_gap_join_c41_join_4,85,83,0.49079754601227,EXACT_OPTIMAL_COLOR_CLASS_ORDER,16,16,test,heuristic_gap_controlled
week17_gap_join_c41_join_4,88,84,0.48466257668711654,EXACT_OPTIMAL_COLOR_CLASS_ORDER,16,16,test,heuristic_gap_controlled
week17_gap_join_c41_join_4,91,85,0.4785276073619632,EXACT_OPTIMAL_COLOR_CLASS_ORDER,16,16,test,heuristic_gap_controlled
week17_gap_join_c41_join_4,94,86,0.47239263803680986,EXACT_OPTIMAL_COLOR_CLASS_ORDER,16,16,test,heuristic_gap_controlled
week17_gap_join_c41_join_4,97,87,0.4662576687116564,EXACT_OPTIMAL_COLOR_CLASS_ORDER,16,16,test,heuristic_gap_controlled
week17_gap_join_c41_join_4,100,88,0.4601226993865031,EXACT_OPTIMAL_COLOR_CLASS_ORDER,16,16,test,heuristic_gap_controlled
week17_gap_join_c41_join_4,103,89,0.45398773006134974,EXACT_OPTIMAL_COLOR_CLASS_ORDER,16,16,test,heuristic_gap_controlled
week17_gap_join_c41_join_4,106,90,0.4478527607361963,EXACT_OPTIMAL_COLOR_CLASS_ORDER,16,16,test,heuristic_gap_controlled
week17_gap_join_c41_join_4,109,91,0.44171779141104295,EXACT_OPTIMAL_COLOR_CLASS_ORDER,16,16,test,heuristic_gap_controlled
week17_gap_join_c41_join_4,112,92,0.4355828220858896,EXACT_OPTIMAL_COLOR_CLASS_ORDER,16,16,test,heuristic_gap_controlled
week17_gap_join_c41_join_4,115,93,0.42944785276073616,EXACT_OPTIMAL_COLOR_CLASS_ORDER,16,16,test,heuristic_gap_controlled
week17_gap_join_c41_join_4,118,94,0.4233128834355828,EXACT_OPTIMAL_COLOR_CLASS_ORDER,16,16,test,heuristic_gap_controlled
week17_gap_join_c41_join_4,83,95,0.4171779141104295,EXACT_OPTIMAL_COLOR_CLASS_ORDER,16,16,test,heuristic_gap_controlled
week17_gap_join_c41_join_4,86,96,0.41104294478527603,EXACT_OPTIMAL_COLOR_CLASS_ORDER,16,16,test,heuristic_gap_controlled
week17_gap_join_c41_join_4,89,97,0.4049079754601227,EXACT_OPTIMAL_COLOR_CLASS_ORDER,16,16,test,heuristic_gap_controlled
week17_gap_join_c41_join_4,92,98,0.39877300613496935,EXACT_OPTIMAL_COLOR_CLASS_ORDER,16,16,test,heuristic_gap_controlled
week17_gap_join_c41_join_4,95,99,0.3926380368098159,EXACT_OPTIMAL_COLOR_CLASS_ORDER,16,16,test,heuristic_gap_controlled
week17_gap_join_c41_join_4,98,100,0.38650306748466257,EXACT_OPTIMAL_COLOR_CLASS_ORDER,16,16,test,heuristic_gap_controlled
week17_gap_join_c41_join_4,101,101,0.3803680981595092,EXACT_OPTIMAL_COLOR_CLASS_ORDER,16,16,test,heuristic_gap_controlled
week17_gap_join_c41_join_4,104,102,0.3742331288343558,EXACT_OPTIMAL_COLOR_CLASS_ORDER,16,16,test,heuristic_gap_controlled
week17_gap_join_c41_join_4,107,103,0.36809815950920244,EXACT_OPTIMAL_COLOR_CLASS_ORDER,16,16,test,heuristic_gap_controlled
week17_gap_join_c41_join_4,110,104,0.3619631901840491,EXACT_OPTIMAL_COLOR_CLASS_ORDER,16,16,test,heuristic_gap_controlled
week17_gap_join_c41_join_4,113,105,0.35582822085889576,EXACT_OPTIMAL_COLOR_CLASS_ORDER,16,16,test,heuristic_gap_controlled
week17_gap_join_c41_join_4,116,106,0.3496932515337423,EXACT_OPTIMAL_COLOR_CLASS_ORDER,16,16,test,heuristic_gap_controlled
week17_gap_join_c41_join_4,120,107,0.34355828220858897,EXACT_OPTIMAL_COLOR_CLASS_ORDER,16,16,test,heuristic_gap_controlled
week17_gap_join_c41_join_4,84,108,0.33742331288343563,EXACT_OPTIMAL_COLOR_CLASS_ORDER,16,16,test,heuristic_gap_controlled
week17_gap_join_c41_join_4,87,109,0.3312883435582822,EXACT_OPTIMAL_COLOR_CLASS_ORDER,16,16,test,heuristic_gap_controlled
week17_gap_join_c41_join_4,90,110,0.32515337423312884,EXACT_OPTIMAL_COLOR_CLASS_ORDER,16,16,test,heuristic_gap_controlled
week17_gap_join_c41_join_4,93,111,0.3190184049079755,EXACT_OPTIMAL_COLOR_CLASS_ORDER,16,16,test,heuristic_gap_controlled
week17_gap_join_c41_join_4,96,112,0.31288343558282206,EXACT_OPTIMAL_COLOR_CLASS_ORDER,16,16,test,heuristic_gap_controlled
week17_gap_join_c41_join_4,99,113,0.3067484662576687,EXACT_OPTIMAL_COLOR_CLASS_ORDER,16,16,test,heuristic_gap_controlled
week17_gap_join_c41_join_4,102,114,0.3006134969325154,EXACT_OPTIMAL_COLOR_CLASS_ORDER,16,16,test,heuristic_gap_controlled
week17_gap_join_c41_join_4,105,115,0.29447852760736193,EXACT_OPTIMAL_COLOR_CLASS_ORDER,16,16,test,heuristic_gap_controlled
week17_gap_join_c41_join_4,108,116,0.2883435582822086,EXACT_OPTIMAL_COLOR_CLASS_ORDER,16,16,test,heuristic_gap_controlled
week17_gap_join_c41_join_4,111,117,0.28220858895705525,EXACT_OPTIMAL_COLOR_CLASS_ORDER,16,16,test,heuristic_gap_controlled
week17_gap_join_c41_join_4,114,118,0.2760736196319018,EXACT_OPTIMAL_COLOR_CLASS_ORDER,16,16,test,heuristic_gap_controlled
week17_gap_join_c41_join_4,117,119,0.26993865030674846,EXACT_OPTIMAL_COLOR_CLASS_ORDER,16,16,test,heuristic_gap_controlled
week17_gap_join_c41_join_4,121,120,0.2638036809815951,EXACT_OPTIMAL_COLOR_CLASS_ORDER,16,16,test,heuristic_gap_controlled
week17_gap_join_c41_join_4,119,121,0.2576687116564417,EXACT_OPTIMAL_COLOR_CLASS_ORDER,16,16,test,heuristic_gap_controlled
week17_gap_join_c41_join_4,122,122,0.25153374233128833,EXACT_OPTIMAL_COLOR_CLASS_ORDER,16,16,test,heuristic_gap_controlled
week17_gap_join_c41_join_4,123,123,0.245398773006135,EXACT_OPTIMAL_COLOR_CLASS_ORDER,16,16,test,heuristic_gap_controlled
week17_gap_join_c41_join_4,126,124,0.23926380368098155,EXACT_OPTIMAL_COLOR_CLASS_ORDER,16,16,test,heuristic_gap_controlled
week17_gap_join_c41_join_4,129,125,0.2331288343558282,EXACT_OPTIMAL_COLOR_CLASS_ORDER,16,16,test,heuristic_gap_controlled
week17_gap_join_c41_join_4,132,126,0.22699386503067487,EXACT_OPTIMAL_COLOR_CLASS_ORDER,16,16,test,heuristic_gap_controlled
week17_gap_join_c41_join_4,135,127,0.22085889570552142,EXACT_OPTIMAL_COLOR_CLASS_ORDER,16,16,test,heuristic_gap_controlled
week17_gap_join_c41_join_4,138,128,0.21472392638036808,EXACT_OPTIMAL_COLOR_CLASS_ORDER,16,16,test,heuristic_gap_controlled
week17_gap_join_c41_join_4,141,129,0.20858895705521474,EXACT_OPTIMAL_COLOR_CLASS_ORDER,16,16,test,heuristic_gap_controlled
week17_gap_join_c41_join_4,144,130,0.2024539877300614,EXACT_OPTIMAL_COLOR_CLASS_ORDER,16,16,test,heuristic_gap_controlled
week17_gap_join_c41_join_4,147,131,0.19631901840490795,EXACT_OPTIMAL_COLOR_CLASS_ORDER,16,16,test,heuristic_gap_controlled
week17_gap_join_c41_join_4,150,132,0.1901840490797546,EXACT_OPTIMAL_COLOR_CLASS_ORDER,16,16,test,heuristic_gap_controlled
week17_gap_join_c41_join_4,153,133,0.18404907975460127,EXACT_OPTIMAL_COLOR_CLASS_ORDER,16,16,test,heuristic_gap_controlled
week17_gap_join_c41_join_4,156,134,0.17791411042944782,EXACT_OPTIMAL_COLOR_CLASS_ORDER,16,16,test,heuristic_gap_controlled
week17_gap_join_c41_join_4,159,135,0.17177914110429449,EXACT_OPTIMAL_COLOR_CLASS_ORDER,16,16,test,heuristic_gap_controlled
week17_gap_join_c41_join_4,124,136,0.16564417177914115,EXACT_OPTIMAL_COLOR_CLASS_ORDER,16,16,test,heuristic_gap_controlled
week17_gap_join_c41_join_4,127,137,0.1595092024539877,EXACT_OPTIMAL_COLOR_CLASS_ORDER,16,16,test,heuristic_gap_controlled
week17_gap_join_c41_join_4,130,138,0.15337423312883436,EXACT_OPTIMAL_COLOR_CLASS_ORDER,16,16,test,heuristic_gap_controlled
week17_gap_join_c41_join_4,133,139,0.14723926380368102,EXACT_OPTIMAL_COLOR_CLASS_ORDER,16,16,test,heuristic_gap_controlled
week17_gap_join_c41_join_4,136,140,0.14110429447852757,EXACT_OPTIMAL_COLOR_CLASS_ORDER,16,16,test,heuristic_gap_controlled
week17_gap_join_c41_join_4,139,141,0.13496932515337423,EXACT_OPTIMAL_COLOR_CLASS_ORDER,16,16,test,heuristic_gap_controlled
week17_gap_join_c41_join_4,142,142,0.1288343558282209,EXACT_OPTIMAL_COLOR_CLASS_ORDER,16,16,test,heuristic_gap_controlled
week17_gap_join_c41_join_4,145,143,0.12269938650306744,EXACT_OPTIMAL_COLOR_CLASS_ORDER,16,16,test,heuristic_gap_controlled
week17_gap_join_c41_join_4,148,144,0.1165644171779141,EXACT_OPTIMAL_COLOR_CLASS_ORDER,16,16,test,heuristic_gap_controlled
week17_gap_join_c41_join_4,151,145,0.11042944785276076,EXACT_OPTIMAL_COLOR_CLASS_ORDER,16,16,test,heuristic_gap_controlled
week17_gap_join_c41_join_4,154,146,0.10429447852760731,EXACT_OPTIMAL_COLOR_CLASS_ORDER,16,16,test,heuristic_gap_controlled
week17_gap_join_c41_join_4,157,147,0.09815950920245398,EXACT_OPTIMAL_COLOR_CLASS_ORDER,16,16,test,heuristic_gap_controlled
week17_gap_join_c41_join_4,161,148,0.09202453987730064,EXACT_OPTIMAL_COLOR_CLASS_ORDER,16,16,test,heuristic_gap_controlled
week17_gap_join_c41_join_4,125,149,0.08588957055214719,EXACT_OPTIMAL_COLOR_CLASS_ORDER,16,16,test,heuristic_gap_controlled
week17_gap_join_c41_join_4,128,150,0.07975460122699385,EXACT_OPTIMAL_COLOR_CLASS_ORDER,16,16,test,heuristic_gap_controlled
week17_gap_join_c41_join_4,131,151,0.07361963190184051,EXACT_OPTIMAL_COLOR_CLASS_ORDER,16,16,test,heuristic_gap_controlled
week17_gap_join_c41_join_4,134,152,0.06748466257668717,EXACT_OPTIMAL_COLOR_CLASS_ORDER,16,16,test,heuristic_gap_controlled
week17_gap_join_c41_join_4,137,153,0.06134969325153372,EXACT_OPTIMAL_COLOR_CLASS_ORDER,16,16,test,heuristic_gap_controlled
week17_gap_join_c41_join_4,140,154,0.05521472392638038,EXACT_OPTIMAL_COLOR_CLASS_ORDER,16,16,test,heuristic_gap_controlled
week17_gap_join_c41_join_4,143,155,0.049079754601227044,EXACT_OPTIMAL_COLOR_CLASS_ORDER,16,16,test,heuristic_gap_controlled
week17_gap_join_c41_join_4,146,156,0.042944785276073594,EXACT_OPTIMAL_COLOR_CLASS_ORDER,16,16,test,heuristic_gap_controlled
week17_gap_join_c41_join_4,149,157,0.036809815950920255,EXACT_OPTIMAL_COLOR_CLASS_ORDER,16,16,test,heuristic_gap_controlled
week17_gap_join_c41_join_4,152,158,0.030674846625766916,EXACT_OPTIMAL_COLOR_CLASS_ORDER,16,16,test,heuristic_gap_controlled
week17_gap_join_c41_join_4,155,159,0.024539877300613466,EXACT_OPTIMAL_COLOR_CLASS_ORDER,16,16,test,heuristic_gap_controlled
week17_gap_join_c41_join_4,158,160,0.018404907975460127,EXACT_OPTIMAL_COLOR_CLASS_ORDER,16,16,test,heuristic_gap_controlled
week17_gap_join_c41_join_4,162,161,0.012269938650306789,EXACT_OPTIMAL_COLOR_CLASS_ORDER,16,16,test,heuristic_gap_controlled
week17_gap_join_c41_join_4,160,162,0.006134969325153339,EXACT_OPTIMAL_COLOR_CLASS_ORDER,16,16,test,heuristic_gap_controlled
week17_gap_join_c41_join_4,163,163,0.0,EXACT_OPTIMAL_COLOR_CLASS_ORDER,16,16,test,heuristic_gap_controlled
week17_gap_join_c41_join_5,0,0,1.0,EXACT_OPTIMAL_COLOR_CLASS_ORDER,20,20,test,heuristic_gap_controlled
week17_gap_join_c41_join_5,3,1,0.9950980392156863,EXACT_OPTIMAL_COLOR_CLASS_ORDER,20,20,test,heuristic_gap_controlled
week17_gap_join_c41_join_5,6,2,0.9901960784313726,EXACT_OPTIMAL_COLOR_CLASS_ORDER,20,20,test,heuristic_gap_controlled
week17_gap_join_c41_join_5,9,3,0.9852941176470589,EXACT_OPTIMAL_COLOR_CLASS_ORDER,20,20,test,heuristic_gap_controlled
week17_gap_join_c41_join_5,12,4,0.9803921568627451,EXACT_OPTIMAL_COLOR_CLASS_ORDER,20,20,test,heuristic_gap_controlled
week17_gap_join_c41_join_5,15,5,0.9754901960784313,EXACT_OPTIMAL_COLOR_CLASS_ORDER,20,20,test,heuristic_gap_controlled
week17_gap_join_c41_join_5,18,6,0.9705882352941176,EXACT_OPTIMAL_COLOR_CLASS_ORDER,20,20,test,heuristic_gap_controlled
week17_gap_join_c41_join_5,21,7,0.9656862745098039,EXACT_OPTIMAL_COLOR_CLASS_ORDER,20,20,test,heuristic_gap_controlled
week17_gap_join_c41_join_5,24,8,0.9607843137254902,EXACT_OPTIMAL_COLOR_CLASS_ORDER,20,20,test,heuristic_gap_controlled
week17_gap_join_c41_join_5,27,9,0.9558823529411765,EXACT_OPTIMAL_COLOR_CLASS_ORDER,20,20,test,heuristic_gap_controlled
week17_gap_join_c41_join_5,30,10,0.9509803921568627,EXACT_OPTIMAL_COLOR_CLASS_ORDER,20,20,test,heuristic_gap_controlled
week17_gap_join_c41_join_5,33,11,0.946078431372549,EXACT_OPTIMAL_COLOR_CLASS_ORDER,20,20,test,heuristic_gap_controlled
week17_gap_join_c41_join_5,36,12,0.9411764705882353,EXACT_OPTIMAL_COLOR_CLASS_ORDER,20,20,test,heuristic_gap_controlled
week17_gap_join_c41_join_5,1,13,0.9362745098039216,EXACT_OPTIMAL_COLOR_CLASS_ORDER,20,20,test,heuristic_gap_controlled
week17_gap_join_c41_join_5,4,14,0.9313725490196079,EXACT_OPTIMAL_COLOR_CLASS_ORDER,20,20,test,heuristic_gap_controlled
week17_gap_join_c41_join_5,7,15,0.9264705882352942,EXACT_OPTIMAL_COLOR_CLASS_ORDER,20,20,test,heuristic_gap_controlled
week17_gap_join_c41_join_5,10,16,0.9215686274509804,EXACT_OPTIMAL_COLOR_CLASS_ORDER,20,20,test,heuristic_gap_controlled
week17_gap_join_c41_join_5,13,17,0.9166666666666666,EXACT_OPTIMAL_COLOR_CLASS_ORDER,20,20,test,heuristic_gap_controlled
week17_gap_join_c41_join_5,16,18,0.9117647058823529,EXACT_OPTIMAL_COLOR_CLASS_ORDER,20,20,test,heuristic_gap_controlled
week17_gap_join_c41_join_5,19,19,0.9068627450980392,EXACT_OPTIMAL_COLOR_CLASS_ORDER,20,20,test,heuristic_gap_controlled
week17_gap_join_c41_join_5,22,20,0.9019607843137255,EXACT_OPTIMAL_COLOR_CLASS_ORDER,20,20,test,heuristic_gap_controlled
week17_gap_join_c41_join_5,25,21,0.8970588235294118,EXACT_OPTIMAL_COLOR_CLASS_ORDER,20,20,test,heuristic_gap_controlled
week17_gap_join_c41_join_5,28,22,0.892156862745098,EXACT_OPTIMAL_COLOR_CLASS_ORDER,20,20,test,heuristic_gap_controlled
week17_gap_join_c41_join_5,31,23,0.8872549019607843,EXACT_OPTIMAL_COLOR_CLASS_ORDER,20,20,test,heuristic_gap_controlled
week17_gap_join_c41_join_5,34,24,0.8823529411764706,EXACT_OPTIMAL_COLOR_CLASS_ORDER,20,20,test,heuristic_gap_controlled
week17_gap_join_c41_join_5,38,25,0.8774509803921569,EXACT_OPTIMAL_COLOR_CLASS_ORDER,20,20,test,heuristic_gap_controlled
week17_gap_join_c41_join_5,2,26,0.8725490196078431,EXACT_OPTIMAL_COLOR_CLASS_ORDER,20,20,test,heuristic_gap_controlled
week17_gap_join_c41_join_5,5,27,0.8676470588235294,EXACT_OPTIMAL_COLOR_CLASS_ORDER,20,20,test,heuristic_gap_controlled
week17_gap_join_c41_join_5,8,28,0.8627450980392157,EXACT_OPTIMAL_COLOR_CLASS_ORDER,20,20,test,heuristic_gap_controlled
week17_gap_join_c41_join_5,11,29,0.857843137254902,EXACT_OPTIMAL_COLOR_CLASS_ORDER,20,20,test,heuristic_gap_controlled
week17_gap_join_c41_join_5,14,30,0.8529411764705882,EXACT_OPTIMAL_COLOR_CLASS_ORDER,20,20,test,heuristic_gap_controlled
week17_gap_join_c41_join_5,17,31,0.8480392156862745,EXACT_OPTIMAL_COLOR_CLASS_ORDER,20,20,test,heuristic_gap_controlled
week17_gap_join_c41_join_5,20,32,0.8431372549019608,EXACT_OPTIMAL_COLOR_CLASS_ORDER,20,20,test,heuristic_gap_controlled
week17_gap_join_c41_join_5,23,33,0.8382352941176471,EXACT_OPTIMAL_COLOR_CLASS_ORDER,20,20,test,heuristic_gap_controlled
week17_gap_join_c41_join_5,26,34,0.8333333333333334,EXACT_OPTIMAL_COLOR_CLASS_ORDER,20,20,test,heuristic_gap_controlled
week17_gap_join_c41_join_5,29,35,0.8284313725490196,EXACT_OPTIMAL_COLOR_CLASS_ORDER,20,20,test,heuristic_gap_controlled
week17_gap_join_c41_join_5,32,36,0.8235294117647058,EXACT_OPTIMAL_COLOR_CLASS_ORDER,20,20,test,heuristic_gap_controlled
week17_gap_join_c41_join_5,35,37,0.8186274509803921,EXACT_OPTIMAL_COLOR_CLASS_ORDER,20,20,test,heuristic_gap_controlled
week17_gap_join_c41_join_5,39,38,0.8137254901960784,EXACT_OPTIMAL_COLOR_CLASS_ORDER,20,20,test,heuristic_gap_controlled
week17_gap_join_c41_join_5,37,39,0.8088235294117647,EXACT_OPTIMAL_COLOR_CLASS_ORDER,20,20,test,heuristic_gap_controlled
week17_gap_join_c41_join_5,40,40,0.803921568627451,EXACT_OPTIMAL_COLOR_CLASS_ORDER,20,20,test,heuristic_gap_controlled
week17_gap_join_c41_join_5,41,41,0.7990196078431373,EXACT_OPTIMAL_COLOR_CLASS_ORDER,20,20,test,heuristic_gap_controlled
week17_gap_join_c41_join_5,44,42,0.7941176470588236,EXACT_OPTIMAL_COLOR_CLASS_ORDER,20,20,test,heuristic_gap_controlled
week17_gap_join_c41_join_5,47,43,0.7892156862745098,EXACT_OPTIMAL_COLOR_CLASS_ORDER,20,20,test,heuristic_gap_controlled
week17_gap_join_c41_join_5,50,44,0.7843137254901961,EXACT_OPTIMAL_COLOR_CLASS_ORDER,20,20,test,heuristic_gap_controlled
week17_gap_join_c41_join_5,53,45,0.7794117647058824,EXACT_OPTIMAL_COLOR_CLASS_ORDER,20,20,test,heuristic_gap_controlled
week17_gap_join_c41_join_5,56,46,0.7745098039215687,EXACT_OPTIMAL_COLOR_CLASS_ORDER,20,20,test,heuristic_gap_controlled
week17_gap_join_c41_join_5,59,47,0.7696078431372549,EXACT_OPTIMAL_COLOR_CLASS_ORDER,20,20,test,heuristic_gap_controlled
week17_gap_join_c41_join_5,62,48,0.7647058823529411,EXACT_OPTIMAL_COLOR_CLASS_ORDER,20,20,test,heuristic_gap_controlled
week17_gap_join_c41_join_5,65,49,0.7598039215686274,EXACT_OPTIMAL_COLOR_CLASS_ORDER,20,20,test,heuristic_gap_controlled
week17_gap_join_c41_join_5,68,50,0.7549019607843137,EXACT_OPTIMAL_COLOR_CLASS_ORDER,20,20,test,heuristic_gap_controlled
week17_gap_join_c41_join_5,71,51,0.75,EXACT_OPTIMAL_COLOR_CLASS_ORDER,20,20,test,heuristic_gap_controlled
week17_gap_join_c41_join_5,74,52,0.7450980392156863,EXACT_OPTIMAL_COLOR_CLASS_ORDER,20,20,test,heuristic_gap_controlled
week17_gap_join_c41_join_5,77,53,0.7401960784313726,EXACT_OPTIMAL_COLOR_CLASS_ORDER,20,20,test,heuristic_gap_controlled
week17_gap_join_c41_join_5,42,54,0.7352941176470589,EXACT_OPTIMAL_COLOR_CLASS_ORDER,20,20,test,heuristic_gap_controlled
week17_gap_join_c41_join_5,45,55,0.7303921568627452,EXACT_OPTIMAL_COLOR_CLASS_ORDER,20,20,test,heuristic_gap_controlled
week17_gap_join_c41_join_5,48,56,0.7254901960784313,EXACT_OPTIMAL_COLOR_CLASS_ORDER,20,20,test,heuristic_gap_controlled
week17_gap_join_c41_join_5,51,57,0.7205882352941176,EXACT_OPTIMAL_COLOR_CLASS_ORDER,20,20,test,heuristic_gap_controlled
week17_gap_join_c41_join_5,54,58,0.7156862745098039,EXACT_OPTIMAL_COLOR_CLASS_ORDER,20,20,test,heuristic_gap_controlled
week17_gap_join_c41_join_5,57,59,0.7107843137254901,EXACT_OPTIMAL_COLOR_CLASS_ORDER,20,20,test,heuristic_gap_controlled
week17_gap_join_c41_join_5,60,60,0.7058823529411764,EXACT_OPTIMAL_COLOR_CLASS_ORDER,20,20,test,heuristic_gap_controlled
week17_gap_join_c41_join_5,63,61,0.7009803921568627,EXACT_OPTIMAL_COLOR_CLASS_ORDER,20,20,test,heuristic_gap_controlled
week17_gap_join_c41_join_5,66,62,0.696078431372549,EXACT_OPTIMAL_COLOR_CLASS_ORDER,20,20,test,heuristic_gap_controlled
week17_gap_join_c41_join_5,69,63,0.6911764705882353,EXACT_OPTIMAL_COLOR_CLASS_ORDER,20,20,test,heuristic_gap_controlled
week17_gap_join_c41_join_5,72,64,0.6862745098039216,EXACT_OPTIMAL_COLOR_CLASS_ORDER,20,20,test,heuristic_gap_controlled
week17_gap_join_c41_join_5,75,65,0.6813725490196079,EXACT_OPTIMAL_COLOR_CLASS_ORDER,20,20,test,heuristic_gap_controlled
week17_gap_join_c41_join_5,79,66,0.6764705882352942,EXACT_OPTIMAL_COLOR_CLASS_ORDER,20,20,test,heuristic_gap_controlled
week17_gap_join_c41_join_5,43,67,0.6715686274509804,EXACT_OPTIMAL_COLOR_CLASS_ORDER,20,20,test,heuristic_gap_controlled
week17_gap_join_c41_join_5,46,68,0.6666666666666667,EXACT_OPTIMAL_COLOR_CLASS_ORDER,20,20,test,heuristic_gap_controlled
week17_gap_join_c41_join_5,49,69,0.6617647058823529,EXACT_OPTIMAL_COLOR_CLASS_ORDER,20,20,test,heuristic_gap_controlled
week17_gap_join_c41_join_5,52,70,0.6568627450980392,EXACT_OPTIMAL_COLOR_CLASS_ORDER,20,20,test,heuristic_gap_controlled
week17_gap_join_c41_join_5,55,71,0.6519607843137255,EXACT_OPTIMAL_COLOR_CLASS_ORDER,20,20,test,heuristic_gap_controlled
week17_gap_join_c41_join_5,58,72,0.6470588235294117,EXACT_OPTIMAL_COLOR_CLASS_ORDER,20,20,test,heuristic_gap_controlled
week17_gap_join_c41_join_5,61,73,0.642156862745098,EXACT_OPTIMAL_COLOR_CLASS_ORDER,20,20,test,heuristic_gap_controlled
week17_gap_join_c41_join_5,64,74,0.6372549019607843,EXACT_OPTIMAL_COLOR_CLASS_ORDER,20,20,test,heuristic_gap_controlled
week17_gap_join_c41_join_5,67,75,0.6323529411764706,EXACT_OPTIMAL_COLOR_CLASS_ORDER,20,20,test,heuristic_gap_controlled
week17_gap_join_c41_join_5,70,76,0.6274509803921569,EXACT_OPTIMAL_COLOR_CLASS_ORDER,20,20,test,heuristic_gap_controlled
week17_gap_join_c41_join_5,73,77,0.6225490196078431,EXACT_OPTIMAL_COLOR_CLASS_ORDER,20,20,test,heuristic_gap_controlled
week17_gap_join_c41_join_5,76,78,0.6176470588235294,EXACT_OPTIMAL_COLOR_CLASS_ORDER,20,20,test,heuristic_gap_controlled
week17_gap_join_c41_join_5,80,79,0.6127450980392157,EXACT_OPTIMAL_COLOR_CLASS_ORDER,20,20,test,heuristic_gap_controlled
week17_gap_join_c41_join_5,78,80,0.607843137254902,EXACT_OPTIMAL_COLOR_CLASS_ORDER,20,20,test,heuristic_gap_controlled
week17_gap_join_c41_join_5,81,81,0.6029411764705883,EXACT_OPTIMAL_COLOR_CLASS_ORDER,20,20,test,heuristic_gap_controlled
week17_gap_join_c41_join_5,82,82,0.5980392156862745,EXACT_OPTIMAL_COLOR_CLASS_ORDER,20,20,test,heuristic_gap_controlled
week17_gap_join_c41_join_5,85,83,0.5931372549019608,EXACT_OPTIMAL_COLOR_CLASS_ORDER,20,20,test,heuristic_gap_controlled
week17_gap_join_c41_join_5,88,84,0.5882352941176471,EXACT_OPTIMAL_COLOR_CLASS_ORDER,20,20,test,heuristic_gap_controlled
week17_gap_join_c41_join_5,91,85,0.5833333333333333,EXACT_OPTIMAL_COLOR_CLASS_ORDER,20,20,test,heuristic_gap_controlled
week17_gap_join_c41_join_5,94,86,0.5784313725490196,EXACT_OPTIMAL_COLOR_CLASS_ORDER,20,20,test,heuristic_gap_controlled
week17_gap_join_c41_join_5,97,87,0.5735294117647058,EXACT_OPTIMAL_COLOR_CLASS_ORDER,20,20,test,heuristic_gap_controlled
week17_gap_join_c41_join_5,100,88,0.5686274509803921,EXACT_OPTIMAL_COLOR_CLASS_ORDER,20,20,test,heuristic_gap_controlled
week17_gap_join_c41_join_5,103,89,0.5637254901960784,EXACT_OPTIMAL_COLOR_CLASS_ORDER,20,20,test,heuristic_gap_controlled
week17_gap_join_c41_join_5,106,90,0.5588235294117647,EXACT_OPTIMAL_COLOR_CLASS_ORDER,20,20,test,heuristic_gap_controlled
week17_gap_join_c41_join_5,109,91,0.553921568627451,EXACT_OPTIMAL_COLOR_CLASS_ORDER,20,20,test,heuristic_gap_controlled
week17_gap_join_c41_join_5,112,92,0.5490196078431373,EXACT_OPTIMAL_COLOR_CLASS_ORDER,20,20,test,heuristic_gap_controlled
week17_gap_join_c41_join_5,115,93,0.5441176470588236,EXACT_OPTIMAL_COLOR_CLASS_ORDER,20,20,test,heuristic_gap_controlled
week17_gap_join_c41_join_5,118,94,0.5392156862745099,EXACT_OPTIMAL_COLOR_CLASS_ORDER,20,20,test,heuristic_gap_controlled
week17_gap_join_c41_join_5,83,95,0.5343137254901961,EXACT_OPTIMAL_COLOR_CLASS_ORDER,20,20,test,heuristic_gap_controlled
week17_gap_join_c41_join_5,86,96,0.5294117647058824,EXACT_OPTIMAL_COLOR_CLASS_ORDER,20,20,test,heuristic_gap_controlled
week17_gap_join_c41_join_5,89,97,0.5245098039215687,EXACT_OPTIMAL_COLOR_CLASS_ORDER,20,20,test,heuristic_gap_controlled
week17_gap_join_c41_join_5,92,98,0.5196078431372548,EXACT_OPTIMAL_COLOR_CLASS_ORDER,20,20,test,heuristic_gap_controlled
week17_gap_join_c41_join_5,95,99,0.5147058823529411,EXACT_OPTIMAL_COLOR_CLASS_ORDER,20,20,test,heuristic_gap_controlled
week17_gap_join_c41_join_5,98,100,0.5098039215686274,EXACT_OPTIMAL_COLOR_CLASS_ORDER,20,20,test,heuristic_gap_controlled
week17_gap_join_c41_join_5,101,101,0.5049019607843137,EXACT_OPTIMAL_COLOR_CLASS_ORDER,20,20,test,heuristic_gap_controlled
week17_gap_join_c41_join_5,104,102,0.5,EXACT_OPTIMAL_COLOR_CLASS_ORDER,20,20,test,heuristic_gap_controlled
week17_gap_join_c41_join_5,107,103,0.4950980392156863,EXACT_OPTIMAL_COLOR_CLASS_ORDER,20,20,test,heuristic_gap_controlled
week17_gap_join_c41_join_5,110,104,0.4901960784313726,EXACT_OPTIMAL_COLOR_CLASS_ORDER,20,20,test,heuristic_gap_controlled
week17_gap_join_c41_join_5,113,105,0.4852941176470589,EXACT_OPTIMAL_COLOR_CLASS_ORDER,20,20,test,heuristic_gap_controlled
week17_gap_join_c41_join_5,116,106,0.48039215686274506,EXACT_OPTIMAL_COLOR_CLASS_ORDER,20,20,test,heuristic_gap_controlled
week17_gap_join_c41_join_5,120,107,0.47549019607843135,EXACT_OPTIMAL_COLOR_CLASS_ORDER,20,20,test,heuristic_gap_controlled
week17_gap_join_c41_join_5,84,108,0.47058823529411764,EXACT_OPTIMAL_COLOR_CLASS_ORDER,20,20,test,heuristic_gap_controlled
week17_gap_join_c41_join_5,87,109,0.46568627450980393,EXACT_OPTIMAL_COLOR_CLASS_ORDER,20,20,test,heuristic_gap_controlled
week17_gap_join_c41_join_5,90,110,0.4607843137254902,EXACT_OPTIMAL_COLOR_CLASS_ORDER,20,20,test,heuristic_gap_controlled
week17_gap_join_c41_join_5,93,111,0.4558823529411765,EXACT_OPTIMAL_COLOR_CLASS_ORDER,20,20,test,heuristic_gap_controlled
week17_gap_join_c41_join_5,96,112,0.4509803921568627,EXACT_OPTIMAL_COLOR_CLASS_ORDER,20,20,test,heuristic_gap_controlled
week17_gap_join_c41_join_5,99,113,0.446078431372549,EXACT_OPTIMAL_COLOR_CLASS_ORDER,20,20,test,heuristic_gap_controlled
week17_gap_join_c41_join_5,102,114,0.4411764705882353,EXACT_OPTIMAL_COLOR_CLASS_ORDER,20,20,test,heuristic_gap_controlled
week17_gap_join_c41_join_5,105,115,0.4362745098039216,EXACT_OPTIMAL_COLOR_CLASS_ORDER,20,20,test,heuristic_gap_controlled
week17_gap_join_c41_join_5,108,116,0.43137254901960786,EXACT_OPTIMAL_COLOR_CLASS_ORDER,20,20,test,heuristic_gap_controlled
week17_gap_join_c41_join_5,111,117,0.42647058823529416,EXACT_OPTIMAL_COLOR_CLASS_ORDER,20,20,test,heuristic_gap_controlled
week17_gap_join_c41_join_5,114,118,0.42156862745098034,EXACT_OPTIMAL_COLOR_CLASS_ORDER,20,20,test,heuristic_gap_controlled
week17_gap_join_c41_join_5,117,119,0.41666666666666663,EXACT_OPTIMAL_COLOR_CLASS_ORDER,20,20,test,heuristic_gap_controlled
week17_gap_join_c41_join_5,121,120,0.4117647058823529,EXACT_OPTIMAL_COLOR_CLASS_ORDER,20,20,test,heuristic_gap_controlled
week17_gap_join_c41_join_5,119,121,0.4068627450980392,EXACT_OPTIMAL_COLOR_CLASS_ORDER,20,20,test,heuristic_gap_controlled
week17_gap_join_c41_join_5,122,122,0.4019607843137255,EXACT_OPTIMAL_COLOR_CLASS_ORDER,20,20,test,heuristic_gap_controlled
week17_gap_join_c41_join_5,123,123,0.3970588235294118,EXACT_OPTIMAL_COLOR_CLASS_ORDER,20,20,test,heuristic_gap_controlled
week17_gap_join_c41_join_5,126,124,0.3921568627450981,EXACT_OPTIMAL_COLOR_CLASS_ORDER,20,20,test,heuristic_gap_controlled
week17_gap_join_c41_join_5,129,125,0.38725490196078427,EXACT_OPTIMAL_COLOR_CLASS_ORDER,20,20,test,heuristic_gap_controlled
week17_gap_join_c41_join_5,132,126,0.38235294117647056,EXACT_OPTIMAL_COLOR_CLASS_ORDER,20,20,test,heuristic_gap_controlled
week17_gap_join_c41_join_5,135,127,0.37745098039215685,EXACT_OPTIMAL_COLOR_CLASS_ORDER,20,20,test,heuristic_gap_controlled
week17_gap_join_c41_join_5,138,128,0.37254901960784315,EXACT_OPTIMAL_COLOR_CLASS_ORDER,20,20,test,heuristic_gap_controlled
week17_gap_join_c41_join_5,141,129,0.36764705882352944,EXACT_OPTIMAL_COLOR_CLASS_ORDER,20,20,test,heuristic_gap_controlled
week17_gap_join_c41_join_5,144,130,0.36274509803921573,EXACT_OPTIMAL_COLOR_CLASS_ORDER,20,20,test,heuristic_gap_controlled
week17_gap_join_c41_join_5,147,131,0.3578431372549019,EXACT_OPTIMAL_COLOR_CLASS_ORDER,20,20,test,heuristic_gap_controlled
week17_gap_join_c41_join_5,150,132,0.3529411764705882,EXACT_OPTIMAL_COLOR_CLASS_ORDER,20,20,test,heuristic_gap_controlled
week17_gap_join_c41_join_5,153,133,0.3480392156862745,EXACT_OPTIMAL_COLOR_CLASS_ORDER,20,20,test,heuristic_gap_controlled
week17_gap_join_c41_join_5,156,134,0.3431372549019608,EXACT_OPTIMAL_COLOR_CLASS_ORDER,20,20,test,heuristic_gap_controlled
week17_gap_join_c41_join_5,159,135,0.3382352941176471,EXACT_OPTIMAL_COLOR_CLASS_ORDER,20,20,test,heuristic_gap_controlled
week17_gap_join_c41_join_5,124,136,0.33333333333333337,EXACT_OPTIMAL_COLOR_CLASS_ORDER,20,20,test,heuristic_gap_controlled
week17_gap_join_c41_join_5,127,137,0.32843137254901966,EXACT_OPTIMAL_COLOR_CLASS_ORDER,20,20,test,heuristic_gap_controlled
week17_gap_join_c41_join_5,130,138,0.32352941176470584,EXACT_OPTIMAL_COLOR_CLASS_ORDER,20,20,test,heuristic_gap_controlled
week17_gap_join_c41_join_5,133,139,0.31862745098039214,EXACT_OPTIMAL_COLOR_CLASS_ORDER,20,20,test,heuristic_gap_controlled
week17_gap_join_c41_join_5,136,140,0.3137254901960784,EXACT_OPTIMAL_COLOR_CLASS_ORDER,20,20,test,heuristic_gap_controlled
week17_gap_join_c41_join_5,139,141,0.3088235294117647,EXACT_OPTIMAL_COLOR_CLASS_ORDER,20,20,test,heuristic_gap_controlled
week17_gap_join_c41_join_5,142,142,0.303921568627451,EXACT_OPTIMAL_COLOR_CLASS_ORDER,20,20,test,heuristic_gap_controlled
week17_gap_join_c41_join_5,145,143,0.2990196078431373,EXACT_OPTIMAL_COLOR_CLASS_ORDER,20,20,test,heuristic_gap_controlled
week17_gap_join_c41_join_5,148,144,0.2941176470588235,EXACT_OPTIMAL_COLOR_CLASS_ORDER,20,20,test,heuristic_gap_controlled
week17_gap_join_c41_join_5,151,145,0.2892156862745098,EXACT_OPTIMAL_COLOR_CLASS_ORDER,20,20,test,heuristic_gap_controlled
week17_gap_join_c41_join_5,154,146,0.28431372549019607,EXACT_OPTIMAL_COLOR_CLASS_ORDER,20,20,test,heuristic_gap_controlled
week17_gap_join_c41_join_5,157,147,0.27941176470588236,EXACT_OPTIMAL_COLOR_CLASS_ORDER,20,20,test,heuristic_gap_controlled
week17_gap_join_c41_join_5,161,148,0.27450980392156865,EXACT_OPTIMAL_COLOR_CLASS_ORDER,20,20,test,heuristic_gap_controlled
week17_gap_join_c41_join_5,125,149,0.26960784313725494,EXACT_OPTIMAL_COLOR_CLASS_ORDER,20,20,test,heuristic_gap_controlled
week17_gap_join_c41_join_5,128,150,0.2647058823529411,EXACT_OPTIMAL_COLOR_CLASS_ORDER,20,20,test,heuristic_gap_controlled
week17_gap_join_c41_join_5,131,151,0.2598039215686274,EXACT_OPTIMAL_COLOR_CLASS_ORDER,20,20,test,heuristic_gap_controlled
week17_gap_join_c41_join_5,134,152,0.2549019607843137,EXACT_OPTIMAL_COLOR_CLASS_ORDER,20,20,test,heuristic_gap_controlled
week17_gap_join_c41_join_5,137,153,0.25,EXACT_OPTIMAL_COLOR_CLASS_ORDER,20,20,test,heuristic_gap_controlled
week17_gap_join_c41_join_5,140,154,0.2450980392156863,EXACT_OPTIMAL_COLOR_CLASS_ORDER,20,20,test,heuristic_gap_controlled
week17_gap_join_c41_join_5,143,155,0.24019607843137258,EXACT_OPTIMAL_COLOR_CLASS_ORDER,20,20,test,heuristic_gap_controlled
week17_gap_join_c41_join_5,146,156,0.23529411764705888,EXACT_OPTIMAL_COLOR_CLASS_ORDER,20,20,test,heuristic_gap_controlled
week17_gap_join_c41_join_5,149,157,0.23039215686274506,EXACT_OPTIMAL_COLOR_CLASS_ORDER,20,20,test,heuristic_gap_controlled
week17_gap_join_c41_join_5,152,158,0.22549019607843135,EXACT_OPTIMAL_COLOR_CLASS_ORDER,20,20,test,heuristic_gap_controlled
week17_gap_join_c41_join_5,155,159,0.22058823529411764,EXACT_OPTIMAL_COLOR_CLASS_ORDER,20,20,test,heuristic_gap_controlled
week17_gap_join_c41_join_5,158,160,0.21568627450980393,EXACT_OPTIMAL_COLOR_CLASS_ORDER,20,20,test,heuristic_gap_controlled
week17_gap_join_c41_join_5,162,161,0.21078431372549022,EXACT_OPTIMAL_COLOR_CLASS_ORDER,20,20,test,heuristic_gap_controlled
week17_gap_join_c41_join_5,160,162,0.20588235294117652,EXACT_OPTIMAL_COLOR_CLASS_ORDER,20,20,test,heuristic_gap_controlled
week17_gap_join_c41_join_5,163,163,0.2009803921568627,EXACT_OPTIMAL_COLOR_CLASS_ORDER,20,20,test,heuristic_gap_controlled
week17_gap_join_c41_join_5,164,164,0.196078431372549,EXACT_OPTIMAL_COLOR_CLASS_ORDER,20,20,test,heuristic_gap_controlled
week17_gap_join_c41_join_5,167,165,0.19117647058823528,EXACT_OPTIMAL_COLOR_CLASS_ORDER,20,20,test,heuristic_gap_controlled
week17_gap_join_c41_join_5,170,166,0.18627450980392157,EXACT_OPTIMAL_COLOR_CLASS_ORDER,20,20,test,heuristic_gap_controlled
week17_gap_join_c41_join_5,173,167,0.18137254901960786,EXACT_OPTIMAL_COLOR_CLASS_ORDER,20,20,test,heuristic_gap_controlled
week17_gap_join_c41_join_5,176,168,0.17647058823529416,EXACT_OPTIMAL_COLOR_CLASS_ORDER,20,20,test,heuristic_gap_controlled
week17_gap_join_c41_join_5,179,169,0.17156862745098034,EXACT_OPTIMAL_COLOR_CLASS_ORDER,20,20,test,heuristic_gap_controlled
week17_gap_join_c41_join_5,182,170,0.16666666666666663,EXACT_OPTIMAL_COLOR_CLASS_ORDER,20,20,test,heuristic_gap_controlled
week17_gap_join_c41_join_5,185,171,0.16176470588235292,EXACT_OPTIMAL_COLOR_CLASS_ORDER,20,20,test,heuristic_gap_controlled
week17_gap_join_c41_join_5,188,172,0.1568627450980392,EXACT_OPTIMAL_COLOR_CLASS_ORDER,20,20,test,heuristic_gap_controlled
week17_gap_join_c41_join_5,191,173,0.1519607843137255,EXACT_OPTIMAL_COLOR_CLASS_ORDER,20,20,test,heuristic_gap_controlled
week17_gap_join_c41_join_5,194,174,0.1470588235294118,EXACT_OPTIMAL_COLOR_CLASS_ORDER,20,20,test,heuristic_gap_controlled
week17_gap_join_c41_join_5,197,175,0.1421568627450981,EXACT_OPTIMAL_COLOR_CLASS_ORDER,20,20,test,heuristic_gap_controlled
week17_gap_join_c41_join_5,200,176,0.13725490196078427,EXACT_OPTIMAL_COLOR_CLASS_ORDER,20,20,test,heuristic_gap_controlled
week17_gap_join_c41_join_5,165,177,0.13235294117647056,EXACT_OPTIMAL_COLOR_CLASS_ORDER,20,20,test,heuristic_gap_controlled
week17_gap_join_c41_join_5,168,178,0.12745098039215685,EXACT_OPTIMAL_COLOR_CLASS_ORDER,20,20,test,heuristic_gap_controlled
week17_gap_join_c41_join_5,171,179,0.12254901960784315,EXACT_OPTIMAL_COLOR_CLASS_ORDER,20,20,test,heuristic_gap_controlled
week17_gap_join_c41_join_5,174,180,0.11764705882352944,EXACT_OPTIMAL_COLOR_CLASS_ORDER,20,20,test,heuristic_gap_controlled
week17_gap_join_c41_join_5,177,181,0.11274509803921573,EXACT_OPTIMAL_COLOR_CLASS_ORDER,20,20,test,heuristic_gap_controlled
week17_gap_join_c41_join_5,180,182,0.10784313725490191,EXACT_OPTIMAL_COLOR_CLASS_ORDER,20,20,test,heuristic_gap_controlled
week17_gap_join_c41_join_5,183,183,0.1029411764705882,EXACT_OPTIMAL_COLOR_CLASS_ORDER,20,20,test,heuristic_gap_controlled
week17_gap_join_c41_join_5,186,184,0.0980392156862745,EXACT_OPTIMAL_COLOR_CLASS_ORDER,20,20,test,heuristic_gap_controlled
week17_gap_join_c41_join_5,189,185,0.09313725490196079,EXACT_OPTIMAL_COLOR_CLASS_ORDER,20,20,test,heuristic_gap_controlled
week17_gap_join_c41_join_5,192,186,0.08823529411764708,EXACT_OPTIMAL_COLOR_CLASS_ORDER,20,20,test,heuristic_gap_controlled
week17_gap_join_c41_join_5,195,187,0.08333333333333337,EXACT_OPTIMAL_COLOR_CLASS_ORDER,20,20,test,heuristic_gap_controlled
week17_gap_join_c41_join_5,198,188,0.07843137254901966,EXACT_OPTIMAL_COLOR_CLASS_ORDER,20,20,test,heuristic_gap_controlled
week17_gap_join_c41_join_5,202,189,0.07352941176470584,EXACT_OPTIMAL_COLOR_CLASS_ORDER,20,20,test,heuristic_gap_controlled
week17_gap_join_c41_join_5,166,190,0.06862745098039214,EXACT_OPTIMAL_COLOR_CLASS_ORDER,20,20,test,heuristic_gap_controlled
week17_gap_join_c41_join_5,169,191,0.06372549019607843,EXACT_OPTIMAL_COLOR_CLASS_ORDER,20,20,test,heuristic_gap_controlled
week17_gap_join_c41_join_5,172,192,0.05882352941176472,EXACT_OPTIMAL_COLOR_CLASS_ORDER,20,20,test,heuristic_gap_controlled
week17_gap_join_c41_join_5,175,193,0.05392156862745101,EXACT_OPTIMAL_COLOR_CLASS_ORDER,20,20,test,heuristic_gap_controlled
week17_gap_join_c41_join_5,178,194,0.0490196078431373,EXACT_OPTIMAL_COLOR_CLASS_ORDER,20,20,test,heuristic_gap_controlled
week17_gap_join_c41_join_5,181,195,0.044117647058823484,EXACT_OPTIMAL_COLOR_CLASS_ORDER,20,20,test,heuristic_gap_controlled
week17_gap_join_c41_join_5,184,196,0.039215686274509776,EXACT_OPTIMAL_COLOR_CLASS_ORDER,20,20,test,heuristic_gap_controlled
week17_gap_join_c41_join_5,187,197,0.03431372549019607,EXACT_OPTIMAL_COLOR_CLASS_ORDER,20,20,test,heuristic_gap_controlled
week17_gap_join_c41_join_5,190,198,0.02941176470588236,EXACT_OPTIMAL_COLOR_CLASS_ORDER,20,20,test,heuristic_gap_controlled
week17_gap_join_c41_join_5,193,199,0.02450980392156865,EXACT_OPTIMAL_COLOR_CLASS_ORDER,20,20,test,heuristic_gap_controlled
week17_gap_join_c41_join_5,196,200,0.019607843137254943,EXACT_OPTIMAL_COLOR_CLASS_ORDER,20,20,test,heuristic_gap_controlled
week17_gap_join_c41_join_5,199,201,0.014705882352941124,EXACT_OPTIMAL_COLOR_CLASS_ORDER,20,20,test,heuristic_gap_controlled
week17_gap_join_c41_join_5,203,202,0.009803921568627416,EXACT_OPTIMAL_COLOR_CLASS_ORDER,20,20,test,heuristic_gap_controlled
week17_gap_join_c41_join_5,201,203,0.004901960784313708,EXACT_OPTIMAL_COLOR_CLASS_ORDER,20,20,test,heuristic_gap_controlled
week17_gap_join_c41_join_5,204,204,0.0,EXACT_OPTIMAL_COLOR_CLASS_ORDER,20,20,test,heuristic_gap_controlled
