graph_id,family,construction,labeling,generation_seed,parameter_1_name,parameter_1_value,parameter_2_name,parameter_2_value,source_type,num_vertices,num_edges,density,num_components,coloring_distance,method_family,method_name,ordering_name,num_colors,runtime,valid,parse_success,known_chromatic_number,output_file
week18_cycle_square_c17_identity,cycle_square,C_17^2,identity,,cycle_size,17,,,week18_handcrafted_candidate,17,34,0.25,1,1,colpack,greedy_coloring,NATURAL,5,0.0,,True,4.0,data\processed\initial_graph_coloring_dataset\colpack_outputs_week18_heterogeneous_generalization\week18_cycle_square_c17_identity_natural.txt
week18_cycle_square_c17_identity,cycle_square,C_17^2,identity,,cycle_size,17,,,week18_handcrafted_candidate,17,34,0.25,1,1,colpack,greedy_coloring,LARGEST_FIRST,5,0.0,,True,4.0,data\processed\initial_graph_coloring_dataset\colpack_outputs_week18_heterogeneous_generalization\week18_cycle_square_c17_identity_largest_first.txt
week18_cycle_square_c17_identity,cycle_square,C_17^2,identity,,cycle_size,17,,,week18_handcrafted_candidate,17,34,0.25,1,1,colpack,greedy_coloring,DYNAMIC_LARGEST_FIRST,5,0.0,,True,4.0,data\processed\initial_graph_coloring_dataset\colpack_outputs_week18_heterogeneous_generalization\week18_cycle_square_c17_identity_dynamic_largest_first.txt
week18_cycle_square_c17_identity,cycle_square,C_17^2,identity,,cycle_size,17,,,week18_handcrafted_candidate,17,34,0.25,1,1,colpack,greedy_coloring,INCIDENCE_DEGREE,5,0.0,,True,4.0,data\processed\initial_graph_coloring_dataset\colpack_outputs_week18_heterogeneous_generalization\week18_cycle_square_c17_identity_incidence_degree.txt
week18_cycle_square_c17_identity,cycle_square,C_17^2,identity,,cycle_size,17,,,week18_handcrafted_candidate,17,34,0.25,1,1,colpack,greedy_coloring,SMALLEST_LAST,5,0.0,,True,4.0,data\processed\initial_graph_coloring_dataset\colpack_outputs_week18_heterogeneous_generalization\week18_cycle_square_c17_identity_smallest_last.txt
week18_cycle_square_c17_random_0,cycle_square,C_17^2,random_0,1017.0,cycle_size,17,,,week18_handcrafted_candidate,17,34,0.25,1,1,colpack,greedy_coloring,NATURAL,4,0.0,,True,4.0,data\processed\initial_graph_coloring_dataset\colpack_outputs_week18_heterogeneous_generalization\week18_cycle_square_c17_random_0_natural.txt
week18_cycle_square_c17_random_0,cycle_square,C_17^2,random_0,1017.0,cycle_size,17,,,week18_handcrafted_candidate,17,34,0.25,1,1,colpack,greedy_coloring,LARGEST_FIRST,4,0.0,,True,4.0,data\processed\initial_graph_coloring_dataset\colpack_outputs_week18_heterogeneous_generalization\week18_cycle_square_c17_random_0_largest_first.txt
week18_cycle_square_c17_random_0,cycle_square,C_17^2,random_0,1017.0,cycle_size,17,,,week18_handcrafted_candidate,17,34,0.25,1,1,colpack,greedy_coloring,DYNAMIC_LARGEST_FIRST,4,0.0,,True,4.0,data\processed\initial_graph_coloring_dataset\colpack_outputs_week18_heterogeneous_generalization\week18_cycle_square_c17_random_0_dynamic_largest_first.txt
week18_cycle_square_c17_random_0,cycle_square,C_17^2,random_0,1017.0,cycle_size,17,,,week18_handcrafted_candidate,17,34,0.25,1,1,colpack,greedy_coloring,INCIDENCE_DEGREE,5,0.0,,True,4.0,data\processed\initial_graph_coloring_dataset\colpack_outputs_week18_heterogeneous_generalization\week18_cycle_square_c17_random_0_incidence_degree.txt
week18_cycle_square_c17_random_0,cycle_square,C_17^2,random_0,1017.0,cycle_size,17,,,week18_handcrafted_candidate,17,34,0.25,1,1,colpack,greedy_coloring,SMALLEST_LAST,5,0.0,,True,4.0,data\processed\initial_graph_coloring_dataset\colpack_outputs_week18_heterogeneous_generalization\week18_cycle_square_c17_random_0_smallest_last.txt
week18_cycle_square_c17_random_1,cycle_square,C_17^2,random_1,2017.0,cycle_size,17,,,week18_handcrafted_candidate,17,34,0.25,1,1,colpack,greedy_coloring,NATURAL,4,0.0,,True,4.0,data\processed\initial_graph_coloring_dataset\colpack_outputs_week18_heterogeneous_generalization\week18_cycle_square_c17_random_1_natural.txt
week18_cycle_square_c17_random_1,cycle_square,C_17^2,random_1,2017.0,cycle_size,17,,,week18_handcrafted_candidate,17,34,0.25,1,1,colpack,greedy_coloring,LARGEST_FIRST,4,0.0,,True,4.0,data\processed\initial_graph_coloring_dataset\colpack_outputs_week18_heterogeneous_generalization\week18_cycle_square_c17_random_1_largest_first.txt
week18_cycle_square_c17_random_1,cycle_square,C_17^2,random_1,2017.0,cycle_size,17,,,week18_handcrafted_candidate,17,34,0.25,1,1,colpack,greedy_coloring,DYNAMIC_LARGEST_FIRST,5,0.0,,True,4.0,data\processed\initial_graph_coloring_dataset\colpack_outputs_week18_heterogeneous_generalization\week18_cycle_square_c17_random_1_dynamic_largest_first.txt
week18_cycle_square_c17_random_1,cycle_square,C_17^2,random_1,2017.0,cycle_size,17,,,week18_handcrafted_candidate,17,34,0.25,1,1,colpack,greedy_coloring,INCIDENCE_DEGREE,5,0.0,,True,4.0,data\processed\initial_graph_coloring_dataset\colpack_outputs_week18_heterogeneous_generalization\week18_cycle_square_c17_random_1_incidence_degree.txt
week18_cycle_square_c17_random_1,cycle_square,C_17^2,random_1,2017.0,cycle_size,17,,,week18_handcrafted_candidate,17,34,0.25,1,1,colpack,greedy_coloring,SMALLEST_LAST,5,0.0,,True,4.0,data\processed\initial_graph_coloring_dataset\colpack_outputs_week18_heterogeneous_generalization\week18_cycle_square_c17_random_1_smallest_last.txt
week18_cycle_square_c20_identity,cycle_square,C_20^2,identity,,cycle_size,20,,,week18_handcrafted_candidate,20,40,0.21052631578947367,1,1,colpack,greedy_coloring,NATURAL,5,0.0,,True,4.0,data\processed\initial_graph_coloring_dataset\colpack_outputs_week18_heterogeneous_generalization\week18_cycle_square_c20_identity_natural.txt
week18_cycle_square_c20_identity,cycle_square,C_20^2,identity,,cycle_size,20,,,week18_handcrafted_candidate,20,40,0.21052631578947367,1,1,colpack,greedy_coloring,LARGEST_FIRST,5,0.0,,True,4.0,data\processed\initial_graph_coloring_dataset\colpack_outputs_week18_heterogeneous_generalization\week18_cycle_square_c20_identity_largest_first.txt
week18_cycle_square_c20_identity,cycle_square,C_20^2,identity,,cycle_size,20,,,week18_handcrafted_candidate,20,40,0.21052631578947367,1,1,colpack,greedy_coloring,DYNAMIC_LARGEST_FIRST,5,0.0,,True,4.0,data\processed\initial_graph_coloring_dataset\colpack_outputs_week18_heterogeneous_generalization\week18_cycle_square_c20_identity_dynamic_largest_first.txt
week18_cycle_square_c20_identity,cycle_square,C_20^2,identity,,cycle_size,20,,,week18_handcrafted_candidate,20,40,0.21052631578947367,1,1,colpack,greedy_coloring,INCIDENCE_DEGREE,5,0.0,,True,4.0,data\processed\initial_graph_coloring_dataset\colpack_outputs_week18_heterogeneous_generalization\week18_cycle_square_c20_identity_incidence_degree.txt
week18_cycle_square_c20_identity,cycle_square,C_20^2,identity,,cycle_size,20,,,week18_handcrafted_candidate,20,40,0.21052631578947367,1,1,colpack,greedy_coloring,SMALLEST_LAST,5,0.0,,True,4.0,data\processed\initial_graph_coloring_dataset\colpack_outputs_week18_heterogeneous_generalization\week18_cycle_square_c20_identity_smallest_last.txt
week18_cycle_square_c20_random_0,cycle_square,C_20^2,random_0,1020.0,cycle_size,20,,,week18_handcrafted_candidate,20,40,0.21052631578947367,1,1,colpack,greedy_coloring,NATURAL,4,0.0,,True,4.0,data\processed\initial_graph_coloring_dataset\colpack_outputs_week18_heterogeneous_generalization\week18_cycle_square_c20_random_0_natural.txt
week18_cycle_square_c20_random_0,cycle_square,C_20^2,random_0,1020.0,cycle_size,20,,,week18_handcrafted_candidate,20,40,0.21052631578947367,1,1,colpack,greedy_coloring,LARGEST_FIRST,4,0.0,,True,4.0,data\processed\initial_graph_coloring_dataset\colpack_outputs_week18_heterogeneous_generalization\week18_cycle_square_c20_random_0_largest_first.txt
week18_cycle_square_c20_random_0,cycle_square,C_20^2,random_0,1020.0,cycle_size,20,,,week18_handcrafted_candidate,20,40,0.21052631578947367,1,1,colpack,greedy_coloring,DYNAMIC_LARGEST_FIRST,4,0.0,,True,4.0,data\processed\initial_graph_coloring_dataset\colpack_outputs_week18_heterogeneous_generalization\week18_cycle_square_c20_random_0_dynamic_largest_first.txt
week18_cycle_square_c20_random_0,cycle_square,C_20^2,random_0,1020.0,cycle_size,20,,,week18_handcrafted_candidate,20,40,0.21052631578947367,1,1,colpack,greedy_coloring,INCIDENCE_DEGREE,5,0.0,,True,4.0,data\processed\initial_graph_coloring_dataset\colpack_outputs_week18_heterogeneous_generalization\week18_cycle_square_c20_random_0_incidence_degree.txt
week18_cycle_square_c20_random_0,cycle_square,C_20^2,random_0,1020.0,cycle_size,20,,,week18_handcrafted_candidate,20,40,0.21052631578947367,1,1,colpack,greedy_coloring,SMALLEST_LAST,5,0.0,,True,4.0,data\processed\initial_graph_coloring_dataset\colpack_outputs_week18_heterogeneous_generalization\week18_cycle_square_c20_random_0_smallest_last.txt
week18_cycle_square_c20_random_1,cycle_square,C_20^2,random_1,2020.0,cycle_size,20,,,week18_handcrafted_candidate,20,40,0.21052631578947367,1,1,colpack,greedy_coloring,NATURAL,4,0.0,,True,4.0,data\processed\initial_graph_coloring_dataset\colpack_outputs_week18_heterogeneous_generalization\week18_cycle_square_c20_random_1_natural.txt
week18_cycle_square_c20_random_1,cycle_square,C_20^2,random_1,2020.0,cycle_size,20,,,week18_handcrafted_candidate,20,40,0.21052631578947367,1,1,colpack,greedy_coloring,LARGEST_FIRST,4,0.0,,True,4.0,data\processed\initial_graph_coloring_dataset\colpack_outputs_week18_heterogeneous_generalization\week18_cycle_square_c20_random_1_largest_first.txt
week18_cycle_square_c20_random_1,cycle_square,C_20^2,random_1,2020.0,cycle_size,20,,,week18_handcrafted_candidate,20,40,0.21052631578947367,1,1,colpack,greedy_coloring,DYNAMIC_LARGEST_FIRST,4,0.0,,True,4.0,data\processed\initial_graph_coloring_dataset\colpack_outputs_week18_heterogeneous_generalization\week18_cycle_square_c20_random_1_dynamic_largest_first.txt
week18_cycle_square_c20_random_1,cycle_square,C_20^2,random_1,2020.0,cycle_size,20,,,week18_handcrafted_candidate,20,40,0.21052631578947367,1,1,colpack,greedy_coloring,INCIDENCE_DEGREE,5,0.0,,True,4.0,data\processed\initial_graph_coloring_dataset\colpack_outputs_week18_heterogeneous_generalization\week18_cycle_square_c20_random_1_incidence_degree.txt
week18_cycle_square_c20_random_1,cycle_square,C_20^2,random_1,2020.0,cycle_size,20,,,week18_handcrafted_candidate,20,40,0.21052631578947367,1,1,colpack,greedy_coloring,SMALLEST_LAST,5,0.0,,True,4.0,data\processed\initial_graph_coloring_dataset\colpack_outputs_week18_heterogeneous_generalization\week18_cycle_square_c20_random_1_smallest_last.txt
week18_cycle_square_c23_identity,cycle_square,C_23^2,identity,,cycle_size,23,,,week18_handcrafted_candidate,23,46,0.18181818181818182,1,1,colpack,greedy_coloring,NATURAL,5,0.0,,True,4.0,data\processed\initial_graph_coloring_dataset\colpack_outputs_week18_heterogeneous_generalization\week18_cycle_square_c23_identity_natural.txt
week18_cycle_square_c23_identity,cycle_square,C_23^2,identity,,cycle_size,23,,,week18_handcrafted_candidate,23,46,0.18181818181818182,1,1,colpack,greedy_coloring,LARGEST_FIRST,5,0.0,,True,4.0,data\processed\initial_graph_coloring_dataset\colpack_outputs_week18_heterogeneous_generalization\week18_cycle_square_c23_identity_largest_first.txt
week18_cycle_square_c23_identity,cycle_square,C_23^2,identity,,cycle_size,23,,,week18_handcrafted_candidate,23,46,0.18181818181818182,1,1,colpack,greedy_coloring,DYNAMIC_LARGEST_FIRST,4,0.0,,True,4.0,data\processed\initial_graph_coloring_dataset\colpack_outputs_week18_heterogeneous_generalization\week18_cycle_square_c23_identity_dynamic_largest_first.txt
week18_cycle_square_c23_identity,cycle_square,C_23^2,identity,,cycle_size,23,,,week18_handcrafted_candidate,23,46,0.18181818181818182,1,1,colpack,greedy_coloring,INCIDENCE_DEGREE,5,0.0,,True,4.0,data\processed\initial_graph_coloring_dataset\colpack_outputs_week18_heterogeneous_generalization\week18_cycle_square_c23_identity_incidence_degree.txt
week18_cycle_square_c23_identity,cycle_square,C_23^2,identity,,cycle_size,23,,,week18_handcrafted_candidate,23,46,0.18181818181818182,1,1,colpack,greedy_coloring,SMALLEST_LAST,5,0.0,,True,4.0,data\processed\initial_graph_coloring_dataset\colpack_outputs_week18_heterogeneous_generalization\week18_cycle_square_c23_identity_smallest_last.txt
week18_cycle_square_c23_random_0,cycle_square,C_23^2,random_0,1023.0,cycle_size,23,,,week18_handcrafted_candidate,23,46,0.18181818181818182,1,1,colpack,greedy_coloring,NATURAL,4,0.0,,True,4.0,data\processed\initial_graph_coloring_dataset\colpack_outputs_week18_heterogeneous_generalization\week18_cycle_square_c23_random_0_natural.txt
week18_cycle_square_c23_random_0,cycle_square,C_23^2,random_0,1023.0,cycle_size,23,,,week18_handcrafted_candidate,23,46,0.18181818181818182,1,1,colpack,greedy_coloring,LARGEST_FIRST,4,0.0,,True,4.0,data\processed\initial_graph_coloring_dataset\colpack_outputs_week18_heterogeneous_generalization\week18_cycle_square_c23_random_0_largest_first.txt
week18_cycle_square_c23_random_0,cycle_square,C_23^2,random_0,1023.0,cycle_size,23,,,week18_handcrafted_candidate,23,46,0.18181818181818182,1,1,colpack,greedy_coloring,DYNAMIC_LARGEST_FIRST,4,0.0,,True,4.0,data\processed\initial_graph_coloring_dataset\colpack_outputs_week18_heterogeneous_generalization\week18_cycle_square_c23_random_0_dynamic_largest_first.txt
week18_cycle_square_c23_random_0,cycle_square,C_23^2,random_0,1023.0,cycle_size,23,,,week18_handcrafted_candidate,23,46,0.18181818181818182,1,1,colpack,greedy_coloring,INCIDENCE_DEGREE,5,0.0,,True,4.0,data\processed\initial_graph_coloring_dataset\colpack_outputs_week18_heterogeneous_generalization\week18_cycle_square_c23_random_0_incidence_degree.txt
week18_cycle_square_c23_random_0,cycle_square,C_23^2,random_0,1023.0,cycle_size,23,,,week18_handcrafted_candidate,23,46,0.18181818181818182,1,1,colpack,greedy_coloring,SMALLEST_LAST,5,0.0,,True,4.0,data\processed\initial_graph_coloring_dataset\colpack_outputs_week18_heterogeneous_generalization\week18_cycle_square_c23_random_0_smallest_last.txt
week18_cycle_square_c23_random_1,cycle_square,C_23^2,random_1,2023.0,cycle_size,23,,,week18_handcrafted_candidate,23,46,0.18181818181818182,1,1,colpack,greedy_coloring,NATURAL,4,0.0,,True,4.0,data\processed\initial_graph_coloring_dataset\colpack_outputs_week18_heterogeneous_generalization\week18_cycle_square_c23_random_1_natural.txt
week18_cycle_square_c23_random_1,cycle_square,C_23^2,random_1,2023.0,cycle_size,23,,,week18_handcrafted_candidate,23,46,0.18181818181818182,1,1,colpack,greedy_coloring,LARGEST_FIRST,4,0.0,,True,4.0,data\processed\initial_graph_coloring_dataset\colpack_outputs_week18_heterogeneous_generalization\week18_cycle_square_c23_random_1_largest_first.txt
week18_cycle_square_c23_random_1,cycle_square,C_23^2,random_1,2023.0,cycle_size,23,,,week18_handcrafted_candidate,23,46,0.18181818181818182,1,1,colpack,greedy_coloring,DYNAMIC_LARGEST_FIRST,4,0.0,,True,4.0,data\processed\initial_graph_coloring_dataset\colpack_outputs_week18_heterogeneous_generalization\week18_cycle_square_c23_random_1_dynamic_largest_first.txt
week18_cycle_square_c23_random_1,cycle_square,C_23^2,random_1,2023.0,cycle_size,23,,,week18_handcrafted_candidate,23,46,0.18181818181818182,1,1,colpack,greedy_coloring,INCIDENCE_DEGREE,5,0.0,,True,4.0,data\processed\initial_graph_coloring_dataset\colpack_outputs_week18_heterogeneous_generalization\week18_cycle_square_c23_random_1_incidence_degree.txt
week18_cycle_square_c23_random_1,cycle_square,C_23^2,random_1,2023.0,cycle_size,23,,,week18_handcrafted_candidate,23,46,0.18181818181818182,1,1,colpack,greedy_coloring,SMALLEST_LAST,5,0.0,,True,4.0,data\processed\initial_graph_coloring_dataset\colpack_outputs_week18_heterogeneous_generalization\week18_cycle_square_c23_random_1_smallest_last.txt
week18_cycle_square_c26_identity,cycle_square,C_26^2,identity,,cycle_size,26,,,week18_handcrafted_candidate,26,52,0.16,1,1,colpack,greedy_coloring,NATURAL,5,0.0,,True,4.0,data\processed\initial_graph_coloring_dataset\colpack_outputs_week18_heterogeneous_generalization\week18_cycle_square_c26_identity_natural.txt
week18_cycle_square_c26_identity,cycle_square,C_26^2,identity,,cycle_size,26,,,week18_handcrafted_candidate,26,52,0.16,1,1,colpack,greedy_coloring,LARGEST_FIRST,5,0.0,,True,4.0,data\processed\initial_graph_coloring_dataset\colpack_outputs_week18_heterogeneous_generalization\week18_cycle_square_c26_identity_largest_first.txt
week18_cycle_square_c26_identity,cycle_square,C_26^2,identity,,cycle_size,26,,,week18_handcrafted_candidate,26,52,0.16,1,1,colpack,greedy_coloring,DYNAMIC_LARGEST_FIRST,5,0.0,,True,4.0,data\processed\initial_graph_coloring_dataset\colpack_outputs_week18_heterogeneous_generalization\week18_cycle_square_c26_identity_dynamic_largest_first.txt
week18_cycle_square_c26_identity,cycle_square,C_26^2,identity,,cycle_size,26,,,week18_handcrafted_candidate,26,52,0.16,1,1,colpack,greedy_coloring,INCIDENCE_DEGREE,5,0.0,,True,4.0,data\processed\initial_graph_coloring_dataset\colpack_outputs_week18_heterogeneous_generalization\week18_cycle_square_c26_identity_incidence_degree.txt
week18_cycle_square_c26_identity,cycle_square,C_26^2,identity,,cycle_size,26,,,week18_handcrafted_candidate,26,52,0.16,1,1,colpack,greedy_coloring,SMALLEST_LAST,5,0.0,,True,4.0,data\processed\initial_graph_coloring_dataset\colpack_outputs_week18_heterogeneous_generalization\week18_cycle_square_c26_identity_smallest_last.txt
week18_cycle_square_c26_random_0,cycle_square,C_26^2,random_0,1026.0,cycle_size,26,,,week18_handcrafted_candidate,26,52,0.16,1,1,colpack,greedy_coloring,NATURAL,5,0.0,,True,4.0,data\processed\initial_graph_coloring_dataset\colpack_outputs_week18_heterogeneous_generalization\week18_cycle_square_c26_random_0_natural.txt
week18_cycle_square_c26_random_0,cycle_square,C_26^2,random_0,1026.0,cycle_size,26,,,week18_handcrafted_candidate,26,52,0.16,1,1,colpack,greedy_coloring,LARGEST_FIRST,5,0.0,,True,4.0,data\processed\initial_graph_coloring_dataset\colpack_outputs_week18_heterogeneous_generalization\week18_cycle_square_c26_random_0_largest_first.txt
week18_cycle_square_c26_random_0,cycle_square,C_26^2,random_0,1026.0,cycle_size,26,,,week18_handcrafted_candidate,26,52,0.16,1,1,colpack,greedy_coloring,DYNAMIC_LARGEST_FIRST,4,0.0,,True,4.0,data\processed\initial_graph_coloring_dataset\colpack_outputs_week18_heterogeneous_generalization\week18_cycle_square_c26_random_0_dynamic_largest_first.txt
week18_cycle_square_c26_random_0,cycle_square,C_26^2,random_0,1026.0,cycle_size,26,,,week18_handcrafted_candidate,26,52,0.16,1,1,colpack,greedy_coloring,INCIDENCE_DEGREE,5,0.0,,True,4.0,data\processed\initial_graph_coloring_dataset\colpack_outputs_week18_heterogeneous_generalization\week18_cycle_square_c26_random_0_incidence_degree.txt
week18_cycle_square_c26_random_0,cycle_square,C_26^2,random_0,1026.0,cycle_size,26,,,week18_handcrafted_candidate,26,52,0.16,1,1,colpack,greedy_coloring,SMALLEST_LAST,5,0.0,,True,4.0,data\processed\initial_graph_coloring_dataset\colpack_outputs_week18_heterogeneous_generalization\week18_cycle_square_c26_random_0_smallest_last.txt
week18_cycle_square_c26_random_1,cycle_square,C_26^2,random_1,2026.0,cycle_size,26,,,week18_handcrafted_candidate,26,52,0.16,1,1,colpack,greedy_coloring,NATURAL,4,0.0,,True,4.0,data\processed\initial_graph_coloring_dataset\colpack_outputs_week18_heterogeneous_generalization\week18_cycle_square_c26_random_1_natural.txt
week18_cycle_square_c26_random_1,cycle_square,C_26^2,random_1,2026.0,cycle_size,26,,,week18_handcrafted_candidate,26,52,0.16,1,1,colpack,greedy_coloring,LARGEST_FIRST,4,0.0,,True,4.0,data\processed\initial_graph_coloring_dataset\colpack_outputs_week18_heterogeneous_generalization\week18_cycle_square_c26_random_1_largest_first.txt
week18_cycle_square_c26_random_1,cycle_square,C_26^2,random_1,2026.0,cycle_size,26,,,week18_handcrafted_candidate,26,52,0.16,1,1,colpack,greedy_coloring,DYNAMIC_LARGEST_FIRST,4,0.0,,True,4.0,data\processed\initial_graph_coloring_dataset\colpack_outputs_week18_heterogeneous_generalization\week18_cycle_square_c26_random_1_dynamic_largest_first.txt
week18_cycle_square_c26_random_1,cycle_square,C_26^2,random_1,2026.0,cycle_size,26,,,week18_handcrafted_candidate,26,52,0.16,1,1,colpack,greedy_coloring,INCIDENCE_DEGREE,5,0.0,,True,4.0,data\processed\initial_graph_coloring_dataset\colpack_outputs_week18_heterogeneous_generalization\week18_cycle_square_c26_random_1_incidence_degree.txt
week18_cycle_square_c26_random_1,cycle_square,C_26^2,random_1,2026.0,cycle_size,26,,,week18_handcrafted_candidate,26,52,0.16,1,1,colpack,greedy_coloring,SMALLEST_LAST,5,0.0,,True,4.0,data\processed\initial_graph_coloring_dataset\colpack_outputs_week18_heterogeneous_generalization\week18_cycle_square_c26_random_1_smallest_last.txt
week18_cycle_square_c29_identity,cycle_square,C_29^2,identity,,cycle_size,29,,,week18_handcrafted_candidate,29,58,0.14285714285714285,1,1,colpack,greedy_coloring,NATURAL,5,0.0,,True,4.0,data\processed\initial_graph_coloring_dataset\colpack_outputs_week18_heterogeneous_generalization\week18_cycle_square_c29_identity_natural.txt
week18_cycle_square_c29_identity,cycle_square,C_29^2,identity,,cycle_size,29,,,week18_handcrafted_candidate,29,58,0.14285714285714285,1,1,colpack,greedy_coloring,LARGEST_FIRST,5,0.0,,True,4.0,data\processed\initial_graph_coloring_dataset\colpack_outputs_week18_heterogeneous_generalization\week18_cycle_square_c29_identity_largest_first.txt
week18_cycle_square_c29_identity,cycle_square,C_29^2,identity,,cycle_size,29,,,week18_handcrafted_candidate,29,58,0.14285714285714285,1,1,colpack,greedy_coloring,DYNAMIC_LARGEST_FIRST,5,0.0,,True,4.0,data\processed\initial_graph_coloring_dataset\colpack_outputs_week18_heterogeneous_generalization\week18_cycle_square_c29_identity_dynamic_largest_first.txt
week18_cycle_square_c29_identity,cycle_square,C_29^2,identity,,cycle_size,29,,,week18_handcrafted_candidate,29,58,0.14285714285714285,1,1,colpack,greedy_coloring,INCIDENCE_DEGREE,5,0.0,,True,4.0,data\processed\initial_graph_coloring_dataset\colpack_outputs_week18_heterogeneous_generalization\week18_cycle_square_c29_identity_incidence_degree.txt
week18_cycle_square_c29_identity,cycle_square,C_29^2,identity,,cycle_size,29,,,week18_handcrafted_candidate,29,58,0.14285714285714285,1,1,colpack,greedy_coloring,SMALLEST_LAST,5,0.0,,True,4.0,data\processed\initial_graph_coloring_dataset\colpack_outputs_week18_heterogeneous_generalization\week18_cycle_square_c29_identity_smallest_last.txt
week18_cycle_square_c29_random_0,cycle_square,C_29^2,random_0,1029.0,cycle_size,29,,,week18_handcrafted_candidate,29,58,0.14285714285714285,1,1,colpack,greedy_coloring,NATURAL,4,0.0,,True,4.0,data\processed\initial_graph_coloring_dataset\colpack_outputs_week18_heterogeneous_generalization\week18_cycle_square_c29_random_0_natural.txt
week18_cycle_square_c29_random_0,cycle_square,C_29^2,random_0,1029.0,cycle_size,29,,,week18_handcrafted_candidate,29,58,0.14285714285714285,1,1,colpack,greedy_coloring,LARGEST_FIRST,4,0.0,,True,4.0,data\processed\initial_graph_coloring_dataset\colpack_outputs_week18_heterogeneous_generalization\week18_cycle_square_c29_random_0_largest_first.txt
week18_cycle_square_c29_random_0,cycle_square,C_29^2,random_0,1029.0,cycle_size,29,,,week18_handcrafted_candidate,29,58,0.14285714285714285,1,1,colpack,greedy_coloring,DYNAMIC_LARGEST_FIRST,4,0.0,,True,4.0,data\processed\initial_graph_coloring_dataset\colpack_outputs_week18_heterogeneous_generalization\week18_cycle_square_c29_random_0_dynamic_largest_first.txt
week18_cycle_square_c29_random_0,cycle_square,C_29^2,random_0,1029.0,cycle_size,29,,,week18_handcrafted_candidate,29,58,0.14285714285714285,1,1,colpack,greedy_coloring,INCIDENCE_DEGREE,5,0.0,,True,4.0,data\processed\initial_graph_coloring_dataset\colpack_outputs_week18_heterogeneous_generalization\week18_cycle_square_c29_random_0_incidence_degree.txt
week18_cycle_square_c29_random_0,cycle_square,C_29^2,random_0,1029.0,cycle_size,29,,,week18_handcrafted_candidate,29,58,0.14285714285714285,1,1,colpack,greedy_coloring,SMALLEST_LAST,5,0.0,,True,4.0,data\processed\initial_graph_coloring_dataset\colpack_outputs_week18_heterogeneous_generalization\week18_cycle_square_c29_random_0_smallest_last.txt
week18_cycle_square_c29_random_1,cycle_square,C_29^2,random_1,2029.0,cycle_size,29,,,week18_handcrafted_candidate,29,58,0.14285714285714285,1,1,colpack,greedy_coloring,NATURAL,5,0.0,,True,4.0,data\processed\initial_graph_coloring_dataset\colpack_outputs_week18_heterogeneous_generalization\week18_cycle_square_c29_random_1_natural.txt
week18_cycle_square_c29_random_1,cycle_square,C_29^2,random_1,2029.0,cycle_size,29,,,week18_handcrafted_candidate,29,58,0.14285714285714285,1,1,colpack,greedy_coloring,LARGEST_FIRST,5,0.0,,True,4.0,data\processed\initial_graph_coloring_dataset\colpack_outputs_week18_heterogeneous_generalization\week18_cycle_square_c29_random_1_largest_first.txt
week18_cycle_square_c29_random_1,cycle_square,C_29^2,random_1,2029.0,cycle_size,29,,,week18_handcrafted_candidate,29,58,0.14285714285714285,1,1,colpack,greedy_coloring,DYNAMIC_LARGEST_FIRST,4,0.0,,True,4.0,data\processed\initial_graph_coloring_dataset\colpack_outputs_week18_heterogeneous_generalization\week18_cycle_square_c29_random_1_dynamic_largest_first.txt
week18_cycle_square_c29_random_1,cycle_square,C_29^2,random_1,2029.0,cycle_size,29,,,week18_handcrafted_candidate,29,58,0.14285714285714285,1,1,colpack,greedy_coloring,INCIDENCE_DEGREE,5,0.0,,True,4.0,data\processed\initial_graph_coloring_dataset\colpack_outputs_week18_heterogeneous_generalization\week18_cycle_square_c29_random_1_incidence_degree.txt
week18_cycle_square_c29_random_1,cycle_square,C_29^2,random_1,2029.0,cycle_size,29,,,week18_handcrafted_candidate,29,58,0.14285714285714285,1,1,colpack,greedy_coloring,SMALLEST_LAST,5,0.0,,True,4.0,data\processed\initial_graph_coloring_dataset\colpack_outputs_week18_heterogeneous_generalization\week18_cycle_square_c29_random_1_smallest_last.txt
week18_cycle_square_c32_identity,cycle_square,C_32^2,identity,,cycle_size,32,,,week18_handcrafted_candidate,32,64,0.12903225806451613,1,1,colpack,greedy_coloring,NATURAL,5,0.0,,True,4.0,data\processed\initial_graph_coloring_dataset\colpack_outputs_week18_heterogeneous_generalization\week18_cycle_square_c32_identity_natural.txt
week18_cycle_square_c32_identity,cycle_square,C_32^2,identity,,cycle_size,32,,,week18_handcrafted_candidate,32,64,0.12903225806451613,1,1,colpack,greedy_coloring,LARGEST_FIRST,5,0.0,,True,4.0,data\processed\initial_graph_coloring_dataset\colpack_outputs_week18_heterogeneous_generalization\week18_cycle_square_c32_identity_largest_first.txt
week18_cycle_square_c32_identity,cycle_square,C_32^2,identity,,cycle_size,32,,,week18_handcrafted_candidate,32,64,0.12903225806451613,1,1,colpack,greedy_coloring,DYNAMIC_LARGEST_FIRST,5,0.0,,True,4.0,data\processed\initial_graph_coloring_dataset\colpack_outputs_week18_heterogeneous_generalization\week18_cycle_square_c32_identity_dynamic_largest_first.txt
week18_cycle_square_c32_identity,cycle_square,C_32^2,identity,,cycle_size,32,,,week18_handcrafted_candidate,32,64,0.12903225806451613,1,1,colpack,greedy_coloring,INCIDENCE_DEGREE,5,0.0,,True,4.0,data\processed\initial_graph_coloring_dataset\colpack_outputs_week18_heterogeneous_generalization\week18_cycle_square_c32_identity_incidence_degree.txt
week18_cycle_square_c32_identity,cycle_square,C_32^2,identity,,cycle_size,32,,,week18_handcrafted_candidate,32,64,0.12903225806451613,1,1,colpack,greedy_coloring,SMALLEST_LAST,5,0.0,,True,4.0,data\processed\initial_graph_coloring_dataset\colpack_outputs_week18_heterogeneous_generalization\week18_cycle_square_c32_identity_smallest_last.txt
week18_cycle_square_c32_random_0,cycle_square,C_32^2,random_0,1032.0,cycle_size,32,,,week18_handcrafted_candidate,32,64,0.12903225806451613,1,1,colpack,greedy_coloring,NATURAL,5,0.0,,True,4.0,data\processed\initial_graph_coloring_dataset\colpack_outputs_week18_heterogeneous_generalization\week18_cycle_square_c32_random_0_natural.txt
week18_cycle_square_c32_random_0,cycle_square,C_32^2,random_0,1032.0,cycle_size,32,,,week18_handcrafted_candidate,32,64,0.12903225806451613,1,1,colpack,greedy_coloring,LARGEST_FIRST,5,0.0,,True,4.0,data\processed\initial_graph_coloring_dataset\colpack_outputs_week18_heterogeneous_generalization\week18_cycle_square_c32_random_0_largest_first.txt
week18_cycle_square_c32_random_0,cycle_square,C_32^2,random_0,1032.0,cycle_size,32,,,week18_handcrafted_candidate,32,64,0.12903225806451613,1,1,colpack,greedy_coloring,DYNAMIC_LARGEST_FIRST,4,0.0,,True,4.0,data\processed\initial_graph_coloring_dataset\colpack_outputs_week18_heterogeneous_generalization\week18_cycle_square_c32_random_0_dynamic_largest_first.txt
week18_cycle_square_c32_random_0,cycle_square,C_32^2,random_0,1032.0,cycle_size,32,,,week18_handcrafted_candidate,32,64,0.12903225806451613,1,1,colpack,greedy_coloring,INCIDENCE_DEGREE,5,0.0,,True,4.0,data\processed\initial_graph_coloring_dataset\colpack_outputs_week18_heterogeneous_generalization\week18_cycle_square_c32_random_0_incidence_degree.txt
week18_cycle_square_c32_random_0,cycle_square,C_32^2,random_0,1032.0,cycle_size,32,,,week18_handcrafted_candidate,32,64,0.12903225806451613,1,1,colpack,greedy_coloring,SMALLEST_LAST,5,0.0,,True,4.0,data\processed\initial_graph_coloring_dataset\colpack_outputs_week18_heterogeneous_generalization\week18_cycle_square_c32_random_0_smallest_last.txt
week18_cycle_square_c32_random_1,cycle_square,C_32^2,random_1,2032.0,cycle_size,32,,,week18_handcrafted_candidate,32,64,0.12903225806451613,1,1,colpack,greedy_coloring,NATURAL,4,0.0,,True,4.0,data\processed\initial_graph_coloring_dataset\colpack_outputs_week18_heterogeneous_generalization\week18_cycle_square_c32_random_1_natural.txt
week18_cycle_square_c32_random_1,cycle_square,C_32^2,random_1,2032.0,cycle_size,32,,,week18_handcrafted_candidate,32,64,0.12903225806451613,1,1,colpack,greedy_coloring,LARGEST_FIRST,4,0.0,,True,4.0,data\processed\initial_graph_coloring_dataset\colpack_outputs_week18_heterogeneous_generalization\week18_cycle_square_c32_random_1_largest_first.txt
week18_cycle_square_c32_random_1,cycle_square,C_32^2,random_1,2032.0,cycle_size,32,,,week18_handcrafted_candidate,32,64,0.12903225806451613,1,1,colpack,greedy_coloring,DYNAMIC_LARGEST_FIRST,4,0.0,,True,4.0,data\processed\initial_graph_coloring_dataset\colpack_outputs_week18_heterogeneous_generalization\week18_cycle_square_c32_random_1_dynamic_largest_first.txt
week18_cycle_square_c32_random_1,cycle_square,C_32^2,random_1,2032.0,cycle_size,32,,,week18_handcrafted_candidate,32,64,0.12903225806451613,1,1,colpack,greedy_coloring,INCIDENCE_DEGREE,5,0.0,,True,4.0,data\processed\initial_graph_coloring_dataset\colpack_outputs_week18_heterogeneous_generalization\week18_cycle_square_c32_random_1_incidence_degree.txt
week18_cycle_square_c32_random_1,cycle_square,C_32^2,random_1,2032.0,cycle_size,32,,,week18_handcrafted_candidate,32,64,0.12903225806451613,1,1,colpack,greedy_coloring,SMALLEST_LAST,5,0.0,,True,4.0,data\processed\initial_graph_coloring_dataset\colpack_outputs_week18_heterogeneous_generalization\week18_cycle_square_c32_random_1_smallest_last.txt
week18_cycle_square_c35_identity,cycle_square,C_35^2,identity,,cycle_size,35,,,week18_handcrafted_candidate,35,70,0.11764705882352941,1,1,colpack,greedy_coloring,NATURAL,5,0.0,,True,4.0,data\processed\initial_graph_coloring_dataset\colpack_outputs_week18_heterogeneous_generalization\week18_cycle_square_c35_identity_natural.txt
week18_cycle_square_c35_identity,cycle_square,C_35^2,identity,,cycle_size,35,,,week18_handcrafted_candidate,35,70,0.11764705882352941,1,1,colpack,greedy_coloring,LARGEST_FIRST,5,0.0,,True,4.0,data\processed\initial_graph_coloring_dataset\colpack_outputs_week18_heterogeneous_generalization\week18_cycle_square_c35_identity_largest_first.txt
week18_cycle_square_c35_identity,cycle_square,C_35^2,identity,,cycle_size,35,,,week18_handcrafted_candidate,35,70,0.11764705882352941,1,1,colpack,greedy_coloring,DYNAMIC_LARGEST_FIRST,5,0.0,,True,4.0,data\processed\initial_graph_coloring_dataset\colpack_outputs_week18_heterogeneous_generalization\week18_cycle_square_c35_identity_dynamic_largest_first.txt
week18_cycle_square_c35_identity,cycle_square,C_35^2,identity,,cycle_size,35,,,week18_handcrafted_candidate,35,70,0.11764705882352941,1,1,colpack,greedy_coloring,INCIDENCE_DEGREE,5,0.0,,True,4.0,data\processed\initial_graph_coloring_dataset\colpack_outputs_week18_heterogeneous_generalization\week18_cycle_square_c35_identity_incidence_degree.txt
week18_cycle_square_c35_identity,cycle_square,C_35^2,identity,,cycle_size,35,,,week18_handcrafted_candidate,35,70,0.11764705882352941,1,1,colpack,greedy_coloring,SMALLEST_LAST,5,0.0,,True,4.0,data\processed\initial_graph_coloring_dataset\colpack_outputs_week18_heterogeneous_generalization\week18_cycle_square_c35_identity_smallest_last.txt
week18_cycle_square_c35_random_0,cycle_square,C_35^2,random_0,1035.0,cycle_size,35,,,week18_handcrafted_candidate,35,70,0.11764705882352941,1,1,colpack,greedy_coloring,NATURAL,5,0.0,,True,4.0,data\processed\initial_graph_coloring_dataset\colpack_outputs_week18_heterogeneous_generalization\week18_cycle_square_c35_random_0_natural.txt
week18_cycle_square_c35_random_0,cycle_square,C_35^2,random_0,1035.0,cycle_size,35,,,week18_handcrafted_candidate,35,70,0.11764705882352941,1,1,colpack,greedy_coloring,LARGEST_FIRST,5,0.0,,True,4.0,data\processed\initial_graph_coloring_dataset\colpack_outputs_week18_heterogeneous_generalization\week18_cycle_square_c35_random_0_largest_first.txt
week18_cycle_square_c35_random_0,cycle_square,C_35^2,random_0,1035.0,cycle_size,35,,,week18_handcrafted_candidate,35,70,0.11764705882352941,1,1,colpack,greedy_coloring,DYNAMIC_LARGEST_FIRST,4,0.0,,True,4.0,data\processed\initial_graph_coloring_dataset\colpack_outputs_week18_heterogeneous_generalization\week18_cycle_square_c35_random_0_dynamic_largest_first.txt
week18_cycle_square_c35_random_0,cycle_square,C_35^2,random_0,1035.0,cycle_size,35,,,week18_handcrafted_candidate,35,70,0.11764705882352941,1,1,colpack,greedy_coloring,INCIDENCE_DEGREE,5,0.0,,True,4.0,data\processed\initial_graph_coloring_dataset\colpack_outputs_week18_heterogeneous_generalization\week18_cycle_square_c35_random_0_incidence_degree.txt
week18_cycle_square_c35_random_0,cycle_square,C_35^2,random_0,1035.0,cycle_size,35,,,week18_handcrafted_candidate,35,70,0.11764705882352941,1,1,colpack,greedy_coloring,SMALLEST_LAST,5,0.0,,True,4.0,data\processed\initial_graph_coloring_dataset\colpack_outputs_week18_heterogeneous_generalization\week18_cycle_square_c35_random_0_smallest_last.txt
week18_cycle_square_c35_random_1,cycle_square,C_35^2,random_1,2035.0,cycle_size,35,,,week18_handcrafted_candidate,35,70,0.11764705882352941,1,1,colpack,greedy_coloring,NATURAL,5,0.0,,True,4.0,data\processed\initial_graph_coloring_dataset\colpack_outputs_week18_heterogeneous_generalization\week18_cycle_square_c35_random_1_natural.txt
week18_cycle_square_c35_random_1,cycle_square,C_35^2,random_1,2035.0,cycle_size,35,,,week18_handcrafted_candidate,35,70,0.11764705882352941,1,1,colpack,greedy_coloring,LARGEST_FIRST,5,0.0,,True,4.0,data\processed\initial_graph_coloring_dataset\colpack_outputs_week18_heterogeneous_generalization\week18_cycle_square_c35_random_1_largest_first.txt
week18_cycle_square_c35_random_1,cycle_square,C_35^2,random_1,2035.0,cycle_size,35,,,week18_handcrafted_candidate,35,70,0.11764705882352941,1,1,colpack,greedy_coloring,DYNAMIC_LARGEST_FIRST,4,0.0,,True,4.0,data\processed\initial_graph_coloring_dataset\colpack_outputs_week18_heterogeneous_generalization\week18_cycle_square_c35_random_1_dynamic_largest_first.txt
week18_cycle_square_c35_random_1,cycle_square,C_35^2,random_1,2035.0,cycle_size,35,,,week18_handcrafted_candidate,35,70,0.11764705882352941,1,1,colpack,greedy_coloring,INCIDENCE_DEGREE,5,0.0,,True,4.0,data\processed\initial_graph_coloring_dataset\colpack_outputs_week18_heterogeneous_generalization\week18_cycle_square_c35_random_1_incidence_degree.txt
week18_cycle_square_c35_random_1,cycle_square,C_35^2,random_1,2035.0,cycle_size,35,,,week18_handcrafted_candidate,35,70,0.11764705882352941,1,1,colpack,greedy_coloring,SMALLEST_LAST,5,0.0,,True,4.0,data\processed\initial_graph_coloring_dataset\colpack_outputs_week18_heterogeneous_generalization\week18_cycle_square_c35_random_1_smallest_last.txt
week18_cycle_square_c38_identity,cycle_square,C_38^2,identity,,cycle_size,38,,,week18_handcrafted_candidate,38,76,0.10810810810810811,1,1,colpack,greedy_coloring,NATURAL,5,0.0,,True,4.0,data\processed\initial_graph_coloring_dataset\colpack_outputs_week18_heterogeneous_generalization\week18_cycle_square_c38_identity_natural.txt
week18_cycle_square_c38_identity,cycle_square,C_38^2,identity,,cycle_size,38,,,week18_handcrafted_candidate,38,76,0.10810810810810811,1,1,colpack,greedy_coloring,LARGEST_FIRST,5,0.0,,True,4.0,data\processed\initial_graph_coloring_dataset\colpack_outputs_week18_heterogeneous_generalization\week18_cycle_square_c38_identity_largest_first.txt
week18_cycle_square_c38_identity,cycle_square,C_38^2,identity,,cycle_size,38,,,week18_handcrafted_candidate,38,76,0.10810810810810811,1,1,colpack,greedy_coloring,DYNAMIC_LARGEST_FIRST,5,0.0,,True,4.0,data\processed\initial_graph_coloring_dataset\colpack_outputs_week18_heterogeneous_generalization\week18_cycle_square_c38_identity_dynamic_largest_first.txt
week18_cycle_square_c38_identity,cycle_square,C_38^2,identity,,cycle_size,38,,,week18_handcrafted_candidate,38,76,0.10810810810810811,1,1,colpack,greedy_coloring,INCIDENCE_DEGREE,5,0.0,,True,4.0,data\processed\initial_graph_coloring_dataset\colpack_outputs_week18_heterogeneous_generalization\week18_cycle_square_c38_identity_incidence_degree.txt
week18_cycle_square_c38_identity,cycle_square,C_38^2,identity,,cycle_size,38,,,week18_handcrafted_candidate,38,76,0.10810810810810811,1,1,colpack,greedy_coloring,SMALLEST_LAST,5,0.0,,True,4.0,data\processed\initial_graph_coloring_dataset\colpack_outputs_week18_heterogeneous_generalization\week18_cycle_square_c38_identity_smallest_last.txt
week18_cycle_square_c38_random_0,cycle_square,C_38^2,random_0,1038.0,cycle_size,38,,,week18_handcrafted_candidate,38,76,0.10810810810810811,1,1,colpack,greedy_coloring,NATURAL,5,0.0,,True,4.0,data\processed\initial_graph_coloring_dataset\colpack_outputs_week18_heterogeneous_generalization\week18_cycle_square_c38_random_0_natural.txt
week18_cycle_square_c38_random_0,cycle_square,C_38^2,random_0,1038.0,cycle_size,38,,,week18_handcrafted_candidate,38,76,0.10810810810810811,1,1,colpack,greedy_coloring,LARGEST_FIRST,5,0.0,,True,4.0,data\processed\initial_graph_coloring_dataset\colpack_outputs_week18_heterogeneous_generalization\week18_cycle_square_c38_random_0_largest_first.txt
week18_cycle_square_c38_random_0,cycle_square,C_38^2,random_0,1038.0,cycle_size,38,,,week18_handcrafted_candidate,38,76,0.10810810810810811,1,1,colpack,greedy_coloring,DYNAMIC_LARGEST_FIRST,4,0.0,,True,4.0,data\processed\initial_graph_coloring_dataset\colpack_outputs_week18_heterogeneous_generalization\week18_cycle_square_c38_random_0_dynamic_largest_first.txt
week18_cycle_square_c38_random_0,cycle_square,C_38^2,random_0,1038.0,cycle_size,38,,,week18_handcrafted_candidate,38,76,0.10810810810810811,1,1,colpack,greedy_coloring,INCIDENCE_DEGREE,5,0.0,,True,4.0,data\processed\initial_graph_coloring_dataset\colpack_outputs_week18_heterogeneous_generalization\week18_cycle_square_c38_random_0_incidence_degree.txt
week18_cycle_square_c38_random_0,cycle_square,C_38^2,random_0,1038.0,cycle_size,38,,,week18_handcrafted_candidate,38,76,0.10810810810810811,1,1,colpack,greedy_coloring,SMALLEST_LAST,5,0.0,,True,4.0,data\processed\initial_graph_coloring_dataset\colpack_outputs_week18_heterogeneous_generalization\week18_cycle_square_c38_random_0_smallest_last.txt
week18_cycle_square_c38_random_1,cycle_square,C_38^2,random_1,2038.0,cycle_size,38,,,week18_handcrafted_candidate,38,76,0.10810810810810811,1,1,colpack,greedy_coloring,NATURAL,5,0.0,,True,4.0,data\processed\initial_graph_coloring_dataset\colpack_outputs_week18_heterogeneous_generalization\week18_cycle_square_c38_random_1_natural.txt
week18_cycle_square_c38_random_1,cycle_square,C_38^2,random_1,2038.0,cycle_size,38,,,week18_handcrafted_candidate,38,76,0.10810810810810811,1,1,colpack,greedy_coloring,LARGEST_FIRST,5,0.0,,True,4.0,data\processed\initial_graph_coloring_dataset\colpack_outputs_week18_heterogeneous_generalization\week18_cycle_square_c38_random_1_largest_first.txt
week18_cycle_square_c38_random_1,cycle_square,C_38^2,random_1,2038.0,cycle_size,38,,,week18_handcrafted_candidate,38,76,0.10810810810810811,1,1,colpack,greedy_coloring,DYNAMIC_LARGEST_FIRST,4,0.0,,True,4.0,data\processed\initial_graph_coloring_dataset\colpack_outputs_week18_heterogeneous_generalization\week18_cycle_square_c38_random_1_dynamic_largest_first.txt
week18_cycle_square_c38_random_1,cycle_square,C_38^2,random_1,2038.0,cycle_size,38,,,week18_handcrafted_candidate,38,76,0.10810810810810811,1,1,colpack,greedy_coloring,INCIDENCE_DEGREE,5,0.0,,True,4.0,data\processed\initial_graph_coloring_dataset\colpack_outputs_week18_heterogeneous_generalization\week18_cycle_square_c38_random_1_incidence_degree.txt
week18_cycle_square_c38_random_1,cycle_square,C_38^2,random_1,2038.0,cycle_size,38,,,week18_handcrafted_candidate,38,76,0.10810810810810811,1,1,colpack,greedy_coloring,SMALLEST_LAST,5,0.0,,True,4.0,data\processed\initial_graph_coloring_dataset\colpack_outputs_week18_heterogeneous_generalization\week18_cycle_square_c38_random_1_smallest_last.txt
week18_cycle_square_c41_identity,cycle_square,C_41^2,identity,,cycle_size,41,,,week18_handcrafted_candidate,41,82,0.1,1,1,colpack,greedy_coloring,NATURAL,5,0.0,,True,4.0,data\processed\initial_graph_coloring_dataset\colpack_outputs_week18_heterogeneous_generalization\week18_cycle_square_c41_identity_natural.txt
week18_cycle_square_c41_identity,cycle_square,C_41^2,identity,,cycle_size,41,,,week18_handcrafted_candidate,41,82,0.1,1,1,colpack,greedy_coloring,LARGEST_FIRST,5,0.0,,True,4.0,data\processed\initial_graph_coloring_dataset\colpack_outputs_week18_heterogeneous_generalization\week18_cycle_square_c41_identity_largest_first.txt
week18_cycle_square_c41_identity,cycle_square,C_41^2,identity,,cycle_size,41,,,week18_handcrafted_candidate,41,82,0.1,1,1,colpack,greedy_coloring,DYNAMIC_LARGEST_FIRST,5,0.0,,True,4.0,data\processed\initial_graph_coloring_dataset\colpack_outputs_week18_heterogeneous_generalization\week18_cycle_square_c41_identity_dynamic_largest_first.txt
week18_cycle_square_c41_identity,cycle_square,C_41^2,identity,,cycle_size,41,,,week18_handcrafted_candidate,41,82,0.1,1,1,colpack,greedy_coloring,INCIDENCE_DEGREE,5,0.0,,True,4.0,data\processed\initial_graph_coloring_dataset\colpack_outputs_week18_heterogeneous_generalization\week18_cycle_square_c41_identity_incidence_degree.txt
week18_cycle_square_c41_identity,cycle_square,C_41^2,identity,,cycle_size,41,,,week18_handcrafted_candidate,41,82,0.1,1,1,colpack,greedy_coloring,SMALLEST_LAST,5,0.0,,True,4.0,data\processed\initial_graph_coloring_dataset\colpack_outputs_week18_heterogeneous_generalization\week18_cycle_square_c41_identity_smallest_last.txt
week18_cycle_square_c41_random_0,cycle_square,C_41^2,random_0,1041.0,cycle_size,41,,,week18_handcrafted_candidate,41,82,0.1,1,1,colpack,greedy_coloring,NATURAL,5,0.0,,True,4.0,data\processed\initial_graph_coloring_dataset\colpack_outputs_week18_heterogeneous_generalization\week18_cycle_square_c41_random_0_natural.txt
week18_cycle_square_c41_random_0,cycle_square,C_41^2,random_0,1041.0,cycle_size,41,,,week18_handcrafted_candidate,41,82,0.1,1,1,colpack,greedy_coloring,LARGEST_FIRST,5,0.0,,True,4.0,data\processed\initial_graph_coloring_dataset\colpack_outputs_week18_heterogeneous_generalization\week18_cycle_square_c41_random_0_largest_first.txt
week18_cycle_square_c41_random_0,cycle_square,C_41^2,random_0,1041.0,cycle_size,41,,,week18_handcrafted_candidate,41,82,0.1,1,1,colpack,greedy_coloring,DYNAMIC_LARGEST_FIRST,4,0.0,,True,4.0,data\processed\initial_graph_coloring_dataset\colpack_outputs_week18_heterogeneous_generalization\week18_cycle_square_c41_random_0_dynamic_largest_first.txt
week18_cycle_square_c41_random_0,cycle_square,C_41^2,random_0,1041.0,cycle_size,41,,,week18_handcrafted_candidate,41,82,0.1,1,1,colpack,greedy_coloring,INCIDENCE_DEGREE,5,0.001,,True,4.0,data\processed\initial_graph_coloring_dataset\colpack_outputs_week18_heterogeneous_generalization\week18_cycle_square_c41_random_0_incidence_degree.txt
week18_cycle_square_c41_random_0,cycle_square,C_41^2,random_0,1041.0,cycle_size,41,,,week18_handcrafted_candidate,41,82,0.1,1,1,colpack,greedy_coloring,SMALLEST_LAST,5,0.0,,True,4.0,data\processed\initial_graph_coloring_dataset\colpack_outputs_week18_heterogeneous_generalization\week18_cycle_square_c41_random_0_smallest_last.txt
week18_cycle_square_c41_random_1,cycle_square,C_41^2,random_1,2041.0,cycle_size,41,,,week18_handcrafted_candidate,41,82,0.1,1,1,colpack,greedy_coloring,NATURAL,5,0.0,,True,4.0,data\processed\initial_graph_coloring_dataset\colpack_outputs_week18_heterogeneous_generalization\week18_cycle_square_c41_random_1_natural.txt
week18_cycle_square_c41_random_1,cycle_square,C_41^2,random_1,2041.0,cycle_size,41,,,week18_handcrafted_candidate,41,82,0.1,1,1,colpack,greedy_coloring,LARGEST_FIRST,5,0.0,,True,4.0,data\processed\initial_graph_coloring_dataset\colpack_outputs_week18_heterogeneous_generalization\week18_cycle_square_c41_random_1_largest_first.txt
week18_cycle_square_c41_random_1,cycle_square,C_41^2,random_1,2041.0,cycle_size,41,,,week18_handcrafted_candidate,41,82,0.1,1,1,colpack,greedy_coloring,DYNAMIC_LARGEST_FIRST,4,0.0,,True,4.0,data\processed\initial_graph_coloring_dataset\colpack_outputs_week18_heterogeneous_generalization\week18_cycle_square_c41_random_1_dynamic_largest_first.txt
week18_cycle_square_c41_random_1,cycle_square,C_41^2,random_1,2041.0,cycle_size,41,,,week18_handcrafted_candidate,41,82,0.1,1,1,colpack,greedy_coloring,INCIDENCE_DEGREE,5,0.0,,True,4.0,data\processed\initial_graph_coloring_dataset\colpack_outputs_week18_heterogeneous_generalization\week18_cycle_square_c41_random_1_incidence_degree.txt
week18_cycle_square_c41_random_1,cycle_square,C_41^2,random_1,2041.0,cycle_size,41,,,week18_handcrafted_candidate,41,82,0.1,1,1,colpack,greedy_coloring,SMALLEST_LAST,5,0.0,,True,4.0,data\processed\initial_graph_coloring_dataset\colpack_outputs_week18_heterogeneous_generalization\week18_cycle_square_c41_random_1_smallest_last.txt
week18_cycle_square_c44_identity,cycle_square,C_44^2,identity,,cycle_size,44,,,week18_handcrafted_candidate,44,88,0.09302325581395349,1,1,colpack,greedy_coloring,NATURAL,5,0.0,,True,4.0,data\processed\initial_graph_coloring_dataset\colpack_outputs_week18_heterogeneous_generalization\week18_cycle_square_c44_identity_natural.txt
week18_cycle_square_c44_identity,cycle_square,C_44^2,identity,,cycle_size,44,,,week18_handcrafted_candidate,44,88,0.09302325581395349,1,1,colpack,greedy_coloring,LARGEST_FIRST,5,0.0,,True,4.0,data\processed\initial_graph_coloring_dataset\colpack_outputs_week18_heterogeneous_generalization\week18_cycle_square_c44_identity_largest_first.txt
week18_cycle_square_c44_identity,cycle_square,C_44^2,identity,,cycle_size,44,,,week18_handcrafted_candidate,44,88,0.09302325581395349,1,1,colpack,greedy_coloring,DYNAMIC_LARGEST_FIRST,5,0.0,,True,4.0,data\processed\initial_graph_coloring_dataset\colpack_outputs_week18_heterogeneous_generalization\week18_cycle_square_c44_identity_dynamic_largest_first.txt
week18_cycle_square_c44_identity,cycle_square,C_44^2,identity,,cycle_size,44,,,week18_handcrafted_candidate,44,88,0.09302325581395349,1,1,colpack,greedy_coloring,INCIDENCE_DEGREE,5,0.0,,True,4.0,data\processed\initial_graph_coloring_dataset\colpack_outputs_week18_heterogeneous_generalization\week18_cycle_square_c44_identity_incidence_degree.txt
week18_cycle_square_c44_identity,cycle_square,C_44^2,identity,,cycle_size,44,,,week18_handcrafted_candidate,44,88,0.09302325581395349,1,1,colpack,greedy_coloring,SMALLEST_LAST,5,0.0,,True,4.0,data\processed\initial_graph_coloring_dataset\colpack_outputs_week18_heterogeneous_generalization\week18_cycle_square_c44_identity_smallest_last.txt
week18_cycle_square_c44_random_0,cycle_square,C_44^2,random_0,1044.0,cycle_size,44,,,week18_handcrafted_candidate,44,88,0.09302325581395349,1,1,colpack,greedy_coloring,NATURAL,4,0.0,,True,4.0,data\processed\initial_graph_coloring_dataset\colpack_outputs_week18_heterogeneous_generalization\week18_cycle_square_c44_random_0_natural.txt
week18_cycle_square_c44_random_0,cycle_square,C_44^2,random_0,1044.0,cycle_size,44,,,week18_handcrafted_candidate,44,88,0.09302325581395349,1,1,colpack,greedy_coloring,LARGEST_FIRST,4,0.0,,True,4.0,data\processed\initial_graph_coloring_dataset\colpack_outputs_week18_heterogeneous_generalization\week18_cycle_square_c44_random_0_largest_first.txt
week18_cycle_square_c44_random_0,cycle_square,C_44^2,random_0,1044.0,cycle_size,44,,,week18_handcrafted_candidate,44,88,0.09302325581395349,1,1,colpack,greedy_coloring,DYNAMIC_LARGEST_FIRST,5,0.0,,True,4.0,data\processed\initial_graph_coloring_dataset\colpack_outputs_week18_heterogeneous_generalization\week18_cycle_square_c44_random_0_dynamic_largest_first.txt
week18_cycle_square_c44_random_0,cycle_square,C_44^2,random_0,1044.0,cycle_size,44,,,week18_handcrafted_candidate,44,88,0.09302325581395349,1,1,colpack,greedy_coloring,INCIDENCE_DEGREE,5,0.0,,True,4.0,data\processed\initial_graph_coloring_dataset\colpack_outputs_week18_heterogeneous_generalization\week18_cycle_square_c44_random_0_incidence_degree.txt
week18_cycle_square_c44_random_0,cycle_square,C_44^2,random_0,1044.0,cycle_size,44,,,week18_handcrafted_candidate,44,88,0.09302325581395349,1,1,colpack,greedy_coloring,SMALLEST_LAST,5,0.0,,True,4.0,data\processed\initial_graph_coloring_dataset\colpack_outputs_week18_heterogeneous_generalization\week18_cycle_square_c44_random_0_smallest_last.txt
week18_cycle_square_c44_random_1,cycle_square,C_44^2,random_1,2044.0,cycle_size,44,,,week18_handcrafted_candidate,44,88,0.09302325581395349,1,1,colpack,greedy_coloring,NATURAL,4,0.0,,True,4.0,data\processed\initial_graph_coloring_dataset\colpack_outputs_week18_heterogeneous_generalization\week18_cycle_square_c44_random_1_natural.txt
week18_cycle_square_c44_random_1,cycle_square,C_44^2,random_1,2044.0,cycle_size,44,,,week18_handcrafted_candidate,44,88,0.09302325581395349,1,1,colpack,greedy_coloring,LARGEST_FIRST,4,0.0,,True,4.0,data\processed\initial_graph_coloring_dataset\colpack_outputs_week18_heterogeneous_generalization\week18_cycle_square_c44_random_1_largest_first.txt
week18_cycle_square_c44_random_1,cycle_square,C_44^2,random_1,2044.0,cycle_size,44,,,week18_handcrafted_candidate,44,88,0.09302325581395349,1,1,colpack,greedy_coloring,DYNAMIC_LARGEST_FIRST,4,0.0,,True,4.0,data\processed\initial_graph_coloring_dataset\colpack_outputs_week18_heterogeneous_generalization\week18_cycle_square_c44_random_1_dynamic_largest_first.txt
week18_cycle_square_c44_random_1,cycle_square,C_44^2,random_1,2044.0,cycle_size,44,,,week18_handcrafted_candidate,44,88,0.09302325581395349,1,1,colpack,greedy_coloring,INCIDENCE_DEGREE,5,0.0,,True,4.0,data\processed\initial_graph_coloring_dataset\colpack_outputs_week18_heterogeneous_generalization\week18_cycle_square_c44_random_1_incidence_degree.txt
week18_cycle_square_c44_random_1,cycle_square,C_44^2,random_1,2044.0,cycle_size,44,,,week18_handcrafted_candidate,44,88,0.09302325581395349,1,1,colpack,greedy_coloring,SMALLEST_LAST,5,0.0,,True,4.0,data\processed\initial_graph_coloring_dataset\colpack_outputs_week18_heterogeneous_generalization\week18_cycle_square_c44_random_1_smallest_last.txt
week18_cycle_square_c47_identity,cycle_square,C_47^2,identity,,cycle_size,47,,,week18_handcrafted_candidate,47,94,0.08695652173913043,1,1,colpack,greedy_coloring,NATURAL,5,0.0,,True,4.0,data\processed\initial_graph_coloring_dataset\colpack_outputs_week18_heterogeneous_generalization\week18_cycle_square_c47_identity_natural.txt
week18_cycle_square_c47_identity,cycle_square,C_47^2,identity,,cycle_size,47,,,week18_handcrafted_candidate,47,94,0.08695652173913043,1,1,colpack,greedy_coloring,LARGEST_FIRST,5,0.0,,True,4.0,data\processed\initial_graph_coloring_dataset\colpack_outputs_week18_heterogeneous_generalization\week18_cycle_square_c47_identity_largest_first.txt
week18_cycle_square_c47_identity,cycle_square,C_47^2,identity,,cycle_size,47,,,week18_handcrafted_candidate,47,94,0.08695652173913043,1,1,colpack,greedy_coloring,DYNAMIC_LARGEST_FIRST,5,0.0,,True,4.0,data\processed\initial_graph_coloring_dataset\colpack_outputs_week18_heterogeneous_generalization\week18_cycle_square_c47_identity_dynamic_largest_first.txt
week18_cycle_square_c47_identity,cycle_square,C_47^2,identity,,cycle_size,47,,,week18_handcrafted_candidate,47,94,0.08695652173913043,1,1,colpack,greedy_coloring,INCIDENCE_DEGREE,5,0.0,,True,4.0,data\processed\initial_graph_coloring_dataset\colpack_outputs_week18_heterogeneous_generalization\week18_cycle_square_c47_identity_incidence_degree.txt
week18_cycle_square_c47_identity,cycle_square,C_47^2,identity,,cycle_size,47,,,week18_handcrafted_candidate,47,94,0.08695652173913043,1,1,colpack,greedy_coloring,SMALLEST_LAST,5,0.0,,True,4.0,data\processed\initial_graph_coloring_dataset\colpack_outputs_week18_heterogeneous_generalization\week18_cycle_square_c47_identity_smallest_last.txt
week18_cycle_square_c47_random_0,cycle_square,C_47^2,random_0,1047.0,cycle_size,47,,,week18_handcrafted_candidate,47,94,0.08695652173913043,1,1,colpack,greedy_coloring,NATURAL,5,0.0,,True,4.0,data\processed\initial_graph_coloring_dataset\colpack_outputs_week18_heterogeneous_generalization\week18_cycle_square_c47_random_0_natural.txt
week18_cycle_square_c47_random_0,cycle_square,C_47^2,random_0,1047.0,cycle_size,47,,,week18_handcrafted_candidate,47,94,0.08695652173913043,1,1,colpack,greedy_coloring,LARGEST_FIRST,5,0.0,,True,4.0,data\processed\initial_graph_coloring_dataset\colpack_outputs_week18_heterogeneous_generalization\week18_cycle_square_c47_random_0_largest_first.txt
week18_cycle_square_c47_random_0,cycle_square,C_47^2,random_0,1047.0,cycle_size,47,,,week18_handcrafted_candidate,47,94,0.08695652173913043,1,1,colpack,greedy_coloring,DYNAMIC_LARGEST_FIRST,4,0.0,,True,4.0,data\processed\initial_graph_coloring_dataset\colpack_outputs_week18_heterogeneous_generalization\week18_cycle_square_c47_random_0_dynamic_largest_first.txt
week18_cycle_square_c47_random_0,cycle_square,C_47^2,random_0,1047.0,cycle_size,47,,,week18_handcrafted_candidate,47,94,0.08695652173913043,1,1,colpack,greedy_coloring,INCIDENCE_DEGREE,5,0.0,,True,4.0,data\processed\initial_graph_coloring_dataset\colpack_outputs_week18_heterogeneous_generalization\week18_cycle_square_c47_random_0_incidence_degree.txt
week18_cycle_square_c47_random_0,cycle_square,C_47^2,random_0,1047.0,cycle_size,47,,,week18_handcrafted_candidate,47,94,0.08695652173913043,1,1,colpack,greedy_coloring,SMALLEST_LAST,5,0.0,,True,4.0,data\processed\initial_graph_coloring_dataset\colpack_outputs_week18_heterogeneous_generalization\week18_cycle_square_c47_random_0_smallest_last.txt
week18_cycle_square_c47_random_1,cycle_square,C_47^2,random_1,2047.0,cycle_size,47,,,week18_handcrafted_candidate,47,94,0.08695652173913043,1,1,colpack,greedy_coloring,NATURAL,4,0.0,,True,4.0,data\processed\initial_graph_coloring_dataset\colpack_outputs_week18_heterogeneous_generalization\week18_cycle_square_c47_random_1_natural.txt
week18_cycle_square_c47_random_1,cycle_square,C_47^2,random_1,2047.0,cycle_size,47,,,week18_handcrafted_candidate,47,94,0.08695652173913043,1,1,colpack,greedy_coloring,LARGEST_FIRST,4,0.0,,True,4.0,data\processed\initial_graph_coloring_dataset\colpack_outputs_week18_heterogeneous_generalization\week18_cycle_square_c47_random_1_largest_first.txt
week18_cycle_square_c47_random_1,cycle_square,C_47^2,random_1,2047.0,cycle_size,47,,,week18_handcrafted_candidate,47,94,0.08695652173913043,1,1,colpack,greedy_coloring,DYNAMIC_LARGEST_FIRST,5,0.0,,True,4.0,data\processed\initial_graph_coloring_dataset\colpack_outputs_week18_heterogeneous_generalization\week18_cycle_square_c47_random_1_dynamic_largest_first.txt
week18_cycle_square_c47_random_1,cycle_square,C_47^2,random_1,2047.0,cycle_size,47,,,week18_handcrafted_candidate,47,94,0.08695652173913043,1,1,colpack,greedy_coloring,INCIDENCE_DEGREE,5,0.0,,True,4.0,data\processed\initial_graph_coloring_dataset\colpack_outputs_week18_heterogeneous_generalization\week18_cycle_square_c47_random_1_incidence_degree.txt
week18_cycle_square_c47_random_1,cycle_square,C_47^2,random_1,2047.0,cycle_size,47,,,week18_handcrafted_candidate,47,94,0.08695652173913043,1,1,colpack,greedy_coloring,SMALLEST_LAST,5,0.0,,True,4.0,data\processed\initial_graph_coloring_dataset\colpack_outputs_week18_heterogeneous_generalization\week18_cycle_square_c47_random_1_smallest_last.txt
week18_cycle_square_c50_identity,cycle_square,C_50^2,identity,,cycle_size,50,,,week18_handcrafted_candidate,50,100,0.08163265306122448,1,1,colpack,greedy_coloring,NATURAL,5,0.0,,True,4.0,data\processed\initial_graph_coloring_dataset\colpack_outputs_week18_heterogeneous_generalization\week18_cycle_square_c50_identity_natural.txt
week18_cycle_square_c50_identity,cycle_square,C_50^2,identity,,cycle_size,50,,,week18_handcrafted_candidate,50,100,0.08163265306122448,1,1,colpack,greedy_coloring,LARGEST_FIRST,5,0.0,,True,4.0,data\processed\initial_graph_coloring_dataset\colpack_outputs_week18_heterogeneous_generalization\week18_cycle_square_c50_identity_largest_first.txt
week18_cycle_square_c50_identity,cycle_square,C_50^2,identity,,cycle_size,50,,,week18_handcrafted_candidate,50,100,0.08163265306122448,1,1,colpack,greedy_coloring,DYNAMIC_LARGEST_FIRST,5,0.0,,True,4.0,data\processed\initial_graph_coloring_dataset\colpack_outputs_week18_heterogeneous_generalization\week18_cycle_square_c50_identity_dynamic_largest_first.txt
week18_cycle_square_c50_identity,cycle_square,C_50^2,identity,,cycle_size,50,,,week18_handcrafted_candidate,50,100,0.08163265306122448,1,1,colpack,greedy_coloring,INCIDENCE_DEGREE,5,0.0,,True,4.0,data\processed\initial_graph_coloring_dataset\colpack_outputs_week18_heterogeneous_generalization\week18_cycle_square_c50_identity_incidence_degree.txt
week18_cycle_square_c50_identity,cycle_square,C_50^2,identity,,cycle_size,50,,,week18_handcrafted_candidate,50,100,0.08163265306122448,1,1,colpack,greedy_coloring,SMALLEST_LAST,5,0.0,,True,4.0,data\processed\initial_graph_coloring_dataset\colpack_outputs_week18_heterogeneous_generalization\week18_cycle_square_c50_identity_smallest_last.txt
week18_cycle_square_c50_random_0,cycle_square,C_50^2,random_0,1050.0,cycle_size,50,,,week18_handcrafted_candidate,50,100,0.08163265306122448,1,1,colpack,greedy_coloring,NATURAL,5,0.0,,True,4.0,data\processed\initial_graph_coloring_dataset\colpack_outputs_week18_heterogeneous_generalization\week18_cycle_square_c50_random_0_natural.txt
week18_cycle_square_c50_random_0,cycle_square,C_50^2,random_0,1050.0,cycle_size,50,,,week18_handcrafted_candidate,50,100,0.08163265306122448,1,1,colpack,greedy_coloring,LARGEST_FIRST,5,0.0,,True,4.0,data\processed\initial_graph_coloring_dataset\colpack_outputs_week18_heterogeneous_generalization\week18_cycle_square_c50_random_0_largest_first.txt
week18_cycle_square_c50_random_0,cycle_square,C_50^2,random_0,1050.0,cycle_size,50,,,week18_handcrafted_candidate,50,100,0.08163265306122448,1,1,colpack,greedy_coloring,DYNAMIC_LARGEST_FIRST,4,0.0,,True,4.0,data\processed\initial_graph_coloring_dataset\colpack_outputs_week18_heterogeneous_generalization\week18_cycle_square_c50_random_0_dynamic_largest_first.txt
week18_cycle_square_c50_random_0,cycle_square,C_50^2,random_0,1050.0,cycle_size,50,,,week18_handcrafted_candidate,50,100,0.08163265306122448,1,1,colpack,greedy_coloring,INCIDENCE_DEGREE,5,0.0,,True,4.0,data\processed\initial_graph_coloring_dataset\colpack_outputs_week18_heterogeneous_generalization\week18_cycle_square_c50_random_0_incidence_degree.txt
week18_cycle_square_c50_random_0,cycle_square,C_50^2,random_0,1050.0,cycle_size,50,,,week18_handcrafted_candidate,50,100,0.08163265306122448,1,1,colpack,greedy_coloring,SMALLEST_LAST,5,0.0,,True,4.0,data\processed\initial_graph_coloring_dataset\colpack_outputs_week18_heterogeneous_generalization\week18_cycle_square_c50_random_0_smallest_last.txt
week18_cycle_square_c50_random_1,cycle_square,C_50^2,random_1,2050.0,cycle_size,50,,,week18_handcrafted_candidate,50,100,0.08163265306122448,1,1,colpack,greedy_coloring,NATURAL,5,0.0,,True,4.0,data\processed\initial_graph_coloring_dataset\colpack_outputs_week18_heterogeneous_generalization\week18_cycle_square_c50_random_1_natural.txt
week18_cycle_square_c50_random_1,cycle_square,C_50^2,random_1,2050.0,cycle_size,50,,,week18_handcrafted_candidate,50,100,0.08163265306122448,1,1,colpack,greedy_coloring,LARGEST_FIRST,5,0.0,,True,4.0,data\processed\initial_graph_coloring_dataset\colpack_outputs_week18_heterogeneous_generalization\week18_cycle_square_c50_random_1_largest_first.txt
week18_cycle_square_c50_random_1,cycle_square,C_50^2,random_1,2050.0,cycle_size,50,,,week18_handcrafted_candidate,50,100,0.08163265306122448,1,1,colpack,greedy_coloring,DYNAMIC_LARGEST_FIRST,5,0.0,,True,4.0,data\processed\initial_graph_coloring_dataset\colpack_outputs_week18_heterogeneous_generalization\week18_cycle_square_c50_random_1_dynamic_largest_first.txt
week18_cycle_square_c50_random_1,cycle_square,C_50^2,random_1,2050.0,cycle_size,50,,,week18_handcrafted_candidate,50,100,0.08163265306122448,1,1,colpack,greedy_coloring,INCIDENCE_DEGREE,5,0.0,,True,4.0,data\processed\initial_graph_coloring_dataset\colpack_outputs_week18_heterogeneous_generalization\week18_cycle_square_c50_random_1_incidence_degree.txt
week18_cycle_square_c50_random_1,cycle_square,C_50^2,random_1,2050.0,cycle_size,50,,,week18_handcrafted_candidate,50,100,0.08163265306122448,1,1,colpack,greedy_coloring,SMALLEST_LAST,5,0.0,,True,4.0,data\processed\initial_graph_coloring_dataset\colpack_outputs_week18_heterogeneous_generalization\week18_cycle_square_c50_random_1_smallest_last.txt
week18_cycle_square_c53_identity,cycle_square,C_53^2,identity,,cycle_size,53,,,week18_handcrafted_candidate,53,106,0.07692307692307693,1,1,colpack,greedy_coloring,NATURAL,5,0.0,,True,4.0,data\processed\initial_graph_coloring_dataset\colpack_outputs_week18_heterogeneous_generalization\week18_cycle_square_c53_identity_natural.txt
week18_cycle_square_c53_identity,cycle_square,C_53^2,identity,,cycle_size,53,,,week18_handcrafted_candidate,53,106,0.07692307692307693,1,1,colpack,greedy_coloring,LARGEST_FIRST,5,0.0,,True,4.0,data\processed\initial_graph_coloring_dataset\colpack_outputs_week18_heterogeneous_generalization\week18_cycle_square_c53_identity_largest_first.txt
week18_cycle_square_c53_identity,cycle_square,C_53^2,identity,,cycle_size,53,,,week18_handcrafted_candidate,53,106,0.07692307692307693,1,1,colpack,greedy_coloring,DYNAMIC_LARGEST_FIRST,5,0.0,,True,4.0,data\processed\initial_graph_coloring_dataset\colpack_outputs_week18_heterogeneous_generalization\week18_cycle_square_c53_identity_dynamic_largest_first.txt
week18_cycle_square_c53_identity,cycle_square,C_53^2,identity,,cycle_size,53,,,week18_handcrafted_candidate,53,106,0.07692307692307693,1,1,colpack,greedy_coloring,INCIDENCE_DEGREE,5,0.0,,True,4.0,data\processed\initial_graph_coloring_dataset\colpack_outputs_week18_heterogeneous_generalization\week18_cycle_square_c53_identity_incidence_degree.txt
week18_cycle_square_c53_identity,cycle_square,C_53^2,identity,,cycle_size,53,,,week18_handcrafted_candidate,53,106,0.07692307692307693,1,1,colpack,greedy_coloring,SMALLEST_LAST,5,0.0,,True,4.0,data\processed\initial_graph_coloring_dataset\colpack_outputs_week18_heterogeneous_generalization\week18_cycle_square_c53_identity_smallest_last.txt
week18_cycle_square_c53_random_0,cycle_square,C_53^2,random_0,1053.0,cycle_size,53,,,week18_handcrafted_candidate,53,106,0.07692307692307693,1,1,colpack,greedy_coloring,NATURAL,5,0.0,,True,4.0,data\processed\initial_graph_coloring_dataset\colpack_outputs_week18_heterogeneous_generalization\week18_cycle_square_c53_random_0_natural.txt
week18_cycle_square_c53_random_0,cycle_square,C_53^2,random_0,1053.0,cycle_size,53,,,week18_handcrafted_candidate,53,106,0.07692307692307693,1,1,colpack,greedy_coloring,LARGEST_FIRST,5,0.0,,True,4.0,data\processed\initial_graph_coloring_dataset\colpack_outputs_week18_heterogeneous_generalization\week18_cycle_square_c53_random_0_largest_first.txt
week18_cycle_square_c53_random_0,cycle_square,C_53^2,random_0,1053.0,cycle_size,53,,,week18_handcrafted_candidate,53,106,0.07692307692307693,1,1,colpack,greedy_coloring,DYNAMIC_LARGEST_FIRST,4,0.0,,True,4.0,data\processed\initial_graph_coloring_dataset\colpack_outputs_week18_heterogeneous_generalization\week18_cycle_square_c53_random_0_dynamic_largest_first.txt
week18_cycle_square_c53_random_0,cycle_square,C_53^2,random_0,1053.0,cycle_size,53,,,week18_handcrafted_candidate,53,106,0.07692307692307693,1,1,colpack,greedy_coloring,INCIDENCE_DEGREE,5,0.0,,True,4.0,data\processed\initial_graph_coloring_dataset\colpack_outputs_week18_heterogeneous_generalization\week18_cycle_square_c53_random_0_incidence_degree.txt
week18_cycle_square_c53_random_0,cycle_square,C_53^2,random_0,1053.0,cycle_size,53,,,week18_handcrafted_candidate,53,106,0.07692307692307693,1,1,colpack,greedy_coloring,SMALLEST_LAST,5,0.0,,True,4.0,data\processed\initial_graph_coloring_dataset\colpack_outputs_week18_heterogeneous_generalization\week18_cycle_square_c53_random_0_smallest_last.txt
week18_cycle_square_c53_random_1,cycle_square,C_53^2,random_1,2053.0,cycle_size,53,,,week18_handcrafted_candidate,53,106,0.07692307692307693,1,1,colpack,greedy_coloring,NATURAL,5,0.0,,True,4.0,data\processed\initial_graph_coloring_dataset\colpack_outputs_week18_heterogeneous_generalization\week18_cycle_square_c53_random_1_natural.txt
week18_cycle_square_c53_random_1,cycle_square,C_53^2,random_1,2053.0,cycle_size,53,,,week18_handcrafted_candidate,53,106,0.07692307692307693,1,1,colpack,greedy_coloring,LARGEST_FIRST,5,0.0,,True,4.0,data\processed\initial_graph_coloring_dataset\colpack_outputs_week18_heterogeneous_generalization\week18_cycle_square_c53_random_1_largest_first.txt
week18_cycle_square_c53_random_1,cycle_square,C_53^2,random_1,2053.0,cycle_size,53,,,week18_handcrafted_candidate,53,106,0.07692307692307693,1,1,colpack,greedy_coloring,DYNAMIC_LARGEST_FIRST,4,0.0,,True,4.0,data\processed\initial_graph_coloring_dataset\colpack_outputs_week18_heterogeneous_generalization\week18_cycle_square_c53_random_1_dynamic_largest_first.txt
week18_cycle_square_c53_random_1,cycle_square,C_53^2,random_1,2053.0,cycle_size,53,,,week18_handcrafted_candidate,53,106,0.07692307692307693,1,1,colpack,greedy_coloring,INCIDENCE_DEGREE,5,0.0,,True,4.0,data\processed\initial_graph_coloring_dataset\colpack_outputs_week18_heterogeneous_generalization\week18_cycle_square_c53_random_1_incidence_degree.txt
week18_cycle_square_c53_random_1,cycle_square,C_53^2,random_1,2053.0,cycle_size,53,,,week18_handcrafted_candidate,53,106,0.07692307692307693,1,1,colpack,greedy_coloring,SMALLEST_LAST,5,0.0,,True,4.0,data\processed\initial_graph_coloring_dataset\colpack_outputs_week18_heterogeneous_generalization\week18_cycle_square_c53_random_1_smallest_last.txt
week18_cycle_square_c56_identity,cycle_square,C_56^2,identity,,cycle_size,56,,,week18_handcrafted_candidate,56,112,0.07272727272727272,1,1,colpack,greedy_coloring,NATURAL,5,0.0,,True,4.0,data\processed\initial_graph_coloring_dataset\colpack_outputs_week18_heterogeneous_generalization\week18_cycle_square_c56_identity_natural.txt
week18_cycle_square_c56_identity,cycle_square,C_56^2,identity,,cycle_size,56,,,week18_handcrafted_candidate,56,112,0.07272727272727272,1,1,colpack,greedy_coloring,LARGEST_FIRST,5,0.0,,True,4.0,data\processed\initial_graph_coloring_dataset\colpack_outputs_week18_heterogeneous_generalization\week18_cycle_square_c56_identity_largest_first.txt
week18_cycle_square_c56_identity,cycle_square,C_56^2,identity,,cycle_size,56,,,week18_handcrafted_candidate,56,112,0.07272727272727272,1,1,colpack,greedy_coloring,DYNAMIC_LARGEST_FIRST,5,0.0,,True,4.0,data\processed\initial_graph_coloring_dataset\colpack_outputs_week18_heterogeneous_generalization\week18_cycle_square_c56_identity_dynamic_largest_first.txt
week18_cycle_square_c56_identity,cycle_square,C_56^2,identity,,cycle_size,56,,,week18_handcrafted_candidate,56,112,0.07272727272727272,1,1,colpack,greedy_coloring,INCIDENCE_DEGREE,5,0.0,,True,4.0,data\processed\initial_graph_coloring_dataset\colpack_outputs_week18_heterogeneous_generalization\week18_cycle_square_c56_identity_incidence_degree.txt
week18_cycle_square_c56_identity,cycle_square,C_56^2,identity,,cycle_size,56,,,week18_handcrafted_candidate,56,112,0.07272727272727272,1,1,colpack,greedy_coloring,SMALLEST_LAST,5,0.0,,True,4.0,data\processed\initial_graph_coloring_dataset\colpack_outputs_week18_heterogeneous_generalization\week18_cycle_square_c56_identity_smallest_last.txt
week18_cycle_square_c56_random_0,cycle_square,C_56^2,random_0,1056.0,cycle_size,56,,,week18_handcrafted_candidate,56,112,0.07272727272727272,1,1,colpack,greedy_coloring,NATURAL,5,0.0,,True,4.0,data\processed\initial_graph_coloring_dataset\colpack_outputs_week18_heterogeneous_generalization\week18_cycle_square_c56_random_0_natural.txt
week18_cycle_square_c56_random_0,cycle_square,C_56^2,random_0,1056.0,cycle_size,56,,,week18_handcrafted_candidate,56,112,0.07272727272727272,1,1,colpack,greedy_coloring,LARGEST_FIRST,5,0.0,,True,4.0,data\processed\initial_graph_coloring_dataset\colpack_outputs_week18_heterogeneous_generalization\week18_cycle_square_c56_random_0_largest_first.txt
week18_cycle_square_c56_random_0,cycle_square,C_56^2,random_0,1056.0,cycle_size,56,,,week18_handcrafted_candidate,56,112,0.07272727272727272,1,1,colpack,greedy_coloring,DYNAMIC_LARGEST_FIRST,4,0.0,,True,4.0,data\processed\initial_graph_coloring_dataset\colpack_outputs_week18_heterogeneous_generalization\week18_cycle_square_c56_random_0_dynamic_largest_first.txt
week18_cycle_square_c56_random_0,cycle_square,C_56^2,random_0,1056.0,cycle_size,56,,,week18_handcrafted_candidate,56,112,0.07272727272727272,1,1,colpack,greedy_coloring,INCIDENCE_DEGREE,5,0.0,,True,4.0,data\processed\initial_graph_coloring_dataset\colpack_outputs_week18_heterogeneous_generalization\week18_cycle_square_c56_random_0_incidence_degree.txt
week18_cycle_square_c56_random_0,cycle_square,C_56^2,random_0,1056.0,cycle_size,56,,,week18_handcrafted_candidate,56,112,0.07272727272727272,1,1,colpack,greedy_coloring,SMALLEST_LAST,5,0.0,,True,4.0,data\processed\initial_graph_coloring_dataset\colpack_outputs_week18_heterogeneous_generalization\week18_cycle_square_c56_random_0_smallest_last.txt
week18_cycle_square_c56_random_1,cycle_square,C_56^2,random_1,2056.0,cycle_size,56,,,week18_handcrafted_candidate,56,112,0.07272727272727272,1,1,colpack,greedy_coloring,NATURAL,5,0.0,,True,4.0,data\processed\initial_graph_coloring_dataset\colpack_outputs_week18_heterogeneous_generalization\week18_cycle_square_c56_random_1_natural.txt
week18_cycle_square_c56_random_1,cycle_square,C_56^2,random_1,2056.0,cycle_size,56,,,week18_handcrafted_candidate,56,112,0.07272727272727272,1,1,colpack,greedy_coloring,LARGEST_FIRST,5,0.0,,True,4.0,data\processed\initial_graph_coloring_dataset\colpack_outputs_week18_heterogeneous_generalization\week18_cycle_square_c56_random_1_largest_first.txt
week18_cycle_square_c56_random_1,cycle_square,C_56^2,random_1,2056.0,cycle_size,56,,,week18_handcrafted_candidate,56,112,0.07272727272727272,1,1,colpack,greedy_coloring,DYNAMIC_LARGEST_FIRST,4,0.0,,True,4.0,data\processed\initial_graph_coloring_dataset\colpack_outputs_week18_heterogeneous_generalization\week18_cycle_square_c56_random_1_dynamic_largest_first.txt
week18_cycle_square_c56_random_1,cycle_square,C_56^2,random_1,2056.0,cycle_size,56,,,week18_handcrafted_candidate,56,112,0.07272727272727272,1,1,colpack,greedy_coloring,INCIDENCE_DEGREE,5,0.0,,True,4.0,data\processed\initial_graph_coloring_dataset\colpack_outputs_week18_heterogeneous_generalization\week18_cycle_square_c56_random_1_incidence_degree.txt
week18_cycle_square_c56_random_1,cycle_square,C_56^2,random_1,2056.0,cycle_size,56,,,week18_handcrafted_candidate,56,112,0.07272727272727272,1,1,colpack,greedy_coloring,SMALLEST_LAST,5,0.001,,True,4.0,data\processed\initial_graph_coloring_dataset\colpack_outputs_week18_heterogeneous_generalization\week18_cycle_square_c56_random_1_smallest_last.txt
week18_cycle_square_c59_identity,cycle_square,C_59^2,identity,,cycle_size,59,,,week18_handcrafted_candidate,59,118,0.06896551724137931,1,1,colpack,greedy_coloring,NATURAL,5,0.0,,True,4.0,data\processed\initial_graph_coloring_dataset\colpack_outputs_week18_heterogeneous_generalization\week18_cycle_square_c59_identity_natural.txt
week18_cycle_square_c59_identity,cycle_square,C_59^2,identity,,cycle_size,59,,,week18_handcrafted_candidate,59,118,0.06896551724137931,1,1,colpack,greedy_coloring,LARGEST_FIRST,5,0.0,,True,4.0,data\processed\initial_graph_coloring_dataset\colpack_outputs_week18_heterogeneous_generalization\week18_cycle_square_c59_identity_largest_first.txt
week18_cycle_square_c59_identity,cycle_square,C_59^2,identity,,cycle_size,59,,,week18_handcrafted_candidate,59,118,0.06896551724137931,1,1,colpack,greedy_coloring,DYNAMIC_LARGEST_FIRST,5,0.0,,True,4.0,data\processed\initial_graph_coloring_dataset\colpack_outputs_week18_heterogeneous_generalization\week18_cycle_square_c59_identity_dynamic_largest_first.txt
week18_cycle_square_c59_identity,cycle_square,C_59^2,identity,,cycle_size,59,,,week18_handcrafted_candidate,59,118,0.06896551724137931,1,1,colpack,greedy_coloring,INCIDENCE_DEGREE,5,0.0,,True,4.0,data\processed\initial_graph_coloring_dataset\colpack_outputs_week18_heterogeneous_generalization\week18_cycle_square_c59_identity_incidence_degree.txt
week18_cycle_square_c59_identity,cycle_square,C_59^2,identity,,cycle_size,59,,,week18_handcrafted_candidate,59,118,0.06896551724137931,1,1,colpack,greedy_coloring,SMALLEST_LAST,5,0.0,,True,4.0,data\processed\initial_graph_coloring_dataset\colpack_outputs_week18_heterogeneous_generalization\week18_cycle_square_c59_identity_smallest_last.txt
week18_cycle_square_c59_random_0,cycle_square,C_59^2,random_0,1059.0,cycle_size,59,,,week18_handcrafted_candidate,59,118,0.06896551724137931,1,1,colpack,greedy_coloring,NATURAL,5,0.0,,True,4.0,data\processed\initial_graph_coloring_dataset\colpack_outputs_week18_heterogeneous_generalization\week18_cycle_square_c59_random_0_natural.txt
week18_cycle_square_c59_random_0,cycle_square,C_59^2,random_0,1059.0,cycle_size,59,,,week18_handcrafted_candidate,59,118,0.06896551724137931,1,1,colpack,greedy_coloring,LARGEST_FIRST,5,0.0,,True,4.0,data\processed\initial_graph_coloring_dataset\colpack_outputs_week18_heterogeneous_generalization\week18_cycle_square_c59_random_0_largest_first.txt
week18_cycle_square_c59_random_0,cycle_square,C_59^2,random_0,1059.0,cycle_size,59,,,week18_handcrafted_candidate,59,118,0.06896551724137931,1,1,colpack,greedy_coloring,DYNAMIC_LARGEST_FIRST,5,0.0,,True,4.0,data\processed\initial_graph_coloring_dataset\colpack_outputs_week18_heterogeneous_generalization\week18_cycle_square_c59_random_0_dynamic_largest_first.txt
week18_cycle_square_c59_random_0,cycle_square,C_59^2,random_0,1059.0,cycle_size,59,,,week18_handcrafted_candidate,59,118,0.06896551724137931,1,1,colpack,greedy_coloring,INCIDENCE_DEGREE,5,0.0,,True,4.0,data\processed\initial_graph_coloring_dataset\colpack_outputs_week18_heterogeneous_generalization\week18_cycle_square_c59_random_0_incidence_degree.txt
week18_cycle_square_c59_random_0,cycle_square,C_59^2,random_0,1059.0,cycle_size,59,,,week18_handcrafted_candidate,59,118,0.06896551724137931,1,1,colpack,greedy_coloring,SMALLEST_LAST,5,0.0,,True,4.0,data\processed\initial_graph_coloring_dataset\colpack_outputs_week18_heterogeneous_generalization\week18_cycle_square_c59_random_0_smallest_last.txt
week18_cycle_square_c59_random_1,cycle_square,C_59^2,random_1,2059.0,cycle_size,59,,,week18_handcrafted_candidate,59,118,0.06896551724137931,1,1,colpack,greedy_coloring,NATURAL,4,0.0,,True,4.0,data\processed\initial_graph_coloring_dataset\colpack_outputs_week18_heterogeneous_generalization\week18_cycle_square_c59_random_1_natural.txt
week18_cycle_square_c59_random_1,cycle_square,C_59^2,random_1,2059.0,cycle_size,59,,,week18_handcrafted_candidate,59,118,0.06896551724137931,1,1,colpack,greedy_coloring,LARGEST_FIRST,4,0.0,,True,4.0,data\processed\initial_graph_coloring_dataset\colpack_outputs_week18_heterogeneous_generalization\week18_cycle_square_c59_random_1_largest_first.txt
week18_cycle_square_c59_random_1,cycle_square,C_59^2,random_1,2059.0,cycle_size,59,,,week18_handcrafted_candidate,59,118,0.06896551724137931,1,1,colpack,greedy_coloring,DYNAMIC_LARGEST_FIRST,4,0.0,,True,4.0,data\processed\initial_graph_coloring_dataset\colpack_outputs_week18_heterogeneous_generalization\week18_cycle_square_c59_random_1_dynamic_largest_first.txt
week18_cycle_square_c59_random_1,cycle_square,C_59^2,random_1,2059.0,cycle_size,59,,,week18_handcrafted_candidate,59,118,0.06896551724137931,1,1,colpack,greedy_coloring,INCIDENCE_DEGREE,5,0.0,,True,4.0,data\processed\initial_graph_coloring_dataset\colpack_outputs_week18_heterogeneous_generalization\week18_cycle_square_c59_random_1_incidence_degree.txt
week18_cycle_square_c59_random_1,cycle_square,C_59^2,random_1,2059.0,cycle_size,59,,,week18_handcrafted_candidate,59,118,0.06896551724137931,1,1,colpack,greedy_coloring,SMALLEST_LAST,5,0.0,,True,4.0,data\processed\initial_graph_coloring_dataset\colpack_outputs_week18_heterogeneous_generalization\week18_cycle_square_c59_random_1_smallest_last.txt
week18_crown_m10_blocked,crown,"K_{10,10} minus perfect matching",blocked,,partition_size,10,,,week18_handcrafted_candidate,20,90,0.47368421052631576,1,1,colpack,greedy_coloring,NATURAL,2,0.0,,True,2.0,data\processed\initial_graph_coloring_dataset\colpack_outputs_week18_heterogeneous_generalization\week18_crown_m10_blocked_natural.txt
week18_crown_m10_blocked,crown,"K_{10,10} minus perfect matching",blocked,,partition_size,10,,,week18_handcrafted_candidate,20,90,0.47368421052631576,1,1,colpack,greedy_coloring,LARGEST_FIRST,2,0.0,,True,2.0,data\processed\initial_graph_coloring_dataset\colpack_outputs_week18_heterogeneous_generalization\week18_crown_m10_blocked_largest_first.txt
week18_crown_m10_blocked,crown,"K_{10,10} minus perfect matching",blocked,,partition_size,10,,,week18_handcrafted_candidate,20,90,0.47368421052631576,1,1,colpack,greedy_coloring,DYNAMIC_LARGEST_FIRST,10,0.0,,True,2.0,data\processed\initial_graph_coloring_dataset\colpack_outputs_week18_heterogeneous_generalization\week18_crown_m10_blocked_dynamic_largest_first.txt
week18_crown_m10_blocked,crown,"K_{10,10} minus perfect matching",blocked,,partition_size,10,,,week18_handcrafted_candidate,20,90,0.47368421052631576,1,1,colpack,greedy_coloring,INCIDENCE_DEGREE,2,0.0,,True,2.0,data\processed\initial_graph_coloring_dataset\colpack_outputs_week18_heterogeneous_generalization\week18_crown_m10_blocked_incidence_degree.txt
week18_crown_m10_blocked,crown,"K_{10,10} minus perfect matching",blocked,,partition_size,10,,,week18_handcrafted_candidate,20,90,0.47368421052631576,1,1,colpack,greedy_coloring,SMALLEST_LAST,2,0.0,,True,2.0,data\processed\initial_graph_coloring_dataset\colpack_outputs_week18_heterogeneous_generalization\week18_crown_m10_blocked_smallest_last.txt
week18_crown_m10_alternating,crown,"K_{10,10} minus perfect matching",alternating,,partition_size,10,,,week18_handcrafted_candidate,20,90,0.47368421052631576,1,1,colpack,greedy_coloring,NATURAL,10,0.0,,True,2.0,data\processed\initial_graph_coloring_dataset\colpack_outputs_week18_heterogeneous_generalization\week18_crown_m10_alternating_natural.txt
week18_crown_m10_alternating,crown,"K_{10,10} minus perfect matching",alternating,,partition_size,10,,,week18_handcrafted_candidate,20,90,0.47368421052631576,1,1,colpack,greedy_coloring,LARGEST_FIRST,10,0.0,,True,2.0,data\processed\initial_graph_coloring_dataset\colpack_outputs_week18_heterogeneous_generalization\week18_crown_m10_alternating_largest_first.txt
week18_crown_m10_alternating,crown,"K_{10,10} minus perfect matching",alternating,,partition_size,10,,,week18_handcrafted_candidate,20,90,0.47368421052631576,1,1,colpack,greedy_coloring,DYNAMIC_LARGEST_FIRST,2,0.0,,True,2.0,data\processed\initial_graph_coloring_dataset\colpack_outputs_week18_heterogeneous_generalization\week18_crown_m10_alternating_dynamic_largest_first.txt
week18_crown_m10_alternating,crown,"K_{10,10} minus perfect matching",alternating,,partition_size,10,,,week18_handcrafted_candidate,20,90,0.47368421052631576,1,1,colpack,greedy_coloring,INCIDENCE_DEGREE,2,0.0,,True,2.0,data\processed\initial_graph_coloring_dataset\colpack_outputs_week18_heterogeneous_generalization\week18_crown_m10_alternating_incidence_degree.txt
week18_crown_m10_alternating,crown,"K_{10,10} minus perfect matching",alternating,,partition_size,10,,,week18_handcrafted_candidate,20,90,0.47368421052631576,1,1,colpack,greedy_coloring,SMALLEST_LAST,2,0.0,,True,2.0,data\processed\initial_graph_coloring_dataset\colpack_outputs_week18_heterogeneous_generalization\week18_crown_m10_alternating_smallest_last.txt
week18_crown_m10_random,crown,"K_{10,10} minus perfect matching",random,3010.0,partition_size,10,,,week18_handcrafted_candidate,20,90,0.47368421052631576,1,1,colpack,greedy_coloring,NATURAL,3,0.0,,True,2.0,data\processed\initial_graph_coloring_dataset\colpack_outputs_week18_heterogeneous_generalization\week18_crown_m10_random_natural.txt
week18_crown_m10_random,crown,"K_{10,10} minus perfect matching",random,3010.0,partition_size,10,,,week18_handcrafted_candidate,20,90,0.47368421052631576,1,1,colpack,greedy_coloring,LARGEST_FIRST,3,0.0,,True,2.0,data\processed\initial_graph_coloring_dataset\colpack_outputs_week18_heterogeneous_generalization\week18_crown_m10_random_largest_first.txt
week18_crown_m10_random,crown,"K_{10,10} minus perfect matching",random,3010.0,partition_size,10,,,week18_handcrafted_candidate,20,90,0.47368421052631576,1,1,colpack,greedy_coloring,DYNAMIC_LARGEST_FIRST,2,0.0,,True,2.0,data\processed\initial_graph_coloring_dataset\colpack_outputs_week18_heterogeneous_generalization\week18_crown_m10_random_dynamic_largest_first.txt
week18_crown_m10_random,crown,"K_{10,10} minus perfect matching",random,3010.0,partition_size,10,,,week18_handcrafted_candidate,20,90,0.47368421052631576,1,1,colpack,greedy_coloring,INCIDENCE_DEGREE,2,0.0,,True,2.0,data\processed\initial_graph_coloring_dataset\colpack_outputs_week18_heterogeneous_generalization\week18_crown_m10_random_incidence_degree.txt
week18_crown_m10_random,crown,"K_{10,10} minus perfect matching",random,3010.0,partition_size,10,,,week18_handcrafted_candidate,20,90,0.47368421052631576,1,1,colpack,greedy_coloring,SMALLEST_LAST,2,0.0,,True,2.0,data\processed\initial_graph_coloring_dataset\colpack_outputs_week18_heterogeneous_generalization\week18_crown_m10_random_smallest_last.txt
week18_crown_m12_blocked,crown,"K_{12,12} minus perfect matching",blocked,,partition_size,12,,,week18_handcrafted_candidate,24,132,0.4782608695652174,1,1,colpack,greedy_coloring,NATURAL,2,0.0,,True,2.0,data\processed\initial_graph_coloring_dataset\colpack_outputs_week18_heterogeneous_generalization\week18_crown_m12_blocked_natural.txt
week18_crown_m12_blocked,crown,"K_{12,12} minus perfect matching",blocked,,partition_size,12,,,week18_handcrafted_candidate,24,132,0.4782608695652174,1,1,colpack,greedy_coloring,LARGEST_FIRST,2,0.0,,True,2.0,data\processed\initial_graph_coloring_dataset\colpack_outputs_week18_heterogeneous_generalization\week18_crown_m12_blocked_largest_first.txt
week18_crown_m12_blocked,crown,"K_{12,12} minus perfect matching",blocked,,partition_size,12,,,week18_handcrafted_candidate,24,132,0.4782608695652174,1,1,colpack,greedy_coloring,DYNAMIC_LARGEST_FIRST,12,0.0,,True,2.0,data\processed\initial_graph_coloring_dataset\colpack_outputs_week18_heterogeneous_generalization\week18_crown_m12_blocked_dynamic_largest_first.txt
week18_crown_m12_blocked,crown,"K_{12,12} minus perfect matching",blocked,,partition_size,12,,,week18_handcrafted_candidate,24,132,0.4782608695652174,1,1,colpack,greedy_coloring,INCIDENCE_DEGREE,2,0.0,,True,2.0,data\processed\initial_graph_coloring_dataset\colpack_outputs_week18_heterogeneous_generalization\week18_crown_m12_blocked_incidence_degree.txt
week18_crown_m12_blocked,crown,"K_{12,12} minus perfect matching",blocked,,partition_size,12,,,week18_handcrafted_candidate,24,132,0.4782608695652174,1,1,colpack,greedy_coloring,SMALLEST_LAST,2,0.0,,True,2.0,data\processed\initial_graph_coloring_dataset\colpack_outputs_week18_heterogeneous_generalization\week18_crown_m12_blocked_smallest_last.txt
week18_crown_m12_alternating,crown,"K_{12,12} minus perfect matching",alternating,,partition_size,12,,,week18_handcrafted_candidate,24,132,0.4782608695652174,1,1,colpack,greedy_coloring,NATURAL,12,0.0,,True,2.0,data\processed\initial_graph_coloring_dataset\colpack_outputs_week18_heterogeneous_generalization\week18_crown_m12_alternating_natural.txt
week18_crown_m12_alternating,crown,"K_{12,12} minus perfect matching",alternating,,partition_size,12,,,week18_handcrafted_candidate,24,132,0.4782608695652174,1,1,colpack,greedy_coloring,LARGEST_FIRST,12,0.0,,True,2.0,data\processed\initial_graph_coloring_dataset\colpack_outputs_week18_heterogeneous_generalization\week18_crown_m12_alternating_largest_first.txt
week18_crown_m12_alternating,crown,"K_{12,12} minus perfect matching",alternating,,partition_size,12,,,week18_handcrafted_candidate,24,132,0.4782608695652174,1,1,colpack,greedy_coloring,DYNAMIC_LARGEST_FIRST,2,0.0,,True,2.0,data\processed\initial_graph_coloring_dataset\colpack_outputs_week18_heterogeneous_generalization\week18_crown_m12_alternating_dynamic_largest_first.txt
week18_crown_m12_alternating,crown,"K_{12,12} minus perfect matching",alternating,,partition_size,12,,,week18_handcrafted_candidate,24,132,0.4782608695652174,1,1,colpack,greedy_coloring,INCIDENCE_DEGREE,2,0.0,,True,2.0,data\processed\initial_graph_coloring_dataset\colpack_outputs_week18_heterogeneous_generalization\week18_crown_m12_alternating_incidence_degree.txt
week18_crown_m12_alternating,crown,"K_{12,12} minus perfect matching",alternating,,partition_size,12,,,week18_handcrafted_candidate,24,132,0.4782608695652174,1,1,colpack,greedy_coloring,SMALLEST_LAST,2,0.0,,True,2.0,data\processed\initial_graph_coloring_dataset\colpack_outputs_week18_heterogeneous_generalization\week18_crown_m12_alternating_smallest_last.txt
week18_crown_m12_random,crown,"K_{12,12} minus perfect matching",random,3012.0,partition_size,12,,,week18_handcrafted_candidate,24,132,0.4782608695652174,1,1,colpack,greedy_coloring,NATURAL,2,0.0,,True,2.0,data\processed\initial_graph_coloring_dataset\colpack_outputs_week18_heterogeneous_generalization\week18_crown_m12_random_natural.txt
week18_crown_m12_random,crown,"K_{12,12} minus perfect matching",random,3012.0,partition_size,12,,,week18_handcrafted_candidate,24,132,0.4782608695652174,1,1,colpack,greedy_coloring,LARGEST_FIRST,2,0.0,,True,2.0,data\processed\initial_graph_coloring_dataset\colpack_outputs_week18_heterogeneous_generalization\week18_crown_m12_random_largest_first.txt
week18_crown_m12_random,crown,"K_{12,12} minus perfect matching",random,3012.0,partition_size,12,,,week18_handcrafted_candidate,24,132,0.4782608695652174,1,1,colpack,greedy_coloring,DYNAMIC_LARGEST_FIRST,2,0.0,,True,2.0,data\processed\initial_graph_coloring_dataset\colpack_outputs_week18_heterogeneous_generalization\week18_crown_m12_random_dynamic_largest_first.txt
week18_crown_m12_random,crown,"K_{12,12} minus perfect matching",random,3012.0,partition_size,12,,,week18_handcrafted_candidate,24,132,0.4782608695652174,1,1,colpack,greedy_coloring,INCIDENCE_DEGREE,2,0.0,,True,2.0,data\processed\initial_graph_coloring_dataset\colpack_outputs_week18_heterogeneous_generalization\week18_crown_m12_random_incidence_degree.txt
week18_crown_m12_random,crown,"K_{12,12} minus perfect matching",random,3012.0,partition_size,12,,,week18_handcrafted_candidate,24,132,0.4782608695652174,1,1,colpack,greedy_coloring,SMALLEST_LAST,2,0.0,,True,2.0,data\processed\initial_graph_coloring_dataset\colpack_outputs_week18_heterogeneous_generalization\week18_crown_m12_random_smallest_last.txt
week18_crown_m14_blocked,crown,"K_{14,14} minus perfect matching",blocked,,partition_size,14,,,week18_handcrafted_candidate,28,182,0.48148148148148145,1,1,colpack,greedy_coloring,NATURAL,2,0.0,,True,2.0,data\processed\initial_graph_coloring_dataset\colpack_outputs_week18_heterogeneous_generalization\week18_crown_m14_blocked_natural.txt
week18_crown_m14_blocked,crown,"K_{14,14} minus perfect matching",blocked,,partition_size,14,,,week18_handcrafted_candidate,28,182,0.48148148148148145,1,1,colpack,greedy_coloring,LARGEST_FIRST,2,0.0,,True,2.0,data\processed\initial_graph_coloring_dataset\colpack_outputs_week18_heterogeneous_generalization\week18_crown_m14_blocked_largest_first.txt
week18_crown_m14_blocked,crown,"K_{14,14} minus perfect matching",blocked,,partition_size,14,,,week18_handcrafted_candidate,28,182,0.48148148148148145,1,1,colpack,greedy_coloring,DYNAMIC_LARGEST_FIRST,14,0.0,,True,2.0,data\processed\initial_graph_coloring_dataset\colpack_outputs_week18_heterogeneous_generalization\week18_crown_m14_blocked_dynamic_largest_first.txt
week18_crown_m14_blocked,crown,"K_{14,14} minus perfect matching",blocked,,partition_size,14,,,week18_handcrafted_candidate,28,182,0.48148148148148145,1,1,colpack,greedy_coloring,INCIDENCE_DEGREE,2,0.0,,True,2.0,data\processed\initial_graph_coloring_dataset\colpack_outputs_week18_heterogeneous_generalization\week18_crown_m14_blocked_incidence_degree.txt
week18_crown_m14_blocked,crown,"K_{14,14} minus perfect matching",blocked,,partition_size,14,,,week18_handcrafted_candidate,28,182,0.48148148148148145,1,1,colpack,greedy_coloring,SMALLEST_LAST,2,0.001,,True,2.0,data\processed\initial_graph_coloring_dataset\colpack_outputs_week18_heterogeneous_generalization\week18_crown_m14_blocked_smallest_last.txt
week18_crown_m14_alternating,crown,"K_{14,14} minus perfect matching",alternating,,partition_size,14,,,week18_handcrafted_candidate,28,182,0.48148148148148145,1,1,colpack,greedy_coloring,NATURAL,14,0.0,,True,2.0,data\processed\initial_graph_coloring_dataset\colpack_outputs_week18_heterogeneous_generalization\week18_crown_m14_alternating_natural.txt
week18_crown_m14_alternating,crown,"K_{14,14} minus perfect matching",alternating,,partition_size,14,,,week18_handcrafted_candidate,28,182,0.48148148148148145,1,1,colpack,greedy_coloring,LARGEST_FIRST,14,0.0,,True,2.0,data\processed\initial_graph_coloring_dataset\colpack_outputs_week18_heterogeneous_generalization\week18_crown_m14_alternating_largest_first.txt
week18_crown_m14_alternating,crown,"K_{14,14} minus perfect matching",alternating,,partition_size,14,,,week18_handcrafted_candidate,28,182,0.48148148148148145,1,1,colpack,greedy_coloring,DYNAMIC_LARGEST_FIRST,2,0.0,,True,2.0,data\processed\initial_graph_coloring_dataset\colpack_outputs_week18_heterogeneous_generalization\week18_crown_m14_alternating_dynamic_largest_first.txt
week18_crown_m14_alternating,crown,"K_{14,14} minus perfect matching",alternating,,partition_size,14,,,week18_handcrafted_candidate,28,182,0.48148148148148145,1,1,colpack,greedy_coloring,INCIDENCE_DEGREE,2,0.001,,True,2.0,data\processed\initial_graph_coloring_dataset\colpack_outputs_week18_heterogeneous_generalization\week18_crown_m14_alternating_incidence_degree.txt
week18_crown_m14_alternating,crown,"K_{14,14} minus perfect matching",alternating,,partition_size,14,,,week18_handcrafted_candidate,28,182,0.48148148148148145,1,1,colpack,greedy_coloring,SMALLEST_LAST,2,0.0,,True,2.0,data\processed\initial_graph_coloring_dataset\colpack_outputs_week18_heterogeneous_generalization\week18_crown_m14_alternating_smallest_last.txt
week18_crown_m14_random,crown,"K_{14,14} minus perfect matching",random,3014.0,partition_size,14,,,week18_handcrafted_candidate,28,182,0.48148148148148145,1,1,colpack,greedy_coloring,NATURAL,2,0.0,,True,2.0,data\processed\initial_graph_coloring_dataset\colpack_outputs_week18_heterogeneous_generalization\week18_crown_m14_random_natural.txt
week18_crown_m14_random,crown,"K_{14,14} minus perfect matching",random,3014.0,partition_size,14,,,week18_handcrafted_candidate,28,182,0.48148148148148145,1,1,colpack,greedy_coloring,LARGEST_FIRST,2,0.0,,True,2.0,data\processed\initial_graph_coloring_dataset\colpack_outputs_week18_heterogeneous_generalization\week18_crown_m14_random_largest_first.txt
week18_crown_m14_random,crown,"K_{14,14} minus perfect matching",random,3014.0,partition_size,14,,,week18_handcrafted_candidate,28,182,0.48148148148148145,1,1,colpack,greedy_coloring,DYNAMIC_LARGEST_FIRST,2,0.0,,True,2.0,data\processed\initial_graph_coloring_dataset\colpack_outputs_week18_heterogeneous_generalization\week18_crown_m14_random_dynamic_largest_first.txt
week18_crown_m14_random,crown,"K_{14,14} minus perfect matching",random,3014.0,partition_size,14,,,week18_handcrafted_candidate,28,182,0.48148148148148145,1,1,colpack,greedy_coloring,INCIDENCE_DEGREE,2,0.0,,True,2.0,data\processed\initial_graph_coloring_dataset\colpack_outputs_week18_heterogeneous_generalization\week18_crown_m14_random_incidence_degree.txt
week18_crown_m14_random,crown,"K_{14,14} minus perfect matching",random,3014.0,partition_size,14,,,week18_handcrafted_candidate,28,182,0.48148148148148145,1,1,colpack,greedy_coloring,SMALLEST_LAST,2,0.0,,True,2.0,data\processed\initial_graph_coloring_dataset\colpack_outputs_week18_heterogeneous_generalization\week18_crown_m14_random_smallest_last.txt
week18_crown_m16_blocked,crown,"K_{16,16} minus perfect matching",blocked,,partition_size,16,,,week18_handcrafted_candidate,32,240,0.4838709677419355,1,1,colpack,greedy_coloring,NATURAL,2,0.0,,True,2.0,data\processed\initial_graph_coloring_dataset\colpack_outputs_week18_heterogeneous_generalization\week18_crown_m16_blocked_natural.txt
week18_crown_m16_blocked,crown,"K_{16,16} minus perfect matching",blocked,,partition_size,16,,,week18_handcrafted_candidate,32,240,0.4838709677419355,1,1,colpack,greedy_coloring,LARGEST_FIRST,2,0.0,,True,2.0,data\processed\initial_graph_coloring_dataset\colpack_outputs_week18_heterogeneous_generalization\week18_crown_m16_blocked_largest_first.txt
week18_crown_m16_blocked,crown,"K_{16,16} minus perfect matching",blocked,,partition_size,16,,,week18_handcrafted_candidate,32,240,0.4838709677419355,1,1,colpack,greedy_coloring,DYNAMIC_LARGEST_FIRST,16,0.0,,True,2.0,data\processed\initial_graph_coloring_dataset\colpack_outputs_week18_heterogeneous_generalization\week18_crown_m16_blocked_dynamic_largest_first.txt
week18_crown_m16_blocked,crown,"K_{16,16} minus perfect matching",blocked,,partition_size,16,,,week18_handcrafted_candidate,32,240,0.4838709677419355,1,1,colpack,greedy_coloring,INCIDENCE_DEGREE,2,0.0,,True,2.0,data\processed\initial_graph_coloring_dataset\colpack_outputs_week18_heterogeneous_generalization\week18_crown_m16_blocked_incidence_degree.txt
week18_crown_m16_blocked,crown,"K_{16,16} minus perfect matching",blocked,,partition_size,16,,,week18_handcrafted_candidate,32,240,0.4838709677419355,1,1,colpack,greedy_coloring,SMALLEST_LAST,2,0.0,,True,2.0,data\processed\initial_graph_coloring_dataset\colpack_outputs_week18_heterogeneous_generalization\week18_crown_m16_blocked_smallest_last.txt
week18_crown_m16_alternating,crown,"K_{16,16} minus perfect matching",alternating,,partition_size,16,,,week18_handcrafted_candidate,32,240,0.4838709677419355,1,1,colpack,greedy_coloring,NATURAL,16,0.0,,True,2.0,data\processed\initial_graph_coloring_dataset\colpack_outputs_week18_heterogeneous_generalization\week18_crown_m16_alternating_natural.txt
week18_crown_m16_alternating,crown,"K_{16,16} minus perfect matching",alternating,,partition_size,16,,,week18_handcrafted_candidate,32,240,0.4838709677419355,1,1,colpack,greedy_coloring,LARGEST_FIRST,16,0.0,,True,2.0,data\processed\initial_graph_coloring_dataset\colpack_outputs_week18_heterogeneous_generalization\week18_crown_m16_alternating_largest_first.txt
week18_crown_m16_alternating,crown,"K_{16,16} minus perfect matching",alternating,,partition_size,16,,,week18_handcrafted_candidate,32,240,0.4838709677419355,1,1,colpack,greedy_coloring,DYNAMIC_LARGEST_FIRST,2,0.0,,True,2.0,data\processed\initial_graph_coloring_dataset\colpack_outputs_week18_heterogeneous_generalization\week18_crown_m16_alternating_dynamic_largest_first.txt
week18_crown_m16_alternating,crown,"K_{16,16} minus perfect matching",alternating,,partition_size,16,,,week18_handcrafted_candidate,32,240,0.4838709677419355,1,1,colpack,greedy_coloring,INCIDENCE_DEGREE,2,0.0,,True,2.0,data\processed\initial_graph_coloring_dataset\colpack_outputs_week18_heterogeneous_generalization\week18_crown_m16_alternating_incidence_degree.txt
week18_crown_m16_alternating,crown,"K_{16,16} minus perfect matching",alternating,,partition_size,16,,,week18_handcrafted_candidate,32,240,0.4838709677419355,1,1,colpack,greedy_coloring,SMALLEST_LAST,2,0.0,,True,2.0,data\processed\initial_graph_coloring_dataset\colpack_outputs_week18_heterogeneous_generalization\week18_crown_m16_alternating_smallest_last.txt
week18_crown_m16_random,crown,"K_{16,16} minus perfect matching",random,3016.0,partition_size,16,,,week18_handcrafted_candidate,32,240,0.4838709677419355,1,1,colpack,greedy_coloring,NATURAL,2,0.0,,True,2.0,data\processed\initial_graph_coloring_dataset\colpack_outputs_week18_heterogeneous_generalization\week18_crown_m16_random_natural.txt
week18_crown_m16_random,crown,"K_{16,16} minus perfect matching",random,3016.0,partition_size,16,,,week18_handcrafted_candidate,32,240,0.4838709677419355,1,1,colpack,greedy_coloring,LARGEST_FIRST,2,0.0,,True,2.0,data\processed\initial_graph_coloring_dataset\colpack_outputs_week18_heterogeneous_generalization\week18_crown_m16_random_largest_first.txt
week18_crown_m16_random,crown,"K_{16,16} minus perfect matching",random,3016.0,partition_size,16,,,week18_handcrafted_candidate,32,240,0.4838709677419355,1,1,colpack,greedy_coloring,DYNAMIC_LARGEST_FIRST,4,0.0,,True,2.0,data\processed\initial_graph_coloring_dataset\colpack_outputs_week18_heterogeneous_generalization\week18_crown_m16_random_dynamic_largest_first.txt
week18_crown_m16_random,crown,"K_{16,16} minus perfect matching",random,3016.0,partition_size,16,,,week18_handcrafted_candidate,32,240,0.4838709677419355,1,1,colpack,greedy_coloring,INCIDENCE_DEGREE,2,0.0,,True,2.0,data\processed\initial_graph_coloring_dataset\colpack_outputs_week18_heterogeneous_generalization\week18_crown_m16_random_incidence_degree.txt
week18_crown_m16_random,crown,"K_{16,16} minus perfect matching",random,3016.0,partition_size,16,,,week18_handcrafted_candidate,32,240,0.4838709677419355,1,1,colpack,greedy_coloring,SMALLEST_LAST,2,0.0,,True,2.0,data\processed\initial_graph_coloring_dataset\colpack_outputs_week18_heterogeneous_generalization\week18_crown_m16_random_smallest_last.txt
week18_crown_m18_blocked,crown,"K_{18,18} minus perfect matching",blocked,,partition_size,18,,,week18_handcrafted_candidate,36,306,0.4857142857142857,1,1,colpack,greedy_coloring,NATURAL,2,0.0,,True,2.0,data\processed\initial_graph_coloring_dataset\colpack_outputs_week18_heterogeneous_generalization\week18_crown_m18_blocked_natural.txt
week18_crown_m18_blocked,crown,"K_{18,18} minus perfect matching",blocked,,partition_size,18,,,week18_handcrafted_candidate,36,306,0.4857142857142857,1,1,colpack,greedy_coloring,LARGEST_FIRST,2,0.0,,True,2.0,data\processed\initial_graph_coloring_dataset\colpack_outputs_week18_heterogeneous_generalization\week18_crown_m18_blocked_largest_first.txt
week18_crown_m18_blocked,crown,"K_{18,18} minus perfect matching",blocked,,partition_size,18,,,week18_handcrafted_candidate,36,306,0.4857142857142857,1,1,colpack,greedy_coloring,DYNAMIC_LARGEST_FIRST,18,0.0,,True,2.0,data\processed\initial_graph_coloring_dataset\colpack_outputs_week18_heterogeneous_generalization\week18_crown_m18_blocked_dynamic_largest_first.txt
week18_crown_m18_blocked,crown,"K_{18,18} minus perfect matching",blocked,,partition_size,18,,,week18_handcrafted_candidate,36,306,0.4857142857142857,1,1,colpack,greedy_coloring,INCIDENCE_DEGREE,2,0.0,,True,2.0,data\processed\initial_graph_coloring_dataset\colpack_outputs_week18_heterogeneous_generalization\week18_crown_m18_blocked_incidence_degree.txt
week18_crown_m18_blocked,crown,"K_{18,18} minus perfect matching",blocked,,partition_size,18,,,week18_handcrafted_candidate,36,306,0.4857142857142857,1,1,colpack,greedy_coloring,SMALLEST_LAST,2,0.001,,True,2.0,data\processed\initial_graph_coloring_dataset\colpack_outputs_week18_heterogeneous_generalization\week18_crown_m18_blocked_smallest_last.txt
week18_crown_m18_alternating,crown,"K_{18,18} minus perfect matching",alternating,,partition_size,18,,,week18_handcrafted_candidate,36,306,0.4857142857142857,1,1,colpack,greedy_coloring,NATURAL,18,0.0,,True,2.0,data\processed\initial_graph_coloring_dataset\colpack_outputs_week18_heterogeneous_generalization\week18_crown_m18_alternating_natural.txt
week18_crown_m18_alternating,crown,"K_{18,18} minus perfect matching",alternating,,partition_size,18,,,week18_handcrafted_candidate,36,306,0.4857142857142857,1,1,colpack,greedy_coloring,LARGEST_FIRST,18,0.0,,True,2.0,data\processed\initial_graph_coloring_dataset\colpack_outputs_week18_heterogeneous_generalization\week18_crown_m18_alternating_largest_first.txt
week18_crown_m18_alternating,crown,"K_{18,18} minus perfect matching",alternating,,partition_size,18,,,week18_handcrafted_candidate,36,306,0.4857142857142857,1,1,colpack,greedy_coloring,DYNAMIC_LARGEST_FIRST,2,0.0,,True,2.0,data\processed\initial_graph_coloring_dataset\colpack_outputs_week18_heterogeneous_generalization\week18_crown_m18_alternating_dynamic_largest_first.txt
week18_crown_m18_alternating,crown,"K_{18,18} minus perfect matching",alternating,,partition_size,18,,,week18_handcrafted_candidate,36,306,0.4857142857142857,1,1,colpack,greedy_coloring,INCIDENCE_DEGREE,2,0.0,,True,2.0,data\processed\initial_graph_coloring_dataset\colpack_outputs_week18_heterogeneous_generalization\week18_crown_m18_alternating_incidence_degree.txt
week18_crown_m18_alternating,crown,"K_{18,18} minus perfect matching",alternating,,partition_size,18,,,week18_handcrafted_candidate,36,306,0.4857142857142857,1,1,colpack,greedy_coloring,SMALLEST_LAST,2,0.0,,True,2.0,data\processed\initial_graph_coloring_dataset\colpack_outputs_week18_heterogeneous_generalization\week18_crown_m18_alternating_smallest_last.txt
week18_crown_m18_random,crown,"K_{18,18} minus perfect matching",random,3018.0,partition_size,18,,,week18_handcrafted_candidate,36,306,0.4857142857142857,1,1,colpack,greedy_coloring,NATURAL,2,0.0,,True,2.0,data\processed\initial_graph_coloring_dataset\colpack_outputs_week18_heterogeneous_generalization\week18_crown_m18_random_natural.txt
week18_crown_m18_random,crown,"K_{18,18} minus perfect matching",random,3018.0,partition_size,18,,,week18_handcrafted_candidate,36,306,0.4857142857142857,1,1,colpack,greedy_coloring,LARGEST_FIRST,2,0.0,,True,2.0,data\processed\initial_graph_coloring_dataset\colpack_outputs_week18_heterogeneous_generalization\week18_crown_m18_random_largest_first.txt
week18_crown_m18_random,crown,"K_{18,18} minus perfect matching",random,3018.0,partition_size,18,,,week18_handcrafted_candidate,36,306,0.4857142857142857,1,1,colpack,greedy_coloring,DYNAMIC_LARGEST_FIRST,2,0.001,,True,2.0,data\processed\initial_graph_coloring_dataset\colpack_outputs_week18_heterogeneous_generalization\week18_crown_m18_random_dynamic_largest_first.txt
week18_crown_m18_random,crown,"K_{18,18} minus perfect matching",random,3018.0,partition_size,18,,,week18_handcrafted_candidate,36,306,0.4857142857142857,1,1,colpack,greedy_coloring,INCIDENCE_DEGREE,2,0.0,,True,2.0,data\processed\initial_graph_coloring_dataset\colpack_outputs_week18_heterogeneous_generalization\week18_crown_m18_random_incidence_degree.txt
week18_crown_m18_random,crown,"K_{18,18} minus perfect matching",random,3018.0,partition_size,18,,,week18_handcrafted_candidate,36,306,0.4857142857142857,1,1,colpack,greedy_coloring,SMALLEST_LAST,2,0.0,,True,2.0,data\processed\initial_graph_coloring_dataset\colpack_outputs_week18_heterogeneous_generalization\week18_crown_m18_random_smallest_last.txt
week18_crown_m20_blocked,crown,"K_{20,20} minus perfect matching",blocked,,partition_size,20,,,week18_handcrafted_candidate,40,380,0.48717948717948717,1,1,colpack,greedy_coloring,NATURAL,2,0.0,,True,2.0,data\processed\initial_graph_coloring_dataset\colpack_outputs_week18_heterogeneous_generalization\week18_crown_m20_blocked_natural.txt
week18_crown_m20_blocked,crown,"K_{20,20} minus perfect matching",blocked,,partition_size,20,,,week18_handcrafted_candidate,40,380,0.48717948717948717,1,1,colpack,greedy_coloring,LARGEST_FIRST,2,0.0,,True,2.0,data\processed\initial_graph_coloring_dataset\colpack_outputs_week18_heterogeneous_generalization\week18_crown_m20_blocked_largest_first.txt
week18_crown_m20_blocked,crown,"K_{20,20} minus perfect matching",blocked,,partition_size,20,,,week18_handcrafted_candidate,40,380,0.48717948717948717,1,1,colpack,greedy_coloring,DYNAMIC_LARGEST_FIRST,20,0.0,,True,2.0,data\processed\initial_graph_coloring_dataset\colpack_outputs_week18_heterogeneous_generalization\week18_crown_m20_blocked_dynamic_largest_first.txt
week18_crown_m20_blocked,crown,"K_{20,20} minus perfect matching",blocked,,partition_size,20,,,week18_handcrafted_candidate,40,380,0.48717948717948717,1,1,colpack,greedy_coloring,INCIDENCE_DEGREE,2,0.0,,True,2.0,data\processed\initial_graph_coloring_dataset\colpack_outputs_week18_heterogeneous_generalization\week18_crown_m20_blocked_incidence_degree.txt
week18_crown_m20_blocked,crown,"K_{20,20} minus perfect matching",blocked,,partition_size,20,,,week18_handcrafted_candidate,40,380,0.48717948717948717,1,1,colpack,greedy_coloring,SMALLEST_LAST,2,0.0,,True,2.0,data\processed\initial_graph_coloring_dataset\colpack_outputs_week18_heterogeneous_generalization\week18_crown_m20_blocked_smallest_last.txt
week18_crown_m20_alternating,crown,"K_{20,20} minus perfect matching",alternating,,partition_size,20,,,week18_handcrafted_candidate,40,380,0.48717948717948717,1,1,colpack,greedy_coloring,NATURAL,20,0.0,,True,2.0,data\processed\initial_graph_coloring_dataset\colpack_outputs_week18_heterogeneous_generalization\week18_crown_m20_alternating_natural.txt
week18_crown_m20_alternating,crown,"K_{20,20} minus perfect matching",alternating,,partition_size,20,,,week18_handcrafted_candidate,40,380,0.48717948717948717,1,1,colpack,greedy_coloring,LARGEST_FIRST,20,0.0,,True,2.0,data\processed\initial_graph_coloring_dataset\colpack_outputs_week18_heterogeneous_generalization\week18_crown_m20_alternating_largest_first.txt
week18_crown_m20_alternating,crown,"K_{20,20} minus perfect matching",alternating,,partition_size,20,,,week18_handcrafted_candidate,40,380,0.48717948717948717,1,1,colpack,greedy_coloring,DYNAMIC_LARGEST_FIRST,2,0.0,,True,2.0,data\processed\initial_graph_coloring_dataset\colpack_outputs_week18_heterogeneous_generalization\week18_crown_m20_alternating_dynamic_largest_first.txt
week18_crown_m20_alternating,crown,"K_{20,20} minus perfect matching",alternating,,partition_size,20,,,week18_handcrafted_candidate,40,380,0.48717948717948717,1,1,colpack,greedy_coloring,INCIDENCE_DEGREE,2,0.0,,True,2.0,data\processed\initial_graph_coloring_dataset\colpack_outputs_week18_heterogeneous_generalization\week18_crown_m20_alternating_incidence_degree.txt
week18_crown_m20_alternating,crown,"K_{20,20} minus perfect matching",alternating,,partition_size,20,,,week18_handcrafted_candidate,40,380,0.48717948717948717,1,1,colpack,greedy_coloring,SMALLEST_LAST,2,0.0,,True,2.0,data\processed\initial_graph_coloring_dataset\colpack_outputs_week18_heterogeneous_generalization\week18_crown_m20_alternating_smallest_last.txt
week18_crown_m20_random,crown,"K_{20,20} minus perfect matching",random,3020.0,partition_size,20,,,week18_handcrafted_candidate,40,380,0.48717948717948717,1,1,colpack,greedy_coloring,NATURAL,2,0.0,,True,2.0,data\processed\initial_graph_coloring_dataset\colpack_outputs_week18_heterogeneous_generalization\week18_crown_m20_random_natural.txt
week18_crown_m20_random,crown,"K_{20,20} minus perfect matching",random,3020.0,partition_size,20,,,week18_handcrafted_candidate,40,380,0.48717948717948717,1,1,colpack,greedy_coloring,LARGEST_FIRST,2,0.0,,True,2.0,data\processed\initial_graph_coloring_dataset\colpack_outputs_week18_heterogeneous_generalization\week18_crown_m20_random_largest_first.txt
week18_crown_m20_random,crown,"K_{20,20} minus perfect matching",random,3020.0,partition_size,20,,,week18_handcrafted_candidate,40,380,0.48717948717948717,1,1,colpack,greedy_coloring,DYNAMIC_LARGEST_FIRST,2,0.0,,True,2.0,data\processed\initial_graph_coloring_dataset\colpack_outputs_week18_heterogeneous_generalization\week18_crown_m20_random_dynamic_largest_first.txt
week18_crown_m20_random,crown,"K_{20,20} minus perfect matching",random,3020.0,partition_size,20,,,week18_handcrafted_candidate,40,380,0.48717948717948717,1,1,colpack,greedy_coloring,INCIDENCE_DEGREE,2,0.0,,True,2.0,data\processed\initial_graph_coloring_dataset\colpack_outputs_week18_heterogeneous_generalization\week18_crown_m20_random_incidence_degree.txt
week18_crown_m20_random,crown,"K_{20,20} minus perfect matching",random,3020.0,partition_size,20,,,week18_handcrafted_candidate,40,380,0.48717948717948717,1,1,colpack,greedy_coloring,SMALLEST_LAST,2,0.0,,True,2.0,data\processed\initial_graph_coloring_dataset\colpack_outputs_week18_heterogeneous_generalization\week18_crown_m20_random_smallest_last.txt
week18_crown_m22_blocked,crown,"K_{22,22} minus perfect matching",blocked,,partition_size,22,,,week18_handcrafted_candidate,44,462,0.4883720930232558,1,1,colpack,greedy_coloring,NATURAL,2,0.0,,True,2.0,data\processed\initial_graph_coloring_dataset\colpack_outputs_week18_heterogeneous_generalization\week18_crown_m22_blocked_natural.txt
week18_crown_m22_blocked,crown,"K_{22,22} minus perfect matching",blocked,,partition_size,22,,,week18_handcrafted_candidate,44,462,0.4883720930232558,1,1,colpack,greedy_coloring,LARGEST_FIRST,2,0.0,,True,2.0,data\processed\initial_graph_coloring_dataset\colpack_outputs_week18_heterogeneous_generalization\week18_crown_m22_blocked_largest_first.txt
week18_crown_m22_blocked,crown,"K_{22,22} minus perfect matching",blocked,,partition_size,22,,,week18_handcrafted_candidate,44,462,0.4883720930232558,1,1,colpack,greedy_coloring,DYNAMIC_LARGEST_FIRST,22,0.0,,True,2.0,data\processed\initial_graph_coloring_dataset\colpack_outputs_week18_heterogeneous_generalization\week18_crown_m22_blocked_dynamic_largest_first.txt
week18_crown_m22_blocked,crown,"K_{22,22} minus perfect matching",blocked,,partition_size,22,,,week18_handcrafted_candidate,44,462,0.4883720930232558,1,1,colpack,greedy_coloring,INCIDENCE_DEGREE,2,0.0,,True,2.0,data\processed\initial_graph_coloring_dataset\colpack_outputs_week18_heterogeneous_generalization\week18_crown_m22_blocked_incidence_degree.txt
week18_crown_m22_blocked,crown,"K_{22,22} minus perfect matching",blocked,,partition_size,22,,,week18_handcrafted_candidate,44,462,0.4883720930232558,1,1,colpack,greedy_coloring,SMALLEST_LAST,2,0.0,,True,2.0,data\processed\initial_graph_coloring_dataset\colpack_outputs_week18_heterogeneous_generalization\week18_crown_m22_blocked_smallest_last.txt
week18_crown_m22_alternating,crown,"K_{22,22} minus perfect matching",alternating,,partition_size,22,,,week18_handcrafted_candidate,44,462,0.4883720930232558,1,1,colpack,greedy_coloring,NATURAL,22,0.0,,True,2.0,data\processed\initial_graph_coloring_dataset\colpack_outputs_week18_heterogeneous_generalization\week18_crown_m22_alternating_natural.txt
week18_crown_m22_alternating,crown,"K_{22,22} minus perfect matching",alternating,,partition_size,22,,,week18_handcrafted_candidate,44,462,0.4883720930232558,1,1,colpack,greedy_coloring,LARGEST_FIRST,22,0.0,,True,2.0,data\processed\initial_graph_coloring_dataset\colpack_outputs_week18_heterogeneous_generalization\week18_crown_m22_alternating_largest_first.txt
week18_crown_m22_alternating,crown,"K_{22,22} minus perfect matching",alternating,,partition_size,22,,,week18_handcrafted_candidate,44,462,0.4883720930232558,1,1,colpack,greedy_coloring,DYNAMIC_LARGEST_FIRST,2,0.0,,True,2.0,data\processed\initial_graph_coloring_dataset\colpack_outputs_week18_heterogeneous_generalization\week18_crown_m22_alternating_dynamic_largest_first.txt
week18_crown_m22_alternating,crown,"K_{22,22} minus perfect matching",alternating,,partition_size,22,,,week18_handcrafted_candidate,44,462,0.4883720930232558,1,1,colpack,greedy_coloring,INCIDENCE_DEGREE,2,0.0,,True,2.0,data\processed\initial_graph_coloring_dataset\colpack_outputs_week18_heterogeneous_generalization\week18_crown_m22_alternating_incidence_degree.txt
week18_crown_m22_alternating,crown,"K_{22,22} minus perfect matching",alternating,,partition_size,22,,,week18_handcrafted_candidate,44,462,0.4883720930232558,1,1,colpack,greedy_coloring,SMALLEST_LAST,2,0.0,,True,2.0,data\processed\initial_graph_coloring_dataset\colpack_outputs_week18_heterogeneous_generalization\week18_crown_m22_alternating_smallest_last.txt
week18_crown_m22_random,crown,"K_{22,22} minus perfect matching",random,3022.0,partition_size,22,,,week18_handcrafted_candidate,44,462,0.4883720930232558,1,1,colpack,greedy_coloring,NATURAL,3,0.0,,True,2.0,data\processed\initial_graph_coloring_dataset\colpack_outputs_week18_heterogeneous_generalization\week18_crown_m22_random_natural.txt
week18_crown_m22_random,crown,"K_{22,22} minus perfect matching",random,3022.0,partition_size,22,,,week18_handcrafted_candidate,44,462,0.4883720930232558,1,1,colpack,greedy_coloring,LARGEST_FIRST,3,0.0,,True,2.0,data\processed\initial_graph_coloring_dataset\colpack_outputs_week18_heterogeneous_generalization\week18_crown_m22_random_largest_first.txt
week18_crown_m22_random,crown,"K_{22,22} minus perfect matching",random,3022.0,partition_size,22,,,week18_handcrafted_candidate,44,462,0.4883720930232558,1,1,colpack,greedy_coloring,DYNAMIC_LARGEST_FIRST,2,0.0,,True,2.0,data\processed\initial_graph_coloring_dataset\colpack_outputs_week18_heterogeneous_generalization\week18_crown_m22_random_dynamic_largest_first.txt
week18_crown_m22_random,crown,"K_{22,22} minus perfect matching",random,3022.0,partition_size,22,,,week18_handcrafted_candidate,44,462,0.4883720930232558,1,1,colpack,greedy_coloring,INCIDENCE_DEGREE,2,0.0,,True,2.0,data\processed\initial_graph_coloring_dataset\colpack_outputs_week18_heterogeneous_generalization\week18_crown_m22_random_incidence_degree.txt
week18_crown_m22_random,crown,"K_{22,22} minus perfect matching",random,3022.0,partition_size,22,,,week18_handcrafted_candidate,44,462,0.4883720930232558,1,1,colpack,greedy_coloring,SMALLEST_LAST,2,0.0,,True,2.0,data\processed\initial_graph_coloring_dataset\colpack_outputs_week18_heterogeneous_generalization\week18_crown_m22_random_smallest_last.txt
week18_crown_m24_blocked,crown,"K_{24,24} minus perfect matching",blocked,,partition_size,24,,,week18_handcrafted_candidate,48,552,0.48936170212765956,1,1,colpack,greedy_coloring,NATURAL,2,0.0,,True,2.0,data\processed\initial_graph_coloring_dataset\colpack_outputs_week18_heterogeneous_generalization\week18_crown_m24_blocked_natural.txt
week18_crown_m24_blocked,crown,"K_{24,24} minus perfect matching",blocked,,partition_size,24,,,week18_handcrafted_candidate,48,552,0.48936170212765956,1,1,colpack,greedy_coloring,LARGEST_FIRST,2,0.0,,True,2.0,data\processed\initial_graph_coloring_dataset\colpack_outputs_week18_heterogeneous_generalization\week18_crown_m24_blocked_largest_first.txt
week18_crown_m24_blocked,crown,"K_{24,24} minus perfect matching",blocked,,partition_size,24,,,week18_handcrafted_candidate,48,552,0.48936170212765956,1,1,colpack,greedy_coloring,DYNAMIC_LARGEST_FIRST,24,0.0,,True,2.0,data\processed\initial_graph_coloring_dataset\colpack_outputs_week18_heterogeneous_generalization\week18_crown_m24_blocked_dynamic_largest_first.txt
week18_crown_m24_blocked,crown,"K_{24,24} minus perfect matching",blocked,,partition_size,24,,,week18_handcrafted_candidate,48,552,0.48936170212765956,1,1,colpack,greedy_coloring,INCIDENCE_DEGREE,2,0.0,,True,2.0,data\processed\initial_graph_coloring_dataset\colpack_outputs_week18_heterogeneous_generalization\week18_crown_m24_blocked_incidence_degree.txt
week18_crown_m24_blocked,crown,"K_{24,24} minus perfect matching",blocked,,partition_size,24,,,week18_handcrafted_candidate,48,552,0.48936170212765956,1,1,colpack,greedy_coloring,SMALLEST_LAST,2,0.0,,True,2.0,data\processed\initial_graph_coloring_dataset\colpack_outputs_week18_heterogeneous_generalization\week18_crown_m24_blocked_smallest_last.txt
week18_crown_m24_alternating,crown,"K_{24,24} minus perfect matching",alternating,,partition_size,24,,,week18_handcrafted_candidate,48,552,0.48936170212765956,1,1,colpack,greedy_coloring,NATURAL,24,0.0,,True,2.0,data\processed\initial_graph_coloring_dataset\colpack_outputs_week18_heterogeneous_generalization\week18_crown_m24_alternating_natural.txt
week18_crown_m24_alternating,crown,"K_{24,24} minus perfect matching",alternating,,partition_size,24,,,week18_handcrafted_candidate,48,552,0.48936170212765956,1,1,colpack,greedy_coloring,LARGEST_FIRST,24,0.0,,True,2.0,data\processed\initial_graph_coloring_dataset\colpack_outputs_week18_heterogeneous_generalization\week18_crown_m24_alternating_largest_first.txt
week18_crown_m24_alternating,crown,"K_{24,24} minus perfect matching",alternating,,partition_size,24,,,week18_handcrafted_candidate,48,552,0.48936170212765956,1,1,colpack,greedy_coloring,DYNAMIC_LARGEST_FIRST,2,0.0,,True,2.0,data\processed\initial_graph_coloring_dataset\colpack_outputs_week18_heterogeneous_generalization\week18_crown_m24_alternating_dynamic_largest_first.txt
week18_crown_m24_alternating,crown,"K_{24,24} minus perfect matching",alternating,,partition_size,24,,,week18_handcrafted_candidate,48,552,0.48936170212765956,1,1,colpack,greedy_coloring,INCIDENCE_DEGREE,2,0.0,,True,2.0,data\processed\initial_graph_coloring_dataset\colpack_outputs_week18_heterogeneous_generalization\week18_crown_m24_alternating_incidence_degree.txt
week18_crown_m24_alternating,crown,"K_{24,24} minus perfect matching",alternating,,partition_size,24,,,week18_handcrafted_candidate,48,552,0.48936170212765956,1,1,colpack,greedy_coloring,SMALLEST_LAST,2,0.0,,True,2.0,data\processed\initial_graph_coloring_dataset\colpack_outputs_week18_heterogeneous_generalization\week18_crown_m24_alternating_smallest_last.txt
week18_crown_m24_random,crown,"K_{24,24} minus perfect matching",random,3024.0,partition_size,24,,,week18_handcrafted_candidate,48,552,0.48936170212765956,1,1,colpack,greedy_coloring,NATURAL,2,0.0,,True,2.0,data\processed\initial_graph_coloring_dataset\colpack_outputs_week18_heterogeneous_generalization\week18_crown_m24_random_natural.txt
week18_crown_m24_random,crown,"K_{24,24} minus perfect matching",random,3024.0,partition_size,24,,,week18_handcrafted_candidate,48,552,0.48936170212765956,1,1,colpack,greedy_coloring,LARGEST_FIRST,2,0.0,,True,2.0,data\processed\initial_graph_coloring_dataset\colpack_outputs_week18_heterogeneous_generalization\week18_crown_m24_random_largest_first.txt
week18_crown_m24_random,crown,"K_{24,24} minus perfect matching",random,3024.0,partition_size,24,,,week18_handcrafted_candidate,48,552,0.48936170212765956,1,1,colpack,greedy_coloring,DYNAMIC_LARGEST_FIRST,2,0.0,,True,2.0,data\processed\initial_graph_coloring_dataset\colpack_outputs_week18_heterogeneous_generalization\week18_crown_m24_random_dynamic_largest_first.txt
week18_crown_m24_random,crown,"K_{24,24} minus perfect matching",random,3024.0,partition_size,24,,,week18_handcrafted_candidate,48,552,0.48936170212765956,1,1,colpack,greedy_coloring,INCIDENCE_DEGREE,2,0.0,,True,2.0,data\processed\initial_graph_coloring_dataset\colpack_outputs_week18_heterogeneous_generalization\week18_crown_m24_random_incidence_degree.txt
week18_crown_m24_random,crown,"K_{24,24} minus perfect matching",random,3024.0,partition_size,24,,,week18_handcrafted_candidate,48,552,0.48936170212765956,1,1,colpack,greedy_coloring,SMALLEST_LAST,2,0.0,,True,2.0,data\processed\initial_graph_coloring_dataset\colpack_outputs_week18_heterogeneous_generalization\week18_crown_m24_random_smallest_last.txt
week18_crown_m26_blocked,crown,"K_{26,26} minus perfect matching",blocked,,partition_size,26,,,week18_handcrafted_candidate,52,650,0.49019607843137253,1,1,colpack,greedy_coloring,NATURAL,2,0.0,,True,2.0,data\processed\initial_graph_coloring_dataset\colpack_outputs_week18_heterogeneous_generalization\week18_crown_m26_blocked_natural.txt
week18_crown_m26_blocked,crown,"K_{26,26} minus perfect matching",blocked,,partition_size,26,,,week18_handcrafted_candidate,52,650,0.49019607843137253,1,1,colpack,greedy_coloring,LARGEST_FIRST,2,0.0,,True,2.0,data\processed\initial_graph_coloring_dataset\colpack_outputs_week18_heterogeneous_generalization\week18_crown_m26_blocked_largest_first.txt
week18_crown_m26_blocked,crown,"K_{26,26} minus perfect matching",blocked,,partition_size,26,,,week18_handcrafted_candidate,52,650,0.49019607843137253,1,1,colpack,greedy_coloring,DYNAMIC_LARGEST_FIRST,26,0.0,,True,2.0,data\processed\initial_graph_coloring_dataset\colpack_outputs_week18_heterogeneous_generalization\week18_crown_m26_blocked_dynamic_largest_first.txt
week18_crown_m26_blocked,crown,"K_{26,26} minus perfect matching",blocked,,partition_size,26,,,week18_handcrafted_candidate,52,650,0.49019607843137253,1,1,colpack,greedy_coloring,INCIDENCE_DEGREE,2,0.0,,True,2.0,data\processed\initial_graph_coloring_dataset\colpack_outputs_week18_heterogeneous_generalization\week18_crown_m26_blocked_incidence_degree.txt
week18_crown_m26_blocked,crown,"K_{26,26} minus perfect matching",blocked,,partition_size,26,,,week18_handcrafted_candidate,52,650,0.49019607843137253,1,1,colpack,greedy_coloring,SMALLEST_LAST,2,0.0,,True,2.0,data\processed\initial_graph_coloring_dataset\colpack_outputs_week18_heterogeneous_generalization\week18_crown_m26_blocked_smallest_last.txt
week18_crown_m26_alternating,crown,"K_{26,26} minus perfect matching",alternating,,partition_size,26,,,week18_handcrafted_candidate,52,650,0.49019607843137253,1,1,colpack,greedy_coloring,NATURAL,26,0.0,,True,2.0,data\processed\initial_graph_coloring_dataset\colpack_outputs_week18_heterogeneous_generalization\week18_crown_m26_alternating_natural.txt
week18_crown_m26_alternating,crown,"K_{26,26} minus perfect matching",alternating,,partition_size,26,,,week18_handcrafted_candidate,52,650,0.49019607843137253,1,1,colpack,greedy_coloring,LARGEST_FIRST,26,0.0,,True,2.0,data\processed\initial_graph_coloring_dataset\colpack_outputs_week18_heterogeneous_generalization\week18_crown_m26_alternating_largest_first.txt
week18_crown_m26_alternating,crown,"K_{26,26} minus perfect matching",alternating,,partition_size,26,,,week18_handcrafted_candidate,52,650,0.49019607843137253,1,1,colpack,greedy_coloring,DYNAMIC_LARGEST_FIRST,2,0.0,,True,2.0,data\processed\initial_graph_coloring_dataset\colpack_outputs_week18_heterogeneous_generalization\week18_crown_m26_alternating_dynamic_largest_first.txt
week18_crown_m26_alternating,crown,"K_{26,26} minus perfect matching",alternating,,partition_size,26,,,week18_handcrafted_candidate,52,650,0.49019607843137253,1,1,colpack,greedy_coloring,INCIDENCE_DEGREE,2,0.0,,True,2.0,data\processed\initial_graph_coloring_dataset\colpack_outputs_week18_heterogeneous_generalization\week18_crown_m26_alternating_incidence_degree.txt
week18_crown_m26_alternating,crown,"K_{26,26} minus perfect matching",alternating,,partition_size,26,,,week18_handcrafted_candidate,52,650,0.49019607843137253,1,1,colpack,greedy_coloring,SMALLEST_LAST,2,0.0,,True,2.0,data\processed\initial_graph_coloring_dataset\colpack_outputs_week18_heterogeneous_generalization\week18_crown_m26_alternating_smallest_last.txt
week18_crown_m26_random,crown,"K_{26,26} minus perfect matching",random,3026.0,partition_size,26,,,week18_handcrafted_candidate,52,650,0.49019607843137253,1,1,colpack,greedy_coloring,NATURAL,2,0.0,,True,2.0,data\processed\initial_graph_coloring_dataset\colpack_outputs_week18_heterogeneous_generalization\week18_crown_m26_random_natural.txt
week18_crown_m26_random,crown,"K_{26,26} minus perfect matching",random,3026.0,partition_size,26,,,week18_handcrafted_candidate,52,650,0.49019607843137253,1,1,colpack,greedy_coloring,LARGEST_FIRST,2,0.0,,True,2.0,data\processed\initial_graph_coloring_dataset\colpack_outputs_week18_heterogeneous_generalization\week18_crown_m26_random_largest_first.txt
week18_crown_m26_random,crown,"K_{26,26} minus perfect matching",random,3026.0,partition_size,26,,,week18_handcrafted_candidate,52,650,0.49019607843137253,1,1,colpack,greedy_coloring,DYNAMIC_LARGEST_FIRST,2,0.0,,True,2.0,data\processed\initial_graph_coloring_dataset\colpack_outputs_week18_heterogeneous_generalization\week18_crown_m26_random_dynamic_largest_first.txt
week18_crown_m26_random,crown,"K_{26,26} minus perfect matching",random,3026.0,partition_size,26,,,week18_handcrafted_candidate,52,650,0.49019607843137253,1,1,colpack,greedy_coloring,INCIDENCE_DEGREE,2,0.0,,True,2.0,data\processed\initial_graph_coloring_dataset\colpack_outputs_week18_heterogeneous_generalization\week18_crown_m26_random_incidence_degree.txt
week18_crown_m26_random,crown,"K_{26,26} minus perfect matching",random,3026.0,partition_size,26,,,week18_handcrafted_candidate,52,650,0.49019607843137253,1,1,colpack,greedy_coloring,SMALLEST_LAST,2,0.0,,True,2.0,data\processed\initial_graph_coloring_dataset\colpack_outputs_week18_heterogeneous_generalization\week18_crown_m26_random_smallest_last.txt
week18_crown_m28_blocked,crown,"K_{28,28} minus perfect matching",blocked,,partition_size,28,,,week18_handcrafted_candidate,56,756,0.4909090909090909,1,1,colpack,greedy_coloring,NATURAL,2,0.0,,True,2.0,data\processed\initial_graph_coloring_dataset\colpack_outputs_week18_heterogeneous_generalization\week18_crown_m28_blocked_natural.txt
week18_crown_m28_blocked,crown,"K_{28,28} minus perfect matching",blocked,,partition_size,28,,,week18_handcrafted_candidate,56,756,0.4909090909090909,1,1,colpack,greedy_coloring,LARGEST_FIRST,2,0.0,,True,2.0,data\processed\initial_graph_coloring_dataset\colpack_outputs_week18_heterogeneous_generalization\week18_crown_m28_blocked_largest_first.txt
week18_crown_m28_blocked,crown,"K_{28,28} minus perfect matching",blocked,,partition_size,28,,,week18_handcrafted_candidate,56,756,0.4909090909090909,1,1,colpack,greedy_coloring,DYNAMIC_LARGEST_FIRST,28,0.0,,True,2.0,data\processed\initial_graph_coloring_dataset\colpack_outputs_week18_heterogeneous_generalization\week18_crown_m28_blocked_dynamic_largest_first.txt
week18_crown_m28_blocked,crown,"K_{28,28} minus perfect matching",blocked,,partition_size,28,,,week18_handcrafted_candidate,56,756,0.4909090909090909,1,1,colpack,greedy_coloring,INCIDENCE_DEGREE,2,0.0,,True,2.0,data\processed\initial_graph_coloring_dataset\colpack_outputs_week18_heterogeneous_generalization\week18_crown_m28_blocked_incidence_degree.txt
week18_crown_m28_blocked,crown,"K_{28,28} minus perfect matching",blocked,,partition_size,28,,,week18_handcrafted_candidate,56,756,0.4909090909090909,1,1,colpack,greedy_coloring,SMALLEST_LAST,2,0.0,,True,2.0,data\processed\initial_graph_coloring_dataset\colpack_outputs_week18_heterogeneous_generalization\week18_crown_m28_blocked_smallest_last.txt
week18_crown_m28_alternating,crown,"K_{28,28} minus perfect matching",alternating,,partition_size,28,,,week18_handcrafted_candidate,56,756,0.4909090909090909,1,1,colpack,greedy_coloring,NATURAL,28,0.0,,True,2.0,data\processed\initial_graph_coloring_dataset\colpack_outputs_week18_heterogeneous_generalization\week18_crown_m28_alternating_natural.txt
week18_crown_m28_alternating,crown,"K_{28,28} minus perfect matching",alternating,,partition_size,28,,,week18_handcrafted_candidate,56,756,0.4909090909090909,1,1,colpack,greedy_coloring,LARGEST_FIRST,28,0.0,,True,2.0,data\processed\initial_graph_coloring_dataset\colpack_outputs_week18_heterogeneous_generalization\week18_crown_m28_alternating_largest_first.txt
week18_crown_m28_alternating,crown,"K_{28,28} minus perfect matching",alternating,,partition_size,28,,,week18_handcrafted_candidate,56,756,0.4909090909090909,1,1,colpack,greedy_coloring,DYNAMIC_LARGEST_FIRST,2,0.0,,True,2.0,data\processed\initial_graph_coloring_dataset\colpack_outputs_week18_heterogeneous_generalization\week18_crown_m28_alternating_dynamic_largest_first.txt
week18_crown_m28_alternating,crown,"K_{28,28} minus perfect matching",alternating,,partition_size,28,,,week18_handcrafted_candidate,56,756,0.4909090909090909,1,1,colpack,greedy_coloring,INCIDENCE_DEGREE,2,0.0,,True,2.0,data\processed\initial_graph_coloring_dataset\colpack_outputs_week18_heterogeneous_generalization\week18_crown_m28_alternating_incidence_degree.txt
week18_crown_m28_alternating,crown,"K_{28,28} minus perfect matching",alternating,,partition_size,28,,,week18_handcrafted_candidate,56,756,0.4909090909090909,1,1,colpack,greedy_coloring,SMALLEST_LAST,2,0.0,,True,2.0,data\processed\initial_graph_coloring_dataset\colpack_outputs_week18_heterogeneous_generalization\week18_crown_m28_alternating_smallest_last.txt
week18_crown_m28_random,crown,"K_{28,28} minus perfect matching",random,3028.0,partition_size,28,,,week18_handcrafted_candidate,56,756,0.4909090909090909,1,1,colpack,greedy_coloring,NATURAL,2,0.0,,True,2.0,data\processed\initial_graph_coloring_dataset\colpack_outputs_week18_heterogeneous_generalization\week18_crown_m28_random_natural.txt
week18_crown_m28_random,crown,"K_{28,28} minus perfect matching",random,3028.0,partition_size,28,,,week18_handcrafted_candidate,56,756,0.4909090909090909,1,1,colpack,greedy_coloring,LARGEST_FIRST,2,0.0,,True,2.0,data\processed\initial_graph_coloring_dataset\colpack_outputs_week18_heterogeneous_generalization\week18_crown_m28_random_largest_first.txt
week18_crown_m28_random,crown,"K_{28,28} minus perfect matching",random,3028.0,partition_size,28,,,week18_handcrafted_candidate,56,756,0.4909090909090909,1,1,colpack,greedy_coloring,DYNAMIC_LARGEST_FIRST,2,0.0,,True,2.0,data\processed\initial_graph_coloring_dataset\colpack_outputs_week18_heterogeneous_generalization\week18_crown_m28_random_dynamic_largest_first.txt
week18_crown_m28_random,crown,"K_{28,28} minus perfect matching",random,3028.0,partition_size,28,,,week18_handcrafted_candidate,56,756,0.4909090909090909,1,1,colpack,greedy_coloring,INCIDENCE_DEGREE,2,0.0,,True,2.0,data\processed\initial_graph_coloring_dataset\colpack_outputs_week18_heterogeneous_generalization\week18_crown_m28_random_incidence_degree.txt
week18_crown_m28_random,crown,"K_{28,28} minus perfect matching",random,3028.0,partition_size,28,,,week18_handcrafted_candidate,56,756,0.4909090909090909,1,1,colpack,greedy_coloring,SMALLEST_LAST,2,0.0,,True,2.0,data\processed\initial_graph_coloring_dataset\colpack_outputs_week18_heterogeneous_generalization\week18_crown_m28_random_smallest_last.txt
week18_crown_m30_blocked,crown,"K_{30,30} minus perfect matching",blocked,,partition_size,30,,,week18_handcrafted_candidate,60,870,0.4915254237288136,1,1,colpack,greedy_coloring,NATURAL,2,0.0,,True,2.0,data\processed\initial_graph_coloring_dataset\colpack_outputs_week18_heterogeneous_generalization\week18_crown_m30_blocked_natural.txt
week18_crown_m30_blocked,crown,"K_{30,30} minus perfect matching",blocked,,partition_size,30,,,week18_handcrafted_candidate,60,870,0.4915254237288136,1,1,colpack,greedy_coloring,LARGEST_FIRST,2,0.0,,True,2.0,data\processed\initial_graph_coloring_dataset\colpack_outputs_week18_heterogeneous_generalization\week18_crown_m30_blocked_largest_first.txt
week18_crown_m30_blocked,crown,"K_{30,30} minus perfect matching",blocked,,partition_size,30,,,week18_handcrafted_candidate,60,870,0.4915254237288136,1,1,colpack,greedy_coloring,DYNAMIC_LARGEST_FIRST,30,0.0,,True,2.0,data\processed\initial_graph_coloring_dataset\colpack_outputs_week18_heterogeneous_generalization\week18_crown_m30_blocked_dynamic_largest_first.txt
week18_crown_m30_blocked,crown,"K_{30,30} minus perfect matching",blocked,,partition_size,30,,,week18_handcrafted_candidate,60,870,0.4915254237288136,1,1,colpack,greedy_coloring,INCIDENCE_DEGREE,2,0.0,,True,2.0,data\processed\initial_graph_coloring_dataset\colpack_outputs_week18_heterogeneous_generalization\week18_crown_m30_blocked_incidence_degree.txt
week18_crown_m30_blocked,crown,"K_{30,30} minus perfect matching",blocked,,partition_size,30,,,week18_handcrafted_candidate,60,870,0.4915254237288136,1,1,colpack,greedy_coloring,SMALLEST_LAST,2,0.0,,True,2.0,data\processed\initial_graph_coloring_dataset\colpack_outputs_week18_heterogeneous_generalization\week18_crown_m30_blocked_smallest_last.txt
week18_crown_m30_alternating,crown,"K_{30,30} minus perfect matching",alternating,,partition_size,30,,,week18_handcrafted_candidate,60,870,0.4915254237288136,1,1,colpack,greedy_coloring,NATURAL,30,0.0,,True,2.0,data\processed\initial_graph_coloring_dataset\colpack_outputs_week18_heterogeneous_generalization\week18_crown_m30_alternating_natural.txt
week18_crown_m30_alternating,crown,"K_{30,30} minus perfect matching",alternating,,partition_size,30,,,week18_handcrafted_candidate,60,870,0.4915254237288136,1,1,colpack,greedy_coloring,LARGEST_FIRST,30,0.0,,True,2.0,data\processed\initial_graph_coloring_dataset\colpack_outputs_week18_heterogeneous_generalization\week18_crown_m30_alternating_largest_first.txt
week18_crown_m30_alternating,crown,"K_{30,30} minus perfect matching",alternating,,partition_size,30,,,week18_handcrafted_candidate,60,870,0.4915254237288136,1,1,colpack,greedy_coloring,DYNAMIC_LARGEST_FIRST,2,0.0,,True,2.0,data\processed\initial_graph_coloring_dataset\colpack_outputs_week18_heterogeneous_generalization\week18_crown_m30_alternating_dynamic_largest_first.txt
week18_crown_m30_alternating,crown,"K_{30,30} minus perfect matching",alternating,,partition_size,30,,,week18_handcrafted_candidate,60,870,0.4915254237288136,1,1,colpack,greedy_coloring,INCIDENCE_DEGREE,2,0.0,,True,2.0,data\processed\initial_graph_coloring_dataset\colpack_outputs_week18_heterogeneous_generalization\week18_crown_m30_alternating_incidence_degree.txt
week18_crown_m30_alternating,crown,"K_{30,30} minus perfect matching",alternating,,partition_size,30,,,week18_handcrafted_candidate,60,870,0.4915254237288136,1,1,colpack,greedy_coloring,SMALLEST_LAST,2,0.0,,True,2.0,data\processed\initial_graph_coloring_dataset\colpack_outputs_week18_heterogeneous_generalization\week18_crown_m30_alternating_smallest_last.txt
week18_crown_m30_random,crown,"K_{30,30} minus perfect matching",random,3030.0,partition_size,30,,,week18_handcrafted_candidate,60,870,0.4915254237288136,1,1,colpack,greedy_coloring,NATURAL,2,0.0,,True,2.0,data\processed\initial_graph_coloring_dataset\colpack_outputs_week18_heterogeneous_generalization\week18_crown_m30_random_natural.txt
week18_crown_m30_random,crown,"K_{30,30} minus perfect matching",random,3030.0,partition_size,30,,,week18_handcrafted_candidate,60,870,0.4915254237288136,1,1,colpack,greedy_coloring,LARGEST_FIRST,2,0.0,,True,2.0,data\processed\initial_graph_coloring_dataset\colpack_outputs_week18_heterogeneous_generalization\week18_crown_m30_random_largest_first.txt
week18_crown_m30_random,crown,"K_{30,30} minus perfect matching",random,3030.0,partition_size,30,,,week18_handcrafted_candidate,60,870,0.4915254237288136,1,1,colpack,greedy_coloring,DYNAMIC_LARGEST_FIRST,2,0.0,,True,2.0,data\processed\initial_graph_coloring_dataset\colpack_outputs_week18_heterogeneous_generalization\week18_crown_m30_random_dynamic_largest_first.txt
week18_crown_m30_random,crown,"K_{30,30} minus perfect matching",random,3030.0,partition_size,30,,,week18_handcrafted_candidate,60,870,0.4915254237288136,1,1,colpack,greedy_coloring,INCIDENCE_DEGREE,2,0.0,,True,2.0,data\processed\initial_graph_coloring_dataset\colpack_outputs_week18_heterogeneous_generalization\week18_crown_m30_random_incidence_degree.txt
week18_crown_m30_random,crown,"K_{30,30} minus perfect matching",random,3030.0,partition_size,30,,,week18_handcrafted_candidate,60,870,0.4915254237288136,1,1,colpack,greedy_coloring,SMALLEST_LAST,2,0.0,,True,2.0,data\processed\initial_graph_coloring_dataset\colpack_outputs_week18_heterogeneous_generalization\week18_crown_m30_random_smallest_last.txt
week18_er_n40_p06_s0,erdos_renyi,"G(40, 0.06)",generated,104060.0,num_vertices,40,edge_probability,0.06,week18_handcrafted_candidate,40,37,0.047435897435897434,10,1,colpack,greedy_coloring,NATURAL,3,0.0,,True,,data\processed\initial_graph_coloring_dataset\colpack_outputs_week18_heterogeneous_generalization\week18_er_n40_p06_s0_natural.txt
week18_er_n40_p06_s0,erdos_renyi,"G(40, 0.06)",generated,104060.0,num_vertices,40,edge_probability,0.06,week18_handcrafted_candidate,40,37,0.047435897435897434,10,1,colpack,greedy_coloring,LARGEST_FIRST,3,0.0,,True,,data\processed\initial_graph_coloring_dataset\colpack_outputs_week18_heterogeneous_generalization\week18_er_n40_p06_s0_largest_first.txt
week18_er_n40_p06_s0,erdos_renyi,"G(40, 0.06)",generated,104060.0,num_vertices,40,edge_probability,0.06,week18_handcrafted_candidate,40,37,0.047435897435897434,10,1,colpack,greedy_coloring,DYNAMIC_LARGEST_FIRST,3,0.0,,True,,data\processed\initial_graph_coloring_dataset\colpack_outputs_week18_heterogeneous_generalization\week18_er_n40_p06_s0_dynamic_largest_first.txt
week18_er_n40_p06_s0,erdos_renyi,"G(40, 0.06)",generated,104060.0,num_vertices,40,edge_probability,0.06,week18_handcrafted_candidate,40,37,0.047435897435897434,10,1,colpack,greedy_coloring,INCIDENCE_DEGREE,3,0.0,,True,,data\processed\initial_graph_coloring_dataset\colpack_outputs_week18_heterogeneous_generalization\week18_er_n40_p06_s0_incidence_degree.txt
week18_er_n40_p06_s0,erdos_renyi,"G(40, 0.06)",generated,104060.0,num_vertices,40,edge_probability,0.06,week18_handcrafted_candidate,40,37,0.047435897435897434,10,1,colpack,greedy_coloring,SMALLEST_LAST,3,0.0,,True,,data\processed\initial_graph_coloring_dataset\colpack_outputs_week18_heterogeneous_generalization\week18_er_n40_p06_s0_smallest_last.txt
week18_er_n40_p06_s1,erdos_renyi,"G(40, 0.06)",generated,104061.0,num_vertices,40,edge_probability,0.06,week18_handcrafted_candidate,40,47,0.06025641025641026,5,1,colpack,greedy_coloring,NATURAL,3,0.0,,True,,data\processed\initial_graph_coloring_dataset\colpack_outputs_week18_heterogeneous_generalization\week18_er_n40_p06_s1_natural.txt
week18_er_n40_p06_s1,erdos_renyi,"G(40, 0.06)",generated,104061.0,num_vertices,40,edge_probability,0.06,week18_handcrafted_candidate,40,47,0.06025641025641026,5,1,colpack,greedy_coloring,LARGEST_FIRST,3,0.0,,True,,data\processed\initial_graph_coloring_dataset\colpack_outputs_week18_heterogeneous_generalization\week18_er_n40_p06_s1_largest_first.txt
week18_er_n40_p06_s1,erdos_renyi,"G(40, 0.06)",generated,104061.0,num_vertices,40,edge_probability,0.06,week18_handcrafted_candidate,40,47,0.06025641025641026,5,1,colpack,greedy_coloring,DYNAMIC_LARGEST_FIRST,3,0.0,,True,,data\processed\initial_graph_coloring_dataset\colpack_outputs_week18_heterogeneous_generalization\week18_er_n40_p06_s1_dynamic_largest_first.txt
week18_er_n40_p06_s1,erdos_renyi,"G(40, 0.06)",generated,104061.0,num_vertices,40,edge_probability,0.06,week18_handcrafted_candidate,40,47,0.06025641025641026,5,1,colpack,greedy_coloring,INCIDENCE_DEGREE,3,0.0,,True,,data\processed\initial_graph_coloring_dataset\colpack_outputs_week18_heterogeneous_generalization\week18_er_n40_p06_s1_incidence_degree.txt
week18_er_n40_p06_s1,erdos_renyi,"G(40, 0.06)",generated,104061.0,num_vertices,40,edge_probability,0.06,week18_handcrafted_candidate,40,47,0.06025641025641026,5,1,colpack,greedy_coloring,SMALLEST_LAST,3,0.0,,True,,data\processed\initial_graph_coloring_dataset\colpack_outputs_week18_heterogeneous_generalization\week18_er_n40_p06_s1_smallest_last.txt
week18_er_n40_p06_s2,erdos_renyi,"G(40, 0.06)",generated,104062.0,num_vertices,40,edge_probability,0.06,week18_handcrafted_candidate,40,49,0.06282051282051282,3,1,colpack,greedy_coloring,NATURAL,4,0.0,,True,,data\processed\initial_graph_coloring_dataset\colpack_outputs_week18_heterogeneous_generalization\week18_er_n40_p06_s2_natural.txt
week18_er_n40_p06_s2,erdos_renyi,"G(40, 0.06)",generated,104062.0,num_vertices,40,edge_probability,0.06,week18_handcrafted_candidate,40,49,0.06282051282051282,3,1,colpack,greedy_coloring,LARGEST_FIRST,3,0.0,,True,,data\processed\initial_graph_coloring_dataset\colpack_outputs_week18_heterogeneous_generalization\week18_er_n40_p06_s2_largest_first.txt
week18_er_n40_p06_s2,erdos_renyi,"G(40, 0.06)",generated,104062.0,num_vertices,40,edge_probability,0.06,week18_handcrafted_candidate,40,49,0.06282051282051282,3,1,colpack,greedy_coloring,DYNAMIC_LARGEST_FIRST,3,0.0,,True,,data\processed\initial_graph_coloring_dataset\colpack_outputs_week18_heterogeneous_generalization\week18_er_n40_p06_s2_dynamic_largest_first.txt
week18_er_n40_p06_s2,erdos_renyi,"G(40, 0.06)",generated,104062.0,num_vertices,40,edge_probability,0.06,week18_handcrafted_candidate,40,49,0.06282051282051282,3,1,colpack,greedy_coloring,INCIDENCE_DEGREE,3,0.0,,True,,data\processed\initial_graph_coloring_dataset\colpack_outputs_week18_heterogeneous_generalization\week18_er_n40_p06_s2_incidence_degree.txt
week18_er_n40_p06_s2,erdos_renyi,"G(40, 0.06)",generated,104062.0,num_vertices,40,edge_probability,0.06,week18_handcrafted_candidate,40,49,0.06282051282051282,3,1,colpack,greedy_coloring,SMALLEST_LAST,3,0.0,,True,,data\processed\initial_graph_coloring_dataset\colpack_outputs_week18_heterogeneous_generalization\week18_er_n40_p06_s2_smallest_last.txt
week18_er_n40_p06_s3,erdos_renyi,"G(40, 0.06)",generated,104063.0,num_vertices,40,edge_probability,0.06,week18_handcrafted_candidate,40,57,0.07307692307692308,3,1,colpack,greedy_coloring,NATURAL,4,0.0,,True,,data\processed\initial_graph_coloring_dataset\colpack_outputs_week18_heterogeneous_generalization\week18_er_n40_p06_s3_natural.txt
week18_er_n40_p06_s3,erdos_renyi,"G(40, 0.06)",generated,104063.0,num_vertices,40,edge_probability,0.06,week18_handcrafted_candidate,40,57,0.07307692307692308,3,1,colpack,greedy_coloring,LARGEST_FIRST,3,0.0,,True,,data\processed\initial_graph_coloring_dataset\colpack_outputs_week18_heterogeneous_generalization\week18_er_n40_p06_s3_largest_first.txt
week18_er_n40_p06_s3,erdos_renyi,"G(40, 0.06)",generated,104063.0,num_vertices,40,edge_probability,0.06,week18_handcrafted_candidate,40,57,0.07307692307692308,3,1,colpack,greedy_coloring,DYNAMIC_LARGEST_FIRST,3,0.0,,True,,data\processed\initial_graph_coloring_dataset\colpack_outputs_week18_heterogeneous_generalization\week18_er_n40_p06_s3_dynamic_largest_first.txt
week18_er_n40_p06_s3,erdos_renyi,"G(40, 0.06)",generated,104063.0,num_vertices,40,edge_probability,0.06,week18_handcrafted_candidate,40,57,0.07307692307692308,3,1,colpack,greedy_coloring,INCIDENCE_DEGREE,3,0.0,,True,,data\processed\initial_graph_coloring_dataset\colpack_outputs_week18_heterogeneous_generalization\week18_er_n40_p06_s3_incidence_degree.txt
week18_er_n40_p06_s3,erdos_renyi,"G(40, 0.06)",generated,104063.0,num_vertices,40,edge_probability,0.06,week18_handcrafted_candidate,40,57,0.07307692307692308,3,1,colpack,greedy_coloring,SMALLEST_LAST,3,0.0,,True,,data\processed\initial_graph_coloring_dataset\colpack_outputs_week18_heterogeneous_generalization\week18_er_n40_p06_s3_smallest_last.txt
week18_er_n40_p09_s0,erdos_renyi,"G(40, 0.09)",generated,104090.0,num_vertices,40,edge_probability,0.09,week18_handcrafted_candidate,40,73,0.09358974358974359,2,1,colpack,greedy_coloring,NATURAL,5,0.0,,True,,data\processed\initial_graph_coloring_dataset\colpack_outputs_week18_heterogeneous_generalization\week18_er_n40_p09_s0_natural.txt
week18_er_n40_p09_s0,erdos_renyi,"G(40, 0.09)",generated,104090.0,num_vertices,40,edge_probability,0.09,week18_handcrafted_candidate,40,73,0.09358974358974359,2,1,colpack,greedy_coloring,LARGEST_FIRST,4,0.001,,True,,data\processed\initial_graph_coloring_dataset\colpack_outputs_week18_heterogeneous_generalization\week18_er_n40_p09_s0_largest_first.txt
week18_er_n40_p09_s0,erdos_renyi,"G(40, 0.09)",generated,104090.0,num_vertices,40,edge_probability,0.09,week18_handcrafted_candidate,40,73,0.09358974358974359,2,1,colpack,greedy_coloring,DYNAMIC_LARGEST_FIRST,4,0.0,,True,,data\processed\initial_graph_coloring_dataset\colpack_outputs_week18_heterogeneous_generalization\week18_er_n40_p09_s0_dynamic_largest_first.txt
week18_er_n40_p09_s0,erdos_renyi,"G(40, 0.09)",generated,104090.0,num_vertices,40,edge_probability,0.09,week18_handcrafted_candidate,40,73,0.09358974358974359,2,1,colpack,greedy_coloring,INCIDENCE_DEGREE,4,0.0,,True,,data\processed\initial_graph_coloring_dataset\colpack_outputs_week18_heterogeneous_generalization\week18_er_n40_p09_s0_incidence_degree.txt
week18_er_n40_p09_s0,erdos_renyi,"G(40, 0.09)",generated,104090.0,num_vertices,40,edge_probability,0.09,week18_handcrafted_candidate,40,73,0.09358974358974359,2,1,colpack,greedy_coloring,SMALLEST_LAST,4,0.0,,True,,data\processed\initial_graph_coloring_dataset\colpack_outputs_week18_heterogeneous_generalization\week18_er_n40_p09_s0_smallest_last.txt
week18_er_n40_p09_s1,erdos_renyi,"G(40, 0.09)",generated,104091.0,num_vertices,40,edge_probability,0.09,week18_handcrafted_candidate,40,99,0.12692307692307692,1,1,colpack,greedy_coloring,NATURAL,5,0.0,,True,,data\processed\initial_graph_coloring_dataset\colpack_outputs_week18_heterogeneous_generalization\week18_er_n40_p09_s1_natural.txt
week18_er_n40_p09_s1,erdos_renyi,"G(40, 0.09)",generated,104091.0,num_vertices,40,edge_probability,0.09,week18_handcrafted_candidate,40,99,0.12692307692307692,1,1,colpack,greedy_coloring,LARGEST_FIRST,4,0.0,,True,,data\processed\initial_graph_coloring_dataset\colpack_outputs_week18_heterogeneous_generalization\week18_er_n40_p09_s1_largest_first.txt
week18_er_n40_p09_s1,erdos_renyi,"G(40, 0.09)",generated,104091.0,num_vertices,40,edge_probability,0.09,week18_handcrafted_candidate,40,99,0.12692307692307692,1,1,colpack,greedy_coloring,DYNAMIC_LARGEST_FIRST,4,0.0,,True,,data\processed\initial_graph_coloring_dataset\colpack_outputs_week18_heterogeneous_generalization\week18_er_n40_p09_s1_dynamic_largest_first.txt
week18_er_n40_p09_s1,erdos_renyi,"G(40, 0.09)",generated,104091.0,num_vertices,40,edge_probability,0.09,week18_handcrafted_candidate,40,99,0.12692307692307692,1,1,colpack,greedy_coloring,INCIDENCE_DEGREE,4,0.0,,True,,data\processed\initial_graph_coloring_dataset\colpack_outputs_week18_heterogeneous_generalization\week18_er_n40_p09_s1_incidence_degree.txt
week18_er_n40_p09_s1,erdos_renyi,"G(40, 0.09)",generated,104091.0,num_vertices,40,edge_probability,0.09,week18_handcrafted_candidate,40,99,0.12692307692307692,1,1,colpack,greedy_coloring,SMALLEST_LAST,4,0.0,,True,,data\processed\initial_graph_coloring_dataset\colpack_outputs_week18_heterogeneous_generalization\week18_er_n40_p09_s1_smallest_last.txt
week18_er_n40_p09_s2,erdos_renyi,"G(40, 0.09)",generated,104092.0,num_vertices,40,edge_probability,0.09,week18_handcrafted_candidate,40,69,0.08846153846153847,1,1,colpack,greedy_coloring,NATURAL,4,0.0,,True,,data\processed\initial_graph_coloring_dataset\colpack_outputs_week18_heterogeneous_generalization\week18_er_n40_p09_s2_natural.txt
week18_er_n40_p09_s2,erdos_renyi,"G(40, 0.09)",generated,104092.0,num_vertices,40,edge_probability,0.09,week18_handcrafted_candidate,40,69,0.08846153846153847,1,1,colpack,greedy_coloring,LARGEST_FIRST,4,0.0,,True,,data\processed\initial_graph_coloring_dataset\colpack_outputs_week18_heterogeneous_generalization\week18_er_n40_p09_s2_largest_first.txt
week18_er_n40_p09_s2,erdos_renyi,"G(40, 0.09)",generated,104092.0,num_vertices,40,edge_probability,0.09,week18_handcrafted_candidate,40,69,0.08846153846153847,1,1,colpack,greedy_coloring,DYNAMIC_LARGEST_FIRST,4,0.0,,True,,data\processed\initial_graph_coloring_dataset\colpack_outputs_week18_heterogeneous_generalization\week18_er_n40_p09_s2_dynamic_largest_first.txt
week18_er_n40_p09_s2,erdos_renyi,"G(40, 0.09)",generated,104092.0,num_vertices,40,edge_probability,0.09,week18_handcrafted_candidate,40,69,0.08846153846153847,1,1,colpack,greedy_coloring,INCIDENCE_DEGREE,4,0.0,,True,,data\processed\initial_graph_coloring_dataset\colpack_outputs_week18_heterogeneous_generalization\week18_er_n40_p09_s2_incidence_degree.txt
week18_er_n40_p09_s2,erdos_renyi,"G(40, 0.09)",generated,104092.0,num_vertices,40,edge_probability,0.09,week18_handcrafted_candidate,40,69,0.08846153846153847,1,1,colpack,greedy_coloring,SMALLEST_LAST,3,0.0,,True,,data\processed\initial_graph_coloring_dataset\colpack_outputs_week18_heterogeneous_generalization\week18_er_n40_p09_s2_smallest_last.txt
week18_er_n40_p09_s3,erdos_renyi,"G(40, 0.09)",generated,104093.0,num_vertices,40,edge_probability,0.09,week18_handcrafted_candidate,40,69,0.08846153846153847,1,1,colpack,greedy_coloring,NATURAL,4,0.0,,True,,data\processed\initial_graph_coloring_dataset\colpack_outputs_week18_heterogeneous_generalization\week18_er_n40_p09_s3_natural.txt
week18_er_n40_p09_s3,erdos_renyi,"G(40, 0.09)",generated,104093.0,num_vertices,40,edge_probability,0.09,week18_handcrafted_candidate,40,69,0.08846153846153847,1,1,colpack,greedy_coloring,LARGEST_FIRST,4,0.0,,True,,data\processed\initial_graph_coloring_dataset\colpack_outputs_week18_heterogeneous_generalization\week18_er_n40_p09_s3_largest_first.txt
week18_er_n40_p09_s3,erdos_renyi,"G(40, 0.09)",generated,104093.0,num_vertices,40,edge_probability,0.09,week18_handcrafted_candidate,40,69,0.08846153846153847,1,1,colpack,greedy_coloring,DYNAMIC_LARGEST_FIRST,4,0.0,,True,,data\processed\initial_graph_coloring_dataset\colpack_outputs_week18_heterogeneous_generalization\week18_er_n40_p09_s3_dynamic_largest_first.txt
week18_er_n40_p09_s3,erdos_renyi,"G(40, 0.09)",generated,104093.0,num_vertices,40,edge_probability,0.09,week18_handcrafted_candidate,40,69,0.08846153846153847,1,1,colpack,greedy_coloring,INCIDENCE_DEGREE,4,0.0,,True,,data\processed\initial_graph_coloring_dataset\colpack_outputs_week18_heterogeneous_generalization\week18_er_n40_p09_s3_incidence_degree.txt
week18_er_n40_p09_s3,erdos_renyi,"G(40, 0.09)",generated,104093.0,num_vertices,40,edge_probability,0.09,week18_handcrafted_candidate,40,69,0.08846153846153847,1,1,colpack,greedy_coloring,SMALLEST_LAST,3,0.001,,True,,data\processed\initial_graph_coloring_dataset\colpack_outputs_week18_heterogeneous_generalization\week18_er_n40_p09_s3_smallest_last.txt
week18_er_n40_p12_s0,erdos_renyi,"G(40, 0.12)",generated,104120.0,num_vertices,40,edge_probability,0.12,week18_handcrafted_candidate,40,87,0.11153846153846154,1,1,colpack,greedy_coloring,NATURAL,5,0.0,,True,,data\processed\initial_graph_coloring_dataset\colpack_outputs_week18_heterogeneous_generalization\week18_er_n40_p12_s0_natural.txt
week18_er_n40_p12_s0,erdos_renyi,"G(40, 0.12)",generated,104120.0,num_vertices,40,edge_probability,0.12,week18_handcrafted_candidate,40,87,0.11153846153846154,1,1,colpack,greedy_coloring,LARGEST_FIRST,4,0.0,,True,,data\processed\initial_graph_coloring_dataset\colpack_outputs_week18_heterogeneous_generalization\week18_er_n40_p12_s0_largest_first.txt
week18_er_n40_p12_s0,erdos_renyi,"G(40, 0.12)",generated,104120.0,num_vertices,40,edge_probability,0.12,week18_handcrafted_candidate,40,87,0.11153846153846154,1,1,colpack,greedy_coloring,DYNAMIC_LARGEST_FIRST,4,0.0,,True,,data\processed\initial_graph_coloring_dataset\colpack_outputs_week18_heterogeneous_generalization\week18_er_n40_p12_s0_dynamic_largest_first.txt
week18_er_n40_p12_s0,erdos_renyi,"G(40, 0.12)",generated,104120.0,num_vertices,40,edge_probability,0.12,week18_handcrafted_candidate,40,87,0.11153846153846154,1,1,colpack,greedy_coloring,INCIDENCE_DEGREE,4,0.0,,True,,data\processed\initial_graph_coloring_dataset\colpack_outputs_week18_heterogeneous_generalization\week18_er_n40_p12_s0_incidence_degree.txt
week18_er_n40_p12_s0,erdos_renyi,"G(40, 0.12)",generated,104120.0,num_vertices,40,edge_probability,0.12,week18_handcrafted_candidate,40,87,0.11153846153846154,1,1,colpack,greedy_coloring,SMALLEST_LAST,4,0.0,,True,,data\processed\initial_graph_coloring_dataset\colpack_outputs_week18_heterogeneous_generalization\week18_er_n40_p12_s0_smallest_last.txt
week18_er_n40_p12_s1,erdos_renyi,"G(40, 0.12)",generated,104121.0,num_vertices,40,edge_probability,0.12,week18_handcrafted_candidate,40,96,0.12307692307692308,2,1,colpack,greedy_coloring,NATURAL,5,0.0,,True,,data\processed\initial_graph_coloring_dataset\colpack_outputs_week18_heterogeneous_generalization\week18_er_n40_p12_s1_natural.txt
week18_er_n40_p12_s1,erdos_renyi,"G(40, 0.12)",generated,104121.0,num_vertices,40,edge_probability,0.12,week18_handcrafted_candidate,40,96,0.12307692307692308,2,1,colpack,greedy_coloring,LARGEST_FIRST,5,0.0,,True,,data\processed\initial_graph_coloring_dataset\colpack_outputs_week18_heterogeneous_generalization\week18_er_n40_p12_s1_largest_first.txt
week18_er_n40_p12_s1,erdos_renyi,"G(40, 0.12)",generated,104121.0,num_vertices,40,edge_probability,0.12,week18_handcrafted_candidate,40,96,0.12307692307692308,2,1,colpack,greedy_coloring,DYNAMIC_LARGEST_FIRST,4,0.0,,True,,data\processed\initial_graph_coloring_dataset\colpack_outputs_week18_heterogeneous_generalization\week18_er_n40_p12_s1_dynamic_largest_first.txt
week18_er_n40_p12_s1,erdos_renyi,"G(40, 0.12)",generated,104121.0,num_vertices,40,edge_probability,0.12,week18_handcrafted_candidate,40,96,0.12307692307692308,2,1,colpack,greedy_coloring,INCIDENCE_DEGREE,4,0.0,,True,,data\processed\initial_graph_coloring_dataset\colpack_outputs_week18_heterogeneous_generalization\week18_er_n40_p12_s1_incidence_degree.txt
week18_er_n40_p12_s1,erdos_renyi,"G(40, 0.12)",generated,104121.0,num_vertices,40,edge_probability,0.12,week18_handcrafted_candidate,40,96,0.12307692307692308,2,1,colpack,greedy_coloring,SMALLEST_LAST,4,0.0,,True,,data\processed\initial_graph_coloring_dataset\colpack_outputs_week18_heterogeneous_generalization\week18_er_n40_p12_s1_smallest_last.txt
week18_er_n40_p12_s2,erdos_renyi,"G(40, 0.12)",generated,104122.0,num_vertices,40,edge_probability,0.12,week18_handcrafted_candidate,40,77,0.09871794871794871,1,1,colpack,greedy_coloring,NATURAL,5,0.0,,True,,data\processed\initial_graph_coloring_dataset\colpack_outputs_week18_heterogeneous_generalization\week18_er_n40_p12_s2_natural.txt
week18_er_n40_p12_s2,erdos_renyi,"G(40, 0.12)",generated,104122.0,num_vertices,40,edge_probability,0.12,week18_handcrafted_candidate,40,77,0.09871794871794871,1,1,colpack,greedy_coloring,LARGEST_FIRST,4,0.0,,True,,data\processed\initial_graph_coloring_dataset\colpack_outputs_week18_heterogeneous_generalization\week18_er_n40_p12_s2_largest_first.txt
week18_er_n40_p12_s2,erdos_renyi,"G(40, 0.12)",generated,104122.0,num_vertices,40,edge_probability,0.12,week18_handcrafted_candidate,40,77,0.09871794871794871,1,1,colpack,greedy_coloring,DYNAMIC_LARGEST_FIRST,4,0.0,,True,,data\processed\initial_graph_coloring_dataset\colpack_outputs_week18_heterogeneous_generalization\week18_er_n40_p12_s2_dynamic_largest_first.txt
week18_er_n40_p12_s2,erdos_renyi,"G(40, 0.12)",generated,104122.0,num_vertices,40,edge_probability,0.12,week18_handcrafted_candidate,40,77,0.09871794871794871,1,1,colpack,greedy_coloring,INCIDENCE_DEGREE,5,0.0,,True,,data\processed\initial_graph_coloring_dataset\colpack_outputs_week18_heterogeneous_generalization\week18_er_n40_p12_s2_incidence_degree.txt
week18_er_n40_p12_s2,erdos_renyi,"G(40, 0.12)",generated,104122.0,num_vertices,40,edge_probability,0.12,week18_handcrafted_candidate,40,77,0.09871794871794871,1,1,colpack,greedy_coloring,SMALLEST_LAST,4,0.0,,True,,data\processed\initial_graph_coloring_dataset\colpack_outputs_week18_heterogeneous_generalization\week18_er_n40_p12_s2_smallest_last.txt
week18_er_n40_p12_s3,erdos_renyi,"G(40, 0.12)",generated,104123.0,num_vertices,40,edge_probability,0.12,week18_handcrafted_candidate,40,70,0.08974358974358974,2,1,colpack,greedy_coloring,NATURAL,5,0.0,,True,,data\processed\initial_graph_coloring_dataset\colpack_outputs_week18_heterogeneous_generalization\week18_er_n40_p12_s3_natural.txt
week18_er_n40_p12_s3,erdos_renyi,"G(40, 0.12)",generated,104123.0,num_vertices,40,edge_probability,0.12,week18_handcrafted_candidate,40,70,0.08974358974358974,2,1,colpack,greedy_coloring,LARGEST_FIRST,3,0.0,,True,,data\processed\initial_graph_coloring_dataset\colpack_outputs_week18_heterogeneous_generalization\week18_er_n40_p12_s3_largest_first.txt
week18_er_n40_p12_s3,erdos_renyi,"G(40, 0.12)",generated,104123.0,num_vertices,40,edge_probability,0.12,week18_handcrafted_candidate,40,70,0.08974358974358974,2,1,colpack,greedy_coloring,DYNAMIC_LARGEST_FIRST,4,0.0,,True,,data\processed\initial_graph_coloring_dataset\colpack_outputs_week18_heterogeneous_generalization\week18_er_n40_p12_s3_dynamic_largest_first.txt
week18_er_n40_p12_s3,erdos_renyi,"G(40, 0.12)",generated,104123.0,num_vertices,40,edge_probability,0.12,week18_handcrafted_candidate,40,70,0.08974358974358974,2,1,colpack,greedy_coloring,INCIDENCE_DEGREE,4,0.0,,True,,data\processed\initial_graph_coloring_dataset\colpack_outputs_week18_heterogeneous_generalization\week18_er_n40_p12_s3_incidence_degree.txt
week18_er_n40_p12_s3,erdos_renyi,"G(40, 0.12)",generated,104123.0,num_vertices,40,edge_probability,0.12,week18_handcrafted_candidate,40,70,0.08974358974358974,2,1,colpack,greedy_coloring,SMALLEST_LAST,3,0.0,,True,,data\processed\initial_graph_coloring_dataset\colpack_outputs_week18_heterogeneous_generalization\week18_er_n40_p12_s3_smallest_last.txt
week18_er_n40_p16_s0,erdos_renyi,"G(40, 0.16)",generated,104160.0,num_vertices,40,edge_probability,0.16,week18_handcrafted_candidate,40,133,0.17051282051282052,1,1,colpack,greedy_coloring,NATURAL,6,0.0,,True,,data\processed\initial_graph_coloring_dataset\colpack_outputs_week18_heterogeneous_generalization\week18_er_n40_p16_s0_natural.txt
week18_er_n40_p16_s0,erdos_renyi,"G(40, 0.16)",generated,104160.0,num_vertices,40,edge_probability,0.16,week18_handcrafted_candidate,40,133,0.17051282051282052,1,1,colpack,greedy_coloring,LARGEST_FIRST,5,0.0,,True,,data\processed\initial_graph_coloring_dataset\colpack_outputs_week18_heterogeneous_generalization\week18_er_n40_p16_s0_largest_first.txt
week18_er_n40_p16_s0,erdos_renyi,"G(40, 0.16)",generated,104160.0,num_vertices,40,edge_probability,0.16,week18_handcrafted_candidate,40,133,0.17051282051282052,1,1,colpack,greedy_coloring,DYNAMIC_LARGEST_FIRST,5,0.0,,True,,data\processed\initial_graph_coloring_dataset\colpack_outputs_week18_heterogeneous_generalization\week18_er_n40_p16_s0_dynamic_largest_first.txt
week18_er_n40_p16_s0,erdos_renyi,"G(40, 0.16)",generated,104160.0,num_vertices,40,edge_probability,0.16,week18_handcrafted_candidate,40,133,0.17051282051282052,1,1,colpack,greedy_coloring,INCIDENCE_DEGREE,5,0.0,,True,,data\processed\initial_graph_coloring_dataset\colpack_outputs_week18_heterogeneous_generalization\week18_er_n40_p16_s0_incidence_degree.txt
week18_er_n40_p16_s0,erdos_renyi,"G(40, 0.16)",generated,104160.0,num_vertices,40,edge_probability,0.16,week18_handcrafted_candidate,40,133,0.17051282051282052,1,1,colpack,greedy_coloring,SMALLEST_LAST,5,0.0,,True,,data\processed\initial_graph_coloring_dataset\colpack_outputs_week18_heterogeneous_generalization\week18_er_n40_p16_s0_smallest_last.txt
week18_er_n40_p16_s1,erdos_renyi,"G(40, 0.16)",generated,104161.0,num_vertices,40,edge_probability,0.16,week18_handcrafted_candidate,40,126,0.16153846153846155,1,1,colpack,greedy_coloring,NATURAL,6,0.0,,True,,data\processed\initial_graph_coloring_dataset\colpack_outputs_week18_heterogeneous_generalization\week18_er_n40_p16_s1_natural.txt
week18_er_n40_p16_s1,erdos_renyi,"G(40, 0.16)",generated,104161.0,num_vertices,40,edge_probability,0.16,week18_handcrafted_candidate,40,126,0.16153846153846155,1,1,colpack,greedy_coloring,LARGEST_FIRST,5,0.0,,True,,data\processed\initial_graph_coloring_dataset\colpack_outputs_week18_heterogeneous_generalization\week18_er_n40_p16_s1_largest_first.txt
week18_er_n40_p16_s1,erdos_renyi,"G(40, 0.16)",generated,104161.0,num_vertices,40,edge_probability,0.16,week18_handcrafted_candidate,40,126,0.16153846153846155,1,1,colpack,greedy_coloring,DYNAMIC_LARGEST_FIRST,5,0.0,,True,,data\processed\initial_graph_coloring_dataset\colpack_outputs_week18_heterogeneous_generalization\week18_er_n40_p16_s1_dynamic_largest_first.txt
week18_er_n40_p16_s1,erdos_renyi,"G(40, 0.16)",generated,104161.0,num_vertices,40,edge_probability,0.16,week18_handcrafted_candidate,40,126,0.16153846153846155,1,1,colpack,greedy_coloring,INCIDENCE_DEGREE,5,0.0,,True,,data\processed\initial_graph_coloring_dataset\colpack_outputs_week18_heterogeneous_generalization\week18_er_n40_p16_s1_incidence_degree.txt
week18_er_n40_p16_s1,erdos_renyi,"G(40, 0.16)",generated,104161.0,num_vertices,40,edge_probability,0.16,week18_handcrafted_candidate,40,126,0.16153846153846155,1,1,colpack,greedy_coloring,SMALLEST_LAST,5,0.0,,True,,data\processed\initial_graph_coloring_dataset\colpack_outputs_week18_heterogeneous_generalization\week18_er_n40_p16_s1_smallest_last.txt
week18_er_n40_p16_s2,erdos_renyi,"G(40, 0.16)",generated,104162.0,num_vertices,40,edge_probability,0.16,week18_handcrafted_candidate,40,137,0.17564102564102563,1,1,colpack,greedy_coloring,NATURAL,6,0.0,,True,,data\processed\initial_graph_coloring_dataset\colpack_outputs_week18_heterogeneous_generalization\week18_er_n40_p16_s2_natural.txt
week18_er_n40_p16_s2,erdos_renyi,"G(40, 0.16)",generated,104162.0,num_vertices,40,edge_probability,0.16,week18_handcrafted_candidate,40,137,0.17564102564102563,1,1,colpack,greedy_coloring,LARGEST_FIRST,5,0.0,,True,,data\processed\initial_graph_coloring_dataset\colpack_outputs_week18_heterogeneous_generalization\week18_er_n40_p16_s2_largest_first.txt
week18_er_n40_p16_s2,erdos_renyi,"G(40, 0.16)",generated,104162.0,num_vertices,40,edge_probability,0.16,week18_handcrafted_candidate,40,137,0.17564102564102563,1,1,colpack,greedy_coloring,DYNAMIC_LARGEST_FIRST,5,0.0,,True,,data\processed\initial_graph_coloring_dataset\colpack_outputs_week18_heterogeneous_generalization\week18_er_n40_p16_s2_dynamic_largest_first.txt
week18_er_n40_p16_s2,erdos_renyi,"G(40, 0.16)",generated,104162.0,num_vertices,40,edge_probability,0.16,week18_handcrafted_candidate,40,137,0.17564102564102563,1,1,colpack,greedy_coloring,INCIDENCE_DEGREE,5,0.0,,True,,data\processed\initial_graph_coloring_dataset\colpack_outputs_week18_heterogeneous_generalization\week18_er_n40_p16_s2_incidence_degree.txt
week18_er_n40_p16_s2,erdos_renyi,"G(40, 0.16)",generated,104162.0,num_vertices,40,edge_probability,0.16,week18_handcrafted_candidate,40,137,0.17564102564102563,1,1,colpack,greedy_coloring,SMALLEST_LAST,5,0.0,,True,,data\processed\initial_graph_coloring_dataset\colpack_outputs_week18_heterogeneous_generalization\week18_er_n40_p16_s2_smallest_last.txt
week18_er_n40_p16_s3,erdos_renyi,"G(40, 0.16)",generated,104163.0,num_vertices,40,edge_probability,0.16,week18_handcrafted_candidate,40,107,0.1371794871794872,1,1,colpack,greedy_coloring,NATURAL,5,0.0,,True,,data\processed\initial_graph_coloring_dataset\colpack_outputs_week18_heterogeneous_generalization\week18_er_n40_p16_s3_natural.txt
week18_er_n40_p16_s3,erdos_renyi,"G(40, 0.16)",generated,104163.0,num_vertices,40,edge_probability,0.16,week18_handcrafted_candidate,40,107,0.1371794871794872,1,1,colpack,greedy_coloring,LARGEST_FIRST,5,0.0,,True,,data\processed\initial_graph_coloring_dataset\colpack_outputs_week18_heterogeneous_generalization\week18_er_n40_p16_s3_largest_first.txt
week18_er_n40_p16_s3,erdos_renyi,"G(40, 0.16)",generated,104163.0,num_vertices,40,edge_probability,0.16,week18_handcrafted_candidate,40,107,0.1371794871794872,1,1,colpack,greedy_coloring,DYNAMIC_LARGEST_FIRST,4,0.0,,True,,data\processed\initial_graph_coloring_dataset\colpack_outputs_week18_heterogeneous_generalization\week18_er_n40_p16_s3_dynamic_largest_first.txt
week18_er_n40_p16_s3,erdos_renyi,"G(40, 0.16)",generated,104163.0,num_vertices,40,edge_probability,0.16,week18_handcrafted_candidate,40,107,0.1371794871794872,1,1,colpack,greedy_coloring,INCIDENCE_DEGREE,5,0.0,,True,,data\processed\initial_graph_coloring_dataset\colpack_outputs_week18_heterogeneous_generalization\week18_er_n40_p16_s3_incidence_degree.txt
week18_er_n40_p16_s3,erdos_renyi,"G(40, 0.16)",generated,104163.0,num_vertices,40,edge_probability,0.16,week18_handcrafted_candidate,40,107,0.1371794871794872,1,1,colpack,greedy_coloring,SMALLEST_LAST,4,0.0,,True,,data\processed\initial_graph_coloring_dataset\colpack_outputs_week18_heterogeneous_generalization\week18_er_n40_p16_s3_smallest_last.txt
week18_er_n40_p22_s0,erdos_renyi,"G(40, 0.22)",generated,104220.0,num_vertices,40,edge_probability,0.22,week18_handcrafted_candidate,40,161,0.2064102564102564,1,1,colpack,greedy_coloring,NATURAL,7,0.0,,True,,data\processed\initial_graph_coloring_dataset\colpack_outputs_week18_heterogeneous_generalization\week18_er_n40_p22_s0_natural.txt
week18_er_n40_p22_s0,erdos_renyi,"G(40, 0.22)",generated,104220.0,num_vertices,40,edge_probability,0.22,week18_handcrafted_candidate,40,161,0.2064102564102564,1,1,colpack,greedy_coloring,LARGEST_FIRST,5,0.0,,True,,data\processed\initial_graph_coloring_dataset\colpack_outputs_week18_heterogeneous_generalization\week18_er_n40_p22_s0_largest_first.txt
week18_er_n40_p22_s0,erdos_renyi,"G(40, 0.22)",generated,104220.0,num_vertices,40,edge_probability,0.22,week18_handcrafted_candidate,40,161,0.2064102564102564,1,1,colpack,greedy_coloring,DYNAMIC_LARGEST_FIRST,6,0.0,,True,,data\processed\initial_graph_coloring_dataset\colpack_outputs_week18_heterogeneous_generalization\week18_er_n40_p22_s0_dynamic_largest_first.txt
week18_er_n40_p22_s0,erdos_renyi,"G(40, 0.22)",generated,104220.0,num_vertices,40,edge_probability,0.22,week18_handcrafted_candidate,40,161,0.2064102564102564,1,1,colpack,greedy_coloring,INCIDENCE_DEGREE,5,0.0,,True,,data\processed\initial_graph_coloring_dataset\colpack_outputs_week18_heterogeneous_generalization\week18_er_n40_p22_s0_incidence_degree.txt
week18_er_n40_p22_s0,erdos_renyi,"G(40, 0.22)",generated,104220.0,num_vertices,40,edge_probability,0.22,week18_handcrafted_candidate,40,161,0.2064102564102564,1,1,colpack,greedy_coloring,SMALLEST_LAST,6,0.001,,True,,data\processed\initial_graph_coloring_dataset\colpack_outputs_week18_heterogeneous_generalization\week18_er_n40_p22_s0_smallest_last.txt
week18_er_n40_p22_s1,erdos_renyi,"G(40, 0.22)",generated,104221.0,num_vertices,40,edge_probability,0.22,week18_handcrafted_candidate,40,189,0.2423076923076923,1,1,colpack,greedy_coloring,NATURAL,8,0.0,,True,,data\processed\initial_graph_coloring_dataset\colpack_outputs_week18_heterogeneous_generalization\week18_er_n40_p22_s1_natural.txt
week18_er_n40_p22_s1,erdos_renyi,"G(40, 0.22)",generated,104221.0,num_vertices,40,edge_probability,0.22,week18_handcrafted_candidate,40,189,0.2423076923076923,1,1,colpack,greedy_coloring,LARGEST_FIRST,7,0.0,,True,,data\processed\initial_graph_coloring_dataset\colpack_outputs_week18_heterogeneous_generalization\week18_er_n40_p22_s1_largest_first.txt
week18_er_n40_p22_s1,erdos_renyi,"G(40, 0.22)",generated,104221.0,num_vertices,40,edge_probability,0.22,week18_handcrafted_candidate,40,189,0.2423076923076923,1,1,colpack,greedy_coloring,DYNAMIC_LARGEST_FIRST,6,0.0,,True,,data\processed\initial_graph_coloring_dataset\colpack_outputs_week18_heterogeneous_generalization\week18_er_n40_p22_s1_dynamic_largest_first.txt
week18_er_n40_p22_s1,erdos_renyi,"G(40, 0.22)",generated,104221.0,num_vertices,40,edge_probability,0.22,week18_handcrafted_candidate,40,189,0.2423076923076923,1,1,colpack,greedy_coloring,INCIDENCE_DEGREE,6,0.0,,True,,data\processed\initial_graph_coloring_dataset\colpack_outputs_week18_heterogeneous_generalization\week18_er_n40_p22_s1_incidence_degree.txt
week18_er_n40_p22_s1,erdos_renyi,"G(40, 0.22)",generated,104221.0,num_vertices,40,edge_probability,0.22,week18_handcrafted_candidate,40,189,0.2423076923076923,1,1,colpack,greedy_coloring,SMALLEST_LAST,6,0.0,,True,,data\processed\initial_graph_coloring_dataset\colpack_outputs_week18_heterogeneous_generalization\week18_er_n40_p22_s1_smallest_last.txt
week18_er_n40_p22_s2,erdos_renyi,"G(40, 0.22)",generated,104222.0,num_vertices,40,edge_probability,0.22,week18_handcrafted_candidate,40,170,0.21794871794871795,1,1,colpack,greedy_coloring,NATURAL,6,0.001,,True,,data\processed\initial_graph_coloring_dataset\colpack_outputs_week18_heterogeneous_generalization\week18_er_n40_p22_s2_natural.txt
week18_er_n40_p22_s2,erdos_renyi,"G(40, 0.22)",generated,104222.0,num_vertices,40,edge_probability,0.22,week18_handcrafted_candidate,40,170,0.21794871794871795,1,1,colpack,greedy_coloring,LARGEST_FIRST,6,0.0,,True,,data\processed\initial_graph_coloring_dataset\colpack_outputs_week18_heterogeneous_generalization\week18_er_n40_p22_s2_largest_first.txt
week18_er_n40_p22_s2,erdos_renyi,"G(40, 0.22)",generated,104222.0,num_vertices,40,edge_probability,0.22,week18_handcrafted_candidate,40,170,0.21794871794871795,1,1,colpack,greedy_coloring,DYNAMIC_LARGEST_FIRST,6,0.001,,True,,data\processed\initial_graph_coloring_dataset\colpack_outputs_week18_heterogeneous_generalization\week18_er_n40_p22_s2_dynamic_largest_first.txt
week18_er_n40_p22_s2,erdos_renyi,"G(40, 0.22)",generated,104222.0,num_vertices,40,edge_probability,0.22,week18_handcrafted_candidate,40,170,0.21794871794871795,1,1,colpack,greedy_coloring,INCIDENCE_DEGREE,6,0.0,,True,,data\processed\initial_graph_coloring_dataset\colpack_outputs_week18_heterogeneous_generalization\week18_er_n40_p22_s2_incidence_degree.txt
week18_er_n40_p22_s2,erdos_renyi,"G(40, 0.22)",generated,104222.0,num_vertices,40,edge_probability,0.22,week18_handcrafted_candidate,40,170,0.21794871794871795,1,1,colpack,greedy_coloring,SMALLEST_LAST,6,0.0,,True,,data\processed\initial_graph_coloring_dataset\colpack_outputs_week18_heterogeneous_generalization\week18_er_n40_p22_s2_smallest_last.txt
week18_er_n40_p22_s3,erdos_renyi,"G(40, 0.22)",generated,104223.0,num_vertices,40,edge_probability,0.22,week18_handcrafted_candidate,40,156,0.2,1,1,colpack,greedy_coloring,NATURAL,7,0.0,,True,,data\processed\initial_graph_coloring_dataset\colpack_outputs_week18_heterogeneous_generalization\week18_er_n40_p22_s3_natural.txt
week18_er_n40_p22_s3,erdos_renyi,"G(40, 0.22)",generated,104223.0,num_vertices,40,edge_probability,0.22,week18_handcrafted_candidate,40,156,0.2,1,1,colpack,greedy_coloring,LARGEST_FIRST,6,0.0,,True,,data\processed\initial_graph_coloring_dataset\colpack_outputs_week18_heterogeneous_generalization\week18_er_n40_p22_s3_largest_first.txt
week18_er_n40_p22_s3,erdos_renyi,"G(40, 0.22)",generated,104223.0,num_vertices,40,edge_probability,0.22,week18_handcrafted_candidate,40,156,0.2,1,1,colpack,greedy_coloring,DYNAMIC_LARGEST_FIRST,5,0.001,,True,,data\processed\initial_graph_coloring_dataset\colpack_outputs_week18_heterogeneous_generalization\week18_er_n40_p22_s3_dynamic_largest_first.txt
week18_er_n40_p22_s3,erdos_renyi,"G(40, 0.22)",generated,104223.0,num_vertices,40,edge_probability,0.22,week18_handcrafted_candidate,40,156,0.2,1,1,colpack,greedy_coloring,INCIDENCE_DEGREE,5,0.0,,True,,data\processed\initial_graph_coloring_dataset\colpack_outputs_week18_heterogeneous_generalization\week18_er_n40_p22_s3_incidence_degree.txt
week18_er_n40_p22_s3,erdos_renyi,"G(40, 0.22)",generated,104223.0,num_vertices,40,edge_probability,0.22,week18_handcrafted_candidate,40,156,0.2,1,1,colpack,greedy_coloring,SMALLEST_LAST,6,0.0,,True,,data\processed\initial_graph_coloring_dataset\colpack_outputs_week18_heterogeneous_generalization\week18_er_n40_p22_s3_smallest_last.txt
week18_er_n40_p30_s0,erdos_renyi,"G(40, 0.30)",generated,104300.0,num_vertices,40,edge_probability,0.3,week18_handcrafted_candidate,40,246,0.3153846153846154,1,1,colpack,greedy_coloring,NATURAL,9,0.0,,True,,data\processed\initial_graph_coloring_dataset\colpack_outputs_week18_heterogeneous_generalization\week18_er_n40_p30_s0_natural.txt
week18_er_n40_p30_s0,erdos_renyi,"G(40, 0.30)",generated,104300.0,num_vertices,40,edge_probability,0.3,week18_handcrafted_candidate,40,246,0.3153846153846154,1,1,colpack,greedy_coloring,LARGEST_FIRST,7,0.0,,True,,data\processed\initial_graph_coloring_dataset\colpack_outputs_week18_heterogeneous_generalization\week18_er_n40_p30_s0_largest_first.txt
week18_er_n40_p30_s0,erdos_renyi,"G(40, 0.30)",generated,104300.0,num_vertices,40,edge_probability,0.3,week18_handcrafted_candidate,40,246,0.3153846153846154,1,1,colpack,greedy_coloring,DYNAMIC_LARGEST_FIRST,7,0.0,,True,,data\processed\initial_graph_coloring_dataset\colpack_outputs_week18_heterogeneous_generalization\week18_er_n40_p30_s0_dynamic_largest_first.txt
week18_er_n40_p30_s0,erdos_renyi,"G(40, 0.30)",generated,104300.0,num_vertices,40,edge_probability,0.3,week18_handcrafted_candidate,40,246,0.3153846153846154,1,1,colpack,greedy_coloring,INCIDENCE_DEGREE,7,0.0,,True,,data\processed\initial_graph_coloring_dataset\colpack_outputs_week18_heterogeneous_generalization\week18_er_n40_p30_s0_incidence_degree.txt
week18_er_n40_p30_s0,erdos_renyi,"G(40, 0.30)",generated,104300.0,num_vertices,40,edge_probability,0.3,week18_handcrafted_candidate,40,246,0.3153846153846154,1,1,colpack,greedy_coloring,SMALLEST_LAST,7,0.0,,True,,data\processed\initial_graph_coloring_dataset\colpack_outputs_week18_heterogeneous_generalization\week18_er_n40_p30_s0_smallest_last.txt
week18_er_n40_p30_s1,erdos_renyi,"G(40, 0.30)",generated,104301.0,num_vertices,40,edge_probability,0.3,week18_handcrafted_candidate,40,226,0.28974358974358977,1,1,colpack,greedy_coloring,NATURAL,7,0.0,,True,,data\processed\initial_graph_coloring_dataset\colpack_outputs_week18_heterogeneous_generalization\week18_er_n40_p30_s1_natural.txt
week18_er_n40_p30_s1,erdos_renyi,"G(40, 0.30)",generated,104301.0,num_vertices,40,edge_probability,0.3,week18_handcrafted_candidate,40,226,0.28974358974358977,1,1,colpack,greedy_coloring,LARGEST_FIRST,7,0.0,,True,,data\processed\initial_graph_coloring_dataset\colpack_outputs_week18_heterogeneous_generalization\week18_er_n40_p30_s1_largest_first.txt
week18_er_n40_p30_s1,erdos_renyi,"G(40, 0.30)",generated,104301.0,num_vertices,40,edge_probability,0.3,week18_handcrafted_candidate,40,226,0.28974358974358977,1,1,colpack,greedy_coloring,DYNAMIC_LARGEST_FIRST,6,0.0,,True,,data\processed\initial_graph_coloring_dataset\colpack_outputs_week18_heterogeneous_generalization\week18_er_n40_p30_s1_dynamic_largest_first.txt
week18_er_n40_p30_s1,erdos_renyi,"G(40, 0.30)",generated,104301.0,num_vertices,40,edge_probability,0.3,week18_handcrafted_candidate,40,226,0.28974358974358977,1,1,colpack,greedy_coloring,INCIDENCE_DEGREE,7,0.0,,True,,data\processed\initial_graph_coloring_dataset\colpack_outputs_week18_heterogeneous_generalization\week18_er_n40_p30_s1_incidence_degree.txt
week18_er_n40_p30_s1,erdos_renyi,"G(40, 0.30)",generated,104301.0,num_vertices,40,edge_probability,0.3,week18_handcrafted_candidate,40,226,0.28974358974358977,1,1,colpack,greedy_coloring,SMALLEST_LAST,7,0.0,,True,,data\processed\initial_graph_coloring_dataset\colpack_outputs_week18_heterogeneous_generalization\week18_er_n40_p30_s1_smallest_last.txt
week18_er_n40_p30_s2,erdos_renyi,"G(40, 0.30)",generated,104302.0,num_vertices,40,edge_probability,0.3,week18_handcrafted_candidate,40,244,0.3128205128205128,1,1,colpack,greedy_coloring,NATURAL,8,0.0,,True,,data\processed\initial_graph_coloring_dataset\colpack_outputs_week18_heterogeneous_generalization\week18_er_n40_p30_s2_natural.txt
week18_er_n40_p30_s2,erdos_renyi,"G(40, 0.30)",generated,104302.0,num_vertices,40,edge_probability,0.3,week18_handcrafted_candidate,40,244,0.3128205128205128,1,1,colpack,greedy_coloring,LARGEST_FIRST,7,0.0,,True,,data\processed\initial_graph_coloring_dataset\colpack_outputs_week18_heterogeneous_generalization\week18_er_n40_p30_s2_largest_first.txt
week18_er_n40_p30_s2,erdos_renyi,"G(40, 0.30)",generated,104302.0,num_vertices,40,edge_probability,0.3,week18_handcrafted_candidate,40,244,0.3128205128205128,1,1,colpack,greedy_coloring,DYNAMIC_LARGEST_FIRST,7,0.0,,True,,data\processed\initial_graph_coloring_dataset\colpack_outputs_week18_heterogeneous_generalization\week18_er_n40_p30_s2_dynamic_largest_first.txt
week18_er_n40_p30_s2,erdos_renyi,"G(40, 0.30)",generated,104302.0,num_vertices,40,edge_probability,0.3,week18_handcrafted_candidate,40,244,0.3128205128205128,1,1,colpack,greedy_coloring,INCIDENCE_DEGREE,7,0.0,,True,,data\processed\initial_graph_coloring_dataset\colpack_outputs_week18_heterogeneous_generalization\week18_er_n40_p30_s2_incidence_degree.txt
week18_er_n40_p30_s2,erdos_renyi,"G(40, 0.30)",generated,104302.0,num_vertices,40,edge_probability,0.3,week18_handcrafted_candidate,40,244,0.3128205128205128,1,1,colpack,greedy_coloring,SMALLEST_LAST,7,0.0,,True,,data\processed\initial_graph_coloring_dataset\colpack_outputs_week18_heterogeneous_generalization\week18_er_n40_p30_s2_smallest_last.txt
week18_er_n40_p30_s3,erdos_renyi,"G(40, 0.30)",generated,104303.0,num_vertices,40,edge_probability,0.3,week18_handcrafted_candidate,40,249,0.3192307692307692,1,1,colpack,greedy_coloring,NATURAL,8,0.0,,True,,data\processed\initial_graph_coloring_dataset\colpack_outputs_week18_heterogeneous_generalization\week18_er_n40_p30_s3_natural.txt
week18_er_n40_p30_s3,erdos_renyi,"G(40, 0.30)",generated,104303.0,num_vertices,40,edge_probability,0.3,week18_handcrafted_candidate,40,249,0.3192307692307692,1,1,colpack,greedy_coloring,LARGEST_FIRST,7,0.0,,True,,data\processed\initial_graph_coloring_dataset\colpack_outputs_week18_heterogeneous_generalization\week18_er_n40_p30_s3_largest_first.txt
week18_er_n40_p30_s3,erdos_renyi,"G(40, 0.30)",generated,104303.0,num_vertices,40,edge_probability,0.3,week18_handcrafted_candidate,40,249,0.3192307692307692,1,1,colpack,greedy_coloring,DYNAMIC_LARGEST_FIRST,6,0.0,,True,,data\processed\initial_graph_coloring_dataset\colpack_outputs_week18_heterogeneous_generalization\week18_er_n40_p30_s3_dynamic_largest_first.txt
week18_er_n40_p30_s3,erdos_renyi,"G(40, 0.30)",generated,104303.0,num_vertices,40,edge_probability,0.3,week18_handcrafted_candidate,40,249,0.3192307692307692,1,1,colpack,greedy_coloring,INCIDENCE_DEGREE,7,0.0,,True,,data\processed\initial_graph_coloring_dataset\colpack_outputs_week18_heterogeneous_generalization\week18_er_n40_p30_s3_incidence_degree.txt
week18_er_n40_p30_s3,erdos_renyi,"G(40, 0.30)",generated,104303.0,num_vertices,40,edge_probability,0.3,week18_handcrafted_candidate,40,249,0.3192307692307692,1,1,colpack,greedy_coloring,SMALLEST_LAST,6,0.0,,True,,data\processed\initial_graph_coloring_dataset\colpack_outputs_week18_heterogeneous_generalization\week18_er_n40_p30_s3_smallest_last.txt
week18_er_n60_p06_s0,erdos_renyi,"G(60, 0.06)",generated,106060.0,num_vertices,60,edge_probability,0.06,week18_handcrafted_candidate,60,123,0.06949152542372881,3,1,colpack,greedy_coloring,NATURAL,5,0.0,,True,,data\processed\initial_graph_coloring_dataset\colpack_outputs_week18_heterogeneous_generalization\week18_er_n60_p06_s0_natural.txt
week18_er_n60_p06_s0,erdos_renyi,"G(60, 0.06)",generated,106060.0,num_vertices,60,edge_probability,0.06,week18_handcrafted_candidate,60,123,0.06949152542372881,3,1,colpack,greedy_coloring,LARGEST_FIRST,4,0.0,,True,,data\processed\initial_graph_coloring_dataset\colpack_outputs_week18_heterogeneous_generalization\week18_er_n60_p06_s0_largest_first.txt
week18_er_n60_p06_s0,erdos_renyi,"G(60, 0.06)",generated,106060.0,num_vertices,60,edge_probability,0.06,week18_handcrafted_candidate,60,123,0.06949152542372881,3,1,colpack,greedy_coloring,DYNAMIC_LARGEST_FIRST,4,0.0,,True,,data\processed\initial_graph_coloring_dataset\colpack_outputs_week18_heterogeneous_generalization\week18_er_n60_p06_s0_dynamic_largest_first.txt
week18_er_n60_p06_s0,erdos_renyi,"G(60, 0.06)",generated,106060.0,num_vertices,60,edge_probability,0.06,week18_handcrafted_candidate,60,123,0.06949152542372881,3,1,colpack,greedy_coloring,INCIDENCE_DEGREE,4,0.0,,True,,data\processed\initial_graph_coloring_dataset\colpack_outputs_week18_heterogeneous_generalization\week18_er_n60_p06_s0_incidence_degree.txt
week18_er_n60_p06_s0,erdos_renyi,"G(60, 0.06)",generated,106060.0,num_vertices,60,edge_probability,0.06,week18_handcrafted_candidate,60,123,0.06949152542372881,3,1,colpack,greedy_coloring,SMALLEST_LAST,4,0.0,,True,,data\processed\initial_graph_coloring_dataset\colpack_outputs_week18_heterogeneous_generalization\week18_er_n60_p06_s0_smallest_last.txt
week18_er_n60_p06_s1,erdos_renyi,"G(60, 0.06)",generated,106061.0,num_vertices,60,edge_probability,0.06,week18_handcrafted_candidate,60,111,0.06271186440677966,4,1,colpack,greedy_coloring,NATURAL,4,0.0,,True,,data\processed\initial_graph_coloring_dataset\colpack_outputs_week18_heterogeneous_generalization\week18_er_n60_p06_s1_natural.txt
week18_er_n60_p06_s1,erdos_renyi,"G(60, 0.06)",generated,106061.0,num_vertices,60,edge_probability,0.06,week18_handcrafted_candidate,60,111,0.06271186440677966,4,1,colpack,greedy_coloring,LARGEST_FIRST,4,0.0,,True,,data\processed\initial_graph_coloring_dataset\colpack_outputs_week18_heterogeneous_generalization\week18_er_n60_p06_s1_largest_first.txt
week18_er_n60_p06_s1,erdos_renyi,"G(60, 0.06)",generated,106061.0,num_vertices,60,edge_probability,0.06,week18_handcrafted_candidate,60,111,0.06271186440677966,4,1,colpack,greedy_coloring,DYNAMIC_LARGEST_FIRST,4,0.0,,True,,data\processed\initial_graph_coloring_dataset\colpack_outputs_week18_heterogeneous_generalization\week18_er_n60_p06_s1_dynamic_largest_first.txt
week18_er_n60_p06_s1,erdos_renyi,"G(60, 0.06)",generated,106061.0,num_vertices,60,edge_probability,0.06,week18_handcrafted_candidate,60,111,0.06271186440677966,4,1,colpack,greedy_coloring,INCIDENCE_DEGREE,4,0.0,,True,,data\processed\initial_graph_coloring_dataset\colpack_outputs_week18_heterogeneous_generalization\week18_er_n60_p06_s1_incidence_degree.txt
week18_er_n60_p06_s1,erdos_renyi,"G(60, 0.06)",generated,106061.0,num_vertices,60,edge_probability,0.06,week18_handcrafted_candidate,60,111,0.06271186440677966,4,1,colpack,greedy_coloring,SMALLEST_LAST,4,0.0,,True,,data\processed\initial_graph_coloring_dataset\colpack_outputs_week18_heterogeneous_generalization\week18_er_n60_p06_s1_smallest_last.txt
week18_er_n60_p06_s2,erdos_renyi,"G(60, 0.06)",generated,106062.0,num_vertices,60,edge_probability,0.06,week18_handcrafted_candidate,60,104,0.05875706214689266,2,1,colpack,greedy_coloring,NATURAL,4,0.0,,True,,data\processed\initial_graph_coloring_dataset\colpack_outputs_week18_heterogeneous_generalization\week18_er_n60_p06_s2_natural.txt
week18_er_n60_p06_s2,erdos_renyi,"G(60, 0.06)",generated,106062.0,num_vertices,60,edge_probability,0.06,week18_handcrafted_candidate,60,104,0.05875706214689266,2,1,colpack,greedy_coloring,LARGEST_FIRST,4,0.0,,True,,data\processed\initial_graph_coloring_dataset\colpack_outputs_week18_heterogeneous_generalization\week18_er_n60_p06_s2_largest_first.txt
week18_er_n60_p06_s2,erdos_renyi,"G(60, 0.06)",generated,106062.0,num_vertices,60,edge_probability,0.06,week18_handcrafted_candidate,60,104,0.05875706214689266,2,1,colpack,greedy_coloring,DYNAMIC_LARGEST_FIRST,4,0.0,,True,,data\processed\initial_graph_coloring_dataset\colpack_outputs_week18_heterogeneous_generalization\week18_er_n60_p06_s2_dynamic_largest_first.txt
week18_er_n60_p06_s2,erdos_renyi,"G(60, 0.06)",generated,106062.0,num_vertices,60,edge_probability,0.06,week18_handcrafted_candidate,60,104,0.05875706214689266,2,1,colpack,greedy_coloring,INCIDENCE_DEGREE,4,0.0,,True,,data\processed\initial_graph_coloring_dataset\colpack_outputs_week18_heterogeneous_generalization\week18_er_n60_p06_s2_incidence_degree.txt
week18_er_n60_p06_s2,erdos_renyi,"G(60, 0.06)",generated,106062.0,num_vertices,60,edge_probability,0.06,week18_handcrafted_candidate,60,104,0.05875706214689266,2,1,colpack,greedy_coloring,SMALLEST_LAST,3,0.0,,True,,data\processed\initial_graph_coloring_dataset\colpack_outputs_week18_heterogeneous_generalization\week18_er_n60_p06_s2_smallest_last.txt
week18_er_n60_p06_s3,erdos_renyi,"G(60, 0.06)",generated,106063.0,num_vertices,60,edge_probability,0.06,week18_handcrafted_candidate,60,109,0.061581920903954805,1,1,colpack,greedy_coloring,NATURAL,4,0.0,,True,,data\processed\initial_graph_coloring_dataset\colpack_outputs_week18_heterogeneous_generalization\week18_er_n60_p06_s3_natural.txt
week18_er_n60_p06_s3,erdos_renyi,"G(60, 0.06)",generated,106063.0,num_vertices,60,edge_probability,0.06,week18_handcrafted_candidate,60,109,0.061581920903954805,1,1,colpack,greedy_coloring,LARGEST_FIRST,4,0.0,,True,,data\processed\initial_graph_coloring_dataset\colpack_outputs_week18_heterogeneous_generalization\week18_er_n60_p06_s3_largest_first.txt
week18_er_n60_p06_s3,erdos_renyi,"G(60, 0.06)",generated,106063.0,num_vertices,60,edge_probability,0.06,week18_handcrafted_candidate,60,109,0.061581920903954805,1,1,colpack,greedy_coloring,DYNAMIC_LARGEST_FIRST,4,0.0,,True,,data\processed\initial_graph_coloring_dataset\colpack_outputs_week18_heterogeneous_generalization\week18_er_n60_p06_s3_dynamic_largest_first.txt
week18_er_n60_p06_s3,erdos_renyi,"G(60, 0.06)",generated,106063.0,num_vertices,60,edge_probability,0.06,week18_handcrafted_candidate,60,109,0.061581920903954805,1,1,colpack,greedy_coloring,INCIDENCE_DEGREE,4,0.0,,True,,data\processed\initial_graph_coloring_dataset\colpack_outputs_week18_heterogeneous_generalization\week18_er_n60_p06_s3_incidence_degree.txt
week18_er_n60_p06_s3,erdos_renyi,"G(60, 0.06)",generated,106063.0,num_vertices,60,edge_probability,0.06,week18_handcrafted_candidate,60,109,0.061581920903954805,1,1,colpack,greedy_coloring,SMALLEST_LAST,4,0.0,,True,,data\processed\initial_graph_coloring_dataset\colpack_outputs_week18_heterogeneous_generalization\week18_er_n60_p06_s3_smallest_last.txt
week18_er_n60_p09_s0,erdos_renyi,"G(60, 0.09)",generated,106090.0,num_vertices,60,edge_probability,0.09,week18_handcrafted_candidate,60,164,0.09265536723163842,1,1,colpack,greedy_coloring,NATURAL,5,0.0,,True,,data\processed\initial_graph_coloring_dataset\colpack_outputs_week18_heterogeneous_generalization\week18_er_n60_p09_s0_natural.txt
week18_er_n60_p09_s0,erdos_renyi,"G(60, 0.09)",generated,106090.0,num_vertices,60,edge_probability,0.09,week18_handcrafted_candidate,60,164,0.09265536723163842,1,1,colpack,greedy_coloring,LARGEST_FIRST,5,0.0,,True,,data\processed\initial_graph_coloring_dataset\colpack_outputs_week18_heterogeneous_generalization\week18_er_n60_p09_s0_largest_first.txt
week18_er_n60_p09_s0,erdos_renyi,"G(60, 0.09)",generated,106090.0,num_vertices,60,edge_probability,0.09,week18_handcrafted_candidate,60,164,0.09265536723163842,1,1,colpack,greedy_coloring,DYNAMIC_LARGEST_FIRST,5,0.0,,True,,data\processed\initial_graph_coloring_dataset\colpack_outputs_week18_heterogeneous_generalization\week18_er_n60_p09_s0_dynamic_largest_first.txt
week18_er_n60_p09_s0,erdos_renyi,"G(60, 0.09)",generated,106090.0,num_vertices,60,edge_probability,0.09,week18_handcrafted_candidate,60,164,0.09265536723163842,1,1,colpack,greedy_coloring,INCIDENCE_DEGREE,4,0.0,,True,,data\processed\initial_graph_coloring_dataset\colpack_outputs_week18_heterogeneous_generalization\week18_er_n60_p09_s0_incidence_degree.txt
week18_er_n60_p09_s0,erdos_renyi,"G(60, 0.09)",generated,106090.0,num_vertices,60,edge_probability,0.09,week18_handcrafted_candidate,60,164,0.09265536723163842,1,1,colpack,greedy_coloring,SMALLEST_LAST,4,0.0,,True,,data\processed\initial_graph_coloring_dataset\colpack_outputs_week18_heterogeneous_generalization\week18_er_n60_p09_s0_smallest_last.txt
week18_er_n60_p09_s1,erdos_renyi,"G(60, 0.09)",generated,106091.0,num_vertices,60,edge_probability,0.09,week18_handcrafted_candidate,60,149,0.08418079096045197,1,1,colpack,greedy_coloring,NATURAL,5,0.0,,True,,data\processed\initial_graph_coloring_dataset\colpack_outputs_week18_heterogeneous_generalization\week18_er_n60_p09_s1_natural.txt
week18_er_n60_p09_s1,erdos_renyi,"G(60, 0.09)",generated,106091.0,num_vertices,60,edge_probability,0.09,week18_handcrafted_candidate,60,149,0.08418079096045197,1,1,colpack,greedy_coloring,LARGEST_FIRST,4,0.0,,True,,data\processed\initial_graph_coloring_dataset\colpack_outputs_week18_heterogeneous_generalization\week18_er_n60_p09_s1_largest_first.txt
week18_er_n60_p09_s1,erdos_renyi,"G(60, 0.09)",generated,106091.0,num_vertices,60,edge_probability,0.09,week18_handcrafted_candidate,60,149,0.08418079096045197,1,1,colpack,greedy_coloring,DYNAMIC_LARGEST_FIRST,4,0.0,,True,,data\processed\initial_graph_coloring_dataset\colpack_outputs_week18_heterogeneous_generalization\week18_er_n60_p09_s1_dynamic_largest_first.txt
week18_er_n60_p09_s1,erdos_renyi,"G(60, 0.09)",generated,106091.0,num_vertices,60,edge_probability,0.09,week18_handcrafted_candidate,60,149,0.08418079096045197,1,1,colpack,greedy_coloring,INCIDENCE_DEGREE,4,0.0,,True,,data\processed\initial_graph_coloring_dataset\colpack_outputs_week18_heterogeneous_generalization\week18_er_n60_p09_s1_incidence_degree.txt
week18_er_n60_p09_s1,erdos_renyi,"G(60, 0.09)",generated,106091.0,num_vertices,60,edge_probability,0.09,week18_handcrafted_candidate,60,149,0.08418079096045197,1,1,colpack,greedy_coloring,SMALLEST_LAST,4,0.001,,True,,data\processed\initial_graph_coloring_dataset\colpack_outputs_week18_heterogeneous_generalization\week18_er_n60_p09_s1_smallest_last.txt
week18_er_n60_p09_s2,erdos_renyi,"G(60, 0.09)",generated,106092.0,num_vertices,60,edge_probability,0.09,week18_handcrafted_candidate,60,172,0.09717514124293786,2,1,colpack,greedy_coloring,NATURAL,6,0.0,,True,,data\processed\initial_graph_coloring_dataset\colpack_outputs_week18_heterogeneous_generalization\week18_er_n60_p09_s2_natural.txt
week18_er_n60_p09_s2,erdos_renyi,"G(60, 0.09)",generated,106092.0,num_vertices,60,edge_probability,0.09,week18_handcrafted_candidate,60,172,0.09717514124293786,2,1,colpack,greedy_coloring,LARGEST_FIRST,5,0.0,,True,,data\processed\initial_graph_coloring_dataset\colpack_outputs_week18_heterogeneous_generalization\week18_er_n60_p09_s2_largest_first.txt
week18_er_n60_p09_s2,erdos_renyi,"G(60, 0.09)",generated,106092.0,num_vertices,60,edge_probability,0.09,week18_handcrafted_candidate,60,172,0.09717514124293786,2,1,colpack,greedy_coloring,DYNAMIC_LARGEST_FIRST,5,0.0,,True,,data\processed\initial_graph_coloring_dataset\colpack_outputs_week18_heterogeneous_generalization\week18_er_n60_p09_s2_dynamic_largest_first.txt
week18_er_n60_p09_s2,erdos_renyi,"G(60, 0.09)",generated,106092.0,num_vertices,60,edge_probability,0.09,week18_handcrafted_candidate,60,172,0.09717514124293786,2,1,colpack,greedy_coloring,INCIDENCE_DEGREE,5,0.0,,True,,data\processed\initial_graph_coloring_dataset\colpack_outputs_week18_heterogeneous_generalization\week18_er_n60_p09_s2_incidence_degree.txt
week18_er_n60_p09_s2,erdos_renyi,"G(60, 0.09)",generated,106092.0,num_vertices,60,edge_probability,0.09,week18_handcrafted_candidate,60,172,0.09717514124293786,2,1,colpack,greedy_coloring,SMALLEST_LAST,5,0.0,,True,,data\processed\initial_graph_coloring_dataset\colpack_outputs_week18_heterogeneous_generalization\week18_er_n60_p09_s2_smallest_last.txt
week18_er_n60_p09_s3,erdos_renyi,"G(60, 0.09)",generated,106093.0,num_vertices,60,edge_probability,0.09,week18_handcrafted_candidate,60,140,0.07909604519774012,3,1,colpack,greedy_coloring,NATURAL,5,0.0,,True,,data\processed\initial_graph_coloring_dataset\colpack_outputs_week18_heterogeneous_generalization\week18_er_n60_p09_s3_natural.txt
week18_er_n60_p09_s3,erdos_renyi,"G(60, 0.09)",generated,106093.0,num_vertices,60,edge_probability,0.09,week18_handcrafted_candidate,60,140,0.07909604519774012,3,1,colpack,greedy_coloring,LARGEST_FIRST,4,0.0,,True,,data\processed\initial_graph_coloring_dataset\colpack_outputs_week18_heterogeneous_generalization\week18_er_n60_p09_s3_largest_first.txt
week18_er_n60_p09_s3,erdos_renyi,"G(60, 0.09)",generated,106093.0,num_vertices,60,edge_probability,0.09,week18_handcrafted_candidate,60,140,0.07909604519774012,3,1,colpack,greedy_coloring,DYNAMIC_LARGEST_FIRST,5,0.0,,True,,data\processed\initial_graph_coloring_dataset\colpack_outputs_week18_heterogeneous_generalization\week18_er_n60_p09_s3_dynamic_largest_first.txt
week18_er_n60_p09_s3,erdos_renyi,"G(60, 0.09)",generated,106093.0,num_vertices,60,edge_probability,0.09,week18_handcrafted_candidate,60,140,0.07909604519774012,3,1,colpack,greedy_coloring,INCIDENCE_DEGREE,4,0.001,,True,,data\processed\initial_graph_coloring_dataset\colpack_outputs_week18_heterogeneous_generalization\week18_er_n60_p09_s3_incidence_degree.txt
week18_er_n60_p09_s3,erdos_renyi,"G(60, 0.09)",generated,106093.0,num_vertices,60,edge_probability,0.09,week18_handcrafted_candidate,60,140,0.07909604519774012,3,1,colpack,greedy_coloring,SMALLEST_LAST,4,0.0,,True,,data\processed\initial_graph_coloring_dataset\colpack_outputs_week18_heterogeneous_generalization\week18_er_n60_p09_s3_smallest_last.txt
week18_er_n60_p12_s0,erdos_renyi,"G(60, 0.12)",generated,106120.0,num_vertices,60,edge_probability,0.12,week18_handcrafted_candidate,60,213,0.12033898305084746,1,1,colpack,greedy_coloring,NATURAL,6,0.0,,True,,data\processed\initial_graph_coloring_dataset\colpack_outputs_week18_heterogeneous_generalization\week18_er_n60_p12_s0_natural.txt
week18_er_n60_p12_s0,erdos_renyi,"G(60, 0.12)",generated,106120.0,num_vertices,60,edge_probability,0.12,week18_handcrafted_candidate,60,213,0.12033898305084746,1,1,colpack,greedy_coloring,LARGEST_FIRST,5,0.001,,True,,data\processed\initial_graph_coloring_dataset\colpack_outputs_week18_heterogeneous_generalization\week18_er_n60_p12_s0_largest_first.txt
week18_er_n60_p12_s0,erdos_renyi,"G(60, 0.12)",generated,106120.0,num_vertices,60,edge_probability,0.12,week18_handcrafted_candidate,60,213,0.12033898305084746,1,1,colpack,greedy_coloring,DYNAMIC_LARGEST_FIRST,5,0.0,,True,,data\processed\initial_graph_coloring_dataset\colpack_outputs_week18_heterogeneous_generalization\week18_er_n60_p12_s0_dynamic_largest_first.txt
week18_er_n60_p12_s0,erdos_renyi,"G(60, 0.12)",generated,106120.0,num_vertices,60,edge_probability,0.12,week18_handcrafted_candidate,60,213,0.12033898305084746,1,1,colpack,greedy_coloring,INCIDENCE_DEGREE,5,0.0,,True,,data\processed\initial_graph_coloring_dataset\colpack_outputs_week18_heterogeneous_generalization\week18_er_n60_p12_s0_incidence_degree.txt
week18_er_n60_p12_s0,erdos_renyi,"G(60, 0.12)",generated,106120.0,num_vertices,60,edge_probability,0.12,week18_handcrafted_candidate,60,213,0.12033898305084746,1,1,colpack,greedy_coloring,SMALLEST_LAST,5,0.0,,True,,data\processed\initial_graph_coloring_dataset\colpack_outputs_week18_heterogeneous_generalization\week18_er_n60_p12_s0_smallest_last.txt
week18_er_n60_p12_s1,erdos_renyi,"G(60, 0.12)",generated,106121.0,num_vertices,60,edge_probability,0.12,week18_handcrafted_candidate,60,234,0.13220338983050847,1,1,colpack,greedy_coloring,NATURAL,6,0.0,,True,,data\processed\initial_graph_coloring_dataset\colpack_outputs_week18_heterogeneous_generalization\week18_er_n60_p12_s1_natural.txt
week18_er_n60_p12_s1,erdos_renyi,"G(60, 0.12)",generated,106121.0,num_vertices,60,edge_probability,0.12,week18_handcrafted_candidate,60,234,0.13220338983050847,1,1,colpack,greedy_coloring,LARGEST_FIRST,5,0.0,,True,,data\processed\initial_graph_coloring_dataset\colpack_outputs_week18_heterogeneous_generalization\week18_er_n60_p12_s1_largest_first.txt
week18_er_n60_p12_s1,erdos_renyi,"G(60, 0.12)",generated,106121.0,num_vertices,60,edge_probability,0.12,week18_handcrafted_candidate,60,234,0.13220338983050847,1,1,colpack,greedy_coloring,DYNAMIC_LARGEST_FIRST,5,0.0,,True,,data\processed\initial_graph_coloring_dataset\colpack_outputs_week18_heterogeneous_generalization\week18_er_n60_p12_s1_dynamic_largest_first.txt
week18_er_n60_p12_s1,erdos_renyi,"G(60, 0.12)",generated,106121.0,num_vertices,60,edge_probability,0.12,week18_handcrafted_candidate,60,234,0.13220338983050847,1,1,colpack,greedy_coloring,INCIDENCE_DEGREE,6,0.0,,True,,data\processed\initial_graph_coloring_dataset\colpack_outputs_week18_heterogeneous_generalization\week18_er_n60_p12_s1_incidence_degree.txt
week18_er_n60_p12_s1,erdos_renyi,"G(60, 0.12)",generated,106121.0,num_vertices,60,edge_probability,0.12,week18_handcrafted_candidate,60,234,0.13220338983050847,1,1,colpack,greedy_coloring,SMALLEST_LAST,5,0.001,,True,,data\processed\initial_graph_coloring_dataset\colpack_outputs_week18_heterogeneous_generalization\week18_er_n60_p12_s1_smallest_last.txt
week18_er_n60_p12_s2,erdos_renyi,"G(60, 0.12)",generated,106122.0,num_vertices,60,edge_probability,0.12,week18_handcrafted_candidate,60,194,0.1096045197740113,1,1,colpack,greedy_coloring,NATURAL,6,0.0,,True,,data\processed\initial_graph_coloring_dataset\colpack_outputs_week18_heterogeneous_generalization\week18_er_n60_p12_s2_natural.txt
week18_er_n60_p12_s2,erdos_renyi,"G(60, 0.12)",generated,106122.0,num_vertices,60,edge_probability,0.12,week18_handcrafted_candidate,60,194,0.1096045197740113,1,1,colpack,greedy_coloring,LARGEST_FIRST,5,0.0,,True,,data\processed\initial_graph_coloring_dataset\colpack_outputs_week18_heterogeneous_generalization\week18_er_n60_p12_s2_largest_first.txt
week18_er_n60_p12_s2,erdos_renyi,"G(60, 0.12)",generated,106122.0,num_vertices,60,edge_probability,0.12,week18_handcrafted_candidate,60,194,0.1096045197740113,1,1,colpack,greedy_coloring,DYNAMIC_LARGEST_FIRST,5,0.0,,True,,data\processed\initial_graph_coloring_dataset\colpack_outputs_week18_heterogeneous_generalization\week18_er_n60_p12_s2_dynamic_largest_first.txt
week18_er_n60_p12_s2,erdos_renyi,"G(60, 0.12)",generated,106122.0,num_vertices,60,edge_probability,0.12,week18_handcrafted_candidate,60,194,0.1096045197740113,1,1,colpack,greedy_coloring,INCIDENCE_DEGREE,5,0.0,,True,,data\processed\initial_graph_coloring_dataset\colpack_outputs_week18_heterogeneous_generalization\week18_er_n60_p12_s2_incidence_degree.txt
week18_er_n60_p12_s2,erdos_renyi,"G(60, 0.12)",generated,106122.0,num_vertices,60,edge_probability,0.12,week18_handcrafted_candidate,60,194,0.1096045197740113,1,1,colpack,greedy_coloring,SMALLEST_LAST,5,0.0,,True,,data\processed\initial_graph_coloring_dataset\colpack_outputs_week18_heterogeneous_generalization\week18_er_n60_p12_s2_smallest_last.txt
week18_er_n60_p12_s3,erdos_renyi,"G(60, 0.12)",generated,106123.0,num_vertices,60,edge_probability,0.12,week18_handcrafted_candidate,60,213,0.12033898305084746,1,1,colpack,greedy_coloring,NATURAL,6,0.0,,True,,data\processed\initial_graph_coloring_dataset\colpack_outputs_week18_heterogeneous_generalization\week18_er_n60_p12_s3_natural.txt
week18_er_n60_p12_s3,erdos_renyi,"G(60, 0.12)",generated,106123.0,num_vertices,60,edge_probability,0.12,week18_handcrafted_candidate,60,213,0.12033898305084746,1,1,colpack,greedy_coloring,LARGEST_FIRST,5,0.0,,True,,data\processed\initial_graph_coloring_dataset\colpack_outputs_week18_heterogeneous_generalization\week18_er_n60_p12_s3_largest_first.txt
week18_er_n60_p12_s3,erdos_renyi,"G(60, 0.12)",generated,106123.0,num_vertices,60,edge_probability,0.12,week18_handcrafted_candidate,60,213,0.12033898305084746,1,1,colpack,greedy_coloring,DYNAMIC_LARGEST_FIRST,5,0.0,,True,,data\processed\initial_graph_coloring_dataset\colpack_outputs_week18_heterogeneous_generalization\week18_er_n60_p12_s3_dynamic_largest_first.txt
week18_er_n60_p12_s3,erdos_renyi,"G(60, 0.12)",generated,106123.0,num_vertices,60,edge_probability,0.12,week18_handcrafted_candidate,60,213,0.12033898305084746,1,1,colpack,greedy_coloring,INCIDENCE_DEGREE,5,0.0,,True,,data\processed\initial_graph_coloring_dataset\colpack_outputs_week18_heterogeneous_generalization\week18_er_n60_p12_s3_incidence_degree.txt
week18_er_n60_p12_s3,erdos_renyi,"G(60, 0.12)",generated,106123.0,num_vertices,60,edge_probability,0.12,week18_handcrafted_candidate,60,213,0.12033898305084746,1,1,colpack,greedy_coloring,SMALLEST_LAST,5,0.0,,True,,data\processed\initial_graph_coloring_dataset\colpack_outputs_week18_heterogeneous_generalization\week18_er_n60_p12_s3_smallest_last.txt
week18_er_n60_p16_s0,erdos_renyi,"G(60, 0.16)",generated,106160.0,num_vertices,60,edge_probability,0.16,week18_handcrafted_candidate,60,269,0.1519774011299435,1,1,colpack,greedy_coloring,NATURAL,7,0.0,,True,,data\processed\initial_graph_coloring_dataset\colpack_outputs_week18_heterogeneous_generalization\week18_er_n60_p16_s0_natural.txt
week18_er_n60_p16_s0,erdos_renyi,"G(60, 0.16)",generated,106160.0,num_vertices,60,edge_probability,0.16,week18_handcrafted_candidate,60,269,0.1519774011299435,1,1,colpack,greedy_coloring,LARGEST_FIRST,6,0.0,,True,,data\processed\initial_graph_coloring_dataset\colpack_outputs_week18_heterogeneous_generalization\week18_er_n60_p16_s0_largest_first.txt
week18_er_n60_p16_s0,erdos_renyi,"G(60, 0.16)",generated,106160.0,num_vertices,60,edge_probability,0.16,week18_handcrafted_candidate,60,269,0.1519774011299435,1,1,colpack,greedy_coloring,DYNAMIC_LARGEST_FIRST,7,0.001,,True,,data\processed\initial_graph_coloring_dataset\colpack_outputs_week18_heterogeneous_generalization\week18_er_n60_p16_s0_dynamic_largest_first.txt
week18_er_n60_p16_s0,erdos_renyi,"G(60, 0.16)",generated,106160.0,num_vertices,60,edge_probability,0.16,week18_handcrafted_candidate,60,269,0.1519774011299435,1,1,colpack,greedy_coloring,INCIDENCE_DEGREE,6,0.0,,True,,data\processed\initial_graph_coloring_dataset\colpack_outputs_week18_heterogeneous_generalization\week18_er_n60_p16_s0_incidence_degree.txt
week18_er_n60_p16_s0,erdos_renyi,"G(60, 0.16)",generated,106160.0,num_vertices,60,edge_probability,0.16,week18_handcrafted_candidate,60,269,0.1519774011299435,1,1,colpack,greedy_coloring,SMALLEST_LAST,6,0.001,,True,,data\processed\initial_graph_coloring_dataset\colpack_outputs_week18_heterogeneous_generalization\week18_er_n60_p16_s0_smallest_last.txt
week18_er_n60_p16_s1,erdos_renyi,"G(60, 0.16)",generated,106161.0,num_vertices,60,edge_probability,0.16,week18_handcrafted_candidate,60,251,0.14180790960451978,1,1,colpack,greedy_coloring,NATURAL,7,0.0,,True,,data\processed\initial_graph_coloring_dataset\colpack_outputs_week18_heterogeneous_generalization\week18_er_n60_p16_s1_natural.txt
week18_er_n60_p16_s1,erdos_renyi,"G(60, 0.16)",generated,106161.0,num_vertices,60,edge_probability,0.16,week18_handcrafted_candidate,60,251,0.14180790960451978,1,1,colpack,greedy_coloring,LARGEST_FIRST,7,0.0,,True,,data\processed\initial_graph_coloring_dataset\colpack_outputs_week18_heterogeneous_generalization\week18_er_n60_p16_s1_largest_first.txt
week18_er_n60_p16_s1,erdos_renyi,"G(60, 0.16)",generated,106161.0,num_vertices,60,edge_probability,0.16,week18_handcrafted_candidate,60,251,0.14180790960451978,1,1,colpack,greedy_coloring,DYNAMIC_LARGEST_FIRST,6,0.0,,True,,data\processed\initial_graph_coloring_dataset\colpack_outputs_week18_heterogeneous_generalization\week18_er_n60_p16_s1_dynamic_largest_first.txt
week18_er_n60_p16_s1,erdos_renyi,"G(60, 0.16)",generated,106161.0,num_vertices,60,edge_probability,0.16,week18_handcrafted_candidate,60,251,0.14180790960451978,1,1,colpack,greedy_coloring,INCIDENCE_DEGREE,6,0.0,,True,,data\processed\initial_graph_coloring_dataset\colpack_outputs_week18_heterogeneous_generalization\week18_er_n60_p16_s1_incidence_degree.txt
week18_er_n60_p16_s1,erdos_renyi,"G(60, 0.16)",generated,106161.0,num_vertices,60,edge_probability,0.16,week18_handcrafted_candidate,60,251,0.14180790960451978,1,1,colpack,greedy_coloring,SMALLEST_LAST,5,0.001,,True,,data\processed\initial_graph_coloring_dataset\colpack_outputs_week18_heterogeneous_generalization\week18_er_n60_p16_s1_smallest_last.txt
week18_er_n60_p16_s2,erdos_renyi,"G(60, 0.16)",generated,106162.0,num_vertices,60,edge_probability,0.16,week18_handcrafted_candidate,60,278,0.15706214689265538,1,1,colpack,greedy_coloring,NATURAL,7,0.0,,True,,data\processed\initial_graph_coloring_dataset\colpack_outputs_week18_heterogeneous_generalization\week18_er_n60_p16_s2_natural.txt
week18_er_n60_p16_s2,erdos_renyi,"G(60, 0.16)",generated,106162.0,num_vertices,60,edge_probability,0.16,week18_handcrafted_candidate,60,278,0.15706214689265538,1,1,colpack,greedy_coloring,LARGEST_FIRST,7,0.0,,True,,data\processed\initial_graph_coloring_dataset\colpack_outputs_week18_heterogeneous_generalization\week18_er_n60_p16_s2_largest_first.txt
week18_er_n60_p16_s2,erdos_renyi,"G(60, 0.16)",generated,106162.0,num_vertices,60,edge_probability,0.16,week18_handcrafted_candidate,60,278,0.15706214689265538,1,1,colpack,greedy_coloring,DYNAMIC_LARGEST_FIRST,6,0.0,,True,,data\processed\initial_graph_coloring_dataset\colpack_outputs_week18_heterogeneous_generalization\week18_er_n60_p16_s2_dynamic_largest_first.txt
week18_er_n60_p16_s2,erdos_renyi,"G(60, 0.16)",generated,106162.0,num_vertices,60,edge_probability,0.16,week18_handcrafted_candidate,60,278,0.15706214689265538,1,1,colpack,greedy_coloring,INCIDENCE_DEGREE,6,0.0,,True,,data\processed\initial_graph_coloring_dataset\colpack_outputs_week18_heterogeneous_generalization\week18_er_n60_p16_s2_incidence_degree.txt
week18_er_n60_p16_s2,erdos_renyi,"G(60, 0.16)",generated,106162.0,num_vertices,60,edge_probability,0.16,week18_handcrafted_candidate,60,278,0.15706214689265538,1,1,colpack,greedy_coloring,SMALLEST_LAST,7,0.0,,True,,data\processed\initial_graph_coloring_dataset\colpack_outputs_week18_heterogeneous_generalization\week18_er_n60_p16_s2_smallest_last.txt
week18_er_n60_p16_s3,erdos_renyi,"G(60, 0.16)",generated,106163.0,num_vertices,60,edge_probability,0.16,week18_handcrafted_candidate,60,271,0.15310734463276837,1,1,colpack,greedy_coloring,NATURAL,8,0.0,,True,,data\processed\initial_graph_coloring_dataset\colpack_outputs_week18_heterogeneous_generalization\week18_er_n60_p16_s3_natural.txt
week18_er_n60_p16_s3,erdos_renyi,"G(60, 0.16)",generated,106163.0,num_vertices,60,edge_probability,0.16,week18_handcrafted_candidate,60,271,0.15310734463276837,1,1,colpack,greedy_coloring,LARGEST_FIRST,6,0.0,,True,,data\processed\initial_graph_coloring_dataset\colpack_outputs_week18_heterogeneous_generalization\week18_er_n60_p16_s3_largest_first.txt
week18_er_n60_p16_s3,erdos_renyi,"G(60, 0.16)",generated,106163.0,num_vertices,60,edge_probability,0.16,week18_handcrafted_candidate,60,271,0.15310734463276837,1,1,colpack,greedy_coloring,DYNAMIC_LARGEST_FIRST,6,0.0,,True,,data\processed\initial_graph_coloring_dataset\colpack_outputs_week18_heterogeneous_generalization\week18_er_n60_p16_s3_dynamic_largest_first.txt
week18_er_n60_p16_s3,erdos_renyi,"G(60, 0.16)",generated,106163.0,num_vertices,60,edge_probability,0.16,week18_handcrafted_candidate,60,271,0.15310734463276837,1,1,colpack,greedy_coloring,INCIDENCE_DEGREE,6,0.0,,True,,data\processed\initial_graph_coloring_dataset\colpack_outputs_week18_heterogeneous_generalization\week18_er_n60_p16_s3_incidence_degree.txt
week18_er_n60_p16_s3,erdos_renyi,"G(60, 0.16)",generated,106163.0,num_vertices,60,edge_probability,0.16,week18_handcrafted_candidate,60,271,0.15310734463276837,1,1,colpack,greedy_coloring,SMALLEST_LAST,7,0.0,,True,,data\processed\initial_graph_coloring_dataset\colpack_outputs_week18_heterogeneous_generalization\week18_er_n60_p16_s3_smallest_last.txt
week18_er_n60_p22_s0,erdos_renyi,"G(60, 0.22)",generated,106220.0,num_vertices,60,edge_probability,0.22,week18_handcrafted_candidate,60,360,0.2033898305084746,1,1,colpack,greedy_coloring,NATURAL,8,0.0,,True,,data\processed\initial_graph_coloring_dataset\colpack_outputs_week18_heterogeneous_generalization\week18_er_n60_p22_s0_natural.txt
week18_er_n60_p22_s0,erdos_renyi,"G(60, 0.22)",generated,106220.0,num_vertices,60,edge_probability,0.22,week18_handcrafted_candidate,60,360,0.2033898305084746,1,1,colpack,greedy_coloring,LARGEST_FIRST,8,0.0,,True,,data\processed\initial_graph_coloring_dataset\colpack_outputs_week18_heterogeneous_generalization\week18_er_n60_p22_s0_largest_first.txt
week18_er_n60_p22_s0,erdos_renyi,"G(60, 0.22)",generated,106220.0,num_vertices,60,edge_probability,0.22,week18_handcrafted_candidate,60,360,0.2033898305084746,1,1,colpack,greedy_coloring,DYNAMIC_LARGEST_FIRST,7,0.0,,True,,data\processed\initial_graph_coloring_dataset\colpack_outputs_week18_heterogeneous_generalization\week18_er_n60_p22_s0_dynamic_largest_first.txt
week18_er_n60_p22_s0,erdos_renyi,"G(60, 0.22)",generated,106220.0,num_vertices,60,edge_probability,0.22,week18_handcrafted_candidate,60,360,0.2033898305084746,1,1,colpack,greedy_coloring,INCIDENCE_DEGREE,7,0.0,,True,,data\processed\initial_graph_coloring_dataset\colpack_outputs_week18_heterogeneous_generalization\week18_er_n60_p22_s0_incidence_degree.txt
week18_er_n60_p22_s0,erdos_renyi,"G(60, 0.22)",generated,106220.0,num_vertices,60,edge_probability,0.22,week18_handcrafted_candidate,60,360,0.2033898305084746,1,1,colpack,greedy_coloring,SMALLEST_LAST,7,0.0,,True,,data\processed\initial_graph_coloring_dataset\colpack_outputs_week18_heterogeneous_generalization\week18_er_n60_p22_s0_smallest_last.txt
week18_er_n60_p22_s1,erdos_renyi,"G(60, 0.22)",generated,106221.0,num_vertices,60,edge_probability,0.22,week18_handcrafted_candidate,60,403,0.22768361581920904,1,1,colpack,greedy_coloring,NATURAL,9,0.0,,True,,data\processed\initial_graph_coloring_dataset\colpack_outputs_week18_heterogeneous_generalization\week18_er_n60_p22_s1_natural.txt
week18_er_n60_p22_s1,erdos_renyi,"G(60, 0.22)",generated,106221.0,num_vertices,60,edge_probability,0.22,week18_handcrafted_candidate,60,403,0.22768361581920904,1,1,colpack,greedy_coloring,LARGEST_FIRST,9,0.0,,True,,data\processed\initial_graph_coloring_dataset\colpack_outputs_week18_heterogeneous_generalization\week18_er_n60_p22_s1_largest_first.txt
week18_er_n60_p22_s1,erdos_renyi,"G(60, 0.22)",generated,106221.0,num_vertices,60,edge_probability,0.22,week18_handcrafted_candidate,60,403,0.22768361581920904,1,1,colpack,greedy_coloring,DYNAMIC_LARGEST_FIRST,8,0.0,,True,,data\processed\initial_graph_coloring_dataset\colpack_outputs_week18_heterogeneous_generalization\week18_er_n60_p22_s1_dynamic_largest_first.txt
week18_er_n60_p22_s1,erdos_renyi,"G(60, 0.22)",generated,106221.0,num_vertices,60,edge_probability,0.22,week18_handcrafted_candidate,60,403,0.22768361581920904,1,1,colpack,greedy_coloring,INCIDENCE_DEGREE,8,0.0,,True,,data\processed\initial_graph_coloring_dataset\colpack_outputs_week18_heterogeneous_generalization\week18_er_n60_p22_s1_incidence_degree.txt
week18_er_n60_p22_s1,erdos_renyi,"G(60, 0.22)",generated,106221.0,num_vertices,60,edge_probability,0.22,week18_handcrafted_candidate,60,403,0.22768361581920904,1,1,colpack,greedy_coloring,SMALLEST_LAST,7,0.0,,True,,data\processed\initial_graph_coloring_dataset\colpack_outputs_week18_heterogeneous_generalization\week18_er_n60_p22_s1_smallest_last.txt
week18_er_n60_p22_s2,erdos_renyi,"G(60, 0.22)",generated,106222.0,num_vertices,60,edge_probability,0.22,week18_handcrafted_candidate,60,405,0.2288135593220339,1,1,colpack,greedy_coloring,NATURAL,8,0.0,,True,,data\processed\initial_graph_coloring_dataset\colpack_outputs_week18_heterogeneous_generalization\week18_er_n60_p22_s2_natural.txt
week18_er_n60_p22_s2,erdos_renyi,"G(60, 0.22)",generated,106222.0,num_vertices,60,edge_probability,0.22,week18_handcrafted_candidate,60,405,0.2288135593220339,1,1,colpack,greedy_coloring,LARGEST_FIRST,8,0.0,,True,,data\processed\initial_graph_coloring_dataset\colpack_outputs_week18_heterogeneous_generalization\week18_er_n60_p22_s2_largest_first.txt
week18_er_n60_p22_s2,erdos_renyi,"G(60, 0.22)",generated,106222.0,num_vertices,60,edge_probability,0.22,week18_handcrafted_candidate,60,405,0.2288135593220339,1,1,colpack,greedy_coloring,DYNAMIC_LARGEST_FIRST,7,0.0,,True,,data\processed\initial_graph_coloring_dataset\colpack_outputs_week18_heterogeneous_generalization\week18_er_n60_p22_s2_dynamic_largest_first.txt
week18_er_n60_p22_s2,erdos_renyi,"G(60, 0.22)",generated,106222.0,num_vertices,60,edge_probability,0.22,week18_handcrafted_candidate,60,405,0.2288135593220339,1,1,colpack,greedy_coloring,INCIDENCE_DEGREE,7,0.0,,True,,data\processed\initial_graph_coloring_dataset\colpack_outputs_week18_heterogeneous_generalization\week18_er_n60_p22_s2_incidence_degree.txt
week18_er_n60_p22_s2,erdos_renyi,"G(60, 0.22)",generated,106222.0,num_vertices,60,edge_probability,0.22,week18_handcrafted_candidate,60,405,0.2288135593220339,1,1,colpack,greedy_coloring,SMALLEST_LAST,8,0.0,,True,,data\processed\initial_graph_coloring_dataset\colpack_outputs_week18_heterogeneous_generalization\week18_er_n60_p22_s2_smallest_last.txt
week18_er_n60_p22_s3,erdos_renyi,"G(60, 0.22)",generated,106223.0,num_vertices,60,edge_probability,0.22,week18_handcrafted_candidate,60,361,0.20395480225988702,1,1,colpack,greedy_coloring,NATURAL,8,0.0,,True,,data\processed\initial_graph_coloring_dataset\colpack_outputs_week18_heterogeneous_generalization\week18_er_n60_p22_s3_natural.txt
week18_er_n60_p22_s3,erdos_renyi,"G(60, 0.22)",generated,106223.0,num_vertices,60,edge_probability,0.22,week18_handcrafted_candidate,60,361,0.20395480225988702,1,1,colpack,greedy_coloring,LARGEST_FIRST,7,0.0,,True,,data\processed\initial_graph_coloring_dataset\colpack_outputs_week18_heterogeneous_generalization\week18_er_n60_p22_s3_largest_first.txt
week18_er_n60_p22_s3,erdos_renyi,"G(60, 0.22)",generated,106223.0,num_vertices,60,edge_probability,0.22,week18_handcrafted_candidate,60,361,0.20395480225988702,1,1,colpack,greedy_coloring,DYNAMIC_LARGEST_FIRST,7,0.0,,True,,data\processed\initial_graph_coloring_dataset\colpack_outputs_week18_heterogeneous_generalization\week18_er_n60_p22_s3_dynamic_largest_first.txt
week18_er_n60_p22_s3,erdos_renyi,"G(60, 0.22)",generated,106223.0,num_vertices,60,edge_probability,0.22,week18_handcrafted_candidate,60,361,0.20395480225988702,1,1,colpack,greedy_coloring,INCIDENCE_DEGREE,7,0.0,,True,,data\processed\initial_graph_coloring_dataset\colpack_outputs_week18_heterogeneous_generalization\week18_er_n60_p22_s3_incidence_degree.txt
week18_er_n60_p22_s3,erdos_renyi,"G(60, 0.22)",generated,106223.0,num_vertices,60,edge_probability,0.22,week18_handcrafted_candidate,60,361,0.20395480225988702,1,1,colpack,greedy_coloring,SMALLEST_LAST,7,0.0,,True,,data\processed\initial_graph_coloring_dataset\colpack_outputs_week18_heterogeneous_generalization\week18_er_n60_p22_s3_smallest_last.txt
week18_er_n60_p30_s0,erdos_renyi,"G(60, 0.30)",generated,106300.0,num_vertices,60,edge_probability,0.3,week18_handcrafted_candidate,60,551,0.3112994350282486,1,1,colpack,greedy_coloring,NATURAL,10,0.0,,True,,data\processed\initial_graph_coloring_dataset\colpack_outputs_week18_heterogeneous_generalization\week18_er_n60_p30_s0_natural.txt
week18_er_n60_p30_s0,erdos_renyi,"G(60, 0.30)",generated,106300.0,num_vertices,60,edge_probability,0.3,week18_handcrafted_candidate,60,551,0.3112994350282486,1,1,colpack,greedy_coloring,LARGEST_FIRST,9,0.0,,True,,data\processed\initial_graph_coloring_dataset\colpack_outputs_week18_heterogeneous_generalization\week18_er_n60_p30_s0_largest_first.txt
week18_er_n60_p30_s0,erdos_renyi,"G(60, 0.30)",generated,106300.0,num_vertices,60,edge_probability,0.3,week18_handcrafted_candidate,60,551,0.3112994350282486,1,1,colpack,greedy_coloring,DYNAMIC_LARGEST_FIRST,9,0.0,,True,,data\processed\initial_graph_coloring_dataset\colpack_outputs_week18_heterogeneous_generalization\week18_er_n60_p30_s0_dynamic_largest_first.txt
week18_er_n60_p30_s0,erdos_renyi,"G(60, 0.30)",generated,106300.0,num_vertices,60,edge_probability,0.3,week18_handcrafted_candidate,60,551,0.3112994350282486,1,1,colpack,greedy_coloring,INCIDENCE_DEGREE,9,0.0,,True,,data\processed\initial_graph_coloring_dataset\colpack_outputs_week18_heterogeneous_generalization\week18_er_n60_p30_s0_incidence_degree.txt
week18_er_n60_p30_s0,erdos_renyi,"G(60, 0.30)",generated,106300.0,num_vertices,60,edge_probability,0.3,week18_handcrafted_candidate,60,551,0.3112994350282486,1,1,colpack,greedy_coloring,SMALLEST_LAST,9,0.0,,True,,data\processed\initial_graph_coloring_dataset\colpack_outputs_week18_heterogeneous_generalization\week18_er_n60_p30_s0_smallest_last.txt
week18_er_n60_p30_s1,erdos_renyi,"G(60, 0.30)",generated,106301.0,num_vertices,60,edge_probability,0.3,week18_handcrafted_candidate,60,555,0.3135593220338983,1,1,colpack,greedy_coloring,NATURAL,10,0.0,,True,,data\processed\initial_graph_coloring_dataset\colpack_outputs_week18_heterogeneous_generalization\week18_er_n60_p30_s1_natural.txt
week18_er_n60_p30_s1,erdos_renyi,"G(60, 0.30)",generated,106301.0,num_vertices,60,edge_probability,0.3,week18_handcrafted_candidate,60,555,0.3135593220338983,1,1,colpack,greedy_coloring,LARGEST_FIRST,9,0.0,,True,,data\processed\initial_graph_coloring_dataset\colpack_outputs_week18_heterogeneous_generalization\week18_er_n60_p30_s1_largest_first.txt
week18_er_n60_p30_s1,erdos_renyi,"G(60, 0.30)",generated,106301.0,num_vertices,60,edge_probability,0.3,week18_handcrafted_candidate,60,555,0.3135593220338983,1,1,colpack,greedy_coloring,DYNAMIC_LARGEST_FIRST,10,0.0,,True,,data\processed\initial_graph_coloring_dataset\colpack_outputs_week18_heterogeneous_generalization\week18_er_n60_p30_s1_dynamic_largest_first.txt
week18_er_n60_p30_s1,erdos_renyi,"G(60, 0.30)",generated,106301.0,num_vertices,60,edge_probability,0.3,week18_handcrafted_candidate,60,555,0.3135593220338983,1,1,colpack,greedy_coloring,INCIDENCE_DEGREE,9,0.0,,True,,data\processed\initial_graph_coloring_dataset\colpack_outputs_week18_heterogeneous_generalization\week18_er_n60_p30_s1_incidence_degree.txt
week18_er_n60_p30_s1,erdos_renyi,"G(60, 0.30)",generated,106301.0,num_vertices,60,edge_probability,0.3,week18_handcrafted_candidate,60,555,0.3135593220338983,1,1,colpack,greedy_coloring,SMALLEST_LAST,10,0.0,,True,,data\processed\initial_graph_coloring_dataset\colpack_outputs_week18_heterogeneous_generalization\week18_er_n60_p30_s1_smallest_last.txt
week18_er_n60_p30_s2,erdos_renyi,"G(60, 0.30)",generated,106302.0,num_vertices,60,edge_probability,0.3,week18_handcrafted_candidate,60,523,0.29548022598870055,1,1,colpack,greedy_coloring,NATURAL,10,0.0,,True,,data\processed\initial_graph_coloring_dataset\colpack_outputs_week18_heterogeneous_generalization\week18_er_n60_p30_s2_natural.txt
week18_er_n60_p30_s2,erdos_renyi,"G(60, 0.30)",generated,106302.0,num_vertices,60,edge_probability,0.3,week18_handcrafted_candidate,60,523,0.29548022598870055,1,1,colpack,greedy_coloring,LARGEST_FIRST,9,0.0,,True,,data\processed\initial_graph_coloring_dataset\colpack_outputs_week18_heterogeneous_generalization\week18_er_n60_p30_s2_largest_first.txt
week18_er_n60_p30_s2,erdos_renyi,"G(60, 0.30)",generated,106302.0,num_vertices,60,edge_probability,0.3,week18_handcrafted_candidate,60,523,0.29548022598870055,1,1,colpack,greedy_coloring,DYNAMIC_LARGEST_FIRST,9,0.0,,True,,data\processed\initial_graph_coloring_dataset\colpack_outputs_week18_heterogeneous_generalization\week18_er_n60_p30_s2_dynamic_largest_first.txt
week18_er_n60_p30_s2,erdos_renyi,"G(60, 0.30)",generated,106302.0,num_vertices,60,edge_probability,0.3,week18_handcrafted_candidate,60,523,0.29548022598870055,1,1,colpack,greedy_coloring,INCIDENCE_DEGREE,9,0.0,,True,,data\processed\initial_graph_coloring_dataset\colpack_outputs_week18_heterogeneous_generalization\week18_er_n60_p30_s2_incidence_degree.txt
week18_er_n60_p30_s2,erdos_renyi,"G(60, 0.30)",generated,106302.0,num_vertices,60,edge_probability,0.3,week18_handcrafted_candidate,60,523,0.29548022598870055,1,1,colpack,greedy_coloring,SMALLEST_LAST,10,0.0,,True,,data\processed\initial_graph_coloring_dataset\colpack_outputs_week18_heterogeneous_generalization\week18_er_n60_p30_s2_smallest_last.txt
week18_er_n60_p30_s3,erdos_renyi,"G(60, 0.30)",generated,106303.0,num_vertices,60,edge_probability,0.3,week18_handcrafted_candidate,60,537,0.30338983050847457,1,1,colpack,greedy_coloring,NATURAL,11,0.0,,True,,data\processed\initial_graph_coloring_dataset\colpack_outputs_week18_heterogeneous_generalization\week18_er_n60_p30_s3_natural.txt
week18_er_n60_p30_s3,erdos_renyi,"G(60, 0.30)",generated,106303.0,num_vertices,60,edge_probability,0.3,week18_handcrafted_candidate,60,537,0.30338983050847457,1,1,colpack,greedy_coloring,LARGEST_FIRST,10,0.0,,True,,data\processed\initial_graph_coloring_dataset\colpack_outputs_week18_heterogeneous_generalization\week18_er_n60_p30_s3_largest_first.txt
week18_er_n60_p30_s3,erdos_renyi,"G(60, 0.30)",generated,106303.0,num_vertices,60,edge_probability,0.3,week18_handcrafted_candidate,60,537,0.30338983050847457,1,1,colpack,greedy_coloring,DYNAMIC_LARGEST_FIRST,10,0.0,,True,,data\processed\initial_graph_coloring_dataset\colpack_outputs_week18_heterogeneous_generalization\week18_er_n60_p30_s3_dynamic_largest_first.txt
week18_er_n60_p30_s3,erdos_renyi,"G(60, 0.30)",generated,106303.0,num_vertices,60,edge_probability,0.3,week18_handcrafted_candidate,60,537,0.30338983050847457,1,1,colpack,greedy_coloring,INCIDENCE_DEGREE,10,0.0,,True,,data\processed\initial_graph_coloring_dataset\colpack_outputs_week18_heterogeneous_generalization\week18_er_n60_p30_s3_incidence_degree.txt
week18_er_n60_p30_s3,erdos_renyi,"G(60, 0.30)",generated,106303.0,num_vertices,60,edge_probability,0.3,week18_handcrafted_candidate,60,537,0.30338983050847457,1,1,colpack,greedy_coloring,SMALLEST_LAST,10,0.0,,True,,data\processed\initial_graph_coloring_dataset\colpack_outputs_week18_heterogeneous_generalization\week18_er_n60_p30_s3_smallest_last.txt
week18_er_n80_p06_s0,erdos_renyi,"G(80, 0.06)",generated,108060.0,num_vertices,80,edge_probability,0.06,week18_handcrafted_candidate,80,184,0.05822784810126582,1,1,colpack,greedy_coloring,NATURAL,5,0.0,,True,,data\processed\initial_graph_coloring_dataset\colpack_outputs_week18_heterogeneous_generalization\week18_er_n80_p06_s0_natural.txt
week18_er_n80_p06_s0,erdos_renyi,"G(80, 0.06)",generated,108060.0,num_vertices,80,edge_probability,0.06,week18_handcrafted_candidate,80,184,0.05822784810126582,1,1,colpack,greedy_coloring,LARGEST_FIRST,5,0.0,,True,,data\processed\initial_graph_coloring_dataset\colpack_outputs_week18_heterogeneous_generalization\week18_er_n80_p06_s0_largest_first.txt
week18_er_n80_p06_s0,erdos_renyi,"G(80, 0.06)",generated,108060.0,num_vertices,80,edge_probability,0.06,week18_handcrafted_candidate,80,184,0.05822784810126582,1,1,colpack,greedy_coloring,DYNAMIC_LARGEST_FIRST,4,0.0,,True,,data\processed\initial_graph_coloring_dataset\colpack_outputs_week18_heterogeneous_generalization\week18_er_n80_p06_s0_dynamic_largest_first.txt
week18_er_n80_p06_s0,erdos_renyi,"G(80, 0.06)",generated,108060.0,num_vertices,80,edge_probability,0.06,week18_handcrafted_candidate,80,184,0.05822784810126582,1,1,colpack,greedy_coloring,INCIDENCE_DEGREE,4,0.0,,True,,data\processed\initial_graph_coloring_dataset\colpack_outputs_week18_heterogeneous_generalization\week18_er_n80_p06_s0_incidence_degree.txt
week18_er_n80_p06_s0,erdos_renyi,"G(80, 0.06)",generated,108060.0,num_vertices,80,edge_probability,0.06,week18_handcrafted_candidate,80,184,0.05822784810126582,1,1,colpack,greedy_coloring,SMALLEST_LAST,4,0.0,,True,,data\processed\initial_graph_coloring_dataset\colpack_outputs_week18_heterogeneous_generalization\week18_er_n80_p06_s0_smallest_last.txt
week18_er_n80_p06_s1,erdos_renyi,"G(80, 0.06)",generated,108061.0,num_vertices,80,edge_probability,0.06,week18_handcrafted_candidate,80,192,0.060759493670886074,1,1,colpack,greedy_coloring,NATURAL,5,0.0,,True,,data\processed\initial_graph_coloring_dataset\colpack_outputs_week18_heterogeneous_generalization\week18_er_n80_p06_s1_natural.txt
week18_er_n80_p06_s1,erdos_renyi,"G(80, 0.06)",generated,108061.0,num_vertices,80,edge_probability,0.06,week18_handcrafted_candidate,80,192,0.060759493670886074,1,1,colpack,greedy_coloring,LARGEST_FIRST,4,0.0,,True,,data\processed\initial_graph_coloring_dataset\colpack_outputs_week18_heterogeneous_generalization\week18_er_n80_p06_s1_largest_first.txt
week18_er_n80_p06_s1,erdos_renyi,"G(80, 0.06)",generated,108061.0,num_vertices,80,edge_probability,0.06,week18_handcrafted_candidate,80,192,0.060759493670886074,1,1,colpack,greedy_coloring,DYNAMIC_LARGEST_FIRST,4,0.0,,True,,data\processed\initial_graph_coloring_dataset\colpack_outputs_week18_heterogeneous_generalization\week18_er_n80_p06_s1_dynamic_largest_first.txt
week18_er_n80_p06_s1,erdos_renyi,"G(80, 0.06)",generated,108061.0,num_vertices,80,edge_probability,0.06,week18_handcrafted_candidate,80,192,0.060759493670886074,1,1,colpack,greedy_coloring,INCIDENCE_DEGREE,4,0.0,,True,,data\processed\initial_graph_coloring_dataset\colpack_outputs_week18_heterogeneous_generalization\week18_er_n80_p06_s1_incidence_degree.txt
week18_er_n80_p06_s1,erdos_renyi,"G(80, 0.06)",generated,108061.0,num_vertices,80,edge_probability,0.06,week18_handcrafted_candidate,80,192,0.060759493670886074,1,1,colpack,greedy_coloring,SMALLEST_LAST,4,0.0,,True,,data\processed\initial_graph_coloring_dataset\colpack_outputs_week18_heterogeneous_generalization\week18_er_n80_p06_s1_smallest_last.txt
week18_er_n80_p06_s2,erdos_renyi,"G(80, 0.06)",generated,108062.0,num_vertices,80,edge_probability,0.06,week18_handcrafted_candidate,80,216,0.06835443037974684,1,1,colpack,greedy_coloring,NATURAL,5,0.0,,True,,data\processed\initial_graph_coloring_dataset\colpack_outputs_week18_heterogeneous_generalization\week18_er_n80_p06_s2_natural.txt
week18_er_n80_p06_s2,erdos_renyi,"G(80, 0.06)",generated,108062.0,num_vertices,80,edge_probability,0.06,week18_handcrafted_candidate,80,216,0.06835443037974684,1,1,colpack,greedy_coloring,LARGEST_FIRST,5,0.0,,True,,data\processed\initial_graph_coloring_dataset\colpack_outputs_week18_heterogeneous_generalization\week18_er_n80_p06_s2_largest_first.txt
week18_er_n80_p06_s2,erdos_renyi,"G(80, 0.06)",generated,108062.0,num_vertices,80,edge_probability,0.06,week18_handcrafted_candidate,80,216,0.06835443037974684,1,1,colpack,greedy_coloring,DYNAMIC_LARGEST_FIRST,5,0.0,,True,,data\processed\initial_graph_coloring_dataset\colpack_outputs_week18_heterogeneous_generalization\week18_er_n80_p06_s2_dynamic_largest_first.txt
week18_er_n80_p06_s2,erdos_renyi,"G(80, 0.06)",generated,108062.0,num_vertices,80,edge_probability,0.06,week18_handcrafted_candidate,80,216,0.06835443037974684,1,1,colpack,greedy_coloring,INCIDENCE_DEGREE,4,0.0,,True,,data\processed\initial_graph_coloring_dataset\colpack_outputs_week18_heterogeneous_generalization\week18_er_n80_p06_s2_incidence_degree.txt
week18_er_n80_p06_s2,erdos_renyi,"G(80, 0.06)",generated,108062.0,num_vertices,80,edge_probability,0.06,week18_handcrafted_candidate,80,216,0.06835443037974684,1,1,colpack,greedy_coloring,SMALLEST_LAST,5,0.0,,True,,data\processed\initial_graph_coloring_dataset\colpack_outputs_week18_heterogeneous_generalization\week18_er_n80_p06_s2_smallest_last.txt
week18_er_n80_p06_s3,erdos_renyi,"G(80, 0.06)",generated,108063.0,num_vertices,80,edge_probability,0.06,week18_handcrafted_candidate,80,205,0.06487341772151899,1,1,colpack,greedy_coloring,NATURAL,5,0.0,,True,,data\processed\initial_graph_coloring_dataset\colpack_outputs_week18_heterogeneous_generalization\week18_er_n80_p06_s3_natural.txt
week18_er_n80_p06_s3,erdos_renyi,"G(80, 0.06)",generated,108063.0,num_vertices,80,edge_probability,0.06,week18_handcrafted_candidate,80,205,0.06487341772151899,1,1,colpack,greedy_coloring,LARGEST_FIRST,5,0.0,,True,,data\processed\initial_graph_coloring_dataset\colpack_outputs_week18_heterogeneous_generalization\week18_er_n80_p06_s3_largest_first.txt
week18_er_n80_p06_s3,erdos_renyi,"G(80, 0.06)",generated,108063.0,num_vertices,80,edge_probability,0.06,week18_handcrafted_candidate,80,205,0.06487341772151899,1,1,colpack,greedy_coloring,DYNAMIC_LARGEST_FIRST,4,0.0,,True,,data\processed\initial_graph_coloring_dataset\colpack_outputs_week18_heterogeneous_generalization\week18_er_n80_p06_s3_dynamic_largest_first.txt
week18_er_n80_p06_s3,erdos_renyi,"G(80, 0.06)",generated,108063.0,num_vertices,80,edge_probability,0.06,week18_handcrafted_candidate,80,205,0.06487341772151899,1,1,colpack,greedy_coloring,INCIDENCE_DEGREE,4,0.0,,True,,data\processed\initial_graph_coloring_dataset\colpack_outputs_week18_heterogeneous_generalization\week18_er_n80_p06_s3_incidence_degree.txt
week18_er_n80_p06_s3,erdos_renyi,"G(80, 0.06)",generated,108063.0,num_vertices,80,edge_probability,0.06,week18_handcrafted_candidate,80,205,0.06487341772151899,1,1,colpack,greedy_coloring,SMALLEST_LAST,4,0.001,,True,,data\processed\initial_graph_coloring_dataset\colpack_outputs_week18_heterogeneous_generalization\week18_er_n80_p06_s3_smallest_last.txt
week18_er_n80_p09_s0,erdos_renyi,"G(80, 0.09)",generated,108090.0,num_vertices,80,edge_probability,0.09,week18_handcrafted_candidate,80,301,0.09525316455696202,1,1,colpack,greedy_coloring,NATURAL,6,0.0,,True,,data\processed\initial_graph_coloring_dataset\colpack_outputs_week18_heterogeneous_generalization\week18_er_n80_p09_s0_natural.txt
week18_er_n80_p09_s0,erdos_renyi,"G(80, 0.09)",generated,108090.0,num_vertices,80,edge_probability,0.09,week18_handcrafted_candidate,80,301,0.09525316455696202,1,1,colpack,greedy_coloring,LARGEST_FIRST,6,0.0,,True,,data\processed\initial_graph_coloring_dataset\colpack_outputs_week18_heterogeneous_generalization\week18_er_n80_p09_s0_largest_first.txt
week18_er_n80_p09_s0,erdos_renyi,"G(80, 0.09)",generated,108090.0,num_vertices,80,edge_probability,0.09,week18_handcrafted_candidate,80,301,0.09525316455696202,1,1,colpack,greedy_coloring,DYNAMIC_LARGEST_FIRST,6,0.0,,True,,data\processed\initial_graph_coloring_dataset\colpack_outputs_week18_heterogeneous_generalization\week18_er_n80_p09_s0_dynamic_largest_first.txt
week18_er_n80_p09_s0,erdos_renyi,"G(80, 0.09)",generated,108090.0,num_vertices,80,edge_probability,0.09,week18_handcrafted_candidate,80,301,0.09525316455696202,1,1,colpack,greedy_coloring,INCIDENCE_DEGREE,5,0.001,,True,,data\processed\initial_graph_coloring_dataset\colpack_outputs_week18_heterogeneous_generalization\week18_er_n80_p09_s0_incidence_degree.txt
week18_er_n80_p09_s0,erdos_renyi,"G(80, 0.09)",generated,108090.0,num_vertices,80,edge_probability,0.09,week18_handcrafted_candidate,80,301,0.09525316455696202,1,1,colpack,greedy_coloring,SMALLEST_LAST,5,0.0,,True,,data\processed\initial_graph_coloring_dataset\colpack_outputs_week18_heterogeneous_generalization\week18_er_n80_p09_s0_smallest_last.txt
week18_er_n80_p09_s1,erdos_renyi,"G(80, 0.09)",generated,108091.0,num_vertices,80,edge_probability,0.09,week18_handcrafted_candidate,80,281,0.0889240506329114,1,1,colpack,greedy_coloring,NATURAL,6,0.0,,True,,data\processed\initial_graph_coloring_dataset\colpack_outputs_week18_heterogeneous_generalization\week18_er_n80_p09_s1_natural.txt
week18_er_n80_p09_s1,erdos_renyi,"G(80, 0.09)",generated,108091.0,num_vertices,80,edge_probability,0.09,week18_handcrafted_candidate,80,281,0.0889240506329114,1,1,colpack,greedy_coloring,LARGEST_FIRST,5,0.0,,True,,data\processed\initial_graph_coloring_dataset\colpack_outputs_week18_heterogeneous_generalization\week18_er_n80_p09_s1_largest_first.txt
week18_er_n80_p09_s1,erdos_renyi,"G(80, 0.09)",generated,108091.0,num_vertices,80,edge_probability,0.09,week18_handcrafted_candidate,80,281,0.0889240506329114,1,1,colpack,greedy_coloring,DYNAMIC_LARGEST_FIRST,6,0.0,,True,,data\processed\initial_graph_coloring_dataset\colpack_outputs_week18_heterogeneous_generalization\week18_er_n80_p09_s1_dynamic_largest_first.txt
week18_er_n80_p09_s1,erdos_renyi,"G(80, 0.09)",generated,108091.0,num_vertices,80,edge_probability,0.09,week18_handcrafted_candidate,80,281,0.0889240506329114,1,1,colpack,greedy_coloring,INCIDENCE_DEGREE,5,0.0,,True,,data\processed\initial_graph_coloring_dataset\colpack_outputs_week18_heterogeneous_generalization\week18_er_n80_p09_s1_incidence_degree.txt
week18_er_n80_p09_s1,erdos_renyi,"G(80, 0.09)",generated,108091.0,num_vertices,80,edge_probability,0.09,week18_handcrafted_candidate,80,281,0.0889240506329114,1,1,colpack,greedy_coloring,SMALLEST_LAST,5,0.0,,True,,data\processed\initial_graph_coloring_dataset\colpack_outputs_week18_heterogeneous_generalization\week18_er_n80_p09_s1_smallest_last.txt
week18_er_n80_p09_s2,erdos_renyi,"G(80, 0.09)",generated,108092.0,num_vertices,80,edge_probability,0.09,week18_handcrafted_candidate,80,299,0.09462025316455697,1,1,colpack,greedy_coloring,NATURAL,6,0.0,,True,,data\processed\initial_graph_coloring_dataset\colpack_outputs_week18_heterogeneous_generalization\week18_er_n80_p09_s2_natural.txt
week18_er_n80_p09_s2,erdos_renyi,"G(80, 0.09)",generated,108092.0,num_vertices,80,edge_probability,0.09,week18_handcrafted_candidate,80,299,0.09462025316455697,1,1,colpack,greedy_coloring,LARGEST_FIRST,6,0.0,,True,,data\processed\initial_graph_coloring_dataset\colpack_outputs_week18_heterogeneous_generalization\week18_er_n80_p09_s2_largest_first.txt
week18_er_n80_p09_s2,erdos_renyi,"G(80, 0.09)",generated,108092.0,num_vertices,80,edge_probability,0.09,week18_handcrafted_candidate,80,299,0.09462025316455697,1,1,colpack,greedy_coloring,DYNAMIC_LARGEST_FIRST,5,0.0,,True,,data\processed\initial_graph_coloring_dataset\colpack_outputs_week18_heterogeneous_generalization\week18_er_n80_p09_s2_dynamic_largest_first.txt
week18_er_n80_p09_s2,erdos_renyi,"G(80, 0.09)",generated,108092.0,num_vertices,80,edge_probability,0.09,week18_handcrafted_candidate,80,299,0.09462025316455697,1,1,colpack,greedy_coloring,INCIDENCE_DEGREE,6,0.0,,True,,data\processed\initial_graph_coloring_dataset\colpack_outputs_week18_heterogeneous_generalization\week18_er_n80_p09_s2_incidence_degree.txt
week18_er_n80_p09_s2,erdos_renyi,"G(80, 0.09)",generated,108092.0,num_vertices,80,edge_probability,0.09,week18_handcrafted_candidate,80,299,0.09462025316455697,1,1,colpack,greedy_coloring,SMALLEST_LAST,5,0.0,,True,,data\processed\initial_graph_coloring_dataset\colpack_outputs_week18_heterogeneous_generalization\week18_er_n80_p09_s2_smallest_last.txt
week18_er_n80_p09_s3,erdos_renyi,"G(80, 0.09)",generated,108093.0,num_vertices,80,edge_probability,0.09,week18_handcrafted_candidate,80,299,0.09462025316455697,1,1,colpack,greedy_coloring,NATURAL,7,0.0,,True,,data\processed\initial_graph_coloring_dataset\colpack_outputs_week18_heterogeneous_generalization\week18_er_n80_p09_s3_natural.txt
week18_er_n80_p09_s3,erdos_renyi,"G(80, 0.09)",generated,108093.0,num_vertices,80,edge_probability,0.09,week18_handcrafted_candidate,80,299,0.09462025316455697,1,1,colpack,greedy_coloring,LARGEST_FIRST,5,0.0,,True,,data\processed\initial_graph_coloring_dataset\colpack_outputs_week18_heterogeneous_generalization\week18_er_n80_p09_s3_largest_first.txt
week18_er_n80_p09_s3,erdos_renyi,"G(80, 0.09)",generated,108093.0,num_vertices,80,edge_probability,0.09,week18_handcrafted_candidate,80,299,0.09462025316455697,1,1,colpack,greedy_coloring,DYNAMIC_LARGEST_FIRST,6,0.0,,True,,data\processed\initial_graph_coloring_dataset\colpack_outputs_week18_heterogeneous_generalization\week18_er_n80_p09_s3_dynamic_largest_first.txt
week18_er_n80_p09_s3,erdos_renyi,"G(80, 0.09)",generated,108093.0,num_vertices,80,edge_probability,0.09,week18_handcrafted_candidate,80,299,0.09462025316455697,1,1,colpack,greedy_coloring,INCIDENCE_DEGREE,6,0.001,,True,,data\processed\initial_graph_coloring_dataset\colpack_outputs_week18_heterogeneous_generalization\week18_er_n80_p09_s3_incidence_degree.txt
week18_er_n80_p09_s3,erdos_renyi,"G(80, 0.09)",generated,108093.0,num_vertices,80,edge_probability,0.09,week18_handcrafted_candidate,80,299,0.09462025316455697,1,1,colpack,greedy_coloring,SMALLEST_LAST,5,0.0,,True,,data\processed\initial_graph_coloring_dataset\colpack_outputs_week18_heterogeneous_generalization\week18_er_n80_p09_s3_smallest_last.txt
week18_er_n80_p12_s0,erdos_renyi,"G(80, 0.12)",generated,108120.0,num_vertices,80,edge_probability,0.12,week18_handcrafted_candidate,80,396,0.12531645569620253,1,1,colpack,greedy_coloring,NATURAL,8,0.0,,True,,data\processed\initial_graph_coloring_dataset\colpack_outputs_week18_heterogeneous_generalization\week18_er_n80_p12_s0_natural.txt
week18_er_n80_p12_s0,erdos_renyi,"G(80, 0.12)",generated,108120.0,num_vertices,80,edge_probability,0.12,week18_handcrafted_candidate,80,396,0.12531645569620253,1,1,colpack,greedy_coloring,LARGEST_FIRST,6,0.0,,True,,data\processed\initial_graph_coloring_dataset\colpack_outputs_week18_heterogeneous_generalization\week18_er_n80_p12_s0_largest_first.txt
week18_er_n80_p12_s0,erdos_renyi,"G(80, 0.12)",generated,108120.0,num_vertices,80,edge_probability,0.12,week18_handcrafted_candidate,80,396,0.12531645569620253,1,1,colpack,greedy_coloring,DYNAMIC_LARGEST_FIRST,6,0.0,,True,,data\processed\initial_graph_coloring_dataset\colpack_outputs_week18_heterogeneous_generalization\week18_er_n80_p12_s0_dynamic_largest_first.txt
week18_er_n80_p12_s0,erdos_renyi,"G(80, 0.12)",generated,108120.0,num_vertices,80,edge_probability,0.12,week18_handcrafted_candidate,80,396,0.12531645569620253,1,1,colpack,greedy_coloring,INCIDENCE_DEGREE,7,0.0,,True,,data\processed\initial_graph_coloring_dataset\colpack_outputs_week18_heterogeneous_generalization\week18_er_n80_p12_s0_incidence_degree.txt
week18_er_n80_p12_s0,erdos_renyi,"G(80, 0.12)",generated,108120.0,num_vertices,80,edge_probability,0.12,week18_handcrafted_candidate,80,396,0.12531645569620253,1,1,colpack,greedy_coloring,SMALLEST_LAST,6,0.0,,True,,data\processed\initial_graph_coloring_dataset\colpack_outputs_week18_heterogeneous_generalization\week18_er_n80_p12_s0_smallest_last.txt
week18_er_n80_p12_s1,erdos_renyi,"G(80, 0.12)",generated,108121.0,num_vertices,80,edge_probability,0.12,week18_handcrafted_candidate,80,388,0.12278481012658228,1,1,colpack,greedy_coloring,NATURAL,7,0.0,,True,,data\processed\initial_graph_coloring_dataset\colpack_outputs_week18_heterogeneous_generalization\week18_er_n80_p12_s1_natural.txt
week18_er_n80_p12_s1,erdos_renyi,"G(80, 0.12)",generated,108121.0,num_vertices,80,edge_probability,0.12,week18_handcrafted_candidate,80,388,0.12278481012658228,1,1,colpack,greedy_coloring,LARGEST_FIRST,6,0.0,,True,,data\processed\initial_graph_coloring_dataset\colpack_outputs_week18_heterogeneous_generalization\week18_er_n80_p12_s1_largest_first.txt
week18_er_n80_p12_s1,erdos_renyi,"G(80, 0.12)",generated,108121.0,num_vertices,80,edge_probability,0.12,week18_handcrafted_candidate,80,388,0.12278481012658228,1,1,colpack,greedy_coloring,DYNAMIC_LARGEST_FIRST,6,0.0,,True,,data\processed\initial_graph_coloring_dataset\colpack_outputs_week18_heterogeneous_generalization\week18_er_n80_p12_s1_dynamic_largest_first.txt
week18_er_n80_p12_s1,erdos_renyi,"G(80, 0.12)",generated,108121.0,num_vertices,80,edge_probability,0.12,week18_handcrafted_candidate,80,388,0.12278481012658228,1,1,colpack,greedy_coloring,INCIDENCE_DEGREE,6,0.0,,True,,data\processed\initial_graph_coloring_dataset\colpack_outputs_week18_heterogeneous_generalization\week18_er_n80_p12_s1_incidence_degree.txt
week18_er_n80_p12_s1,erdos_renyi,"G(80, 0.12)",generated,108121.0,num_vertices,80,edge_probability,0.12,week18_handcrafted_candidate,80,388,0.12278481012658228,1,1,colpack,greedy_coloring,SMALLEST_LAST,6,0.0,,True,,data\processed\initial_graph_coloring_dataset\colpack_outputs_week18_heterogeneous_generalization\week18_er_n80_p12_s1_smallest_last.txt
week18_er_n80_p12_s2,erdos_renyi,"G(80, 0.12)",generated,108122.0,num_vertices,80,edge_probability,0.12,week18_handcrafted_candidate,80,386,0.12215189873417721,1,1,colpack,greedy_coloring,NATURAL,7,0.0,,True,,data\processed\initial_graph_coloring_dataset\colpack_outputs_week18_heterogeneous_generalization\week18_er_n80_p12_s2_natural.txt
week18_er_n80_p12_s2,erdos_renyi,"G(80, 0.12)",generated,108122.0,num_vertices,80,edge_probability,0.12,week18_handcrafted_candidate,80,386,0.12215189873417721,1,1,colpack,greedy_coloring,LARGEST_FIRST,6,0.0,,True,,data\processed\initial_graph_coloring_dataset\colpack_outputs_week18_heterogeneous_generalization\week18_er_n80_p12_s2_largest_first.txt
week18_er_n80_p12_s2,erdos_renyi,"G(80, 0.12)",generated,108122.0,num_vertices,80,edge_probability,0.12,week18_handcrafted_candidate,80,386,0.12215189873417721,1,1,colpack,greedy_coloring,DYNAMIC_LARGEST_FIRST,6,0.0,,True,,data\processed\initial_graph_coloring_dataset\colpack_outputs_week18_heterogeneous_generalization\week18_er_n80_p12_s2_dynamic_largest_first.txt
week18_er_n80_p12_s2,erdos_renyi,"G(80, 0.12)",generated,108122.0,num_vertices,80,edge_probability,0.12,week18_handcrafted_candidate,80,386,0.12215189873417721,1,1,colpack,greedy_coloring,INCIDENCE_DEGREE,7,0.0,,True,,data\processed\initial_graph_coloring_dataset\colpack_outputs_week18_heterogeneous_generalization\week18_er_n80_p12_s2_incidence_degree.txt
week18_er_n80_p12_s2,erdos_renyi,"G(80, 0.12)",generated,108122.0,num_vertices,80,edge_probability,0.12,week18_handcrafted_candidate,80,386,0.12215189873417721,1,1,colpack,greedy_coloring,SMALLEST_LAST,5,0.0,,True,,data\processed\initial_graph_coloring_dataset\colpack_outputs_week18_heterogeneous_generalization\week18_er_n80_p12_s2_smallest_last.txt
week18_er_n80_p12_s3,erdos_renyi,"G(80, 0.12)",generated,108123.0,num_vertices,80,edge_probability,0.12,week18_handcrafted_candidate,80,366,0.11582278481012659,1,1,colpack,greedy_coloring,NATURAL,7,0.0,,True,,data\processed\initial_graph_coloring_dataset\colpack_outputs_week18_heterogeneous_generalization\week18_er_n80_p12_s3_natural.txt
week18_er_n80_p12_s3,erdos_renyi,"G(80, 0.12)",generated,108123.0,num_vertices,80,edge_probability,0.12,week18_handcrafted_candidate,80,366,0.11582278481012659,1,1,colpack,greedy_coloring,LARGEST_FIRST,6,0.0,,True,,data\processed\initial_graph_coloring_dataset\colpack_outputs_week18_heterogeneous_generalization\week18_er_n80_p12_s3_largest_first.txt
week18_er_n80_p12_s3,erdos_renyi,"G(80, 0.12)",generated,108123.0,num_vertices,80,edge_probability,0.12,week18_handcrafted_candidate,80,366,0.11582278481012659,1,1,colpack,greedy_coloring,DYNAMIC_LARGEST_FIRST,6,0.0,,True,,data\processed\initial_graph_coloring_dataset\colpack_outputs_week18_heterogeneous_generalization\week18_er_n80_p12_s3_dynamic_largest_first.txt
week18_er_n80_p12_s3,erdos_renyi,"G(80, 0.12)",generated,108123.0,num_vertices,80,edge_probability,0.12,week18_handcrafted_candidate,80,366,0.11582278481012659,1,1,colpack,greedy_coloring,INCIDENCE_DEGREE,6,0.0,,True,,data\processed\initial_graph_coloring_dataset\colpack_outputs_week18_heterogeneous_generalization\week18_er_n80_p12_s3_incidence_degree.txt
week18_er_n80_p12_s3,erdos_renyi,"G(80, 0.12)",generated,108123.0,num_vertices,80,edge_probability,0.12,week18_handcrafted_candidate,80,366,0.11582278481012659,1,1,colpack,greedy_coloring,SMALLEST_LAST,6,0.0,,True,,data\processed\initial_graph_coloring_dataset\colpack_outputs_week18_heterogeneous_generalization\week18_er_n80_p12_s3_smallest_last.txt
week18_er_n80_p16_s0,erdos_renyi,"G(80, 0.16)",generated,108160.0,num_vertices,80,edge_probability,0.16,week18_handcrafted_candidate,80,522,0.1651898734177215,1,1,colpack,greedy_coloring,NATURAL,8,0.0,,True,,data\processed\initial_graph_coloring_dataset\colpack_outputs_week18_heterogeneous_generalization\week18_er_n80_p16_s0_natural.txt
week18_er_n80_p16_s0,erdos_renyi,"G(80, 0.16)",generated,108160.0,num_vertices,80,edge_probability,0.16,week18_handcrafted_candidate,80,522,0.1651898734177215,1,1,colpack,greedy_coloring,LARGEST_FIRST,8,0.0,,True,,data\processed\initial_graph_coloring_dataset\colpack_outputs_week18_heterogeneous_generalization\week18_er_n80_p16_s0_largest_first.txt
week18_er_n80_p16_s0,erdos_renyi,"G(80, 0.16)",generated,108160.0,num_vertices,80,edge_probability,0.16,week18_handcrafted_candidate,80,522,0.1651898734177215,1,1,colpack,greedy_coloring,DYNAMIC_LARGEST_FIRST,8,0.0,,True,,data\processed\initial_graph_coloring_dataset\colpack_outputs_week18_heterogeneous_generalization\week18_er_n80_p16_s0_dynamic_largest_first.txt
week18_er_n80_p16_s0,erdos_renyi,"G(80, 0.16)",generated,108160.0,num_vertices,80,edge_probability,0.16,week18_handcrafted_candidate,80,522,0.1651898734177215,1,1,colpack,greedy_coloring,INCIDENCE_DEGREE,8,0.0,,True,,data\processed\initial_graph_coloring_dataset\colpack_outputs_week18_heterogeneous_generalization\week18_er_n80_p16_s0_incidence_degree.txt
week18_er_n80_p16_s0,erdos_renyi,"G(80, 0.16)",generated,108160.0,num_vertices,80,edge_probability,0.16,week18_handcrafted_candidate,80,522,0.1651898734177215,1,1,colpack,greedy_coloring,SMALLEST_LAST,7,0.0,,True,,data\processed\initial_graph_coloring_dataset\colpack_outputs_week18_heterogeneous_generalization\week18_er_n80_p16_s0_smallest_last.txt
week18_er_n80_p16_s1,erdos_renyi,"G(80, 0.16)",generated,108161.0,num_vertices,80,edge_probability,0.16,week18_handcrafted_candidate,80,511,0.16170886075949367,1,1,colpack,greedy_coloring,NATURAL,9,0.0,,True,,data\processed\initial_graph_coloring_dataset\colpack_outputs_week18_heterogeneous_generalization\week18_er_n80_p16_s1_natural.txt
week18_er_n80_p16_s1,erdos_renyi,"G(80, 0.16)",generated,108161.0,num_vertices,80,edge_probability,0.16,week18_handcrafted_candidate,80,511,0.16170886075949367,1,1,colpack,greedy_coloring,LARGEST_FIRST,7,0.0,,True,,data\processed\initial_graph_coloring_dataset\colpack_outputs_week18_heterogeneous_generalization\week18_er_n80_p16_s1_largest_first.txt
week18_er_n80_p16_s1,erdos_renyi,"G(80, 0.16)",generated,108161.0,num_vertices,80,edge_probability,0.16,week18_handcrafted_candidate,80,511,0.16170886075949367,1,1,colpack,greedy_coloring,DYNAMIC_LARGEST_FIRST,7,0.0,,True,,data\processed\initial_graph_coloring_dataset\colpack_outputs_week18_heterogeneous_generalization\week18_er_n80_p16_s1_dynamic_largest_first.txt
week18_er_n80_p16_s1,erdos_renyi,"G(80, 0.16)",generated,108161.0,num_vertices,80,edge_probability,0.16,week18_handcrafted_candidate,80,511,0.16170886075949367,1,1,colpack,greedy_coloring,INCIDENCE_DEGREE,8,0.0,,True,,data\processed\initial_graph_coloring_dataset\colpack_outputs_week18_heterogeneous_generalization\week18_er_n80_p16_s1_incidence_degree.txt
week18_er_n80_p16_s1,erdos_renyi,"G(80, 0.16)",generated,108161.0,num_vertices,80,edge_probability,0.16,week18_handcrafted_candidate,80,511,0.16170886075949367,1,1,colpack,greedy_coloring,SMALLEST_LAST,8,0.0,,True,,data\processed\initial_graph_coloring_dataset\colpack_outputs_week18_heterogeneous_generalization\week18_er_n80_p16_s1_smallest_last.txt
week18_er_n80_p16_s2,erdos_renyi,"G(80, 0.16)",generated,108162.0,num_vertices,80,edge_probability,0.16,week18_handcrafted_candidate,80,497,0.15727848101265823,1,1,colpack,greedy_coloring,NATURAL,8,0.0,,True,,data\processed\initial_graph_coloring_dataset\colpack_outputs_week18_heterogeneous_generalization\week18_er_n80_p16_s2_natural.txt
week18_er_n80_p16_s2,erdos_renyi,"G(80, 0.16)",generated,108162.0,num_vertices,80,edge_probability,0.16,week18_handcrafted_candidate,80,497,0.15727848101265823,1,1,colpack,greedy_coloring,LARGEST_FIRST,8,0.0,,True,,data\processed\initial_graph_coloring_dataset\colpack_outputs_week18_heterogeneous_generalization\week18_er_n80_p16_s2_largest_first.txt
week18_er_n80_p16_s2,erdos_renyi,"G(80, 0.16)",generated,108162.0,num_vertices,80,edge_probability,0.16,week18_handcrafted_candidate,80,497,0.15727848101265823,1,1,colpack,greedy_coloring,DYNAMIC_LARGEST_FIRST,7,0.0,,True,,data\processed\initial_graph_coloring_dataset\colpack_outputs_week18_heterogeneous_generalization\week18_er_n80_p16_s2_dynamic_largest_first.txt
week18_er_n80_p16_s2,erdos_renyi,"G(80, 0.16)",generated,108162.0,num_vertices,80,edge_probability,0.16,week18_handcrafted_candidate,80,497,0.15727848101265823,1,1,colpack,greedy_coloring,INCIDENCE_DEGREE,7,0.0,,True,,data\processed\initial_graph_coloring_dataset\colpack_outputs_week18_heterogeneous_generalization\week18_er_n80_p16_s2_incidence_degree.txt
week18_er_n80_p16_s2,erdos_renyi,"G(80, 0.16)",generated,108162.0,num_vertices,80,edge_probability,0.16,week18_handcrafted_candidate,80,497,0.15727848101265823,1,1,colpack,greedy_coloring,SMALLEST_LAST,7,0.0,,True,,data\processed\initial_graph_coloring_dataset\colpack_outputs_week18_heterogeneous_generalization\week18_er_n80_p16_s2_smallest_last.txt
week18_er_n80_p16_s3,erdos_renyi,"G(80, 0.16)",generated,108163.0,num_vertices,80,edge_probability,0.16,week18_handcrafted_candidate,80,540,0.17088607594936708,1,1,colpack,greedy_coloring,NATURAL,8,0.0,,True,,data\processed\initial_graph_coloring_dataset\colpack_outputs_week18_heterogeneous_generalization\week18_er_n80_p16_s3_natural.txt
week18_er_n80_p16_s3,erdos_renyi,"G(80, 0.16)",generated,108163.0,num_vertices,80,edge_probability,0.16,week18_handcrafted_candidate,80,540,0.17088607594936708,1,1,colpack,greedy_coloring,LARGEST_FIRST,8,0.0,,True,,data\processed\initial_graph_coloring_dataset\colpack_outputs_week18_heterogeneous_generalization\week18_er_n80_p16_s3_largest_first.txt
week18_er_n80_p16_s3,erdos_renyi,"G(80, 0.16)",generated,108163.0,num_vertices,80,edge_probability,0.16,week18_handcrafted_candidate,80,540,0.17088607594936708,1,1,colpack,greedy_coloring,DYNAMIC_LARGEST_FIRST,8,0.0,,True,,data\processed\initial_graph_coloring_dataset\colpack_outputs_week18_heterogeneous_generalization\week18_er_n80_p16_s3_dynamic_largest_first.txt
week18_er_n80_p16_s3,erdos_renyi,"G(80, 0.16)",generated,108163.0,num_vertices,80,edge_probability,0.16,week18_handcrafted_candidate,80,540,0.17088607594936708,1,1,colpack,greedy_coloring,INCIDENCE_DEGREE,8,0.0,,True,,data\processed\initial_graph_coloring_dataset\colpack_outputs_week18_heterogeneous_generalization\week18_er_n80_p16_s3_incidence_degree.txt
week18_er_n80_p16_s3,erdos_renyi,"G(80, 0.16)",generated,108163.0,num_vertices,80,edge_probability,0.16,week18_handcrafted_candidate,80,540,0.17088607594936708,1,1,colpack,greedy_coloring,SMALLEST_LAST,7,0.0,,True,,data\processed\initial_graph_coloring_dataset\colpack_outputs_week18_heterogeneous_generalization\week18_er_n80_p16_s3_smallest_last.txt
week18_er_n80_p22_s0,erdos_renyi,"G(80, 0.22)",generated,108220.0,num_vertices,80,edge_probability,0.22,week18_handcrafted_candidate,80,700,0.22151898734177214,1,1,colpack,greedy_coloring,NATURAL,10,0.0,,True,,data\processed\initial_graph_coloring_dataset\colpack_outputs_week18_heterogeneous_generalization\week18_er_n80_p22_s0_natural.txt
week18_er_n80_p22_s0,erdos_renyi,"G(80, 0.22)",generated,108220.0,num_vertices,80,edge_probability,0.22,week18_handcrafted_candidate,80,700,0.22151898734177214,1,1,colpack,greedy_coloring,LARGEST_FIRST,9,0.0,,True,,data\processed\initial_graph_coloring_dataset\colpack_outputs_week18_heterogeneous_generalization\week18_er_n80_p22_s0_largest_first.txt
week18_er_n80_p22_s0,erdos_renyi,"G(80, 0.22)",generated,108220.0,num_vertices,80,edge_probability,0.22,week18_handcrafted_candidate,80,700,0.22151898734177214,1,1,colpack,greedy_coloring,DYNAMIC_LARGEST_FIRST,9,0.0,,True,,data\processed\initial_graph_coloring_dataset\colpack_outputs_week18_heterogeneous_generalization\week18_er_n80_p22_s0_dynamic_largest_first.txt
week18_er_n80_p22_s0,erdos_renyi,"G(80, 0.22)",generated,108220.0,num_vertices,80,edge_probability,0.22,week18_handcrafted_candidate,80,700,0.22151898734177214,1,1,colpack,greedy_coloring,INCIDENCE_DEGREE,9,0.0,,True,,data\processed\initial_graph_coloring_dataset\colpack_outputs_week18_heterogeneous_generalization\week18_er_n80_p22_s0_incidence_degree.txt
week18_er_n80_p22_s0,erdos_renyi,"G(80, 0.22)",generated,108220.0,num_vertices,80,edge_probability,0.22,week18_handcrafted_candidate,80,700,0.22151898734177214,1,1,colpack,greedy_coloring,SMALLEST_LAST,9,0.0,,True,,data\processed\initial_graph_coloring_dataset\colpack_outputs_week18_heterogeneous_generalization\week18_er_n80_p22_s0_smallest_last.txt
week18_er_n80_p22_s1,erdos_renyi,"G(80, 0.22)",generated,108221.0,num_vertices,80,edge_probability,0.22,week18_handcrafted_candidate,80,713,0.22563291139240507,1,1,colpack,greedy_coloring,NATURAL,10,0.0,,True,,data\processed\initial_graph_coloring_dataset\colpack_outputs_week18_heterogeneous_generalization\week18_er_n80_p22_s1_natural.txt
week18_er_n80_p22_s1,erdos_renyi,"G(80, 0.22)",generated,108221.0,num_vertices,80,edge_probability,0.22,week18_handcrafted_candidate,80,713,0.22563291139240507,1,1,colpack,greedy_coloring,LARGEST_FIRST,9,0.0,,True,,data\processed\initial_graph_coloring_dataset\colpack_outputs_week18_heterogeneous_generalization\week18_er_n80_p22_s1_largest_first.txt
week18_er_n80_p22_s1,erdos_renyi,"G(80, 0.22)",generated,108221.0,num_vertices,80,edge_probability,0.22,week18_handcrafted_candidate,80,713,0.22563291139240507,1,1,colpack,greedy_coloring,DYNAMIC_LARGEST_FIRST,9,0.0,,True,,data\processed\initial_graph_coloring_dataset\colpack_outputs_week18_heterogeneous_generalization\week18_er_n80_p22_s1_dynamic_largest_first.txt
week18_er_n80_p22_s1,erdos_renyi,"G(80, 0.22)",generated,108221.0,num_vertices,80,edge_probability,0.22,week18_handcrafted_candidate,80,713,0.22563291139240507,1,1,colpack,greedy_coloring,INCIDENCE_DEGREE,8,0.0,,True,,data\processed\initial_graph_coloring_dataset\colpack_outputs_week18_heterogeneous_generalization\week18_er_n80_p22_s1_incidence_degree.txt
week18_er_n80_p22_s1,erdos_renyi,"G(80, 0.22)",generated,108221.0,num_vertices,80,edge_probability,0.22,week18_handcrafted_candidate,80,713,0.22563291139240507,1,1,colpack,greedy_coloring,SMALLEST_LAST,9,0.0,,True,,data\processed\initial_graph_coloring_dataset\colpack_outputs_week18_heterogeneous_generalization\week18_er_n80_p22_s1_smallest_last.txt
week18_er_n80_p22_s2,erdos_renyi,"G(80, 0.22)",generated,108222.0,num_vertices,80,edge_probability,0.22,week18_handcrafted_candidate,80,644,0.20379746835443038,1,1,colpack,greedy_coloring,NATURAL,10,0.0,,True,,data\processed\initial_graph_coloring_dataset\colpack_outputs_week18_heterogeneous_generalization\week18_er_n80_p22_s2_natural.txt
week18_er_n80_p22_s2,erdos_renyi,"G(80, 0.22)",generated,108222.0,num_vertices,80,edge_probability,0.22,week18_handcrafted_candidate,80,644,0.20379746835443038,1,1,colpack,greedy_coloring,LARGEST_FIRST,9,0.0,,True,,data\processed\initial_graph_coloring_dataset\colpack_outputs_week18_heterogeneous_generalization\week18_er_n80_p22_s2_largest_first.txt
week18_er_n80_p22_s2,erdos_renyi,"G(80, 0.22)",generated,108222.0,num_vertices,80,edge_probability,0.22,week18_handcrafted_candidate,80,644,0.20379746835443038,1,1,colpack,greedy_coloring,DYNAMIC_LARGEST_FIRST,8,0.0,,True,,data\processed\initial_graph_coloring_dataset\colpack_outputs_week18_heterogeneous_generalization\week18_er_n80_p22_s2_dynamic_largest_first.txt
week18_er_n80_p22_s2,erdos_renyi,"G(80, 0.22)",generated,108222.0,num_vertices,80,edge_probability,0.22,week18_handcrafted_candidate,80,644,0.20379746835443038,1,1,colpack,greedy_coloring,INCIDENCE_DEGREE,8,0.0,,True,,data\processed\initial_graph_coloring_dataset\colpack_outputs_week18_heterogeneous_generalization\week18_er_n80_p22_s2_incidence_degree.txt
week18_er_n80_p22_s2,erdos_renyi,"G(80, 0.22)",generated,108222.0,num_vertices,80,edge_probability,0.22,week18_handcrafted_candidate,80,644,0.20379746835443038,1,1,colpack,greedy_coloring,SMALLEST_LAST,8,0.0,,True,,data\processed\initial_graph_coloring_dataset\colpack_outputs_week18_heterogeneous_generalization\week18_er_n80_p22_s2_smallest_last.txt
week18_er_n80_p22_s3,erdos_renyi,"G(80, 0.22)",generated,108223.0,num_vertices,80,edge_probability,0.22,week18_handcrafted_candidate,80,711,0.225,1,1,colpack,greedy_coloring,NATURAL,11,0.0,,True,,data\processed\initial_graph_coloring_dataset\colpack_outputs_week18_heterogeneous_generalization\week18_er_n80_p22_s3_natural.txt
week18_er_n80_p22_s3,erdos_renyi,"G(80, 0.22)",generated,108223.0,num_vertices,80,edge_probability,0.22,week18_handcrafted_candidate,80,711,0.225,1,1,colpack,greedy_coloring,LARGEST_FIRST,9,0.0,,True,,data\processed\initial_graph_coloring_dataset\colpack_outputs_week18_heterogeneous_generalization\week18_er_n80_p22_s3_largest_first.txt
week18_er_n80_p22_s3,erdos_renyi,"G(80, 0.22)",generated,108223.0,num_vertices,80,edge_probability,0.22,week18_handcrafted_candidate,80,711,0.225,1,1,colpack,greedy_coloring,DYNAMIC_LARGEST_FIRST,9,0.0,,True,,data\processed\initial_graph_coloring_dataset\colpack_outputs_week18_heterogeneous_generalization\week18_er_n80_p22_s3_dynamic_largest_first.txt
week18_er_n80_p22_s3,erdos_renyi,"G(80, 0.22)",generated,108223.0,num_vertices,80,edge_probability,0.22,week18_handcrafted_candidate,80,711,0.225,1,1,colpack,greedy_coloring,INCIDENCE_DEGREE,8,0.0,,True,,data\processed\initial_graph_coloring_dataset\colpack_outputs_week18_heterogeneous_generalization\week18_er_n80_p22_s3_incidence_degree.txt
week18_er_n80_p22_s3,erdos_renyi,"G(80, 0.22)",generated,108223.0,num_vertices,80,edge_probability,0.22,week18_handcrafted_candidate,80,711,0.225,1,1,colpack,greedy_coloring,SMALLEST_LAST,10,0.0,,True,,data\processed\initial_graph_coloring_dataset\colpack_outputs_week18_heterogeneous_generalization\week18_er_n80_p22_s3_smallest_last.txt
week18_er_n80_p30_s0,erdos_renyi,"G(80, 0.30)",generated,108300.0,num_vertices,80,edge_probability,0.3,week18_handcrafted_candidate,80,972,0.30759493670886073,1,1,colpack,greedy_coloring,NATURAL,11,0.0,,True,,data\processed\initial_graph_coloring_dataset\colpack_outputs_week18_heterogeneous_generalization\week18_er_n80_p30_s0_natural.txt
week18_er_n80_p30_s0,erdos_renyi,"G(80, 0.30)",generated,108300.0,num_vertices,80,edge_probability,0.3,week18_handcrafted_candidate,80,972,0.30759493670886073,1,1,colpack,greedy_coloring,LARGEST_FIRST,12,0.0,,True,,data\processed\initial_graph_coloring_dataset\colpack_outputs_week18_heterogeneous_generalization\week18_er_n80_p30_s0_largest_first.txt
week18_er_n80_p30_s0,erdos_renyi,"G(80, 0.30)",generated,108300.0,num_vertices,80,edge_probability,0.3,week18_handcrafted_candidate,80,972,0.30759493670886073,1,1,colpack,greedy_coloring,DYNAMIC_LARGEST_FIRST,10,0.0,,True,,data\processed\initial_graph_coloring_dataset\colpack_outputs_week18_heterogeneous_generalization\week18_er_n80_p30_s0_dynamic_largest_first.txt
week18_er_n80_p30_s0,erdos_renyi,"G(80, 0.30)",generated,108300.0,num_vertices,80,edge_probability,0.3,week18_handcrafted_candidate,80,972,0.30759493670886073,1,1,colpack,greedy_coloring,INCIDENCE_DEGREE,12,0.0,,True,,data\processed\initial_graph_coloring_dataset\colpack_outputs_week18_heterogeneous_generalization\week18_er_n80_p30_s0_incidence_degree.txt
week18_er_n80_p30_s0,erdos_renyi,"G(80, 0.30)",generated,108300.0,num_vertices,80,edge_probability,0.3,week18_handcrafted_candidate,80,972,0.30759493670886073,1,1,colpack,greedy_coloring,SMALLEST_LAST,11,0.0,,True,,data\processed\initial_graph_coloring_dataset\colpack_outputs_week18_heterogeneous_generalization\week18_er_n80_p30_s0_smallest_last.txt
week18_er_n80_p30_s1,erdos_renyi,"G(80, 0.30)",generated,108301.0,num_vertices,80,edge_probability,0.3,week18_handcrafted_candidate,80,938,0.2968354430379747,1,1,colpack,greedy_coloring,NATURAL,11,0.0,,True,,data\processed\initial_graph_coloring_dataset\colpack_outputs_week18_heterogeneous_generalization\week18_er_n80_p30_s1_natural.txt
week18_er_n80_p30_s1,erdos_renyi,"G(80, 0.30)",generated,108301.0,num_vertices,80,edge_probability,0.3,week18_handcrafted_candidate,80,938,0.2968354430379747,1,1,colpack,greedy_coloring,LARGEST_FIRST,11,0.0,,True,,data\processed\initial_graph_coloring_dataset\colpack_outputs_week18_heterogeneous_generalization\week18_er_n80_p30_s1_largest_first.txt
week18_er_n80_p30_s1,erdos_renyi,"G(80, 0.30)",generated,108301.0,num_vertices,80,edge_probability,0.3,week18_handcrafted_candidate,80,938,0.2968354430379747,1,1,colpack,greedy_coloring,DYNAMIC_LARGEST_FIRST,11,0.0,,True,,data\processed\initial_graph_coloring_dataset\colpack_outputs_week18_heterogeneous_generalization\week18_er_n80_p30_s1_dynamic_largest_first.txt
week18_er_n80_p30_s1,erdos_renyi,"G(80, 0.30)",generated,108301.0,num_vertices,80,edge_probability,0.3,week18_handcrafted_candidate,80,938,0.2968354430379747,1,1,colpack,greedy_coloring,INCIDENCE_DEGREE,12,0.0,,True,,data\processed\initial_graph_coloring_dataset\colpack_outputs_week18_heterogeneous_generalization\week18_er_n80_p30_s1_incidence_degree.txt
week18_er_n80_p30_s1,erdos_renyi,"G(80, 0.30)",generated,108301.0,num_vertices,80,edge_probability,0.3,week18_handcrafted_candidate,80,938,0.2968354430379747,1,1,colpack,greedy_coloring,SMALLEST_LAST,12,0.0,,True,,data\processed\initial_graph_coloring_dataset\colpack_outputs_week18_heterogeneous_generalization\week18_er_n80_p30_s1_smallest_last.txt
week18_er_n80_p30_s2,erdos_renyi,"G(80, 0.30)",generated,108302.0,num_vertices,80,edge_probability,0.3,week18_handcrafted_candidate,80,966,0.3056962025316456,1,1,colpack,greedy_coloring,NATURAL,13,0.0,,True,,data\processed\initial_graph_coloring_dataset\colpack_outputs_week18_heterogeneous_generalization\week18_er_n80_p30_s2_natural.txt
week18_er_n80_p30_s2,erdos_renyi,"G(80, 0.30)",generated,108302.0,num_vertices,80,edge_probability,0.3,week18_handcrafted_candidate,80,966,0.3056962025316456,1,1,colpack,greedy_coloring,LARGEST_FIRST,11,0.0,,True,,data\processed\initial_graph_coloring_dataset\colpack_outputs_week18_heterogeneous_generalization\week18_er_n80_p30_s2_largest_first.txt
week18_er_n80_p30_s2,erdos_renyi,"G(80, 0.30)",generated,108302.0,num_vertices,80,edge_probability,0.3,week18_handcrafted_candidate,80,966,0.3056962025316456,1,1,colpack,greedy_coloring,DYNAMIC_LARGEST_FIRST,12,0.0,,True,,data\processed\initial_graph_coloring_dataset\colpack_outputs_week18_heterogeneous_generalization\week18_er_n80_p30_s2_dynamic_largest_first.txt
week18_er_n80_p30_s2,erdos_renyi,"G(80, 0.30)",generated,108302.0,num_vertices,80,edge_probability,0.3,week18_handcrafted_candidate,80,966,0.3056962025316456,1,1,colpack,greedy_coloring,INCIDENCE_DEGREE,11,0.0,,True,,data\processed\initial_graph_coloring_dataset\colpack_outputs_week18_heterogeneous_generalization\week18_er_n80_p30_s2_incidence_degree.txt
week18_er_n80_p30_s2,erdos_renyi,"G(80, 0.30)",generated,108302.0,num_vertices,80,edge_probability,0.3,week18_handcrafted_candidate,80,966,0.3056962025316456,1,1,colpack,greedy_coloring,SMALLEST_LAST,11,0.0,,True,,data\processed\initial_graph_coloring_dataset\colpack_outputs_week18_heterogeneous_generalization\week18_er_n80_p30_s2_smallest_last.txt
week18_er_n80_p30_s3,erdos_renyi,"G(80, 0.30)",generated,108303.0,num_vertices,80,edge_probability,0.3,week18_handcrafted_candidate,80,899,0.28449367088607597,1,1,colpack,greedy_coloring,NATURAL,12,0.0,,True,,data\processed\initial_graph_coloring_dataset\colpack_outputs_week18_heterogeneous_generalization\week18_er_n80_p30_s3_natural.txt
week18_er_n80_p30_s3,erdos_renyi,"G(80, 0.30)",generated,108303.0,num_vertices,80,edge_probability,0.3,week18_handcrafted_candidate,80,899,0.28449367088607597,1,1,colpack,greedy_coloring,LARGEST_FIRST,11,0.0,,True,,data\processed\initial_graph_coloring_dataset\colpack_outputs_week18_heterogeneous_generalization\week18_er_n80_p30_s3_largest_first.txt
week18_er_n80_p30_s3,erdos_renyi,"G(80, 0.30)",generated,108303.0,num_vertices,80,edge_probability,0.3,week18_handcrafted_candidate,80,899,0.28449367088607597,1,1,colpack,greedy_coloring,DYNAMIC_LARGEST_FIRST,11,0.0,,True,,data\processed\initial_graph_coloring_dataset\colpack_outputs_week18_heterogeneous_generalization\week18_er_n80_p30_s3_dynamic_largest_first.txt
week18_er_n80_p30_s3,erdos_renyi,"G(80, 0.30)",generated,108303.0,num_vertices,80,edge_probability,0.3,week18_handcrafted_candidate,80,899,0.28449367088607597,1,1,colpack,greedy_coloring,INCIDENCE_DEGREE,11,0.0,,True,,data\processed\initial_graph_coloring_dataset\colpack_outputs_week18_heterogeneous_generalization\week18_er_n80_p30_s3_incidence_degree.txt
week18_er_n80_p30_s3,erdos_renyi,"G(80, 0.30)",generated,108303.0,num_vertices,80,edge_probability,0.3,week18_handcrafted_candidate,80,899,0.28449367088607597,1,1,colpack,greedy_coloring,SMALLEST_LAST,11,0.0,,True,,data\processed\initial_graph_coloring_dataset\colpack_outputs_week18_heterogeneous_generalization\week18_er_n80_p30_s3_smallest_last.txt
week18_er_n100_p06_s0,erdos_renyi,"G(100, 0.06)",generated,110060.0,num_vertices,100,edge_probability,0.06,week18_handcrafted_candidate,100,311,0.06282828282828283,1,1,colpack,greedy_coloring,NATURAL,5,0.0,,True,,data\processed\initial_graph_coloring_dataset\colpack_outputs_week18_heterogeneous_generalization\week18_er_n100_p06_s0_natural.txt
week18_er_n100_p06_s0,erdos_renyi,"G(100, 0.06)",generated,110060.0,num_vertices,100,edge_probability,0.06,week18_handcrafted_candidate,100,311,0.06282828282828283,1,1,colpack,greedy_coloring,LARGEST_FIRST,5,0.0,,True,,data\processed\initial_graph_coloring_dataset\colpack_outputs_week18_heterogeneous_generalization\week18_er_n100_p06_s0_largest_first.txt
week18_er_n100_p06_s0,erdos_renyi,"G(100, 0.06)",generated,110060.0,num_vertices,100,edge_probability,0.06,week18_handcrafted_candidate,100,311,0.06282828282828283,1,1,colpack,greedy_coloring,DYNAMIC_LARGEST_FIRST,5,0.0,,True,,data\processed\initial_graph_coloring_dataset\colpack_outputs_week18_heterogeneous_generalization\week18_er_n100_p06_s0_dynamic_largest_first.txt
week18_er_n100_p06_s0,erdos_renyi,"G(100, 0.06)",generated,110060.0,num_vertices,100,edge_probability,0.06,week18_handcrafted_candidate,100,311,0.06282828282828283,1,1,colpack,greedy_coloring,INCIDENCE_DEGREE,5,0.0,,True,,data\processed\initial_graph_coloring_dataset\colpack_outputs_week18_heterogeneous_generalization\week18_er_n100_p06_s0_incidence_degree.txt
week18_er_n100_p06_s0,erdos_renyi,"G(100, 0.06)",generated,110060.0,num_vertices,100,edge_probability,0.06,week18_handcrafted_candidate,100,311,0.06282828282828283,1,1,colpack,greedy_coloring,SMALLEST_LAST,5,0.0,,True,,data\processed\initial_graph_coloring_dataset\colpack_outputs_week18_heterogeneous_generalization\week18_er_n100_p06_s0_smallest_last.txt
week18_er_n100_p06_s1,erdos_renyi,"G(100, 0.06)",generated,110061.0,num_vertices,100,edge_probability,0.06,week18_handcrafted_candidate,100,294,0.059393939393939395,1,1,colpack,greedy_coloring,NATURAL,5,0.0,,True,,data\processed\initial_graph_coloring_dataset\colpack_outputs_week18_heterogeneous_generalization\week18_er_n100_p06_s1_natural.txt
week18_er_n100_p06_s1,erdos_renyi,"G(100, 0.06)",generated,110061.0,num_vertices,100,edge_probability,0.06,week18_handcrafted_candidate,100,294,0.059393939393939395,1,1,colpack,greedy_coloring,LARGEST_FIRST,5,0.0,,True,,data\processed\initial_graph_coloring_dataset\colpack_outputs_week18_heterogeneous_generalization\week18_er_n100_p06_s1_largest_first.txt
week18_er_n100_p06_s1,erdos_renyi,"G(100, 0.06)",generated,110061.0,num_vertices,100,edge_probability,0.06,week18_handcrafted_candidate,100,294,0.059393939393939395,1,1,colpack,greedy_coloring,DYNAMIC_LARGEST_FIRST,5,0.0,,True,,data\processed\initial_graph_coloring_dataset\colpack_outputs_week18_heterogeneous_generalization\week18_er_n100_p06_s1_dynamic_largest_first.txt
week18_er_n100_p06_s1,erdos_renyi,"G(100, 0.06)",generated,110061.0,num_vertices,100,edge_probability,0.06,week18_handcrafted_candidate,100,294,0.059393939393939395,1,1,colpack,greedy_coloring,INCIDENCE_DEGREE,6,0.0,,True,,data\processed\initial_graph_coloring_dataset\colpack_outputs_week18_heterogeneous_generalization\week18_er_n100_p06_s1_incidence_degree.txt
week18_er_n100_p06_s1,erdos_renyi,"G(100, 0.06)",generated,110061.0,num_vertices,100,edge_probability,0.06,week18_handcrafted_candidate,100,294,0.059393939393939395,1,1,colpack,greedy_coloring,SMALLEST_LAST,5,0.0,,True,,data\processed\initial_graph_coloring_dataset\colpack_outputs_week18_heterogeneous_generalization\week18_er_n100_p06_s1_smallest_last.txt
week18_er_n100_p06_s2,erdos_renyi,"G(100, 0.06)",generated,110062.0,num_vertices,100,edge_probability,0.06,week18_handcrafted_candidate,100,271,0.054747474747474746,2,1,colpack,greedy_coloring,NATURAL,6,0.0,,True,,data\processed\initial_graph_coloring_dataset\colpack_outputs_week18_heterogeneous_generalization\week18_er_n100_p06_s2_natural.txt
week18_er_n100_p06_s2,erdos_renyi,"G(100, 0.06)",generated,110062.0,num_vertices,100,edge_probability,0.06,week18_handcrafted_candidate,100,271,0.054747474747474746,2,1,colpack,greedy_coloring,LARGEST_FIRST,5,0.0,,True,,data\processed\initial_graph_coloring_dataset\colpack_outputs_week18_heterogeneous_generalization\week18_er_n100_p06_s2_largest_first.txt
week18_er_n100_p06_s2,erdos_renyi,"G(100, 0.06)",generated,110062.0,num_vertices,100,edge_probability,0.06,week18_handcrafted_candidate,100,271,0.054747474747474746,2,1,colpack,greedy_coloring,DYNAMIC_LARGEST_FIRST,5,0.0,,True,,data\processed\initial_graph_coloring_dataset\colpack_outputs_week18_heterogeneous_generalization\week18_er_n100_p06_s2_dynamic_largest_first.txt
week18_er_n100_p06_s2,erdos_renyi,"G(100, 0.06)",generated,110062.0,num_vertices,100,edge_probability,0.06,week18_handcrafted_candidate,100,271,0.054747474747474746,2,1,colpack,greedy_coloring,INCIDENCE_DEGREE,5,0.0,,True,,data\processed\initial_graph_coloring_dataset\colpack_outputs_week18_heterogeneous_generalization\week18_er_n100_p06_s2_incidence_degree.txt
week18_er_n100_p06_s2,erdos_renyi,"G(100, 0.06)",generated,110062.0,num_vertices,100,edge_probability,0.06,week18_handcrafted_candidate,100,271,0.054747474747474746,2,1,colpack,greedy_coloring,SMALLEST_LAST,5,0.001,,True,,data\processed\initial_graph_coloring_dataset\colpack_outputs_week18_heterogeneous_generalization\week18_er_n100_p06_s2_smallest_last.txt
week18_er_n100_p06_s3,erdos_renyi,"G(100, 0.06)",generated,110063.0,num_vertices,100,edge_probability,0.06,week18_handcrafted_candidate,100,287,0.05797979797979798,1,1,colpack,greedy_coloring,NATURAL,6,0.0,,True,,data\processed\initial_graph_coloring_dataset\colpack_outputs_week18_heterogeneous_generalization\week18_er_n100_p06_s3_natural.txt
week18_er_n100_p06_s3,erdos_renyi,"G(100, 0.06)",generated,110063.0,num_vertices,100,edge_probability,0.06,week18_handcrafted_candidate,100,287,0.05797979797979798,1,1,colpack,greedy_coloring,LARGEST_FIRST,5,0.0,,True,,data\processed\initial_graph_coloring_dataset\colpack_outputs_week18_heterogeneous_generalization\week18_er_n100_p06_s3_largest_first.txt
week18_er_n100_p06_s3,erdos_renyi,"G(100, 0.06)",generated,110063.0,num_vertices,100,edge_probability,0.06,week18_handcrafted_candidate,100,287,0.05797979797979798,1,1,colpack,greedy_coloring,DYNAMIC_LARGEST_FIRST,5,0.0,,True,,data\processed\initial_graph_coloring_dataset\colpack_outputs_week18_heterogeneous_generalization\week18_er_n100_p06_s3_dynamic_largest_first.txt
week18_er_n100_p06_s3,erdos_renyi,"G(100, 0.06)",generated,110063.0,num_vertices,100,edge_probability,0.06,week18_handcrafted_candidate,100,287,0.05797979797979798,1,1,colpack,greedy_coloring,INCIDENCE_DEGREE,5,0.0,,True,,data\processed\initial_graph_coloring_dataset\colpack_outputs_week18_heterogeneous_generalization\week18_er_n100_p06_s3_incidence_degree.txt
week18_er_n100_p06_s3,erdos_renyi,"G(100, 0.06)",generated,110063.0,num_vertices,100,edge_probability,0.06,week18_handcrafted_candidate,100,287,0.05797979797979798,1,1,colpack,greedy_coloring,SMALLEST_LAST,5,0.0,,True,,data\processed\initial_graph_coloring_dataset\colpack_outputs_week18_heterogeneous_generalization\week18_er_n100_p06_s3_smallest_last.txt
week18_er_n100_p09_s0,erdos_renyi,"G(100, 0.09)",generated,110090.0,num_vertices,100,edge_probability,0.09,week18_handcrafted_candidate,100,451,0.09111111111111111,1,1,colpack,greedy_coloring,NATURAL,6,0.0,,True,,data\processed\initial_graph_coloring_dataset\colpack_outputs_week18_heterogeneous_generalization\week18_er_n100_p09_s0_natural.txt
week18_er_n100_p09_s0,erdos_renyi,"G(100, 0.09)",generated,110090.0,num_vertices,100,edge_probability,0.09,week18_handcrafted_candidate,100,451,0.09111111111111111,1,1,colpack,greedy_coloring,LARGEST_FIRST,6,0.0,,True,,data\processed\initial_graph_coloring_dataset\colpack_outputs_week18_heterogeneous_generalization\week18_er_n100_p09_s0_largest_first.txt
week18_er_n100_p09_s0,erdos_renyi,"G(100, 0.09)",generated,110090.0,num_vertices,100,edge_probability,0.09,week18_handcrafted_candidate,100,451,0.09111111111111111,1,1,colpack,greedy_coloring,DYNAMIC_LARGEST_FIRST,6,0.0,,True,,data\processed\initial_graph_coloring_dataset\colpack_outputs_week18_heterogeneous_generalization\week18_er_n100_p09_s0_dynamic_largest_first.txt
week18_er_n100_p09_s0,erdos_renyi,"G(100, 0.09)",generated,110090.0,num_vertices,100,edge_probability,0.09,week18_handcrafted_candidate,100,451,0.09111111111111111,1,1,colpack,greedy_coloring,INCIDENCE_DEGREE,6,0.0,,True,,data\processed\initial_graph_coloring_dataset\colpack_outputs_week18_heterogeneous_generalization\week18_er_n100_p09_s0_incidence_degree.txt
week18_er_n100_p09_s0,erdos_renyi,"G(100, 0.09)",generated,110090.0,num_vertices,100,edge_probability,0.09,week18_handcrafted_candidate,100,451,0.09111111111111111,1,1,colpack,greedy_coloring,SMALLEST_LAST,6,0.0,,True,,data\processed\initial_graph_coloring_dataset\colpack_outputs_week18_heterogeneous_generalization\week18_er_n100_p09_s0_smallest_last.txt
week18_er_n100_p09_s1,erdos_renyi,"G(100, 0.09)",generated,110091.0,num_vertices,100,edge_probability,0.09,week18_handcrafted_candidate,100,471,0.09515151515151515,1,1,colpack,greedy_coloring,NATURAL,7,0.0,,True,,data\processed\initial_graph_coloring_dataset\colpack_outputs_week18_heterogeneous_generalization\week18_er_n100_p09_s1_natural.txt
week18_er_n100_p09_s1,erdos_renyi,"G(100, 0.09)",generated,110091.0,num_vertices,100,edge_probability,0.09,week18_handcrafted_candidate,100,471,0.09515151515151515,1,1,colpack,greedy_coloring,LARGEST_FIRST,6,0.0,,True,,data\processed\initial_graph_coloring_dataset\colpack_outputs_week18_heterogeneous_generalization\week18_er_n100_p09_s1_largest_first.txt
week18_er_n100_p09_s1,erdos_renyi,"G(100, 0.09)",generated,110091.0,num_vertices,100,edge_probability,0.09,week18_handcrafted_candidate,100,471,0.09515151515151515,1,1,colpack,greedy_coloring,DYNAMIC_LARGEST_FIRST,6,0.0,,True,,data\processed\initial_graph_coloring_dataset\colpack_outputs_week18_heterogeneous_generalization\week18_er_n100_p09_s1_dynamic_largest_first.txt
week18_er_n100_p09_s1,erdos_renyi,"G(100, 0.09)",generated,110091.0,num_vertices,100,edge_probability,0.09,week18_handcrafted_candidate,100,471,0.09515151515151515,1,1,colpack,greedy_coloring,INCIDENCE_DEGREE,6,0.0,,True,,data\processed\initial_graph_coloring_dataset\colpack_outputs_week18_heterogeneous_generalization\week18_er_n100_p09_s1_incidence_degree.txt
week18_er_n100_p09_s1,erdos_renyi,"G(100, 0.09)",generated,110091.0,num_vertices,100,edge_probability,0.09,week18_handcrafted_candidate,100,471,0.09515151515151515,1,1,colpack,greedy_coloring,SMALLEST_LAST,6,0.0,,True,,data\processed\initial_graph_coloring_dataset\colpack_outputs_week18_heterogeneous_generalization\week18_er_n100_p09_s1_smallest_last.txt
week18_er_n100_p09_s2,erdos_renyi,"G(100, 0.09)",generated,110092.0,num_vertices,100,edge_probability,0.09,week18_handcrafted_candidate,100,459,0.09272727272727273,1,1,colpack,greedy_coloring,NATURAL,7,0.0,,True,,data\processed\initial_graph_coloring_dataset\colpack_outputs_week18_heterogeneous_generalization\week18_er_n100_p09_s2_natural.txt
week18_er_n100_p09_s2,erdos_renyi,"G(100, 0.09)",generated,110092.0,num_vertices,100,edge_probability,0.09,week18_handcrafted_candidate,100,459,0.09272727272727273,1,1,colpack,greedy_coloring,LARGEST_FIRST,6,0.0,,True,,data\processed\initial_graph_coloring_dataset\colpack_outputs_week18_heterogeneous_generalization\week18_er_n100_p09_s2_largest_first.txt
week18_er_n100_p09_s2,erdos_renyi,"G(100, 0.09)",generated,110092.0,num_vertices,100,edge_probability,0.09,week18_handcrafted_candidate,100,459,0.09272727272727273,1,1,colpack,greedy_coloring,DYNAMIC_LARGEST_FIRST,6,0.0,,True,,data\processed\initial_graph_coloring_dataset\colpack_outputs_week18_heterogeneous_generalization\week18_er_n100_p09_s2_dynamic_largest_first.txt
week18_er_n100_p09_s2,erdos_renyi,"G(100, 0.09)",generated,110092.0,num_vertices,100,edge_probability,0.09,week18_handcrafted_candidate,100,459,0.09272727272727273,1,1,colpack,greedy_coloring,INCIDENCE_DEGREE,6,0.0,,True,,data\processed\initial_graph_coloring_dataset\colpack_outputs_week18_heterogeneous_generalization\week18_er_n100_p09_s2_incidence_degree.txt
week18_er_n100_p09_s2,erdos_renyi,"G(100, 0.09)",generated,110092.0,num_vertices,100,edge_probability,0.09,week18_handcrafted_candidate,100,459,0.09272727272727273,1,1,colpack,greedy_coloring,SMALLEST_LAST,6,0.0,,True,,data\processed\initial_graph_coloring_dataset\colpack_outputs_week18_heterogeneous_generalization\week18_er_n100_p09_s2_smallest_last.txt
week18_er_n100_p09_s3,erdos_renyi,"G(100, 0.09)",generated,110093.0,num_vertices,100,edge_probability,0.09,week18_handcrafted_candidate,100,457,0.09232323232323232,1,1,colpack,greedy_coloring,NATURAL,7,0.0,,True,,data\processed\initial_graph_coloring_dataset\colpack_outputs_week18_heterogeneous_generalization\week18_er_n100_p09_s3_natural.txt
week18_er_n100_p09_s3,erdos_renyi,"G(100, 0.09)",generated,110093.0,num_vertices,100,edge_probability,0.09,week18_handcrafted_candidate,100,457,0.09232323232323232,1,1,colpack,greedy_coloring,LARGEST_FIRST,6,0.0,,True,,data\processed\initial_graph_coloring_dataset\colpack_outputs_week18_heterogeneous_generalization\week18_er_n100_p09_s3_largest_first.txt
week18_er_n100_p09_s3,erdos_renyi,"G(100, 0.09)",generated,110093.0,num_vertices,100,edge_probability,0.09,week18_handcrafted_candidate,100,457,0.09232323232323232,1,1,colpack,greedy_coloring,DYNAMIC_LARGEST_FIRST,6,0.0,,True,,data\processed\initial_graph_coloring_dataset\colpack_outputs_week18_heterogeneous_generalization\week18_er_n100_p09_s3_dynamic_largest_first.txt
week18_er_n100_p09_s3,erdos_renyi,"G(100, 0.09)",generated,110093.0,num_vertices,100,edge_probability,0.09,week18_handcrafted_candidate,100,457,0.09232323232323232,1,1,colpack,greedy_coloring,INCIDENCE_DEGREE,6,0.0,,True,,data\processed\initial_graph_coloring_dataset\colpack_outputs_week18_heterogeneous_generalization\week18_er_n100_p09_s3_incidence_degree.txt
week18_er_n100_p09_s3,erdos_renyi,"G(100, 0.09)",generated,110093.0,num_vertices,100,edge_probability,0.09,week18_handcrafted_candidate,100,457,0.09232323232323232,1,1,colpack,greedy_coloring,SMALLEST_LAST,6,0.0,,True,,data\processed\initial_graph_coloring_dataset\colpack_outputs_week18_heterogeneous_generalization\week18_er_n100_p09_s3_smallest_last.txt
week18_er_n100_p12_s0,erdos_renyi,"G(100, 0.12)",generated,110120.0,num_vertices,100,edge_probability,0.12,week18_handcrafted_candidate,100,625,0.12626262626262627,1,1,colpack,greedy_coloring,NATURAL,9,0.0,,True,,data\processed\initial_graph_coloring_dataset\colpack_outputs_week18_heterogeneous_generalization\week18_er_n100_p12_s0_natural.txt
week18_er_n100_p12_s0,erdos_renyi,"G(100, 0.12)",generated,110120.0,num_vertices,100,edge_probability,0.12,week18_handcrafted_candidate,100,625,0.12626262626262627,1,1,colpack,greedy_coloring,LARGEST_FIRST,7,0.0,,True,,data\processed\initial_graph_coloring_dataset\colpack_outputs_week18_heterogeneous_generalization\week18_er_n100_p12_s0_largest_first.txt
week18_er_n100_p12_s0,erdos_renyi,"G(100, 0.12)",generated,110120.0,num_vertices,100,edge_probability,0.12,week18_handcrafted_candidate,100,625,0.12626262626262627,1,1,colpack,greedy_coloring,DYNAMIC_LARGEST_FIRST,7,0.0,,True,,data\processed\initial_graph_coloring_dataset\colpack_outputs_week18_heterogeneous_generalization\week18_er_n100_p12_s0_dynamic_largest_first.txt
week18_er_n100_p12_s0,erdos_renyi,"G(100, 0.12)",generated,110120.0,num_vertices,100,edge_probability,0.12,week18_handcrafted_candidate,100,625,0.12626262626262627,1,1,colpack,greedy_coloring,INCIDENCE_DEGREE,7,0.0,,True,,data\processed\initial_graph_coloring_dataset\colpack_outputs_week18_heterogeneous_generalization\week18_er_n100_p12_s0_incidence_degree.txt
week18_er_n100_p12_s0,erdos_renyi,"G(100, 0.12)",generated,110120.0,num_vertices,100,edge_probability,0.12,week18_handcrafted_candidate,100,625,0.12626262626262627,1,1,colpack,greedy_coloring,SMALLEST_LAST,8,0.0,,True,,data\processed\initial_graph_coloring_dataset\colpack_outputs_week18_heterogeneous_generalization\week18_er_n100_p12_s0_smallest_last.txt
week18_er_n100_p12_s1,erdos_renyi,"G(100, 0.12)",generated,110121.0,num_vertices,100,edge_probability,0.12,week18_handcrafted_candidate,100,579,0.11696969696969697,1,1,colpack,greedy_coloring,NATURAL,8,0.0,,True,,data\processed\initial_graph_coloring_dataset\colpack_outputs_week18_heterogeneous_generalization\week18_er_n100_p12_s1_natural.txt
week18_er_n100_p12_s1,erdos_renyi,"G(100, 0.12)",generated,110121.0,num_vertices,100,edge_probability,0.12,week18_handcrafted_candidate,100,579,0.11696969696969697,1,1,colpack,greedy_coloring,LARGEST_FIRST,7,0.0,,True,,data\processed\initial_graph_coloring_dataset\colpack_outputs_week18_heterogeneous_generalization\week18_er_n100_p12_s1_largest_first.txt
week18_er_n100_p12_s1,erdos_renyi,"G(100, 0.12)",generated,110121.0,num_vertices,100,edge_probability,0.12,week18_handcrafted_candidate,100,579,0.11696969696969697,1,1,colpack,greedy_coloring,DYNAMIC_LARGEST_FIRST,7,0.0,,True,,data\processed\initial_graph_coloring_dataset\colpack_outputs_week18_heterogeneous_generalization\week18_er_n100_p12_s1_dynamic_largest_first.txt
week18_er_n100_p12_s1,erdos_renyi,"G(100, 0.12)",generated,110121.0,num_vertices,100,edge_probability,0.12,week18_handcrafted_candidate,100,579,0.11696969696969697,1,1,colpack,greedy_coloring,INCIDENCE_DEGREE,7,0.0,,True,,data\processed\initial_graph_coloring_dataset\colpack_outputs_week18_heterogeneous_generalization\week18_er_n100_p12_s1_incidence_degree.txt
week18_er_n100_p12_s1,erdos_renyi,"G(100, 0.12)",generated,110121.0,num_vertices,100,edge_probability,0.12,week18_handcrafted_candidate,100,579,0.11696969696969697,1,1,colpack,greedy_coloring,SMALLEST_LAST,7,0.0,,True,,data\processed\initial_graph_coloring_dataset\colpack_outputs_week18_heterogeneous_generalization\week18_er_n100_p12_s1_smallest_last.txt
week18_er_n100_p12_s2,erdos_renyi,"G(100, 0.12)",generated,110122.0,num_vertices,100,edge_probability,0.12,week18_handcrafted_candidate,100,581,0.11737373737373738,1,1,colpack,greedy_coloring,NATURAL,8,0.0,,True,,data\processed\initial_graph_coloring_dataset\colpack_outputs_week18_heterogeneous_generalization\week18_er_n100_p12_s2_natural.txt
week18_er_n100_p12_s2,erdos_renyi,"G(100, 0.12)",generated,110122.0,num_vertices,100,edge_probability,0.12,week18_handcrafted_candidate,100,581,0.11737373737373738,1,1,colpack,greedy_coloring,LARGEST_FIRST,7,0.0,,True,,data\processed\initial_graph_coloring_dataset\colpack_outputs_week18_heterogeneous_generalization\week18_er_n100_p12_s2_largest_first.txt
week18_er_n100_p12_s2,erdos_renyi,"G(100, 0.12)",generated,110122.0,num_vertices,100,edge_probability,0.12,week18_handcrafted_candidate,100,581,0.11737373737373738,1,1,colpack,greedy_coloring,DYNAMIC_LARGEST_FIRST,7,0.0,,True,,data\processed\initial_graph_coloring_dataset\colpack_outputs_week18_heterogeneous_generalization\week18_er_n100_p12_s2_dynamic_largest_first.txt
week18_er_n100_p12_s2,erdos_renyi,"G(100, 0.12)",generated,110122.0,num_vertices,100,edge_probability,0.12,week18_handcrafted_candidate,100,581,0.11737373737373738,1,1,colpack,greedy_coloring,INCIDENCE_DEGREE,7,0.0,,True,,data\processed\initial_graph_coloring_dataset\colpack_outputs_week18_heterogeneous_generalization\week18_er_n100_p12_s2_incidence_degree.txt
week18_er_n100_p12_s2,erdos_renyi,"G(100, 0.12)",generated,110122.0,num_vertices,100,edge_probability,0.12,week18_handcrafted_candidate,100,581,0.11737373737373738,1,1,colpack,greedy_coloring,SMALLEST_LAST,7,0.0,,True,,data\processed\initial_graph_coloring_dataset\colpack_outputs_week18_heterogeneous_generalization\week18_er_n100_p12_s2_smallest_last.txt
week18_er_n100_p12_s3,erdos_renyi,"G(100, 0.12)",generated,110123.0,num_vertices,100,edge_probability,0.12,week18_handcrafted_candidate,100,614,0.12404040404040403,1,1,colpack,greedy_coloring,NATURAL,9,0.0,,True,,data\processed\initial_graph_coloring_dataset\colpack_outputs_week18_heterogeneous_generalization\week18_er_n100_p12_s3_natural.txt
week18_er_n100_p12_s3,erdos_renyi,"G(100, 0.12)",generated,110123.0,num_vertices,100,edge_probability,0.12,week18_handcrafted_candidate,100,614,0.12404040404040403,1,1,colpack,greedy_coloring,LARGEST_FIRST,8,0.0,,True,,data\processed\initial_graph_coloring_dataset\colpack_outputs_week18_heterogeneous_generalization\week18_er_n100_p12_s3_largest_first.txt
week18_er_n100_p12_s3,erdos_renyi,"G(100, 0.12)",generated,110123.0,num_vertices,100,edge_probability,0.12,week18_handcrafted_candidate,100,614,0.12404040404040403,1,1,colpack,greedy_coloring,DYNAMIC_LARGEST_FIRST,7,0.0,,True,,data\processed\initial_graph_coloring_dataset\colpack_outputs_week18_heterogeneous_generalization\week18_er_n100_p12_s3_dynamic_largest_first.txt
week18_er_n100_p12_s3,erdos_renyi,"G(100, 0.12)",generated,110123.0,num_vertices,100,edge_probability,0.12,week18_handcrafted_candidate,100,614,0.12404040404040403,1,1,colpack,greedy_coloring,INCIDENCE_DEGREE,8,0.0,,True,,data\processed\initial_graph_coloring_dataset\colpack_outputs_week18_heterogeneous_generalization\week18_er_n100_p12_s3_incidence_degree.txt
week18_er_n100_p12_s3,erdos_renyi,"G(100, 0.12)",generated,110123.0,num_vertices,100,edge_probability,0.12,week18_handcrafted_candidate,100,614,0.12404040404040403,1,1,colpack,greedy_coloring,SMALLEST_LAST,8,0.0,,True,,data\processed\initial_graph_coloring_dataset\colpack_outputs_week18_heterogeneous_generalization\week18_er_n100_p12_s3_smallest_last.txt
week18_er_n100_p16_s0,erdos_renyi,"G(100, 0.16)",generated,110160.0,num_vertices,100,edge_probability,0.16,week18_handcrafted_candidate,100,755,0.15252525252525254,1,1,colpack,greedy_coloring,NATURAL,10,0.0,,True,,data\processed\initial_graph_coloring_dataset\colpack_outputs_week18_heterogeneous_generalization\week18_er_n100_p16_s0_natural.txt
week18_er_n100_p16_s0,erdos_renyi,"G(100, 0.16)",generated,110160.0,num_vertices,100,edge_probability,0.16,week18_handcrafted_candidate,100,755,0.15252525252525254,1,1,colpack,greedy_coloring,LARGEST_FIRST,9,0.0,,True,,data\processed\initial_graph_coloring_dataset\colpack_outputs_week18_heterogeneous_generalization\week18_er_n100_p16_s0_largest_first.txt
week18_er_n100_p16_s0,erdos_renyi,"G(100, 0.16)",generated,110160.0,num_vertices,100,edge_probability,0.16,week18_handcrafted_candidate,100,755,0.15252525252525254,1,1,colpack,greedy_coloring,DYNAMIC_LARGEST_FIRST,8,0.001,,True,,data\processed\initial_graph_coloring_dataset\colpack_outputs_week18_heterogeneous_generalization\week18_er_n100_p16_s0_dynamic_largest_first.txt
week18_er_n100_p16_s0,erdos_renyi,"G(100, 0.16)",generated,110160.0,num_vertices,100,edge_probability,0.16,week18_handcrafted_candidate,100,755,0.15252525252525254,1,1,colpack,greedy_coloring,INCIDENCE_DEGREE,9,0.001,,True,,data\processed\initial_graph_coloring_dataset\colpack_outputs_week18_heterogeneous_generalization\week18_er_n100_p16_s0_incidence_degree.txt
week18_er_n100_p16_s0,erdos_renyi,"G(100, 0.16)",generated,110160.0,num_vertices,100,edge_probability,0.16,week18_handcrafted_candidate,100,755,0.15252525252525254,1,1,colpack,greedy_coloring,SMALLEST_LAST,8,0.0,,True,,data\processed\initial_graph_coloring_dataset\colpack_outputs_week18_heterogeneous_generalization\week18_er_n100_p16_s0_smallest_last.txt
week18_er_n100_p16_s1,erdos_renyi,"G(100, 0.16)",generated,110161.0,num_vertices,100,edge_probability,0.16,week18_handcrafted_candidate,100,787,0.158989898989899,1,1,colpack,greedy_coloring,NATURAL,9,0.0,,True,,data\processed\initial_graph_coloring_dataset\colpack_outputs_week18_heterogeneous_generalization\week18_er_n100_p16_s1_natural.txt
week18_er_n100_p16_s1,erdos_renyi,"G(100, 0.16)",generated,110161.0,num_vertices,100,edge_probability,0.16,week18_handcrafted_candidate,100,787,0.158989898989899,1,1,colpack,greedy_coloring,LARGEST_FIRST,9,0.0,,True,,data\processed\initial_graph_coloring_dataset\colpack_outputs_week18_heterogeneous_generalization\week18_er_n100_p16_s1_largest_first.txt
week18_er_n100_p16_s1,erdos_renyi,"G(100, 0.16)",generated,110161.0,num_vertices,100,edge_probability,0.16,week18_handcrafted_candidate,100,787,0.158989898989899,1,1,colpack,greedy_coloring,DYNAMIC_LARGEST_FIRST,8,0.0,,True,,data\processed\initial_graph_coloring_dataset\colpack_outputs_week18_heterogeneous_generalization\week18_er_n100_p16_s1_dynamic_largest_first.txt
week18_er_n100_p16_s1,erdos_renyi,"G(100, 0.16)",generated,110161.0,num_vertices,100,edge_probability,0.16,week18_handcrafted_candidate,100,787,0.158989898989899,1,1,colpack,greedy_coloring,INCIDENCE_DEGREE,8,0.0,,True,,data\processed\initial_graph_coloring_dataset\colpack_outputs_week18_heterogeneous_generalization\week18_er_n100_p16_s1_incidence_degree.txt
week18_er_n100_p16_s1,erdos_renyi,"G(100, 0.16)",generated,110161.0,num_vertices,100,edge_probability,0.16,week18_handcrafted_candidate,100,787,0.158989898989899,1,1,colpack,greedy_coloring,SMALLEST_LAST,9,0.0,,True,,data\processed\initial_graph_coloring_dataset\colpack_outputs_week18_heterogeneous_generalization\week18_er_n100_p16_s1_smallest_last.txt
week18_er_n100_p16_s2,erdos_renyi,"G(100, 0.16)",generated,110162.0,num_vertices,100,edge_probability,0.16,week18_handcrafted_candidate,100,754,0.15232323232323233,1,1,colpack,greedy_coloring,NATURAL,9,0.0,,True,,data\processed\initial_graph_coloring_dataset\colpack_outputs_week18_heterogeneous_generalization\week18_er_n100_p16_s2_natural.txt
week18_er_n100_p16_s2,erdos_renyi,"G(100, 0.16)",generated,110162.0,num_vertices,100,edge_probability,0.16,week18_handcrafted_candidate,100,754,0.15232323232323233,1,1,colpack,greedy_coloring,LARGEST_FIRST,8,0.0,,True,,data\processed\initial_graph_coloring_dataset\colpack_outputs_week18_heterogeneous_generalization\week18_er_n100_p16_s2_largest_first.txt
week18_er_n100_p16_s2,erdos_renyi,"G(100, 0.16)",generated,110162.0,num_vertices,100,edge_probability,0.16,week18_handcrafted_candidate,100,754,0.15232323232323233,1,1,colpack,greedy_coloring,DYNAMIC_LARGEST_FIRST,8,0.0,,True,,data\processed\initial_graph_coloring_dataset\colpack_outputs_week18_heterogeneous_generalization\week18_er_n100_p16_s2_dynamic_largest_first.txt
week18_er_n100_p16_s2,erdos_renyi,"G(100, 0.16)",generated,110162.0,num_vertices,100,edge_probability,0.16,week18_handcrafted_candidate,100,754,0.15232323232323233,1,1,colpack,greedy_coloring,INCIDENCE_DEGREE,8,0.0,,True,,data\processed\initial_graph_coloring_dataset\colpack_outputs_week18_heterogeneous_generalization\week18_er_n100_p16_s2_incidence_degree.txt
week18_er_n100_p16_s2,erdos_renyi,"G(100, 0.16)",generated,110162.0,num_vertices,100,edge_probability,0.16,week18_handcrafted_candidate,100,754,0.15232323232323233,1,1,colpack,greedy_coloring,SMALLEST_LAST,8,0.0,,True,,data\processed\initial_graph_coloring_dataset\colpack_outputs_week18_heterogeneous_generalization\week18_er_n100_p16_s2_smallest_last.txt
week18_er_n100_p16_s3,erdos_renyi,"G(100, 0.16)",generated,110163.0,num_vertices,100,edge_probability,0.16,week18_handcrafted_candidate,100,830,0.16767676767676767,1,1,colpack,greedy_coloring,NATURAL,11,0.0,,True,,data\processed\initial_graph_coloring_dataset\colpack_outputs_week18_heterogeneous_generalization\week18_er_n100_p16_s3_natural.txt
week18_er_n100_p16_s3,erdos_renyi,"G(100, 0.16)",generated,110163.0,num_vertices,100,edge_probability,0.16,week18_handcrafted_candidate,100,830,0.16767676767676767,1,1,colpack,greedy_coloring,LARGEST_FIRST,8,0.0,,True,,data\processed\initial_graph_coloring_dataset\colpack_outputs_week18_heterogeneous_generalization\week18_er_n100_p16_s3_largest_first.txt
week18_er_n100_p16_s3,erdos_renyi,"G(100, 0.16)",generated,110163.0,num_vertices,100,edge_probability,0.16,week18_handcrafted_candidate,100,830,0.16767676767676767,1,1,colpack,greedy_coloring,DYNAMIC_LARGEST_FIRST,8,0.001,,True,,data\processed\initial_graph_coloring_dataset\colpack_outputs_week18_heterogeneous_generalization\week18_er_n100_p16_s3_dynamic_largest_first.txt
week18_er_n100_p16_s3,erdos_renyi,"G(100, 0.16)",generated,110163.0,num_vertices,100,edge_probability,0.16,week18_handcrafted_candidate,100,830,0.16767676767676767,1,1,colpack,greedy_coloring,INCIDENCE_DEGREE,8,0.0,,True,,data\processed\initial_graph_coloring_dataset\colpack_outputs_week18_heterogeneous_generalization\week18_er_n100_p16_s3_incidence_degree.txt
week18_er_n100_p16_s3,erdos_renyi,"G(100, 0.16)",generated,110163.0,num_vertices,100,edge_probability,0.16,week18_handcrafted_candidate,100,830,0.16767676767676767,1,1,colpack,greedy_coloring,SMALLEST_LAST,9,0.0,,True,,data\processed\initial_graph_coloring_dataset\colpack_outputs_week18_heterogeneous_generalization\week18_er_n100_p16_s3_smallest_last.txt
week18_er_n100_p22_s0,erdos_renyi,"G(100, 0.22)",generated,110220.0,num_vertices,100,edge_probability,0.22,week18_handcrafted_candidate,100,1119,0.22606060606060607,1,1,colpack,greedy_coloring,NATURAL,12,0.001,,True,,data\processed\initial_graph_coloring_dataset\colpack_outputs_week18_heterogeneous_generalization\week18_er_n100_p22_s0_natural.txt
week18_er_n100_p22_s0,erdos_renyi,"G(100, 0.22)",generated,110220.0,num_vertices,100,edge_probability,0.22,week18_handcrafted_candidate,100,1119,0.22606060606060607,1,1,colpack,greedy_coloring,LARGEST_FIRST,11,0.0,,True,,data\processed\initial_graph_coloring_dataset\colpack_outputs_week18_heterogeneous_generalization\week18_er_n100_p22_s0_largest_first.txt
week18_er_n100_p22_s0,erdos_renyi,"G(100, 0.22)",generated,110220.0,num_vertices,100,edge_probability,0.22,week18_handcrafted_candidate,100,1119,0.22606060606060607,1,1,colpack,greedy_coloring,DYNAMIC_LARGEST_FIRST,10,0.0,,True,,data\processed\initial_graph_coloring_dataset\colpack_outputs_week18_heterogeneous_generalization\week18_er_n100_p22_s0_dynamic_largest_first.txt
week18_er_n100_p22_s0,erdos_renyi,"G(100, 0.22)",generated,110220.0,num_vertices,100,edge_probability,0.22,week18_handcrafted_candidate,100,1119,0.22606060606060607,1,1,colpack,greedy_coloring,INCIDENCE_DEGREE,10,0.0,,True,,data\processed\initial_graph_coloring_dataset\colpack_outputs_week18_heterogeneous_generalization\week18_er_n100_p22_s0_incidence_degree.txt
week18_er_n100_p22_s0,erdos_renyi,"G(100, 0.22)",generated,110220.0,num_vertices,100,edge_probability,0.22,week18_handcrafted_candidate,100,1119,0.22606060606060607,1,1,colpack,greedy_coloring,SMALLEST_LAST,11,0.0,,True,,data\processed\initial_graph_coloring_dataset\colpack_outputs_week18_heterogeneous_generalization\week18_er_n100_p22_s0_smallest_last.txt
week18_er_n100_p22_s1,erdos_renyi,"G(100, 0.22)",generated,110221.0,num_vertices,100,edge_probability,0.22,week18_handcrafted_candidate,100,1081,0.21838383838383837,1,1,colpack,greedy_coloring,NATURAL,12,0.0,,True,,data\processed\initial_graph_coloring_dataset\colpack_outputs_week18_heterogeneous_generalization\week18_er_n100_p22_s1_natural.txt
week18_er_n100_p22_s1,erdos_renyi,"G(100, 0.22)",generated,110221.0,num_vertices,100,edge_probability,0.22,week18_handcrafted_candidate,100,1081,0.21838383838383837,1,1,colpack,greedy_coloring,LARGEST_FIRST,11,0.001,,True,,data\processed\initial_graph_coloring_dataset\colpack_outputs_week18_heterogeneous_generalization\week18_er_n100_p22_s1_largest_first.txt
week18_er_n100_p22_s1,erdos_renyi,"G(100, 0.22)",generated,110221.0,num_vertices,100,edge_probability,0.22,week18_handcrafted_candidate,100,1081,0.21838383838383837,1,1,colpack,greedy_coloring,DYNAMIC_LARGEST_FIRST,10,0.0,,True,,data\processed\initial_graph_coloring_dataset\colpack_outputs_week18_heterogeneous_generalization\week18_er_n100_p22_s1_dynamic_largest_first.txt
week18_er_n100_p22_s1,erdos_renyi,"G(100, 0.22)",generated,110221.0,num_vertices,100,edge_probability,0.22,week18_handcrafted_candidate,100,1081,0.21838383838383837,1,1,colpack,greedy_coloring,INCIDENCE_DEGREE,10,0.0,,True,,data\processed\initial_graph_coloring_dataset\colpack_outputs_week18_heterogeneous_generalization\week18_er_n100_p22_s1_incidence_degree.txt
week18_er_n100_p22_s1,erdos_renyi,"G(100, 0.22)",generated,110221.0,num_vertices,100,edge_probability,0.22,week18_handcrafted_candidate,100,1081,0.21838383838383837,1,1,colpack,greedy_coloring,SMALLEST_LAST,10,0.0,,True,,data\processed\initial_graph_coloring_dataset\colpack_outputs_week18_heterogeneous_generalization\week18_er_n100_p22_s1_smallest_last.txt
week18_er_n100_p22_s2,erdos_renyi,"G(100, 0.22)",generated,110222.0,num_vertices,100,edge_probability,0.22,week18_handcrafted_candidate,100,1110,0.22424242424242424,1,1,colpack,greedy_coloring,NATURAL,12,0.0,,True,,data\processed\initial_graph_coloring_dataset\colpack_outputs_week18_heterogeneous_generalization\week18_er_n100_p22_s2_natural.txt
week18_er_n100_p22_s2,erdos_renyi,"G(100, 0.22)",generated,110222.0,num_vertices,100,edge_probability,0.22,week18_handcrafted_candidate,100,1110,0.22424242424242424,1,1,colpack,greedy_coloring,LARGEST_FIRST,11,0.0,,True,,data\processed\initial_graph_coloring_dataset\colpack_outputs_week18_heterogeneous_generalization\week18_er_n100_p22_s2_largest_first.txt
week18_er_n100_p22_s2,erdos_renyi,"G(100, 0.22)",generated,110222.0,num_vertices,100,edge_probability,0.22,week18_handcrafted_candidate,100,1110,0.22424242424242424,1,1,colpack,greedy_coloring,DYNAMIC_LARGEST_FIRST,10,0.0,,True,,data\processed\initial_graph_coloring_dataset\colpack_outputs_week18_heterogeneous_generalization\week18_er_n100_p22_s2_dynamic_largest_first.txt
week18_er_n100_p22_s2,erdos_renyi,"G(100, 0.22)",generated,110222.0,num_vertices,100,edge_probability,0.22,week18_handcrafted_candidate,100,1110,0.22424242424242424,1,1,colpack,greedy_coloring,INCIDENCE_DEGREE,12,0.0,,True,,data\processed\initial_graph_coloring_dataset\colpack_outputs_week18_heterogeneous_generalization\week18_er_n100_p22_s2_incidence_degree.txt
week18_er_n100_p22_s2,erdos_renyi,"G(100, 0.22)",generated,110222.0,num_vertices,100,edge_probability,0.22,week18_handcrafted_candidate,100,1110,0.22424242424242424,1,1,colpack,greedy_coloring,SMALLEST_LAST,11,0.0,,True,,data\processed\initial_graph_coloring_dataset\colpack_outputs_week18_heterogeneous_generalization\week18_er_n100_p22_s2_smallest_last.txt
week18_er_n100_p22_s3,erdos_renyi,"G(100, 0.22)",generated,110223.0,num_vertices,100,edge_probability,0.22,week18_handcrafted_candidate,100,1141,0.23050505050505052,1,1,colpack,greedy_coloring,NATURAL,12,0.0,,True,,data\processed\initial_graph_coloring_dataset\colpack_outputs_week18_heterogeneous_generalization\week18_er_n100_p22_s3_natural.txt
week18_er_n100_p22_s3,erdos_renyi,"G(100, 0.22)",generated,110223.0,num_vertices,100,edge_probability,0.22,week18_handcrafted_candidate,100,1141,0.23050505050505052,1,1,colpack,greedy_coloring,LARGEST_FIRST,11,0.0,,True,,data\processed\initial_graph_coloring_dataset\colpack_outputs_week18_heterogeneous_generalization\week18_er_n100_p22_s3_largest_first.txt
week18_er_n100_p22_s3,erdos_renyi,"G(100, 0.22)",generated,110223.0,num_vertices,100,edge_probability,0.22,week18_handcrafted_candidate,100,1141,0.23050505050505052,1,1,colpack,greedy_coloring,DYNAMIC_LARGEST_FIRST,10,0.0,,True,,data\processed\initial_graph_coloring_dataset\colpack_outputs_week18_heterogeneous_generalization\week18_er_n100_p22_s3_dynamic_largest_first.txt
week18_er_n100_p22_s3,erdos_renyi,"G(100, 0.22)",generated,110223.0,num_vertices,100,edge_probability,0.22,week18_handcrafted_candidate,100,1141,0.23050505050505052,1,1,colpack,greedy_coloring,INCIDENCE_DEGREE,11,0.0,,True,,data\processed\initial_graph_coloring_dataset\colpack_outputs_week18_heterogeneous_generalization\week18_er_n100_p22_s3_incidence_degree.txt
week18_er_n100_p22_s3,erdos_renyi,"G(100, 0.22)",generated,110223.0,num_vertices,100,edge_probability,0.22,week18_handcrafted_candidate,100,1141,0.23050505050505052,1,1,colpack,greedy_coloring,SMALLEST_LAST,12,0.0,,True,,data\processed\initial_graph_coloring_dataset\colpack_outputs_week18_heterogeneous_generalization\week18_er_n100_p22_s3_smallest_last.txt
week18_er_n100_p30_s0,erdos_renyi,"G(100, 0.30)",generated,110300.0,num_vertices,100,edge_probability,0.3,week18_handcrafted_candidate,100,1520,0.30707070707070705,1,1,colpack,greedy_coloring,NATURAL,13,0.0,,True,,data\processed\initial_graph_coloring_dataset\colpack_outputs_week18_heterogeneous_generalization\week18_er_n100_p30_s0_natural.txt
week18_er_n100_p30_s0,erdos_renyi,"G(100, 0.30)",generated,110300.0,num_vertices,100,edge_probability,0.3,week18_handcrafted_candidate,100,1520,0.30707070707070705,1,1,colpack,greedy_coloring,LARGEST_FIRST,14,0.0,,True,,data\processed\initial_graph_coloring_dataset\colpack_outputs_week18_heterogeneous_generalization\week18_er_n100_p30_s0_largest_first.txt
week18_er_n100_p30_s0,erdos_renyi,"G(100, 0.30)",generated,110300.0,num_vertices,100,edge_probability,0.3,week18_handcrafted_candidate,100,1520,0.30707070707070705,1,1,colpack,greedy_coloring,DYNAMIC_LARGEST_FIRST,13,0.0,,True,,data\processed\initial_graph_coloring_dataset\colpack_outputs_week18_heterogeneous_generalization\week18_er_n100_p30_s0_dynamic_largest_first.txt
week18_er_n100_p30_s0,erdos_renyi,"G(100, 0.30)",generated,110300.0,num_vertices,100,edge_probability,0.3,week18_handcrafted_candidate,100,1520,0.30707070707070705,1,1,colpack,greedy_coloring,INCIDENCE_DEGREE,15,0.0,,True,,data\processed\initial_graph_coloring_dataset\colpack_outputs_week18_heterogeneous_generalization\week18_er_n100_p30_s0_incidence_degree.txt
week18_er_n100_p30_s0,erdos_renyi,"G(100, 0.30)",generated,110300.0,num_vertices,100,edge_probability,0.3,week18_handcrafted_candidate,100,1520,0.30707070707070705,1,1,colpack,greedy_coloring,SMALLEST_LAST,13,0.0,,True,,data\processed\initial_graph_coloring_dataset\colpack_outputs_week18_heterogeneous_generalization\week18_er_n100_p30_s0_smallest_last.txt
week18_er_n100_p30_s1,erdos_renyi,"G(100, 0.30)",generated,110301.0,num_vertices,100,edge_probability,0.3,week18_handcrafted_candidate,100,1521,0.30727272727272725,1,1,colpack,greedy_coloring,NATURAL,14,0.0,,True,,data\processed\initial_graph_coloring_dataset\colpack_outputs_week18_heterogeneous_generalization\week18_er_n100_p30_s1_natural.txt
week18_er_n100_p30_s1,erdos_renyi,"G(100, 0.30)",generated,110301.0,num_vertices,100,edge_probability,0.3,week18_handcrafted_candidate,100,1521,0.30727272727272725,1,1,colpack,greedy_coloring,LARGEST_FIRST,13,0.0,,True,,data\processed\initial_graph_coloring_dataset\colpack_outputs_week18_heterogeneous_generalization\week18_er_n100_p30_s1_largest_first.txt
week18_er_n100_p30_s1,erdos_renyi,"G(100, 0.30)",generated,110301.0,num_vertices,100,edge_probability,0.3,week18_handcrafted_candidate,100,1521,0.30727272727272725,1,1,colpack,greedy_coloring,DYNAMIC_LARGEST_FIRST,13,0.0,,True,,data\processed\initial_graph_coloring_dataset\colpack_outputs_week18_heterogeneous_generalization\week18_er_n100_p30_s1_dynamic_largest_first.txt
week18_er_n100_p30_s1,erdos_renyi,"G(100, 0.30)",generated,110301.0,num_vertices,100,edge_probability,0.3,week18_handcrafted_candidate,100,1521,0.30727272727272725,1,1,colpack,greedy_coloring,INCIDENCE_DEGREE,14,0.0,,True,,data\processed\initial_graph_coloring_dataset\colpack_outputs_week18_heterogeneous_generalization\week18_er_n100_p30_s1_incidence_degree.txt
week18_er_n100_p30_s1,erdos_renyi,"G(100, 0.30)",generated,110301.0,num_vertices,100,edge_probability,0.3,week18_handcrafted_candidate,100,1521,0.30727272727272725,1,1,colpack,greedy_coloring,SMALLEST_LAST,13,0.0,,True,,data\processed\initial_graph_coloring_dataset\colpack_outputs_week18_heterogeneous_generalization\week18_er_n100_p30_s1_smallest_last.txt
week18_er_n100_p30_s2,erdos_renyi,"G(100, 0.30)",generated,110302.0,num_vertices,100,edge_probability,0.3,week18_handcrafted_candidate,100,1479,0.29878787878787877,1,1,colpack,greedy_coloring,NATURAL,14,0.0,,True,,data\processed\initial_graph_coloring_dataset\colpack_outputs_week18_heterogeneous_generalization\week18_er_n100_p30_s2_natural.txt
week18_er_n100_p30_s2,erdos_renyi,"G(100, 0.30)",generated,110302.0,num_vertices,100,edge_probability,0.3,week18_handcrafted_candidate,100,1479,0.29878787878787877,1,1,colpack,greedy_coloring,LARGEST_FIRST,14,0.0,,True,,data\processed\initial_graph_coloring_dataset\colpack_outputs_week18_heterogeneous_generalization\week18_er_n100_p30_s2_largest_first.txt
week18_er_n100_p30_s2,erdos_renyi,"G(100, 0.30)",generated,110302.0,num_vertices,100,edge_probability,0.3,week18_handcrafted_candidate,100,1479,0.29878787878787877,1,1,colpack,greedy_coloring,DYNAMIC_LARGEST_FIRST,13,0.0,,True,,data\processed\initial_graph_coloring_dataset\colpack_outputs_week18_heterogeneous_generalization\week18_er_n100_p30_s2_dynamic_largest_first.txt
week18_er_n100_p30_s2,erdos_renyi,"G(100, 0.30)",generated,110302.0,num_vertices,100,edge_probability,0.3,week18_handcrafted_candidate,100,1479,0.29878787878787877,1,1,colpack,greedy_coloring,INCIDENCE_DEGREE,13,0.0,,True,,data\processed\initial_graph_coloring_dataset\colpack_outputs_week18_heterogeneous_generalization\week18_er_n100_p30_s2_incidence_degree.txt
week18_er_n100_p30_s2,erdos_renyi,"G(100, 0.30)",generated,110302.0,num_vertices,100,edge_probability,0.3,week18_handcrafted_candidate,100,1479,0.29878787878787877,1,1,colpack,greedy_coloring,SMALLEST_LAST,13,0.0,,True,,data\processed\initial_graph_coloring_dataset\colpack_outputs_week18_heterogeneous_generalization\week18_er_n100_p30_s2_smallest_last.txt
week18_er_n100_p30_s3,erdos_renyi,"G(100, 0.30)",generated,110303.0,num_vertices,100,edge_probability,0.3,week18_handcrafted_candidate,100,1522,0.30747474747474746,1,1,colpack,greedy_coloring,NATURAL,15,0.0,,True,,data\processed\initial_graph_coloring_dataset\colpack_outputs_week18_heterogeneous_generalization\week18_er_n100_p30_s3_natural.txt
week18_er_n100_p30_s3,erdos_renyi,"G(100, 0.30)",generated,110303.0,num_vertices,100,edge_probability,0.3,week18_handcrafted_candidate,100,1522,0.30747474747474746,1,1,colpack,greedy_coloring,LARGEST_FIRST,13,0.0,,True,,data\processed\initial_graph_coloring_dataset\colpack_outputs_week18_heterogeneous_generalization\week18_er_n100_p30_s3_largest_first.txt
week18_er_n100_p30_s3,erdos_renyi,"G(100, 0.30)",generated,110303.0,num_vertices,100,edge_probability,0.3,week18_handcrafted_candidate,100,1522,0.30747474747474746,1,1,colpack,greedy_coloring,DYNAMIC_LARGEST_FIRST,13,0.0,,True,,data\processed\initial_graph_coloring_dataset\colpack_outputs_week18_heterogeneous_generalization\week18_er_n100_p30_s3_dynamic_largest_first.txt
week18_er_n100_p30_s3,erdos_renyi,"G(100, 0.30)",generated,110303.0,num_vertices,100,edge_probability,0.3,week18_handcrafted_candidate,100,1522,0.30747474747474746,1,1,colpack,greedy_coloring,INCIDENCE_DEGREE,13,0.0,,True,,data\processed\initial_graph_coloring_dataset\colpack_outputs_week18_heterogeneous_generalization\week18_er_n100_p30_s3_incidence_degree.txt
week18_er_n100_p30_s3,erdos_renyi,"G(100, 0.30)",generated,110303.0,num_vertices,100,edge_probability,0.3,week18_handcrafted_candidate,100,1522,0.30747474747474746,1,1,colpack,greedy_coloring,SMALLEST_LAST,15,0.001,,True,,data\processed\initial_graph_coloring_dataset\colpack_outputs_week18_heterogeneous_generalization\week18_er_n100_p30_s3_smallest_last.txt
week18_er_n120_p06_s0,erdos_renyi,"G(120, 0.06)",generated,112060.0,num_vertices,120,edge_probability,0.06,week18_handcrafted_candidate,120,442,0.06190476190476191,1,1,colpack,greedy_coloring,NATURAL,6,0.0,,True,,data\processed\initial_graph_coloring_dataset\colpack_outputs_week18_heterogeneous_generalization\week18_er_n120_p06_s0_natural.txt
week18_er_n120_p06_s0,erdos_renyi,"G(120, 0.06)",generated,112060.0,num_vertices,120,edge_probability,0.06,week18_handcrafted_candidate,120,442,0.06190476190476191,1,1,colpack,greedy_coloring,LARGEST_FIRST,6,0.0,,True,,data\processed\initial_graph_coloring_dataset\colpack_outputs_week18_heterogeneous_generalization\week18_er_n120_p06_s0_largest_first.txt
week18_er_n120_p06_s0,erdos_renyi,"G(120, 0.06)",generated,112060.0,num_vertices,120,edge_probability,0.06,week18_handcrafted_candidate,120,442,0.06190476190476191,1,1,colpack,greedy_coloring,DYNAMIC_LARGEST_FIRST,5,0.0,,True,,data\processed\initial_graph_coloring_dataset\colpack_outputs_week18_heterogeneous_generalization\week18_er_n120_p06_s0_dynamic_largest_first.txt
week18_er_n120_p06_s0,erdos_renyi,"G(120, 0.06)",generated,112060.0,num_vertices,120,edge_probability,0.06,week18_handcrafted_candidate,120,442,0.06190476190476191,1,1,colpack,greedy_coloring,INCIDENCE_DEGREE,6,0.0,,True,,data\processed\initial_graph_coloring_dataset\colpack_outputs_week18_heterogeneous_generalization\week18_er_n120_p06_s0_incidence_degree.txt
week18_er_n120_p06_s0,erdos_renyi,"G(120, 0.06)",generated,112060.0,num_vertices,120,edge_probability,0.06,week18_handcrafted_candidate,120,442,0.06190476190476191,1,1,colpack,greedy_coloring,SMALLEST_LAST,5,0.0,,True,,data\processed\initial_graph_coloring_dataset\colpack_outputs_week18_heterogeneous_generalization\week18_er_n120_p06_s0_smallest_last.txt
week18_er_n120_p06_s1,erdos_renyi,"G(120, 0.06)",generated,112061.0,num_vertices,120,edge_probability,0.06,week18_handcrafted_candidate,120,429,0.06008403361344538,1,1,colpack,greedy_coloring,NATURAL,6,0.0,,True,,data\processed\initial_graph_coloring_dataset\colpack_outputs_week18_heterogeneous_generalization\week18_er_n120_p06_s1_natural.txt
week18_er_n120_p06_s1,erdos_renyi,"G(120, 0.06)",generated,112061.0,num_vertices,120,edge_probability,0.06,week18_handcrafted_candidate,120,429,0.06008403361344538,1,1,colpack,greedy_coloring,LARGEST_FIRST,5,0.0,,True,,data\processed\initial_graph_coloring_dataset\colpack_outputs_week18_heterogeneous_generalization\week18_er_n120_p06_s1_largest_first.txt
week18_er_n120_p06_s1,erdos_renyi,"G(120, 0.06)",generated,112061.0,num_vertices,120,edge_probability,0.06,week18_handcrafted_candidate,120,429,0.06008403361344538,1,1,colpack,greedy_coloring,DYNAMIC_LARGEST_FIRST,5,0.0,,True,,data\processed\initial_graph_coloring_dataset\colpack_outputs_week18_heterogeneous_generalization\week18_er_n120_p06_s1_dynamic_largest_first.txt
week18_er_n120_p06_s1,erdos_renyi,"G(120, 0.06)",generated,112061.0,num_vertices,120,edge_probability,0.06,week18_handcrafted_candidate,120,429,0.06008403361344538,1,1,colpack,greedy_coloring,INCIDENCE_DEGREE,6,0.0,,True,,data\processed\initial_graph_coloring_dataset\colpack_outputs_week18_heterogeneous_generalization\week18_er_n120_p06_s1_incidence_degree.txt
week18_er_n120_p06_s1,erdos_renyi,"G(120, 0.06)",generated,112061.0,num_vertices,120,edge_probability,0.06,week18_handcrafted_candidate,120,429,0.06008403361344538,1,1,colpack,greedy_coloring,SMALLEST_LAST,5,0.0,,True,,data\processed\initial_graph_coloring_dataset\colpack_outputs_week18_heterogeneous_generalization\week18_er_n120_p06_s1_smallest_last.txt
week18_er_n120_p06_s2,erdos_renyi,"G(120, 0.06)",generated,112062.0,num_vertices,120,edge_probability,0.06,week18_handcrafted_candidate,120,442,0.06190476190476191,1,1,colpack,greedy_coloring,NATURAL,7,0.0,,True,,data\processed\initial_graph_coloring_dataset\colpack_outputs_week18_heterogeneous_generalization\week18_er_n120_p06_s2_natural.txt
week18_er_n120_p06_s2,erdos_renyi,"G(120, 0.06)",generated,112062.0,num_vertices,120,edge_probability,0.06,week18_handcrafted_candidate,120,442,0.06190476190476191,1,1,colpack,greedy_coloring,LARGEST_FIRST,6,0.0,,True,,data\processed\initial_graph_coloring_dataset\colpack_outputs_week18_heterogeneous_generalization\week18_er_n120_p06_s2_largest_first.txt
week18_er_n120_p06_s2,erdos_renyi,"G(120, 0.06)",generated,112062.0,num_vertices,120,edge_probability,0.06,week18_handcrafted_candidate,120,442,0.06190476190476191,1,1,colpack,greedy_coloring,DYNAMIC_LARGEST_FIRST,5,0.0,,True,,data\processed\initial_graph_coloring_dataset\colpack_outputs_week18_heterogeneous_generalization\week18_er_n120_p06_s2_dynamic_largest_first.txt
week18_er_n120_p06_s2,erdos_renyi,"G(120, 0.06)",generated,112062.0,num_vertices,120,edge_probability,0.06,week18_handcrafted_candidate,120,442,0.06190476190476191,1,1,colpack,greedy_coloring,INCIDENCE_DEGREE,5,0.0,,True,,data\processed\initial_graph_coloring_dataset\colpack_outputs_week18_heterogeneous_generalization\week18_er_n120_p06_s2_incidence_degree.txt
week18_er_n120_p06_s2,erdos_renyi,"G(120, 0.06)",generated,112062.0,num_vertices,120,edge_probability,0.06,week18_handcrafted_candidate,120,442,0.06190476190476191,1,1,colpack,greedy_coloring,SMALLEST_LAST,5,0.0,,True,,data\processed\initial_graph_coloring_dataset\colpack_outputs_week18_heterogeneous_generalization\week18_er_n120_p06_s2_smallest_last.txt
week18_er_n120_p06_s3,erdos_renyi,"G(120, 0.06)",generated,112063.0,num_vertices,120,edge_probability,0.06,week18_handcrafted_candidate,120,431,0.060364145658263306,1,1,colpack,greedy_coloring,NATURAL,6,0.0,,True,,data\processed\initial_graph_coloring_dataset\colpack_outputs_week18_heterogeneous_generalization\week18_er_n120_p06_s3_natural.txt
week18_er_n120_p06_s3,erdos_renyi,"G(120, 0.06)",generated,112063.0,num_vertices,120,edge_probability,0.06,week18_handcrafted_candidate,120,431,0.060364145658263306,1,1,colpack,greedy_coloring,LARGEST_FIRST,5,0.0,,True,,data\processed\initial_graph_coloring_dataset\colpack_outputs_week18_heterogeneous_generalization\week18_er_n120_p06_s3_largest_first.txt
week18_er_n120_p06_s3,erdos_renyi,"G(120, 0.06)",generated,112063.0,num_vertices,120,edge_probability,0.06,week18_handcrafted_candidate,120,431,0.060364145658263306,1,1,colpack,greedy_coloring,DYNAMIC_LARGEST_FIRST,5,0.0,,True,,data\processed\initial_graph_coloring_dataset\colpack_outputs_week18_heterogeneous_generalization\week18_er_n120_p06_s3_dynamic_largest_first.txt
week18_er_n120_p06_s3,erdos_renyi,"G(120, 0.06)",generated,112063.0,num_vertices,120,edge_probability,0.06,week18_handcrafted_candidate,120,431,0.060364145658263306,1,1,colpack,greedy_coloring,INCIDENCE_DEGREE,5,0.0,,True,,data\processed\initial_graph_coloring_dataset\colpack_outputs_week18_heterogeneous_generalization\week18_er_n120_p06_s3_incidence_degree.txt
week18_er_n120_p06_s3,erdos_renyi,"G(120, 0.06)",generated,112063.0,num_vertices,120,edge_probability,0.06,week18_handcrafted_candidate,120,431,0.060364145658263306,1,1,colpack,greedy_coloring,SMALLEST_LAST,5,0.0,,True,,data\processed\initial_graph_coloring_dataset\colpack_outputs_week18_heterogeneous_generalization\week18_er_n120_p06_s3_smallest_last.txt
week18_er_n120_p09_s0,erdos_renyi,"G(120, 0.09)",generated,112090.0,num_vertices,120,edge_probability,0.09,week18_handcrafted_candidate,120,651,0.09117647058823529,1,1,colpack,greedy_coloring,NATURAL,8,0.0,,True,,data\processed\initial_graph_coloring_dataset\colpack_outputs_week18_heterogeneous_generalization\week18_er_n120_p09_s0_natural.txt
week18_er_n120_p09_s0,erdos_renyi,"G(120, 0.09)",generated,112090.0,num_vertices,120,edge_probability,0.09,week18_handcrafted_candidate,120,651,0.09117647058823529,1,1,colpack,greedy_coloring,LARGEST_FIRST,7,0.0,,True,,data\processed\initial_graph_coloring_dataset\colpack_outputs_week18_heterogeneous_generalization\week18_er_n120_p09_s0_largest_first.txt
week18_er_n120_p09_s0,erdos_renyi,"G(120, 0.09)",generated,112090.0,num_vertices,120,edge_probability,0.09,week18_handcrafted_candidate,120,651,0.09117647058823529,1,1,colpack,greedy_coloring,DYNAMIC_LARGEST_FIRST,7,0.0,,True,,data\processed\initial_graph_coloring_dataset\colpack_outputs_week18_heterogeneous_generalization\week18_er_n120_p09_s0_dynamic_largest_first.txt
week18_er_n120_p09_s0,erdos_renyi,"G(120, 0.09)",generated,112090.0,num_vertices,120,edge_probability,0.09,week18_handcrafted_candidate,120,651,0.09117647058823529,1,1,colpack,greedy_coloring,INCIDENCE_DEGREE,7,0.0,,True,,data\processed\initial_graph_coloring_dataset\colpack_outputs_week18_heterogeneous_generalization\week18_er_n120_p09_s0_incidence_degree.txt
week18_er_n120_p09_s0,erdos_renyi,"G(120, 0.09)",generated,112090.0,num_vertices,120,edge_probability,0.09,week18_handcrafted_candidate,120,651,0.09117647058823529,1,1,colpack,greedy_coloring,SMALLEST_LAST,7,0.0,,True,,data\processed\initial_graph_coloring_dataset\colpack_outputs_week18_heterogeneous_generalization\week18_er_n120_p09_s0_smallest_last.txt
week18_er_n120_p09_s1,erdos_renyi,"G(120, 0.09)",generated,112091.0,num_vertices,120,edge_probability,0.09,week18_handcrafted_candidate,120,643,0.09005602240896358,1,1,colpack,greedy_coloring,NATURAL,8,0.0,,True,,data\processed\initial_graph_coloring_dataset\colpack_outputs_week18_heterogeneous_generalization\week18_er_n120_p09_s1_natural.txt
week18_er_n120_p09_s1,erdos_renyi,"G(120, 0.09)",generated,112091.0,num_vertices,120,edge_probability,0.09,week18_handcrafted_candidate,120,643,0.09005602240896358,1,1,colpack,greedy_coloring,LARGEST_FIRST,6,0.0,,True,,data\processed\initial_graph_coloring_dataset\colpack_outputs_week18_heterogeneous_generalization\week18_er_n120_p09_s1_largest_first.txt
week18_er_n120_p09_s1,erdos_renyi,"G(120, 0.09)",generated,112091.0,num_vertices,120,edge_probability,0.09,week18_handcrafted_candidate,120,643,0.09005602240896358,1,1,colpack,greedy_coloring,DYNAMIC_LARGEST_FIRST,6,0.0,,True,,data\processed\initial_graph_coloring_dataset\colpack_outputs_week18_heterogeneous_generalization\week18_er_n120_p09_s1_dynamic_largest_first.txt
week18_er_n120_p09_s1,erdos_renyi,"G(120, 0.09)",generated,112091.0,num_vertices,120,edge_probability,0.09,week18_handcrafted_candidate,120,643,0.09005602240896358,1,1,colpack,greedy_coloring,INCIDENCE_DEGREE,7,0.0,,True,,data\processed\initial_graph_coloring_dataset\colpack_outputs_week18_heterogeneous_generalization\week18_er_n120_p09_s1_incidence_degree.txt
week18_er_n120_p09_s1,erdos_renyi,"G(120, 0.09)",generated,112091.0,num_vertices,120,edge_probability,0.09,week18_handcrafted_candidate,120,643,0.09005602240896358,1,1,colpack,greedy_coloring,SMALLEST_LAST,7,0.0,,True,,data\processed\initial_graph_coloring_dataset\colpack_outputs_week18_heterogeneous_generalization\week18_er_n120_p09_s1_smallest_last.txt
week18_er_n120_p09_s2,erdos_renyi,"G(120, 0.09)",generated,112092.0,num_vertices,120,edge_probability,0.09,week18_handcrafted_candidate,120,639,0.08949579831932773,1,1,colpack,greedy_coloring,NATURAL,8,0.0,,True,,data\processed\initial_graph_coloring_dataset\colpack_outputs_week18_heterogeneous_generalization\week18_er_n120_p09_s2_natural.txt
week18_er_n120_p09_s2,erdos_renyi,"G(120, 0.09)",generated,112092.0,num_vertices,120,edge_probability,0.09,week18_handcrafted_candidate,120,639,0.08949579831932773,1,1,colpack,greedy_coloring,LARGEST_FIRST,7,0.0,,True,,data\processed\initial_graph_coloring_dataset\colpack_outputs_week18_heterogeneous_generalization\week18_er_n120_p09_s2_largest_first.txt
week18_er_n120_p09_s2,erdos_renyi,"G(120, 0.09)",generated,112092.0,num_vertices,120,edge_probability,0.09,week18_handcrafted_candidate,120,639,0.08949579831932773,1,1,colpack,greedy_coloring,DYNAMIC_LARGEST_FIRST,7,0.0,,True,,data\processed\initial_graph_coloring_dataset\colpack_outputs_week18_heterogeneous_generalization\week18_er_n120_p09_s2_dynamic_largest_first.txt
week18_er_n120_p09_s2,erdos_renyi,"G(120, 0.09)",generated,112092.0,num_vertices,120,edge_probability,0.09,week18_handcrafted_candidate,120,639,0.08949579831932773,1,1,colpack,greedy_coloring,INCIDENCE_DEGREE,7,0.0,,True,,data\processed\initial_graph_coloring_dataset\colpack_outputs_week18_heterogeneous_generalization\week18_er_n120_p09_s2_incidence_degree.txt
week18_er_n120_p09_s2,erdos_renyi,"G(120, 0.09)",generated,112092.0,num_vertices,120,edge_probability,0.09,week18_handcrafted_candidate,120,639,0.08949579831932773,1,1,colpack,greedy_coloring,SMALLEST_LAST,7,0.0,,True,,data\processed\initial_graph_coloring_dataset\colpack_outputs_week18_heterogeneous_generalization\week18_er_n120_p09_s2_smallest_last.txt
week18_er_n120_p09_s3,erdos_renyi,"G(120, 0.09)",generated,112093.0,num_vertices,120,edge_probability,0.09,week18_handcrafted_candidate,120,651,0.09117647058823529,1,1,colpack,greedy_coloring,NATURAL,7,0.0,,True,,data\processed\initial_graph_coloring_dataset\colpack_outputs_week18_heterogeneous_generalization\week18_er_n120_p09_s3_natural.txt
week18_er_n120_p09_s3,erdos_renyi,"G(120, 0.09)",generated,112093.0,num_vertices,120,edge_probability,0.09,week18_handcrafted_candidate,120,651,0.09117647058823529,1,1,colpack,greedy_coloring,LARGEST_FIRST,7,0.0,,True,,data\processed\initial_graph_coloring_dataset\colpack_outputs_week18_heterogeneous_generalization\week18_er_n120_p09_s3_largest_first.txt
week18_er_n120_p09_s3,erdos_renyi,"G(120, 0.09)",generated,112093.0,num_vertices,120,edge_probability,0.09,week18_handcrafted_candidate,120,651,0.09117647058823529,1,1,colpack,greedy_coloring,DYNAMIC_LARGEST_FIRST,7,0.0,,True,,data\processed\initial_graph_coloring_dataset\colpack_outputs_week18_heterogeneous_generalization\week18_er_n120_p09_s3_dynamic_largest_first.txt
week18_er_n120_p09_s3,erdos_renyi,"G(120, 0.09)",generated,112093.0,num_vertices,120,edge_probability,0.09,week18_handcrafted_candidate,120,651,0.09117647058823529,1,1,colpack,greedy_coloring,INCIDENCE_DEGREE,7,0.0,,True,,data\processed\initial_graph_coloring_dataset\colpack_outputs_week18_heterogeneous_generalization\week18_er_n120_p09_s3_incidence_degree.txt
week18_er_n120_p09_s3,erdos_renyi,"G(120, 0.09)",generated,112093.0,num_vertices,120,edge_probability,0.09,week18_handcrafted_candidate,120,651,0.09117647058823529,1,1,colpack,greedy_coloring,SMALLEST_LAST,7,0.0,,True,,data\processed\initial_graph_coloring_dataset\colpack_outputs_week18_heterogeneous_generalization\week18_er_n120_p09_s3_smallest_last.txt
week18_er_n120_p12_s0,erdos_renyi,"G(120, 0.12)",generated,112120.0,num_vertices,120,edge_probability,0.12,week18_handcrafted_candidate,120,871,0.12198879551820728,1,1,colpack,greedy_coloring,NATURAL,9,0.0,,True,,data\processed\initial_graph_coloring_dataset\colpack_outputs_week18_heterogeneous_generalization\week18_er_n120_p12_s0_natural.txt
week18_er_n120_p12_s0,erdos_renyi,"G(120, 0.12)",generated,112120.0,num_vertices,120,edge_probability,0.12,week18_handcrafted_candidate,120,871,0.12198879551820728,1,1,colpack,greedy_coloring,LARGEST_FIRST,8,0.0,,True,,data\processed\initial_graph_coloring_dataset\colpack_outputs_week18_heterogeneous_generalization\week18_er_n120_p12_s0_largest_first.txt
week18_er_n120_p12_s0,erdos_renyi,"G(120, 0.12)",generated,112120.0,num_vertices,120,edge_probability,0.12,week18_handcrafted_candidate,120,871,0.12198879551820728,1,1,colpack,greedy_coloring,DYNAMIC_LARGEST_FIRST,8,0.0,,True,,data\processed\initial_graph_coloring_dataset\colpack_outputs_week18_heterogeneous_generalization\week18_er_n120_p12_s0_dynamic_largest_first.txt
week18_er_n120_p12_s0,erdos_renyi,"G(120, 0.12)",generated,112120.0,num_vertices,120,edge_probability,0.12,week18_handcrafted_candidate,120,871,0.12198879551820728,1,1,colpack,greedy_coloring,INCIDENCE_DEGREE,8,0.0,,True,,data\processed\initial_graph_coloring_dataset\colpack_outputs_week18_heterogeneous_generalization\week18_er_n120_p12_s0_incidence_degree.txt
week18_er_n120_p12_s0,erdos_renyi,"G(120, 0.12)",generated,112120.0,num_vertices,120,edge_probability,0.12,week18_handcrafted_candidate,120,871,0.12198879551820728,1,1,colpack,greedy_coloring,SMALLEST_LAST,8,0.0,,True,,data\processed\initial_graph_coloring_dataset\colpack_outputs_week18_heterogeneous_generalization\week18_er_n120_p12_s0_smallest_last.txt
week18_er_n120_p12_s1,erdos_renyi,"G(120, 0.12)",generated,112121.0,num_vertices,120,edge_probability,0.12,week18_handcrafted_candidate,120,884,0.12380952380952381,1,1,colpack,greedy_coloring,NATURAL,8,0.0,,True,,data\processed\initial_graph_coloring_dataset\colpack_outputs_week18_heterogeneous_generalization\week18_er_n120_p12_s1_natural.txt
week18_er_n120_p12_s1,erdos_renyi,"G(120, 0.12)",generated,112121.0,num_vertices,120,edge_probability,0.12,week18_handcrafted_candidate,120,884,0.12380952380952381,1,1,colpack,greedy_coloring,LARGEST_FIRST,8,0.0,,True,,data\processed\initial_graph_coloring_dataset\colpack_outputs_week18_heterogeneous_generalization\week18_er_n120_p12_s1_largest_first.txt
week18_er_n120_p12_s1,erdos_renyi,"G(120, 0.12)",generated,112121.0,num_vertices,120,edge_probability,0.12,week18_handcrafted_candidate,120,884,0.12380952380952381,1,1,colpack,greedy_coloring,DYNAMIC_LARGEST_FIRST,8,0.0,,True,,data\processed\initial_graph_coloring_dataset\colpack_outputs_week18_heterogeneous_generalization\week18_er_n120_p12_s1_dynamic_largest_first.txt
week18_er_n120_p12_s1,erdos_renyi,"G(120, 0.12)",generated,112121.0,num_vertices,120,edge_probability,0.12,week18_handcrafted_candidate,120,884,0.12380952380952381,1,1,colpack,greedy_coloring,INCIDENCE_DEGREE,9,0.0,,True,,data\processed\initial_graph_coloring_dataset\colpack_outputs_week18_heterogeneous_generalization\week18_er_n120_p12_s1_incidence_degree.txt
week18_er_n120_p12_s1,erdos_renyi,"G(120, 0.12)",generated,112121.0,num_vertices,120,edge_probability,0.12,week18_handcrafted_candidate,120,884,0.12380952380952381,1,1,colpack,greedy_coloring,SMALLEST_LAST,8,0.0,,True,,data\processed\initial_graph_coloring_dataset\colpack_outputs_week18_heterogeneous_generalization\week18_er_n120_p12_s1_smallest_last.txt
week18_er_n120_p12_s2,erdos_renyi,"G(120, 0.12)",generated,112122.0,num_vertices,120,edge_probability,0.12,week18_handcrafted_candidate,120,893,0.12507002801120448,1,1,colpack,greedy_coloring,NATURAL,9,0.001,,True,,data\processed\initial_graph_coloring_dataset\colpack_outputs_week18_heterogeneous_generalization\week18_er_n120_p12_s2_natural.txt
week18_er_n120_p12_s2,erdos_renyi,"G(120, 0.12)",generated,112122.0,num_vertices,120,edge_probability,0.12,week18_handcrafted_candidate,120,893,0.12507002801120448,1,1,colpack,greedy_coloring,LARGEST_FIRST,8,0.0,,True,,data\processed\initial_graph_coloring_dataset\colpack_outputs_week18_heterogeneous_generalization\week18_er_n120_p12_s2_largest_first.txt
week18_er_n120_p12_s2,erdos_renyi,"G(120, 0.12)",generated,112122.0,num_vertices,120,edge_probability,0.12,week18_handcrafted_candidate,120,893,0.12507002801120448,1,1,colpack,greedy_coloring,DYNAMIC_LARGEST_FIRST,8,0.0,,True,,data\processed\initial_graph_coloring_dataset\colpack_outputs_week18_heterogeneous_generalization\week18_er_n120_p12_s2_dynamic_largest_first.txt
week18_er_n120_p12_s2,erdos_renyi,"G(120, 0.12)",generated,112122.0,num_vertices,120,edge_probability,0.12,week18_handcrafted_candidate,120,893,0.12507002801120448,1,1,colpack,greedy_coloring,INCIDENCE_DEGREE,9,0.0,,True,,data\processed\initial_graph_coloring_dataset\colpack_outputs_week18_heterogeneous_generalization\week18_er_n120_p12_s2_incidence_degree.txt
week18_er_n120_p12_s2,erdos_renyi,"G(120, 0.12)",generated,112122.0,num_vertices,120,edge_probability,0.12,week18_handcrafted_candidate,120,893,0.12507002801120448,1,1,colpack,greedy_coloring,SMALLEST_LAST,9,0.0,,True,,data\processed\initial_graph_coloring_dataset\colpack_outputs_week18_heterogeneous_generalization\week18_er_n120_p12_s2_smallest_last.txt
week18_er_n120_p12_s3,erdos_renyi,"G(120, 0.12)",generated,112123.0,num_vertices,120,edge_probability,0.12,week18_handcrafted_candidate,120,854,0.11960784313725491,1,1,colpack,greedy_coloring,NATURAL,10,0.0,,True,,data\processed\initial_graph_coloring_dataset\colpack_outputs_week18_heterogeneous_generalization\week18_er_n120_p12_s3_natural.txt
week18_er_n120_p12_s3,erdos_renyi,"G(120, 0.12)",generated,112123.0,num_vertices,120,edge_probability,0.12,week18_handcrafted_candidate,120,854,0.11960784313725491,1,1,colpack,greedy_coloring,LARGEST_FIRST,8,0.0,,True,,data\processed\initial_graph_coloring_dataset\colpack_outputs_week18_heterogeneous_generalization\week18_er_n120_p12_s3_largest_first.txt
week18_er_n120_p12_s3,erdos_renyi,"G(120, 0.12)",generated,112123.0,num_vertices,120,edge_probability,0.12,week18_handcrafted_candidate,120,854,0.11960784313725491,1,1,colpack,greedy_coloring,DYNAMIC_LARGEST_FIRST,8,0.0,,True,,data\processed\initial_graph_coloring_dataset\colpack_outputs_week18_heterogeneous_generalization\week18_er_n120_p12_s3_dynamic_largest_first.txt
week18_er_n120_p12_s3,erdos_renyi,"G(120, 0.12)",generated,112123.0,num_vertices,120,edge_probability,0.12,week18_handcrafted_candidate,120,854,0.11960784313725491,1,1,colpack,greedy_coloring,INCIDENCE_DEGREE,9,0.0,,True,,data\processed\initial_graph_coloring_dataset\colpack_outputs_week18_heterogeneous_generalization\week18_er_n120_p12_s3_incidence_degree.txt
week18_er_n120_p12_s3,erdos_renyi,"G(120, 0.12)",generated,112123.0,num_vertices,120,edge_probability,0.12,week18_handcrafted_candidate,120,854,0.11960784313725491,1,1,colpack,greedy_coloring,SMALLEST_LAST,8,0.0,,True,,data\processed\initial_graph_coloring_dataset\colpack_outputs_week18_heterogeneous_generalization\week18_er_n120_p12_s3_smallest_last.txt
week18_er_n120_p16_s0,erdos_renyi,"G(120, 0.16)",generated,112160.0,num_vertices,120,edge_probability,0.16,week18_handcrafted_candidate,120,1153,0.16148459383753502,1,1,colpack,greedy_coloring,NATURAL,11,0.0,,True,,data\processed\initial_graph_coloring_dataset\colpack_outputs_week18_heterogeneous_generalization\week18_er_n120_p16_s0_natural.txt
week18_er_n120_p16_s0,erdos_renyi,"G(120, 0.16)",generated,112160.0,num_vertices,120,edge_probability,0.16,week18_handcrafted_candidate,120,1153,0.16148459383753502,1,1,colpack,greedy_coloring,LARGEST_FIRST,9,0.0,,True,,data\processed\initial_graph_coloring_dataset\colpack_outputs_week18_heterogeneous_generalization\week18_er_n120_p16_s0_largest_first.txt
week18_er_n120_p16_s0,erdos_renyi,"G(120, 0.16)",generated,112160.0,num_vertices,120,edge_probability,0.16,week18_handcrafted_candidate,120,1153,0.16148459383753502,1,1,colpack,greedy_coloring,DYNAMIC_LARGEST_FIRST,9,0.0,,True,,data\processed\initial_graph_coloring_dataset\colpack_outputs_week18_heterogeneous_generalization\week18_er_n120_p16_s0_dynamic_largest_first.txt
week18_er_n120_p16_s0,erdos_renyi,"G(120, 0.16)",generated,112160.0,num_vertices,120,edge_probability,0.16,week18_handcrafted_candidate,120,1153,0.16148459383753502,1,1,colpack,greedy_coloring,INCIDENCE_DEGREE,10,0.0,,True,,data\processed\initial_graph_coloring_dataset\colpack_outputs_week18_heterogeneous_generalization\week18_er_n120_p16_s0_incidence_degree.txt
week18_er_n120_p16_s0,erdos_renyi,"G(120, 0.16)",generated,112160.0,num_vertices,120,edge_probability,0.16,week18_handcrafted_candidate,120,1153,0.16148459383753502,1,1,colpack,greedy_coloring,SMALLEST_LAST,10,0.0,,True,,data\processed\initial_graph_coloring_dataset\colpack_outputs_week18_heterogeneous_generalization\week18_er_n120_p16_s0_smallest_last.txt
week18_er_n120_p16_s1,erdos_renyi,"G(120, 0.16)",generated,112161.0,num_vertices,120,edge_probability,0.16,week18_handcrafted_candidate,120,1144,0.16022408963585436,1,1,colpack,greedy_coloring,NATURAL,10,0.0,,True,,data\processed\initial_graph_coloring_dataset\colpack_outputs_week18_heterogeneous_generalization\week18_er_n120_p16_s1_natural.txt
week18_er_n120_p16_s1,erdos_renyi,"G(120, 0.16)",generated,112161.0,num_vertices,120,edge_probability,0.16,week18_handcrafted_candidate,120,1144,0.16022408963585436,1,1,colpack,greedy_coloring,LARGEST_FIRST,9,0.0,,True,,data\processed\initial_graph_coloring_dataset\colpack_outputs_week18_heterogeneous_generalization\week18_er_n120_p16_s1_largest_first.txt
week18_er_n120_p16_s1,erdos_renyi,"G(120, 0.16)",generated,112161.0,num_vertices,120,edge_probability,0.16,week18_handcrafted_candidate,120,1144,0.16022408963585436,1,1,colpack,greedy_coloring,DYNAMIC_LARGEST_FIRST,9,0.0,,True,,data\processed\initial_graph_coloring_dataset\colpack_outputs_week18_heterogeneous_generalization\week18_er_n120_p16_s1_dynamic_largest_first.txt
week18_er_n120_p16_s1,erdos_renyi,"G(120, 0.16)",generated,112161.0,num_vertices,120,edge_probability,0.16,week18_handcrafted_candidate,120,1144,0.16022408963585436,1,1,colpack,greedy_coloring,INCIDENCE_DEGREE,9,0.0,,True,,data\processed\initial_graph_coloring_dataset\colpack_outputs_week18_heterogeneous_generalization\week18_er_n120_p16_s1_incidence_degree.txt
week18_er_n120_p16_s1,erdos_renyi,"G(120, 0.16)",generated,112161.0,num_vertices,120,edge_probability,0.16,week18_handcrafted_candidate,120,1144,0.16022408963585436,1,1,colpack,greedy_coloring,SMALLEST_LAST,10,0.0,,True,,data\processed\initial_graph_coloring_dataset\colpack_outputs_week18_heterogeneous_generalization\week18_er_n120_p16_s1_smallest_last.txt
week18_er_n120_p16_s2,erdos_renyi,"G(120, 0.16)",generated,112162.0,num_vertices,120,edge_probability,0.16,week18_handcrafted_candidate,120,1111,0.15560224089635855,1,1,colpack,greedy_coloring,NATURAL,11,0.0,,True,,data\processed\initial_graph_coloring_dataset\colpack_outputs_week18_heterogeneous_generalization\week18_er_n120_p16_s2_natural.txt
week18_er_n120_p16_s2,erdos_renyi,"G(120, 0.16)",generated,112162.0,num_vertices,120,edge_probability,0.16,week18_handcrafted_candidate,120,1111,0.15560224089635855,1,1,colpack,greedy_coloring,LARGEST_FIRST,9,0.0,,True,,data\processed\initial_graph_coloring_dataset\colpack_outputs_week18_heterogeneous_generalization\week18_er_n120_p16_s2_largest_first.txt
week18_er_n120_p16_s2,erdos_renyi,"G(120, 0.16)",generated,112162.0,num_vertices,120,edge_probability,0.16,week18_handcrafted_candidate,120,1111,0.15560224089635855,1,1,colpack,greedy_coloring,DYNAMIC_LARGEST_FIRST,10,0.0,,True,,data\processed\initial_graph_coloring_dataset\colpack_outputs_week18_heterogeneous_generalization\week18_er_n120_p16_s2_dynamic_largest_first.txt
week18_er_n120_p16_s2,erdos_renyi,"G(120, 0.16)",generated,112162.0,num_vertices,120,edge_probability,0.16,week18_handcrafted_candidate,120,1111,0.15560224089635855,1,1,colpack,greedy_coloring,INCIDENCE_DEGREE,10,0.0,,True,,data\processed\initial_graph_coloring_dataset\colpack_outputs_week18_heterogeneous_generalization\week18_er_n120_p16_s2_incidence_degree.txt
week18_er_n120_p16_s2,erdos_renyi,"G(120, 0.16)",generated,112162.0,num_vertices,120,edge_probability,0.16,week18_handcrafted_candidate,120,1111,0.15560224089635855,1,1,colpack,greedy_coloring,SMALLEST_LAST,10,0.0,,True,,data\processed\initial_graph_coloring_dataset\colpack_outputs_week18_heterogeneous_generalization\week18_er_n120_p16_s2_smallest_last.txt
week18_er_n120_p16_s3,erdos_renyi,"G(120, 0.16)",generated,112163.0,num_vertices,120,edge_probability,0.16,week18_handcrafted_candidate,120,1193,0.16708683473389355,1,1,colpack,greedy_coloring,NATURAL,11,0.0,,True,,data\processed\initial_graph_coloring_dataset\colpack_outputs_week18_heterogeneous_generalization\week18_er_n120_p16_s3_natural.txt
week18_er_n120_p16_s3,erdos_renyi,"G(120, 0.16)",generated,112163.0,num_vertices,120,edge_probability,0.16,week18_handcrafted_candidate,120,1193,0.16708683473389355,1,1,colpack,greedy_coloring,LARGEST_FIRST,11,0.0,,True,,data\processed\initial_graph_coloring_dataset\colpack_outputs_week18_heterogeneous_generalization\week18_er_n120_p16_s3_largest_first.txt
week18_er_n120_p16_s3,erdos_renyi,"G(120, 0.16)",generated,112163.0,num_vertices,120,edge_probability,0.16,week18_handcrafted_candidate,120,1193,0.16708683473389355,1,1,colpack,greedy_coloring,DYNAMIC_LARGEST_FIRST,10,0.0,,True,,data\processed\initial_graph_coloring_dataset\colpack_outputs_week18_heterogeneous_generalization\week18_er_n120_p16_s3_dynamic_largest_first.txt
week18_er_n120_p16_s3,erdos_renyi,"G(120, 0.16)",generated,112163.0,num_vertices,120,edge_probability,0.16,week18_handcrafted_candidate,120,1193,0.16708683473389355,1,1,colpack,greedy_coloring,INCIDENCE_DEGREE,10,0.0,,True,,data\processed\initial_graph_coloring_dataset\colpack_outputs_week18_heterogeneous_generalization\week18_er_n120_p16_s3_incidence_degree.txt
week18_er_n120_p16_s3,erdos_renyi,"G(120, 0.16)",generated,112163.0,num_vertices,120,edge_probability,0.16,week18_handcrafted_candidate,120,1193,0.16708683473389355,1,1,colpack,greedy_coloring,SMALLEST_LAST,10,0.0,,True,,data\processed\initial_graph_coloring_dataset\colpack_outputs_week18_heterogeneous_generalization\week18_er_n120_p16_s3_smallest_last.txt
week18_er_n120_p22_s0,erdos_renyi,"G(120, 0.22)",generated,112220.0,num_vertices,120,edge_probability,0.22,week18_handcrafted_candidate,120,1528,0.21400560224089635,1,1,colpack,greedy_coloring,NATURAL,13,0.0,,True,,data\processed\initial_graph_coloring_dataset\colpack_outputs_week18_heterogeneous_generalization\week18_er_n120_p22_s0_natural.txt
week18_er_n120_p22_s0,erdos_renyi,"G(120, 0.22)",generated,112220.0,num_vertices,120,edge_probability,0.22,week18_handcrafted_candidate,120,1528,0.21400560224089635,1,1,colpack,greedy_coloring,LARGEST_FIRST,11,0.0,,True,,data\processed\initial_graph_coloring_dataset\colpack_outputs_week18_heterogeneous_generalization\week18_er_n120_p22_s0_largest_first.txt
week18_er_n120_p22_s0,erdos_renyi,"G(120, 0.22)",generated,112220.0,num_vertices,120,edge_probability,0.22,week18_handcrafted_candidate,120,1528,0.21400560224089635,1,1,colpack,greedy_coloring,DYNAMIC_LARGEST_FIRST,11,0.0,,True,,data\processed\initial_graph_coloring_dataset\colpack_outputs_week18_heterogeneous_generalization\week18_er_n120_p22_s0_dynamic_largest_first.txt
week18_er_n120_p22_s0,erdos_renyi,"G(120, 0.22)",generated,112220.0,num_vertices,120,edge_probability,0.22,week18_handcrafted_candidate,120,1528,0.21400560224089635,1,1,colpack,greedy_coloring,INCIDENCE_DEGREE,12,0.0,,True,,data\processed\initial_graph_coloring_dataset\colpack_outputs_week18_heterogeneous_generalization\week18_er_n120_p22_s0_incidence_degree.txt
week18_er_n120_p22_s0,erdos_renyi,"G(120, 0.22)",generated,112220.0,num_vertices,120,edge_probability,0.22,week18_handcrafted_candidate,120,1528,0.21400560224089635,1,1,colpack,greedy_coloring,SMALLEST_LAST,13,0.0,,True,,data\processed\initial_graph_coloring_dataset\colpack_outputs_week18_heterogeneous_generalization\week18_er_n120_p22_s0_smallest_last.txt
week18_er_n120_p22_s1,erdos_renyi,"G(120, 0.22)",generated,112221.0,num_vertices,120,edge_probability,0.22,week18_handcrafted_candidate,120,1602,0.22436974789915967,1,1,colpack,greedy_coloring,NATURAL,14,0.0,,True,,data\processed\initial_graph_coloring_dataset\colpack_outputs_week18_heterogeneous_generalization\week18_er_n120_p22_s1_natural.txt
week18_er_n120_p22_s1,erdos_renyi,"G(120, 0.22)",generated,112221.0,num_vertices,120,edge_probability,0.22,week18_handcrafted_candidate,120,1602,0.22436974789915967,1,1,colpack,greedy_coloring,LARGEST_FIRST,12,0.0,,True,,data\processed\initial_graph_coloring_dataset\colpack_outputs_week18_heterogeneous_generalization\week18_er_n120_p22_s1_largest_first.txt
week18_er_n120_p22_s1,erdos_renyi,"G(120, 0.22)",generated,112221.0,num_vertices,120,edge_probability,0.22,week18_handcrafted_candidate,120,1602,0.22436974789915967,1,1,colpack,greedy_coloring,DYNAMIC_LARGEST_FIRST,12,0.001,,True,,data\processed\initial_graph_coloring_dataset\colpack_outputs_week18_heterogeneous_generalization\week18_er_n120_p22_s1_dynamic_largest_first.txt
week18_er_n120_p22_s1,erdos_renyi,"G(120, 0.22)",generated,112221.0,num_vertices,120,edge_probability,0.22,week18_handcrafted_candidate,120,1602,0.22436974789915967,1,1,colpack,greedy_coloring,INCIDENCE_DEGREE,12,0.0,,True,,data\processed\initial_graph_coloring_dataset\colpack_outputs_week18_heterogeneous_generalization\week18_er_n120_p22_s1_incidence_degree.txt
week18_er_n120_p22_s1,erdos_renyi,"G(120, 0.22)",generated,112221.0,num_vertices,120,edge_probability,0.22,week18_handcrafted_candidate,120,1602,0.22436974789915967,1,1,colpack,greedy_coloring,SMALLEST_LAST,13,0.0,,True,,data\processed\initial_graph_coloring_dataset\colpack_outputs_week18_heterogeneous_generalization\week18_er_n120_p22_s1_smallest_last.txt
week18_er_n120_p22_s2,erdos_renyi,"G(120, 0.22)",generated,112222.0,num_vertices,120,edge_probability,0.22,week18_handcrafted_candidate,120,1594,0.22324929971988797,1,1,colpack,greedy_coloring,NATURAL,13,0.0,,True,,data\processed\initial_graph_coloring_dataset\colpack_outputs_week18_heterogeneous_generalization\week18_er_n120_p22_s2_natural.txt
week18_er_n120_p22_s2,erdos_renyi,"G(120, 0.22)",generated,112222.0,num_vertices,120,edge_probability,0.22,week18_handcrafted_candidate,120,1594,0.22324929971988797,1,1,colpack,greedy_coloring,LARGEST_FIRST,11,0.0,,True,,data\processed\initial_graph_coloring_dataset\colpack_outputs_week18_heterogeneous_generalization\week18_er_n120_p22_s2_largest_first.txt
week18_er_n120_p22_s2,erdos_renyi,"G(120, 0.22)",generated,112222.0,num_vertices,120,edge_probability,0.22,week18_handcrafted_candidate,120,1594,0.22324929971988797,1,1,colpack,greedy_coloring,DYNAMIC_LARGEST_FIRST,12,0.0,,True,,data\processed\initial_graph_coloring_dataset\colpack_outputs_week18_heterogeneous_generalization\week18_er_n120_p22_s2_dynamic_largest_first.txt
week18_er_n120_p22_s2,erdos_renyi,"G(120, 0.22)",generated,112222.0,num_vertices,120,edge_probability,0.22,week18_handcrafted_candidate,120,1594,0.22324929971988797,1,1,colpack,greedy_coloring,INCIDENCE_DEGREE,12,0.0,,True,,data\processed\initial_graph_coloring_dataset\colpack_outputs_week18_heterogeneous_generalization\week18_er_n120_p22_s2_incidence_degree.txt
week18_er_n120_p22_s2,erdos_renyi,"G(120, 0.22)",generated,112222.0,num_vertices,120,edge_probability,0.22,week18_handcrafted_candidate,120,1594,0.22324929971988797,1,1,colpack,greedy_coloring,SMALLEST_LAST,12,0.0,,True,,data\processed\initial_graph_coloring_dataset\colpack_outputs_week18_heterogeneous_generalization\week18_er_n120_p22_s2_smallest_last.txt
week18_er_n120_p22_s3,erdos_renyi,"G(120, 0.22)",generated,112223.0,num_vertices,120,edge_probability,0.22,week18_handcrafted_candidate,120,1580,0.22128851540616246,1,1,colpack,greedy_coloring,NATURAL,13,0.0,,True,,data\processed\initial_graph_coloring_dataset\colpack_outputs_week18_heterogeneous_generalization\week18_er_n120_p22_s3_natural.txt
week18_er_n120_p22_s3,erdos_renyi,"G(120, 0.22)",generated,112223.0,num_vertices,120,edge_probability,0.22,week18_handcrafted_candidate,120,1580,0.22128851540616246,1,1,colpack,greedy_coloring,LARGEST_FIRST,12,0.0,,True,,data\processed\initial_graph_coloring_dataset\colpack_outputs_week18_heterogeneous_generalization\week18_er_n120_p22_s3_largest_first.txt
week18_er_n120_p22_s3,erdos_renyi,"G(120, 0.22)",generated,112223.0,num_vertices,120,edge_probability,0.22,week18_handcrafted_candidate,120,1580,0.22128851540616246,1,1,colpack,greedy_coloring,DYNAMIC_LARGEST_FIRST,11,0.0,,True,,data\processed\initial_graph_coloring_dataset\colpack_outputs_week18_heterogeneous_generalization\week18_er_n120_p22_s3_dynamic_largest_first.txt
week18_er_n120_p22_s3,erdos_renyi,"G(120, 0.22)",generated,112223.0,num_vertices,120,edge_probability,0.22,week18_handcrafted_candidate,120,1580,0.22128851540616246,1,1,colpack,greedy_coloring,INCIDENCE_DEGREE,12,0.0,,True,,data\processed\initial_graph_coloring_dataset\colpack_outputs_week18_heterogeneous_generalization\week18_er_n120_p22_s3_incidence_degree.txt
week18_er_n120_p22_s3,erdos_renyi,"G(120, 0.22)",generated,112223.0,num_vertices,120,edge_probability,0.22,week18_handcrafted_candidate,120,1580,0.22128851540616246,1,1,colpack,greedy_coloring,SMALLEST_LAST,12,0.0,,True,,data\processed\initial_graph_coloring_dataset\colpack_outputs_week18_heterogeneous_generalization\week18_er_n120_p22_s3_smallest_last.txt
week18_er_n120_p30_s0,erdos_renyi,"G(120, 0.30)",generated,112300.0,num_vertices,120,edge_probability,0.3,week18_handcrafted_candidate,120,2132,0.29859943977591036,1,1,colpack,greedy_coloring,NATURAL,15,0.0,,True,,data\processed\initial_graph_coloring_dataset\colpack_outputs_week18_heterogeneous_generalization\week18_er_n120_p30_s0_natural.txt
week18_er_n120_p30_s0,erdos_renyi,"G(120, 0.30)",generated,112300.0,num_vertices,120,edge_probability,0.3,week18_handcrafted_candidate,120,2132,0.29859943977591036,1,1,colpack,greedy_coloring,LARGEST_FIRST,16,0.0,,True,,data\processed\initial_graph_coloring_dataset\colpack_outputs_week18_heterogeneous_generalization\week18_er_n120_p30_s0_largest_first.txt
week18_er_n120_p30_s0,erdos_renyi,"G(120, 0.30)",generated,112300.0,num_vertices,120,edge_probability,0.3,week18_handcrafted_candidate,120,2132,0.29859943977591036,1,1,colpack,greedy_coloring,DYNAMIC_LARGEST_FIRST,15,0.0,,True,,data\processed\initial_graph_coloring_dataset\colpack_outputs_week18_heterogeneous_generalization\week18_er_n120_p30_s0_dynamic_largest_first.txt
week18_er_n120_p30_s0,erdos_renyi,"G(120, 0.30)",generated,112300.0,num_vertices,120,edge_probability,0.3,week18_handcrafted_candidate,120,2132,0.29859943977591036,1,1,colpack,greedy_coloring,INCIDENCE_DEGREE,15,0.0,,True,,data\processed\initial_graph_coloring_dataset\colpack_outputs_week18_heterogeneous_generalization\week18_er_n120_p30_s0_incidence_degree.txt
week18_er_n120_p30_s0,erdos_renyi,"G(120, 0.30)",generated,112300.0,num_vertices,120,edge_probability,0.3,week18_handcrafted_candidate,120,2132,0.29859943977591036,1,1,colpack,greedy_coloring,SMALLEST_LAST,15,0.0,,True,,data\processed\initial_graph_coloring_dataset\colpack_outputs_week18_heterogeneous_generalization\week18_er_n120_p30_s0_smallest_last.txt
week18_er_n120_p30_s1,erdos_renyi,"G(120, 0.30)",generated,112301.0,num_vertices,120,edge_probability,0.3,week18_handcrafted_candidate,120,2148,0.30084033613445377,1,1,colpack,greedy_coloring,NATURAL,17,0.0,,True,,data\processed\initial_graph_coloring_dataset\colpack_outputs_week18_heterogeneous_generalization\week18_er_n120_p30_s1_natural.txt
week18_er_n120_p30_s1,erdos_renyi,"G(120, 0.30)",generated,112301.0,num_vertices,120,edge_probability,0.3,week18_handcrafted_candidate,120,2148,0.30084033613445377,1,1,colpack,greedy_coloring,LARGEST_FIRST,15,0.0,,True,,data\processed\initial_graph_coloring_dataset\colpack_outputs_week18_heterogeneous_generalization\week18_er_n120_p30_s1_largest_first.txt
week18_er_n120_p30_s1,erdos_renyi,"G(120, 0.30)",generated,112301.0,num_vertices,120,edge_probability,0.3,week18_handcrafted_candidate,120,2148,0.30084033613445377,1,1,colpack,greedy_coloring,DYNAMIC_LARGEST_FIRST,15,0.0,,True,,data\processed\initial_graph_coloring_dataset\colpack_outputs_week18_heterogeneous_generalization\week18_er_n120_p30_s1_dynamic_largest_first.txt
week18_er_n120_p30_s1,erdos_renyi,"G(120, 0.30)",generated,112301.0,num_vertices,120,edge_probability,0.3,week18_handcrafted_candidate,120,2148,0.30084033613445377,1,1,colpack,greedy_coloring,INCIDENCE_DEGREE,15,0.0,,True,,data\processed\initial_graph_coloring_dataset\colpack_outputs_week18_heterogeneous_generalization\week18_er_n120_p30_s1_incidence_degree.txt
week18_er_n120_p30_s1,erdos_renyi,"G(120, 0.30)",generated,112301.0,num_vertices,120,edge_probability,0.3,week18_handcrafted_candidate,120,2148,0.30084033613445377,1,1,colpack,greedy_coloring,SMALLEST_LAST,15,0.0,,True,,data\processed\initial_graph_coloring_dataset\colpack_outputs_week18_heterogeneous_generalization\week18_er_n120_p30_s1_smallest_last.txt
week18_er_n120_p30_s2,erdos_renyi,"G(120, 0.30)",generated,112302.0,num_vertices,120,edge_probability,0.3,week18_handcrafted_candidate,120,2132,0.29859943977591036,1,1,colpack,greedy_coloring,NATURAL,17,0.001,,True,,data\processed\initial_graph_coloring_dataset\colpack_outputs_week18_heterogeneous_generalization\week18_er_n120_p30_s2_natural.txt
week18_er_n120_p30_s2,erdos_renyi,"G(120, 0.30)",generated,112302.0,num_vertices,120,edge_probability,0.3,week18_handcrafted_candidate,120,2132,0.29859943977591036,1,1,colpack,greedy_coloring,LARGEST_FIRST,15,0.0,,True,,data\processed\initial_graph_coloring_dataset\colpack_outputs_week18_heterogeneous_generalization\week18_er_n120_p30_s2_largest_first.txt
week18_er_n120_p30_s2,erdos_renyi,"G(120, 0.30)",generated,112302.0,num_vertices,120,edge_probability,0.3,week18_handcrafted_candidate,120,2132,0.29859943977591036,1,1,colpack,greedy_coloring,DYNAMIC_LARGEST_FIRST,14,0.0,,True,,data\processed\initial_graph_coloring_dataset\colpack_outputs_week18_heterogeneous_generalization\week18_er_n120_p30_s2_dynamic_largest_first.txt
week18_er_n120_p30_s2,erdos_renyi,"G(120, 0.30)",generated,112302.0,num_vertices,120,edge_probability,0.3,week18_handcrafted_candidate,120,2132,0.29859943977591036,1,1,colpack,greedy_coloring,INCIDENCE_DEGREE,14,0.0,,True,,data\processed\initial_graph_coloring_dataset\colpack_outputs_week18_heterogeneous_generalization\week18_er_n120_p30_s2_incidence_degree.txt
week18_er_n120_p30_s2,erdos_renyi,"G(120, 0.30)",generated,112302.0,num_vertices,120,edge_probability,0.3,week18_handcrafted_candidate,120,2132,0.29859943977591036,1,1,colpack,greedy_coloring,SMALLEST_LAST,15,0.0,,True,,data\processed\initial_graph_coloring_dataset\colpack_outputs_week18_heterogeneous_generalization\week18_er_n120_p30_s2_smallest_last.txt
week18_er_n120_p30_s3,erdos_renyi,"G(120, 0.30)",generated,112303.0,num_vertices,120,edge_probability,0.3,week18_handcrafted_candidate,120,2148,0.30084033613445377,1,1,colpack,greedy_coloring,NATURAL,16,0.0,,True,,data\processed\initial_graph_coloring_dataset\colpack_outputs_week18_heterogeneous_generalization\week18_er_n120_p30_s3_natural.txt
week18_er_n120_p30_s3,erdos_renyi,"G(120, 0.30)",generated,112303.0,num_vertices,120,edge_probability,0.3,week18_handcrafted_candidate,120,2148,0.30084033613445377,1,1,colpack,greedy_coloring,LARGEST_FIRST,15,0.0,,True,,data\processed\initial_graph_coloring_dataset\colpack_outputs_week18_heterogeneous_generalization\week18_er_n120_p30_s3_largest_first.txt
week18_er_n120_p30_s3,erdos_renyi,"G(120, 0.30)",generated,112303.0,num_vertices,120,edge_probability,0.3,week18_handcrafted_candidate,120,2148,0.30084033613445377,1,1,colpack,greedy_coloring,DYNAMIC_LARGEST_FIRST,14,0.0,,True,,data\processed\initial_graph_coloring_dataset\colpack_outputs_week18_heterogeneous_generalization\week18_er_n120_p30_s3_dynamic_largest_first.txt
week18_er_n120_p30_s3,erdos_renyi,"G(120, 0.30)",generated,112303.0,num_vertices,120,edge_probability,0.3,week18_handcrafted_candidate,120,2148,0.30084033613445377,1,1,colpack,greedy_coloring,INCIDENCE_DEGREE,15,0.0,,True,,data\processed\initial_graph_coloring_dataset\colpack_outputs_week18_heterogeneous_generalization\week18_er_n120_p30_s3_incidence_degree.txt
week18_er_n120_p30_s3,erdos_renyi,"G(120, 0.30)",generated,112303.0,num_vertices,120,edge_probability,0.3,week18_handcrafted_candidate,120,2148,0.30084033613445377,1,1,colpack,greedy_coloring,SMALLEST_LAST,14,0.0,,True,,data\processed\initial_graph_coloring_dataset\colpack_outputs_week18_heterogeneous_generalization\week18_er_n120_p30_s3_smallest_last.txt
