graph_id,family,construction,generation_seed,parameters,source_type,num_vertices,num_edges,density,num_components,minimum_degree,maximum_degree,average_degree,coloring_distance,method_family,method_name,ordering_name,num_colors,runtime,valid,parse_success,matrix_path,output_file
week18_ba_n60_m2_s0,barabasi_albert,"Barabasi-Albert graph with n=60, m=2",206020,n=60; m=2; replicate=0,week18_additional_handcrafted_candidate,60,116,0.0655367231638418,1,2,16,3.8666666666666667,1,colpack,greedy_coloring,NATURAL,3,0.0,,True,data\raw\matrices\week18_heterogeneous_generalization\week18_ba_n60_m2_s0.mtx,data\processed\initial_graph_coloring_dataset\colpack_outputs_week18_additional_heterogeneous_generalization\week18_ba_n60_m2_s0_natural.txt
week18_ba_n60_m2_s0,barabasi_albert,"Barabasi-Albert graph with n=60, m=2",206020,n=60; m=2; replicate=0,week18_additional_handcrafted_candidate,60,116,0.0655367231638418,1,2,16,3.8666666666666667,1,colpack,greedy_coloring,LARGEST_FIRST,3,0.0,,True,data\raw\matrices\week18_heterogeneous_generalization\week18_ba_n60_m2_s0.mtx,data\processed\initial_graph_coloring_dataset\colpack_outputs_week18_additional_heterogeneous_generalization\week18_ba_n60_m2_s0_largest_first.txt
week18_ba_n60_m2_s0,barabasi_albert,"Barabasi-Albert graph with n=60, m=2",206020,n=60; m=2; replicate=0,week18_additional_handcrafted_candidate,60,116,0.0655367231638418,1,2,16,3.8666666666666667,1,colpack,greedy_coloring,DYNAMIC_LARGEST_FIRST,4,0.0,,True,data\raw\matrices\week18_heterogeneous_generalization\week18_ba_n60_m2_s0.mtx,data\processed\initial_graph_coloring_dataset\colpack_outputs_week18_additional_heterogeneous_generalization\week18_ba_n60_m2_s0_dynamic_largest_first.txt
week18_ba_n60_m2_s0,barabasi_albert,"Barabasi-Albert graph with n=60, m=2",206020,n=60; m=2; replicate=0,week18_additional_handcrafted_candidate,60,116,0.0655367231638418,1,2,16,3.8666666666666667,1,colpack,greedy_coloring,INCIDENCE_DEGREE,3,0.0,,True,data\raw\matrices\week18_heterogeneous_generalization\week18_ba_n60_m2_s0.mtx,data\processed\initial_graph_coloring_dataset\colpack_outputs_week18_additional_heterogeneous_generalization\week18_ba_n60_m2_s0_incidence_degree.txt
week18_ba_n60_m2_s0,barabasi_albert,"Barabasi-Albert graph with n=60, m=2",206020,n=60; m=2; replicate=0,week18_additional_handcrafted_candidate,60,116,0.0655367231638418,1,2,16,3.8666666666666667,1,colpack,greedy_coloring,SMALLEST_LAST,3,0.0,,True,data\raw\matrices\week18_heterogeneous_generalization\week18_ba_n60_m2_s0.mtx,data\processed\initial_graph_coloring_dataset\colpack_outputs_week18_additional_heterogeneous_generalization\week18_ba_n60_m2_s0_smallest_last.txt
week18_ba_n60_m2_s1,barabasi_albert,"Barabasi-Albert graph with n=60, m=2",206021,n=60; m=2; replicate=1,week18_additional_handcrafted_candidate,60,116,0.0655367231638418,1,1,22,3.8666666666666667,1,colpack,greedy_coloring,NATURAL,3,0.0,,True,data\raw\matrices\week18_heterogeneous_generalization\week18_ba_n60_m2_s1.mtx,data\processed\initial_graph_coloring_dataset\colpack_outputs_week18_additional_heterogeneous_generalization\week18_ba_n60_m2_s1_natural.txt
week18_ba_n60_m2_s1,barabasi_albert,"Barabasi-Albert graph with n=60, m=2",206021,n=60; m=2; replicate=1,week18_additional_handcrafted_candidate,60,116,0.0655367231638418,1,1,22,3.8666666666666667,1,colpack,greedy_coloring,LARGEST_FIRST,3,0.0,,True,data\raw\matrices\week18_heterogeneous_generalization\week18_ba_n60_m2_s1.mtx,data\processed\initial_graph_coloring_dataset\colpack_outputs_week18_additional_heterogeneous_generalization\week18_ba_n60_m2_s1_largest_first.txt
week18_ba_n60_m2_s1,barabasi_albert,"Barabasi-Albert graph with n=60, m=2",206021,n=60; m=2; replicate=1,week18_additional_handcrafted_candidate,60,116,0.0655367231638418,1,1,22,3.8666666666666667,1,colpack,greedy_coloring,DYNAMIC_LARGEST_FIRST,3,0.0,,True,data\raw\matrices\week18_heterogeneous_generalization\week18_ba_n60_m2_s1.mtx,data\processed\initial_graph_coloring_dataset\colpack_outputs_week18_additional_heterogeneous_generalization\week18_ba_n60_m2_s1_dynamic_largest_first.txt
week18_ba_n60_m2_s1,barabasi_albert,"Barabasi-Albert graph with n=60, m=2",206021,n=60; m=2; replicate=1,week18_additional_handcrafted_candidate,60,116,0.0655367231638418,1,1,22,3.8666666666666667,1,colpack,greedy_coloring,INCIDENCE_DEGREE,4,0.0,,True,data\raw\matrices\week18_heterogeneous_generalization\week18_ba_n60_m2_s1.mtx,data\processed\initial_graph_coloring_dataset\colpack_outputs_week18_additional_heterogeneous_generalization\week18_ba_n60_m2_s1_incidence_degree.txt
week18_ba_n60_m2_s1,barabasi_albert,"Barabasi-Albert graph with n=60, m=2",206021,n=60; m=2; replicate=1,week18_additional_handcrafted_candidate,60,116,0.0655367231638418,1,1,22,3.8666666666666667,1,colpack,greedy_coloring,SMALLEST_LAST,3,0.0,,True,data\raw\matrices\week18_heterogeneous_generalization\week18_ba_n60_m2_s1.mtx,data\processed\initial_graph_coloring_dataset\colpack_outputs_week18_additional_heterogeneous_generalization\week18_ba_n60_m2_s1_smallest_last.txt
week18_ba_n60_m2_s2,barabasi_albert,"Barabasi-Albert graph with n=60, m=2",206022,n=60; m=2; replicate=2,week18_additional_handcrafted_candidate,60,116,0.0655367231638418,1,2,26,3.8666666666666667,1,colpack,greedy_coloring,NATURAL,3,0.0,,True,data\raw\matrices\week18_heterogeneous_generalization\week18_ba_n60_m2_s2.mtx,data\processed\initial_graph_coloring_dataset\colpack_outputs_week18_additional_heterogeneous_generalization\week18_ba_n60_m2_s2_natural.txt
week18_ba_n60_m2_s2,barabasi_albert,"Barabasi-Albert graph with n=60, m=2",206022,n=60; m=2; replicate=2,week18_additional_handcrafted_candidate,60,116,0.0655367231638418,1,2,26,3.8666666666666667,1,colpack,greedy_coloring,LARGEST_FIRST,3,0.0,,True,data\raw\matrices\week18_heterogeneous_generalization\week18_ba_n60_m2_s2.mtx,data\processed\initial_graph_coloring_dataset\colpack_outputs_week18_additional_heterogeneous_generalization\week18_ba_n60_m2_s2_largest_first.txt
week18_ba_n60_m2_s2,barabasi_albert,"Barabasi-Albert graph with n=60, m=2",206022,n=60; m=2; replicate=2,week18_additional_handcrafted_candidate,60,116,0.0655367231638418,1,2,26,3.8666666666666667,1,colpack,greedy_coloring,DYNAMIC_LARGEST_FIRST,3,0.0,,True,data\raw\matrices\week18_heterogeneous_generalization\week18_ba_n60_m2_s2.mtx,data\processed\initial_graph_coloring_dataset\colpack_outputs_week18_additional_heterogeneous_generalization\week18_ba_n60_m2_s2_dynamic_largest_first.txt
week18_ba_n60_m2_s2,barabasi_albert,"Barabasi-Albert graph with n=60, m=2",206022,n=60; m=2; replicate=2,week18_additional_handcrafted_candidate,60,116,0.0655367231638418,1,2,26,3.8666666666666667,1,colpack,greedy_coloring,INCIDENCE_DEGREE,4,0.0,,True,data\raw\matrices\week18_heterogeneous_generalization\week18_ba_n60_m2_s2.mtx,data\processed\initial_graph_coloring_dataset\colpack_outputs_week18_additional_heterogeneous_generalization\week18_ba_n60_m2_s2_incidence_degree.txt
week18_ba_n60_m2_s2,barabasi_albert,"Barabasi-Albert graph with n=60, m=2",206022,n=60; m=2; replicate=2,week18_additional_handcrafted_candidate,60,116,0.0655367231638418,1,2,26,3.8666666666666667,1,colpack,greedy_coloring,SMALLEST_LAST,3,0.0,,True,data\raw\matrices\week18_heterogeneous_generalization\week18_ba_n60_m2_s2.mtx,data\processed\initial_graph_coloring_dataset\colpack_outputs_week18_additional_heterogeneous_generalization\week18_ba_n60_m2_s2_smallest_last.txt
week18_ba_n60_m4_s0,barabasi_albert,"Barabasi-Albert graph with n=60, m=4",206040,n=60; m=4; replicate=0,week18_additional_handcrafted_candidate,60,224,0.12655367231638417,1,1,26,7.466666666666667,1,colpack,greedy_coloring,NATURAL,5,0.0,,True,data\raw\matrices\week18_heterogeneous_generalization\week18_ba_n60_m4_s0.mtx,data\processed\initial_graph_coloring_dataset\colpack_outputs_week18_additional_heterogeneous_generalization\week18_ba_n60_m4_s0_natural.txt
week18_ba_n60_m4_s0,barabasi_albert,"Barabasi-Albert graph with n=60, m=4",206040,n=60; m=4; replicate=0,week18_additional_handcrafted_candidate,60,224,0.12655367231638417,1,1,26,7.466666666666667,1,colpack,greedy_coloring,LARGEST_FIRST,5,0.0,,True,data\raw\matrices\week18_heterogeneous_generalization\week18_ba_n60_m4_s0.mtx,data\processed\initial_graph_coloring_dataset\colpack_outputs_week18_additional_heterogeneous_generalization\week18_ba_n60_m4_s0_largest_first.txt
week18_ba_n60_m4_s0,barabasi_albert,"Barabasi-Albert graph with n=60, m=4",206040,n=60; m=4; replicate=0,week18_additional_handcrafted_candidate,60,224,0.12655367231638417,1,1,26,7.466666666666667,1,colpack,greedy_coloring,DYNAMIC_LARGEST_FIRST,5,0.0,,True,data\raw\matrices\week18_heterogeneous_generalization\week18_ba_n60_m4_s0.mtx,data\processed\initial_graph_coloring_dataset\colpack_outputs_week18_additional_heterogeneous_generalization\week18_ba_n60_m4_s0_dynamic_largest_first.txt
week18_ba_n60_m4_s0,barabasi_albert,"Barabasi-Albert graph with n=60, m=4",206040,n=60; m=4; replicate=0,week18_additional_handcrafted_candidate,60,224,0.12655367231638417,1,1,26,7.466666666666667,1,colpack,greedy_coloring,INCIDENCE_DEGREE,5,0.0,,True,data\raw\matrices\week18_heterogeneous_generalization\week18_ba_n60_m4_s0.mtx,data\processed\initial_graph_coloring_dataset\colpack_outputs_week18_additional_heterogeneous_generalization\week18_ba_n60_m4_s0_incidence_degree.txt
week18_ba_n60_m4_s0,barabasi_albert,"Barabasi-Albert graph with n=60, m=4",206040,n=60; m=4; replicate=0,week18_additional_handcrafted_candidate,60,224,0.12655367231638417,1,1,26,7.466666666666667,1,colpack,greedy_coloring,SMALLEST_LAST,5,0.001,,True,data\raw\matrices\week18_heterogeneous_generalization\week18_ba_n60_m4_s0.mtx,data\processed\initial_graph_coloring_dataset\colpack_outputs_week18_additional_heterogeneous_generalization\week18_ba_n60_m4_s0_smallest_last.txt
week18_ba_n60_m4_s1,barabasi_albert,"Barabasi-Albert graph with n=60, m=4",206041,n=60; m=4; replicate=1,week18_additional_handcrafted_candidate,60,224,0.12655367231638417,1,4,25,7.466666666666667,1,colpack,greedy_coloring,NATURAL,5,0.0,,True,data\raw\matrices\week18_heterogeneous_generalization\week18_ba_n60_m4_s1.mtx,data\processed\initial_graph_coloring_dataset\colpack_outputs_week18_additional_heterogeneous_generalization\week18_ba_n60_m4_s1_natural.txt
week18_ba_n60_m4_s1,barabasi_albert,"Barabasi-Albert graph with n=60, m=4",206041,n=60; m=4; replicate=1,week18_additional_handcrafted_candidate,60,224,0.12655367231638417,1,4,25,7.466666666666667,1,colpack,greedy_coloring,LARGEST_FIRST,5,0.0,,True,data\raw\matrices\week18_heterogeneous_generalization\week18_ba_n60_m4_s1.mtx,data\processed\initial_graph_coloring_dataset\colpack_outputs_week18_additional_heterogeneous_generalization\week18_ba_n60_m4_s1_largest_first.txt
week18_ba_n60_m4_s1,barabasi_albert,"Barabasi-Albert graph with n=60, m=4",206041,n=60; m=4; replicate=1,week18_additional_handcrafted_candidate,60,224,0.12655367231638417,1,4,25,7.466666666666667,1,colpack,greedy_coloring,DYNAMIC_LARGEST_FIRST,5,0.0,,True,data\raw\matrices\week18_heterogeneous_generalization\week18_ba_n60_m4_s1.mtx,data\processed\initial_graph_coloring_dataset\colpack_outputs_week18_additional_heterogeneous_generalization\week18_ba_n60_m4_s1_dynamic_largest_first.txt
week18_ba_n60_m4_s1,barabasi_albert,"Barabasi-Albert graph with n=60, m=4",206041,n=60; m=4; replicate=1,week18_additional_handcrafted_candidate,60,224,0.12655367231638417,1,4,25,7.466666666666667,1,colpack,greedy_coloring,INCIDENCE_DEGREE,5,0.0,,True,data\raw\matrices\week18_heterogeneous_generalization\week18_ba_n60_m4_s1.mtx,data\processed\initial_graph_coloring_dataset\colpack_outputs_week18_additional_heterogeneous_generalization\week18_ba_n60_m4_s1_incidence_degree.txt
week18_ba_n60_m4_s1,barabasi_albert,"Barabasi-Albert graph with n=60, m=4",206041,n=60; m=4; replicate=1,week18_additional_handcrafted_candidate,60,224,0.12655367231638417,1,4,25,7.466666666666667,1,colpack,greedy_coloring,SMALLEST_LAST,5,0.0,,True,data\raw\matrices\week18_heterogeneous_generalization\week18_ba_n60_m4_s1.mtx,data\processed\initial_graph_coloring_dataset\colpack_outputs_week18_additional_heterogeneous_generalization\week18_ba_n60_m4_s1_smallest_last.txt
week18_ba_n60_m4_s2,barabasi_albert,"Barabasi-Albert graph with n=60, m=4",206042,n=60; m=4; replicate=2,week18_additional_handcrafted_candidate,60,224,0.12655367231638417,1,4,23,7.466666666666667,1,colpack,greedy_coloring,NATURAL,5,0.0,,True,data\raw\matrices\week18_heterogeneous_generalization\week18_ba_n60_m4_s2.mtx,data\processed\initial_graph_coloring_dataset\colpack_outputs_week18_additional_heterogeneous_generalization\week18_ba_n60_m4_s2_natural.txt
week18_ba_n60_m4_s2,barabasi_albert,"Barabasi-Albert graph with n=60, m=4",206042,n=60; m=4; replicate=2,week18_additional_handcrafted_candidate,60,224,0.12655367231638417,1,4,23,7.466666666666667,1,colpack,greedy_coloring,LARGEST_FIRST,5,0.0,,True,data\raw\matrices\week18_heterogeneous_generalization\week18_ba_n60_m4_s2.mtx,data\processed\initial_graph_coloring_dataset\colpack_outputs_week18_additional_heterogeneous_generalization\week18_ba_n60_m4_s2_largest_first.txt
week18_ba_n60_m4_s2,barabasi_albert,"Barabasi-Albert graph with n=60, m=4",206042,n=60; m=4; replicate=2,week18_additional_handcrafted_candidate,60,224,0.12655367231638417,1,4,23,7.466666666666667,1,colpack,greedy_coloring,DYNAMIC_LARGEST_FIRST,5,0.0,,True,data\raw\matrices\week18_heterogeneous_generalization\week18_ba_n60_m4_s2.mtx,data\processed\initial_graph_coloring_dataset\colpack_outputs_week18_additional_heterogeneous_generalization\week18_ba_n60_m4_s2_dynamic_largest_first.txt
week18_ba_n60_m4_s2,barabasi_albert,"Barabasi-Albert graph with n=60, m=4",206042,n=60; m=4; replicate=2,week18_additional_handcrafted_candidate,60,224,0.12655367231638417,1,4,23,7.466666666666667,1,colpack,greedy_coloring,INCIDENCE_DEGREE,5,0.0,,True,data\raw\matrices\week18_heterogeneous_generalization\week18_ba_n60_m4_s2.mtx,data\processed\initial_graph_coloring_dataset\colpack_outputs_week18_additional_heterogeneous_generalization\week18_ba_n60_m4_s2_incidence_degree.txt
week18_ba_n60_m4_s2,barabasi_albert,"Barabasi-Albert graph with n=60, m=4",206042,n=60; m=4; replicate=2,week18_additional_handcrafted_candidate,60,224,0.12655367231638417,1,4,23,7.466666666666667,1,colpack,greedy_coloring,SMALLEST_LAST,5,0.0,,True,data\raw\matrices\week18_heterogeneous_generalization\week18_ba_n60_m4_s2.mtx,data\processed\initial_graph_coloring_dataset\colpack_outputs_week18_additional_heterogeneous_generalization\week18_ba_n60_m4_s2_smallest_last.txt
week18_ba_n60_m6_s0,barabasi_albert,"Barabasi-Albert graph with n=60, m=6",206060,n=60; m=6; replicate=0,week18_additional_handcrafted_candidate,60,324,0.18305084745762712,1,2,30,10.8,1,colpack,greedy_coloring,NATURAL,6,0.0,,True,data\raw\matrices\week18_heterogeneous_generalization\week18_ba_n60_m6_s0.mtx,data\processed\initial_graph_coloring_dataset\colpack_outputs_week18_additional_heterogeneous_generalization\week18_ba_n60_m6_s0_natural.txt
week18_ba_n60_m6_s0,barabasi_albert,"Barabasi-Albert graph with n=60, m=6",206060,n=60; m=6; replicate=0,week18_additional_handcrafted_candidate,60,324,0.18305084745762712,1,2,30,10.8,1,colpack,greedy_coloring,LARGEST_FIRST,7,0.0,,True,data\raw\matrices\week18_heterogeneous_generalization\week18_ba_n60_m6_s0.mtx,data\processed\initial_graph_coloring_dataset\colpack_outputs_week18_additional_heterogeneous_generalization\week18_ba_n60_m6_s0_largest_first.txt
week18_ba_n60_m6_s0,barabasi_albert,"Barabasi-Albert graph with n=60, m=6",206060,n=60; m=6; replicate=0,week18_additional_handcrafted_candidate,60,324,0.18305084745762712,1,2,30,10.8,1,colpack,greedy_coloring,DYNAMIC_LARGEST_FIRST,7,0.001,,True,data\raw\matrices\week18_heterogeneous_generalization\week18_ba_n60_m6_s0.mtx,data\processed\initial_graph_coloring_dataset\colpack_outputs_week18_additional_heterogeneous_generalization\week18_ba_n60_m6_s0_dynamic_largest_first.txt
week18_ba_n60_m6_s0,barabasi_albert,"Barabasi-Albert graph with n=60, m=6",206060,n=60; m=6; replicate=0,week18_additional_handcrafted_candidate,60,324,0.18305084745762712,1,2,30,10.8,1,colpack,greedy_coloring,INCIDENCE_DEGREE,7,0.0,,True,data\raw\matrices\week18_heterogeneous_generalization\week18_ba_n60_m6_s0.mtx,data\processed\initial_graph_coloring_dataset\colpack_outputs_week18_additional_heterogeneous_generalization\week18_ba_n60_m6_s0_incidence_degree.txt
week18_ba_n60_m6_s0,barabasi_albert,"Barabasi-Albert graph with n=60, m=6",206060,n=60; m=6; replicate=0,week18_additional_handcrafted_candidate,60,324,0.18305084745762712,1,2,30,10.8,1,colpack,greedy_coloring,SMALLEST_LAST,6,0.001,,True,data\raw\matrices\week18_heterogeneous_generalization\week18_ba_n60_m6_s0.mtx,data\processed\initial_graph_coloring_dataset\colpack_outputs_week18_additional_heterogeneous_generalization\week18_ba_n60_m6_s0_smallest_last.txt
week18_ba_n60_m6_s1,barabasi_albert,"Barabasi-Albert graph with n=60, m=6",206061,n=60; m=6; replicate=1,week18_additional_handcrafted_candidate,60,324,0.18305084745762712,1,6,31,10.8,1,colpack,greedy_coloring,NATURAL,6,0.0,,True,data\raw\matrices\week18_heterogeneous_generalization\week18_ba_n60_m6_s1.mtx,data\processed\initial_graph_coloring_dataset\colpack_outputs_week18_additional_heterogeneous_generalization\week18_ba_n60_m6_s1_natural.txt
week18_ba_n60_m6_s1,barabasi_albert,"Barabasi-Albert graph with n=60, m=6",206061,n=60; m=6; replicate=1,week18_additional_handcrafted_candidate,60,324,0.18305084745762712,1,6,31,10.8,1,colpack,greedy_coloring,LARGEST_FIRST,6,0.0,,True,data\raw\matrices\week18_heterogeneous_generalization\week18_ba_n60_m6_s1.mtx,data\processed\initial_graph_coloring_dataset\colpack_outputs_week18_additional_heterogeneous_generalization\week18_ba_n60_m6_s1_largest_first.txt
week18_ba_n60_m6_s1,barabasi_albert,"Barabasi-Albert graph with n=60, m=6",206061,n=60; m=6; replicate=1,week18_additional_handcrafted_candidate,60,324,0.18305084745762712,1,6,31,10.8,1,colpack,greedy_coloring,DYNAMIC_LARGEST_FIRST,6,0.0,,True,data\raw\matrices\week18_heterogeneous_generalization\week18_ba_n60_m6_s1.mtx,data\processed\initial_graph_coloring_dataset\colpack_outputs_week18_additional_heterogeneous_generalization\week18_ba_n60_m6_s1_dynamic_largest_first.txt
week18_ba_n60_m6_s1,barabasi_albert,"Barabasi-Albert graph with n=60, m=6",206061,n=60; m=6; replicate=1,week18_additional_handcrafted_candidate,60,324,0.18305084745762712,1,6,31,10.8,1,colpack,greedy_coloring,INCIDENCE_DEGREE,6,0.0,,True,data\raw\matrices\week18_heterogeneous_generalization\week18_ba_n60_m6_s1.mtx,data\processed\initial_graph_coloring_dataset\colpack_outputs_week18_additional_heterogeneous_generalization\week18_ba_n60_m6_s1_incidence_degree.txt
week18_ba_n60_m6_s1,barabasi_albert,"Barabasi-Albert graph with n=60, m=6",206061,n=60; m=6; replicate=1,week18_additional_handcrafted_candidate,60,324,0.18305084745762712,1,6,31,10.8,1,colpack,greedy_coloring,SMALLEST_LAST,7,0.0,,True,data\raw\matrices\week18_heterogeneous_generalization\week18_ba_n60_m6_s1.mtx,data\processed\initial_graph_coloring_dataset\colpack_outputs_week18_additional_heterogeneous_generalization\week18_ba_n60_m6_s1_smallest_last.txt
week18_ba_n60_m6_s2,barabasi_albert,"Barabasi-Albert graph with n=60, m=6",206062,n=60; m=6; replicate=2,week18_additional_handcrafted_candidate,60,324,0.18305084745762712,1,2,30,10.8,1,colpack,greedy_coloring,NATURAL,7,0.0,,True,data\raw\matrices\week18_heterogeneous_generalization\week18_ba_n60_m6_s2.mtx,data\processed\initial_graph_coloring_dataset\colpack_outputs_week18_additional_heterogeneous_generalization\week18_ba_n60_m6_s2_natural.txt
week18_ba_n60_m6_s2,barabasi_albert,"Barabasi-Albert graph with n=60, m=6",206062,n=60; m=6; replicate=2,week18_additional_handcrafted_candidate,60,324,0.18305084745762712,1,2,30,10.8,1,colpack,greedy_coloring,LARGEST_FIRST,7,0.0,,True,data\raw\matrices\week18_heterogeneous_generalization\week18_ba_n60_m6_s2.mtx,data\processed\initial_graph_coloring_dataset\colpack_outputs_week18_additional_heterogeneous_generalization\week18_ba_n60_m6_s2_largest_first.txt
week18_ba_n60_m6_s2,barabasi_albert,"Barabasi-Albert graph with n=60, m=6",206062,n=60; m=6; replicate=2,week18_additional_handcrafted_candidate,60,324,0.18305084745762712,1,2,30,10.8,1,colpack,greedy_coloring,DYNAMIC_LARGEST_FIRST,6,0.0,,True,data\raw\matrices\week18_heterogeneous_generalization\week18_ba_n60_m6_s2.mtx,data\processed\initial_graph_coloring_dataset\colpack_outputs_week18_additional_heterogeneous_generalization\week18_ba_n60_m6_s2_dynamic_largest_first.txt
week18_ba_n60_m6_s2,barabasi_albert,"Barabasi-Albert graph with n=60, m=6",206062,n=60; m=6; replicate=2,week18_additional_handcrafted_candidate,60,324,0.18305084745762712,1,2,30,10.8,1,colpack,greedy_coloring,INCIDENCE_DEGREE,6,0.0,,True,data\raw\matrices\week18_heterogeneous_generalization\week18_ba_n60_m6_s2.mtx,data\processed\initial_graph_coloring_dataset\colpack_outputs_week18_additional_heterogeneous_generalization\week18_ba_n60_m6_s2_incidence_degree.txt
week18_ba_n60_m6_s2,barabasi_albert,"Barabasi-Albert graph with n=60, m=6",206062,n=60; m=6; replicate=2,week18_additional_handcrafted_candidate,60,324,0.18305084745762712,1,2,30,10.8,1,colpack,greedy_coloring,SMALLEST_LAST,7,0.001,,True,data\raw\matrices\week18_heterogeneous_generalization\week18_ba_n60_m6_s2.mtx,data\processed\initial_graph_coloring_dataset\colpack_outputs_week18_additional_heterogeneous_generalization\week18_ba_n60_m6_s2_smallest_last.txt
week18_ba_n80_m2_s0,barabasi_albert,"Barabasi-Albert graph with n=80, m=2",208020,n=80; m=2; replicate=0,week18_additional_handcrafted_candidate,80,156,0.049367088607594936,1,2,19,3.9,1,colpack,greedy_coloring,NATURAL,3,0.0,,True,data\raw\matrices\week18_heterogeneous_generalization\week18_ba_n80_m2_s0.mtx,data\processed\initial_graph_coloring_dataset\colpack_outputs_week18_additional_heterogeneous_generalization\week18_ba_n80_m2_s0_natural.txt
week18_ba_n80_m2_s0,barabasi_albert,"Barabasi-Albert graph with n=80, m=2",208020,n=80; m=2; replicate=0,week18_additional_handcrafted_candidate,80,156,0.049367088607594936,1,2,19,3.9,1,colpack,greedy_coloring,LARGEST_FIRST,4,0.0,,True,data\raw\matrices\week18_heterogeneous_generalization\week18_ba_n80_m2_s0.mtx,data\processed\initial_graph_coloring_dataset\colpack_outputs_week18_additional_heterogeneous_generalization\week18_ba_n80_m2_s0_largest_first.txt
week18_ba_n80_m2_s0,barabasi_albert,"Barabasi-Albert graph with n=80, m=2",208020,n=80; m=2; replicate=0,week18_additional_handcrafted_candidate,80,156,0.049367088607594936,1,2,19,3.9,1,colpack,greedy_coloring,DYNAMIC_LARGEST_FIRST,4,0.0,,True,data\raw\matrices\week18_heterogeneous_generalization\week18_ba_n80_m2_s0.mtx,data\processed\initial_graph_coloring_dataset\colpack_outputs_week18_additional_heterogeneous_generalization\week18_ba_n80_m2_s0_dynamic_largest_first.txt
week18_ba_n80_m2_s0,barabasi_albert,"Barabasi-Albert graph with n=80, m=2",208020,n=80; m=2; replicate=0,week18_additional_handcrafted_candidate,80,156,0.049367088607594936,1,2,19,3.9,1,colpack,greedy_coloring,INCIDENCE_DEGREE,3,0.0,,True,data\raw\matrices\week18_heterogeneous_generalization\week18_ba_n80_m2_s0.mtx,data\processed\initial_graph_coloring_dataset\colpack_outputs_week18_additional_heterogeneous_generalization\week18_ba_n80_m2_s0_incidence_degree.txt
week18_ba_n80_m2_s0,barabasi_albert,"Barabasi-Albert graph with n=80, m=2",208020,n=80; m=2; replicate=0,week18_additional_handcrafted_candidate,80,156,0.049367088607594936,1,2,19,3.9,1,colpack,greedy_coloring,SMALLEST_LAST,3,0.0,,True,data\raw\matrices\week18_heterogeneous_generalization\week18_ba_n80_m2_s0.mtx,data\processed\initial_graph_coloring_dataset\colpack_outputs_week18_additional_heterogeneous_generalization\week18_ba_n80_m2_s0_smallest_last.txt
week18_ba_n80_m2_s1,barabasi_albert,"Barabasi-Albert graph with n=80, m=2",208021,n=80; m=2; replicate=1,week18_additional_handcrafted_candidate,80,156,0.049367088607594936,1,2,19,3.9,1,colpack,greedy_coloring,NATURAL,3,0.0,,True,data\raw\matrices\week18_heterogeneous_generalization\week18_ba_n80_m2_s1.mtx,data\processed\initial_graph_coloring_dataset\colpack_outputs_week18_additional_heterogeneous_generalization\week18_ba_n80_m2_s1_natural.txt
week18_ba_n80_m2_s1,barabasi_albert,"Barabasi-Albert graph with n=80, m=2",208021,n=80; m=2; replicate=1,week18_additional_handcrafted_candidate,80,156,0.049367088607594936,1,2,19,3.9,1,colpack,greedy_coloring,LARGEST_FIRST,4,0.0,,True,data\raw\matrices\week18_heterogeneous_generalization\week18_ba_n80_m2_s1.mtx,data\processed\initial_graph_coloring_dataset\colpack_outputs_week18_additional_heterogeneous_generalization\week18_ba_n80_m2_s1_largest_first.txt
week18_ba_n80_m2_s1,barabasi_albert,"Barabasi-Albert graph with n=80, m=2",208021,n=80; m=2; replicate=1,week18_additional_handcrafted_candidate,80,156,0.049367088607594936,1,2,19,3.9,1,colpack,greedy_coloring,DYNAMIC_LARGEST_FIRST,4,0.0,,True,data\raw\matrices\week18_heterogeneous_generalization\week18_ba_n80_m2_s1.mtx,data\processed\initial_graph_coloring_dataset\colpack_outputs_week18_additional_heterogeneous_generalization\week18_ba_n80_m2_s1_dynamic_largest_first.txt
week18_ba_n80_m2_s1,barabasi_albert,"Barabasi-Albert graph with n=80, m=2",208021,n=80; m=2; replicate=1,week18_additional_handcrafted_candidate,80,156,0.049367088607594936,1,2,19,3.9,1,colpack,greedy_coloring,INCIDENCE_DEGREE,3,0.0,,True,data\raw\matrices\week18_heterogeneous_generalization\week18_ba_n80_m2_s1.mtx,data\processed\initial_graph_coloring_dataset\colpack_outputs_week18_additional_heterogeneous_generalization\week18_ba_n80_m2_s1_incidence_degree.txt
week18_ba_n80_m2_s1,barabasi_albert,"Barabasi-Albert graph with n=80, m=2",208021,n=80; m=2; replicate=1,week18_additional_handcrafted_candidate,80,156,0.049367088607594936,1,2,19,3.9,1,colpack,greedy_coloring,SMALLEST_LAST,3,0.0,,True,data\raw\matrices\week18_heterogeneous_generalization\week18_ba_n80_m2_s1.mtx,data\processed\initial_graph_coloring_dataset\colpack_outputs_week18_additional_heterogeneous_generalization\week18_ba_n80_m2_s1_smallest_last.txt
week18_ba_n80_m2_s2,barabasi_albert,"Barabasi-Albert graph with n=80, m=2",208022,n=80; m=2; replicate=2,week18_additional_handcrafted_candidate,80,156,0.049367088607594936,1,2,22,3.9,1,colpack,greedy_coloring,NATURAL,3,0.0,,True,data\raw\matrices\week18_heterogeneous_generalization\week18_ba_n80_m2_s2.mtx,data\processed\initial_graph_coloring_dataset\colpack_outputs_week18_additional_heterogeneous_generalization\week18_ba_n80_m2_s2_natural.txt
week18_ba_n80_m2_s2,barabasi_albert,"Barabasi-Albert graph with n=80, m=2",208022,n=80; m=2; replicate=2,week18_additional_handcrafted_candidate,80,156,0.049367088607594936,1,2,22,3.9,1,colpack,greedy_coloring,LARGEST_FIRST,3,0.0,,True,data\raw\matrices\week18_heterogeneous_generalization\week18_ba_n80_m2_s2.mtx,data\processed\initial_graph_coloring_dataset\colpack_outputs_week18_additional_heterogeneous_generalization\week18_ba_n80_m2_s2_largest_first.txt
week18_ba_n80_m2_s2,barabasi_albert,"Barabasi-Albert graph with n=80, m=2",208022,n=80; m=2; replicate=2,week18_additional_handcrafted_candidate,80,156,0.049367088607594936,1,2,22,3.9,1,colpack,greedy_coloring,DYNAMIC_LARGEST_FIRST,4,0.0,,True,data\raw\matrices\week18_heterogeneous_generalization\week18_ba_n80_m2_s2.mtx,data\processed\initial_graph_coloring_dataset\colpack_outputs_week18_additional_heterogeneous_generalization\week18_ba_n80_m2_s2_dynamic_largest_first.txt
week18_ba_n80_m2_s2,barabasi_albert,"Barabasi-Albert graph with n=80, m=2",208022,n=80; m=2; replicate=2,week18_additional_handcrafted_candidate,80,156,0.049367088607594936,1,2,22,3.9,1,colpack,greedy_coloring,INCIDENCE_DEGREE,3,0.0,,True,data\raw\matrices\week18_heterogeneous_generalization\week18_ba_n80_m2_s2.mtx,data\processed\initial_graph_coloring_dataset\colpack_outputs_week18_additional_heterogeneous_generalization\week18_ba_n80_m2_s2_incidence_degree.txt
week18_ba_n80_m2_s2,barabasi_albert,"Barabasi-Albert graph with n=80, m=2",208022,n=80; m=2; replicate=2,week18_additional_handcrafted_candidate,80,156,0.049367088607594936,1,2,22,3.9,1,colpack,greedy_coloring,SMALLEST_LAST,3,0.0,,True,data\raw\matrices\week18_heterogeneous_generalization\week18_ba_n80_m2_s2.mtx,data\processed\initial_graph_coloring_dataset\colpack_outputs_week18_additional_heterogeneous_generalization\week18_ba_n80_m2_s2_smallest_last.txt
week18_ba_n80_m4_s0,barabasi_albert,"Barabasi-Albert graph with n=80, m=4",208040,n=80; m=4; replicate=0,week18_additional_handcrafted_candidate,80,304,0.09620253164556962,1,4,27,7.6,1,colpack,greedy_coloring,NATURAL,5,0.0,,True,data\raw\matrices\week18_heterogeneous_generalization\week18_ba_n80_m4_s0.mtx,data\processed\initial_graph_coloring_dataset\colpack_outputs_week18_additional_heterogeneous_generalization\week18_ba_n80_m4_s0_natural.txt
week18_ba_n80_m4_s0,barabasi_albert,"Barabasi-Albert graph with n=80, m=4",208040,n=80; m=4; replicate=0,week18_additional_handcrafted_candidate,80,304,0.09620253164556962,1,4,27,7.6,1,colpack,greedy_coloring,LARGEST_FIRST,5,0.0,,True,data\raw\matrices\week18_heterogeneous_generalization\week18_ba_n80_m4_s0.mtx,data\processed\initial_graph_coloring_dataset\colpack_outputs_week18_additional_heterogeneous_generalization\week18_ba_n80_m4_s0_largest_first.txt
week18_ba_n80_m4_s0,barabasi_albert,"Barabasi-Albert graph with n=80, m=4",208040,n=80; m=4; replicate=0,week18_additional_handcrafted_candidate,80,304,0.09620253164556962,1,4,27,7.6,1,colpack,greedy_coloring,DYNAMIC_LARGEST_FIRST,6,0.0,,True,data\raw\matrices\week18_heterogeneous_generalization\week18_ba_n80_m4_s0.mtx,data\processed\initial_graph_coloring_dataset\colpack_outputs_week18_additional_heterogeneous_generalization\week18_ba_n80_m4_s0_dynamic_largest_first.txt
week18_ba_n80_m4_s0,barabasi_albert,"Barabasi-Albert graph with n=80, m=4",208040,n=80; m=4; replicate=0,week18_additional_handcrafted_candidate,80,304,0.09620253164556962,1,4,27,7.6,1,colpack,greedy_coloring,INCIDENCE_DEGREE,6,0.0,,True,data\raw\matrices\week18_heterogeneous_generalization\week18_ba_n80_m4_s0.mtx,data\processed\initial_graph_coloring_dataset\colpack_outputs_week18_additional_heterogeneous_generalization\week18_ba_n80_m4_s0_incidence_degree.txt
week18_ba_n80_m4_s0,barabasi_albert,"Barabasi-Albert graph with n=80, m=4",208040,n=80; m=4; replicate=0,week18_additional_handcrafted_candidate,80,304,0.09620253164556962,1,4,27,7.6,1,colpack,greedy_coloring,SMALLEST_LAST,5,0.001,,True,data\raw\matrices\week18_heterogeneous_generalization\week18_ba_n80_m4_s0.mtx,data\processed\initial_graph_coloring_dataset\colpack_outputs_week18_additional_heterogeneous_generalization\week18_ba_n80_m4_s0_smallest_last.txt
week18_ba_n80_m4_s1,barabasi_albert,"Barabasi-Albert graph with n=80, m=4",208041,n=80; m=4; replicate=1,week18_additional_handcrafted_candidate,80,304,0.09620253164556962,1,4,24,7.6,1,colpack,greedy_coloring,NATURAL,5,0.0,,True,data\raw\matrices\week18_heterogeneous_generalization\week18_ba_n80_m4_s1.mtx,data\processed\initial_graph_coloring_dataset\colpack_outputs_week18_additional_heterogeneous_generalization\week18_ba_n80_m4_s1_natural.txt
week18_ba_n80_m4_s1,barabasi_albert,"Barabasi-Albert graph with n=80, m=4",208041,n=80; m=4; replicate=1,week18_additional_handcrafted_candidate,80,304,0.09620253164556962,1,4,24,7.6,1,colpack,greedy_coloring,LARGEST_FIRST,6,0.0,,True,data\raw\matrices\week18_heterogeneous_generalization\week18_ba_n80_m4_s1.mtx,data\processed\initial_graph_coloring_dataset\colpack_outputs_week18_additional_heterogeneous_generalization\week18_ba_n80_m4_s1_largest_first.txt
week18_ba_n80_m4_s1,barabasi_albert,"Barabasi-Albert graph with n=80, m=4",208041,n=80; m=4; replicate=1,week18_additional_handcrafted_candidate,80,304,0.09620253164556962,1,4,24,7.6,1,colpack,greedy_coloring,DYNAMIC_LARGEST_FIRST,6,0.001,,True,data\raw\matrices\week18_heterogeneous_generalization\week18_ba_n80_m4_s1.mtx,data\processed\initial_graph_coloring_dataset\colpack_outputs_week18_additional_heterogeneous_generalization\week18_ba_n80_m4_s1_dynamic_largest_first.txt
week18_ba_n80_m4_s1,barabasi_albert,"Barabasi-Albert graph with n=80, m=4",208041,n=80; m=4; replicate=1,week18_additional_handcrafted_candidate,80,304,0.09620253164556962,1,4,24,7.6,1,colpack,greedy_coloring,INCIDENCE_DEGREE,6,0.0,,True,data\raw\matrices\week18_heterogeneous_generalization\week18_ba_n80_m4_s1.mtx,data\processed\initial_graph_coloring_dataset\colpack_outputs_week18_additional_heterogeneous_generalization\week18_ba_n80_m4_s1_incidence_degree.txt
week18_ba_n80_m4_s1,barabasi_albert,"Barabasi-Albert graph with n=80, m=4",208041,n=80; m=4; replicate=1,week18_additional_handcrafted_candidate,80,304,0.09620253164556962,1,4,24,7.6,1,colpack,greedy_coloring,SMALLEST_LAST,5,0.001,,True,data\raw\matrices\week18_heterogeneous_generalization\week18_ba_n80_m4_s1.mtx,data\processed\initial_graph_coloring_dataset\colpack_outputs_week18_additional_heterogeneous_generalization\week18_ba_n80_m4_s1_smallest_last.txt
week18_ba_n80_m4_s2,barabasi_albert,"Barabasi-Albert graph with n=80, m=4",208042,n=80; m=4; replicate=2,week18_additional_handcrafted_candidate,80,304,0.09620253164556962,1,4,23,7.6,1,colpack,greedy_coloring,NATURAL,5,0.0,,True,data\raw\matrices\week18_heterogeneous_generalization\week18_ba_n80_m4_s2.mtx,data\processed\initial_graph_coloring_dataset\colpack_outputs_week18_additional_heterogeneous_generalization\week18_ba_n80_m4_s2_natural.txt
week18_ba_n80_m4_s2,barabasi_albert,"Barabasi-Albert graph with n=80, m=4",208042,n=80; m=4; replicate=2,week18_additional_handcrafted_candidate,80,304,0.09620253164556962,1,4,23,7.6,1,colpack,greedy_coloring,LARGEST_FIRST,5,0.0,,True,data\raw\matrices\week18_heterogeneous_generalization\week18_ba_n80_m4_s2.mtx,data\processed\initial_graph_coloring_dataset\colpack_outputs_week18_additional_heterogeneous_generalization\week18_ba_n80_m4_s2_largest_first.txt
week18_ba_n80_m4_s2,barabasi_albert,"Barabasi-Albert graph with n=80, m=4",208042,n=80; m=4; replicate=2,week18_additional_handcrafted_candidate,80,304,0.09620253164556962,1,4,23,7.6,1,colpack,greedy_coloring,DYNAMIC_LARGEST_FIRST,6,0.0,,True,data\raw\matrices\week18_heterogeneous_generalization\week18_ba_n80_m4_s2.mtx,data\processed\initial_graph_coloring_dataset\colpack_outputs_week18_additional_heterogeneous_generalization\week18_ba_n80_m4_s2_dynamic_largest_first.txt
week18_ba_n80_m4_s2,barabasi_albert,"Barabasi-Albert graph with n=80, m=4",208042,n=80; m=4; replicate=2,week18_additional_handcrafted_candidate,80,304,0.09620253164556962,1,4,23,7.6,1,colpack,greedy_coloring,INCIDENCE_DEGREE,5,0.0,,True,data\raw\matrices\week18_heterogeneous_generalization\week18_ba_n80_m4_s2.mtx,data\processed\initial_graph_coloring_dataset\colpack_outputs_week18_additional_heterogeneous_generalization\week18_ba_n80_m4_s2_incidence_degree.txt
week18_ba_n80_m4_s2,barabasi_albert,"Barabasi-Albert graph with n=80, m=4",208042,n=80; m=4; replicate=2,week18_additional_handcrafted_candidate,80,304,0.09620253164556962,1,4,23,7.6,1,colpack,greedy_coloring,SMALLEST_LAST,5,0.0,,True,data\raw\matrices\week18_heterogeneous_generalization\week18_ba_n80_m4_s2.mtx,data\processed\initial_graph_coloring_dataset\colpack_outputs_week18_additional_heterogeneous_generalization\week18_ba_n80_m4_s2_smallest_last.txt
week18_ba_n80_m6_s0,barabasi_albert,"Barabasi-Albert graph with n=80, m=6",208060,n=80; m=6; replicate=0,week18_additional_handcrafted_candidate,80,444,0.14050632911392405,1,3,33,11.1,1,colpack,greedy_coloring,NATURAL,6,0.0,,True,data\raw\matrices\week18_heterogeneous_generalization\week18_ba_n80_m6_s0.mtx,data\processed\initial_graph_coloring_dataset\colpack_outputs_week18_additional_heterogeneous_generalization\week18_ba_n80_m6_s0_natural.txt
week18_ba_n80_m6_s0,barabasi_albert,"Barabasi-Albert graph with n=80, m=6",208060,n=80; m=6; replicate=0,week18_additional_handcrafted_candidate,80,444,0.14050632911392405,1,3,33,11.1,1,colpack,greedy_coloring,LARGEST_FIRST,7,0.0,,True,data\raw\matrices\week18_heterogeneous_generalization\week18_ba_n80_m6_s0.mtx,data\processed\initial_graph_coloring_dataset\colpack_outputs_week18_additional_heterogeneous_generalization\week18_ba_n80_m6_s0_largest_first.txt
week18_ba_n80_m6_s0,barabasi_albert,"Barabasi-Albert graph with n=80, m=6",208060,n=80; m=6; replicate=0,week18_additional_handcrafted_candidate,80,444,0.14050632911392405,1,3,33,11.1,1,colpack,greedy_coloring,DYNAMIC_LARGEST_FIRST,7,0.0,,True,data\raw\matrices\week18_heterogeneous_generalization\week18_ba_n80_m6_s0.mtx,data\processed\initial_graph_coloring_dataset\colpack_outputs_week18_additional_heterogeneous_generalization\week18_ba_n80_m6_s0_dynamic_largest_first.txt
week18_ba_n80_m6_s0,barabasi_albert,"Barabasi-Albert graph with n=80, m=6",208060,n=80; m=6; replicate=0,week18_additional_handcrafted_candidate,80,444,0.14050632911392405,1,3,33,11.1,1,colpack,greedy_coloring,INCIDENCE_DEGREE,7,0.0,,True,data\raw\matrices\week18_heterogeneous_generalization\week18_ba_n80_m6_s0.mtx,data\processed\initial_graph_coloring_dataset\colpack_outputs_week18_additional_heterogeneous_generalization\week18_ba_n80_m6_s0_incidence_degree.txt
week18_ba_n80_m6_s0,barabasi_albert,"Barabasi-Albert graph with n=80, m=6",208060,n=80; m=6; replicate=0,week18_additional_handcrafted_candidate,80,444,0.14050632911392405,1,3,33,11.1,1,colpack,greedy_coloring,SMALLEST_LAST,7,0.0,,True,data\raw\matrices\week18_heterogeneous_generalization\week18_ba_n80_m6_s0.mtx,data\processed\initial_graph_coloring_dataset\colpack_outputs_week18_additional_heterogeneous_generalization\week18_ba_n80_m6_s0_smallest_last.txt
week18_ba_n80_m6_s1,barabasi_albert,"Barabasi-Albert graph with n=80, m=6",208061,n=80; m=6; replicate=1,week18_additional_handcrafted_candidate,80,444,0.14050632911392405,1,6,37,11.1,1,colpack,greedy_coloring,NATURAL,7,0.0,,True,data\raw\matrices\week18_heterogeneous_generalization\week18_ba_n80_m6_s1.mtx,data\processed\initial_graph_coloring_dataset\colpack_outputs_week18_additional_heterogeneous_generalization\week18_ba_n80_m6_s1_natural.txt
week18_ba_n80_m6_s1,barabasi_albert,"Barabasi-Albert graph with n=80, m=6",208061,n=80; m=6; replicate=1,week18_additional_handcrafted_candidate,80,444,0.14050632911392405,1,6,37,11.1,1,colpack,greedy_coloring,LARGEST_FIRST,7,0.0,,True,data\raw\matrices\week18_heterogeneous_generalization\week18_ba_n80_m6_s1.mtx,data\processed\initial_graph_coloring_dataset\colpack_outputs_week18_additional_heterogeneous_generalization\week18_ba_n80_m6_s1_largest_first.txt
week18_ba_n80_m6_s1,barabasi_albert,"Barabasi-Albert graph with n=80, m=6",208061,n=80; m=6; replicate=1,week18_additional_handcrafted_candidate,80,444,0.14050632911392405,1,6,37,11.1,1,colpack,greedy_coloring,DYNAMIC_LARGEST_FIRST,7,0.0,,True,data\raw\matrices\week18_heterogeneous_generalization\week18_ba_n80_m6_s1.mtx,data\processed\initial_graph_coloring_dataset\colpack_outputs_week18_additional_heterogeneous_generalization\week18_ba_n80_m6_s1_dynamic_largest_first.txt
week18_ba_n80_m6_s1,barabasi_albert,"Barabasi-Albert graph with n=80, m=6",208061,n=80; m=6; replicate=1,week18_additional_handcrafted_candidate,80,444,0.14050632911392405,1,6,37,11.1,1,colpack,greedy_coloring,INCIDENCE_DEGREE,7,0.0,,True,data\raw\matrices\week18_heterogeneous_generalization\week18_ba_n80_m6_s1.mtx,data\processed\initial_graph_coloring_dataset\colpack_outputs_week18_additional_heterogeneous_generalization\week18_ba_n80_m6_s1_incidence_degree.txt
week18_ba_n80_m6_s1,barabasi_albert,"Barabasi-Albert graph with n=80, m=6",208061,n=80; m=6; replicate=1,week18_additional_handcrafted_candidate,80,444,0.14050632911392405,1,6,37,11.1,1,colpack,greedy_coloring,SMALLEST_LAST,6,0.0,,True,data\raw\matrices\week18_heterogeneous_generalization\week18_ba_n80_m6_s1.mtx,data\processed\initial_graph_coloring_dataset\colpack_outputs_week18_additional_heterogeneous_generalization\week18_ba_n80_m6_s1_smallest_last.txt
week18_ba_n80_m6_s2,barabasi_albert,"Barabasi-Albert graph with n=80, m=6",208062,n=80; m=6; replicate=2,week18_additional_handcrafted_candidate,80,444,0.14050632911392405,1,3,34,11.1,1,colpack,greedy_coloring,NATURAL,7,0.0,,True,data\raw\matrices\week18_heterogeneous_generalization\week18_ba_n80_m6_s2.mtx,data\processed\initial_graph_coloring_dataset\colpack_outputs_week18_additional_heterogeneous_generalization\week18_ba_n80_m6_s2_natural.txt
week18_ba_n80_m6_s2,barabasi_albert,"Barabasi-Albert graph with n=80, m=6",208062,n=80; m=6; replicate=2,week18_additional_handcrafted_candidate,80,444,0.14050632911392405,1,3,34,11.1,1,colpack,greedy_coloring,LARGEST_FIRST,7,0.0,,True,data\raw\matrices\week18_heterogeneous_generalization\week18_ba_n80_m6_s2.mtx,data\processed\initial_graph_coloring_dataset\colpack_outputs_week18_additional_heterogeneous_generalization\week18_ba_n80_m6_s2_largest_first.txt
week18_ba_n80_m6_s2,barabasi_albert,"Barabasi-Albert graph with n=80, m=6",208062,n=80; m=6; replicate=2,week18_additional_handcrafted_candidate,80,444,0.14050632911392405,1,3,34,11.1,1,colpack,greedy_coloring,DYNAMIC_LARGEST_FIRST,7,0.0,,True,data\raw\matrices\week18_heterogeneous_generalization\week18_ba_n80_m6_s2.mtx,data\processed\initial_graph_coloring_dataset\colpack_outputs_week18_additional_heterogeneous_generalization\week18_ba_n80_m6_s2_dynamic_largest_first.txt
week18_ba_n80_m6_s2,barabasi_albert,"Barabasi-Albert graph with n=80, m=6",208062,n=80; m=6; replicate=2,week18_additional_handcrafted_candidate,80,444,0.14050632911392405,1,3,34,11.1,1,colpack,greedy_coloring,INCIDENCE_DEGREE,7,0.0,,True,data\raw\matrices\week18_heterogeneous_generalization\week18_ba_n80_m6_s2.mtx,data\processed\initial_graph_coloring_dataset\colpack_outputs_week18_additional_heterogeneous_generalization\week18_ba_n80_m6_s2_incidence_degree.txt
week18_ba_n80_m6_s2,barabasi_albert,"Barabasi-Albert graph with n=80, m=6",208062,n=80; m=6; replicate=2,week18_additional_handcrafted_candidate,80,444,0.14050632911392405,1,3,34,11.1,1,colpack,greedy_coloring,SMALLEST_LAST,7,0.0,,True,data\raw\matrices\week18_heterogeneous_generalization\week18_ba_n80_m6_s2.mtx,data\processed\initial_graph_coloring_dataset\colpack_outputs_week18_additional_heterogeneous_generalization\week18_ba_n80_m6_s2_smallest_last.txt
week18_ba_n100_m2_s0,barabasi_albert,"Barabasi-Albert graph with n=100, m=2",210020,n=100; m=2; replicate=0,week18_additional_handcrafted_candidate,100,196,0.039595959595959594,1,2,16,3.92,1,colpack,greedy_coloring,NATURAL,3,0.0,,True,data\raw\matrices\week18_heterogeneous_generalization\week18_ba_n100_m2_s0.mtx,data\processed\initial_graph_coloring_dataset\colpack_outputs_week18_additional_heterogeneous_generalization\week18_ba_n100_m2_s0_natural.txt
week18_ba_n100_m2_s0,barabasi_albert,"Barabasi-Albert graph with n=100, m=2",210020,n=100; m=2; replicate=0,week18_additional_handcrafted_candidate,100,196,0.039595959595959594,1,2,16,3.92,1,colpack,greedy_coloring,LARGEST_FIRST,4,0.0,,True,data\raw\matrices\week18_heterogeneous_generalization\week18_ba_n100_m2_s0.mtx,data\processed\initial_graph_coloring_dataset\colpack_outputs_week18_additional_heterogeneous_generalization\week18_ba_n100_m2_s0_largest_first.txt
week18_ba_n100_m2_s0,barabasi_albert,"Barabasi-Albert graph with n=100, m=2",210020,n=100; m=2; replicate=0,week18_additional_handcrafted_candidate,100,196,0.039595959595959594,1,2,16,3.92,1,colpack,greedy_coloring,DYNAMIC_LARGEST_FIRST,4,0.0,,True,data\raw\matrices\week18_heterogeneous_generalization\week18_ba_n100_m2_s0.mtx,data\processed\initial_graph_coloring_dataset\colpack_outputs_week18_additional_heterogeneous_generalization\week18_ba_n100_m2_s0_dynamic_largest_first.txt
week18_ba_n100_m2_s0,barabasi_albert,"Barabasi-Albert graph with n=100, m=2",210020,n=100; m=2; replicate=0,week18_additional_handcrafted_candidate,100,196,0.039595959595959594,1,2,16,3.92,1,colpack,greedy_coloring,INCIDENCE_DEGREE,4,0.0,,True,data\raw\matrices\week18_heterogeneous_generalization\week18_ba_n100_m2_s0.mtx,data\processed\initial_graph_coloring_dataset\colpack_outputs_week18_additional_heterogeneous_generalization\week18_ba_n100_m2_s0_incidence_degree.txt
week18_ba_n100_m2_s0,barabasi_albert,"Barabasi-Albert graph with n=100, m=2",210020,n=100; m=2; replicate=0,week18_additional_handcrafted_candidate,100,196,0.039595959595959594,1,2,16,3.92,1,colpack,greedy_coloring,SMALLEST_LAST,3,0.0,,True,data\raw\matrices\week18_heterogeneous_generalization\week18_ba_n100_m2_s0.mtx,data\processed\initial_graph_coloring_dataset\colpack_outputs_week18_additional_heterogeneous_generalization\week18_ba_n100_m2_s0_smallest_last.txt
week18_ba_n100_m2_s1,barabasi_albert,"Barabasi-Albert graph with n=100, m=2",210021,n=100; m=2; replicate=1,week18_additional_handcrafted_candidate,100,196,0.039595959595959594,1,2,20,3.92,1,colpack,greedy_coloring,NATURAL,3,0.0,,True,data\raw\matrices\week18_heterogeneous_generalization\week18_ba_n100_m2_s1.mtx,data\processed\initial_graph_coloring_dataset\colpack_outputs_week18_additional_heterogeneous_generalization\week18_ba_n100_m2_s1_natural.txt
week18_ba_n100_m2_s1,barabasi_albert,"Barabasi-Albert graph with n=100, m=2",210021,n=100; m=2; replicate=1,week18_additional_handcrafted_candidate,100,196,0.039595959595959594,1,2,20,3.92,1,colpack,greedy_coloring,LARGEST_FIRST,4,0.0,,True,data\raw\matrices\week18_heterogeneous_generalization\week18_ba_n100_m2_s1.mtx,data\processed\initial_graph_coloring_dataset\colpack_outputs_week18_additional_heterogeneous_generalization\week18_ba_n100_m2_s1_largest_first.txt
week18_ba_n100_m2_s1,barabasi_albert,"Barabasi-Albert graph with n=100, m=2",210021,n=100; m=2; replicate=1,week18_additional_handcrafted_candidate,100,196,0.039595959595959594,1,2,20,3.92,1,colpack,greedy_coloring,DYNAMIC_LARGEST_FIRST,4,0.0,,True,data\raw\matrices\week18_heterogeneous_generalization\week18_ba_n100_m2_s1.mtx,data\processed\initial_graph_coloring_dataset\colpack_outputs_week18_additional_heterogeneous_generalization\week18_ba_n100_m2_s1_dynamic_largest_first.txt
week18_ba_n100_m2_s1,barabasi_albert,"Barabasi-Albert graph with n=100, m=2",210021,n=100; m=2; replicate=1,week18_additional_handcrafted_candidate,100,196,0.039595959595959594,1,2,20,3.92,1,colpack,greedy_coloring,INCIDENCE_DEGREE,4,0.0,,True,data\raw\matrices\week18_heterogeneous_generalization\week18_ba_n100_m2_s1.mtx,data\processed\initial_graph_coloring_dataset\colpack_outputs_week18_additional_heterogeneous_generalization\week18_ba_n100_m2_s1_incidence_degree.txt
week18_ba_n100_m2_s1,barabasi_albert,"Barabasi-Albert graph with n=100, m=2",210021,n=100; m=2; replicate=1,week18_additional_handcrafted_candidate,100,196,0.039595959595959594,1,2,20,3.92,1,colpack,greedy_coloring,SMALLEST_LAST,3,0.0,,True,data\raw\matrices\week18_heterogeneous_generalization\week18_ba_n100_m2_s1.mtx,data\processed\initial_graph_coloring_dataset\colpack_outputs_week18_additional_heterogeneous_generalization\week18_ba_n100_m2_s1_smallest_last.txt
week18_ba_n100_m2_s2,barabasi_albert,"Barabasi-Albert graph with n=100, m=2",210022,n=100; m=2; replicate=2,week18_additional_handcrafted_candidate,100,196,0.039595959595959594,1,2,19,3.92,1,colpack,greedy_coloring,NATURAL,3,0.0,,True,data\raw\matrices\week18_heterogeneous_generalization\week18_ba_n100_m2_s2.mtx,data\processed\initial_graph_coloring_dataset\colpack_outputs_week18_additional_heterogeneous_generalization\week18_ba_n100_m2_s2_natural.txt
week18_ba_n100_m2_s2,barabasi_albert,"Barabasi-Albert graph with n=100, m=2",210022,n=100; m=2; replicate=2,week18_additional_handcrafted_candidate,100,196,0.039595959595959594,1,2,19,3.92,1,colpack,greedy_coloring,LARGEST_FIRST,3,0.0,,True,data\raw\matrices\week18_heterogeneous_generalization\week18_ba_n100_m2_s2.mtx,data\processed\initial_graph_coloring_dataset\colpack_outputs_week18_additional_heterogeneous_generalization\week18_ba_n100_m2_s2_largest_first.txt
week18_ba_n100_m2_s2,barabasi_albert,"Barabasi-Albert graph with n=100, m=2",210022,n=100; m=2; replicate=2,week18_additional_handcrafted_candidate,100,196,0.039595959595959594,1,2,19,3.92,1,colpack,greedy_coloring,DYNAMIC_LARGEST_FIRST,4,0.0,,True,data\raw\matrices\week18_heterogeneous_generalization\week18_ba_n100_m2_s2.mtx,data\processed\initial_graph_coloring_dataset\colpack_outputs_week18_additional_heterogeneous_generalization\week18_ba_n100_m2_s2_dynamic_largest_first.txt
week18_ba_n100_m2_s2,barabasi_albert,"Barabasi-Albert graph with n=100, m=2",210022,n=100; m=2; replicate=2,week18_additional_handcrafted_candidate,100,196,0.039595959595959594,1,2,19,3.92,1,colpack,greedy_coloring,INCIDENCE_DEGREE,3,0.0,,True,data\raw\matrices\week18_heterogeneous_generalization\week18_ba_n100_m2_s2.mtx,data\processed\initial_graph_coloring_dataset\colpack_outputs_week18_additional_heterogeneous_generalization\week18_ba_n100_m2_s2_incidence_degree.txt
week18_ba_n100_m2_s2,barabasi_albert,"Barabasi-Albert graph with n=100, m=2",210022,n=100; m=2; replicate=2,week18_additional_handcrafted_candidate,100,196,0.039595959595959594,1,2,19,3.92,1,colpack,greedy_coloring,SMALLEST_LAST,3,0.0,,True,data\raw\matrices\week18_heterogeneous_generalization\week18_ba_n100_m2_s2.mtx,data\processed\initial_graph_coloring_dataset\colpack_outputs_week18_additional_heterogeneous_generalization\week18_ba_n100_m2_s2_smallest_last.txt
week18_ba_n100_m4_s0,barabasi_albert,"Barabasi-Albert graph with n=100, m=4",210040,n=100; m=4; replicate=0,week18_additional_handcrafted_candidate,100,384,0.07757575757575758,1,4,39,7.68,1,colpack,greedy_coloring,NATURAL,5,0.0,,True,data\raw\matrices\week18_heterogeneous_generalization\week18_ba_n100_m4_s0.mtx,data\processed\initial_graph_coloring_dataset\colpack_outputs_week18_additional_heterogeneous_generalization\week18_ba_n100_m4_s0_natural.txt
week18_ba_n100_m4_s0,barabasi_albert,"Barabasi-Albert graph with n=100, m=4",210040,n=100; m=4; replicate=0,week18_additional_handcrafted_candidate,100,384,0.07757575757575758,1,4,39,7.68,1,colpack,greedy_coloring,LARGEST_FIRST,5,0.0,,True,data\raw\matrices\week18_heterogeneous_generalization\week18_ba_n100_m4_s0.mtx,data\processed\initial_graph_coloring_dataset\colpack_outputs_week18_additional_heterogeneous_generalization\week18_ba_n100_m4_s0_largest_first.txt
week18_ba_n100_m4_s0,barabasi_albert,"Barabasi-Albert graph with n=100, m=4",210040,n=100; m=4; replicate=0,week18_additional_handcrafted_candidate,100,384,0.07757575757575758,1,4,39,7.68,1,colpack,greedy_coloring,DYNAMIC_LARGEST_FIRST,6,0.0,,True,data\raw\matrices\week18_heterogeneous_generalization\week18_ba_n100_m4_s0.mtx,data\processed\initial_graph_coloring_dataset\colpack_outputs_week18_additional_heterogeneous_generalization\week18_ba_n100_m4_s0_dynamic_largest_first.txt
week18_ba_n100_m4_s0,barabasi_albert,"Barabasi-Albert graph with n=100, m=4",210040,n=100; m=4; replicate=0,week18_additional_handcrafted_candidate,100,384,0.07757575757575758,1,4,39,7.68,1,colpack,greedy_coloring,INCIDENCE_DEGREE,6,0.0,,True,data\raw\matrices\week18_heterogeneous_generalization\week18_ba_n100_m4_s0.mtx,data\processed\initial_graph_coloring_dataset\colpack_outputs_week18_additional_heterogeneous_generalization\week18_ba_n100_m4_s0_incidence_degree.txt
week18_ba_n100_m4_s0,barabasi_albert,"Barabasi-Albert graph with n=100, m=4",210040,n=100; m=4; replicate=0,week18_additional_handcrafted_candidate,100,384,0.07757575757575758,1,4,39,7.68,1,colpack,greedy_coloring,SMALLEST_LAST,5,0.0,,True,data\raw\matrices\week18_heterogeneous_generalization\week18_ba_n100_m4_s0.mtx,data\processed\initial_graph_coloring_dataset\colpack_outputs_week18_additional_heterogeneous_generalization\week18_ba_n100_m4_s0_smallest_last.txt
week18_ba_n100_m4_s1,barabasi_albert,"Barabasi-Albert graph with n=100, m=4",210041,n=100; m=4; replicate=1,week18_additional_handcrafted_candidate,100,384,0.07757575757575758,1,4,31,7.68,1,colpack,greedy_coloring,NATURAL,5,0.0,,True,data\raw\matrices\week18_heterogeneous_generalization\week18_ba_n100_m4_s1.mtx,data\processed\initial_graph_coloring_dataset\colpack_outputs_week18_additional_heterogeneous_generalization\week18_ba_n100_m4_s1_natural.txt
week18_ba_n100_m4_s1,barabasi_albert,"Barabasi-Albert graph with n=100, m=4",210041,n=100; m=4; replicate=1,week18_additional_handcrafted_candidate,100,384,0.07757575757575758,1,4,31,7.68,1,colpack,greedy_coloring,LARGEST_FIRST,5,0.0,,True,data\raw\matrices\week18_heterogeneous_generalization\week18_ba_n100_m4_s1.mtx,data\processed\initial_graph_coloring_dataset\colpack_outputs_week18_additional_heterogeneous_generalization\week18_ba_n100_m4_s1_largest_first.txt
week18_ba_n100_m4_s1,barabasi_albert,"Barabasi-Albert graph with n=100, m=4",210041,n=100; m=4; replicate=1,week18_additional_handcrafted_candidate,100,384,0.07757575757575758,1,4,31,7.68,1,colpack,greedy_coloring,DYNAMIC_LARGEST_FIRST,5,0.0,,True,data\raw\matrices\week18_heterogeneous_generalization\week18_ba_n100_m4_s1.mtx,data\processed\initial_graph_coloring_dataset\colpack_outputs_week18_additional_heterogeneous_generalization\week18_ba_n100_m4_s1_dynamic_largest_first.txt
week18_ba_n100_m4_s1,barabasi_albert,"Barabasi-Albert graph with n=100, m=4",210041,n=100; m=4; replicate=1,week18_additional_handcrafted_candidate,100,384,0.07757575757575758,1,4,31,7.68,1,colpack,greedy_coloring,INCIDENCE_DEGREE,5,0.0,,True,data\raw\matrices\week18_heterogeneous_generalization\week18_ba_n100_m4_s1.mtx,data\processed\initial_graph_coloring_dataset\colpack_outputs_week18_additional_heterogeneous_generalization\week18_ba_n100_m4_s1_incidence_degree.txt
week18_ba_n100_m4_s1,barabasi_albert,"Barabasi-Albert graph with n=100, m=4",210041,n=100; m=4; replicate=1,week18_additional_handcrafted_candidate,100,384,0.07757575757575758,1,4,31,7.68,1,colpack,greedy_coloring,SMALLEST_LAST,5,0.0,,True,data\raw\matrices\week18_heterogeneous_generalization\week18_ba_n100_m4_s1.mtx,data\processed\initial_graph_coloring_dataset\colpack_outputs_week18_additional_heterogeneous_generalization\week18_ba_n100_m4_s1_smallest_last.txt
week18_ba_n100_m4_s2,barabasi_albert,"Barabasi-Albert graph with n=100, m=4",210042,n=100; m=4; replicate=2,week18_additional_handcrafted_candidate,100,384,0.07757575757575758,1,4,37,7.68,1,colpack,greedy_coloring,NATURAL,5,0.0,,True,data\raw\matrices\week18_heterogeneous_generalization\week18_ba_n100_m4_s2.mtx,data\processed\initial_graph_coloring_dataset\colpack_outputs_week18_additional_heterogeneous_generalization\week18_ba_n100_m4_s2_natural.txt
week18_ba_n100_m4_s2,barabasi_albert,"Barabasi-Albert graph with n=100, m=4",210042,n=100; m=4; replicate=2,week18_additional_handcrafted_candidate,100,384,0.07757575757575758,1,4,37,7.68,1,colpack,greedy_coloring,LARGEST_FIRST,5,0.0,,True,data\raw\matrices\week18_heterogeneous_generalization\week18_ba_n100_m4_s2.mtx,data\processed\initial_graph_coloring_dataset\colpack_outputs_week18_additional_heterogeneous_generalization\week18_ba_n100_m4_s2_largest_first.txt
week18_ba_n100_m4_s2,barabasi_albert,"Barabasi-Albert graph with n=100, m=4",210042,n=100; m=4; replicate=2,week18_additional_handcrafted_candidate,100,384,0.07757575757575758,1,4,37,7.68,1,colpack,greedy_coloring,DYNAMIC_LARGEST_FIRST,6,0.0,,True,data\raw\matrices\week18_heterogeneous_generalization\week18_ba_n100_m4_s2.mtx,data\processed\initial_graph_coloring_dataset\colpack_outputs_week18_additional_heterogeneous_generalization\week18_ba_n100_m4_s2_dynamic_largest_first.txt
week18_ba_n100_m4_s2,barabasi_albert,"Barabasi-Albert graph with n=100, m=4",210042,n=100; m=4; replicate=2,week18_additional_handcrafted_candidate,100,384,0.07757575757575758,1,4,37,7.68,1,colpack,greedy_coloring,INCIDENCE_DEGREE,5,0.0,,True,data\raw\matrices\week18_heterogeneous_generalization\week18_ba_n100_m4_s2.mtx,data\processed\initial_graph_coloring_dataset\colpack_outputs_week18_additional_heterogeneous_generalization\week18_ba_n100_m4_s2_incidence_degree.txt
week18_ba_n100_m4_s2,barabasi_albert,"Barabasi-Albert graph with n=100, m=4",210042,n=100; m=4; replicate=2,week18_additional_handcrafted_candidate,100,384,0.07757575757575758,1,4,37,7.68,1,colpack,greedy_coloring,SMALLEST_LAST,5,0.0,,True,data\raw\matrices\week18_heterogeneous_generalization\week18_ba_n100_m4_s2.mtx,data\processed\initial_graph_coloring_dataset\colpack_outputs_week18_additional_heterogeneous_generalization\week18_ba_n100_m4_s2_smallest_last.txt
week18_ba_n100_m6_s0,barabasi_albert,"Barabasi-Albert graph with n=100, m=6",210060,n=100; m=6; replicate=0,week18_additional_handcrafted_candidate,100,564,0.11393939393939394,1,6,39,11.28,1,colpack,greedy_coloring,NATURAL,7,0.0,,True,data\raw\matrices\week18_heterogeneous_generalization\week18_ba_n100_m6_s0.mtx,data\processed\initial_graph_coloring_dataset\colpack_outputs_week18_additional_heterogeneous_generalization\week18_ba_n100_m6_s0_natural.txt
week18_ba_n100_m6_s0,barabasi_albert,"Barabasi-Albert graph with n=100, m=6",210060,n=100; m=6; replicate=0,week18_additional_handcrafted_candidate,100,564,0.11393939393939394,1,6,39,11.28,1,colpack,greedy_coloring,LARGEST_FIRST,6,0.0,,True,data\raw\matrices\week18_heterogeneous_generalization\week18_ba_n100_m6_s0.mtx,data\processed\initial_graph_coloring_dataset\colpack_outputs_week18_additional_heterogeneous_generalization\week18_ba_n100_m6_s0_largest_first.txt
week18_ba_n100_m6_s0,barabasi_albert,"Barabasi-Albert graph with n=100, m=6",210060,n=100; m=6; replicate=0,week18_additional_handcrafted_candidate,100,564,0.11393939393939394,1,6,39,11.28,1,colpack,greedy_coloring,DYNAMIC_LARGEST_FIRST,6,0.0,,True,data\raw\matrices\week18_heterogeneous_generalization\week18_ba_n100_m6_s0.mtx,data\processed\initial_graph_coloring_dataset\colpack_outputs_week18_additional_heterogeneous_generalization\week18_ba_n100_m6_s0_dynamic_largest_first.txt
week18_ba_n100_m6_s0,barabasi_albert,"Barabasi-Albert graph with n=100, m=6",210060,n=100; m=6; replicate=0,week18_additional_handcrafted_candidate,100,564,0.11393939393939394,1,6,39,11.28,1,colpack,greedy_coloring,INCIDENCE_DEGREE,7,0.0,,True,data\raw\matrices\week18_heterogeneous_generalization\week18_ba_n100_m6_s0.mtx,data\processed\initial_graph_coloring_dataset\colpack_outputs_week18_additional_heterogeneous_generalization\week18_ba_n100_m6_s0_incidence_degree.txt
week18_ba_n100_m6_s0,barabasi_albert,"Barabasi-Albert graph with n=100, m=6",210060,n=100; m=6; replicate=0,week18_additional_handcrafted_candidate,100,564,0.11393939393939394,1,6,39,11.28,1,colpack,greedy_coloring,SMALLEST_LAST,6,0.0,,True,data\raw\matrices\week18_heterogeneous_generalization\week18_ba_n100_m6_s0.mtx,data\processed\initial_graph_coloring_dataset\colpack_outputs_week18_additional_heterogeneous_generalization\week18_ba_n100_m6_s0_smallest_last.txt
week18_ba_n100_m6_s1,barabasi_albert,"Barabasi-Albert graph with n=100, m=6",210061,n=100; m=6; replicate=1,week18_additional_handcrafted_candidate,100,564,0.11393939393939394,1,6,40,11.28,1,colpack,greedy_coloring,NATURAL,7,0.0,,True,data\raw\matrices\week18_heterogeneous_generalization\week18_ba_n100_m6_s1.mtx,data\processed\initial_graph_coloring_dataset\colpack_outputs_week18_additional_heterogeneous_generalization\week18_ba_n100_m6_s1_natural.txt
week18_ba_n100_m6_s1,barabasi_albert,"Barabasi-Albert graph with n=100, m=6",210061,n=100; m=6; replicate=1,week18_additional_handcrafted_candidate,100,564,0.11393939393939394,1,6,40,11.28,1,colpack,greedy_coloring,LARGEST_FIRST,6,0.0,,True,data\raw\matrices\week18_heterogeneous_generalization\week18_ba_n100_m6_s1.mtx,data\processed\initial_graph_coloring_dataset\colpack_outputs_week18_additional_heterogeneous_generalization\week18_ba_n100_m6_s1_largest_first.txt
week18_ba_n100_m6_s1,barabasi_albert,"Barabasi-Albert graph with n=100, m=6",210061,n=100; m=6; replicate=1,week18_additional_handcrafted_candidate,100,564,0.11393939393939394,1,6,40,11.28,1,colpack,greedy_coloring,DYNAMIC_LARGEST_FIRST,7,0.0,,True,data\raw\matrices\week18_heterogeneous_generalization\week18_ba_n100_m6_s1.mtx,data\processed\initial_graph_coloring_dataset\colpack_outputs_week18_additional_heterogeneous_generalization\week18_ba_n100_m6_s1_dynamic_largest_first.txt
week18_ba_n100_m6_s1,barabasi_albert,"Barabasi-Albert graph with n=100, m=6",210061,n=100; m=6; replicate=1,week18_additional_handcrafted_candidate,100,564,0.11393939393939394,1,6,40,11.28,1,colpack,greedy_coloring,INCIDENCE_DEGREE,6,0.0,,True,data\raw\matrices\week18_heterogeneous_generalization\week18_ba_n100_m6_s1.mtx,data\processed\initial_graph_coloring_dataset\colpack_outputs_week18_additional_heterogeneous_generalization\week18_ba_n100_m6_s1_incidence_degree.txt
week18_ba_n100_m6_s1,barabasi_albert,"Barabasi-Albert graph with n=100, m=6",210061,n=100; m=6; replicate=1,week18_additional_handcrafted_candidate,100,564,0.11393939393939394,1,6,40,11.28,1,colpack,greedy_coloring,SMALLEST_LAST,6,0.0,,True,data\raw\matrices\week18_heterogeneous_generalization\week18_ba_n100_m6_s1.mtx,data\processed\initial_graph_coloring_dataset\colpack_outputs_week18_additional_heterogeneous_generalization\week18_ba_n100_m6_s1_smallest_last.txt
week18_ba_n100_m6_s2,barabasi_albert,"Barabasi-Albert graph with n=100, m=6",210062,n=100; m=6; replicate=2,week18_additional_handcrafted_candidate,100,564,0.11393939393939394,1,5,46,11.28,1,colpack,greedy_coloring,NATURAL,7,0.0,,True,data\raw\matrices\week18_heterogeneous_generalization\week18_ba_n100_m6_s2.mtx,data\processed\initial_graph_coloring_dataset\colpack_outputs_week18_additional_heterogeneous_generalization\week18_ba_n100_m6_s2_natural.txt
week18_ba_n100_m6_s2,barabasi_albert,"Barabasi-Albert graph with n=100, m=6",210062,n=100; m=6; replicate=2,week18_additional_handcrafted_candidate,100,564,0.11393939393939394,1,5,46,11.28,1,colpack,greedy_coloring,LARGEST_FIRST,7,0.0,,True,data\raw\matrices\week18_heterogeneous_generalization\week18_ba_n100_m6_s2.mtx,data\processed\initial_graph_coloring_dataset\colpack_outputs_week18_additional_heterogeneous_generalization\week18_ba_n100_m6_s2_largest_first.txt
week18_ba_n100_m6_s2,barabasi_albert,"Barabasi-Albert graph with n=100, m=6",210062,n=100; m=6; replicate=2,week18_additional_handcrafted_candidate,100,564,0.11393939393939394,1,5,46,11.28,1,colpack,greedy_coloring,DYNAMIC_LARGEST_FIRST,6,0.0,,True,data\raw\matrices\week18_heterogeneous_generalization\week18_ba_n100_m6_s2.mtx,data\processed\initial_graph_coloring_dataset\colpack_outputs_week18_additional_heterogeneous_generalization\week18_ba_n100_m6_s2_dynamic_largest_first.txt
week18_ba_n100_m6_s2,barabasi_albert,"Barabasi-Albert graph with n=100, m=6",210062,n=100; m=6; replicate=2,week18_additional_handcrafted_candidate,100,564,0.11393939393939394,1,5,46,11.28,1,colpack,greedy_coloring,INCIDENCE_DEGREE,7,0.0,,True,data\raw\matrices\week18_heterogeneous_generalization\week18_ba_n100_m6_s2.mtx,data\processed\initial_graph_coloring_dataset\colpack_outputs_week18_additional_heterogeneous_generalization\week18_ba_n100_m6_s2_incidence_degree.txt
week18_ba_n100_m6_s2,barabasi_albert,"Barabasi-Albert graph with n=100, m=6",210062,n=100; m=6; replicate=2,week18_additional_handcrafted_candidate,100,564,0.11393939393939394,1,5,46,11.28,1,colpack,greedy_coloring,SMALLEST_LAST,7,0.0,,True,data\raw\matrices\week18_heterogeneous_generalization\week18_ba_n100_m6_s2.mtx,data\processed\initial_graph_coloring_dataset\colpack_outputs_week18_additional_heterogeneous_generalization\week18_ba_n100_m6_s2_smallest_last.txt
week18_ba_n120_m2_s0,barabasi_albert,"Barabasi-Albert graph with n=120, m=2",212020,n=120; m=2; replicate=0,week18_additional_handcrafted_candidate,120,236,0.03305322128851541,1,2,25,3.933333333333333,1,colpack,greedy_coloring,NATURAL,3,0.0,,True,data\raw\matrices\week18_heterogeneous_generalization\week18_ba_n120_m2_s0.mtx,data\processed\initial_graph_coloring_dataset\colpack_outputs_week18_additional_heterogeneous_generalization\week18_ba_n120_m2_s0_natural.txt
week18_ba_n120_m2_s0,barabasi_albert,"Barabasi-Albert graph with n=120, m=2",212020,n=120; m=2; replicate=0,week18_additional_handcrafted_candidate,120,236,0.03305322128851541,1,2,25,3.933333333333333,1,colpack,greedy_coloring,LARGEST_FIRST,4,0.0,,True,data\raw\matrices\week18_heterogeneous_generalization\week18_ba_n120_m2_s0.mtx,data\processed\initial_graph_coloring_dataset\colpack_outputs_week18_additional_heterogeneous_generalization\week18_ba_n120_m2_s0_largest_first.txt
week18_ba_n120_m2_s0,barabasi_albert,"Barabasi-Albert graph with n=120, m=2",212020,n=120; m=2; replicate=0,week18_additional_handcrafted_candidate,120,236,0.03305322128851541,1,2,25,3.933333333333333,1,colpack,greedy_coloring,DYNAMIC_LARGEST_FIRST,4,0.0,,True,data\raw\matrices\week18_heterogeneous_generalization\week18_ba_n120_m2_s0.mtx,data\processed\initial_graph_coloring_dataset\colpack_outputs_week18_additional_heterogeneous_generalization\week18_ba_n120_m2_s0_dynamic_largest_first.txt
week18_ba_n120_m2_s0,barabasi_albert,"Barabasi-Albert graph with n=120, m=2",212020,n=120; m=2; replicate=0,week18_additional_handcrafted_candidate,120,236,0.03305322128851541,1,2,25,3.933333333333333,1,colpack,greedy_coloring,INCIDENCE_DEGREE,4,0.0,,True,data\raw\matrices\week18_heterogeneous_generalization\week18_ba_n120_m2_s0.mtx,data\processed\initial_graph_coloring_dataset\colpack_outputs_week18_additional_heterogeneous_generalization\week18_ba_n120_m2_s0_incidence_degree.txt
week18_ba_n120_m2_s0,barabasi_albert,"Barabasi-Albert graph with n=120, m=2",212020,n=120; m=2; replicate=0,week18_additional_handcrafted_candidate,120,236,0.03305322128851541,1,2,25,3.933333333333333,1,colpack,greedy_coloring,SMALLEST_LAST,3,0.0,,True,data\raw\matrices\week18_heterogeneous_generalization\week18_ba_n120_m2_s0.mtx,data\processed\initial_graph_coloring_dataset\colpack_outputs_week18_additional_heterogeneous_generalization\week18_ba_n120_m2_s0_smallest_last.txt
week18_ba_n120_m2_s1,barabasi_albert,"Barabasi-Albert graph with n=120, m=2",212021,n=120; m=2; replicate=1,week18_additional_handcrafted_candidate,120,236,0.03305322128851541,1,2,32,3.933333333333333,1,colpack,greedy_coloring,NATURAL,3,0.0,,True,data\raw\matrices\week18_heterogeneous_generalization\week18_ba_n120_m2_s1.mtx,data\processed\initial_graph_coloring_dataset\colpack_outputs_week18_additional_heterogeneous_generalization\week18_ba_n120_m2_s1_natural.txt
week18_ba_n120_m2_s1,barabasi_albert,"Barabasi-Albert graph with n=120, m=2",212021,n=120; m=2; replicate=1,week18_additional_handcrafted_candidate,120,236,0.03305322128851541,1,2,32,3.933333333333333,1,colpack,greedy_coloring,LARGEST_FIRST,4,0.0,,True,data\raw\matrices\week18_heterogeneous_generalization\week18_ba_n120_m2_s1.mtx,data\processed\initial_graph_coloring_dataset\colpack_outputs_week18_additional_heterogeneous_generalization\week18_ba_n120_m2_s1_largest_first.txt
week18_ba_n120_m2_s1,barabasi_albert,"Barabasi-Albert graph with n=120, m=2",212021,n=120; m=2; replicate=1,week18_additional_handcrafted_candidate,120,236,0.03305322128851541,1,2,32,3.933333333333333,1,colpack,greedy_coloring,DYNAMIC_LARGEST_FIRST,4,0.0,,True,data\raw\matrices\week18_heterogeneous_generalization\week18_ba_n120_m2_s1.mtx,data\processed\initial_graph_coloring_dataset\colpack_outputs_week18_additional_heterogeneous_generalization\week18_ba_n120_m2_s1_dynamic_largest_first.txt
week18_ba_n120_m2_s1,barabasi_albert,"Barabasi-Albert graph with n=120, m=2",212021,n=120; m=2; replicate=1,week18_additional_handcrafted_candidate,120,236,0.03305322128851541,1,2,32,3.933333333333333,1,colpack,greedy_coloring,INCIDENCE_DEGREE,3,0.0,,True,data\raw\matrices\week18_heterogeneous_generalization\week18_ba_n120_m2_s1.mtx,data\processed\initial_graph_coloring_dataset\colpack_outputs_week18_additional_heterogeneous_generalization\week18_ba_n120_m2_s1_incidence_degree.txt
week18_ba_n120_m2_s1,barabasi_albert,"Barabasi-Albert graph with n=120, m=2",212021,n=120; m=2; replicate=1,week18_additional_handcrafted_candidate,120,236,0.03305322128851541,1,2,32,3.933333333333333,1,colpack,greedy_coloring,SMALLEST_LAST,3,0.0,,True,data\raw\matrices\week18_heterogeneous_generalization\week18_ba_n120_m2_s1.mtx,data\processed\initial_graph_coloring_dataset\colpack_outputs_week18_additional_heterogeneous_generalization\week18_ba_n120_m2_s1_smallest_last.txt
week18_ba_n120_m2_s2,barabasi_albert,"Barabasi-Albert graph with n=120, m=2",212022,n=120; m=2; replicate=2,week18_additional_handcrafted_candidate,120,236,0.03305322128851541,1,2,31,3.933333333333333,1,colpack,greedy_coloring,NATURAL,3,0.0,,True,data\raw\matrices\week18_heterogeneous_generalization\week18_ba_n120_m2_s2.mtx,data\processed\initial_graph_coloring_dataset\colpack_outputs_week18_additional_heterogeneous_generalization\week18_ba_n120_m2_s2_natural.txt
week18_ba_n120_m2_s2,barabasi_albert,"Barabasi-Albert graph with n=120, m=2",212022,n=120; m=2; replicate=2,week18_additional_handcrafted_candidate,120,236,0.03305322128851541,1,2,31,3.933333333333333,1,colpack,greedy_coloring,LARGEST_FIRST,4,0.0,,True,data\raw\matrices\week18_heterogeneous_generalization\week18_ba_n120_m2_s2.mtx,data\processed\initial_graph_coloring_dataset\colpack_outputs_week18_additional_heterogeneous_generalization\week18_ba_n120_m2_s2_largest_first.txt
week18_ba_n120_m2_s2,barabasi_albert,"Barabasi-Albert graph with n=120, m=2",212022,n=120; m=2; replicate=2,week18_additional_handcrafted_candidate,120,236,0.03305322128851541,1,2,31,3.933333333333333,1,colpack,greedy_coloring,DYNAMIC_LARGEST_FIRST,4,0.0,,True,data\raw\matrices\week18_heterogeneous_generalization\week18_ba_n120_m2_s2.mtx,data\processed\initial_graph_coloring_dataset\colpack_outputs_week18_additional_heterogeneous_generalization\week18_ba_n120_m2_s2_dynamic_largest_first.txt
week18_ba_n120_m2_s2,barabasi_albert,"Barabasi-Albert graph with n=120, m=2",212022,n=120; m=2; replicate=2,week18_additional_handcrafted_candidate,120,236,0.03305322128851541,1,2,31,3.933333333333333,1,colpack,greedy_coloring,INCIDENCE_DEGREE,3,0.0,,True,data\raw\matrices\week18_heterogeneous_generalization\week18_ba_n120_m2_s2.mtx,data\processed\initial_graph_coloring_dataset\colpack_outputs_week18_additional_heterogeneous_generalization\week18_ba_n120_m2_s2_incidence_degree.txt
week18_ba_n120_m2_s2,barabasi_albert,"Barabasi-Albert graph with n=120, m=2",212022,n=120; m=2; replicate=2,week18_additional_handcrafted_candidate,120,236,0.03305322128851541,1,2,31,3.933333333333333,1,colpack,greedy_coloring,SMALLEST_LAST,3,0.0,,True,data\raw\matrices\week18_heterogeneous_generalization\week18_ba_n120_m2_s2.mtx,data\processed\initial_graph_coloring_dataset\colpack_outputs_week18_additional_heterogeneous_generalization\week18_ba_n120_m2_s2_smallest_last.txt
week18_ba_n120_m4_s0,barabasi_albert,"Barabasi-Albert graph with n=120, m=4",212040,n=120; m=4; replicate=0,week18_additional_handcrafted_candidate,120,464,0.06498599439775911,1,4,37,7.733333333333333,1,colpack,greedy_coloring,NATURAL,5,0.0,,True,data\raw\matrices\week18_heterogeneous_generalization\week18_ba_n120_m4_s0.mtx,data\processed\initial_graph_coloring_dataset\colpack_outputs_week18_additional_heterogeneous_generalization\week18_ba_n120_m4_s0_natural.txt
week18_ba_n120_m4_s0,barabasi_albert,"Barabasi-Albert graph with n=120, m=4",212040,n=120; m=4; replicate=0,week18_additional_handcrafted_candidate,120,464,0.06498599439775911,1,4,37,7.733333333333333,1,colpack,greedy_coloring,LARGEST_FIRST,5,0.0,,True,data\raw\matrices\week18_heterogeneous_generalization\week18_ba_n120_m4_s0.mtx,data\processed\initial_graph_coloring_dataset\colpack_outputs_week18_additional_heterogeneous_generalization\week18_ba_n120_m4_s0_largest_first.txt
week18_ba_n120_m4_s0,barabasi_albert,"Barabasi-Albert graph with n=120, m=4",212040,n=120; m=4; replicate=0,week18_additional_handcrafted_candidate,120,464,0.06498599439775911,1,4,37,7.733333333333333,1,colpack,greedy_coloring,DYNAMIC_LARGEST_FIRST,5,0.0,,True,data\raw\matrices\week18_heterogeneous_generalization\week18_ba_n120_m4_s0.mtx,data\processed\initial_graph_coloring_dataset\colpack_outputs_week18_additional_heterogeneous_generalization\week18_ba_n120_m4_s0_dynamic_largest_first.txt
week18_ba_n120_m4_s0,barabasi_albert,"Barabasi-Albert graph with n=120, m=4",212040,n=120; m=4; replicate=0,week18_additional_handcrafted_candidate,120,464,0.06498599439775911,1,4,37,7.733333333333333,1,colpack,greedy_coloring,INCIDENCE_DEGREE,6,0.0,,True,data\raw\matrices\week18_heterogeneous_generalization\week18_ba_n120_m4_s0.mtx,data\processed\initial_graph_coloring_dataset\colpack_outputs_week18_additional_heterogeneous_generalization\week18_ba_n120_m4_s0_incidence_degree.txt
week18_ba_n120_m4_s0,barabasi_albert,"Barabasi-Albert graph with n=120, m=4",212040,n=120; m=4; replicate=0,week18_additional_handcrafted_candidate,120,464,0.06498599439775911,1,4,37,7.733333333333333,1,colpack,greedy_coloring,SMALLEST_LAST,5,0.0,,True,data\raw\matrices\week18_heterogeneous_generalization\week18_ba_n120_m4_s0.mtx,data\processed\initial_graph_coloring_dataset\colpack_outputs_week18_additional_heterogeneous_generalization\week18_ba_n120_m4_s0_smallest_last.txt
week18_ba_n120_m4_s1,barabasi_albert,"Barabasi-Albert graph with n=120, m=4",212041,n=120; m=4; replicate=1,week18_additional_handcrafted_candidate,120,464,0.06498599439775911,1,4,32,7.733333333333333,1,colpack,greedy_coloring,NATURAL,5,0.0,,True,data\raw\matrices\week18_heterogeneous_generalization\week18_ba_n120_m4_s1.mtx,data\processed\initial_graph_coloring_dataset\colpack_outputs_week18_additional_heterogeneous_generalization\week18_ba_n120_m4_s1_natural.txt
week18_ba_n120_m4_s1,barabasi_albert,"Barabasi-Albert graph with n=120, m=4",212041,n=120; m=4; replicate=1,week18_additional_handcrafted_candidate,120,464,0.06498599439775911,1,4,32,7.733333333333333,1,colpack,greedy_coloring,LARGEST_FIRST,5,0.0,,True,data\raw\matrices\week18_heterogeneous_generalization\week18_ba_n120_m4_s1.mtx,data\processed\initial_graph_coloring_dataset\colpack_outputs_week18_additional_heterogeneous_generalization\week18_ba_n120_m4_s1_largest_first.txt
week18_ba_n120_m4_s1,barabasi_albert,"Barabasi-Albert graph with n=120, m=4",212041,n=120; m=4; replicate=1,week18_additional_handcrafted_candidate,120,464,0.06498599439775911,1,4,32,7.733333333333333,1,colpack,greedy_coloring,DYNAMIC_LARGEST_FIRST,6,0.0,,True,data\raw\matrices\week18_heterogeneous_generalization\week18_ba_n120_m4_s1.mtx,data\processed\initial_graph_coloring_dataset\colpack_outputs_week18_additional_heterogeneous_generalization\week18_ba_n120_m4_s1_dynamic_largest_first.txt
week18_ba_n120_m4_s1,barabasi_albert,"Barabasi-Albert graph with n=120, m=4",212041,n=120; m=4; replicate=1,week18_additional_handcrafted_candidate,120,464,0.06498599439775911,1,4,32,7.733333333333333,1,colpack,greedy_coloring,INCIDENCE_DEGREE,5,0.0,,True,data\raw\matrices\week18_heterogeneous_generalization\week18_ba_n120_m4_s1.mtx,data\processed\initial_graph_coloring_dataset\colpack_outputs_week18_additional_heterogeneous_generalization\week18_ba_n120_m4_s1_incidence_degree.txt
week18_ba_n120_m4_s1,barabasi_albert,"Barabasi-Albert graph with n=120, m=4",212041,n=120; m=4; replicate=1,week18_additional_handcrafted_candidate,120,464,0.06498599439775911,1,4,32,7.733333333333333,1,colpack,greedy_coloring,SMALLEST_LAST,5,0.0,,True,data\raw\matrices\week18_heterogeneous_generalization\week18_ba_n120_m4_s1.mtx,data\processed\initial_graph_coloring_dataset\colpack_outputs_week18_additional_heterogeneous_generalization\week18_ba_n120_m4_s1_smallest_last.txt
week18_ba_n120_m4_s2,barabasi_albert,"Barabasi-Albert graph with n=120, m=4",212042,n=120; m=4; replicate=2,week18_additional_handcrafted_candidate,120,464,0.06498599439775911,1,4,36,7.733333333333333,1,colpack,greedy_coloring,NATURAL,5,0.0,,True,data\raw\matrices\week18_heterogeneous_generalization\week18_ba_n120_m4_s2.mtx,data\processed\initial_graph_coloring_dataset\colpack_outputs_week18_additional_heterogeneous_generalization\week18_ba_n120_m4_s2_natural.txt
week18_ba_n120_m4_s2,barabasi_albert,"Barabasi-Albert graph with n=120, m=4",212042,n=120; m=4; replicate=2,week18_additional_handcrafted_candidate,120,464,0.06498599439775911,1,4,36,7.733333333333333,1,colpack,greedy_coloring,LARGEST_FIRST,6,0.0,,True,data\raw\matrices\week18_heterogeneous_generalization\week18_ba_n120_m4_s2.mtx,data\processed\initial_graph_coloring_dataset\colpack_outputs_week18_additional_heterogeneous_generalization\week18_ba_n120_m4_s2_largest_first.txt
week18_ba_n120_m4_s2,barabasi_albert,"Barabasi-Albert graph with n=120, m=4",212042,n=120; m=4; replicate=2,week18_additional_handcrafted_candidate,120,464,0.06498599439775911,1,4,36,7.733333333333333,1,colpack,greedy_coloring,DYNAMIC_LARGEST_FIRST,6,0.0,,True,data\raw\matrices\week18_heterogeneous_generalization\week18_ba_n120_m4_s2.mtx,data\processed\initial_graph_coloring_dataset\colpack_outputs_week18_additional_heterogeneous_generalization\week18_ba_n120_m4_s2_dynamic_largest_first.txt
week18_ba_n120_m4_s2,barabasi_albert,"Barabasi-Albert graph with n=120, m=4",212042,n=120; m=4; replicate=2,week18_additional_handcrafted_candidate,120,464,0.06498599439775911,1,4,36,7.733333333333333,1,colpack,greedy_coloring,INCIDENCE_DEGREE,5,0.0,,True,data\raw\matrices\week18_heterogeneous_generalization\week18_ba_n120_m4_s2.mtx,data\processed\initial_graph_coloring_dataset\colpack_outputs_week18_additional_heterogeneous_generalization\week18_ba_n120_m4_s2_incidence_degree.txt
week18_ba_n120_m4_s2,barabasi_albert,"Barabasi-Albert graph with n=120, m=4",212042,n=120; m=4; replicate=2,week18_additional_handcrafted_candidate,120,464,0.06498599439775911,1,4,36,7.733333333333333,1,colpack,greedy_coloring,SMALLEST_LAST,5,0.0,,True,data\raw\matrices\week18_heterogeneous_generalization\week18_ba_n120_m4_s2.mtx,data\processed\initial_graph_coloring_dataset\colpack_outputs_week18_additional_heterogeneous_generalization\week18_ba_n120_m4_s2_smallest_last.txt
week18_ba_n120_m6_s0,barabasi_albert,"Barabasi-Albert graph with n=120, m=6",212060,n=120; m=6; replicate=0,week18_additional_handcrafted_candidate,120,684,0.0957983193277311,1,6,46,11.4,1,colpack,greedy_coloring,NATURAL,7,0.0,,True,data\raw\matrices\week18_heterogeneous_generalization\week18_ba_n120_m6_s0.mtx,data\processed\initial_graph_coloring_dataset\colpack_outputs_week18_additional_heterogeneous_generalization\week18_ba_n120_m6_s0_natural.txt
week18_ba_n120_m6_s0,barabasi_albert,"Barabasi-Albert graph with n=120, m=6",212060,n=120; m=6; replicate=0,week18_additional_handcrafted_candidate,120,684,0.0957983193277311,1,6,46,11.4,1,colpack,greedy_coloring,LARGEST_FIRST,7,0.0,,True,data\raw\matrices\week18_heterogeneous_generalization\week18_ba_n120_m6_s0.mtx,data\processed\initial_graph_coloring_dataset\colpack_outputs_week18_additional_heterogeneous_generalization\week18_ba_n120_m6_s0_largest_first.txt
week18_ba_n120_m6_s0,barabasi_albert,"Barabasi-Albert graph with n=120, m=6",212060,n=120; m=6; replicate=0,week18_additional_handcrafted_candidate,120,684,0.0957983193277311,1,6,46,11.4,1,colpack,greedy_coloring,DYNAMIC_LARGEST_FIRST,7,0.001,,True,data\raw\matrices\week18_heterogeneous_generalization\week18_ba_n120_m6_s0.mtx,data\processed\initial_graph_coloring_dataset\colpack_outputs_week18_additional_heterogeneous_generalization\week18_ba_n120_m6_s0_dynamic_largest_first.txt
week18_ba_n120_m6_s0,barabasi_albert,"Barabasi-Albert graph with n=120, m=6",212060,n=120; m=6; replicate=0,week18_additional_handcrafted_candidate,120,684,0.0957983193277311,1,6,46,11.4,1,colpack,greedy_coloring,INCIDENCE_DEGREE,7,0.0,,True,data\raw\matrices\week18_heterogeneous_generalization\week18_ba_n120_m6_s0.mtx,data\processed\initial_graph_coloring_dataset\colpack_outputs_week18_additional_heterogeneous_generalization\week18_ba_n120_m6_s0_incidence_degree.txt
week18_ba_n120_m6_s0,barabasi_albert,"Barabasi-Albert graph with n=120, m=6",212060,n=120; m=6; replicate=0,week18_additional_handcrafted_candidate,120,684,0.0957983193277311,1,6,46,11.4,1,colpack,greedy_coloring,SMALLEST_LAST,7,0.0,,True,data\raw\matrices\week18_heterogeneous_generalization\week18_ba_n120_m6_s0.mtx,data\processed\initial_graph_coloring_dataset\colpack_outputs_week18_additional_heterogeneous_generalization\week18_ba_n120_m6_s0_smallest_last.txt
week18_ba_n120_m6_s1,barabasi_albert,"Barabasi-Albert graph with n=120, m=6",212061,n=120; m=6; replicate=1,week18_additional_handcrafted_candidate,120,684,0.0957983193277311,1,4,49,11.4,1,colpack,greedy_coloring,NATURAL,6,0.0,,True,data\raw\matrices\week18_heterogeneous_generalization\week18_ba_n120_m6_s1.mtx,data\processed\initial_graph_coloring_dataset\colpack_outputs_week18_additional_heterogeneous_generalization\week18_ba_n120_m6_s1_natural.txt
week18_ba_n120_m6_s1,barabasi_albert,"Barabasi-Albert graph with n=120, m=6",212061,n=120; m=6; replicate=1,week18_additional_handcrafted_candidate,120,684,0.0957983193277311,1,4,49,11.4,1,colpack,greedy_coloring,LARGEST_FIRST,8,0.0,,True,data\raw\matrices\week18_heterogeneous_generalization\week18_ba_n120_m6_s1.mtx,data\processed\initial_graph_coloring_dataset\colpack_outputs_week18_additional_heterogeneous_generalization\week18_ba_n120_m6_s1_largest_first.txt
week18_ba_n120_m6_s1,barabasi_albert,"Barabasi-Albert graph with n=120, m=6",212061,n=120; m=6; replicate=1,week18_additional_handcrafted_candidate,120,684,0.0957983193277311,1,4,49,11.4,1,colpack,greedy_coloring,DYNAMIC_LARGEST_FIRST,8,0.0,,True,data\raw\matrices\week18_heterogeneous_generalization\week18_ba_n120_m6_s1.mtx,data\processed\initial_graph_coloring_dataset\colpack_outputs_week18_additional_heterogeneous_generalization\week18_ba_n120_m6_s1_dynamic_largest_first.txt
week18_ba_n120_m6_s1,barabasi_albert,"Barabasi-Albert graph with n=120, m=6",212061,n=120; m=6; replicate=1,week18_additional_handcrafted_candidate,120,684,0.0957983193277311,1,4,49,11.4,1,colpack,greedy_coloring,INCIDENCE_DEGREE,6,0.001,,True,data\raw\matrices\week18_heterogeneous_generalization\week18_ba_n120_m6_s1.mtx,data\processed\initial_graph_coloring_dataset\colpack_outputs_week18_additional_heterogeneous_generalization\week18_ba_n120_m6_s1_incidence_degree.txt
week18_ba_n120_m6_s1,barabasi_albert,"Barabasi-Albert graph with n=120, m=6",212061,n=120; m=6; replicate=1,week18_additional_handcrafted_candidate,120,684,0.0957983193277311,1,4,49,11.4,1,colpack,greedy_coloring,SMALLEST_LAST,7,0.0,,True,data\raw\matrices\week18_heterogeneous_generalization\week18_ba_n120_m6_s1.mtx,data\processed\initial_graph_coloring_dataset\colpack_outputs_week18_additional_heterogeneous_generalization\week18_ba_n120_m6_s1_smallest_last.txt
week18_ba_n120_m6_s2,barabasi_albert,"Barabasi-Albert graph with n=120, m=6",212062,n=120; m=6; replicate=2,week18_additional_handcrafted_candidate,120,684,0.0957983193277311,1,6,46,11.4,1,colpack,greedy_coloring,NATURAL,7,0.0,,True,data\raw\matrices\week18_heterogeneous_generalization\week18_ba_n120_m6_s2.mtx,data\processed\initial_graph_coloring_dataset\colpack_outputs_week18_additional_heterogeneous_generalization\week18_ba_n120_m6_s2_natural.txt
week18_ba_n120_m6_s2,barabasi_albert,"Barabasi-Albert graph with n=120, m=6",212062,n=120; m=6; replicate=2,week18_additional_handcrafted_candidate,120,684,0.0957983193277311,1,6,46,11.4,1,colpack,greedy_coloring,LARGEST_FIRST,8,0.0,,True,data\raw\matrices\week18_heterogeneous_generalization\week18_ba_n120_m6_s2.mtx,data\processed\initial_graph_coloring_dataset\colpack_outputs_week18_additional_heterogeneous_generalization\week18_ba_n120_m6_s2_largest_first.txt
week18_ba_n120_m6_s2,barabasi_albert,"Barabasi-Albert graph with n=120, m=6",212062,n=120; m=6; replicate=2,week18_additional_handcrafted_candidate,120,684,0.0957983193277311,1,6,46,11.4,1,colpack,greedy_coloring,DYNAMIC_LARGEST_FIRST,8,0.001,,True,data\raw\matrices\week18_heterogeneous_generalization\week18_ba_n120_m6_s2.mtx,data\processed\initial_graph_coloring_dataset\colpack_outputs_week18_additional_heterogeneous_generalization\week18_ba_n120_m6_s2_dynamic_largest_first.txt
week18_ba_n120_m6_s2,barabasi_albert,"Barabasi-Albert graph with n=120, m=6",212062,n=120; m=6; replicate=2,week18_additional_handcrafted_candidate,120,684,0.0957983193277311,1,6,46,11.4,1,colpack,greedy_coloring,INCIDENCE_DEGREE,7,0.0,,True,data\raw\matrices\week18_heterogeneous_generalization\week18_ba_n120_m6_s2.mtx,data\processed\initial_graph_coloring_dataset\colpack_outputs_week18_additional_heterogeneous_generalization\week18_ba_n120_m6_s2_incidence_degree.txt
week18_ba_n120_m6_s2,barabasi_albert,"Barabasi-Albert graph with n=120, m=6",212062,n=120; m=6; replicate=2,week18_additional_handcrafted_candidate,120,684,0.0957983193277311,1,6,46,11.4,1,colpack,greedy_coloring,SMALLEST_LAST,7,0.0,,True,data\raw\matrices\week18_heterogeneous_generalization\week18_ba_n120_m6_s2.mtx,data\processed\initial_graph_coloring_dataset\colpack_outputs_week18_additional_heterogeneous_generalization\week18_ba_n120_m6_s2_smallest_last.txt
week18_ws_n60_k4_p05_s0,watts_strogatz,"Watts-Strogatz graph with n=60, k=4, p=0.05",306045,n=60; k=4; rewiring_probability=0.05; replicate=0,week18_additional_handcrafted_candidate,60,120,0.06779661016949153,1,3,5,4.0,1,colpack,greedy_coloring,NATURAL,4,0.0,,True,data\raw\matrices\week18_heterogeneous_generalization\week18_ws_n60_k4_p05_s0.mtx,data\processed\initial_graph_coloring_dataset\colpack_outputs_week18_additional_heterogeneous_generalization\week18_ws_n60_k4_p05_s0_natural.txt
week18_ws_n60_k4_p05_s0,watts_strogatz,"Watts-Strogatz graph with n=60, k=4, p=0.05",306045,n=60; k=4; rewiring_probability=0.05; replicate=0,week18_additional_handcrafted_candidate,60,120,0.06779661016949153,1,3,5,4.0,1,colpack,greedy_coloring,LARGEST_FIRST,4,0.0,,True,data\raw\matrices\week18_heterogeneous_generalization\week18_ws_n60_k4_p05_s0.mtx,data\processed\initial_graph_coloring_dataset\colpack_outputs_week18_additional_heterogeneous_generalization\week18_ws_n60_k4_p05_s0_largest_first.txt
week18_ws_n60_k4_p05_s0,watts_strogatz,"Watts-Strogatz graph with n=60, k=4, p=0.05",306045,n=60; k=4; rewiring_probability=0.05; replicate=0,week18_additional_handcrafted_candidate,60,120,0.06779661016949153,1,3,5,4.0,1,colpack,greedy_coloring,DYNAMIC_LARGEST_FIRST,4,0.0,,True,data\raw\matrices\week18_heterogeneous_generalization\week18_ws_n60_k4_p05_s0.mtx,data\processed\initial_graph_coloring_dataset\colpack_outputs_week18_additional_heterogeneous_generalization\week18_ws_n60_k4_p05_s0_dynamic_largest_first.txt
week18_ws_n60_k4_p05_s0,watts_strogatz,"Watts-Strogatz graph with n=60, k=4, p=0.05",306045,n=60; k=4; rewiring_probability=0.05; replicate=0,week18_additional_handcrafted_candidate,60,120,0.06779661016949153,1,3,5,4.0,1,colpack,greedy_coloring,INCIDENCE_DEGREE,4,0.0,,True,data\raw\matrices\week18_heterogeneous_generalization\week18_ws_n60_k4_p05_s0.mtx,data\processed\initial_graph_coloring_dataset\colpack_outputs_week18_additional_heterogeneous_generalization\week18_ws_n60_k4_p05_s0_incidence_degree.txt
week18_ws_n60_k4_p05_s0,watts_strogatz,"Watts-Strogatz graph with n=60, k=4, p=0.05",306045,n=60; k=4; rewiring_probability=0.05; replicate=0,week18_additional_handcrafted_candidate,60,120,0.06779661016949153,1,3,5,4.0,1,colpack,greedy_coloring,SMALLEST_LAST,4,0.0,,True,data\raw\matrices\week18_heterogeneous_generalization\week18_ws_n60_k4_p05_s0.mtx,data\processed\initial_graph_coloring_dataset\colpack_outputs_week18_additional_heterogeneous_generalization\week18_ws_n60_k4_p05_s0_smallest_last.txt
week18_ws_n60_k4_p05_s1,watts_strogatz,"Watts-Strogatz graph with n=60, k=4, p=0.05",306046,n=60; k=4; rewiring_probability=0.05; replicate=1,week18_additional_handcrafted_candidate,60,120,0.06779661016949153,1,3,6,4.0,1,colpack,greedy_coloring,NATURAL,5,0.0,,True,data\raw\matrices\week18_heterogeneous_generalization\week18_ws_n60_k4_p05_s1.mtx,data\processed\initial_graph_coloring_dataset\colpack_outputs_week18_additional_heterogeneous_generalization\week18_ws_n60_k4_p05_s1_natural.txt
week18_ws_n60_k4_p05_s1,watts_strogatz,"Watts-Strogatz graph with n=60, k=4, p=0.05",306046,n=60; k=4; rewiring_probability=0.05; replicate=1,week18_additional_handcrafted_candidate,60,120,0.06779661016949153,1,3,6,4.0,1,colpack,greedy_coloring,LARGEST_FIRST,4,0.0,,True,data\raw\matrices\week18_heterogeneous_generalization\week18_ws_n60_k4_p05_s1.mtx,data\processed\initial_graph_coloring_dataset\colpack_outputs_week18_additional_heterogeneous_generalization\week18_ws_n60_k4_p05_s1_largest_first.txt
week18_ws_n60_k4_p05_s1,watts_strogatz,"Watts-Strogatz graph with n=60, k=4, p=0.05",306046,n=60; k=4; rewiring_probability=0.05; replicate=1,week18_additional_handcrafted_candidate,60,120,0.06779661016949153,1,3,6,4.0,1,colpack,greedy_coloring,DYNAMIC_LARGEST_FIRST,5,0.0,,True,data\raw\matrices\week18_heterogeneous_generalization\week18_ws_n60_k4_p05_s1.mtx,data\processed\initial_graph_coloring_dataset\colpack_outputs_week18_additional_heterogeneous_generalization\week18_ws_n60_k4_p05_s1_dynamic_largest_first.txt
week18_ws_n60_k4_p05_s1,watts_strogatz,"Watts-Strogatz graph with n=60, k=4, p=0.05",306046,n=60; k=4; rewiring_probability=0.05; replicate=1,week18_additional_handcrafted_candidate,60,120,0.06779661016949153,1,3,6,4.0,1,colpack,greedy_coloring,INCIDENCE_DEGREE,4,0.0,,True,data\raw\matrices\week18_heterogeneous_generalization\week18_ws_n60_k4_p05_s1.mtx,data\processed\initial_graph_coloring_dataset\colpack_outputs_week18_additional_heterogeneous_generalization\week18_ws_n60_k4_p05_s1_incidence_degree.txt
week18_ws_n60_k4_p05_s1,watts_strogatz,"Watts-Strogatz graph with n=60, k=4, p=0.05",306046,n=60; k=4; rewiring_probability=0.05; replicate=1,week18_additional_handcrafted_candidate,60,120,0.06779661016949153,1,3,6,4.0,1,colpack,greedy_coloring,SMALLEST_LAST,4,0.0,,True,data\raw\matrices\week18_heterogeneous_generalization\week18_ws_n60_k4_p05_s1.mtx,data\processed\initial_graph_coloring_dataset\colpack_outputs_week18_additional_heterogeneous_generalization\week18_ws_n60_k4_p05_s1_smallest_last.txt
week18_ws_n60_k4_p20_s0,watts_strogatz,"Watts-Strogatz graph with n=60, k=4, p=0.2",306060,n=60; k=4; rewiring_probability=0.2; replicate=0,week18_additional_handcrafted_candidate,60,120,0.06779661016949153,1,2,6,4.0,1,colpack,greedy_coloring,NATURAL,4,0.0,,True,data\raw\matrices\week18_heterogeneous_generalization\week18_ws_n60_k4_p20_s0.mtx,data\processed\initial_graph_coloring_dataset\colpack_outputs_week18_additional_heterogeneous_generalization\week18_ws_n60_k4_p20_s0_natural.txt
week18_ws_n60_k4_p20_s0,watts_strogatz,"Watts-Strogatz graph with n=60, k=4, p=0.2",306060,n=60; k=4; rewiring_probability=0.2; replicate=0,week18_additional_handcrafted_candidate,60,120,0.06779661016949153,1,2,6,4.0,1,colpack,greedy_coloring,LARGEST_FIRST,4,0.0,,True,data\raw\matrices\week18_heterogeneous_generalization\week18_ws_n60_k4_p20_s0.mtx,data\processed\initial_graph_coloring_dataset\colpack_outputs_week18_additional_heterogeneous_generalization\week18_ws_n60_k4_p20_s0_largest_first.txt
week18_ws_n60_k4_p20_s0,watts_strogatz,"Watts-Strogatz graph with n=60, k=4, p=0.2",306060,n=60; k=4; rewiring_probability=0.2; replicate=0,week18_additional_handcrafted_candidate,60,120,0.06779661016949153,1,2,6,4.0,1,colpack,greedy_coloring,DYNAMIC_LARGEST_FIRST,4,0.0,,True,data\raw\matrices\week18_heterogeneous_generalization\week18_ws_n60_k4_p20_s0.mtx,data\processed\initial_graph_coloring_dataset\colpack_outputs_week18_additional_heterogeneous_generalization\week18_ws_n60_k4_p20_s0_dynamic_largest_first.txt
week18_ws_n60_k4_p20_s0,watts_strogatz,"Watts-Strogatz graph with n=60, k=4, p=0.2",306060,n=60; k=4; rewiring_probability=0.2; replicate=0,week18_additional_handcrafted_candidate,60,120,0.06779661016949153,1,2,6,4.0,1,colpack,greedy_coloring,INCIDENCE_DEGREE,4,0.0,,True,data\raw\matrices\week18_heterogeneous_generalization\week18_ws_n60_k4_p20_s0.mtx,data\processed\initial_graph_coloring_dataset\colpack_outputs_week18_additional_heterogeneous_generalization\week18_ws_n60_k4_p20_s0_incidence_degree.txt
week18_ws_n60_k4_p20_s0,watts_strogatz,"Watts-Strogatz graph with n=60, k=4, p=0.2",306060,n=60; k=4; rewiring_probability=0.2; replicate=0,week18_additional_handcrafted_candidate,60,120,0.06779661016949153,1,2,6,4.0,1,colpack,greedy_coloring,SMALLEST_LAST,4,0.0,,True,data\raw\matrices\week18_heterogeneous_generalization\week18_ws_n60_k4_p20_s0.mtx,data\processed\initial_graph_coloring_dataset\colpack_outputs_week18_additional_heterogeneous_generalization\week18_ws_n60_k4_p20_s0_smallest_last.txt
week18_ws_n60_k4_p20_s1,watts_strogatz,"Watts-Strogatz graph with n=60, k=4, p=0.2",306061,n=60; k=4; rewiring_probability=0.2; replicate=1,week18_additional_handcrafted_candidate,60,120,0.06779661016949153,1,2,7,4.0,1,colpack,greedy_coloring,NATURAL,4,0.0,,True,data\raw\matrices\week18_heterogeneous_generalization\week18_ws_n60_k4_p20_s1.mtx,data\processed\initial_graph_coloring_dataset\colpack_outputs_week18_additional_heterogeneous_generalization\week18_ws_n60_k4_p20_s1_natural.txt
week18_ws_n60_k4_p20_s1,watts_strogatz,"Watts-Strogatz graph with n=60, k=4, p=0.2",306061,n=60; k=4; rewiring_probability=0.2; replicate=1,week18_additional_handcrafted_candidate,60,120,0.06779661016949153,1,2,7,4.0,1,colpack,greedy_coloring,LARGEST_FIRST,4,0.0,,True,data\raw\matrices\week18_heterogeneous_generalization\week18_ws_n60_k4_p20_s1.mtx,data\processed\initial_graph_coloring_dataset\colpack_outputs_week18_additional_heterogeneous_generalization\week18_ws_n60_k4_p20_s1_largest_first.txt
week18_ws_n60_k4_p20_s1,watts_strogatz,"Watts-Strogatz graph with n=60, k=4, p=0.2",306061,n=60; k=4; rewiring_probability=0.2; replicate=1,week18_additional_handcrafted_candidate,60,120,0.06779661016949153,1,2,7,4.0,1,colpack,greedy_coloring,DYNAMIC_LARGEST_FIRST,4,0.0,,True,data\raw\matrices\week18_heterogeneous_generalization\week18_ws_n60_k4_p20_s1.mtx,data\processed\initial_graph_coloring_dataset\colpack_outputs_week18_additional_heterogeneous_generalization\week18_ws_n60_k4_p20_s1_dynamic_largest_first.txt
week18_ws_n60_k4_p20_s1,watts_strogatz,"Watts-Strogatz graph with n=60, k=4, p=0.2",306061,n=60; k=4; rewiring_probability=0.2; replicate=1,week18_additional_handcrafted_candidate,60,120,0.06779661016949153,1,2,7,4.0,1,colpack,greedy_coloring,INCIDENCE_DEGREE,4,0.0,,True,data\raw\matrices\week18_heterogeneous_generalization\week18_ws_n60_k4_p20_s1.mtx,data\processed\initial_graph_coloring_dataset\colpack_outputs_week18_additional_heterogeneous_generalization\week18_ws_n60_k4_p20_s1_incidence_degree.txt
week18_ws_n60_k4_p20_s1,watts_strogatz,"Watts-Strogatz graph with n=60, k=4, p=0.2",306061,n=60; k=4; rewiring_probability=0.2; replicate=1,week18_additional_handcrafted_candidate,60,120,0.06779661016949153,1,2,7,4.0,1,colpack,greedy_coloring,SMALLEST_LAST,4,0.001,,True,data\raw\matrices\week18_heterogeneous_generalization\week18_ws_n60_k4_p20_s1.mtx,data\processed\initial_graph_coloring_dataset\colpack_outputs_week18_additional_heterogeneous_generalization\week18_ws_n60_k4_p20_s1_smallest_last.txt
week18_ws_n60_k4_p50_s0,watts_strogatz,"Watts-Strogatz graph with n=60, k=4, p=0.5",306090,n=60; k=4; rewiring_probability=0.5; replicate=0,week18_additional_handcrafted_candidate,60,120,0.06779661016949153,1,2,9,4.0,1,colpack,greedy_coloring,NATURAL,5,0.0,,True,data\raw\matrices\week18_heterogeneous_generalization\week18_ws_n60_k4_p50_s0.mtx,data\processed\initial_graph_coloring_dataset\colpack_outputs_week18_additional_heterogeneous_generalization\week18_ws_n60_k4_p50_s0_natural.txt
week18_ws_n60_k4_p50_s0,watts_strogatz,"Watts-Strogatz graph with n=60, k=4, p=0.5",306090,n=60; k=4; rewiring_probability=0.5; replicate=0,week18_additional_handcrafted_candidate,60,120,0.06779661016949153,1,2,9,4.0,1,colpack,greedy_coloring,LARGEST_FIRST,4,0.0,,True,data\raw\matrices\week18_heterogeneous_generalization\week18_ws_n60_k4_p50_s0.mtx,data\processed\initial_graph_coloring_dataset\colpack_outputs_week18_additional_heterogeneous_generalization\week18_ws_n60_k4_p50_s0_largest_first.txt
week18_ws_n60_k4_p50_s0,watts_strogatz,"Watts-Strogatz graph with n=60, k=4, p=0.5",306090,n=60; k=4; rewiring_probability=0.5; replicate=0,week18_additional_handcrafted_candidate,60,120,0.06779661016949153,1,2,9,4.0,1,colpack,greedy_coloring,DYNAMIC_LARGEST_FIRST,4,0.0,,True,data\raw\matrices\week18_heterogeneous_generalization\week18_ws_n60_k4_p50_s0.mtx,data\processed\initial_graph_coloring_dataset\colpack_outputs_week18_additional_heterogeneous_generalization\week18_ws_n60_k4_p50_s0_dynamic_largest_first.txt
week18_ws_n60_k4_p50_s0,watts_strogatz,"Watts-Strogatz graph with n=60, k=4, p=0.5",306090,n=60; k=4; rewiring_probability=0.5; replicate=0,week18_additional_handcrafted_candidate,60,120,0.06779661016949153,1,2,9,4.0,1,colpack,greedy_coloring,INCIDENCE_DEGREE,4,0.0,,True,data\raw\matrices\week18_heterogeneous_generalization\week18_ws_n60_k4_p50_s0.mtx,data\processed\initial_graph_coloring_dataset\colpack_outputs_week18_additional_heterogeneous_generalization\week18_ws_n60_k4_p50_s0_incidence_degree.txt
week18_ws_n60_k4_p50_s0,watts_strogatz,"Watts-Strogatz graph with n=60, k=4, p=0.5",306090,n=60; k=4; rewiring_probability=0.5; replicate=0,week18_additional_handcrafted_candidate,60,120,0.06779661016949153,1,2,9,4.0,1,colpack,greedy_coloring,SMALLEST_LAST,4,0.0,,True,data\raw\matrices\week18_heterogeneous_generalization\week18_ws_n60_k4_p50_s0.mtx,data\processed\initial_graph_coloring_dataset\colpack_outputs_week18_additional_heterogeneous_generalization\week18_ws_n60_k4_p50_s0_smallest_last.txt
week18_ws_n60_k4_p50_s1,watts_strogatz,"Watts-Strogatz graph with n=60, k=4, p=0.5",306091,n=60; k=4; rewiring_probability=0.5; replicate=1,week18_additional_handcrafted_candidate,60,120,0.06779661016949153,1,2,8,4.0,1,colpack,greedy_coloring,NATURAL,4,0.0,,True,data\raw\matrices\week18_heterogeneous_generalization\week18_ws_n60_k4_p50_s1.mtx,data\processed\initial_graph_coloring_dataset\colpack_outputs_week18_additional_heterogeneous_generalization\week18_ws_n60_k4_p50_s1_natural.txt
week18_ws_n60_k4_p50_s1,watts_strogatz,"Watts-Strogatz graph with n=60, k=4, p=0.5",306091,n=60; k=4; rewiring_probability=0.5; replicate=1,week18_additional_handcrafted_candidate,60,120,0.06779661016949153,1,2,8,4.0,1,colpack,greedy_coloring,LARGEST_FIRST,4,0.0,,True,data\raw\matrices\week18_heterogeneous_generalization\week18_ws_n60_k4_p50_s1.mtx,data\processed\initial_graph_coloring_dataset\colpack_outputs_week18_additional_heterogeneous_generalization\week18_ws_n60_k4_p50_s1_largest_first.txt
week18_ws_n60_k4_p50_s1,watts_strogatz,"Watts-Strogatz graph with n=60, k=4, p=0.5",306091,n=60; k=4; rewiring_probability=0.5; replicate=1,week18_additional_handcrafted_candidate,60,120,0.06779661016949153,1,2,8,4.0,1,colpack,greedy_coloring,DYNAMIC_LARGEST_FIRST,4,0.0,,True,data\raw\matrices\week18_heterogeneous_generalization\week18_ws_n60_k4_p50_s1.mtx,data\processed\initial_graph_coloring_dataset\colpack_outputs_week18_additional_heterogeneous_generalization\week18_ws_n60_k4_p50_s1_dynamic_largest_first.txt
week18_ws_n60_k4_p50_s1,watts_strogatz,"Watts-Strogatz graph with n=60, k=4, p=0.5",306091,n=60; k=4; rewiring_probability=0.5; replicate=1,week18_additional_handcrafted_candidate,60,120,0.06779661016949153,1,2,8,4.0,1,colpack,greedy_coloring,INCIDENCE_DEGREE,4,0.0,,True,data\raw\matrices\week18_heterogeneous_generalization\week18_ws_n60_k4_p50_s1.mtx,data\processed\initial_graph_coloring_dataset\colpack_outputs_week18_additional_heterogeneous_generalization\week18_ws_n60_k4_p50_s1_incidence_degree.txt
week18_ws_n60_k4_p50_s1,watts_strogatz,"Watts-Strogatz graph with n=60, k=4, p=0.5",306091,n=60; k=4; rewiring_probability=0.5; replicate=1,week18_additional_handcrafted_candidate,60,120,0.06779661016949153,1,2,8,4.0,1,colpack,greedy_coloring,SMALLEST_LAST,4,0.0,,True,data\raw\matrices\week18_heterogeneous_generalization\week18_ws_n60_k4_p50_s1.mtx,data\processed\initial_graph_coloring_dataset\colpack_outputs_week18_additional_heterogeneous_generalization\week18_ws_n60_k4_p50_s1_smallest_last.txt
week18_ws_n60_k8_p05_s0,watts_strogatz,"Watts-Strogatz graph with n=60, k=8, p=0.05",306085,n=60; k=8; rewiring_probability=0.05; replicate=0,week18_additional_handcrafted_candidate,60,240,0.13559322033898305,1,6,10,8.0,1,colpack,greedy_coloring,NATURAL,6,0.0,,True,data\raw\matrices\week18_heterogeneous_generalization\week18_ws_n60_k8_p05_s0.mtx,data\processed\initial_graph_coloring_dataset\colpack_outputs_week18_additional_heterogeneous_generalization\week18_ws_n60_k8_p05_s0_natural.txt
week18_ws_n60_k8_p05_s0,watts_strogatz,"Watts-Strogatz graph with n=60, k=8, p=0.05",306085,n=60; k=8; rewiring_probability=0.05; replicate=0,week18_additional_handcrafted_candidate,60,240,0.13559322033898305,1,6,10,8.0,1,colpack,greedy_coloring,LARGEST_FIRST,7,0.0,,True,data\raw\matrices\week18_heterogeneous_generalization\week18_ws_n60_k8_p05_s0.mtx,data\processed\initial_graph_coloring_dataset\colpack_outputs_week18_additional_heterogeneous_generalization\week18_ws_n60_k8_p05_s0_largest_first.txt
week18_ws_n60_k8_p05_s0,watts_strogatz,"Watts-Strogatz graph with n=60, k=8, p=0.05",306085,n=60; k=8; rewiring_probability=0.05; replicate=0,week18_additional_handcrafted_candidate,60,240,0.13559322033898305,1,6,10,8.0,1,colpack,greedy_coloring,DYNAMIC_LARGEST_FIRST,7,0.0,,True,data\raw\matrices\week18_heterogeneous_generalization\week18_ws_n60_k8_p05_s0.mtx,data\processed\initial_graph_coloring_dataset\colpack_outputs_week18_additional_heterogeneous_generalization\week18_ws_n60_k8_p05_s0_dynamic_largest_first.txt
week18_ws_n60_k8_p05_s0,watts_strogatz,"Watts-Strogatz graph with n=60, k=8, p=0.05",306085,n=60; k=8; rewiring_probability=0.05; replicate=0,week18_additional_handcrafted_candidate,60,240,0.13559322033898305,1,6,10,8.0,1,colpack,greedy_coloring,INCIDENCE_DEGREE,6,0.0,,True,data\raw\matrices\week18_heterogeneous_generalization\week18_ws_n60_k8_p05_s0.mtx,data\processed\initial_graph_coloring_dataset\colpack_outputs_week18_additional_heterogeneous_generalization\week18_ws_n60_k8_p05_s0_incidence_degree.txt
week18_ws_n60_k8_p05_s0,watts_strogatz,"Watts-Strogatz graph with n=60, k=8, p=0.05",306085,n=60; k=8; rewiring_probability=0.05; replicate=0,week18_additional_handcrafted_candidate,60,240,0.13559322033898305,1,6,10,8.0,1,colpack,greedy_coloring,SMALLEST_LAST,7,0.0,,True,data\raw\matrices\week18_heterogeneous_generalization\week18_ws_n60_k8_p05_s0.mtx,data\processed\initial_graph_coloring_dataset\colpack_outputs_week18_additional_heterogeneous_generalization\week18_ws_n60_k8_p05_s0_smallest_last.txt
week18_ws_n60_k8_p05_s1,watts_strogatz,"Watts-Strogatz graph with n=60, k=8, p=0.05",306086,n=60; k=8; rewiring_probability=0.05; replicate=1,week18_additional_handcrafted_candidate,60,240,0.13559322033898305,1,7,9,8.0,1,colpack,greedy_coloring,NATURAL,7,0.0,,True,data\raw\matrices\week18_heterogeneous_generalization\week18_ws_n60_k8_p05_s1.mtx,data\processed\initial_graph_coloring_dataset\colpack_outputs_week18_additional_heterogeneous_generalization\week18_ws_n60_k8_p05_s1_natural.txt
week18_ws_n60_k8_p05_s1,watts_strogatz,"Watts-Strogatz graph with n=60, k=8, p=0.05",306086,n=60; k=8; rewiring_probability=0.05; replicate=1,week18_additional_handcrafted_candidate,60,240,0.13559322033898305,1,7,9,8.0,1,colpack,greedy_coloring,LARGEST_FIRST,7,0.0,,True,data\raw\matrices\week18_heterogeneous_generalization\week18_ws_n60_k8_p05_s1.mtx,data\processed\initial_graph_coloring_dataset\colpack_outputs_week18_additional_heterogeneous_generalization\week18_ws_n60_k8_p05_s1_largest_first.txt
week18_ws_n60_k8_p05_s1,watts_strogatz,"Watts-Strogatz graph with n=60, k=8, p=0.05",306086,n=60; k=8; rewiring_probability=0.05; replicate=1,week18_additional_handcrafted_candidate,60,240,0.13559322033898305,1,7,9,8.0,1,colpack,greedy_coloring,DYNAMIC_LARGEST_FIRST,7,0.0,,True,data\raw\matrices\week18_heterogeneous_generalization\week18_ws_n60_k8_p05_s1.mtx,data\processed\initial_graph_coloring_dataset\colpack_outputs_week18_additional_heterogeneous_generalization\week18_ws_n60_k8_p05_s1_dynamic_largest_first.txt
week18_ws_n60_k8_p05_s1,watts_strogatz,"Watts-Strogatz graph with n=60, k=8, p=0.05",306086,n=60; k=8; rewiring_probability=0.05; replicate=1,week18_additional_handcrafted_candidate,60,240,0.13559322033898305,1,7,9,8.0,1,colpack,greedy_coloring,INCIDENCE_DEGREE,7,0.0,,True,data\raw\matrices\week18_heterogeneous_generalization\week18_ws_n60_k8_p05_s1.mtx,data\processed\initial_graph_coloring_dataset\colpack_outputs_week18_additional_heterogeneous_generalization\week18_ws_n60_k8_p05_s1_incidence_degree.txt
week18_ws_n60_k8_p05_s1,watts_strogatz,"Watts-Strogatz graph with n=60, k=8, p=0.05",306086,n=60; k=8; rewiring_probability=0.05; replicate=1,week18_additional_handcrafted_candidate,60,240,0.13559322033898305,1,7,9,8.0,1,colpack,greedy_coloring,SMALLEST_LAST,7,0.0,,True,data\raw\matrices\week18_heterogeneous_generalization\week18_ws_n60_k8_p05_s1.mtx,data\processed\initial_graph_coloring_dataset\colpack_outputs_week18_additional_heterogeneous_generalization\week18_ws_n60_k8_p05_s1_smallest_last.txt
week18_ws_n60_k8_p20_s0,watts_strogatz,"Watts-Strogatz graph with n=60, k=8, p=0.2",306100,n=60; k=8; rewiring_probability=0.2; replicate=0,week18_additional_handcrafted_candidate,60,240,0.13559322033898305,1,5,10,8.0,1,colpack,greedy_coloring,NATURAL,7,0.0,,True,data\raw\matrices\week18_heterogeneous_generalization\week18_ws_n60_k8_p20_s0.mtx,data\processed\initial_graph_coloring_dataset\colpack_outputs_week18_additional_heterogeneous_generalization\week18_ws_n60_k8_p20_s0_natural.txt
week18_ws_n60_k8_p20_s0,watts_strogatz,"Watts-Strogatz graph with n=60, k=8, p=0.2",306100,n=60; k=8; rewiring_probability=0.2; replicate=0,week18_additional_handcrafted_candidate,60,240,0.13559322033898305,1,5,10,8.0,1,colpack,greedy_coloring,LARGEST_FIRST,7,0.0,,True,data\raw\matrices\week18_heterogeneous_generalization\week18_ws_n60_k8_p20_s0.mtx,data\processed\initial_graph_coloring_dataset\colpack_outputs_week18_additional_heterogeneous_generalization\week18_ws_n60_k8_p20_s0_largest_first.txt
week18_ws_n60_k8_p20_s0,watts_strogatz,"Watts-Strogatz graph with n=60, k=8, p=0.2",306100,n=60; k=8; rewiring_probability=0.2; replicate=0,week18_additional_handcrafted_candidate,60,240,0.13559322033898305,1,5,10,8.0,1,colpack,greedy_coloring,DYNAMIC_LARGEST_FIRST,7,0.0,,True,data\raw\matrices\week18_heterogeneous_generalization\week18_ws_n60_k8_p20_s0.mtx,data\processed\initial_graph_coloring_dataset\colpack_outputs_week18_additional_heterogeneous_generalization\week18_ws_n60_k8_p20_s0_dynamic_largest_first.txt
week18_ws_n60_k8_p20_s0,watts_strogatz,"Watts-Strogatz graph with n=60, k=8, p=0.2",306100,n=60; k=8; rewiring_probability=0.2; replicate=0,week18_additional_handcrafted_candidate,60,240,0.13559322033898305,1,5,10,8.0,1,colpack,greedy_coloring,INCIDENCE_DEGREE,6,0.0,,True,data\raw\matrices\week18_heterogeneous_generalization\week18_ws_n60_k8_p20_s0.mtx,data\processed\initial_graph_coloring_dataset\colpack_outputs_week18_additional_heterogeneous_generalization\week18_ws_n60_k8_p20_s0_incidence_degree.txt
week18_ws_n60_k8_p20_s0,watts_strogatz,"Watts-Strogatz graph with n=60, k=8, p=0.2",306100,n=60; k=8; rewiring_probability=0.2; replicate=0,week18_additional_handcrafted_candidate,60,240,0.13559322033898305,1,5,10,8.0,1,colpack,greedy_coloring,SMALLEST_LAST,6,0.0,,True,data\raw\matrices\week18_heterogeneous_generalization\week18_ws_n60_k8_p20_s0.mtx,data\processed\initial_graph_coloring_dataset\colpack_outputs_week18_additional_heterogeneous_generalization\week18_ws_n60_k8_p20_s0_smallest_last.txt
week18_ws_n60_k8_p20_s1,watts_strogatz,"Watts-Strogatz graph with n=60, k=8, p=0.2",306101,n=60; k=8; rewiring_probability=0.2; replicate=1,week18_additional_handcrafted_candidate,60,240,0.13559322033898305,1,5,11,8.0,1,colpack,greedy_coloring,NATURAL,7,0.0,,True,data\raw\matrices\week18_heterogeneous_generalization\week18_ws_n60_k8_p20_s1.mtx,data\processed\initial_graph_coloring_dataset\colpack_outputs_week18_additional_heterogeneous_generalization\week18_ws_n60_k8_p20_s1_natural.txt
week18_ws_n60_k8_p20_s1,watts_strogatz,"Watts-Strogatz graph with n=60, k=8, p=0.2",306101,n=60; k=8; rewiring_probability=0.2; replicate=1,week18_additional_handcrafted_candidate,60,240,0.13559322033898305,1,5,11,8.0,1,colpack,greedy_coloring,LARGEST_FIRST,6,0.0,,True,data\raw\matrices\week18_heterogeneous_generalization\week18_ws_n60_k8_p20_s1.mtx,data\processed\initial_graph_coloring_dataset\colpack_outputs_week18_additional_heterogeneous_generalization\week18_ws_n60_k8_p20_s1_largest_first.txt
week18_ws_n60_k8_p20_s1,watts_strogatz,"Watts-Strogatz graph with n=60, k=8, p=0.2",306101,n=60; k=8; rewiring_probability=0.2; replicate=1,week18_additional_handcrafted_candidate,60,240,0.13559322033898305,1,5,11,8.0,1,colpack,greedy_coloring,DYNAMIC_LARGEST_FIRST,6,0.0,,True,data\raw\matrices\week18_heterogeneous_generalization\week18_ws_n60_k8_p20_s1.mtx,data\processed\initial_graph_coloring_dataset\colpack_outputs_week18_additional_heterogeneous_generalization\week18_ws_n60_k8_p20_s1_dynamic_largest_first.txt
week18_ws_n60_k8_p20_s1,watts_strogatz,"Watts-Strogatz graph with n=60, k=8, p=0.2",306101,n=60; k=8; rewiring_probability=0.2; replicate=1,week18_additional_handcrafted_candidate,60,240,0.13559322033898305,1,5,11,8.0,1,colpack,greedy_coloring,INCIDENCE_DEGREE,6,0.0,,True,data\raw\matrices\week18_heterogeneous_generalization\week18_ws_n60_k8_p20_s1.mtx,data\processed\initial_graph_coloring_dataset\colpack_outputs_week18_additional_heterogeneous_generalization\week18_ws_n60_k8_p20_s1_incidence_degree.txt
week18_ws_n60_k8_p20_s1,watts_strogatz,"Watts-Strogatz graph with n=60, k=8, p=0.2",306101,n=60; k=8; rewiring_probability=0.2; replicate=1,week18_additional_handcrafted_candidate,60,240,0.13559322033898305,1,5,11,8.0,1,colpack,greedy_coloring,SMALLEST_LAST,6,0.0,,True,data\raw\matrices\week18_heterogeneous_generalization\week18_ws_n60_k8_p20_s1.mtx,data\processed\initial_graph_coloring_dataset\colpack_outputs_week18_additional_heterogeneous_generalization\week18_ws_n60_k8_p20_s1_smallest_last.txt
week18_ws_n60_k8_p50_s0,watts_strogatz,"Watts-Strogatz graph with n=60, k=8, p=0.5",306130,n=60; k=8; rewiring_probability=0.5; replicate=0,week18_additional_handcrafted_candidate,60,240,0.13559322033898305,1,5,12,8.0,1,colpack,greedy_coloring,NATURAL,7,0.0,,True,data\raw\matrices\week18_heterogeneous_generalization\week18_ws_n60_k8_p50_s0.mtx,data\processed\initial_graph_coloring_dataset\colpack_outputs_week18_additional_heterogeneous_generalization\week18_ws_n60_k8_p50_s0_natural.txt
week18_ws_n60_k8_p50_s0,watts_strogatz,"Watts-Strogatz graph with n=60, k=8, p=0.5",306130,n=60; k=8; rewiring_probability=0.5; replicate=0,week18_additional_handcrafted_candidate,60,240,0.13559322033898305,1,5,12,8.0,1,colpack,greedy_coloring,LARGEST_FIRST,5,0.0,,True,data\raw\matrices\week18_heterogeneous_generalization\week18_ws_n60_k8_p50_s0.mtx,data\processed\initial_graph_coloring_dataset\colpack_outputs_week18_additional_heterogeneous_generalization\week18_ws_n60_k8_p50_s0_largest_first.txt
week18_ws_n60_k8_p50_s0,watts_strogatz,"Watts-Strogatz graph with n=60, k=8, p=0.5",306130,n=60; k=8; rewiring_probability=0.5; replicate=0,week18_additional_handcrafted_candidate,60,240,0.13559322033898305,1,5,12,8.0,1,colpack,greedy_coloring,DYNAMIC_LARGEST_FIRST,5,0.0,,True,data\raw\matrices\week18_heterogeneous_generalization\week18_ws_n60_k8_p50_s0.mtx,data\processed\initial_graph_coloring_dataset\colpack_outputs_week18_additional_heterogeneous_generalization\week18_ws_n60_k8_p50_s0_dynamic_largest_first.txt
week18_ws_n60_k8_p50_s0,watts_strogatz,"Watts-Strogatz graph with n=60, k=8, p=0.5",306130,n=60; k=8; rewiring_probability=0.5; replicate=0,week18_additional_handcrafted_candidate,60,240,0.13559322033898305,1,5,12,8.0,1,colpack,greedy_coloring,INCIDENCE_DEGREE,6,0.0,,True,data\raw\matrices\week18_heterogeneous_generalization\week18_ws_n60_k8_p50_s0.mtx,data\processed\initial_graph_coloring_dataset\colpack_outputs_week18_additional_heterogeneous_generalization\week18_ws_n60_k8_p50_s0_incidence_degree.txt
week18_ws_n60_k8_p50_s0,watts_strogatz,"Watts-Strogatz graph with n=60, k=8, p=0.5",306130,n=60; k=8; rewiring_probability=0.5; replicate=0,week18_additional_handcrafted_candidate,60,240,0.13559322033898305,1,5,12,8.0,1,colpack,greedy_coloring,SMALLEST_LAST,6,0.0,,True,data\raw\matrices\week18_heterogeneous_generalization\week18_ws_n60_k8_p50_s0.mtx,data\processed\initial_graph_coloring_dataset\colpack_outputs_week18_additional_heterogeneous_generalization\week18_ws_n60_k8_p50_s0_smallest_last.txt
week18_ws_n60_k8_p50_s1,watts_strogatz,"Watts-Strogatz graph with n=60, k=8, p=0.5",306131,n=60; k=8; rewiring_probability=0.5; replicate=1,week18_additional_handcrafted_candidate,60,240,0.13559322033898305,1,4,14,8.0,1,colpack,greedy_coloring,NATURAL,5,0.0,,True,data\raw\matrices\week18_heterogeneous_generalization\week18_ws_n60_k8_p50_s1.mtx,data\processed\initial_graph_coloring_dataset\colpack_outputs_week18_additional_heterogeneous_generalization\week18_ws_n60_k8_p50_s1_natural.txt
week18_ws_n60_k8_p50_s1,watts_strogatz,"Watts-Strogatz graph with n=60, k=8, p=0.5",306131,n=60; k=8; rewiring_probability=0.5; replicate=1,week18_additional_handcrafted_candidate,60,240,0.13559322033898305,1,4,14,8.0,1,colpack,greedy_coloring,LARGEST_FIRST,6,0.0,,True,data\raw\matrices\week18_heterogeneous_generalization\week18_ws_n60_k8_p50_s1.mtx,data\processed\initial_graph_coloring_dataset\colpack_outputs_week18_additional_heterogeneous_generalization\week18_ws_n60_k8_p50_s1_largest_first.txt
week18_ws_n60_k8_p50_s1,watts_strogatz,"Watts-Strogatz graph with n=60, k=8, p=0.5",306131,n=60; k=8; rewiring_probability=0.5; replicate=1,week18_additional_handcrafted_candidate,60,240,0.13559322033898305,1,4,14,8.0,1,colpack,greedy_coloring,DYNAMIC_LARGEST_FIRST,6,0.0,,True,data\raw\matrices\week18_heterogeneous_generalization\week18_ws_n60_k8_p50_s1.mtx,data\processed\initial_graph_coloring_dataset\colpack_outputs_week18_additional_heterogeneous_generalization\week18_ws_n60_k8_p50_s1_dynamic_largest_first.txt
week18_ws_n60_k8_p50_s1,watts_strogatz,"Watts-Strogatz graph with n=60, k=8, p=0.5",306131,n=60; k=8; rewiring_probability=0.5; replicate=1,week18_additional_handcrafted_candidate,60,240,0.13559322033898305,1,4,14,8.0,1,colpack,greedy_coloring,INCIDENCE_DEGREE,6,0.001,,True,data\raw\matrices\week18_heterogeneous_generalization\week18_ws_n60_k8_p50_s1.mtx,data\processed\initial_graph_coloring_dataset\colpack_outputs_week18_additional_heterogeneous_generalization\week18_ws_n60_k8_p50_s1_incidence_degree.txt
week18_ws_n60_k8_p50_s1,watts_strogatz,"Watts-Strogatz graph with n=60, k=8, p=0.5",306131,n=60; k=8; rewiring_probability=0.5; replicate=1,week18_additional_handcrafted_candidate,60,240,0.13559322033898305,1,4,14,8.0,1,colpack,greedy_coloring,SMALLEST_LAST,6,0.0,,True,data\raw\matrices\week18_heterogeneous_generalization\week18_ws_n60_k8_p50_s1.mtx,data\processed\initial_graph_coloring_dataset\colpack_outputs_week18_additional_heterogeneous_generalization\week18_ws_n60_k8_p50_s1_smallest_last.txt
week18_ws_n80_k4_p05_s0,watts_strogatz,"Watts-Strogatz graph with n=80, k=4, p=0.05",308045,n=80; k=4; rewiring_probability=0.05; replicate=0,week18_additional_handcrafted_candidate,80,160,0.05063291139240506,1,3,5,4.0,1,colpack,greedy_coloring,NATURAL,4,0.0,,True,data\raw\matrices\week18_heterogeneous_generalization\week18_ws_n80_k4_p05_s0.mtx,data\processed\initial_graph_coloring_dataset\colpack_outputs_week18_additional_heterogeneous_generalization\week18_ws_n80_k4_p05_s0_natural.txt
week18_ws_n80_k4_p05_s0,watts_strogatz,"Watts-Strogatz graph with n=80, k=4, p=0.05",308045,n=80; k=4; rewiring_probability=0.05; replicate=0,week18_additional_handcrafted_candidate,80,160,0.05063291139240506,1,3,5,4.0,1,colpack,greedy_coloring,LARGEST_FIRST,4,0.0,,True,data\raw\matrices\week18_heterogeneous_generalization\week18_ws_n80_k4_p05_s0.mtx,data\processed\initial_graph_coloring_dataset\colpack_outputs_week18_additional_heterogeneous_generalization\week18_ws_n80_k4_p05_s0_largest_first.txt
week18_ws_n80_k4_p05_s0,watts_strogatz,"Watts-Strogatz graph with n=80, k=4, p=0.05",308045,n=80; k=4; rewiring_probability=0.05; replicate=0,week18_additional_handcrafted_candidate,80,160,0.05063291139240506,1,3,5,4.0,1,colpack,greedy_coloring,DYNAMIC_LARGEST_FIRST,4,0.0,,True,data\raw\matrices\week18_heterogeneous_generalization\week18_ws_n80_k4_p05_s0.mtx,data\processed\initial_graph_coloring_dataset\colpack_outputs_week18_additional_heterogeneous_generalization\week18_ws_n80_k4_p05_s0_dynamic_largest_first.txt
week18_ws_n80_k4_p05_s0,watts_strogatz,"Watts-Strogatz graph with n=80, k=4, p=0.05",308045,n=80; k=4; rewiring_probability=0.05; replicate=0,week18_additional_handcrafted_candidate,80,160,0.05063291139240506,1,3,5,4.0,1,colpack,greedy_coloring,INCIDENCE_DEGREE,4,0.0,,True,data\raw\matrices\week18_heterogeneous_generalization\week18_ws_n80_k4_p05_s0.mtx,data\processed\initial_graph_coloring_dataset\colpack_outputs_week18_additional_heterogeneous_generalization\week18_ws_n80_k4_p05_s0_incidence_degree.txt
week18_ws_n80_k4_p05_s0,watts_strogatz,"Watts-Strogatz graph with n=80, k=4, p=0.05",308045,n=80; k=4; rewiring_probability=0.05; replicate=0,week18_additional_handcrafted_candidate,80,160,0.05063291139240506,1,3,5,4.0,1,colpack,greedy_coloring,SMALLEST_LAST,4,0.0,,True,data\raw\matrices\week18_heterogeneous_generalization\week18_ws_n80_k4_p05_s0.mtx,data\processed\initial_graph_coloring_dataset\colpack_outputs_week18_additional_heterogeneous_generalization\week18_ws_n80_k4_p05_s0_smallest_last.txt
week18_ws_n80_k4_p05_s1,watts_strogatz,"Watts-Strogatz graph with n=80, k=4, p=0.05",308046,n=80; k=4; rewiring_probability=0.05; replicate=1,week18_additional_handcrafted_candidate,80,160,0.05063291139240506,1,3,5,4.0,1,colpack,greedy_coloring,NATURAL,5,0.0,,True,data\raw\matrices\week18_heterogeneous_generalization\week18_ws_n80_k4_p05_s1.mtx,data\processed\initial_graph_coloring_dataset\colpack_outputs_week18_additional_heterogeneous_generalization\week18_ws_n80_k4_p05_s1_natural.txt
week18_ws_n80_k4_p05_s1,watts_strogatz,"Watts-Strogatz graph with n=80, k=4, p=0.05",308046,n=80; k=4; rewiring_probability=0.05; replicate=1,week18_additional_handcrafted_candidate,80,160,0.05063291139240506,1,3,5,4.0,1,colpack,greedy_coloring,LARGEST_FIRST,4,0.0,,True,data\raw\matrices\week18_heterogeneous_generalization\week18_ws_n80_k4_p05_s1.mtx,data\processed\initial_graph_coloring_dataset\colpack_outputs_week18_additional_heterogeneous_generalization\week18_ws_n80_k4_p05_s1_largest_first.txt
week18_ws_n80_k4_p05_s1,watts_strogatz,"Watts-Strogatz graph with n=80, k=4, p=0.05",308046,n=80; k=4; rewiring_probability=0.05; replicate=1,week18_additional_handcrafted_candidate,80,160,0.05063291139240506,1,3,5,4.0,1,colpack,greedy_coloring,DYNAMIC_LARGEST_FIRST,4,0.0,,True,data\raw\matrices\week18_heterogeneous_generalization\week18_ws_n80_k4_p05_s1.mtx,data\processed\initial_graph_coloring_dataset\colpack_outputs_week18_additional_heterogeneous_generalization\week18_ws_n80_k4_p05_s1_dynamic_largest_first.txt
week18_ws_n80_k4_p05_s1,watts_strogatz,"Watts-Strogatz graph with n=80, k=4, p=0.05",308046,n=80; k=4; rewiring_probability=0.05; replicate=1,week18_additional_handcrafted_candidate,80,160,0.05063291139240506,1,3,5,4.0,1,colpack,greedy_coloring,INCIDENCE_DEGREE,4,0.001,,True,data\raw\matrices\week18_heterogeneous_generalization\week18_ws_n80_k4_p05_s1.mtx,data\processed\initial_graph_coloring_dataset\colpack_outputs_week18_additional_heterogeneous_generalization\week18_ws_n80_k4_p05_s1_incidence_degree.txt
week18_ws_n80_k4_p05_s1,watts_strogatz,"Watts-Strogatz graph with n=80, k=4, p=0.05",308046,n=80; k=4; rewiring_probability=0.05; replicate=1,week18_additional_handcrafted_candidate,80,160,0.05063291139240506,1,3,5,4.0,1,colpack,greedy_coloring,SMALLEST_LAST,4,0.0,,True,data\raw\matrices\week18_heterogeneous_generalization\week18_ws_n80_k4_p05_s1.mtx,data\processed\initial_graph_coloring_dataset\colpack_outputs_week18_additional_heterogeneous_generalization\week18_ws_n80_k4_p05_s1_smallest_last.txt
week18_ws_n80_k4_p20_s0,watts_strogatz,"Watts-Strogatz graph with n=80, k=4, p=0.2",308060,n=80; k=4; rewiring_probability=0.2; replicate=0,week18_additional_handcrafted_candidate,80,160,0.05063291139240506,1,2,6,4.0,1,colpack,greedy_coloring,NATURAL,4,0.0,,True,data\raw\matrices\week18_heterogeneous_generalization\week18_ws_n80_k4_p20_s0.mtx,data\processed\initial_graph_coloring_dataset\colpack_outputs_week18_additional_heterogeneous_generalization\week18_ws_n80_k4_p20_s0_natural.txt
week18_ws_n80_k4_p20_s0,watts_strogatz,"Watts-Strogatz graph with n=80, k=4, p=0.2",308060,n=80; k=4; rewiring_probability=0.2; replicate=0,week18_additional_handcrafted_candidate,80,160,0.05063291139240506,1,2,6,4.0,1,colpack,greedy_coloring,LARGEST_FIRST,4,0.0,,True,data\raw\matrices\week18_heterogeneous_generalization\week18_ws_n80_k4_p20_s0.mtx,data\processed\initial_graph_coloring_dataset\colpack_outputs_week18_additional_heterogeneous_generalization\week18_ws_n80_k4_p20_s0_largest_first.txt
week18_ws_n80_k4_p20_s0,watts_strogatz,"Watts-Strogatz graph with n=80, k=4, p=0.2",308060,n=80; k=4; rewiring_probability=0.2; replicate=0,week18_additional_handcrafted_candidate,80,160,0.05063291139240506,1,2,6,4.0,1,colpack,greedy_coloring,DYNAMIC_LARGEST_FIRST,4,0.0,,True,data\raw\matrices\week18_heterogeneous_generalization\week18_ws_n80_k4_p20_s0.mtx,data\processed\initial_graph_coloring_dataset\colpack_outputs_week18_additional_heterogeneous_generalization\week18_ws_n80_k4_p20_s0_dynamic_largest_first.txt
week18_ws_n80_k4_p20_s0,watts_strogatz,"Watts-Strogatz graph with n=80, k=4, p=0.2",308060,n=80; k=4; rewiring_probability=0.2; replicate=0,week18_additional_handcrafted_candidate,80,160,0.05063291139240506,1,2,6,4.0,1,colpack,greedy_coloring,INCIDENCE_DEGREE,4,0.0,,True,data\raw\matrices\week18_heterogeneous_generalization\week18_ws_n80_k4_p20_s0.mtx,data\processed\initial_graph_coloring_dataset\colpack_outputs_week18_additional_heterogeneous_generalization\week18_ws_n80_k4_p20_s0_incidence_degree.txt
week18_ws_n80_k4_p20_s0,watts_strogatz,"Watts-Strogatz graph with n=80, k=4, p=0.2",308060,n=80; k=4; rewiring_probability=0.2; replicate=0,week18_additional_handcrafted_candidate,80,160,0.05063291139240506,1,2,6,4.0,1,colpack,greedy_coloring,SMALLEST_LAST,4,0.0,,True,data\raw\matrices\week18_heterogeneous_generalization\week18_ws_n80_k4_p20_s0.mtx,data\processed\initial_graph_coloring_dataset\colpack_outputs_week18_additional_heterogeneous_generalization\week18_ws_n80_k4_p20_s0_smallest_last.txt
week18_ws_n80_k4_p20_s1,watts_strogatz,"Watts-Strogatz graph with n=80, k=4, p=0.2",308061,n=80; k=4; rewiring_probability=0.2; replicate=1,week18_additional_handcrafted_candidate,80,160,0.05063291139240506,1,2,6,4.0,1,colpack,greedy_coloring,NATURAL,4,0.0,,True,data\raw\matrices\week18_heterogeneous_generalization\week18_ws_n80_k4_p20_s1.mtx,data\processed\initial_graph_coloring_dataset\colpack_outputs_week18_additional_heterogeneous_generalization\week18_ws_n80_k4_p20_s1_natural.txt
week18_ws_n80_k4_p20_s1,watts_strogatz,"Watts-Strogatz graph with n=80, k=4, p=0.2",308061,n=80; k=4; rewiring_probability=0.2; replicate=1,week18_additional_handcrafted_candidate,80,160,0.05063291139240506,1,2,6,4.0,1,colpack,greedy_coloring,LARGEST_FIRST,4,0.0,,True,data\raw\matrices\week18_heterogeneous_generalization\week18_ws_n80_k4_p20_s1.mtx,data\processed\initial_graph_coloring_dataset\colpack_outputs_week18_additional_heterogeneous_generalization\week18_ws_n80_k4_p20_s1_largest_first.txt
week18_ws_n80_k4_p20_s1,watts_strogatz,"Watts-Strogatz graph with n=80, k=4, p=0.2",308061,n=80; k=4; rewiring_probability=0.2; replicate=1,week18_additional_handcrafted_candidate,80,160,0.05063291139240506,1,2,6,4.0,1,colpack,greedy_coloring,DYNAMIC_LARGEST_FIRST,4,0.0,,True,data\raw\matrices\week18_heterogeneous_generalization\week18_ws_n80_k4_p20_s1.mtx,data\processed\initial_graph_coloring_dataset\colpack_outputs_week18_additional_heterogeneous_generalization\week18_ws_n80_k4_p20_s1_dynamic_largest_first.txt
week18_ws_n80_k4_p20_s1,watts_strogatz,"Watts-Strogatz graph with n=80, k=4, p=0.2",308061,n=80; k=4; rewiring_probability=0.2; replicate=1,week18_additional_handcrafted_candidate,80,160,0.05063291139240506,1,2,6,4.0,1,colpack,greedy_coloring,INCIDENCE_DEGREE,4,0.0,,True,data\raw\matrices\week18_heterogeneous_generalization\week18_ws_n80_k4_p20_s1.mtx,data\processed\initial_graph_coloring_dataset\colpack_outputs_week18_additional_heterogeneous_generalization\week18_ws_n80_k4_p20_s1_incidence_degree.txt
week18_ws_n80_k4_p20_s1,watts_strogatz,"Watts-Strogatz graph with n=80, k=4, p=0.2",308061,n=80; k=4; rewiring_probability=0.2; replicate=1,week18_additional_handcrafted_candidate,80,160,0.05063291139240506,1,2,6,4.0,1,colpack,greedy_coloring,SMALLEST_LAST,4,0.0,,True,data\raw\matrices\week18_heterogeneous_generalization\week18_ws_n80_k4_p20_s1.mtx,data\processed\initial_graph_coloring_dataset\colpack_outputs_week18_additional_heterogeneous_generalization\week18_ws_n80_k4_p20_s1_smallest_last.txt
week18_ws_n80_k4_p50_s0,watts_strogatz,"Watts-Strogatz graph with n=80, k=4, p=0.5",308090,n=80; k=4; rewiring_probability=0.5; replicate=0,week18_additional_handcrafted_candidate,80,160,0.05063291139240506,1,2,7,4.0,1,colpack,greedy_coloring,NATURAL,5,0.0,,True,data\raw\matrices\week18_heterogeneous_generalization\week18_ws_n80_k4_p50_s0.mtx,data\processed\initial_graph_coloring_dataset\colpack_outputs_week18_additional_heterogeneous_generalization\week18_ws_n80_k4_p50_s0_natural.txt
week18_ws_n80_k4_p50_s0,watts_strogatz,"Watts-Strogatz graph with n=80, k=4, p=0.5",308090,n=80; k=4; rewiring_probability=0.5; replicate=0,week18_additional_handcrafted_candidate,80,160,0.05063291139240506,1,2,7,4.0,1,colpack,greedy_coloring,LARGEST_FIRST,4,0.0,,True,data\raw\matrices\week18_heterogeneous_generalization\week18_ws_n80_k4_p50_s0.mtx,data\processed\initial_graph_coloring_dataset\colpack_outputs_week18_additional_heterogeneous_generalization\week18_ws_n80_k4_p50_s0_largest_first.txt
week18_ws_n80_k4_p50_s0,watts_strogatz,"Watts-Strogatz graph with n=80, k=4, p=0.5",308090,n=80; k=4; rewiring_probability=0.5; replicate=0,week18_additional_handcrafted_candidate,80,160,0.05063291139240506,1,2,7,4.0,1,colpack,greedy_coloring,DYNAMIC_LARGEST_FIRST,4,0.0,,True,data\raw\matrices\week18_heterogeneous_generalization\week18_ws_n80_k4_p50_s0.mtx,data\processed\initial_graph_coloring_dataset\colpack_outputs_week18_additional_heterogeneous_generalization\week18_ws_n80_k4_p50_s0_dynamic_largest_first.txt
week18_ws_n80_k4_p50_s0,watts_strogatz,"Watts-Strogatz graph with n=80, k=4, p=0.5",308090,n=80; k=4; rewiring_probability=0.5; replicate=0,week18_additional_handcrafted_candidate,80,160,0.05063291139240506,1,2,7,4.0,1,colpack,greedy_coloring,INCIDENCE_DEGREE,4,0.0,,True,data\raw\matrices\week18_heterogeneous_generalization\week18_ws_n80_k4_p50_s0.mtx,data\processed\initial_graph_coloring_dataset\colpack_outputs_week18_additional_heterogeneous_generalization\week18_ws_n80_k4_p50_s0_incidence_degree.txt
week18_ws_n80_k4_p50_s0,watts_strogatz,"Watts-Strogatz graph with n=80, k=4, p=0.5",308090,n=80; k=4; rewiring_probability=0.5; replicate=0,week18_additional_handcrafted_candidate,80,160,0.05063291139240506,1,2,7,4.0,1,colpack,greedy_coloring,SMALLEST_LAST,4,0.0,,True,data\raw\matrices\week18_heterogeneous_generalization\week18_ws_n80_k4_p50_s0.mtx,data\processed\initial_graph_coloring_dataset\colpack_outputs_week18_additional_heterogeneous_generalization\week18_ws_n80_k4_p50_s0_smallest_last.txt
week18_ws_n80_k4_p50_s1,watts_strogatz,"Watts-Strogatz graph with n=80, k=4, p=0.5",308091,n=80; k=4; rewiring_probability=0.5; replicate=1,week18_additional_handcrafted_candidate,80,160,0.05063291139240506,1,2,7,4.0,1,colpack,greedy_coloring,NATURAL,4,0.0,,True,data\raw\matrices\week18_heterogeneous_generalization\week18_ws_n80_k4_p50_s1.mtx,data\processed\initial_graph_coloring_dataset\colpack_outputs_week18_additional_heterogeneous_generalization\week18_ws_n80_k4_p50_s1_natural.txt
week18_ws_n80_k4_p50_s1,watts_strogatz,"Watts-Strogatz graph with n=80, k=4, p=0.5",308091,n=80; k=4; rewiring_probability=0.5; replicate=1,week18_additional_handcrafted_candidate,80,160,0.05063291139240506,1,2,7,4.0,1,colpack,greedy_coloring,LARGEST_FIRST,4,0.0,,True,data\raw\matrices\week18_heterogeneous_generalization\week18_ws_n80_k4_p50_s1.mtx,data\processed\initial_graph_coloring_dataset\colpack_outputs_week18_additional_heterogeneous_generalization\week18_ws_n80_k4_p50_s1_largest_first.txt
week18_ws_n80_k4_p50_s1,watts_strogatz,"Watts-Strogatz graph with n=80, k=4, p=0.5",308091,n=80; k=4; rewiring_probability=0.5; replicate=1,week18_additional_handcrafted_candidate,80,160,0.05063291139240506,1,2,7,4.0,1,colpack,greedy_coloring,DYNAMIC_LARGEST_FIRST,4,0.0,,True,data\raw\matrices\week18_heterogeneous_generalization\week18_ws_n80_k4_p50_s1.mtx,data\processed\initial_graph_coloring_dataset\colpack_outputs_week18_additional_heterogeneous_generalization\week18_ws_n80_k4_p50_s1_dynamic_largest_first.txt
week18_ws_n80_k4_p50_s1,watts_strogatz,"Watts-Strogatz graph with n=80, k=4, p=0.5",308091,n=80; k=4; rewiring_probability=0.5; replicate=1,week18_additional_handcrafted_candidate,80,160,0.05063291139240506,1,2,7,4.0,1,colpack,greedy_coloring,INCIDENCE_DEGREE,4,0.0,,True,data\raw\matrices\week18_heterogeneous_generalization\week18_ws_n80_k4_p50_s1.mtx,data\processed\initial_graph_coloring_dataset\colpack_outputs_week18_additional_heterogeneous_generalization\week18_ws_n80_k4_p50_s1_incidence_degree.txt
week18_ws_n80_k4_p50_s1,watts_strogatz,"Watts-Strogatz graph with n=80, k=4, p=0.5",308091,n=80; k=4; rewiring_probability=0.5; replicate=1,week18_additional_handcrafted_candidate,80,160,0.05063291139240506,1,2,7,4.0,1,colpack,greedy_coloring,SMALLEST_LAST,4,0.0,,True,data\raw\matrices\week18_heterogeneous_generalization\week18_ws_n80_k4_p50_s1.mtx,data\processed\initial_graph_coloring_dataset\colpack_outputs_week18_additional_heterogeneous_generalization\week18_ws_n80_k4_p50_s1_smallest_last.txt
week18_ws_n80_k8_p05_s0,watts_strogatz,"Watts-Strogatz graph with n=80, k=8, p=0.05",308085,n=80; k=8; rewiring_probability=0.05; replicate=0,week18_additional_handcrafted_candidate,80,320,0.10126582278481013,1,7,9,8.0,1,colpack,greedy_coloring,NATURAL,7,0.0,,True,data\raw\matrices\week18_heterogeneous_generalization\week18_ws_n80_k8_p05_s0.mtx,data\processed\initial_graph_coloring_dataset\colpack_outputs_week18_additional_heterogeneous_generalization\week18_ws_n80_k8_p05_s0_natural.txt
week18_ws_n80_k8_p05_s0,watts_strogatz,"Watts-Strogatz graph with n=80, k=8, p=0.05",308085,n=80; k=8; rewiring_probability=0.05; replicate=0,week18_additional_handcrafted_candidate,80,320,0.10126582278481013,1,7,9,8.0,1,colpack,greedy_coloring,LARGEST_FIRST,7,0.0,,True,data\raw\matrices\week18_heterogeneous_generalization\week18_ws_n80_k8_p05_s0.mtx,data\processed\initial_graph_coloring_dataset\colpack_outputs_week18_additional_heterogeneous_generalization\week18_ws_n80_k8_p05_s0_largest_first.txt
week18_ws_n80_k8_p05_s0,watts_strogatz,"Watts-Strogatz graph with n=80, k=8, p=0.05",308085,n=80; k=8; rewiring_probability=0.05; replicate=0,week18_additional_handcrafted_candidate,80,320,0.10126582278481013,1,7,9,8.0,1,colpack,greedy_coloring,DYNAMIC_LARGEST_FIRST,7,0.0,,True,data\raw\matrices\week18_heterogeneous_generalization\week18_ws_n80_k8_p05_s0.mtx,data\processed\initial_graph_coloring_dataset\colpack_outputs_week18_additional_heterogeneous_generalization\week18_ws_n80_k8_p05_s0_dynamic_largest_first.txt
week18_ws_n80_k8_p05_s0,watts_strogatz,"Watts-Strogatz graph with n=80, k=8, p=0.05",308085,n=80; k=8; rewiring_probability=0.05; replicate=0,week18_additional_handcrafted_candidate,80,320,0.10126582278481013,1,7,9,8.0,1,colpack,greedy_coloring,INCIDENCE_DEGREE,6,0.0,,True,data\raw\matrices\week18_heterogeneous_generalization\week18_ws_n80_k8_p05_s0.mtx,data\processed\initial_graph_coloring_dataset\colpack_outputs_week18_additional_heterogeneous_generalization\week18_ws_n80_k8_p05_s0_incidence_degree.txt
week18_ws_n80_k8_p05_s0,watts_strogatz,"Watts-Strogatz graph with n=80, k=8, p=0.05",308085,n=80; k=8; rewiring_probability=0.05; replicate=0,week18_additional_handcrafted_candidate,80,320,0.10126582278481013,1,7,9,8.0,1,colpack,greedy_coloring,SMALLEST_LAST,6,0.0,,True,data\raw\matrices\week18_heterogeneous_generalization\week18_ws_n80_k8_p05_s0.mtx,data\processed\initial_graph_coloring_dataset\colpack_outputs_week18_additional_heterogeneous_generalization\week18_ws_n80_k8_p05_s0_smallest_last.txt
week18_ws_n80_k8_p05_s1,watts_strogatz,"Watts-Strogatz graph with n=80, k=8, p=0.05",308086,n=80; k=8; rewiring_probability=0.05; replicate=1,week18_additional_handcrafted_candidate,80,320,0.10126582278481013,1,7,10,8.0,1,colpack,greedy_coloring,NATURAL,6,0.0,,True,data\raw\matrices\week18_heterogeneous_generalization\week18_ws_n80_k8_p05_s1.mtx,data\processed\initial_graph_coloring_dataset\colpack_outputs_week18_additional_heterogeneous_generalization\week18_ws_n80_k8_p05_s1_natural.txt
week18_ws_n80_k8_p05_s1,watts_strogatz,"Watts-Strogatz graph with n=80, k=8, p=0.05",308086,n=80; k=8; rewiring_probability=0.05; replicate=1,week18_additional_handcrafted_candidate,80,320,0.10126582278481013,1,7,10,8.0,1,colpack,greedy_coloring,LARGEST_FIRST,7,0.0,,True,data\raw\matrices\week18_heterogeneous_generalization\week18_ws_n80_k8_p05_s1.mtx,data\processed\initial_graph_coloring_dataset\colpack_outputs_week18_additional_heterogeneous_generalization\week18_ws_n80_k8_p05_s1_largest_first.txt
week18_ws_n80_k8_p05_s1,watts_strogatz,"Watts-Strogatz graph with n=80, k=8, p=0.05",308086,n=80; k=8; rewiring_probability=0.05; replicate=1,week18_additional_handcrafted_candidate,80,320,0.10126582278481013,1,7,10,8.0,1,colpack,greedy_coloring,DYNAMIC_LARGEST_FIRST,7,0.001,,True,data\raw\matrices\week18_heterogeneous_generalization\week18_ws_n80_k8_p05_s1.mtx,data\processed\initial_graph_coloring_dataset\colpack_outputs_week18_additional_heterogeneous_generalization\week18_ws_n80_k8_p05_s1_dynamic_largest_first.txt
week18_ws_n80_k8_p05_s1,watts_strogatz,"Watts-Strogatz graph with n=80, k=8, p=0.05",308086,n=80; k=8; rewiring_probability=0.05; replicate=1,week18_additional_handcrafted_candidate,80,320,0.10126582278481013,1,7,10,8.0,1,colpack,greedy_coloring,INCIDENCE_DEGREE,7,0.001,,True,data\raw\matrices\week18_heterogeneous_generalization\week18_ws_n80_k8_p05_s1.mtx,data\processed\initial_graph_coloring_dataset\colpack_outputs_week18_additional_heterogeneous_generalization\week18_ws_n80_k8_p05_s1_incidence_degree.txt
week18_ws_n80_k8_p05_s1,watts_strogatz,"Watts-Strogatz graph with n=80, k=8, p=0.05",308086,n=80; k=8; rewiring_probability=0.05; replicate=1,week18_additional_handcrafted_candidate,80,320,0.10126582278481013,1,7,10,8.0,1,colpack,greedy_coloring,SMALLEST_LAST,7,0.0,,True,data\raw\matrices\week18_heterogeneous_generalization\week18_ws_n80_k8_p05_s1.mtx,data\processed\initial_graph_coloring_dataset\colpack_outputs_week18_additional_heterogeneous_generalization\week18_ws_n80_k8_p05_s1_smallest_last.txt
week18_ws_n80_k8_p20_s0,watts_strogatz,"Watts-Strogatz graph with n=80, k=8, p=0.2",308100,n=80; k=8; rewiring_probability=0.2; replicate=0,week18_additional_handcrafted_candidate,80,320,0.10126582278481013,1,5,11,8.0,1,colpack,greedy_coloring,NATURAL,6,0.0,,True,data\raw\matrices\week18_heterogeneous_generalization\week18_ws_n80_k8_p20_s0.mtx,data\processed\initial_graph_coloring_dataset\colpack_outputs_week18_additional_heterogeneous_generalization\week18_ws_n80_k8_p20_s0_natural.txt
week18_ws_n80_k8_p20_s0,watts_strogatz,"Watts-Strogatz graph with n=80, k=8, p=0.2",308100,n=80; k=8; rewiring_probability=0.2; replicate=0,week18_additional_handcrafted_candidate,80,320,0.10126582278481013,1,5,11,8.0,1,colpack,greedy_coloring,LARGEST_FIRST,7,0.0,,True,data\raw\matrices\week18_heterogeneous_generalization\week18_ws_n80_k8_p20_s0.mtx,data\processed\initial_graph_coloring_dataset\colpack_outputs_week18_additional_heterogeneous_generalization\week18_ws_n80_k8_p20_s0_largest_first.txt
week18_ws_n80_k8_p20_s0,watts_strogatz,"Watts-Strogatz graph with n=80, k=8, p=0.2",308100,n=80; k=8; rewiring_probability=0.2; replicate=0,week18_additional_handcrafted_candidate,80,320,0.10126582278481013,1,5,11,8.0,1,colpack,greedy_coloring,DYNAMIC_LARGEST_FIRST,6,0.0,,True,data\raw\matrices\week18_heterogeneous_generalization\week18_ws_n80_k8_p20_s0.mtx,data\processed\initial_graph_coloring_dataset\colpack_outputs_week18_additional_heterogeneous_generalization\week18_ws_n80_k8_p20_s0_dynamic_largest_first.txt
week18_ws_n80_k8_p20_s0,watts_strogatz,"Watts-Strogatz graph with n=80, k=8, p=0.2",308100,n=80; k=8; rewiring_probability=0.2; replicate=0,week18_additional_handcrafted_candidate,80,320,0.10126582278481013,1,5,11,8.0,1,colpack,greedy_coloring,INCIDENCE_DEGREE,6,0.0,,True,data\raw\matrices\week18_heterogeneous_generalization\week18_ws_n80_k8_p20_s0.mtx,data\processed\initial_graph_coloring_dataset\colpack_outputs_week18_additional_heterogeneous_generalization\week18_ws_n80_k8_p20_s0_incidence_degree.txt
week18_ws_n80_k8_p20_s0,watts_strogatz,"Watts-Strogatz graph with n=80, k=8, p=0.2",308100,n=80; k=8; rewiring_probability=0.2; replicate=0,week18_additional_handcrafted_candidate,80,320,0.10126582278481013,1,5,11,8.0,1,colpack,greedy_coloring,SMALLEST_LAST,6,0.0,,True,data\raw\matrices\week18_heterogeneous_generalization\week18_ws_n80_k8_p20_s0.mtx,data\processed\initial_graph_coloring_dataset\colpack_outputs_week18_additional_heterogeneous_generalization\week18_ws_n80_k8_p20_s0_smallest_last.txt
week18_ws_n80_k8_p20_s1,watts_strogatz,"Watts-Strogatz graph with n=80, k=8, p=0.2",308101,n=80; k=8; rewiring_probability=0.2; replicate=1,week18_additional_handcrafted_candidate,80,320,0.10126582278481013,1,6,11,8.0,1,colpack,greedy_coloring,NATURAL,7,0.0,,True,data\raw\matrices\week18_heterogeneous_generalization\week18_ws_n80_k8_p20_s1.mtx,data\processed\initial_graph_coloring_dataset\colpack_outputs_week18_additional_heterogeneous_generalization\week18_ws_n80_k8_p20_s1_natural.txt
week18_ws_n80_k8_p20_s1,watts_strogatz,"Watts-Strogatz graph with n=80, k=8, p=0.2",308101,n=80; k=8; rewiring_probability=0.2; replicate=1,week18_additional_handcrafted_candidate,80,320,0.10126582278481013,1,6,11,8.0,1,colpack,greedy_coloring,LARGEST_FIRST,6,0.0,,True,data\raw\matrices\week18_heterogeneous_generalization\week18_ws_n80_k8_p20_s1.mtx,data\processed\initial_graph_coloring_dataset\colpack_outputs_week18_additional_heterogeneous_generalization\week18_ws_n80_k8_p20_s1_largest_first.txt
week18_ws_n80_k8_p20_s1,watts_strogatz,"Watts-Strogatz graph with n=80, k=8, p=0.2",308101,n=80; k=8; rewiring_probability=0.2; replicate=1,week18_additional_handcrafted_candidate,80,320,0.10126582278481013,1,6,11,8.0,1,colpack,greedy_coloring,DYNAMIC_LARGEST_FIRST,6,0.0,,True,data\raw\matrices\week18_heterogeneous_generalization\week18_ws_n80_k8_p20_s1.mtx,data\processed\initial_graph_coloring_dataset\colpack_outputs_week18_additional_heterogeneous_generalization\week18_ws_n80_k8_p20_s1_dynamic_largest_first.txt
week18_ws_n80_k8_p20_s1,watts_strogatz,"Watts-Strogatz graph with n=80, k=8, p=0.2",308101,n=80; k=8; rewiring_probability=0.2; replicate=1,week18_additional_handcrafted_candidate,80,320,0.10126582278481013,1,6,11,8.0,1,colpack,greedy_coloring,INCIDENCE_DEGREE,5,0.0,,True,data\raw\matrices\week18_heterogeneous_generalization\week18_ws_n80_k8_p20_s1.mtx,data\processed\initial_graph_coloring_dataset\colpack_outputs_week18_additional_heterogeneous_generalization\week18_ws_n80_k8_p20_s1_incidence_degree.txt
week18_ws_n80_k8_p20_s1,watts_strogatz,"Watts-Strogatz graph with n=80, k=8, p=0.2",308101,n=80; k=8; rewiring_probability=0.2; replicate=1,week18_additional_handcrafted_candidate,80,320,0.10126582278481013,1,6,11,8.0,1,colpack,greedy_coloring,SMALLEST_LAST,6,0.0,,True,data\raw\matrices\week18_heterogeneous_generalization\week18_ws_n80_k8_p20_s1.mtx,data\processed\initial_graph_coloring_dataset\colpack_outputs_week18_additional_heterogeneous_generalization\week18_ws_n80_k8_p20_s1_smallest_last.txt
week18_ws_n80_k8_p50_s0,watts_strogatz,"Watts-Strogatz graph with n=80, k=8, p=0.5",308130,n=80; k=8; rewiring_probability=0.5; replicate=0,week18_additional_handcrafted_candidate,80,320,0.10126582278481013,1,5,13,8.0,1,colpack,greedy_coloring,NATURAL,6,0.0,,True,data\raw\matrices\week18_heterogeneous_generalization\week18_ws_n80_k8_p50_s0.mtx,data\processed\initial_graph_coloring_dataset\colpack_outputs_week18_additional_heterogeneous_generalization\week18_ws_n80_k8_p50_s0_natural.txt
week18_ws_n80_k8_p50_s0,watts_strogatz,"Watts-Strogatz graph with n=80, k=8, p=0.5",308130,n=80; k=8; rewiring_probability=0.5; replicate=0,week18_additional_handcrafted_candidate,80,320,0.10126582278481013,1,5,13,8.0,1,colpack,greedy_coloring,LARGEST_FIRST,6,0.0,,True,data\raw\matrices\week18_heterogeneous_generalization\week18_ws_n80_k8_p50_s0.mtx,data\processed\initial_graph_coloring_dataset\colpack_outputs_week18_additional_heterogeneous_generalization\week18_ws_n80_k8_p50_s0_largest_first.txt
week18_ws_n80_k8_p50_s0,watts_strogatz,"Watts-Strogatz graph with n=80, k=8, p=0.5",308130,n=80; k=8; rewiring_probability=0.5; replicate=0,week18_additional_handcrafted_candidate,80,320,0.10126582278481013,1,5,13,8.0,1,colpack,greedy_coloring,DYNAMIC_LARGEST_FIRST,6,0.0,,True,data\raw\matrices\week18_heterogeneous_generalization\week18_ws_n80_k8_p50_s0.mtx,data\processed\initial_graph_coloring_dataset\colpack_outputs_week18_additional_heterogeneous_generalization\week18_ws_n80_k8_p50_s0_dynamic_largest_first.txt
week18_ws_n80_k8_p50_s0,watts_strogatz,"Watts-Strogatz graph with n=80, k=8, p=0.5",308130,n=80; k=8; rewiring_probability=0.5; replicate=0,week18_additional_handcrafted_candidate,80,320,0.10126582278481013,1,5,13,8.0,1,colpack,greedy_coloring,INCIDENCE_DEGREE,6,0.0,,True,data\raw\matrices\week18_heterogeneous_generalization\week18_ws_n80_k8_p50_s0.mtx,data\processed\initial_graph_coloring_dataset\colpack_outputs_week18_additional_heterogeneous_generalization\week18_ws_n80_k8_p50_s0_incidence_degree.txt
week18_ws_n80_k8_p50_s0,watts_strogatz,"Watts-Strogatz graph with n=80, k=8, p=0.5",308130,n=80; k=8; rewiring_probability=0.5; replicate=0,week18_additional_handcrafted_candidate,80,320,0.10126582278481013,1,5,13,8.0,1,colpack,greedy_coloring,SMALLEST_LAST,6,0.0,,True,data\raw\matrices\week18_heterogeneous_generalization\week18_ws_n80_k8_p50_s0.mtx,data\processed\initial_graph_coloring_dataset\colpack_outputs_week18_additional_heterogeneous_generalization\week18_ws_n80_k8_p50_s0_smallest_last.txt
week18_ws_n80_k8_p50_s1,watts_strogatz,"Watts-Strogatz graph with n=80, k=8, p=0.5",308131,n=80; k=8; rewiring_probability=0.5; replicate=1,week18_additional_handcrafted_candidate,80,320,0.10126582278481013,1,5,13,8.0,1,colpack,greedy_coloring,NATURAL,6,0.001,,True,data\raw\matrices\week18_heterogeneous_generalization\week18_ws_n80_k8_p50_s1.mtx,data\processed\initial_graph_coloring_dataset\colpack_outputs_week18_additional_heterogeneous_generalization\week18_ws_n80_k8_p50_s1_natural.txt
week18_ws_n80_k8_p50_s1,watts_strogatz,"Watts-Strogatz graph with n=80, k=8, p=0.5",308131,n=80; k=8; rewiring_probability=0.5; replicate=1,week18_additional_handcrafted_candidate,80,320,0.10126582278481013,1,5,13,8.0,1,colpack,greedy_coloring,LARGEST_FIRST,6,0.0,,True,data\raw\matrices\week18_heterogeneous_generalization\week18_ws_n80_k8_p50_s1.mtx,data\processed\initial_graph_coloring_dataset\colpack_outputs_week18_additional_heterogeneous_generalization\week18_ws_n80_k8_p50_s1_largest_first.txt
week18_ws_n80_k8_p50_s1,watts_strogatz,"Watts-Strogatz graph with n=80, k=8, p=0.5",308131,n=80; k=8; rewiring_probability=0.5; replicate=1,week18_additional_handcrafted_candidate,80,320,0.10126582278481013,1,5,13,8.0,1,colpack,greedy_coloring,DYNAMIC_LARGEST_FIRST,5,0.0,,True,data\raw\matrices\week18_heterogeneous_generalization\week18_ws_n80_k8_p50_s1.mtx,data\processed\initial_graph_coloring_dataset\colpack_outputs_week18_additional_heterogeneous_generalization\week18_ws_n80_k8_p50_s1_dynamic_largest_first.txt
week18_ws_n80_k8_p50_s1,watts_strogatz,"Watts-Strogatz graph with n=80, k=8, p=0.5",308131,n=80; k=8; rewiring_probability=0.5; replicate=1,week18_additional_handcrafted_candidate,80,320,0.10126582278481013,1,5,13,8.0,1,colpack,greedy_coloring,INCIDENCE_DEGREE,6,0.0,,True,data\raw\matrices\week18_heterogeneous_generalization\week18_ws_n80_k8_p50_s1.mtx,data\processed\initial_graph_coloring_dataset\colpack_outputs_week18_additional_heterogeneous_generalization\week18_ws_n80_k8_p50_s1_incidence_degree.txt
week18_ws_n80_k8_p50_s1,watts_strogatz,"Watts-Strogatz graph with n=80, k=8, p=0.5",308131,n=80; k=8; rewiring_probability=0.5; replicate=1,week18_additional_handcrafted_candidate,80,320,0.10126582278481013,1,5,13,8.0,1,colpack,greedy_coloring,SMALLEST_LAST,6,0.0,,True,data\raw\matrices\week18_heterogeneous_generalization\week18_ws_n80_k8_p50_s1.mtx,data\processed\initial_graph_coloring_dataset\colpack_outputs_week18_additional_heterogeneous_generalization\week18_ws_n80_k8_p50_s1_smallest_last.txt
week18_ws_n100_k4_p05_s0,watts_strogatz,"Watts-Strogatz graph with n=100, k=4, p=0.05",310045,n=100; k=4; rewiring_probability=0.05; replicate=0,week18_additional_handcrafted_candidate,100,200,0.04040404040404041,1,3,6,4.0,1,colpack,greedy_coloring,NATURAL,4,0.0,,True,data\raw\matrices\week18_heterogeneous_generalization\week18_ws_n100_k4_p05_s0.mtx,data\processed\initial_graph_coloring_dataset\colpack_outputs_week18_additional_heterogeneous_generalization\week18_ws_n100_k4_p05_s0_natural.txt
week18_ws_n100_k4_p05_s0,watts_strogatz,"Watts-Strogatz graph with n=100, k=4, p=0.05",310045,n=100; k=4; rewiring_probability=0.05; replicate=0,week18_additional_handcrafted_candidate,100,200,0.04040404040404041,1,3,6,4.0,1,colpack,greedy_coloring,LARGEST_FIRST,4,0.0,,True,data\raw\matrices\week18_heterogeneous_generalization\week18_ws_n100_k4_p05_s0.mtx,data\processed\initial_graph_coloring_dataset\colpack_outputs_week18_additional_heterogeneous_generalization\week18_ws_n100_k4_p05_s0_largest_first.txt
week18_ws_n100_k4_p05_s0,watts_strogatz,"Watts-Strogatz graph with n=100, k=4, p=0.05",310045,n=100; k=4; rewiring_probability=0.05; replicate=0,week18_additional_handcrafted_candidate,100,200,0.04040404040404041,1,3,6,4.0,1,colpack,greedy_coloring,DYNAMIC_LARGEST_FIRST,4,0.0,,True,data\raw\matrices\week18_heterogeneous_generalization\week18_ws_n100_k4_p05_s0.mtx,data\processed\initial_graph_coloring_dataset\colpack_outputs_week18_additional_heterogeneous_generalization\week18_ws_n100_k4_p05_s0_dynamic_largest_first.txt
week18_ws_n100_k4_p05_s0,watts_strogatz,"Watts-Strogatz graph with n=100, k=4, p=0.05",310045,n=100; k=4; rewiring_probability=0.05; replicate=0,week18_additional_handcrafted_candidate,100,200,0.04040404040404041,1,3,6,4.0,1,colpack,greedy_coloring,INCIDENCE_DEGREE,4,0.0,,True,data\raw\matrices\week18_heterogeneous_generalization\week18_ws_n100_k4_p05_s0.mtx,data\processed\initial_graph_coloring_dataset\colpack_outputs_week18_additional_heterogeneous_generalization\week18_ws_n100_k4_p05_s0_incidence_degree.txt
week18_ws_n100_k4_p05_s0,watts_strogatz,"Watts-Strogatz graph with n=100, k=4, p=0.05",310045,n=100; k=4; rewiring_probability=0.05; replicate=0,week18_additional_handcrafted_candidate,100,200,0.04040404040404041,1,3,6,4.0,1,colpack,greedy_coloring,SMALLEST_LAST,4,0.0,,True,data\raw\matrices\week18_heterogeneous_generalization\week18_ws_n100_k4_p05_s0.mtx,data\processed\initial_graph_coloring_dataset\colpack_outputs_week18_additional_heterogeneous_generalization\week18_ws_n100_k4_p05_s0_smallest_last.txt
week18_ws_n100_k4_p05_s1,watts_strogatz,"Watts-Strogatz graph with n=100, k=4, p=0.05",310046,n=100; k=4; rewiring_probability=0.05; replicate=1,week18_additional_handcrafted_candidate,100,200,0.04040404040404041,1,3,5,4.0,1,colpack,greedy_coloring,NATURAL,4,0.0,,True,data\raw\matrices\week18_heterogeneous_generalization\week18_ws_n100_k4_p05_s1.mtx,data\processed\initial_graph_coloring_dataset\colpack_outputs_week18_additional_heterogeneous_generalization\week18_ws_n100_k4_p05_s1_natural.txt
week18_ws_n100_k4_p05_s1,watts_strogatz,"Watts-Strogatz graph with n=100, k=4, p=0.05",310046,n=100; k=4; rewiring_probability=0.05; replicate=1,week18_additional_handcrafted_candidate,100,200,0.04040404040404041,1,3,5,4.0,1,colpack,greedy_coloring,LARGEST_FIRST,4,0.0,,True,data\raw\matrices\week18_heterogeneous_generalization\week18_ws_n100_k4_p05_s1.mtx,data\processed\initial_graph_coloring_dataset\colpack_outputs_week18_additional_heterogeneous_generalization\week18_ws_n100_k4_p05_s1_largest_first.txt
week18_ws_n100_k4_p05_s1,watts_strogatz,"Watts-Strogatz graph with n=100, k=4, p=0.05",310046,n=100; k=4; rewiring_probability=0.05; replicate=1,week18_additional_handcrafted_candidate,100,200,0.04040404040404041,1,3,5,4.0,1,colpack,greedy_coloring,DYNAMIC_LARGEST_FIRST,5,0.0,,True,data\raw\matrices\week18_heterogeneous_generalization\week18_ws_n100_k4_p05_s1.mtx,data\processed\initial_graph_coloring_dataset\colpack_outputs_week18_additional_heterogeneous_generalization\week18_ws_n100_k4_p05_s1_dynamic_largest_first.txt
week18_ws_n100_k4_p05_s1,watts_strogatz,"Watts-Strogatz graph with n=100, k=4, p=0.05",310046,n=100; k=4; rewiring_probability=0.05; replicate=1,week18_additional_handcrafted_candidate,100,200,0.04040404040404041,1,3,5,4.0,1,colpack,greedy_coloring,INCIDENCE_DEGREE,4,0.0,,True,data\raw\matrices\week18_heterogeneous_generalization\week18_ws_n100_k4_p05_s1.mtx,data\processed\initial_graph_coloring_dataset\colpack_outputs_week18_additional_heterogeneous_generalization\week18_ws_n100_k4_p05_s1_incidence_degree.txt
week18_ws_n100_k4_p05_s1,watts_strogatz,"Watts-Strogatz graph with n=100, k=4, p=0.05",310046,n=100; k=4; rewiring_probability=0.05; replicate=1,week18_additional_handcrafted_candidate,100,200,0.04040404040404041,1,3,5,4.0,1,colpack,greedy_coloring,SMALLEST_LAST,4,0.0,,True,data\raw\matrices\week18_heterogeneous_generalization\week18_ws_n100_k4_p05_s1.mtx,data\processed\initial_graph_coloring_dataset\colpack_outputs_week18_additional_heterogeneous_generalization\week18_ws_n100_k4_p05_s1_smallest_last.txt
week18_ws_n100_k4_p20_s0,watts_strogatz,"Watts-Strogatz graph with n=100, k=4, p=0.2",310060,n=100; k=4; rewiring_probability=0.2; replicate=0,week18_additional_handcrafted_candidate,100,200,0.04040404040404041,1,2,6,4.0,1,colpack,greedy_coloring,NATURAL,4,0.0,,True,data\raw\matrices\week18_heterogeneous_generalization\week18_ws_n100_k4_p20_s0.mtx,data\processed\initial_graph_coloring_dataset\colpack_outputs_week18_additional_heterogeneous_generalization\week18_ws_n100_k4_p20_s0_natural.txt
week18_ws_n100_k4_p20_s0,watts_strogatz,"Watts-Strogatz graph with n=100, k=4, p=0.2",310060,n=100; k=4; rewiring_probability=0.2; replicate=0,week18_additional_handcrafted_candidate,100,200,0.04040404040404041,1,2,6,4.0,1,colpack,greedy_coloring,LARGEST_FIRST,4,0.0,,True,data\raw\matrices\week18_heterogeneous_generalization\week18_ws_n100_k4_p20_s0.mtx,data\processed\initial_graph_coloring_dataset\colpack_outputs_week18_additional_heterogeneous_generalization\week18_ws_n100_k4_p20_s0_largest_first.txt
week18_ws_n100_k4_p20_s0,watts_strogatz,"Watts-Strogatz graph with n=100, k=4, p=0.2",310060,n=100; k=4; rewiring_probability=0.2; replicate=0,week18_additional_handcrafted_candidate,100,200,0.04040404040404041,1,2,6,4.0,1,colpack,greedy_coloring,DYNAMIC_LARGEST_FIRST,4,0.0,,True,data\raw\matrices\week18_heterogeneous_generalization\week18_ws_n100_k4_p20_s0.mtx,data\processed\initial_graph_coloring_dataset\colpack_outputs_week18_additional_heterogeneous_generalization\week18_ws_n100_k4_p20_s0_dynamic_largest_first.txt
week18_ws_n100_k4_p20_s0,watts_strogatz,"Watts-Strogatz graph with n=100, k=4, p=0.2",310060,n=100; k=4; rewiring_probability=0.2; replicate=0,week18_additional_handcrafted_candidate,100,200,0.04040404040404041,1,2,6,4.0,1,colpack,greedy_coloring,INCIDENCE_DEGREE,4,0.0,,True,data\raw\matrices\week18_heterogeneous_generalization\week18_ws_n100_k4_p20_s0.mtx,data\processed\initial_graph_coloring_dataset\colpack_outputs_week18_additional_heterogeneous_generalization\week18_ws_n100_k4_p20_s0_incidence_degree.txt
week18_ws_n100_k4_p20_s0,watts_strogatz,"Watts-Strogatz graph with n=100, k=4, p=0.2",310060,n=100; k=4; rewiring_probability=0.2; replicate=0,week18_additional_handcrafted_candidate,100,200,0.04040404040404041,1,2,6,4.0,1,colpack,greedy_coloring,SMALLEST_LAST,4,0.0,,True,data\raw\matrices\week18_heterogeneous_generalization\week18_ws_n100_k4_p20_s0.mtx,data\processed\initial_graph_coloring_dataset\colpack_outputs_week18_additional_heterogeneous_generalization\week18_ws_n100_k4_p20_s0_smallest_last.txt
week18_ws_n100_k4_p20_s1,watts_strogatz,"Watts-Strogatz graph with n=100, k=4, p=0.2",310061,n=100; k=4; rewiring_probability=0.2; replicate=1,week18_additional_handcrafted_candidate,100,200,0.04040404040404041,1,2,7,4.0,1,colpack,greedy_coloring,NATURAL,4,0.0,,True,data\raw\matrices\week18_heterogeneous_generalization\week18_ws_n100_k4_p20_s1.mtx,data\processed\initial_graph_coloring_dataset\colpack_outputs_week18_additional_heterogeneous_generalization\week18_ws_n100_k4_p20_s1_natural.txt
week18_ws_n100_k4_p20_s1,watts_strogatz,"Watts-Strogatz graph with n=100, k=4, p=0.2",310061,n=100; k=4; rewiring_probability=0.2; replicate=1,week18_additional_handcrafted_candidate,100,200,0.04040404040404041,1,2,7,4.0,1,colpack,greedy_coloring,LARGEST_FIRST,5,0.0,,True,data\raw\matrices\week18_heterogeneous_generalization\week18_ws_n100_k4_p20_s1.mtx,data\processed\initial_graph_coloring_dataset\colpack_outputs_week18_additional_heterogeneous_generalization\week18_ws_n100_k4_p20_s1_largest_first.txt
week18_ws_n100_k4_p20_s1,watts_strogatz,"Watts-Strogatz graph with n=100, k=4, p=0.2",310061,n=100; k=4; rewiring_probability=0.2; replicate=1,week18_additional_handcrafted_candidate,100,200,0.04040404040404041,1,2,7,4.0,1,colpack,greedy_coloring,DYNAMIC_LARGEST_FIRST,4,0.0,,True,data\raw\matrices\week18_heterogeneous_generalization\week18_ws_n100_k4_p20_s1.mtx,data\processed\initial_graph_coloring_dataset\colpack_outputs_week18_additional_heterogeneous_generalization\week18_ws_n100_k4_p20_s1_dynamic_largest_first.txt
week18_ws_n100_k4_p20_s1,watts_strogatz,"Watts-Strogatz graph with n=100, k=4, p=0.2",310061,n=100; k=4; rewiring_probability=0.2; replicate=1,week18_additional_handcrafted_candidate,100,200,0.04040404040404041,1,2,7,4.0,1,colpack,greedy_coloring,INCIDENCE_DEGREE,4,0.0,,True,data\raw\matrices\week18_heterogeneous_generalization\week18_ws_n100_k4_p20_s1.mtx,data\processed\initial_graph_coloring_dataset\colpack_outputs_week18_additional_heterogeneous_generalization\week18_ws_n100_k4_p20_s1_incidence_degree.txt
week18_ws_n100_k4_p20_s1,watts_strogatz,"Watts-Strogatz graph with n=100, k=4, p=0.2",310061,n=100; k=4; rewiring_probability=0.2; replicate=1,week18_additional_handcrafted_candidate,100,200,0.04040404040404041,1,2,7,4.0,1,colpack,greedy_coloring,SMALLEST_LAST,4,0.0,,True,data\raw\matrices\week18_heterogeneous_generalization\week18_ws_n100_k4_p20_s1.mtx,data\processed\initial_graph_coloring_dataset\colpack_outputs_week18_additional_heterogeneous_generalization\week18_ws_n100_k4_p20_s1_smallest_last.txt
week18_ws_n100_k4_p50_s0,watts_strogatz,"Watts-Strogatz graph with n=100, k=4, p=0.5",310090,n=100; k=4; rewiring_probability=0.5; replicate=0,week18_additional_handcrafted_candidate,100,200,0.04040404040404041,1,2,7,4.0,1,colpack,greedy_coloring,NATURAL,5,0.0,,True,data\raw\matrices\week18_heterogeneous_generalization\week18_ws_n100_k4_p50_s0.mtx,data\processed\initial_graph_coloring_dataset\colpack_outputs_week18_additional_heterogeneous_generalization\week18_ws_n100_k4_p50_s0_natural.txt
week18_ws_n100_k4_p50_s0,watts_strogatz,"Watts-Strogatz graph with n=100, k=4, p=0.5",310090,n=100; k=4; rewiring_probability=0.5; replicate=0,week18_additional_handcrafted_candidate,100,200,0.04040404040404041,1,2,7,4.0,1,colpack,greedy_coloring,LARGEST_FIRST,4,0.0,,True,data\raw\matrices\week18_heterogeneous_generalization\week18_ws_n100_k4_p50_s0.mtx,data\processed\initial_graph_coloring_dataset\colpack_outputs_week18_additional_heterogeneous_generalization\week18_ws_n100_k4_p50_s0_largest_first.txt
week18_ws_n100_k4_p50_s0,watts_strogatz,"Watts-Strogatz graph with n=100, k=4, p=0.5",310090,n=100; k=4; rewiring_probability=0.5; replicate=0,week18_additional_handcrafted_candidate,100,200,0.04040404040404041,1,2,7,4.0,1,colpack,greedy_coloring,DYNAMIC_LARGEST_FIRST,4,0.0,,True,data\raw\matrices\week18_heterogeneous_generalization\week18_ws_n100_k4_p50_s0.mtx,data\processed\initial_graph_coloring_dataset\colpack_outputs_week18_additional_heterogeneous_generalization\week18_ws_n100_k4_p50_s0_dynamic_largest_first.txt
week18_ws_n100_k4_p50_s0,watts_strogatz,"Watts-Strogatz graph with n=100, k=4, p=0.5",310090,n=100; k=4; rewiring_probability=0.5; replicate=0,week18_additional_handcrafted_candidate,100,200,0.04040404040404041,1,2,7,4.0,1,colpack,greedy_coloring,INCIDENCE_DEGREE,4,0.0,,True,data\raw\matrices\week18_heterogeneous_generalization\week18_ws_n100_k4_p50_s0.mtx,data\processed\initial_graph_coloring_dataset\colpack_outputs_week18_additional_heterogeneous_generalization\week18_ws_n100_k4_p50_s0_incidence_degree.txt
week18_ws_n100_k4_p50_s0,watts_strogatz,"Watts-Strogatz graph with n=100, k=4, p=0.5",310090,n=100; k=4; rewiring_probability=0.5; replicate=0,week18_additional_handcrafted_candidate,100,200,0.04040404040404041,1,2,7,4.0,1,colpack,greedy_coloring,SMALLEST_LAST,4,0.0,,True,data\raw\matrices\week18_heterogeneous_generalization\week18_ws_n100_k4_p50_s0.mtx,data\processed\initial_graph_coloring_dataset\colpack_outputs_week18_additional_heterogeneous_generalization\week18_ws_n100_k4_p50_s0_smallest_last.txt
week18_ws_n100_k4_p50_s1,watts_strogatz,"Watts-Strogatz graph with n=100, k=4, p=0.5",310091,n=100; k=4; rewiring_probability=0.5; replicate=1,week18_additional_handcrafted_candidate,100,200,0.04040404040404041,1,2,8,4.0,1,colpack,greedy_coloring,NATURAL,5,0.0,,True,data\raw\matrices\week18_heterogeneous_generalization\week18_ws_n100_k4_p50_s1.mtx,data\processed\initial_graph_coloring_dataset\colpack_outputs_week18_additional_heterogeneous_generalization\week18_ws_n100_k4_p50_s1_natural.txt
week18_ws_n100_k4_p50_s1,watts_strogatz,"Watts-Strogatz graph with n=100, k=4, p=0.5",310091,n=100; k=4; rewiring_probability=0.5; replicate=1,week18_additional_handcrafted_candidate,100,200,0.04040404040404041,1,2,8,4.0,1,colpack,greedy_coloring,LARGEST_FIRST,4,0.0,,True,data\raw\matrices\week18_heterogeneous_generalization\week18_ws_n100_k4_p50_s1.mtx,data\processed\initial_graph_coloring_dataset\colpack_outputs_week18_additional_heterogeneous_generalization\week18_ws_n100_k4_p50_s1_largest_first.txt
week18_ws_n100_k4_p50_s1,watts_strogatz,"Watts-Strogatz graph with n=100, k=4, p=0.5",310091,n=100; k=4; rewiring_probability=0.5; replicate=1,week18_additional_handcrafted_candidate,100,200,0.04040404040404041,1,2,8,4.0,1,colpack,greedy_coloring,DYNAMIC_LARGEST_FIRST,4,0.0,,True,data\raw\matrices\week18_heterogeneous_generalization\week18_ws_n100_k4_p50_s1.mtx,data\processed\initial_graph_coloring_dataset\colpack_outputs_week18_additional_heterogeneous_generalization\week18_ws_n100_k4_p50_s1_dynamic_largest_first.txt
week18_ws_n100_k4_p50_s1,watts_strogatz,"Watts-Strogatz graph with n=100, k=4, p=0.5",310091,n=100; k=4; rewiring_probability=0.5; replicate=1,week18_additional_handcrafted_candidate,100,200,0.04040404040404041,1,2,8,4.0,1,colpack,greedy_coloring,INCIDENCE_DEGREE,4,0.0,,True,data\raw\matrices\week18_heterogeneous_generalization\week18_ws_n100_k4_p50_s1.mtx,data\processed\initial_graph_coloring_dataset\colpack_outputs_week18_additional_heterogeneous_generalization\week18_ws_n100_k4_p50_s1_incidence_degree.txt
week18_ws_n100_k4_p50_s1,watts_strogatz,"Watts-Strogatz graph with n=100, k=4, p=0.5",310091,n=100; k=4; rewiring_probability=0.5; replicate=1,week18_additional_handcrafted_candidate,100,200,0.04040404040404041,1,2,8,4.0,1,colpack,greedy_coloring,SMALLEST_LAST,4,0.0,,True,data\raw\matrices\week18_heterogeneous_generalization\week18_ws_n100_k4_p50_s1.mtx,data\processed\initial_graph_coloring_dataset\colpack_outputs_week18_additional_heterogeneous_generalization\week18_ws_n100_k4_p50_s1_smallest_last.txt
week18_ws_n100_k8_p05_s0,watts_strogatz,"Watts-Strogatz graph with n=100, k=8, p=0.05",310085,n=100; k=8; rewiring_probability=0.05; replicate=0,week18_additional_handcrafted_candidate,100,400,0.08080808080808081,1,7,10,8.0,1,colpack,greedy_coloring,NATURAL,6,0.0,,True,data\raw\matrices\week18_heterogeneous_generalization\week18_ws_n100_k8_p05_s0.mtx,data\processed\initial_graph_coloring_dataset\colpack_outputs_week18_additional_heterogeneous_generalization\week18_ws_n100_k8_p05_s0_natural.txt
week18_ws_n100_k8_p05_s0,watts_strogatz,"Watts-Strogatz graph with n=100, k=8, p=0.05",310085,n=100; k=8; rewiring_probability=0.05; replicate=0,week18_additional_handcrafted_candidate,100,400,0.08080808080808081,1,7,10,8.0,1,colpack,greedy_coloring,LARGEST_FIRST,6,0.0,,True,data\raw\matrices\week18_heterogeneous_generalization\week18_ws_n100_k8_p05_s0.mtx,data\processed\initial_graph_coloring_dataset\colpack_outputs_week18_additional_heterogeneous_generalization\week18_ws_n100_k8_p05_s0_largest_first.txt
week18_ws_n100_k8_p05_s0,watts_strogatz,"Watts-Strogatz graph with n=100, k=8, p=0.05",310085,n=100; k=8; rewiring_probability=0.05; replicate=0,week18_additional_handcrafted_candidate,100,400,0.08080808080808081,1,7,10,8.0,1,colpack,greedy_coloring,DYNAMIC_LARGEST_FIRST,7,0.0,,True,data\raw\matrices\week18_heterogeneous_generalization\week18_ws_n100_k8_p05_s0.mtx,data\processed\initial_graph_coloring_dataset\colpack_outputs_week18_additional_heterogeneous_generalization\week18_ws_n100_k8_p05_s0_dynamic_largest_first.txt
week18_ws_n100_k8_p05_s0,watts_strogatz,"Watts-Strogatz graph with n=100, k=8, p=0.05",310085,n=100; k=8; rewiring_probability=0.05; replicate=0,week18_additional_handcrafted_candidate,100,400,0.08080808080808081,1,7,10,8.0,1,colpack,greedy_coloring,INCIDENCE_DEGREE,6,0.0,,True,data\raw\matrices\week18_heterogeneous_generalization\week18_ws_n100_k8_p05_s0.mtx,data\processed\initial_graph_coloring_dataset\colpack_outputs_week18_additional_heterogeneous_generalization\week18_ws_n100_k8_p05_s0_incidence_degree.txt
week18_ws_n100_k8_p05_s0,watts_strogatz,"Watts-Strogatz graph with n=100, k=8, p=0.05",310085,n=100; k=8; rewiring_probability=0.05; replicate=0,week18_additional_handcrafted_candidate,100,400,0.08080808080808081,1,7,10,8.0,1,colpack,greedy_coloring,SMALLEST_LAST,6,0.0,,True,data\raw\matrices\week18_heterogeneous_generalization\week18_ws_n100_k8_p05_s0.mtx,data\processed\initial_graph_coloring_dataset\colpack_outputs_week18_additional_heterogeneous_generalization\week18_ws_n100_k8_p05_s0_smallest_last.txt
week18_ws_n100_k8_p05_s1,watts_strogatz,"Watts-Strogatz graph with n=100, k=8, p=0.05",310086,n=100; k=8; rewiring_probability=0.05; replicate=1,week18_additional_handcrafted_candidate,100,400,0.08080808080808081,1,6,10,8.0,1,colpack,greedy_coloring,NATURAL,7,0.0,,True,data\raw\matrices\week18_heterogeneous_generalization\week18_ws_n100_k8_p05_s1.mtx,data\processed\initial_graph_coloring_dataset\colpack_outputs_week18_additional_heterogeneous_generalization\week18_ws_n100_k8_p05_s1_natural.txt
week18_ws_n100_k8_p05_s1,watts_strogatz,"Watts-Strogatz graph with n=100, k=8, p=0.05",310086,n=100; k=8; rewiring_probability=0.05; replicate=1,week18_additional_handcrafted_candidate,100,400,0.08080808080808081,1,6,10,8.0,1,colpack,greedy_coloring,LARGEST_FIRST,7,0.0,,True,data\raw\matrices\week18_heterogeneous_generalization\week18_ws_n100_k8_p05_s1.mtx,data\processed\initial_graph_coloring_dataset\colpack_outputs_week18_additional_heterogeneous_generalization\week18_ws_n100_k8_p05_s1_largest_first.txt
week18_ws_n100_k8_p05_s1,watts_strogatz,"Watts-Strogatz graph with n=100, k=8, p=0.05",310086,n=100; k=8; rewiring_probability=0.05; replicate=1,week18_additional_handcrafted_candidate,100,400,0.08080808080808081,1,6,10,8.0,1,colpack,greedy_coloring,DYNAMIC_LARGEST_FIRST,7,0.0,,True,data\raw\matrices\week18_heterogeneous_generalization\week18_ws_n100_k8_p05_s1.mtx,data\processed\initial_graph_coloring_dataset\colpack_outputs_week18_additional_heterogeneous_generalization\week18_ws_n100_k8_p05_s1_dynamic_largest_first.txt
week18_ws_n100_k8_p05_s1,watts_strogatz,"Watts-Strogatz graph with n=100, k=8, p=0.05",310086,n=100; k=8; rewiring_probability=0.05; replicate=1,week18_additional_handcrafted_candidate,100,400,0.08080808080808081,1,6,10,8.0,1,colpack,greedy_coloring,INCIDENCE_DEGREE,6,0.0,,True,data\raw\matrices\week18_heterogeneous_generalization\week18_ws_n100_k8_p05_s1.mtx,data\processed\initial_graph_coloring_dataset\colpack_outputs_week18_additional_heterogeneous_generalization\week18_ws_n100_k8_p05_s1_incidence_degree.txt
week18_ws_n100_k8_p05_s1,watts_strogatz,"Watts-Strogatz graph with n=100, k=8, p=0.05",310086,n=100; k=8; rewiring_probability=0.05; replicate=1,week18_additional_handcrafted_candidate,100,400,0.08080808080808081,1,6,10,8.0,1,colpack,greedy_coloring,SMALLEST_LAST,6,0.0,,True,data\raw\matrices\week18_heterogeneous_generalization\week18_ws_n100_k8_p05_s1.mtx,data\processed\initial_graph_coloring_dataset\colpack_outputs_week18_additional_heterogeneous_generalization\week18_ws_n100_k8_p05_s1_smallest_last.txt
week18_ws_n100_k8_p20_s0,watts_strogatz,"Watts-Strogatz graph with n=100, k=8, p=0.2",310100,n=100; k=8; rewiring_probability=0.2; replicate=0,week18_additional_handcrafted_candidate,100,400,0.08080808080808081,1,5,10,8.0,1,colpack,greedy_coloring,NATURAL,7,0.0,,True,data\raw\matrices\week18_heterogeneous_generalization\week18_ws_n100_k8_p20_s0.mtx,data\processed\initial_graph_coloring_dataset\colpack_outputs_week18_additional_heterogeneous_generalization\week18_ws_n100_k8_p20_s0_natural.txt
week18_ws_n100_k8_p20_s0,watts_strogatz,"Watts-Strogatz graph with n=100, k=8, p=0.2",310100,n=100; k=8; rewiring_probability=0.2; replicate=0,week18_additional_handcrafted_candidate,100,400,0.08080808080808081,1,5,10,8.0,1,colpack,greedy_coloring,LARGEST_FIRST,7,0.0,,True,data\raw\matrices\week18_heterogeneous_generalization\week18_ws_n100_k8_p20_s0.mtx,data\processed\initial_graph_coloring_dataset\colpack_outputs_week18_additional_heterogeneous_generalization\week18_ws_n100_k8_p20_s0_largest_first.txt
week18_ws_n100_k8_p20_s0,watts_strogatz,"Watts-Strogatz graph with n=100, k=8, p=0.2",310100,n=100; k=8; rewiring_probability=0.2; replicate=0,week18_additional_handcrafted_candidate,100,400,0.08080808080808081,1,5,10,8.0,1,colpack,greedy_coloring,DYNAMIC_LARGEST_FIRST,6,0.0,,True,data\raw\matrices\week18_heterogeneous_generalization\week18_ws_n100_k8_p20_s0.mtx,data\processed\initial_graph_coloring_dataset\colpack_outputs_week18_additional_heterogeneous_generalization\week18_ws_n100_k8_p20_s0_dynamic_largest_first.txt
week18_ws_n100_k8_p20_s0,watts_strogatz,"Watts-Strogatz graph with n=100, k=8, p=0.2",310100,n=100; k=8; rewiring_probability=0.2; replicate=0,week18_additional_handcrafted_candidate,100,400,0.08080808080808081,1,5,10,8.0,1,colpack,greedy_coloring,INCIDENCE_DEGREE,6,0.0,,True,data\raw\matrices\week18_heterogeneous_generalization\week18_ws_n100_k8_p20_s0.mtx,data\processed\initial_graph_coloring_dataset\colpack_outputs_week18_additional_heterogeneous_generalization\week18_ws_n100_k8_p20_s0_incidence_degree.txt
week18_ws_n100_k8_p20_s0,watts_strogatz,"Watts-Strogatz graph with n=100, k=8, p=0.2",310100,n=100; k=8; rewiring_probability=0.2; replicate=0,week18_additional_handcrafted_candidate,100,400,0.08080808080808081,1,5,10,8.0,1,colpack,greedy_coloring,SMALLEST_LAST,6,0.0,,True,data\raw\matrices\week18_heterogeneous_generalization\week18_ws_n100_k8_p20_s0.mtx,data\processed\initial_graph_coloring_dataset\colpack_outputs_week18_additional_heterogeneous_generalization\week18_ws_n100_k8_p20_s0_smallest_last.txt
week18_ws_n100_k8_p20_s1,watts_strogatz,"Watts-Strogatz graph with n=100, k=8, p=0.2",310101,n=100; k=8; rewiring_probability=0.2; replicate=1,week18_additional_handcrafted_candidate,100,400,0.08080808080808081,1,5,13,8.0,1,colpack,greedy_coloring,NATURAL,6,0.0,,True,data\raw\matrices\week18_heterogeneous_generalization\week18_ws_n100_k8_p20_s1.mtx,data\processed\initial_graph_coloring_dataset\colpack_outputs_week18_additional_heterogeneous_generalization\week18_ws_n100_k8_p20_s1_natural.txt
week18_ws_n100_k8_p20_s1,watts_strogatz,"Watts-Strogatz graph with n=100, k=8, p=0.2",310101,n=100; k=8; rewiring_probability=0.2; replicate=1,week18_additional_handcrafted_candidate,100,400,0.08080808080808081,1,5,13,8.0,1,colpack,greedy_coloring,LARGEST_FIRST,7,0.0,,True,data\raw\matrices\week18_heterogeneous_generalization\week18_ws_n100_k8_p20_s1.mtx,data\processed\initial_graph_coloring_dataset\colpack_outputs_week18_additional_heterogeneous_generalization\week18_ws_n100_k8_p20_s1_largest_first.txt
week18_ws_n100_k8_p20_s1,watts_strogatz,"Watts-Strogatz graph with n=100, k=8, p=0.2",310101,n=100; k=8; rewiring_probability=0.2; replicate=1,week18_additional_handcrafted_candidate,100,400,0.08080808080808081,1,5,13,8.0,1,colpack,greedy_coloring,DYNAMIC_LARGEST_FIRST,6,0.0,,True,data\raw\matrices\week18_heterogeneous_generalization\week18_ws_n100_k8_p20_s1.mtx,data\processed\initial_graph_coloring_dataset\colpack_outputs_week18_additional_heterogeneous_generalization\week18_ws_n100_k8_p20_s1_dynamic_largest_first.txt
week18_ws_n100_k8_p20_s1,watts_strogatz,"Watts-Strogatz graph with n=100, k=8, p=0.2",310101,n=100; k=8; rewiring_probability=0.2; replicate=1,week18_additional_handcrafted_candidate,100,400,0.08080808080808081,1,5,13,8.0,1,colpack,greedy_coloring,INCIDENCE_DEGREE,7,0.0,,True,data\raw\matrices\week18_heterogeneous_generalization\week18_ws_n100_k8_p20_s1.mtx,data\processed\initial_graph_coloring_dataset\colpack_outputs_week18_additional_heterogeneous_generalization\week18_ws_n100_k8_p20_s1_incidence_degree.txt
week18_ws_n100_k8_p20_s1,watts_strogatz,"Watts-Strogatz graph with n=100, k=8, p=0.2",310101,n=100; k=8; rewiring_probability=0.2; replicate=1,week18_additional_handcrafted_candidate,100,400,0.08080808080808081,1,5,13,8.0,1,colpack,greedy_coloring,SMALLEST_LAST,6,0.0,,True,data\raw\matrices\week18_heterogeneous_generalization\week18_ws_n100_k8_p20_s1.mtx,data\processed\initial_graph_coloring_dataset\colpack_outputs_week18_additional_heterogeneous_generalization\week18_ws_n100_k8_p20_s1_smallest_last.txt
week18_ws_n100_k8_p50_s0,watts_strogatz,"Watts-Strogatz graph with n=100, k=8, p=0.5",310130,n=100; k=8; rewiring_probability=0.5; replicate=0,week18_additional_handcrafted_candidate,100,400,0.08080808080808081,1,4,12,8.0,1,colpack,greedy_coloring,NATURAL,7,0.0,,True,data\raw\matrices\week18_heterogeneous_generalization\week18_ws_n100_k8_p50_s0.mtx,data\processed\initial_graph_coloring_dataset\colpack_outputs_week18_additional_heterogeneous_generalization\week18_ws_n100_k8_p50_s0_natural.txt
week18_ws_n100_k8_p50_s0,watts_strogatz,"Watts-Strogatz graph with n=100, k=8, p=0.5",310130,n=100; k=8; rewiring_probability=0.5; replicate=0,week18_additional_handcrafted_candidate,100,400,0.08080808080808081,1,4,12,8.0,1,colpack,greedy_coloring,LARGEST_FIRST,6,0.0,,True,data\raw\matrices\week18_heterogeneous_generalization\week18_ws_n100_k8_p50_s0.mtx,data\processed\initial_graph_coloring_dataset\colpack_outputs_week18_additional_heterogeneous_generalization\week18_ws_n100_k8_p50_s0_largest_first.txt
week18_ws_n100_k8_p50_s0,watts_strogatz,"Watts-Strogatz graph with n=100, k=8, p=0.5",310130,n=100; k=8; rewiring_probability=0.5; replicate=0,week18_additional_handcrafted_candidate,100,400,0.08080808080808081,1,4,12,8.0,1,colpack,greedy_coloring,DYNAMIC_LARGEST_FIRST,6,0.0,,True,data\raw\matrices\week18_heterogeneous_generalization\week18_ws_n100_k8_p50_s0.mtx,data\processed\initial_graph_coloring_dataset\colpack_outputs_week18_additional_heterogeneous_generalization\week18_ws_n100_k8_p50_s0_dynamic_largest_first.txt
week18_ws_n100_k8_p50_s0,watts_strogatz,"Watts-Strogatz graph with n=100, k=8, p=0.5",310130,n=100; k=8; rewiring_probability=0.5; replicate=0,week18_additional_handcrafted_candidate,100,400,0.08080808080808081,1,4,12,8.0,1,colpack,greedy_coloring,INCIDENCE_DEGREE,6,0.0,,True,data\raw\matrices\week18_heterogeneous_generalization\week18_ws_n100_k8_p50_s0.mtx,data\processed\initial_graph_coloring_dataset\colpack_outputs_week18_additional_heterogeneous_generalization\week18_ws_n100_k8_p50_s0_incidence_degree.txt
week18_ws_n100_k8_p50_s0,watts_strogatz,"Watts-Strogatz graph with n=100, k=8, p=0.5",310130,n=100; k=8; rewiring_probability=0.5; replicate=0,week18_additional_handcrafted_candidate,100,400,0.08080808080808081,1,4,12,8.0,1,colpack,greedy_coloring,SMALLEST_LAST,6,0.0,,True,data\raw\matrices\week18_heterogeneous_generalization\week18_ws_n100_k8_p50_s0.mtx,data\processed\initial_graph_coloring_dataset\colpack_outputs_week18_additional_heterogeneous_generalization\week18_ws_n100_k8_p50_s0_smallest_last.txt
week18_ws_n100_k8_p50_s1,watts_strogatz,"Watts-Strogatz graph with n=100, k=8, p=0.5",310131,n=100; k=8; rewiring_probability=0.5; replicate=1,week18_additional_handcrafted_candidate,100,400,0.08080808080808081,1,5,13,8.0,1,colpack,greedy_coloring,NATURAL,6,0.0,,True,data\raw\matrices\week18_heterogeneous_generalization\week18_ws_n100_k8_p50_s1.mtx,data\processed\initial_graph_coloring_dataset\colpack_outputs_week18_additional_heterogeneous_generalization\week18_ws_n100_k8_p50_s1_natural.txt
week18_ws_n100_k8_p50_s1,watts_strogatz,"Watts-Strogatz graph with n=100, k=8, p=0.5",310131,n=100; k=8; rewiring_probability=0.5; replicate=1,week18_additional_handcrafted_candidate,100,400,0.08080808080808081,1,5,13,8.0,1,colpack,greedy_coloring,LARGEST_FIRST,6,0.0,,True,data\raw\matrices\week18_heterogeneous_generalization\week18_ws_n100_k8_p50_s1.mtx,data\processed\initial_graph_coloring_dataset\colpack_outputs_week18_additional_heterogeneous_generalization\week18_ws_n100_k8_p50_s1_largest_first.txt
week18_ws_n100_k8_p50_s1,watts_strogatz,"Watts-Strogatz graph with n=100, k=8, p=0.5",310131,n=100; k=8; rewiring_probability=0.5; replicate=1,week18_additional_handcrafted_candidate,100,400,0.08080808080808081,1,5,13,8.0,1,colpack,greedy_coloring,DYNAMIC_LARGEST_FIRST,6,0.0,,True,data\raw\matrices\week18_heterogeneous_generalization\week18_ws_n100_k8_p50_s1.mtx,data\processed\initial_graph_coloring_dataset\colpack_outputs_week18_additional_heterogeneous_generalization\week18_ws_n100_k8_p50_s1_dynamic_largest_first.txt
week18_ws_n100_k8_p50_s1,watts_strogatz,"Watts-Strogatz graph with n=100, k=8, p=0.5",310131,n=100; k=8; rewiring_probability=0.5; replicate=1,week18_additional_handcrafted_candidate,100,400,0.08080808080808081,1,5,13,8.0,1,colpack,greedy_coloring,INCIDENCE_DEGREE,6,0.0,,True,data\raw\matrices\week18_heterogeneous_generalization\week18_ws_n100_k8_p50_s1.mtx,data\processed\initial_graph_coloring_dataset\colpack_outputs_week18_additional_heterogeneous_generalization\week18_ws_n100_k8_p50_s1_incidence_degree.txt
week18_ws_n100_k8_p50_s1,watts_strogatz,"Watts-Strogatz graph with n=100, k=8, p=0.5",310131,n=100; k=8; rewiring_probability=0.5; replicate=1,week18_additional_handcrafted_candidate,100,400,0.08080808080808081,1,5,13,8.0,1,colpack,greedy_coloring,SMALLEST_LAST,6,0.0,,True,data\raw\matrices\week18_heterogeneous_generalization\week18_ws_n100_k8_p50_s1.mtx,data\processed\initial_graph_coloring_dataset\colpack_outputs_week18_additional_heterogeneous_generalization\week18_ws_n100_k8_p50_s1_smallest_last.txt
week18_ws_n120_k4_p05_s0,watts_strogatz,"Watts-Strogatz graph with n=120, k=4, p=0.05",312045,n=120; k=4; rewiring_probability=0.05; replicate=0,week18_additional_handcrafted_candidate,120,240,0.03361344537815126,1,3,6,4.0,1,colpack,greedy_coloring,NATURAL,4,0.0,,True,data\raw\matrices\week18_heterogeneous_generalization\week18_ws_n120_k4_p05_s0.mtx,data\processed\initial_graph_coloring_dataset\colpack_outputs_week18_additional_heterogeneous_generalization\week18_ws_n120_k4_p05_s0_natural.txt
week18_ws_n120_k4_p05_s0,watts_strogatz,"Watts-Strogatz graph with n=120, k=4, p=0.05",312045,n=120; k=4; rewiring_probability=0.05; replicate=0,week18_additional_handcrafted_candidate,120,240,0.03361344537815126,1,3,6,4.0,1,colpack,greedy_coloring,LARGEST_FIRST,5,0.0,,True,data\raw\matrices\week18_heterogeneous_generalization\week18_ws_n120_k4_p05_s0.mtx,data\processed\initial_graph_coloring_dataset\colpack_outputs_week18_additional_heterogeneous_generalization\week18_ws_n120_k4_p05_s0_largest_first.txt
week18_ws_n120_k4_p05_s0,watts_strogatz,"Watts-Strogatz graph with n=120, k=4, p=0.05",312045,n=120; k=4; rewiring_probability=0.05; replicate=0,week18_additional_handcrafted_candidate,120,240,0.03361344537815126,1,3,6,4.0,1,colpack,greedy_coloring,DYNAMIC_LARGEST_FIRST,4,0.0,,True,data\raw\matrices\week18_heterogeneous_generalization\week18_ws_n120_k4_p05_s0.mtx,data\processed\initial_graph_coloring_dataset\colpack_outputs_week18_additional_heterogeneous_generalization\week18_ws_n120_k4_p05_s0_dynamic_largest_first.txt
week18_ws_n120_k4_p05_s0,watts_strogatz,"Watts-Strogatz graph with n=120, k=4, p=0.05",312045,n=120; k=4; rewiring_probability=0.05; replicate=0,week18_additional_handcrafted_candidate,120,240,0.03361344537815126,1,3,6,4.0,1,colpack,greedy_coloring,INCIDENCE_DEGREE,4,0.0,,True,data\raw\matrices\week18_heterogeneous_generalization\week18_ws_n120_k4_p05_s0.mtx,data\processed\initial_graph_coloring_dataset\colpack_outputs_week18_additional_heterogeneous_generalization\week18_ws_n120_k4_p05_s0_incidence_degree.txt
week18_ws_n120_k4_p05_s0,watts_strogatz,"Watts-Strogatz graph with n=120, k=4, p=0.05",312045,n=120; k=4; rewiring_probability=0.05; replicate=0,week18_additional_handcrafted_candidate,120,240,0.03361344537815126,1,3,6,4.0,1,colpack,greedy_coloring,SMALLEST_LAST,4,0.0,,True,data\raw\matrices\week18_heterogeneous_generalization\week18_ws_n120_k4_p05_s0.mtx,data\processed\initial_graph_coloring_dataset\colpack_outputs_week18_additional_heterogeneous_generalization\week18_ws_n120_k4_p05_s0_smallest_last.txt
week18_ws_n120_k4_p05_s1,watts_strogatz,"Watts-Strogatz graph with n=120, k=4, p=0.05",312046,n=120; k=4; rewiring_probability=0.05; replicate=1,week18_additional_handcrafted_candidate,120,240,0.03361344537815126,1,3,6,4.0,1,colpack,greedy_coloring,NATURAL,4,0.0,,True,data\raw\matrices\week18_heterogeneous_generalization\week18_ws_n120_k4_p05_s1.mtx,data\processed\initial_graph_coloring_dataset\colpack_outputs_week18_additional_heterogeneous_generalization\week18_ws_n120_k4_p05_s1_natural.txt
week18_ws_n120_k4_p05_s1,watts_strogatz,"Watts-Strogatz graph with n=120, k=4, p=0.05",312046,n=120; k=4; rewiring_probability=0.05; replicate=1,week18_additional_handcrafted_candidate,120,240,0.03361344537815126,1,3,6,4.0,1,colpack,greedy_coloring,LARGEST_FIRST,4,0.0,,True,data\raw\matrices\week18_heterogeneous_generalization\week18_ws_n120_k4_p05_s1.mtx,data\processed\initial_graph_coloring_dataset\colpack_outputs_week18_additional_heterogeneous_generalization\week18_ws_n120_k4_p05_s1_largest_first.txt
week18_ws_n120_k4_p05_s1,watts_strogatz,"Watts-Strogatz graph with n=120, k=4, p=0.05",312046,n=120; k=4; rewiring_probability=0.05; replicate=1,week18_additional_handcrafted_candidate,120,240,0.03361344537815126,1,3,6,4.0,1,colpack,greedy_coloring,DYNAMIC_LARGEST_FIRST,4,0.0,,True,data\raw\matrices\week18_heterogeneous_generalization\week18_ws_n120_k4_p05_s1.mtx,data\processed\initial_graph_coloring_dataset\colpack_outputs_week18_additional_heterogeneous_generalization\week18_ws_n120_k4_p05_s1_dynamic_largest_first.txt
week18_ws_n120_k4_p05_s1,watts_strogatz,"Watts-Strogatz graph with n=120, k=4, p=0.05",312046,n=120; k=4; rewiring_probability=0.05; replicate=1,week18_additional_handcrafted_candidate,120,240,0.03361344537815126,1,3,6,4.0,1,colpack,greedy_coloring,INCIDENCE_DEGREE,4,0.0,,True,data\raw\matrices\week18_heterogeneous_generalization\week18_ws_n120_k4_p05_s1.mtx,data\processed\initial_graph_coloring_dataset\colpack_outputs_week18_additional_heterogeneous_generalization\week18_ws_n120_k4_p05_s1_incidence_degree.txt
week18_ws_n120_k4_p05_s1,watts_strogatz,"Watts-Strogatz graph with n=120, k=4, p=0.05",312046,n=120; k=4; rewiring_probability=0.05; replicate=1,week18_additional_handcrafted_candidate,120,240,0.03361344537815126,1,3,6,4.0,1,colpack,greedy_coloring,SMALLEST_LAST,4,0.0,,True,data\raw\matrices\week18_heterogeneous_generalization\week18_ws_n120_k4_p05_s1.mtx,data\processed\initial_graph_coloring_dataset\colpack_outputs_week18_additional_heterogeneous_generalization\week18_ws_n120_k4_p05_s1_smallest_last.txt
week18_ws_n120_k4_p20_s0,watts_strogatz,"Watts-Strogatz graph with n=120, k=4, p=0.2",312060,n=120; k=4; rewiring_probability=0.2; replicate=0,week18_additional_handcrafted_candidate,120,240,0.03361344537815126,1,2,6,4.0,1,colpack,greedy_coloring,NATURAL,4,0.0,,True,data\raw\matrices\week18_heterogeneous_generalization\week18_ws_n120_k4_p20_s0.mtx,data\processed\initial_graph_coloring_dataset\colpack_outputs_week18_additional_heterogeneous_generalization\week18_ws_n120_k4_p20_s0_natural.txt
week18_ws_n120_k4_p20_s0,watts_strogatz,"Watts-Strogatz graph with n=120, k=4, p=0.2",312060,n=120; k=4; rewiring_probability=0.2; replicate=0,week18_additional_handcrafted_candidate,120,240,0.03361344537815126,1,2,6,4.0,1,colpack,greedy_coloring,LARGEST_FIRST,5,0.0,,True,data\raw\matrices\week18_heterogeneous_generalization\week18_ws_n120_k4_p20_s0.mtx,data\processed\initial_graph_coloring_dataset\colpack_outputs_week18_additional_heterogeneous_generalization\week18_ws_n120_k4_p20_s0_largest_first.txt
week18_ws_n120_k4_p20_s0,watts_strogatz,"Watts-Strogatz graph with n=120, k=4, p=0.2",312060,n=120; k=4; rewiring_probability=0.2; replicate=0,week18_additional_handcrafted_candidate,120,240,0.03361344537815126,1,2,6,4.0,1,colpack,greedy_coloring,DYNAMIC_LARGEST_FIRST,4,0.0,,True,data\raw\matrices\week18_heterogeneous_generalization\week18_ws_n120_k4_p20_s0.mtx,data\processed\initial_graph_coloring_dataset\colpack_outputs_week18_additional_heterogeneous_generalization\week18_ws_n120_k4_p20_s0_dynamic_largest_first.txt
week18_ws_n120_k4_p20_s0,watts_strogatz,"Watts-Strogatz graph with n=120, k=4, p=0.2",312060,n=120; k=4; rewiring_probability=0.2; replicate=0,week18_additional_handcrafted_candidate,120,240,0.03361344537815126,1,2,6,4.0,1,colpack,greedy_coloring,INCIDENCE_DEGREE,4,0.0,,True,data\raw\matrices\week18_heterogeneous_generalization\week18_ws_n120_k4_p20_s0.mtx,data\processed\initial_graph_coloring_dataset\colpack_outputs_week18_additional_heterogeneous_generalization\week18_ws_n120_k4_p20_s0_incidence_degree.txt
week18_ws_n120_k4_p20_s0,watts_strogatz,"Watts-Strogatz graph with n=120, k=4, p=0.2",312060,n=120; k=4; rewiring_probability=0.2; replicate=0,week18_additional_handcrafted_candidate,120,240,0.03361344537815126,1,2,6,4.0,1,colpack,greedy_coloring,SMALLEST_LAST,4,0.0,,True,data\raw\matrices\week18_heterogeneous_generalization\week18_ws_n120_k4_p20_s0.mtx,data\processed\initial_graph_coloring_dataset\colpack_outputs_week18_additional_heterogeneous_generalization\week18_ws_n120_k4_p20_s0_smallest_last.txt
week18_ws_n120_k4_p20_s1,watts_strogatz,"Watts-Strogatz graph with n=120, k=4, p=0.2",312061,n=120; k=4; rewiring_probability=0.2; replicate=1,week18_additional_handcrafted_candidate,120,240,0.03361344537815126,1,2,6,4.0,1,colpack,greedy_coloring,NATURAL,5,0.0,,True,data\raw\matrices\week18_heterogeneous_generalization\week18_ws_n120_k4_p20_s1.mtx,data\processed\initial_graph_coloring_dataset\colpack_outputs_week18_additional_heterogeneous_generalization\week18_ws_n120_k4_p20_s1_natural.txt
week18_ws_n120_k4_p20_s1,watts_strogatz,"Watts-Strogatz graph with n=120, k=4, p=0.2",312061,n=120; k=4; rewiring_probability=0.2; replicate=1,week18_additional_handcrafted_candidate,120,240,0.03361344537815126,1,2,6,4.0,1,colpack,greedy_coloring,LARGEST_FIRST,4,0.0,,True,data\raw\matrices\week18_heterogeneous_generalization\week18_ws_n120_k4_p20_s1.mtx,data\processed\initial_graph_coloring_dataset\colpack_outputs_week18_additional_heterogeneous_generalization\week18_ws_n120_k4_p20_s1_largest_first.txt
week18_ws_n120_k4_p20_s1,watts_strogatz,"Watts-Strogatz graph with n=120, k=4, p=0.2",312061,n=120; k=4; rewiring_probability=0.2; replicate=1,week18_additional_handcrafted_candidate,120,240,0.03361344537815126,1,2,6,4.0,1,colpack,greedy_coloring,DYNAMIC_LARGEST_FIRST,4,0.0,,True,data\raw\matrices\week18_heterogeneous_generalization\week18_ws_n120_k4_p20_s1.mtx,data\processed\initial_graph_coloring_dataset\colpack_outputs_week18_additional_heterogeneous_generalization\week18_ws_n120_k4_p20_s1_dynamic_largest_first.txt
week18_ws_n120_k4_p20_s1,watts_strogatz,"Watts-Strogatz graph with n=120, k=4, p=0.2",312061,n=120; k=4; rewiring_probability=0.2; replicate=1,week18_additional_handcrafted_candidate,120,240,0.03361344537815126,1,2,6,4.0,1,colpack,greedy_coloring,INCIDENCE_DEGREE,4,0.0,,True,data\raw\matrices\week18_heterogeneous_generalization\week18_ws_n120_k4_p20_s1.mtx,data\processed\initial_graph_coloring_dataset\colpack_outputs_week18_additional_heterogeneous_generalization\week18_ws_n120_k4_p20_s1_incidence_degree.txt
week18_ws_n120_k4_p20_s1,watts_strogatz,"Watts-Strogatz graph with n=120, k=4, p=0.2",312061,n=120; k=4; rewiring_probability=0.2; replicate=1,week18_additional_handcrafted_candidate,120,240,0.03361344537815126,1,2,6,4.0,1,colpack,greedy_coloring,SMALLEST_LAST,4,0.0,,True,data\raw\matrices\week18_heterogeneous_generalization\week18_ws_n120_k4_p20_s1.mtx,data\processed\initial_graph_coloring_dataset\colpack_outputs_week18_additional_heterogeneous_generalization\week18_ws_n120_k4_p20_s1_smallest_last.txt
week18_ws_n120_k4_p50_s0,watts_strogatz,"Watts-Strogatz graph with n=120, k=4, p=0.5",312090,n=120; k=4; rewiring_probability=0.5; replicate=0,week18_additional_handcrafted_candidate,120,240,0.03361344537815126,1,2,8,4.0,1,colpack,greedy_coloring,NATURAL,5,0.0,,True,data\raw\matrices\week18_heterogeneous_generalization\week18_ws_n120_k4_p50_s0.mtx,data\processed\initial_graph_coloring_dataset\colpack_outputs_week18_additional_heterogeneous_generalization\week18_ws_n120_k4_p50_s0_natural.txt
week18_ws_n120_k4_p50_s0,watts_strogatz,"Watts-Strogatz graph with n=120, k=4, p=0.5",312090,n=120; k=4; rewiring_probability=0.5; replicate=0,week18_additional_handcrafted_candidate,120,240,0.03361344537815126,1,2,8,4.0,1,colpack,greedy_coloring,LARGEST_FIRST,4,0.0,,True,data\raw\matrices\week18_heterogeneous_generalization\week18_ws_n120_k4_p50_s0.mtx,data\processed\initial_graph_coloring_dataset\colpack_outputs_week18_additional_heterogeneous_generalization\week18_ws_n120_k4_p50_s0_largest_first.txt
week18_ws_n120_k4_p50_s0,watts_strogatz,"Watts-Strogatz graph with n=120, k=4, p=0.5",312090,n=120; k=4; rewiring_probability=0.5; replicate=0,week18_additional_handcrafted_candidate,120,240,0.03361344537815126,1,2,8,4.0,1,colpack,greedy_coloring,DYNAMIC_LARGEST_FIRST,4,0.0,,True,data\raw\matrices\week18_heterogeneous_generalization\week18_ws_n120_k4_p50_s0.mtx,data\processed\initial_graph_coloring_dataset\colpack_outputs_week18_additional_heterogeneous_generalization\week18_ws_n120_k4_p50_s0_dynamic_largest_first.txt
week18_ws_n120_k4_p50_s0,watts_strogatz,"Watts-Strogatz graph with n=120, k=4, p=0.5",312090,n=120; k=4; rewiring_probability=0.5; replicate=0,week18_additional_handcrafted_candidate,120,240,0.03361344537815126,1,2,8,4.0,1,colpack,greedy_coloring,INCIDENCE_DEGREE,4,0.0,,True,data\raw\matrices\week18_heterogeneous_generalization\week18_ws_n120_k4_p50_s0.mtx,data\processed\initial_graph_coloring_dataset\colpack_outputs_week18_additional_heterogeneous_generalization\week18_ws_n120_k4_p50_s0_incidence_degree.txt
week18_ws_n120_k4_p50_s0,watts_strogatz,"Watts-Strogatz graph with n=120, k=4, p=0.5",312090,n=120; k=4; rewiring_probability=0.5; replicate=0,week18_additional_handcrafted_candidate,120,240,0.03361344537815126,1,2,8,4.0,1,colpack,greedy_coloring,SMALLEST_LAST,4,0.0,,True,data\raw\matrices\week18_heterogeneous_generalization\week18_ws_n120_k4_p50_s0.mtx,data\processed\initial_graph_coloring_dataset\colpack_outputs_week18_additional_heterogeneous_generalization\week18_ws_n120_k4_p50_s0_smallest_last.txt
week18_ws_n120_k4_p50_s1,watts_strogatz,"Watts-Strogatz graph with n=120, k=4, p=0.5",312091,n=120; k=4; rewiring_probability=0.5; replicate=1,week18_additional_handcrafted_candidate,120,240,0.03361344537815126,1,2,7,4.0,1,colpack,greedy_coloring,NATURAL,5,0.0,,True,data\raw\matrices\week18_heterogeneous_generalization\week18_ws_n120_k4_p50_s1.mtx,data\processed\initial_graph_coloring_dataset\colpack_outputs_week18_additional_heterogeneous_generalization\week18_ws_n120_k4_p50_s1_natural.txt
week18_ws_n120_k4_p50_s1,watts_strogatz,"Watts-Strogatz graph with n=120, k=4, p=0.5",312091,n=120; k=4; rewiring_probability=0.5; replicate=1,week18_additional_handcrafted_candidate,120,240,0.03361344537815126,1,2,7,4.0,1,colpack,greedy_coloring,LARGEST_FIRST,4,0.0,,True,data\raw\matrices\week18_heterogeneous_generalization\week18_ws_n120_k4_p50_s1.mtx,data\processed\initial_graph_coloring_dataset\colpack_outputs_week18_additional_heterogeneous_generalization\week18_ws_n120_k4_p50_s1_largest_first.txt
week18_ws_n120_k4_p50_s1,watts_strogatz,"Watts-Strogatz graph with n=120, k=4, p=0.5",312091,n=120; k=4; rewiring_probability=0.5; replicate=1,week18_additional_handcrafted_candidate,120,240,0.03361344537815126,1,2,7,4.0,1,colpack,greedy_coloring,DYNAMIC_LARGEST_FIRST,4,0.0,,True,data\raw\matrices\week18_heterogeneous_generalization\week18_ws_n120_k4_p50_s1.mtx,data\processed\initial_graph_coloring_dataset\colpack_outputs_week18_additional_heterogeneous_generalization\week18_ws_n120_k4_p50_s1_dynamic_largest_first.txt
week18_ws_n120_k4_p50_s1,watts_strogatz,"Watts-Strogatz graph with n=120, k=4, p=0.5",312091,n=120; k=4; rewiring_probability=0.5; replicate=1,week18_additional_handcrafted_candidate,120,240,0.03361344537815126,1,2,7,4.0,1,colpack,greedy_coloring,INCIDENCE_DEGREE,4,0.0,,True,data\raw\matrices\week18_heterogeneous_generalization\week18_ws_n120_k4_p50_s1.mtx,data\processed\initial_graph_coloring_dataset\colpack_outputs_week18_additional_heterogeneous_generalization\week18_ws_n120_k4_p50_s1_incidence_degree.txt
week18_ws_n120_k4_p50_s1,watts_strogatz,"Watts-Strogatz graph with n=120, k=4, p=0.5",312091,n=120; k=4; rewiring_probability=0.5; replicate=1,week18_additional_handcrafted_candidate,120,240,0.03361344537815126,1,2,7,4.0,1,colpack,greedy_coloring,SMALLEST_LAST,4,0.0,,True,data\raw\matrices\week18_heterogeneous_generalization\week18_ws_n120_k4_p50_s1.mtx,data\processed\initial_graph_coloring_dataset\colpack_outputs_week18_additional_heterogeneous_generalization\week18_ws_n120_k4_p50_s1_smallest_last.txt
week18_ws_n120_k8_p05_s0,watts_strogatz,"Watts-Strogatz graph with n=120, k=8, p=0.05",312085,n=120; k=8; rewiring_probability=0.05; replicate=0,week18_additional_handcrafted_candidate,120,480,0.06722689075630252,1,6,10,8.0,1,colpack,greedy_coloring,NATURAL,7,0.0,,True,data\raw\matrices\week18_heterogeneous_generalization\week18_ws_n120_k8_p05_s0.mtx,data\processed\initial_graph_coloring_dataset\colpack_outputs_week18_additional_heterogeneous_generalization\week18_ws_n120_k8_p05_s0_natural.txt
week18_ws_n120_k8_p05_s0,watts_strogatz,"Watts-Strogatz graph with n=120, k=8, p=0.05",312085,n=120; k=8; rewiring_probability=0.05; replicate=0,week18_additional_handcrafted_candidate,120,480,0.06722689075630252,1,6,10,8.0,1,colpack,greedy_coloring,LARGEST_FIRST,7,0.0,,True,data\raw\matrices\week18_heterogeneous_generalization\week18_ws_n120_k8_p05_s0.mtx,data\processed\initial_graph_coloring_dataset\colpack_outputs_week18_additional_heterogeneous_generalization\week18_ws_n120_k8_p05_s0_largest_first.txt
week18_ws_n120_k8_p05_s0,watts_strogatz,"Watts-Strogatz graph with n=120, k=8, p=0.05",312085,n=120; k=8; rewiring_probability=0.05; replicate=0,week18_additional_handcrafted_candidate,120,480,0.06722689075630252,1,6,10,8.0,1,colpack,greedy_coloring,DYNAMIC_LARGEST_FIRST,7,0.0,,True,data\raw\matrices\week18_heterogeneous_generalization\week18_ws_n120_k8_p05_s0.mtx,data\processed\initial_graph_coloring_dataset\colpack_outputs_week18_additional_heterogeneous_generalization\week18_ws_n120_k8_p05_s0_dynamic_largest_first.txt
week18_ws_n120_k8_p05_s0,watts_strogatz,"Watts-Strogatz graph with n=120, k=8, p=0.05",312085,n=120; k=8; rewiring_probability=0.05; replicate=0,week18_additional_handcrafted_candidate,120,480,0.06722689075630252,1,6,10,8.0,1,colpack,greedy_coloring,INCIDENCE_DEGREE,6,0.0,,True,data\raw\matrices\week18_heterogeneous_generalization\week18_ws_n120_k8_p05_s0.mtx,data\processed\initial_graph_coloring_dataset\colpack_outputs_week18_additional_heterogeneous_generalization\week18_ws_n120_k8_p05_s0_incidence_degree.txt
week18_ws_n120_k8_p05_s0,watts_strogatz,"Watts-Strogatz graph with n=120, k=8, p=0.05",312085,n=120; k=8; rewiring_probability=0.05; replicate=0,week18_additional_handcrafted_candidate,120,480,0.06722689075630252,1,6,10,8.0,1,colpack,greedy_coloring,SMALLEST_LAST,6,0.0,,True,data\raw\matrices\week18_heterogeneous_generalization\week18_ws_n120_k8_p05_s0.mtx,data\processed\initial_graph_coloring_dataset\colpack_outputs_week18_additional_heterogeneous_generalization\week18_ws_n120_k8_p05_s0_smallest_last.txt
week18_ws_n120_k8_p05_s1,watts_strogatz,"Watts-Strogatz graph with n=120, k=8, p=0.05",312086,n=120; k=8; rewiring_probability=0.05; replicate=1,week18_additional_handcrafted_candidate,120,480,0.06722689075630252,1,6,9,8.0,1,colpack,greedy_coloring,NATURAL,7,0.0,,True,data\raw\matrices\week18_heterogeneous_generalization\week18_ws_n120_k8_p05_s1.mtx,data\processed\initial_graph_coloring_dataset\colpack_outputs_week18_additional_heterogeneous_generalization\week18_ws_n120_k8_p05_s1_natural.txt
week18_ws_n120_k8_p05_s1,watts_strogatz,"Watts-Strogatz graph with n=120, k=8, p=0.05",312086,n=120; k=8; rewiring_probability=0.05; replicate=1,week18_additional_handcrafted_candidate,120,480,0.06722689075630252,1,6,9,8.0,1,colpack,greedy_coloring,LARGEST_FIRST,7,0.0,,True,data\raw\matrices\week18_heterogeneous_generalization\week18_ws_n120_k8_p05_s1.mtx,data\processed\initial_graph_coloring_dataset\colpack_outputs_week18_additional_heterogeneous_generalization\week18_ws_n120_k8_p05_s1_largest_first.txt
week18_ws_n120_k8_p05_s1,watts_strogatz,"Watts-Strogatz graph with n=120, k=8, p=0.05",312086,n=120; k=8; rewiring_probability=0.05; replicate=1,week18_additional_handcrafted_candidate,120,480,0.06722689075630252,1,6,9,8.0,1,colpack,greedy_coloring,DYNAMIC_LARGEST_FIRST,7,0.0,,True,data\raw\matrices\week18_heterogeneous_generalization\week18_ws_n120_k8_p05_s1.mtx,data\processed\initial_graph_coloring_dataset\colpack_outputs_week18_additional_heterogeneous_generalization\week18_ws_n120_k8_p05_s1_dynamic_largest_first.txt
week18_ws_n120_k8_p05_s1,watts_strogatz,"Watts-Strogatz graph with n=120, k=8, p=0.05",312086,n=120; k=8; rewiring_probability=0.05; replicate=1,week18_additional_handcrafted_candidate,120,480,0.06722689075630252,1,6,9,8.0,1,colpack,greedy_coloring,INCIDENCE_DEGREE,6,0.0,,True,data\raw\matrices\week18_heterogeneous_generalization\week18_ws_n120_k8_p05_s1.mtx,data\processed\initial_graph_coloring_dataset\colpack_outputs_week18_additional_heterogeneous_generalization\week18_ws_n120_k8_p05_s1_incidence_degree.txt
week18_ws_n120_k8_p05_s1,watts_strogatz,"Watts-Strogatz graph with n=120, k=8, p=0.05",312086,n=120; k=8; rewiring_probability=0.05; replicate=1,week18_additional_handcrafted_candidate,120,480,0.06722689075630252,1,6,9,8.0,1,colpack,greedy_coloring,SMALLEST_LAST,7,0.0,,True,data\raw\matrices\week18_heterogeneous_generalization\week18_ws_n120_k8_p05_s1.mtx,data\processed\initial_graph_coloring_dataset\colpack_outputs_week18_additional_heterogeneous_generalization\week18_ws_n120_k8_p05_s1_smallest_last.txt
week18_ws_n120_k8_p20_s0,watts_strogatz,"Watts-Strogatz graph with n=120, k=8, p=0.2",312100,n=120; k=8; rewiring_probability=0.2; replicate=0,week18_additional_handcrafted_candidate,120,480,0.06722689075630252,1,5,13,8.0,1,colpack,greedy_coloring,NATURAL,6,0.0,,True,data\raw\matrices\week18_heterogeneous_generalization\week18_ws_n120_k8_p20_s0.mtx,data\processed\initial_graph_coloring_dataset\colpack_outputs_week18_additional_heterogeneous_generalization\week18_ws_n120_k8_p20_s0_natural.txt
week18_ws_n120_k8_p20_s0,watts_strogatz,"Watts-Strogatz graph with n=120, k=8, p=0.2",312100,n=120; k=8; rewiring_probability=0.2; replicate=0,week18_additional_handcrafted_candidate,120,480,0.06722689075630252,1,5,13,8.0,1,colpack,greedy_coloring,LARGEST_FIRST,6,0.0,,True,data\raw\matrices\week18_heterogeneous_generalization\week18_ws_n120_k8_p20_s0.mtx,data\processed\initial_graph_coloring_dataset\colpack_outputs_week18_additional_heterogeneous_generalization\week18_ws_n120_k8_p20_s0_largest_first.txt
week18_ws_n120_k8_p20_s0,watts_strogatz,"Watts-Strogatz graph with n=120, k=8, p=0.2",312100,n=120; k=8; rewiring_probability=0.2; replicate=0,week18_additional_handcrafted_candidate,120,480,0.06722689075630252,1,5,13,8.0,1,colpack,greedy_coloring,DYNAMIC_LARGEST_FIRST,7,0.0,,True,data\raw\matrices\week18_heterogeneous_generalization\week18_ws_n120_k8_p20_s0.mtx,data\processed\initial_graph_coloring_dataset\colpack_outputs_week18_additional_heterogeneous_generalization\week18_ws_n120_k8_p20_s0_dynamic_largest_first.txt
week18_ws_n120_k8_p20_s0,watts_strogatz,"Watts-Strogatz graph with n=120, k=8, p=0.2",312100,n=120; k=8; rewiring_probability=0.2; replicate=0,week18_additional_handcrafted_candidate,120,480,0.06722689075630252,1,5,13,8.0,1,colpack,greedy_coloring,INCIDENCE_DEGREE,6,0.0,,True,data\raw\matrices\week18_heterogeneous_generalization\week18_ws_n120_k8_p20_s0.mtx,data\processed\initial_graph_coloring_dataset\colpack_outputs_week18_additional_heterogeneous_generalization\week18_ws_n120_k8_p20_s0_incidence_degree.txt
week18_ws_n120_k8_p20_s0,watts_strogatz,"Watts-Strogatz graph with n=120, k=8, p=0.2",312100,n=120; k=8; rewiring_probability=0.2; replicate=0,week18_additional_handcrafted_candidate,120,480,0.06722689075630252,1,5,13,8.0,1,colpack,greedy_coloring,SMALLEST_LAST,6,0.0,,True,data\raw\matrices\week18_heterogeneous_generalization\week18_ws_n120_k8_p20_s0.mtx,data\processed\initial_graph_coloring_dataset\colpack_outputs_week18_additional_heterogeneous_generalization\week18_ws_n120_k8_p20_s0_smallest_last.txt
week18_ws_n120_k8_p20_s1,watts_strogatz,"Watts-Strogatz graph with n=120, k=8, p=0.2",312101,n=120; k=8; rewiring_probability=0.2; replicate=1,week18_additional_handcrafted_candidate,120,480,0.06722689075630252,1,6,12,8.0,1,colpack,greedy_coloring,NATURAL,7,0.0,,True,data\raw\matrices\week18_heterogeneous_generalization\week18_ws_n120_k8_p20_s1.mtx,data\processed\initial_graph_coloring_dataset\colpack_outputs_week18_additional_heterogeneous_generalization\week18_ws_n120_k8_p20_s1_natural.txt
week18_ws_n120_k8_p20_s1,watts_strogatz,"Watts-Strogatz graph with n=120, k=8, p=0.2",312101,n=120; k=8; rewiring_probability=0.2; replicate=1,week18_additional_handcrafted_candidate,120,480,0.06722689075630252,1,6,12,8.0,1,colpack,greedy_coloring,LARGEST_FIRST,6,0.0,,True,data\raw\matrices\week18_heterogeneous_generalization\week18_ws_n120_k8_p20_s1.mtx,data\processed\initial_graph_coloring_dataset\colpack_outputs_week18_additional_heterogeneous_generalization\week18_ws_n120_k8_p20_s1_largest_first.txt
week18_ws_n120_k8_p20_s1,watts_strogatz,"Watts-Strogatz graph with n=120, k=8, p=0.2",312101,n=120; k=8; rewiring_probability=0.2; replicate=1,week18_additional_handcrafted_candidate,120,480,0.06722689075630252,1,6,12,8.0,1,colpack,greedy_coloring,DYNAMIC_LARGEST_FIRST,6,0.0,,True,data\raw\matrices\week18_heterogeneous_generalization\week18_ws_n120_k8_p20_s1.mtx,data\processed\initial_graph_coloring_dataset\colpack_outputs_week18_additional_heterogeneous_generalization\week18_ws_n120_k8_p20_s1_dynamic_largest_first.txt
week18_ws_n120_k8_p20_s1,watts_strogatz,"Watts-Strogatz graph with n=120, k=8, p=0.2",312101,n=120; k=8; rewiring_probability=0.2; replicate=1,week18_additional_handcrafted_candidate,120,480,0.06722689075630252,1,6,12,8.0,1,colpack,greedy_coloring,INCIDENCE_DEGREE,7,0.0,,True,data\raw\matrices\week18_heterogeneous_generalization\week18_ws_n120_k8_p20_s1.mtx,data\processed\initial_graph_coloring_dataset\colpack_outputs_week18_additional_heterogeneous_generalization\week18_ws_n120_k8_p20_s1_incidence_degree.txt
week18_ws_n120_k8_p20_s1,watts_strogatz,"Watts-Strogatz graph with n=120, k=8, p=0.2",312101,n=120; k=8; rewiring_probability=0.2; replicate=1,week18_additional_handcrafted_candidate,120,480,0.06722689075630252,1,6,12,8.0,1,colpack,greedy_coloring,SMALLEST_LAST,6,0.0,,True,data\raw\matrices\week18_heterogeneous_generalization\week18_ws_n120_k8_p20_s1.mtx,data\processed\initial_graph_coloring_dataset\colpack_outputs_week18_additional_heterogeneous_generalization\week18_ws_n120_k8_p20_s1_smallest_last.txt
week18_ws_n120_k8_p50_s0,watts_strogatz,"Watts-Strogatz graph with n=120, k=8, p=0.5",312130,n=120; k=8; rewiring_probability=0.5; replicate=0,week18_additional_handcrafted_candidate,120,480,0.06722689075630252,1,5,14,8.0,1,colpack,greedy_coloring,NATURAL,7,0.0,,True,data\raw\matrices\week18_heterogeneous_generalization\week18_ws_n120_k8_p50_s0.mtx,data\processed\initial_graph_coloring_dataset\colpack_outputs_week18_additional_heterogeneous_generalization\week18_ws_n120_k8_p50_s0_natural.txt
week18_ws_n120_k8_p50_s0,watts_strogatz,"Watts-Strogatz graph with n=120, k=8, p=0.5",312130,n=120; k=8; rewiring_probability=0.5; replicate=0,week18_additional_handcrafted_candidate,120,480,0.06722689075630252,1,5,14,8.0,1,colpack,greedy_coloring,LARGEST_FIRST,6,0.0,,True,data\raw\matrices\week18_heterogeneous_generalization\week18_ws_n120_k8_p50_s0.mtx,data\processed\initial_graph_coloring_dataset\colpack_outputs_week18_additional_heterogeneous_generalization\week18_ws_n120_k8_p50_s0_largest_first.txt
week18_ws_n120_k8_p50_s0,watts_strogatz,"Watts-Strogatz graph with n=120, k=8, p=0.5",312130,n=120; k=8; rewiring_probability=0.5; replicate=0,week18_additional_handcrafted_candidate,120,480,0.06722689075630252,1,5,14,8.0,1,colpack,greedy_coloring,DYNAMIC_LARGEST_FIRST,6,0.0,,True,data\raw\matrices\week18_heterogeneous_generalization\week18_ws_n120_k8_p50_s0.mtx,data\processed\initial_graph_coloring_dataset\colpack_outputs_week18_additional_heterogeneous_generalization\week18_ws_n120_k8_p50_s0_dynamic_largest_first.txt
week18_ws_n120_k8_p50_s0,watts_strogatz,"Watts-Strogatz graph with n=120, k=8, p=0.5",312130,n=120; k=8; rewiring_probability=0.5; replicate=0,week18_additional_handcrafted_candidate,120,480,0.06722689075630252,1,5,14,8.0,1,colpack,greedy_coloring,INCIDENCE_DEGREE,6,0.0,,True,data\raw\matrices\week18_heterogeneous_generalization\week18_ws_n120_k8_p50_s0.mtx,data\processed\initial_graph_coloring_dataset\colpack_outputs_week18_additional_heterogeneous_generalization\week18_ws_n120_k8_p50_s0_incidence_degree.txt
week18_ws_n120_k8_p50_s0,watts_strogatz,"Watts-Strogatz graph with n=120, k=8, p=0.5",312130,n=120; k=8; rewiring_probability=0.5; replicate=0,week18_additional_handcrafted_candidate,120,480,0.06722689075630252,1,5,14,8.0,1,colpack,greedy_coloring,SMALLEST_LAST,6,0.0,,True,data\raw\matrices\week18_heterogeneous_generalization\week18_ws_n120_k8_p50_s0.mtx,data\processed\initial_graph_coloring_dataset\colpack_outputs_week18_additional_heterogeneous_generalization\week18_ws_n120_k8_p50_s0_smallest_last.txt
week18_ws_n120_k8_p50_s1,watts_strogatz,"Watts-Strogatz graph with n=120, k=8, p=0.5",312131,n=120; k=8; rewiring_probability=0.5; replicate=1,week18_additional_handcrafted_candidate,120,480,0.06722689075630252,1,4,13,8.0,1,colpack,greedy_coloring,NATURAL,7,0.0,,True,data\raw\matrices\week18_heterogeneous_generalization\week18_ws_n120_k8_p50_s1.mtx,data\processed\initial_graph_coloring_dataset\colpack_outputs_week18_additional_heterogeneous_generalization\week18_ws_n120_k8_p50_s1_natural.txt
week18_ws_n120_k8_p50_s1,watts_strogatz,"Watts-Strogatz graph with n=120, k=8, p=0.5",312131,n=120; k=8; rewiring_probability=0.5; replicate=1,week18_additional_handcrafted_candidate,120,480,0.06722689075630252,1,4,13,8.0,1,colpack,greedy_coloring,LARGEST_FIRST,6,0.0,,True,data\raw\matrices\week18_heterogeneous_generalization\week18_ws_n120_k8_p50_s1.mtx,data\processed\initial_graph_coloring_dataset\colpack_outputs_week18_additional_heterogeneous_generalization\week18_ws_n120_k8_p50_s1_largest_first.txt
week18_ws_n120_k8_p50_s1,watts_strogatz,"Watts-Strogatz graph with n=120, k=8, p=0.5",312131,n=120; k=8; rewiring_probability=0.5; replicate=1,week18_additional_handcrafted_candidate,120,480,0.06722689075630252,1,4,13,8.0,1,colpack,greedy_coloring,DYNAMIC_LARGEST_FIRST,5,0.0,,True,data\raw\matrices\week18_heterogeneous_generalization\week18_ws_n120_k8_p50_s1.mtx,data\processed\initial_graph_coloring_dataset\colpack_outputs_week18_additional_heterogeneous_generalization\week18_ws_n120_k8_p50_s1_dynamic_largest_first.txt
week18_ws_n120_k8_p50_s1,watts_strogatz,"Watts-Strogatz graph with n=120, k=8, p=0.5",312131,n=120; k=8; rewiring_probability=0.5; replicate=1,week18_additional_handcrafted_candidate,120,480,0.06722689075630252,1,4,13,8.0,1,colpack,greedy_coloring,INCIDENCE_DEGREE,6,0.0,,True,data\raw\matrices\week18_heterogeneous_generalization\week18_ws_n120_k8_p50_s1.mtx,data\processed\initial_graph_coloring_dataset\colpack_outputs_week18_additional_heterogeneous_generalization\week18_ws_n120_k8_p50_s1_incidence_degree.txt
week18_ws_n120_k8_p50_s1,watts_strogatz,"Watts-Strogatz graph with n=120, k=8, p=0.5",312131,n=120; k=8; rewiring_probability=0.5; replicate=1,week18_additional_handcrafted_candidate,120,480,0.06722689075630252,1,4,13,8.0,1,colpack,greedy_coloring,SMALLEST_LAST,6,0.0,,True,data\raw\matrices\week18_heterogeneous_generalization\week18_ws_n120_k8_p50_s1.mtx,data\processed\initial_graph_coloring_dataset\colpack_outputs_week18_additional_heterogeneous_generalization\week18_ws_n120_k8_p50_s1_smallest_last.txt
week18_sbm_two_blocks_60_strong_s0,stochastic_block_model,"SBM blocks=[30, 30], p_in=0.35, p_out=0.02",406372,"block_sizes=[30, 30]; profile=strong; p_in=0.35; p_out=0.02; replicate=0",week18_additional_handcrafted_candidate,60,312,0.17627118644067796,1,5,17,10.4,1,colpack,greedy_coloring,NATURAL,7,0.0,,True,data\raw\matrices\week18_heterogeneous_generalization\week18_sbm_two_blocks_60_strong_s0.mtx,data\processed\initial_graph_coloring_dataset\colpack_outputs_week18_additional_heterogeneous_generalization\week18_sbm_two_blocks_60_strong_s0_natural.txt
week18_sbm_two_blocks_60_strong_s0,stochastic_block_model,"SBM blocks=[30, 30], p_in=0.35, p_out=0.02",406372,"block_sizes=[30, 30]; profile=strong; p_in=0.35; p_out=0.02; replicate=0",week18_additional_handcrafted_candidate,60,312,0.17627118644067796,1,5,17,10.4,1,colpack,greedy_coloring,LARGEST_FIRST,7,0.0,,True,data\raw\matrices\week18_heterogeneous_generalization\week18_sbm_two_blocks_60_strong_s0.mtx,data\processed\initial_graph_coloring_dataset\colpack_outputs_week18_additional_heterogeneous_generalization\week18_sbm_two_blocks_60_strong_s0_largest_first.txt
week18_sbm_two_blocks_60_strong_s0,stochastic_block_model,"SBM blocks=[30, 30], p_in=0.35, p_out=0.02",406372,"block_sizes=[30, 30]; profile=strong; p_in=0.35; p_out=0.02; replicate=0",week18_additional_handcrafted_candidate,60,312,0.17627118644067796,1,5,17,10.4,1,colpack,greedy_coloring,DYNAMIC_LARGEST_FIRST,7,0.0,,True,data\raw\matrices\week18_heterogeneous_generalization\week18_sbm_two_blocks_60_strong_s0.mtx,data\processed\initial_graph_coloring_dataset\colpack_outputs_week18_additional_heterogeneous_generalization\week18_sbm_two_blocks_60_strong_s0_dynamic_largest_first.txt
week18_sbm_two_blocks_60_strong_s0,stochastic_block_model,"SBM blocks=[30, 30], p_in=0.35, p_out=0.02",406372,"block_sizes=[30, 30]; profile=strong; p_in=0.35; p_out=0.02; replicate=0",week18_additional_handcrafted_candidate,60,312,0.17627118644067796,1,5,17,10.4,1,colpack,greedy_coloring,INCIDENCE_DEGREE,7,0.0,,True,data\raw\matrices\week18_heterogeneous_generalization\week18_sbm_two_blocks_60_strong_s0.mtx,data\processed\initial_graph_coloring_dataset\colpack_outputs_week18_additional_heterogeneous_generalization\week18_sbm_two_blocks_60_strong_s0_incidence_degree.txt
week18_sbm_two_blocks_60_strong_s0,stochastic_block_model,"SBM blocks=[30, 30], p_in=0.35, p_out=0.02",406372,"block_sizes=[30, 30]; profile=strong; p_in=0.35; p_out=0.02; replicate=0",week18_additional_handcrafted_candidate,60,312,0.17627118644067796,1,5,17,10.4,1,colpack,greedy_coloring,SMALLEST_LAST,7,0.0,,True,data\raw\matrices\week18_heterogeneous_generalization\week18_sbm_two_blocks_60_strong_s0.mtx,data\processed\initial_graph_coloring_dataset\colpack_outputs_week18_additional_heterogeneous_generalization\week18_sbm_two_blocks_60_strong_s0_smallest_last.txt
week18_sbm_two_blocks_60_strong_s1,stochastic_block_model,"SBM blocks=[30, 30], p_in=0.35, p_out=0.02",406373,"block_sizes=[30, 30]; profile=strong; p_in=0.35; p_out=0.02; replicate=1",week18_additional_handcrafted_candidate,60,329,0.18587570621468927,1,6,16,10.966666666666667,1,colpack,greedy_coloring,NATURAL,7,0.0,,True,data\raw\matrices\week18_heterogeneous_generalization\week18_sbm_two_blocks_60_strong_s1.mtx,data\processed\initial_graph_coloring_dataset\colpack_outputs_week18_additional_heterogeneous_generalization\week18_sbm_two_blocks_60_strong_s1_natural.txt
week18_sbm_two_blocks_60_strong_s1,stochastic_block_model,"SBM blocks=[30, 30], p_in=0.35, p_out=0.02",406373,"block_sizes=[30, 30]; profile=strong; p_in=0.35; p_out=0.02; replicate=1",week18_additional_handcrafted_candidate,60,329,0.18587570621468927,1,6,16,10.966666666666667,1,colpack,greedy_coloring,LARGEST_FIRST,6,0.0,,True,data\raw\matrices\week18_heterogeneous_generalization\week18_sbm_two_blocks_60_strong_s1.mtx,data\processed\initial_graph_coloring_dataset\colpack_outputs_week18_additional_heterogeneous_generalization\week18_sbm_two_blocks_60_strong_s1_largest_first.txt
week18_sbm_two_blocks_60_strong_s1,stochastic_block_model,"SBM blocks=[30, 30], p_in=0.35, p_out=0.02",406373,"block_sizes=[30, 30]; profile=strong; p_in=0.35; p_out=0.02; replicate=1",week18_additional_handcrafted_candidate,60,329,0.18587570621468927,1,6,16,10.966666666666667,1,colpack,greedy_coloring,DYNAMIC_LARGEST_FIRST,6,0.0,,True,data\raw\matrices\week18_heterogeneous_generalization\week18_sbm_two_blocks_60_strong_s1.mtx,data\processed\initial_graph_coloring_dataset\colpack_outputs_week18_additional_heterogeneous_generalization\week18_sbm_two_blocks_60_strong_s1_dynamic_largest_first.txt
week18_sbm_two_blocks_60_strong_s1,stochastic_block_model,"SBM blocks=[30, 30], p_in=0.35, p_out=0.02",406373,"block_sizes=[30, 30]; profile=strong; p_in=0.35; p_out=0.02; replicate=1",week18_additional_handcrafted_candidate,60,329,0.18587570621468927,1,6,16,10.966666666666667,1,colpack,greedy_coloring,INCIDENCE_DEGREE,6,0.0,,True,data\raw\matrices\week18_heterogeneous_generalization\week18_sbm_two_blocks_60_strong_s1.mtx,data\processed\initial_graph_coloring_dataset\colpack_outputs_week18_additional_heterogeneous_generalization\week18_sbm_two_blocks_60_strong_s1_incidence_degree.txt
week18_sbm_two_blocks_60_strong_s1,stochastic_block_model,"SBM blocks=[30, 30], p_in=0.35, p_out=0.02",406373,"block_sizes=[30, 30]; profile=strong; p_in=0.35; p_out=0.02; replicate=1",week18_additional_handcrafted_candidate,60,329,0.18587570621468927,1,6,16,10.966666666666667,1,colpack,greedy_coloring,SMALLEST_LAST,6,0.0,,True,data\raw\matrices\week18_heterogeneous_generalization\week18_sbm_two_blocks_60_strong_s1.mtx,data\processed\initial_graph_coloring_dataset\colpack_outputs_week18_additional_heterogeneous_generalization\week18_sbm_two_blocks_60_strong_s1_smallest_last.txt
week18_sbm_two_blocks_60_moderate_s0,stochastic_block_model,"SBM blocks=[30, 30], p_in=0.25, p_out=0.05",406275,"block_sizes=[30, 30]; profile=moderate; p_in=0.25; p_out=0.05; replicate=0",week18_additional_handcrafted_candidate,60,256,0.14463276836158193,1,3,17,8.533333333333333,1,colpack,greedy_coloring,NATURAL,8,0.0,,True,data\raw\matrices\week18_heterogeneous_generalization\week18_sbm_two_blocks_60_moderate_s0.mtx,data\processed\initial_graph_coloring_dataset\colpack_outputs_week18_additional_heterogeneous_generalization\week18_sbm_two_blocks_60_moderate_s0_natural.txt
week18_sbm_two_blocks_60_moderate_s0,stochastic_block_model,"SBM blocks=[30, 30], p_in=0.25, p_out=0.05",406275,"block_sizes=[30, 30]; profile=moderate; p_in=0.25; p_out=0.05; replicate=0",week18_additional_handcrafted_candidate,60,256,0.14463276836158193,1,3,17,8.533333333333333,1,colpack,greedy_coloring,LARGEST_FIRST,6,0.0,,True,data\raw\matrices\week18_heterogeneous_generalization\week18_sbm_two_blocks_60_moderate_s0.mtx,data\processed\initial_graph_coloring_dataset\colpack_outputs_week18_additional_heterogeneous_generalization\week18_sbm_two_blocks_60_moderate_s0_largest_first.txt
week18_sbm_two_blocks_60_moderate_s0,stochastic_block_model,"SBM blocks=[30, 30], p_in=0.25, p_out=0.05",406275,"block_sizes=[30, 30]; profile=moderate; p_in=0.25; p_out=0.05; replicate=0",week18_additional_handcrafted_candidate,60,256,0.14463276836158193,1,3,17,8.533333333333333,1,colpack,greedy_coloring,DYNAMIC_LARGEST_FIRST,6,0.0,,True,data\raw\matrices\week18_heterogeneous_generalization\week18_sbm_two_blocks_60_moderate_s0.mtx,data\processed\initial_graph_coloring_dataset\colpack_outputs_week18_additional_heterogeneous_generalization\week18_sbm_two_blocks_60_moderate_s0_dynamic_largest_first.txt
week18_sbm_two_blocks_60_moderate_s0,stochastic_block_model,"SBM blocks=[30, 30], p_in=0.25, p_out=0.05",406275,"block_sizes=[30, 30]; profile=moderate; p_in=0.25; p_out=0.05; replicate=0",week18_additional_handcrafted_candidate,60,256,0.14463276836158193,1,3,17,8.533333333333333,1,colpack,greedy_coloring,INCIDENCE_DEGREE,6,0.001,,True,data\raw\matrices\week18_heterogeneous_generalization\week18_sbm_two_blocks_60_moderate_s0.mtx,data\processed\initial_graph_coloring_dataset\colpack_outputs_week18_additional_heterogeneous_generalization\week18_sbm_two_blocks_60_moderate_s0_incidence_degree.txt
week18_sbm_two_blocks_60_moderate_s0,stochastic_block_model,"SBM blocks=[30, 30], p_in=0.25, p_out=0.05",406275,"block_sizes=[30, 30]; profile=moderate; p_in=0.25; p_out=0.05; replicate=0",week18_additional_handcrafted_candidate,60,256,0.14463276836158193,1,3,17,8.533333333333333,1,colpack,greedy_coloring,SMALLEST_LAST,6,0.0,,True,data\raw\matrices\week18_heterogeneous_generalization\week18_sbm_two_blocks_60_moderate_s0.mtx,data\processed\initial_graph_coloring_dataset\colpack_outputs_week18_additional_heterogeneous_generalization\week18_sbm_two_blocks_60_moderate_s0_smallest_last.txt
week18_sbm_two_blocks_60_moderate_s1,stochastic_block_model,"SBM blocks=[30, 30], p_in=0.25, p_out=0.05",406276,"block_sizes=[30, 30]; profile=moderate; p_in=0.25; p_out=0.05; replicate=1",week18_additional_handcrafted_candidate,60,271,0.15310734463276837,1,3,16,9.033333333333333,1,colpack,greedy_coloring,NATURAL,8,0.0,,True,data\raw\matrices\week18_heterogeneous_generalization\week18_sbm_two_blocks_60_moderate_s1.mtx,data\processed\initial_graph_coloring_dataset\colpack_outputs_week18_additional_heterogeneous_generalization\week18_sbm_two_blocks_60_moderate_s1_natural.txt
week18_sbm_two_blocks_60_moderate_s1,stochastic_block_model,"SBM blocks=[30, 30], p_in=0.25, p_out=0.05",406276,"block_sizes=[30, 30]; profile=moderate; p_in=0.25; p_out=0.05; replicate=1",week18_additional_handcrafted_candidate,60,271,0.15310734463276837,1,3,16,9.033333333333333,1,colpack,greedy_coloring,LARGEST_FIRST,6,0.0,,True,data\raw\matrices\week18_heterogeneous_generalization\week18_sbm_two_blocks_60_moderate_s1.mtx,data\processed\initial_graph_coloring_dataset\colpack_outputs_week18_additional_heterogeneous_generalization\week18_sbm_two_blocks_60_moderate_s1_largest_first.txt
week18_sbm_two_blocks_60_moderate_s1,stochastic_block_model,"SBM blocks=[30, 30], p_in=0.25, p_out=0.05",406276,"block_sizes=[30, 30]; profile=moderate; p_in=0.25; p_out=0.05; replicate=1",week18_additional_handcrafted_candidate,60,271,0.15310734463276837,1,3,16,9.033333333333333,1,colpack,greedy_coloring,DYNAMIC_LARGEST_FIRST,6,0.0,,True,data\raw\matrices\week18_heterogeneous_generalization\week18_sbm_two_blocks_60_moderate_s1.mtx,data\processed\initial_graph_coloring_dataset\colpack_outputs_week18_additional_heterogeneous_generalization\week18_sbm_two_blocks_60_moderate_s1_dynamic_largest_first.txt
week18_sbm_two_blocks_60_moderate_s1,stochastic_block_model,"SBM blocks=[30, 30], p_in=0.25, p_out=0.05",406276,"block_sizes=[30, 30]; profile=moderate; p_in=0.25; p_out=0.05; replicate=1",week18_additional_handcrafted_candidate,60,271,0.15310734463276837,1,3,16,9.033333333333333,1,colpack,greedy_coloring,INCIDENCE_DEGREE,6,0.0,,True,data\raw\matrices\week18_heterogeneous_generalization\week18_sbm_two_blocks_60_moderate_s1.mtx,data\processed\initial_graph_coloring_dataset\colpack_outputs_week18_additional_heterogeneous_generalization\week18_sbm_two_blocks_60_moderate_s1_incidence_degree.txt
week18_sbm_two_blocks_60_moderate_s1,stochastic_block_model,"SBM blocks=[30, 30], p_in=0.25, p_out=0.05",406276,"block_sizes=[30, 30]; profile=moderate; p_in=0.25; p_out=0.05; replicate=1",week18_additional_handcrafted_candidate,60,271,0.15310734463276837,1,3,16,9.033333333333333,1,colpack,greedy_coloring,SMALLEST_LAST,6,0.0,,True,data\raw\matrices\week18_heterogeneous_generalization\week18_sbm_two_blocks_60_moderate_s1.mtx,data\processed\initial_graph_coloring_dataset\colpack_outputs_week18_additional_heterogeneous_generalization\week18_sbm_two_blocks_60_moderate_s1_smallest_last.txt
week18_sbm_two_blocks_60_weak_s0,stochastic_block_model,"SBM blocks=[30, 30], p_in=0.18, p_out=0.1",406210,"block_sizes=[30, 30]; profile=weak; p_in=0.18; p_out=0.1; replicate=0",week18_additional_handcrafted_candidate,60,242,0.1367231638418079,1,3,13,8.066666666666666,1,colpack,greedy_coloring,NATURAL,6,0.0,,True,data\raw\matrices\week18_heterogeneous_generalization\week18_sbm_two_blocks_60_weak_s0.mtx,data\processed\initial_graph_coloring_dataset\colpack_outputs_week18_additional_heterogeneous_generalization\week18_sbm_two_blocks_60_weak_s0_natural.txt
week18_sbm_two_blocks_60_weak_s0,stochastic_block_model,"SBM blocks=[30, 30], p_in=0.18, p_out=0.1",406210,"block_sizes=[30, 30]; profile=weak; p_in=0.18; p_out=0.1; replicate=0",week18_additional_handcrafted_candidate,60,242,0.1367231638418079,1,3,13,8.066666666666666,1,colpack,greedy_coloring,LARGEST_FIRST,5,0.0,,True,data\raw\matrices\week18_heterogeneous_generalization\week18_sbm_two_blocks_60_weak_s0.mtx,data\processed\initial_graph_coloring_dataset\colpack_outputs_week18_additional_heterogeneous_generalization\week18_sbm_two_blocks_60_weak_s0_largest_first.txt
week18_sbm_two_blocks_60_weak_s0,stochastic_block_model,"SBM blocks=[30, 30], p_in=0.18, p_out=0.1",406210,"block_sizes=[30, 30]; profile=weak; p_in=0.18; p_out=0.1; replicate=0",week18_additional_handcrafted_candidate,60,242,0.1367231638418079,1,3,13,8.066666666666666,1,colpack,greedy_coloring,DYNAMIC_LARGEST_FIRST,5,0.001,,True,data\raw\matrices\week18_heterogeneous_generalization\week18_sbm_two_blocks_60_weak_s0.mtx,data\processed\initial_graph_coloring_dataset\colpack_outputs_week18_additional_heterogeneous_generalization\week18_sbm_two_blocks_60_weak_s0_dynamic_largest_first.txt
week18_sbm_two_blocks_60_weak_s0,stochastic_block_model,"SBM blocks=[30, 30], p_in=0.18, p_out=0.1",406210,"block_sizes=[30, 30]; profile=weak; p_in=0.18; p_out=0.1; replicate=0",week18_additional_handcrafted_candidate,60,242,0.1367231638418079,1,3,13,8.066666666666666,1,colpack,greedy_coloring,INCIDENCE_DEGREE,6,0.0,,True,data\raw\matrices\week18_heterogeneous_generalization\week18_sbm_two_blocks_60_weak_s0.mtx,data\processed\initial_graph_coloring_dataset\colpack_outputs_week18_additional_heterogeneous_generalization\week18_sbm_two_blocks_60_weak_s0_incidence_degree.txt
week18_sbm_two_blocks_60_weak_s0,stochastic_block_model,"SBM blocks=[30, 30], p_in=0.18, p_out=0.1",406210,"block_sizes=[30, 30]; profile=weak; p_in=0.18; p_out=0.1; replicate=0",week18_additional_handcrafted_candidate,60,242,0.1367231638418079,1,3,13,8.066666666666666,1,colpack,greedy_coloring,SMALLEST_LAST,5,0.0,,True,data\raw\matrices\week18_heterogeneous_generalization\week18_sbm_two_blocks_60_weak_s0.mtx,data\processed\initial_graph_coloring_dataset\colpack_outputs_week18_additional_heterogeneous_generalization\week18_sbm_two_blocks_60_weak_s0_smallest_last.txt
week18_sbm_two_blocks_60_weak_s1,stochastic_block_model,"SBM blocks=[30, 30], p_in=0.18, p_out=0.1",406211,"block_sizes=[30, 30]; profile=weak; p_in=0.18; p_out=0.1; replicate=1",week18_additional_handcrafted_candidate,60,248,0.1401129943502825,1,3,14,8.266666666666667,1,colpack,greedy_coloring,NATURAL,7,0.0,,True,data\raw\matrices\week18_heterogeneous_generalization\week18_sbm_two_blocks_60_weak_s1.mtx,data\processed\initial_graph_coloring_dataset\colpack_outputs_week18_additional_heterogeneous_generalization\week18_sbm_two_blocks_60_weak_s1_natural.txt
week18_sbm_two_blocks_60_weak_s1,stochastic_block_model,"SBM blocks=[30, 30], p_in=0.18, p_out=0.1",406211,"block_sizes=[30, 30]; profile=weak; p_in=0.18; p_out=0.1; replicate=1",week18_additional_handcrafted_candidate,60,248,0.1401129943502825,1,3,14,8.266666666666667,1,colpack,greedy_coloring,LARGEST_FIRST,6,0.0,,True,data\raw\matrices\week18_heterogeneous_generalization\week18_sbm_two_blocks_60_weak_s1.mtx,data\processed\initial_graph_coloring_dataset\colpack_outputs_week18_additional_heterogeneous_generalization\week18_sbm_two_blocks_60_weak_s1_largest_first.txt
week18_sbm_two_blocks_60_weak_s1,stochastic_block_model,"SBM blocks=[30, 30], p_in=0.18, p_out=0.1",406211,"block_sizes=[30, 30]; profile=weak; p_in=0.18; p_out=0.1; replicate=1",week18_additional_handcrafted_candidate,60,248,0.1401129943502825,1,3,14,8.266666666666667,1,colpack,greedy_coloring,DYNAMIC_LARGEST_FIRST,6,0.001,,True,data\raw\matrices\week18_heterogeneous_generalization\week18_sbm_two_blocks_60_weak_s1.mtx,data\processed\initial_graph_coloring_dataset\colpack_outputs_week18_additional_heterogeneous_generalization\week18_sbm_two_blocks_60_weak_s1_dynamic_largest_first.txt
week18_sbm_two_blocks_60_weak_s1,stochastic_block_model,"SBM blocks=[30, 30], p_in=0.18, p_out=0.1",406211,"block_sizes=[30, 30]; profile=weak; p_in=0.18; p_out=0.1; replicate=1",week18_additional_handcrafted_candidate,60,248,0.1401129943502825,1,3,14,8.266666666666667,1,colpack,greedy_coloring,INCIDENCE_DEGREE,6,0.0,,True,data\raw\matrices\week18_heterogeneous_generalization\week18_sbm_two_blocks_60_weak_s1.mtx,data\processed\initial_graph_coloring_dataset\colpack_outputs_week18_additional_heterogeneous_generalization\week18_sbm_two_blocks_60_weak_s1_incidence_degree.txt
week18_sbm_two_blocks_60_weak_s1,stochastic_block_model,"SBM blocks=[30, 30], p_in=0.18, p_out=0.1",406211,"block_sizes=[30, 30]; profile=weak; p_in=0.18; p_out=0.1; replicate=1",week18_additional_handcrafted_candidate,60,248,0.1401129943502825,1,3,14,8.266666666666667,1,colpack,greedy_coloring,SMALLEST_LAST,5,0.001,,True,data\raw\matrices\week18_heterogeneous_generalization\week18_sbm_two_blocks_60_weak_s1.mtx,data\processed\initial_graph_coloring_dataset\colpack_outputs_week18_additional_heterogeneous_generalization\week18_sbm_two_blocks_60_weak_s1_smallest_last.txt
week18_sbm_two_blocks_80_strong_s0,stochastic_block_model,"SBM blocks=[40, 40], p_in=0.35, p_out=0.02",408372,"block_sizes=[40, 40]; profile=strong; p_in=0.35; p_out=0.02; replicate=0",week18_additional_handcrafted_candidate,80,616,0.1949367088607595,1,5,25,15.4,1,colpack,greedy_coloring,NATURAL,10,0.0,,True,data\raw\matrices\week18_heterogeneous_generalization\week18_sbm_two_blocks_80_strong_s0.mtx,data\processed\initial_graph_coloring_dataset\colpack_outputs_week18_additional_heterogeneous_generalization\week18_sbm_two_blocks_80_strong_s0_natural.txt
week18_sbm_two_blocks_80_strong_s0,stochastic_block_model,"SBM blocks=[40, 40], p_in=0.35, p_out=0.02",408372,"block_sizes=[40, 40]; profile=strong; p_in=0.35; p_out=0.02; replicate=0",week18_additional_handcrafted_candidate,80,616,0.1949367088607595,1,5,25,15.4,1,colpack,greedy_coloring,LARGEST_FIRST,9,0.0,,True,data\raw\matrices\week18_heterogeneous_generalization\week18_sbm_two_blocks_80_strong_s0.mtx,data\processed\initial_graph_coloring_dataset\colpack_outputs_week18_additional_heterogeneous_generalization\week18_sbm_two_blocks_80_strong_s0_largest_first.txt
week18_sbm_two_blocks_80_strong_s0,stochastic_block_model,"SBM blocks=[40, 40], p_in=0.35, p_out=0.02",408372,"block_sizes=[40, 40]; profile=strong; p_in=0.35; p_out=0.02; replicate=0",week18_additional_handcrafted_candidate,80,616,0.1949367088607595,1,5,25,15.4,1,colpack,greedy_coloring,DYNAMIC_LARGEST_FIRST,9,0.0,,True,data\raw\matrices\week18_heterogeneous_generalization\week18_sbm_two_blocks_80_strong_s0.mtx,data\processed\initial_graph_coloring_dataset\colpack_outputs_week18_additional_heterogeneous_generalization\week18_sbm_two_blocks_80_strong_s0_dynamic_largest_first.txt
week18_sbm_two_blocks_80_strong_s0,stochastic_block_model,"SBM blocks=[40, 40], p_in=0.35, p_out=0.02",408372,"block_sizes=[40, 40]; profile=strong; p_in=0.35; p_out=0.02; replicate=0",week18_additional_handcrafted_candidate,80,616,0.1949367088607595,1,5,25,15.4,1,colpack,greedy_coloring,INCIDENCE_DEGREE,9,0.0,,True,data\raw\matrices\week18_heterogeneous_generalization\week18_sbm_two_blocks_80_strong_s0.mtx,data\processed\initial_graph_coloring_dataset\colpack_outputs_week18_additional_heterogeneous_generalization\week18_sbm_two_blocks_80_strong_s0_incidence_degree.txt
week18_sbm_two_blocks_80_strong_s0,stochastic_block_model,"SBM blocks=[40, 40], p_in=0.35, p_out=0.02",408372,"block_sizes=[40, 40]; profile=strong; p_in=0.35; p_out=0.02; replicate=0",week18_additional_handcrafted_candidate,80,616,0.1949367088607595,1,5,25,15.4,1,colpack,greedy_coloring,SMALLEST_LAST,8,0.0,,True,data\raw\matrices\week18_heterogeneous_generalization\week18_sbm_two_blocks_80_strong_s0.mtx,data\processed\initial_graph_coloring_dataset\colpack_outputs_week18_additional_heterogeneous_generalization\week18_sbm_two_blocks_80_strong_s0_smallest_last.txt
week18_sbm_two_blocks_80_strong_s1,stochastic_block_model,"SBM blocks=[40, 40], p_in=0.35, p_out=0.02",408373,"block_sizes=[40, 40]; profile=strong; p_in=0.35; p_out=0.02; replicate=1",week18_additional_handcrafted_candidate,80,570,0.18037974683544303,1,8,22,14.25,1,colpack,greedy_coloring,NATURAL,9,0.0,,True,data\raw\matrices\week18_heterogeneous_generalization\week18_sbm_two_blocks_80_strong_s1.mtx,data\processed\initial_graph_coloring_dataset\colpack_outputs_week18_additional_heterogeneous_generalization\week18_sbm_two_blocks_80_strong_s1_natural.txt
week18_sbm_two_blocks_80_strong_s1,stochastic_block_model,"SBM blocks=[40, 40], p_in=0.35, p_out=0.02",408373,"block_sizes=[40, 40]; profile=strong; p_in=0.35; p_out=0.02; replicate=1",week18_additional_handcrafted_candidate,80,570,0.18037974683544303,1,8,22,14.25,1,colpack,greedy_coloring,LARGEST_FIRST,8,0.0,,True,data\raw\matrices\week18_heterogeneous_generalization\week18_sbm_two_blocks_80_strong_s1.mtx,data\processed\initial_graph_coloring_dataset\colpack_outputs_week18_additional_heterogeneous_generalization\week18_sbm_two_blocks_80_strong_s1_largest_first.txt
week18_sbm_two_blocks_80_strong_s1,stochastic_block_model,"SBM blocks=[40, 40], p_in=0.35, p_out=0.02",408373,"block_sizes=[40, 40]; profile=strong; p_in=0.35; p_out=0.02; replicate=1",week18_additional_handcrafted_candidate,80,570,0.18037974683544303,1,8,22,14.25,1,colpack,greedy_coloring,DYNAMIC_LARGEST_FIRST,8,0.0,,True,data\raw\matrices\week18_heterogeneous_generalization\week18_sbm_two_blocks_80_strong_s1.mtx,data\processed\initial_graph_coloring_dataset\colpack_outputs_week18_additional_heterogeneous_generalization\week18_sbm_two_blocks_80_strong_s1_dynamic_largest_first.txt
week18_sbm_two_blocks_80_strong_s1,stochastic_block_model,"SBM blocks=[40, 40], p_in=0.35, p_out=0.02",408373,"block_sizes=[40, 40]; profile=strong; p_in=0.35; p_out=0.02; replicate=1",week18_additional_handcrafted_candidate,80,570,0.18037974683544303,1,8,22,14.25,1,colpack,greedy_coloring,INCIDENCE_DEGREE,8,0.0,,True,data\raw\matrices\week18_heterogeneous_generalization\week18_sbm_two_blocks_80_strong_s1.mtx,data\processed\initial_graph_coloring_dataset\colpack_outputs_week18_additional_heterogeneous_generalization\week18_sbm_two_blocks_80_strong_s1_incidence_degree.txt
week18_sbm_two_blocks_80_strong_s1,stochastic_block_model,"SBM blocks=[40, 40], p_in=0.35, p_out=0.02",408373,"block_sizes=[40, 40]; profile=strong; p_in=0.35; p_out=0.02; replicate=1",week18_additional_handcrafted_candidate,80,570,0.18037974683544303,1,8,22,14.25,1,colpack,greedy_coloring,SMALLEST_LAST,8,0.0,,True,data\raw\matrices\week18_heterogeneous_generalization\week18_sbm_two_blocks_80_strong_s1.mtx,data\processed\initial_graph_coloring_dataset\colpack_outputs_week18_additional_heterogeneous_generalization\week18_sbm_two_blocks_80_strong_s1_smallest_last.txt
week18_sbm_two_blocks_80_moderate_s0,stochastic_block_model,"SBM blocks=[40, 40], p_in=0.25, p_out=0.05",408275,"block_sizes=[40, 40]; profile=moderate; p_in=0.25; p_out=0.05; replicate=0",week18_additional_handcrafted_candidate,80,484,0.15316455696202533,1,4,20,12.1,1,colpack,greedy_coloring,NATURAL,8,0.0,,True,data\raw\matrices\week18_heterogeneous_generalization\week18_sbm_two_blocks_80_moderate_s0.mtx,data\processed\initial_graph_coloring_dataset\colpack_outputs_week18_additional_heterogeneous_generalization\week18_sbm_two_blocks_80_moderate_s0_natural.txt
week18_sbm_two_blocks_80_moderate_s0,stochastic_block_model,"SBM blocks=[40, 40], p_in=0.25, p_out=0.05",408275,"block_sizes=[40, 40]; profile=moderate; p_in=0.25; p_out=0.05; replicate=0",week18_additional_handcrafted_candidate,80,484,0.15316455696202533,1,4,20,12.1,1,colpack,greedy_coloring,LARGEST_FIRST,7,0.0,,True,data\raw\matrices\week18_heterogeneous_generalization\week18_sbm_two_blocks_80_moderate_s0.mtx,data\processed\initial_graph_coloring_dataset\colpack_outputs_week18_additional_heterogeneous_generalization\week18_sbm_two_blocks_80_moderate_s0_largest_first.txt
week18_sbm_two_blocks_80_moderate_s0,stochastic_block_model,"SBM blocks=[40, 40], p_in=0.25, p_out=0.05",408275,"block_sizes=[40, 40]; profile=moderate; p_in=0.25; p_out=0.05; replicate=0",week18_additional_handcrafted_candidate,80,484,0.15316455696202533,1,4,20,12.1,1,colpack,greedy_coloring,DYNAMIC_LARGEST_FIRST,7,0.0,,True,data\raw\matrices\week18_heterogeneous_generalization\week18_sbm_two_blocks_80_moderate_s0.mtx,data\processed\initial_graph_coloring_dataset\colpack_outputs_week18_additional_heterogeneous_generalization\week18_sbm_two_blocks_80_moderate_s0_dynamic_largest_first.txt
week18_sbm_two_blocks_80_moderate_s0,stochastic_block_model,"SBM blocks=[40, 40], p_in=0.25, p_out=0.05",408275,"block_sizes=[40, 40]; profile=moderate; p_in=0.25; p_out=0.05; replicate=0",week18_additional_handcrafted_candidate,80,484,0.15316455696202533,1,4,20,12.1,1,colpack,greedy_coloring,INCIDENCE_DEGREE,7,0.0,,True,data\raw\matrices\week18_heterogeneous_generalization\week18_sbm_two_blocks_80_moderate_s0.mtx,data\processed\initial_graph_coloring_dataset\colpack_outputs_week18_additional_heterogeneous_generalization\week18_sbm_two_blocks_80_moderate_s0_incidence_degree.txt
week18_sbm_two_blocks_80_moderate_s0,stochastic_block_model,"SBM blocks=[40, 40], p_in=0.25, p_out=0.05",408275,"block_sizes=[40, 40]; profile=moderate; p_in=0.25; p_out=0.05; replicate=0",week18_additional_handcrafted_candidate,80,484,0.15316455696202533,1,4,20,12.1,1,colpack,greedy_coloring,SMALLEST_LAST,7,0.0,,True,data\raw\matrices\week18_heterogeneous_generalization\week18_sbm_two_blocks_80_moderate_s0.mtx,data\processed\initial_graph_coloring_dataset\colpack_outputs_week18_additional_heterogeneous_generalization\week18_sbm_two_blocks_80_moderate_s0_smallest_last.txt
week18_sbm_two_blocks_80_moderate_s1,stochastic_block_model,"SBM blocks=[40, 40], p_in=0.25, p_out=0.05",408276,"block_sizes=[40, 40]; profile=moderate; p_in=0.25; p_out=0.05; replicate=1",week18_additional_handcrafted_candidate,80,473,0.14968354430379746,1,6,19,11.825,1,colpack,greedy_coloring,NATURAL,8,0.0,,True,data\raw\matrices\week18_heterogeneous_generalization\week18_sbm_two_blocks_80_moderate_s1.mtx,data\processed\initial_graph_coloring_dataset\colpack_outputs_week18_additional_heterogeneous_generalization\week18_sbm_two_blocks_80_moderate_s1_natural.txt
week18_sbm_two_blocks_80_moderate_s1,stochastic_block_model,"SBM blocks=[40, 40], p_in=0.25, p_out=0.05",408276,"block_sizes=[40, 40]; profile=moderate; p_in=0.25; p_out=0.05; replicate=1",week18_additional_handcrafted_candidate,80,473,0.14968354430379746,1,6,19,11.825,1,colpack,greedy_coloring,LARGEST_FIRST,8,0.0,,True,data\raw\matrices\week18_heterogeneous_generalization\week18_sbm_two_blocks_80_moderate_s1.mtx,data\processed\initial_graph_coloring_dataset\colpack_outputs_week18_additional_heterogeneous_generalization\week18_sbm_two_blocks_80_moderate_s1_largest_first.txt
week18_sbm_two_blocks_80_moderate_s1,stochastic_block_model,"SBM blocks=[40, 40], p_in=0.25, p_out=0.05",408276,"block_sizes=[40, 40]; profile=moderate; p_in=0.25; p_out=0.05; replicate=1",week18_additional_handcrafted_candidate,80,473,0.14968354430379746,1,6,19,11.825,1,colpack,greedy_coloring,DYNAMIC_LARGEST_FIRST,7,0.0,,True,data\raw\matrices\week18_heterogeneous_generalization\week18_sbm_two_blocks_80_moderate_s1.mtx,data\processed\initial_graph_coloring_dataset\colpack_outputs_week18_additional_heterogeneous_generalization\week18_sbm_two_blocks_80_moderate_s1_dynamic_largest_first.txt
week18_sbm_two_blocks_80_moderate_s1,stochastic_block_model,"SBM blocks=[40, 40], p_in=0.25, p_out=0.05",408276,"block_sizes=[40, 40]; profile=moderate; p_in=0.25; p_out=0.05; replicate=1",week18_additional_handcrafted_candidate,80,473,0.14968354430379746,1,6,19,11.825,1,colpack,greedy_coloring,INCIDENCE_DEGREE,7,0.0,,True,data\raw\matrices\week18_heterogeneous_generalization\week18_sbm_two_blocks_80_moderate_s1.mtx,data\processed\initial_graph_coloring_dataset\colpack_outputs_week18_additional_heterogeneous_generalization\week18_sbm_two_blocks_80_moderate_s1_incidence_degree.txt
week18_sbm_two_blocks_80_moderate_s1,stochastic_block_model,"SBM blocks=[40, 40], p_in=0.25, p_out=0.05",408276,"block_sizes=[40, 40]; profile=moderate; p_in=0.25; p_out=0.05; replicate=1",week18_additional_handcrafted_candidate,80,473,0.14968354430379746,1,6,19,11.825,1,colpack,greedy_coloring,SMALLEST_LAST,7,0.0,,True,data\raw\matrices\week18_heterogeneous_generalization\week18_sbm_two_blocks_80_moderate_s1.mtx,data\processed\initial_graph_coloring_dataset\colpack_outputs_week18_additional_heterogeneous_generalization\week18_sbm_two_blocks_80_moderate_s1_smallest_last.txt
week18_sbm_two_blocks_80_weak_s0,stochastic_block_model,"SBM blocks=[40, 40], p_in=0.18, p_out=0.1",408210,"block_sizes=[40, 40]; profile=weak; p_in=0.18; p_out=0.1; replicate=0",week18_additional_handcrafted_candidate,80,411,0.1300632911392405,1,5,18,10.275,1,colpack,greedy_coloring,NATURAL,7,0.0,,True,data\raw\matrices\week18_heterogeneous_generalization\week18_sbm_two_blocks_80_weak_s0.mtx,data\processed\initial_graph_coloring_dataset\colpack_outputs_week18_additional_heterogeneous_generalization\week18_sbm_two_blocks_80_weak_s0_natural.txt
week18_sbm_two_blocks_80_weak_s0,stochastic_block_model,"SBM blocks=[40, 40], p_in=0.18, p_out=0.1",408210,"block_sizes=[40, 40]; profile=weak; p_in=0.18; p_out=0.1; replicate=0",week18_additional_handcrafted_candidate,80,411,0.1300632911392405,1,5,18,10.275,1,colpack,greedy_coloring,LARGEST_FIRST,6,0.0,,True,data\raw\matrices\week18_heterogeneous_generalization\week18_sbm_two_blocks_80_weak_s0.mtx,data\processed\initial_graph_coloring_dataset\colpack_outputs_week18_additional_heterogeneous_generalization\week18_sbm_two_blocks_80_weak_s0_largest_first.txt
week18_sbm_two_blocks_80_weak_s0,stochastic_block_model,"SBM blocks=[40, 40], p_in=0.18, p_out=0.1",408210,"block_sizes=[40, 40]; profile=weak; p_in=0.18; p_out=0.1; replicate=0",week18_additional_handcrafted_candidate,80,411,0.1300632911392405,1,5,18,10.275,1,colpack,greedy_coloring,DYNAMIC_LARGEST_FIRST,6,0.0,,True,data\raw\matrices\week18_heterogeneous_generalization\week18_sbm_two_blocks_80_weak_s0.mtx,data\processed\initial_graph_coloring_dataset\colpack_outputs_week18_additional_heterogeneous_generalization\week18_sbm_two_blocks_80_weak_s0_dynamic_largest_first.txt
week18_sbm_two_blocks_80_weak_s0,stochastic_block_model,"SBM blocks=[40, 40], p_in=0.18, p_out=0.1",408210,"block_sizes=[40, 40]; profile=weak; p_in=0.18; p_out=0.1; replicate=0",week18_additional_handcrafted_candidate,80,411,0.1300632911392405,1,5,18,10.275,1,colpack,greedy_coloring,INCIDENCE_DEGREE,7,0.0,,True,data\raw\matrices\week18_heterogeneous_generalization\week18_sbm_two_blocks_80_weak_s0.mtx,data\processed\initial_graph_coloring_dataset\colpack_outputs_week18_additional_heterogeneous_generalization\week18_sbm_two_blocks_80_weak_s0_incidence_degree.txt
week18_sbm_two_blocks_80_weak_s0,stochastic_block_model,"SBM blocks=[40, 40], p_in=0.18, p_out=0.1",408210,"block_sizes=[40, 40]; profile=weak; p_in=0.18; p_out=0.1; replicate=0",week18_additional_handcrafted_candidate,80,411,0.1300632911392405,1,5,18,10.275,1,colpack,greedy_coloring,SMALLEST_LAST,6,0.0,,True,data\raw\matrices\week18_heterogeneous_generalization\week18_sbm_two_blocks_80_weak_s0.mtx,data\processed\initial_graph_coloring_dataset\colpack_outputs_week18_additional_heterogeneous_generalization\week18_sbm_two_blocks_80_weak_s0_smallest_last.txt
week18_sbm_two_blocks_80_weak_s1,stochastic_block_model,"SBM blocks=[40, 40], p_in=0.18, p_out=0.1",408211,"block_sizes=[40, 40]; profile=weak; p_in=0.18; p_out=0.1; replicate=1",week18_additional_handcrafted_candidate,80,441,0.13955696202531645,1,4,22,11.025,1,colpack,greedy_coloring,NATURAL,8,0.0,,True,data\raw\matrices\week18_heterogeneous_generalization\week18_sbm_two_blocks_80_weak_s1.mtx,data\processed\initial_graph_coloring_dataset\colpack_outputs_week18_additional_heterogeneous_generalization\week18_sbm_two_blocks_80_weak_s1_natural.txt
week18_sbm_two_blocks_80_weak_s1,stochastic_block_model,"SBM blocks=[40, 40], p_in=0.18, p_out=0.1",408211,"block_sizes=[40, 40]; profile=weak; p_in=0.18; p_out=0.1; replicate=1",week18_additional_handcrafted_candidate,80,441,0.13955696202531645,1,4,22,11.025,1,colpack,greedy_coloring,LARGEST_FIRST,7,0.0,,True,data\raw\matrices\week18_heterogeneous_generalization\week18_sbm_two_blocks_80_weak_s1.mtx,data\processed\initial_graph_coloring_dataset\colpack_outputs_week18_additional_heterogeneous_generalization\week18_sbm_two_blocks_80_weak_s1_largest_first.txt
week18_sbm_two_blocks_80_weak_s1,stochastic_block_model,"SBM blocks=[40, 40], p_in=0.18, p_out=0.1",408211,"block_sizes=[40, 40]; profile=weak; p_in=0.18; p_out=0.1; replicate=1",week18_additional_handcrafted_candidate,80,441,0.13955696202531645,1,4,22,11.025,1,colpack,greedy_coloring,DYNAMIC_LARGEST_FIRST,6,0.0,,True,data\raw\matrices\week18_heterogeneous_generalization\week18_sbm_two_blocks_80_weak_s1.mtx,data\processed\initial_graph_coloring_dataset\colpack_outputs_week18_additional_heterogeneous_generalization\week18_sbm_two_blocks_80_weak_s1_dynamic_largest_first.txt
week18_sbm_two_blocks_80_weak_s1,stochastic_block_model,"SBM blocks=[40, 40], p_in=0.18, p_out=0.1",408211,"block_sizes=[40, 40]; profile=weak; p_in=0.18; p_out=0.1; replicate=1",week18_additional_handcrafted_candidate,80,441,0.13955696202531645,1,4,22,11.025,1,colpack,greedy_coloring,INCIDENCE_DEGREE,8,0.0,,True,data\raw\matrices\week18_heterogeneous_generalization\week18_sbm_two_blocks_80_weak_s1.mtx,data\processed\initial_graph_coloring_dataset\colpack_outputs_week18_additional_heterogeneous_generalization\week18_sbm_two_blocks_80_weak_s1_incidence_degree.txt
week18_sbm_two_blocks_80_weak_s1,stochastic_block_model,"SBM blocks=[40, 40], p_in=0.18, p_out=0.1",408211,"block_sizes=[40, 40]; profile=weak; p_in=0.18; p_out=0.1; replicate=1",week18_additional_handcrafted_candidate,80,441,0.13955696202531645,1,4,22,11.025,1,colpack,greedy_coloring,SMALLEST_LAST,7,0.0,,True,data\raw\matrices\week18_heterogeneous_generalization\week18_sbm_two_blocks_80_weak_s1.mtx,data\processed\initial_graph_coloring_dataset\colpack_outputs_week18_additional_heterogeneous_generalization\week18_sbm_two_blocks_80_weak_s1_smallest_last.txt
week18_sbm_three_blocks_90_strong_s0,stochastic_block_model,"SBM blocks=[30, 30, 30], p_in=0.35, p_out=0.02",409382,"block_sizes=[30, 30, 30]; profile=strong; p_in=0.35; p_out=0.02; replicate=0",week18_additional_handcrafted_candidate,90,528,0.13183520599250936,1,6,18,11.733333333333333,1,colpack,greedy_coloring,NATURAL,9,0.0,,True,data\raw\matrices\week18_heterogeneous_generalization\week18_sbm_three_blocks_90_strong_s0.mtx,data\processed\initial_graph_coloring_dataset\colpack_outputs_week18_additional_heterogeneous_generalization\week18_sbm_three_blocks_90_strong_s0_natural.txt
week18_sbm_three_blocks_90_strong_s0,stochastic_block_model,"SBM blocks=[30, 30, 30], p_in=0.35, p_out=0.02",409382,"block_sizes=[30, 30, 30]; profile=strong; p_in=0.35; p_out=0.02; replicate=0",week18_additional_handcrafted_candidate,90,528,0.13183520599250936,1,6,18,11.733333333333333,1,colpack,greedy_coloring,LARGEST_FIRST,8,0.0,,True,data\raw\matrices\week18_heterogeneous_generalization\week18_sbm_three_blocks_90_strong_s0.mtx,data\processed\initial_graph_coloring_dataset\colpack_outputs_week18_additional_heterogeneous_generalization\week18_sbm_three_blocks_90_strong_s0_largest_first.txt
week18_sbm_three_blocks_90_strong_s0,stochastic_block_model,"SBM blocks=[30, 30, 30], p_in=0.35, p_out=0.02",409382,"block_sizes=[30, 30, 30]; profile=strong; p_in=0.35; p_out=0.02; replicate=0",week18_additional_handcrafted_candidate,90,528,0.13183520599250936,1,6,18,11.733333333333333,1,colpack,greedy_coloring,DYNAMIC_LARGEST_FIRST,7,0.0,,True,data\raw\matrices\week18_heterogeneous_generalization\week18_sbm_three_blocks_90_strong_s0.mtx,data\processed\initial_graph_coloring_dataset\colpack_outputs_week18_additional_heterogeneous_generalization\week18_sbm_three_blocks_90_strong_s0_dynamic_largest_first.txt
week18_sbm_three_blocks_90_strong_s0,stochastic_block_model,"SBM blocks=[30, 30, 30], p_in=0.35, p_out=0.02",409382,"block_sizes=[30, 30, 30]; profile=strong; p_in=0.35; p_out=0.02; replicate=0",week18_additional_handcrafted_candidate,90,528,0.13183520599250936,1,6,18,11.733333333333333,1,colpack,greedy_coloring,INCIDENCE_DEGREE,7,0.0,,True,data\raw\matrices\week18_heterogeneous_generalization\week18_sbm_three_blocks_90_strong_s0.mtx,data\processed\initial_graph_coloring_dataset\colpack_outputs_week18_additional_heterogeneous_generalization\week18_sbm_three_blocks_90_strong_s0_incidence_degree.txt
week18_sbm_three_blocks_90_strong_s0,stochastic_block_model,"SBM blocks=[30, 30, 30], p_in=0.35, p_out=0.02",409382,"block_sizes=[30, 30, 30]; profile=strong; p_in=0.35; p_out=0.02; replicate=0",week18_additional_handcrafted_candidate,90,528,0.13183520599250936,1,6,18,11.733333333333333,1,colpack,greedy_coloring,SMALLEST_LAST,7,0.0,,True,data\raw\matrices\week18_heterogeneous_generalization\week18_sbm_three_blocks_90_strong_s0.mtx,data\processed\initial_graph_coloring_dataset\colpack_outputs_week18_additional_heterogeneous_generalization\week18_sbm_three_blocks_90_strong_s0_smallest_last.txt
week18_sbm_three_blocks_90_strong_s1,stochastic_block_model,"SBM blocks=[30, 30, 30], p_in=0.35, p_out=0.02",409383,"block_sizes=[30, 30, 30]; profile=strong; p_in=0.35; p_out=0.02; replicate=1",week18_additional_handcrafted_candidate,90,478,0.11935081148564294,1,2,19,10.622222222222222,1,colpack,greedy_coloring,NATURAL,8,0.0,,True,data\raw\matrices\week18_heterogeneous_generalization\week18_sbm_three_blocks_90_strong_s1.mtx,data\processed\initial_graph_coloring_dataset\colpack_outputs_week18_additional_heterogeneous_generalization\week18_sbm_three_blocks_90_strong_s1_natural.txt
week18_sbm_three_blocks_90_strong_s1,stochastic_block_model,"SBM blocks=[30, 30, 30], p_in=0.35, p_out=0.02",409383,"block_sizes=[30, 30, 30]; profile=strong; p_in=0.35; p_out=0.02; replicate=1",week18_additional_handcrafted_candidate,90,478,0.11935081148564294,1,2,19,10.622222222222222,1,colpack,greedy_coloring,LARGEST_FIRST,7,0.0,,True,data\raw\matrices\week18_heterogeneous_generalization\week18_sbm_three_blocks_90_strong_s1.mtx,data\processed\initial_graph_coloring_dataset\colpack_outputs_week18_additional_heterogeneous_generalization\week18_sbm_three_blocks_90_strong_s1_largest_first.txt
week18_sbm_three_blocks_90_strong_s1,stochastic_block_model,"SBM blocks=[30, 30, 30], p_in=0.35, p_out=0.02",409383,"block_sizes=[30, 30, 30]; profile=strong; p_in=0.35; p_out=0.02; replicate=1",week18_additional_handcrafted_candidate,90,478,0.11935081148564294,1,2,19,10.622222222222222,1,colpack,greedy_coloring,DYNAMIC_LARGEST_FIRST,7,0.0,,True,data\raw\matrices\week18_heterogeneous_generalization\week18_sbm_three_blocks_90_strong_s1.mtx,data\processed\initial_graph_coloring_dataset\colpack_outputs_week18_additional_heterogeneous_generalization\week18_sbm_three_blocks_90_strong_s1_dynamic_largest_first.txt
week18_sbm_three_blocks_90_strong_s1,stochastic_block_model,"SBM blocks=[30, 30, 30], p_in=0.35, p_out=0.02",409383,"block_sizes=[30, 30, 30]; profile=strong; p_in=0.35; p_out=0.02; replicate=1",week18_additional_handcrafted_candidate,90,478,0.11935081148564294,1,2,19,10.622222222222222,1,colpack,greedy_coloring,INCIDENCE_DEGREE,7,0.0,,True,data\raw\matrices\week18_heterogeneous_generalization\week18_sbm_three_blocks_90_strong_s1.mtx,data\processed\initial_graph_coloring_dataset\colpack_outputs_week18_additional_heterogeneous_generalization\week18_sbm_three_blocks_90_strong_s1_incidence_degree.txt
week18_sbm_three_blocks_90_strong_s1,stochastic_block_model,"SBM blocks=[30, 30, 30], p_in=0.35, p_out=0.02",409383,"block_sizes=[30, 30, 30]; profile=strong; p_in=0.35; p_out=0.02; replicate=1",week18_additional_handcrafted_candidate,90,478,0.11935081148564294,1,2,19,10.622222222222222,1,colpack,greedy_coloring,SMALLEST_LAST,7,0.0,,True,data\raw\matrices\week18_heterogeneous_generalization\week18_sbm_three_blocks_90_strong_s1.mtx,data\processed\initial_graph_coloring_dataset\colpack_outputs_week18_additional_heterogeneous_generalization\week18_sbm_three_blocks_90_strong_s1_smallest_last.txt
week18_sbm_three_blocks_90_moderate_s0,stochastic_block_model,"SBM blocks=[30, 30, 30], p_in=0.25, p_out=0.05",409285,"block_sizes=[30, 30, 30]; profile=moderate; p_in=0.25; p_out=0.05; replicate=0",week18_additional_handcrafted_candidate,90,461,0.11510611735330836,1,4,17,10.244444444444444,1,colpack,greedy_coloring,NATURAL,7,0.0,,True,data\raw\matrices\week18_heterogeneous_generalization\week18_sbm_three_blocks_90_moderate_s0.mtx,data\processed\initial_graph_coloring_dataset\colpack_outputs_week18_additional_heterogeneous_generalization\week18_sbm_three_blocks_90_moderate_s0_natural.txt
week18_sbm_three_blocks_90_moderate_s0,stochastic_block_model,"SBM blocks=[30, 30, 30], p_in=0.25, p_out=0.05",409285,"block_sizes=[30, 30, 30]; profile=moderate; p_in=0.25; p_out=0.05; replicate=0",week18_additional_handcrafted_candidate,90,461,0.11510611735330836,1,4,17,10.244444444444444,1,colpack,greedy_coloring,LARGEST_FIRST,7,0.0,,True,data\raw\matrices\week18_heterogeneous_generalization\week18_sbm_three_blocks_90_moderate_s0.mtx,data\processed\initial_graph_coloring_dataset\colpack_outputs_week18_additional_heterogeneous_generalization\week18_sbm_three_blocks_90_moderate_s0_largest_first.txt
week18_sbm_three_blocks_90_moderate_s0,stochastic_block_model,"SBM blocks=[30, 30, 30], p_in=0.25, p_out=0.05",409285,"block_sizes=[30, 30, 30]; profile=moderate; p_in=0.25; p_out=0.05; replicate=0",week18_additional_handcrafted_candidate,90,461,0.11510611735330836,1,4,17,10.244444444444444,1,colpack,greedy_coloring,DYNAMIC_LARGEST_FIRST,6,0.0,,True,data\raw\matrices\week18_heterogeneous_generalization\week18_sbm_three_blocks_90_moderate_s0.mtx,data\processed\initial_graph_coloring_dataset\colpack_outputs_week18_additional_heterogeneous_generalization\week18_sbm_three_blocks_90_moderate_s0_dynamic_largest_first.txt
week18_sbm_three_blocks_90_moderate_s0,stochastic_block_model,"SBM blocks=[30, 30, 30], p_in=0.25, p_out=0.05",409285,"block_sizes=[30, 30, 30]; profile=moderate; p_in=0.25; p_out=0.05; replicate=0",week18_additional_handcrafted_candidate,90,461,0.11510611735330836,1,4,17,10.244444444444444,1,colpack,greedy_coloring,INCIDENCE_DEGREE,6,0.0,,True,data\raw\matrices\week18_heterogeneous_generalization\week18_sbm_three_blocks_90_moderate_s0.mtx,data\processed\initial_graph_coloring_dataset\colpack_outputs_week18_additional_heterogeneous_generalization\week18_sbm_three_blocks_90_moderate_s0_incidence_degree.txt
week18_sbm_three_blocks_90_moderate_s0,stochastic_block_model,"SBM blocks=[30, 30, 30], p_in=0.25, p_out=0.05",409285,"block_sizes=[30, 30, 30]; profile=moderate; p_in=0.25; p_out=0.05; replicate=0",week18_additional_handcrafted_candidate,90,461,0.11510611735330836,1,4,17,10.244444444444444,1,colpack,greedy_coloring,SMALLEST_LAST,6,0.0,,True,data\raw\matrices\week18_heterogeneous_generalization\week18_sbm_three_blocks_90_moderate_s0.mtx,data\processed\initial_graph_coloring_dataset\colpack_outputs_week18_additional_heterogeneous_generalization\week18_sbm_three_blocks_90_moderate_s0_smallest_last.txt
week18_sbm_three_blocks_90_moderate_s1,stochastic_block_model,"SBM blocks=[30, 30, 30], p_in=0.25, p_out=0.05",409286,"block_sizes=[30, 30, 30]; profile=moderate; p_in=0.25; p_out=0.05; replicate=1",week18_additional_handcrafted_candidate,90,468,0.11685393258426967,1,3,20,10.4,1,colpack,greedy_coloring,NATURAL,8,0.0,,True,data\raw\matrices\week18_heterogeneous_generalization\week18_sbm_three_blocks_90_moderate_s1.mtx,data\processed\initial_graph_coloring_dataset\colpack_outputs_week18_additional_heterogeneous_generalization\week18_sbm_three_blocks_90_moderate_s1_natural.txt
week18_sbm_three_blocks_90_moderate_s1,stochastic_block_model,"SBM blocks=[30, 30, 30], p_in=0.25, p_out=0.05",409286,"block_sizes=[30, 30, 30]; profile=moderate; p_in=0.25; p_out=0.05; replicate=1",week18_additional_handcrafted_candidate,90,468,0.11685393258426967,1,3,20,10.4,1,colpack,greedy_coloring,LARGEST_FIRST,6,0.0,,True,data\raw\matrices\week18_heterogeneous_generalization\week18_sbm_three_blocks_90_moderate_s1.mtx,data\processed\initial_graph_coloring_dataset\colpack_outputs_week18_additional_heterogeneous_generalization\week18_sbm_three_blocks_90_moderate_s1_largest_first.txt
week18_sbm_three_blocks_90_moderate_s1,stochastic_block_model,"SBM blocks=[30, 30, 30], p_in=0.25, p_out=0.05",409286,"block_sizes=[30, 30, 30]; profile=moderate; p_in=0.25; p_out=0.05; replicate=1",week18_additional_handcrafted_candidate,90,468,0.11685393258426967,1,3,20,10.4,1,colpack,greedy_coloring,DYNAMIC_LARGEST_FIRST,7,0.0,,True,data\raw\matrices\week18_heterogeneous_generalization\week18_sbm_three_blocks_90_moderate_s1.mtx,data\processed\initial_graph_coloring_dataset\colpack_outputs_week18_additional_heterogeneous_generalization\week18_sbm_three_blocks_90_moderate_s1_dynamic_largest_first.txt
week18_sbm_three_blocks_90_moderate_s1,stochastic_block_model,"SBM blocks=[30, 30, 30], p_in=0.25, p_out=0.05",409286,"block_sizes=[30, 30, 30]; profile=moderate; p_in=0.25; p_out=0.05; replicate=1",week18_additional_handcrafted_candidate,90,468,0.11685393258426967,1,3,20,10.4,1,colpack,greedy_coloring,INCIDENCE_DEGREE,6,0.0,,True,data\raw\matrices\week18_heterogeneous_generalization\week18_sbm_three_blocks_90_moderate_s1.mtx,data\processed\initial_graph_coloring_dataset\colpack_outputs_week18_additional_heterogeneous_generalization\week18_sbm_three_blocks_90_moderate_s1_incidence_degree.txt
week18_sbm_three_blocks_90_moderate_s1,stochastic_block_model,"SBM blocks=[30, 30, 30], p_in=0.25, p_out=0.05",409286,"block_sizes=[30, 30, 30]; profile=moderate; p_in=0.25; p_out=0.05; replicate=1",week18_additional_handcrafted_candidate,90,468,0.11685393258426967,1,3,20,10.4,1,colpack,greedy_coloring,SMALLEST_LAST,6,0.0,,True,data\raw\matrices\week18_heterogeneous_generalization\week18_sbm_three_blocks_90_moderate_s1.mtx,data\processed\initial_graph_coloring_dataset\colpack_outputs_week18_additional_heterogeneous_generalization\week18_sbm_three_blocks_90_moderate_s1_smallest_last.txt
week18_sbm_three_blocks_90_weak_s0,stochastic_block_model,"SBM blocks=[30, 30, 30], p_in=0.18, p_out=0.1",409220,"block_sizes=[30, 30, 30]; profile=weak; p_in=0.18; p_out=0.1; replicate=0",week18_additional_handcrafted_candidate,90,503,0.12559300873907617,1,5,19,11.177777777777777,1,colpack,greedy_coloring,NATURAL,8,0.0,,True,data\raw\matrices\week18_heterogeneous_generalization\week18_sbm_three_blocks_90_weak_s0.mtx,data\processed\initial_graph_coloring_dataset\colpack_outputs_week18_additional_heterogeneous_generalization\week18_sbm_three_blocks_90_weak_s0_natural.txt
week18_sbm_three_blocks_90_weak_s0,stochastic_block_model,"SBM blocks=[30, 30, 30], p_in=0.18, p_out=0.1",409220,"block_sizes=[30, 30, 30]; profile=weak; p_in=0.18; p_out=0.1; replicate=0",week18_additional_handcrafted_candidate,90,503,0.12559300873907617,1,5,19,11.177777777777777,1,colpack,greedy_coloring,LARGEST_FIRST,7,0.0,,True,data\raw\matrices\week18_heterogeneous_generalization\week18_sbm_three_blocks_90_weak_s0.mtx,data\processed\initial_graph_coloring_dataset\colpack_outputs_week18_additional_heterogeneous_generalization\week18_sbm_three_blocks_90_weak_s0_largest_first.txt
week18_sbm_three_blocks_90_weak_s0,stochastic_block_model,"SBM blocks=[30, 30, 30], p_in=0.18, p_out=0.1",409220,"block_sizes=[30, 30, 30]; profile=weak; p_in=0.18; p_out=0.1; replicate=0",week18_additional_handcrafted_candidate,90,503,0.12559300873907617,1,5,19,11.177777777777777,1,colpack,greedy_coloring,DYNAMIC_LARGEST_FIRST,6,0.0,,True,data\raw\matrices\week18_heterogeneous_generalization\week18_sbm_three_blocks_90_weak_s0.mtx,data\processed\initial_graph_coloring_dataset\colpack_outputs_week18_additional_heterogeneous_generalization\week18_sbm_three_blocks_90_weak_s0_dynamic_largest_first.txt
week18_sbm_three_blocks_90_weak_s0,stochastic_block_model,"SBM blocks=[30, 30, 30], p_in=0.18, p_out=0.1",409220,"block_sizes=[30, 30, 30]; profile=weak; p_in=0.18; p_out=0.1; replicate=0",week18_additional_handcrafted_candidate,90,503,0.12559300873907617,1,5,19,11.177777777777777,1,colpack,greedy_coloring,INCIDENCE_DEGREE,7,0.0,,True,data\raw\matrices\week18_heterogeneous_generalization\week18_sbm_three_blocks_90_weak_s0.mtx,data\processed\initial_graph_coloring_dataset\colpack_outputs_week18_additional_heterogeneous_generalization\week18_sbm_three_blocks_90_weak_s0_incidence_degree.txt
week18_sbm_three_blocks_90_weak_s0,stochastic_block_model,"SBM blocks=[30, 30, 30], p_in=0.18, p_out=0.1",409220,"block_sizes=[30, 30, 30]; profile=weak; p_in=0.18; p_out=0.1; replicate=0",week18_additional_handcrafted_candidate,90,503,0.12559300873907617,1,5,19,11.177777777777777,1,colpack,greedy_coloring,SMALLEST_LAST,7,0.0,,True,data\raw\matrices\week18_heterogeneous_generalization\week18_sbm_three_blocks_90_weak_s0.mtx,data\processed\initial_graph_coloring_dataset\colpack_outputs_week18_additional_heterogeneous_generalization\week18_sbm_three_blocks_90_weak_s0_smallest_last.txt
week18_sbm_three_blocks_90_weak_s1,stochastic_block_model,"SBM blocks=[30, 30, 30], p_in=0.18, p_out=0.1",409221,"block_sizes=[30, 30, 30]; profile=weak; p_in=0.18; p_out=0.1; replicate=1",week18_additional_handcrafted_candidate,90,487,0.1215980024968789,1,4,19,10.822222222222223,1,colpack,greedy_coloring,NATURAL,8,0.0,,True,data\raw\matrices\week18_heterogeneous_generalization\week18_sbm_three_blocks_90_weak_s1.mtx,data\processed\initial_graph_coloring_dataset\colpack_outputs_week18_additional_heterogeneous_generalization\week18_sbm_three_blocks_90_weak_s1_natural.txt
week18_sbm_three_blocks_90_weak_s1,stochastic_block_model,"SBM blocks=[30, 30, 30], p_in=0.18, p_out=0.1",409221,"block_sizes=[30, 30, 30]; profile=weak; p_in=0.18; p_out=0.1; replicate=1",week18_additional_handcrafted_candidate,90,487,0.1215980024968789,1,4,19,10.822222222222223,1,colpack,greedy_coloring,LARGEST_FIRST,7,0.0,,True,data\raw\matrices\week18_heterogeneous_generalization\week18_sbm_three_blocks_90_weak_s1.mtx,data\processed\initial_graph_coloring_dataset\colpack_outputs_week18_additional_heterogeneous_generalization\week18_sbm_three_blocks_90_weak_s1_largest_first.txt
week18_sbm_three_blocks_90_weak_s1,stochastic_block_model,"SBM blocks=[30, 30, 30], p_in=0.18, p_out=0.1",409221,"block_sizes=[30, 30, 30]; profile=weak; p_in=0.18; p_out=0.1; replicate=1",week18_additional_handcrafted_candidate,90,487,0.1215980024968789,1,4,19,10.822222222222223,1,colpack,greedy_coloring,DYNAMIC_LARGEST_FIRST,7,0.0,,True,data\raw\matrices\week18_heterogeneous_generalization\week18_sbm_three_blocks_90_weak_s1.mtx,data\processed\initial_graph_coloring_dataset\colpack_outputs_week18_additional_heterogeneous_generalization\week18_sbm_three_blocks_90_weak_s1_dynamic_largest_first.txt
week18_sbm_three_blocks_90_weak_s1,stochastic_block_model,"SBM blocks=[30, 30, 30], p_in=0.18, p_out=0.1",409221,"block_sizes=[30, 30, 30]; profile=weak; p_in=0.18; p_out=0.1; replicate=1",week18_additional_handcrafted_candidate,90,487,0.1215980024968789,1,4,19,10.822222222222223,1,colpack,greedy_coloring,INCIDENCE_DEGREE,6,0.0,,True,data\raw\matrices\week18_heterogeneous_generalization\week18_sbm_three_blocks_90_weak_s1.mtx,data\processed\initial_graph_coloring_dataset\colpack_outputs_week18_additional_heterogeneous_generalization\week18_sbm_three_blocks_90_weak_s1_incidence_degree.txt
week18_sbm_three_blocks_90_weak_s1,stochastic_block_model,"SBM blocks=[30, 30, 30], p_in=0.18, p_out=0.1",409221,"block_sizes=[30, 30, 30]; profile=weak; p_in=0.18; p_out=0.1; replicate=1",week18_additional_handcrafted_candidate,90,487,0.1215980024968789,1,4,19,10.822222222222223,1,colpack,greedy_coloring,SMALLEST_LAST,6,0.0,,True,data\raw\matrices\week18_heterogeneous_generalization\week18_sbm_three_blocks_90_weak_s1.mtx,data\processed\initial_graph_coloring_dataset\colpack_outputs_week18_additional_heterogeneous_generalization\week18_sbm_three_blocks_90_weak_s1_smallest_last.txt
week18_sbm_three_blocks_120_strong_s0,stochastic_block_model,"SBM blocks=[40, 40, 40], p_in=0.35, p_out=0.02",412382,"block_sizes=[40, 40, 40]; profile=strong; p_in=0.35; p_out=0.02; replicate=0",week18_additional_handcrafted_candidate,120,896,0.12549019607843137,1,7,22,14.933333333333334,1,colpack,greedy_coloring,NATURAL,10,0.0,,True,data\raw\matrices\week18_heterogeneous_generalization\week18_sbm_three_blocks_120_strong_s0.mtx,data\processed\initial_graph_coloring_dataset\colpack_outputs_week18_additional_heterogeneous_generalization\week18_sbm_three_blocks_120_strong_s0_natural.txt
week18_sbm_three_blocks_120_strong_s0,stochastic_block_model,"SBM blocks=[40, 40, 40], p_in=0.35, p_out=0.02",412382,"block_sizes=[40, 40, 40]; profile=strong; p_in=0.35; p_out=0.02; replicate=0",week18_additional_handcrafted_candidate,120,896,0.12549019607843137,1,7,22,14.933333333333334,1,colpack,greedy_coloring,LARGEST_FIRST,9,0.0,,True,data\raw\matrices\week18_heterogeneous_generalization\week18_sbm_three_blocks_120_strong_s0.mtx,data\processed\initial_graph_coloring_dataset\colpack_outputs_week18_additional_heterogeneous_generalization\week18_sbm_three_blocks_120_strong_s0_largest_first.txt
week18_sbm_three_blocks_120_strong_s0,stochastic_block_model,"SBM blocks=[40, 40, 40], p_in=0.35, p_out=0.02",412382,"block_sizes=[40, 40, 40]; profile=strong; p_in=0.35; p_out=0.02; replicate=0",week18_additional_handcrafted_candidate,120,896,0.12549019607843137,1,7,22,14.933333333333334,1,colpack,greedy_coloring,DYNAMIC_LARGEST_FIRST,8,0.0,,True,data\raw\matrices\week18_heterogeneous_generalization\week18_sbm_three_blocks_120_strong_s0.mtx,data\processed\initial_graph_coloring_dataset\colpack_outputs_week18_additional_heterogeneous_generalization\week18_sbm_three_blocks_120_strong_s0_dynamic_largest_first.txt
week18_sbm_three_blocks_120_strong_s0,stochastic_block_model,"SBM blocks=[40, 40, 40], p_in=0.35, p_out=0.02",412382,"block_sizes=[40, 40, 40]; profile=strong; p_in=0.35; p_out=0.02; replicate=0",week18_additional_handcrafted_candidate,120,896,0.12549019607843137,1,7,22,14.933333333333334,1,colpack,greedy_coloring,INCIDENCE_DEGREE,8,0.001,,True,data\raw\matrices\week18_heterogeneous_generalization\week18_sbm_three_blocks_120_strong_s0.mtx,data\processed\initial_graph_coloring_dataset\colpack_outputs_week18_additional_heterogeneous_generalization\week18_sbm_three_blocks_120_strong_s0_incidence_degree.txt
week18_sbm_three_blocks_120_strong_s0,stochastic_block_model,"SBM blocks=[40, 40, 40], p_in=0.35, p_out=0.02",412382,"block_sizes=[40, 40, 40]; profile=strong; p_in=0.35; p_out=0.02; replicate=0",week18_additional_handcrafted_candidate,120,896,0.12549019607843137,1,7,22,14.933333333333334,1,colpack,greedy_coloring,SMALLEST_LAST,8,0.0,,True,data\raw\matrices\week18_heterogeneous_generalization\week18_sbm_three_blocks_120_strong_s0.mtx,data\processed\initial_graph_coloring_dataset\colpack_outputs_week18_additional_heterogeneous_generalization\week18_sbm_three_blocks_120_strong_s0_smallest_last.txt
week18_sbm_three_blocks_120_strong_s1,stochastic_block_model,"SBM blocks=[40, 40, 40], p_in=0.35, p_out=0.02",412383,"block_sizes=[40, 40, 40]; profile=strong; p_in=0.35; p_out=0.02; replicate=1",week18_additional_handcrafted_candidate,120,908,0.12717086834733893,1,7,25,15.133333333333333,1,colpack,greedy_coloring,NATURAL,10,0.0,,True,data\raw\matrices\week18_heterogeneous_generalization\week18_sbm_three_blocks_120_strong_s1.mtx,data\processed\initial_graph_coloring_dataset\colpack_outputs_week18_additional_heterogeneous_generalization\week18_sbm_three_blocks_120_strong_s1_natural.txt
week18_sbm_three_blocks_120_strong_s1,stochastic_block_model,"SBM blocks=[40, 40, 40], p_in=0.35, p_out=0.02",412383,"block_sizes=[40, 40, 40]; profile=strong; p_in=0.35; p_out=0.02; replicate=1",week18_additional_handcrafted_candidate,120,908,0.12717086834733893,1,7,25,15.133333333333333,1,colpack,greedy_coloring,LARGEST_FIRST,9,0.0,,True,data\raw\matrices\week18_heterogeneous_generalization\week18_sbm_three_blocks_120_strong_s1.mtx,data\processed\initial_graph_coloring_dataset\colpack_outputs_week18_additional_heterogeneous_generalization\week18_sbm_three_blocks_120_strong_s1_largest_first.txt
week18_sbm_three_blocks_120_strong_s1,stochastic_block_model,"SBM blocks=[40, 40, 40], p_in=0.35, p_out=0.02",412383,"block_sizes=[40, 40, 40]; profile=strong; p_in=0.35; p_out=0.02; replicate=1",week18_additional_handcrafted_candidate,120,908,0.12717086834733893,1,7,25,15.133333333333333,1,colpack,greedy_coloring,DYNAMIC_LARGEST_FIRST,8,0.0,,True,data\raw\matrices\week18_heterogeneous_generalization\week18_sbm_three_blocks_120_strong_s1.mtx,data\processed\initial_graph_coloring_dataset\colpack_outputs_week18_additional_heterogeneous_generalization\week18_sbm_three_blocks_120_strong_s1_dynamic_largest_first.txt
week18_sbm_three_blocks_120_strong_s1,stochastic_block_model,"SBM blocks=[40, 40, 40], p_in=0.35, p_out=0.02",412383,"block_sizes=[40, 40, 40]; profile=strong; p_in=0.35; p_out=0.02; replicate=1",week18_additional_handcrafted_candidate,120,908,0.12717086834733893,1,7,25,15.133333333333333,1,colpack,greedy_coloring,INCIDENCE_DEGREE,8,0.0,,True,data\raw\matrices\week18_heterogeneous_generalization\week18_sbm_three_blocks_120_strong_s1.mtx,data\processed\initial_graph_coloring_dataset\colpack_outputs_week18_additional_heterogeneous_generalization\week18_sbm_three_blocks_120_strong_s1_incidence_degree.txt
week18_sbm_three_blocks_120_strong_s1,stochastic_block_model,"SBM blocks=[40, 40, 40], p_in=0.35, p_out=0.02",412383,"block_sizes=[40, 40, 40]; profile=strong; p_in=0.35; p_out=0.02; replicate=1",week18_additional_handcrafted_candidate,120,908,0.12717086834733893,1,7,25,15.133333333333333,1,colpack,greedy_coloring,SMALLEST_LAST,9,0.0,,True,data\raw\matrices\week18_heterogeneous_generalization\week18_sbm_three_blocks_120_strong_s1.mtx,data\processed\initial_graph_coloring_dataset\colpack_outputs_week18_additional_heterogeneous_generalization\week18_sbm_three_blocks_120_strong_s1_smallest_last.txt
week18_sbm_three_blocks_120_moderate_s0,stochastic_block_model,"SBM blocks=[40, 40, 40], p_in=0.25, p_out=0.05",412285,"block_sizes=[40, 40, 40]; profile=moderate; p_in=0.25; p_out=0.05; replicate=0",week18_additional_handcrafted_candidate,120,814,0.11400560224089636,1,6,25,13.566666666666666,1,colpack,greedy_coloring,NATURAL,8,0.0,,True,data\raw\matrices\week18_heterogeneous_generalization\week18_sbm_three_blocks_120_moderate_s0.mtx,data\processed\initial_graph_coloring_dataset\colpack_outputs_week18_additional_heterogeneous_generalization\week18_sbm_three_blocks_120_moderate_s0_natural.txt
week18_sbm_three_blocks_120_moderate_s0,stochastic_block_model,"SBM blocks=[40, 40, 40], p_in=0.25, p_out=0.05",412285,"block_sizes=[40, 40, 40]; profile=moderate; p_in=0.25; p_out=0.05; replicate=0",week18_additional_handcrafted_candidate,120,814,0.11400560224089636,1,6,25,13.566666666666666,1,colpack,greedy_coloring,LARGEST_FIRST,8,0.0,,True,data\raw\matrices\week18_heterogeneous_generalization\week18_sbm_three_blocks_120_moderate_s0.mtx,data\processed\initial_graph_coloring_dataset\colpack_outputs_week18_additional_heterogeneous_generalization\week18_sbm_three_blocks_120_moderate_s0_largest_first.txt
week18_sbm_three_blocks_120_moderate_s0,stochastic_block_model,"SBM blocks=[40, 40, 40], p_in=0.25, p_out=0.05",412285,"block_sizes=[40, 40, 40]; profile=moderate; p_in=0.25; p_out=0.05; replicate=0",week18_additional_handcrafted_candidate,120,814,0.11400560224089636,1,6,25,13.566666666666666,1,colpack,greedy_coloring,DYNAMIC_LARGEST_FIRST,8,0.0,,True,data\raw\matrices\week18_heterogeneous_generalization\week18_sbm_three_blocks_120_moderate_s0.mtx,data\processed\initial_graph_coloring_dataset\colpack_outputs_week18_additional_heterogeneous_generalization\week18_sbm_three_blocks_120_moderate_s0_dynamic_largest_first.txt
week18_sbm_three_blocks_120_moderate_s0,stochastic_block_model,"SBM blocks=[40, 40, 40], p_in=0.25, p_out=0.05",412285,"block_sizes=[40, 40, 40]; profile=moderate; p_in=0.25; p_out=0.05; replicate=0",week18_additional_handcrafted_candidate,120,814,0.11400560224089636,1,6,25,13.566666666666666,1,colpack,greedy_coloring,INCIDENCE_DEGREE,8,0.0,,True,data\raw\matrices\week18_heterogeneous_generalization\week18_sbm_three_blocks_120_moderate_s0.mtx,data\processed\initial_graph_coloring_dataset\colpack_outputs_week18_additional_heterogeneous_generalization\week18_sbm_three_blocks_120_moderate_s0_incidence_degree.txt
week18_sbm_three_blocks_120_moderate_s0,stochastic_block_model,"SBM blocks=[40, 40, 40], p_in=0.25, p_out=0.05",412285,"block_sizes=[40, 40, 40]; profile=moderate; p_in=0.25; p_out=0.05; replicate=0",week18_additional_handcrafted_candidate,120,814,0.11400560224089636,1,6,25,13.566666666666666,1,colpack,greedy_coloring,SMALLEST_LAST,8,0.0,,True,data\raw\matrices\week18_heterogeneous_generalization\week18_sbm_three_blocks_120_moderate_s0.mtx,data\processed\initial_graph_coloring_dataset\colpack_outputs_week18_additional_heterogeneous_generalization\week18_sbm_three_blocks_120_moderate_s0_smallest_last.txt
week18_sbm_three_blocks_120_moderate_s1,stochastic_block_model,"SBM blocks=[40, 40, 40], p_in=0.25, p_out=0.05",412286,"block_sizes=[40, 40, 40]; profile=moderate; p_in=0.25; p_out=0.05; replicate=1",week18_additional_handcrafted_candidate,120,801,0.11218487394957984,1,6,22,13.35,1,colpack,greedy_coloring,NATURAL,9,0.0,,True,data\raw\matrices\week18_heterogeneous_generalization\week18_sbm_three_blocks_120_moderate_s1.mtx,data\processed\initial_graph_coloring_dataset\colpack_outputs_week18_additional_heterogeneous_generalization\week18_sbm_three_blocks_120_moderate_s1_natural.txt
week18_sbm_three_blocks_120_moderate_s1,stochastic_block_model,"SBM blocks=[40, 40, 40], p_in=0.25, p_out=0.05",412286,"block_sizes=[40, 40, 40]; profile=moderate; p_in=0.25; p_out=0.05; replicate=1",week18_additional_handcrafted_candidate,120,801,0.11218487394957984,1,6,22,13.35,1,colpack,greedy_coloring,LARGEST_FIRST,8,0.001,,True,data\raw\matrices\week18_heterogeneous_generalization\week18_sbm_three_blocks_120_moderate_s1.mtx,data\processed\initial_graph_coloring_dataset\colpack_outputs_week18_additional_heterogeneous_generalization\week18_sbm_three_blocks_120_moderate_s1_largest_first.txt
week18_sbm_three_blocks_120_moderate_s1,stochastic_block_model,"SBM blocks=[40, 40, 40], p_in=0.25, p_out=0.05",412286,"block_sizes=[40, 40, 40]; profile=moderate; p_in=0.25; p_out=0.05; replicate=1",week18_additional_handcrafted_candidate,120,801,0.11218487394957984,1,6,22,13.35,1,colpack,greedy_coloring,DYNAMIC_LARGEST_FIRST,8,0.0,,True,data\raw\matrices\week18_heterogeneous_generalization\week18_sbm_three_blocks_120_moderate_s1.mtx,data\processed\initial_graph_coloring_dataset\colpack_outputs_week18_additional_heterogeneous_generalization\week18_sbm_three_blocks_120_moderate_s1_dynamic_largest_first.txt
week18_sbm_three_blocks_120_moderate_s1,stochastic_block_model,"SBM blocks=[40, 40, 40], p_in=0.25, p_out=0.05",412286,"block_sizes=[40, 40, 40]; profile=moderate; p_in=0.25; p_out=0.05; replicate=1",week18_additional_handcrafted_candidate,120,801,0.11218487394957984,1,6,22,13.35,1,colpack,greedy_coloring,INCIDENCE_DEGREE,8,0.0,,True,data\raw\matrices\week18_heterogeneous_generalization\week18_sbm_three_blocks_120_moderate_s1.mtx,data\processed\initial_graph_coloring_dataset\colpack_outputs_week18_additional_heterogeneous_generalization\week18_sbm_three_blocks_120_moderate_s1_incidence_degree.txt
week18_sbm_three_blocks_120_moderate_s1,stochastic_block_model,"SBM blocks=[40, 40, 40], p_in=0.25, p_out=0.05",412286,"block_sizes=[40, 40, 40]; profile=moderate; p_in=0.25; p_out=0.05; replicate=1",week18_additional_handcrafted_candidate,120,801,0.11218487394957984,1,6,22,13.35,1,colpack,greedy_coloring,SMALLEST_LAST,8,0.0,,True,data\raw\matrices\week18_heterogeneous_generalization\week18_sbm_three_blocks_120_moderate_s1.mtx,data\processed\initial_graph_coloring_dataset\colpack_outputs_week18_additional_heterogeneous_generalization\week18_sbm_three_blocks_120_moderate_s1_smallest_last.txt
week18_sbm_three_blocks_120_weak_s0,stochastic_block_model,"SBM blocks=[40, 40, 40], p_in=0.18, p_out=0.1",412220,"block_sizes=[40, 40, 40]; profile=weak; p_in=0.18; p_out=0.1; replicate=0",week18_additional_handcrafted_candidate,120,853,0.11946778711484594,1,6,25,14.216666666666667,1,colpack,greedy_coloring,NATURAL,9,0.0,,True,data\raw\matrices\week18_heterogeneous_generalization\week18_sbm_three_blocks_120_weak_s0.mtx,data\processed\initial_graph_coloring_dataset\colpack_outputs_week18_additional_heterogeneous_generalization\week18_sbm_three_blocks_120_weak_s0_natural.txt
week18_sbm_three_blocks_120_weak_s0,stochastic_block_model,"SBM blocks=[40, 40, 40], p_in=0.18, p_out=0.1",412220,"block_sizes=[40, 40, 40]; profile=weak; p_in=0.18; p_out=0.1; replicate=0",week18_additional_handcrafted_candidate,120,853,0.11946778711484594,1,6,25,14.216666666666667,1,colpack,greedy_coloring,LARGEST_FIRST,8,0.001,,True,data\raw\matrices\week18_heterogeneous_generalization\week18_sbm_three_blocks_120_weak_s0.mtx,data\processed\initial_graph_coloring_dataset\colpack_outputs_week18_additional_heterogeneous_generalization\week18_sbm_three_blocks_120_weak_s0_largest_first.txt
week18_sbm_three_blocks_120_weak_s0,stochastic_block_model,"SBM blocks=[40, 40, 40], p_in=0.18, p_out=0.1",412220,"block_sizes=[40, 40, 40]; profile=weak; p_in=0.18; p_out=0.1; replicate=0",week18_additional_handcrafted_candidate,120,853,0.11946778711484594,1,6,25,14.216666666666667,1,colpack,greedy_coloring,DYNAMIC_LARGEST_FIRST,8,0.0,,True,data\raw\matrices\week18_heterogeneous_generalization\week18_sbm_three_blocks_120_weak_s0.mtx,data\processed\initial_graph_coloring_dataset\colpack_outputs_week18_additional_heterogeneous_generalization\week18_sbm_three_blocks_120_weak_s0_dynamic_largest_first.txt
week18_sbm_three_blocks_120_weak_s0,stochastic_block_model,"SBM blocks=[40, 40, 40], p_in=0.18, p_out=0.1",412220,"block_sizes=[40, 40, 40]; profile=weak; p_in=0.18; p_out=0.1; replicate=0",week18_additional_handcrafted_candidate,120,853,0.11946778711484594,1,6,25,14.216666666666667,1,colpack,greedy_coloring,INCIDENCE_DEGREE,7,0.0,,True,data\raw\matrices\week18_heterogeneous_generalization\week18_sbm_three_blocks_120_weak_s0.mtx,data\processed\initial_graph_coloring_dataset\colpack_outputs_week18_additional_heterogeneous_generalization\week18_sbm_three_blocks_120_weak_s0_incidence_degree.txt
week18_sbm_three_blocks_120_weak_s0,stochastic_block_model,"SBM blocks=[40, 40, 40], p_in=0.18, p_out=0.1",412220,"block_sizes=[40, 40, 40]; profile=weak; p_in=0.18; p_out=0.1; replicate=0",week18_additional_handcrafted_candidate,120,853,0.11946778711484594,1,6,25,14.216666666666667,1,colpack,greedy_coloring,SMALLEST_LAST,8,0.0,,True,data\raw\matrices\week18_heterogeneous_generalization\week18_sbm_three_blocks_120_weak_s0.mtx,data\processed\initial_graph_coloring_dataset\colpack_outputs_week18_additional_heterogeneous_generalization\week18_sbm_three_blocks_120_weak_s0_smallest_last.txt
week18_sbm_three_blocks_120_weak_s1,stochastic_block_model,"SBM blocks=[40, 40, 40], p_in=0.18, p_out=0.1",412221,"block_sizes=[40, 40, 40]; profile=weak; p_in=0.18; p_out=0.1; replicate=1",week18_additional_handcrafted_candidate,120,864,0.12100840336134454,1,5,23,14.4,1,colpack,greedy_coloring,NATURAL,10,0.0,,True,data\raw\matrices\week18_heterogeneous_generalization\week18_sbm_three_blocks_120_weak_s1.mtx,data\processed\initial_graph_coloring_dataset\colpack_outputs_week18_additional_heterogeneous_generalization\week18_sbm_three_blocks_120_weak_s1_natural.txt
week18_sbm_three_blocks_120_weak_s1,stochastic_block_model,"SBM blocks=[40, 40, 40], p_in=0.18, p_out=0.1",412221,"block_sizes=[40, 40, 40]; profile=weak; p_in=0.18; p_out=0.1; replicate=1",week18_additional_handcrafted_candidate,120,864,0.12100840336134454,1,5,23,14.4,1,colpack,greedy_coloring,LARGEST_FIRST,8,0.0,,True,data\raw\matrices\week18_heterogeneous_generalization\week18_sbm_three_blocks_120_weak_s1.mtx,data\processed\initial_graph_coloring_dataset\colpack_outputs_week18_additional_heterogeneous_generalization\week18_sbm_three_blocks_120_weak_s1_largest_first.txt
week18_sbm_three_blocks_120_weak_s1,stochastic_block_model,"SBM blocks=[40, 40, 40], p_in=0.18, p_out=0.1",412221,"block_sizes=[40, 40, 40]; profile=weak; p_in=0.18; p_out=0.1; replicate=1",week18_additional_handcrafted_candidate,120,864,0.12100840336134454,1,5,23,14.4,1,colpack,greedy_coloring,DYNAMIC_LARGEST_FIRST,7,0.0,,True,data\raw\matrices\week18_heterogeneous_generalization\week18_sbm_three_blocks_120_weak_s1.mtx,data\processed\initial_graph_coloring_dataset\colpack_outputs_week18_additional_heterogeneous_generalization\week18_sbm_three_blocks_120_weak_s1_dynamic_largest_first.txt
week18_sbm_three_blocks_120_weak_s1,stochastic_block_model,"SBM blocks=[40, 40, 40], p_in=0.18, p_out=0.1",412221,"block_sizes=[40, 40, 40]; profile=weak; p_in=0.18; p_out=0.1; replicate=1",week18_additional_handcrafted_candidate,120,864,0.12100840336134454,1,5,23,14.4,1,colpack,greedy_coloring,INCIDENCE_DEGREE,7,0.0,,True,data\raw\matrices\week18_heterogeneous_generalization\week18_sbm_three_blocks_120_weak_s1.mtx,data\processed\initial_graph_coloring_dataset\colpack_outputs_week18_additional_heterogeneous_generalization\week18_sbm_three_blocks_120_weak_s1_incidence_degree.txt
week18_sbm_three_blocks_120_weak_s1,stochastic_block_model,"SBM blocks=[40, 40, 40], p_in=0.18, p_out=0.1",412221,"block_sizes=[40, 40, 40]; profile=weak; p_in=0.18; p_out=0.1; replicate=1",week18_additional_handcrafted_candidate,120,864,0.12100840336134454,1,5,23,14.4,1,colpack,greedy_coloring,SMALLEST_LAST,8,0.0,,True,data\raw\matrices\week18_heterogeneous_generalization\week18_sbm_three_blocks_120_weak_s1.mtx,data\processed\initial_graph_coloring_dataset\colpack_outputs_week18_additional_heterogeneous_generalization\week18_sbm_three_blocks_120_weak_s1_smallest_last.txt
